x,y
5.711550453906233e-05,3.6016404607265886
-0.0004245979772119,3.0065414997843224e-08
-0.0004245979772119,3.0065414997843224e-08
-0.0004245979772119,3.0065414997843224e-08
-0.0004245979772119,3.0065414997843224e-08
-0.0004245979772119,3.0065414997843224e-08
-0.0004245979772119,3.0065414997843224e-08
-0.00042459797721189986,3.0065415691762565e-08
-0.0004245979772119,3.0065414997843224e-08
-0.0004245979772119,3.0065414997843224e-08
-0.0004245979772119,3.0065414997843224e-08
-0.0004245979772119,3.0065414997843224e-08
-0.0004245979772119,3.0065414997843224e-08
2.7200829977460495e+23,-3.6380665103942963e+19
-0.0004245979772119,3.0065414997843224e-08
-0.0004245979772119,3.0065414997843224e-08
-0.0004245979772119,3.0065414997843224e-08
-0.0004245979772119,3.0065414997843224e-08
-0.0004245979772119,3.0065414997843224e-08
-0.0004245979772119,3.0065414997843224e-08
-0.00042459797721189986,3.006541567788488e-08
-0.0004245979772119,3.0065414997843224e-08
-0.0004245979772119,3.0065414997843224e-08
-0.0004245979772119,3.0065414997843224e-08
-0.0004245979772119,3.0065414997843224e-08
-0.0004245979772119,3.0065414997843224e-08
5.7462990978589376e-05,3.604238269541239
-0.0004245979772119,3.0065414997843224e-08
-0.0004245979772119,3.0065414997843224e-08
-0.0004245979772119,3.0065414997843224e-08
-0.0004245979772119,3.0065414997843224e-08
-0.0004245979772119,3.0065414997843224e-08
-0.0004245979772119,3.0065414997843224e-08
-0.0004245979772118999,3.006541553216806e-08
-0.0004245979772119,3.0065414997843224e-08
-0.0004245979772119,3.0065414997843224e-08
-0.0004245979772119,3.0065414997843224e-08
-0.0004245979772119,3.0065414997843224e-08
-0.0004245979772119,3.0065414997843224e-08
-71.67994202866946,3.615114243058786
-0.0004245979772119,3.0065414997843224e-08
-0.0004245979772119,3.0065414997843224e-08
-0.0004245979772119,3.0065414997843224e-08
-0.0004245979772119,3.0065414997843224e-08
-0.0004245979772119,3.0065414997843224e-08
-0.0004245979772119,3.0065414997843224e-08
-0.0004245979772118999,3.00654154905348e-08
-0.0004245979772119,3.0065414997843224e-08
-0.0004245979772119,3.0065414997843224e-08
-0.0004245979772119,3.0065414997843224e-08
-0.0004245979772119,3.0065414997843224e-08
-0.0004245979772119,3.0065414997843224e-08
2.7200829977460495e+23,-3.6380665103942963e+19
-0.0004245979772119,3.0065414997843224e-08
-0.0004245979772119,3.0065414997843224e-08
-0.0004245979772119,3.0065414997843224e-08
-0.0004245979772119,3.0065414997843224e-08
-0.0004245979772119,3.0065414997843224e-08
-0.0004245979772119,3.0065414997843224e-08
-0.00042459797721189986,3.006541558420987e-08
-0.0004245979772119,3.0065414997843224e-08
-0.0004245979772119,3.0065414997843224e-08
-0.0004245979772119,3.0065414997843224e-08
-0.0004245979772119,3.0065414997843224e-08
-0.0004245979772119,3.0065414997843224e-08
5.798283069724237e-05,3.608124969182989
-0.0004245979772119,3.0065414997843224e-08
-0.0004245979772119,3.0065414997843224e-08
-0.0004245979772119,3.0065414997843224e-08
-0.0004245979772119,3.0065414997843224e-08
-0.0004245979772119,3.0065414997843224e-08
-0.0004245979772119,3.0065414997843224e-08
-0.0004245979772118999,3.006541545237078e-08
-0.0004245979772119,3.0065414997843224e-08
-0.0004245979772119,3.0065414997843224e-08
-0.0004245979772119,3.0065414997843224e-08
-0.0004245979772119,3.0065414997843224e-08
-0.0004245979772119,3.0065414997843224e-08
-151996492104047.9,20329282164.46111
-0.0004245979772119,3.0065414997843224e-08
-0.0004245979772119,3.0065414997843224e-08
-0.0004245979772119,3.0065414997843224e-08
-0.0004245979772119,3.0065414997843224e-08
-0.0004245979772119,3.0065414997843224e-08
-0.0004245979772119,3.0065414997843224e-08
-0.00042459797721189986,3.0065415552984846e-08
-0.0004245979772119,3.0065414997843224e-08
-0.0004245979772119,3.0065414997843224e-08
-0.0004245979772119,3.0065414997843224e-08
-0.0004245979772119,3.0065414997843224e-08
-0.0004245979772119,3.0065414997843224e-08
5.848603097450632e+35,-7.822410962847391e+31
-0.0004245979772119,3.0065414997843224e-08
-0.0004245979772119,3.0065414997843224e-08
-0.0004245979772119,3.0065414997843224e-08
-0.0004245979772119,3.0065414997843224e-08
-0.0004245979772119,3.0065414997843224e-08
-0.0004245979772119,3.0065414997843224e-08
-0.00042459797721189986,3.006541561890434e-08
-0.0004245979772119,3.0065414997843224e-08
-0.0004245979772119,3.0065414997843224e-08
-0.0004245979772119,3.0065414997843224e-08
-0.0004245979772119,3.0065414997843224e-08
-0.0004245979772119,3.0065414997843224e-08
5.854439366615442e-05,3.6120116688191586
-0.0004245979772119,3.0065414997843224e-08
-0.0004245979772119,3.0065414997843224e-08
-0.0004245979772119,3.0065414997843224e-08
-0.0004245979772119,3.0065414997843224e-08
-0.0004245979772119,3.0065414997843224e-08
-0.0004245979772119,3.0065414997843224e-08
-0.00042459797721189986,3.006541561543473e-08
-0.0004245979772119,3.0065414997843224e-08
-0.0004245979772119,3.0065414997843224e-08
-0.0004245979772119,3.0065414997843224e-08
-0.0004245979772119,3.0065414997843224e-08
-0.0004245979772119,3.0065414997843224e-08
-151996492104047.9,20329282164.465015
-0.0004245979772119,3.0065414997843224e-08
-0.0004245979772119,3.0065414997843224e-08
-0.0004245979772119,3.0065414997843224e-08
-0.0004245979772119,3.0065414997843224e-08
-0.0004245979772119,3.0065414997843224e-08
-0.0004245979772119,3.0065414997843224e-08
-0.00042459797721189986,3.006541553563756e-08
-0.0004245979772119,3.0065414997843224e-08
-0.0004245979772119,3.0065414997843224e-08
-0.0004245979772119,3.0065414997843224e-08
-0.0004245979772119,3.0065414997843224e-08
-0.0004245979772119,3.0065414997843224e-08
5.8850091206885734e-05,3.6146092392208167
-0.000424597209565516,3.0065312326395185e-08
-0.0004245979772119,3.0065414997843224e-08
-0.0004245979772119,3.0065414997843224e-08
-0.0004245979772119,3.0065414997843224e-08
-0.0004245979772119,3.0065414997843224e-08
-0.0004245979772119,3.0065414997843224e-08
-0.00042459797721189986,3.0065415528698664e-08
-0.0004245979772119,3.0065414997843224e-08
-0.0004245979772119,3.0065414997843224e-08
-0.0004245979772119,3.0065414997843224e-08
-0.0004245979772119,3.0065414997843224e-08
-0.0004245979772119,3.0065414997843224e-08
89128.96019932524,-8.30495424012647
-0.0004245979772119,3.0065414997843224e-08
-0.0004245979772119,3.0065414997843224e-08
-0.0004245979772119,3.0065414997843224e-08
-0.0004245979772119,3.0065414997843224e-08
-0.0004245979772119,3.0065414997843224e-08
-0.0004245979772119,3.0065414997843224e-08
-0.0004245979772118999,3.006541545930978e-08
-0.0004245979772119,3.0065414997843224e-08
-0.0004245979772119,3.0065414997843224e-08
-0.0004245979772119,3.0065414997843224e-08
-0.0004245979772119,3.0065414997843224e-08
-0.0004245979772119,3.0065414997843224e-08
-3.21864395529427e+26,4.304883634926623e+22
-0.0004245979772119,3.0065414997843224e-08
-0.0004245979772119,3.0065414997843224e-08
-0.0004245979772119,3.0065414997843224e-08
-0.0004245979772119,3.0065414997843224e-08
-0.0004245979772119,3.0065414997843224e-08
-0.0004245979772119,3.0065414997843224e-08
-0.00042459797721189986,3.006541553216811e-08
-0.0004245979772119,3.0065414997843224e-08
-0.0004245979772119,3.0065414997843224e-08
-0.0004245979772119,3.0065414997843224e-08
-0.0004245979772119,3.0065414997843224e-08
-0.0004245979772119,3.0065414997843224e-08
5.9372545749298373e-05,3.618515489185878
-0.0004245979772119,3.0065414997843224e-08
-0.0004245979772119,3.0065414997843224e-08
-0.0004245979772119,3.0065414997843224e-08
-0.0004245979772119,3.0065414997843224e-08
-0.0004245979772119,3.0065414997843224e-08
-0.0004245979772119,3.0065414997843224e-08
-0.00042459797721189986,3.0065415698701565e-08
-0.0004245979772119,3.0065414997843224e-08
-0.0004245979772119,3.0065414997843224e-08
-0.0004245979772119,3.0065414997843224e-08
-0.0004245979772119,3.0065414997843224e-08
-0.0004245979772119,3.0065414997843224e-08
89128.9601998477,-8.30104799016141
-0.0004245979772119,3.0065414997843224e-08
-0.0004245979772119,3.0065414997843224e-08
-0.0004245979772119,3.0065414997843224e-08
-0.0004245979772119,3.0065414997843224e-08
-0.0004245979772119,3.0065414997843224e-08
-0.0004245979772119,3.0065414997843224e-08
-0.00042459797721189986,3.006541589302087e-08
-0.0004245979772119,3.0065414997843224e-08
-0.0004245979772119,3.0065414997843224e-08
-0.0004245979772119,3.0065414997843224e-08
-0.0004245979772119,3.0065414997843224e-08
-0.0004245979772119,3.0065414997843224e-08
-3.21864395529427e+26,4.304883634926623e+22
-0.0004245979772119,3.0065414997843224e-08
-0.0004245979772119,3.0065414997843224e-08
-0.0004245979772119,3.0065414997843224e-08
-0.0004245979772119,3.0065414997843224e-08
-0.0004245979772119,3.0065414997843224e-08
-0.0004245979772119,3.0065414997843224e-08
-0.0004245979772118998,3.0065415927714915e-08
-0.0004245979772119,3.0065414997843224e-08
-0.0004245979772119,3.0065414997843224e-08
-0.0004245979772119,3.0065414997843224e-08
-0.0004245979772119,3.0065414997843224e-08
-0.0004245979772119,3.0065414997843224e-08
5.989238546792806e-05,3.622402188827628
-0.0004245979772119,3.0065414997843224e-08
-0.0004245979772119,3.0065414997843224e-08
0.00156547117117997,14.879203693367888
-0.0004245979772119,3.0065414997843224e-08
-0.0004245979772119,3.0065414997843224e-08
-0.0004245979772119,3.0065414997843224e-08
-0.0004245979772118998,3.006541603873764e-08
-0.0004245979772119,3.0065414997843224e-08
-0.0004245979772119,3.0065414997843224e-08
-0.0004245979772119,3.0065414997843224e-08
-0.0004245979772119,3.0065414997843224e-08
-0.0004245979772119,3.0065414997843224e-08
1.9023205411777728e+17,-25443226028866.766
-0.0004245979772119,3.0065414997843224e-08
-0.0004245979772119,3.0065414997843224e-08
-0.0004245979772119,3.0065414997843224e-08
-0.0004245979772119,3.0065414997843224e-08
-0.0004245979772119,3.0065414997843224e-08
-0.0004245979772119,3.0065414997843224e-08
-0.0004245979772118998,3.00654160734319e-08
-0.0004245979772119,3.0065414997843224e-08
-0.0004245979772119,3.0065414997843224e-08
-0.0004245979772119,3.0065414997843224e-08
-0.0004245979772119,3.0065414997843224e-08
-0.0004245979772119,3.0065414997843224e-08
6.023722332327674e-05,3.6249804473189715
-0.0004245979772119,3.0065414997843224e-08
-0.0004245979772119,3.0065414997843224e-08
-0.0004245979772119,3.0065414997843224e-08
-0.0004245979772119,3.0065414997843224e-08
-0.0004245979772119,3.0065414997843224e-08
-0.0004245979772119,3.0065414997843224e-08
-0.00042459797721189975,3.006541612894337e-08
-0.0004245979772119,3.0065414997843224e-08
-0.0004245979772119,3.0065414997843224e-08
-0.0004245979772119,3.0065414997843224e-08
-0.0004245979772119,3.0065414997843224e-08
-0.0004245979772119,3.0065414997843224e-08
1.0363397945814209e-05,3.6262888951633268
-0.0004245979772119,3.0065414997843224e-08
1648.3122592857433,12323983.889770469
-0.0004245979772119,3.0065414997843224e-08
-0.0004245979772119,3.0065414997843224e-08
-0.0004245979772119,3.0065414997843224e-08
-0.0004245979772119,3.0065414997843224e-08
-0.00042459797721189975,3.006541609424889e-08
-0.0004245979772119,3.0065414997843224e-08
-0.0004245979772119,3.0065414997843224e-08
72.53656968731129,-0.009701674253631228
-0.0004245979772119,3.0065414997843224e-08
-0.0004245979772119,3.0065414997843224e-08
1.9023205411777728e+17,-25443226028866.76
-0.0004245979772119,3.0065414997843224e-08
-0.0004245979772119,3.0065414997843224e-08
-0.0004245979772119,3.0065414997843224e-08
-0.0004245979772119,3.0065414997843224e-08
-0.0004245979772119,3.0065414997843224e-08
-0.0004245979772119,3.0065414997843224e-08
-0.00042459797721189975,3.006541626772113e-08
-0.0004245979772119,3.0065414997843224e-08
-0.0002970894687393742,0.953346333584439
-0.0004245979772119,3.0065414997843224e-08
-0.0004245979772119,3.0065414997843224e-08
-0.0004245979772119,3.0065414997843224e-08
6.075706306921455e-05,3.6288671469607214
-0.0004245979772119,3.0065414997843224e-08
-0.0004245979772119,3.0065414997843224e-08
0.0021177438882236934,19.008396008730024
-0.0004245979772119,3.0065414997843224e-08
-0.0004245979772119,3.0065414997843224e-08
-0.0004245979772119,3.0065414997843224e-08
-0.00042459797721189975,3.00654163232326e-08
-0.0004245979772119,3.0065414997843224e-08
-0.00042323423439010556,0.010196362793975658
-0.0004245979772119,3.0065414997843224e-08
-0.0004245979772119,3.0065414997843224e-08
-0.0004245979772119,3.0065414997843224e-08
-107374183.03955084,14364.75149876286
-0.0004245979772119,3.0065414997843224e-08
-0.0004245979772119,3.0065414997843224e-08
0.00041550892698763626,6.281249973883954
-0.0004245979772119,3.0065414997843224e-08
-0.0004245979772119,3.0065414997843224e-08
-0.0004245979772119,3.0065414997843224e-08
-0.00042459797721189964,3.006541671874955e-08
-0.0004245979772119,3.0065414997843224e-08
-0.00042389569785640985,0.005250781059326553
22.25883919523855,-0.00297711005197237
-0.0004245979772119,3.0065414997843224e-08
-0.0004245979772119,3.0065414997843224e-08
4.056481793778457e+29,-5.425478037323989e+25
-0.0004245979772119,3.0065414997843224e-08
-0.0004245979772119,3.0065414997843224e-08
-0.0004245979772119,3.0065414997843224e-08
-0.0004245979772119,3.0065414997843224e-08
-0.0004245979772119,3.0065414997843224e-08
-0.0004245979772119,3.0065414997843224e-08
-0.0004245979772118996,3.006541707963333e-08
-0.0004245979772119,3.0065414997843224e-08
-0.00042459309652628693,3.652161914443459e-05
12.254222547357244,-0.0016390089423315847
-0.0004245979772119,3.0065414997843224e-08
-0.0004245979772119,3.0065414997843224e-08
6.127951761162719e-05,3.6327733969257827
-0.0004245979772119,3.0065414997843224e-08
-0.0004245979772119,3.0065414997843224e-08
-0.0004245971558245705,6.171354209971741e-06
-0.0004245979772119,3.0065414997843224e-08
-0.0004245979772119,3.0065414997843224e-08
-0.0004245979772119,3.0065414997843224e-08
-0.0004245979772118996,3.0065417260044146e-08
-0.0004245979772119,3.0065414997843224e-08
-0.0004245979772119,3.0065414997843224e-08
-0.0004245979772119,3.0065414997843224e-08
-0.0004245979772119,3.0065414997843224e-08
-0.0004245979772119,3.0065414997843224e-08
-107374183.03955032,14364.755405012826
-0.0004245979772119,3.0065414997843224e-08
-0.0004245979772119,3.0065414997843224e-08
-0.0004245979772119,3.0065414997843224e-08
-0.0004245979772119,3.0065414997843224e-08
-0.0004245979772119,3.0065414997843224e-08
-0.0004245979772119,3.0065414997843224e-08
-0.0004245979772118995,3.0065417870667227e-08
-0.0004245979772119,3.0065414997843224e-08
-0.0004245979772119,3.0065414997843224e-08
0.024853048055170333,-3.3507783889674625e-06
-0.0004245979772119,3.0065414997843224e-08
-0.0004245979772119,3.0065414997843224e-08
6.162693837533274e-05,3.635370967321861
-0.0004245979772119,3.0065414997843224e-08
-0.0004245979772119,3.0065414997843224e-08
-0.0004245976302938771,2.623876751272769e-06
-0.0004245979772119,3.0065414997843224e-08
-0.0004245979772119,3.0065414997843224e-08
-0.0004245979772119,3.0065414997843224e-08
-0.0004245979772118995,3.006541787066638e-08
-0.0004245979772119,3.0065414997843224e-08
-0.0004245830673106149,4.951140022392549e-08
-0.0004113017004832852,2.8287059737382722e-08
-0.0004245979772119,3.0065414997843224e-08
-0.0004245979772119,3.0065414997843224e-08
6.180197215403983e-05,3.636679646890844
-0.0004245979772119,3.0065414997843224e-08
-0.0004245979772119,3.0065414997843224e-08
-0.0004245979772119,3.0065414997843224e-08
-0.0004245979772119,3.0065414997843224e-08
-0.0004245979772119,3.0065414997843224e-08
-0.0004245979772119,3.0065414997843224e-08
-0.0004245979772118998,3.00654149978432e-08
-0.0004245979772119,3.0065414997843224e-08
-0.0004245949348535286,3.1869859038903196e-08
-0.00041756240456729173,2.9124418666444323e-08
-0.0004245979772119,3.0065414997843224e-08
-0.0004245979772119,3.0065414997843224e-08
-2.3021535553652785e+20,3.0790927183103252e+16
-0.0004245979772119,3.0065414997843224e-08
-0.00042459797714180955,3.058946246523955e-08
-0.0004245920180390029,1.8100214313114911e-07
-0.0004245979772119,3.0065414997843224e-08
-0.0004245979772119,3.0065414997843224e-08
-0.0004245979772119,3.0065414997843224e-08
-0.0004245979772118998,3.00654149978432e-08
-0.0004245979772119,3.0065414997843224e-08
-0.0004245971511992047,3.006530451999654e-08
-0.00042140801415919163,2.963876265815101e-08
-0.0004245979772119,3.0065414997843224e-08
-0.0004245979772119,3.0065414997843224e-08
6.214939291774538e-05,3.639277217286922
-0.00042459604167374314,3.006515612278118e-08
-0.0004245979769890015,3.173196643533209e-08
-0.00042459215102814534,5.708089900143714e-08
6434.988287376724,-0.8606691828666736
-0.0004245979772119,3.0065414997843224e-08
-0.0004245979772119,3.0065414997843224e-08
-0.00042459797721189975,3.006541499784319e-08
-0.0004245979772119,3.0065414997843224e-08
-0.0004245979764894389,3.049843813347389e-08
-0.000424428406928492,3.0042735249845243e-08
-0.0004245979772119,3.0065414997843224e-08
-0.0004245979772119,3.0065414997843224e-08
0.05881232113735545,3.640558488816296
-0.0004245979772119,3.0065414997843224e-08
-0.000424597977211746,3.006656642628638e-08
-0.0004245885402363199,5.789533398215601e-08
-0.0004245979772119,3.0065414997843224e-08
-0.0004245979772119,3.0065414997843224e-08
-0.0004245979772119,3.0065414997843224e-08
-0.00042459797721189975,3.0065414997843184e-08
-0.0004245979772119,3.0065414997843224e-08
-0.0004245979771448114,3.006547230166105e-08
-0.00032790065458126615,0.7229795095874777
-0.0004245979772119,3.0065414997843224e-08
-0.0004245979772119,3.0065414997843224e-08
-4.932681909591636e+32,6.597381358062709e+28
-0.0004245979772119,3.0065414997843224e-08
-0.00042459797720459993,3.0119995851080596e-08
-0.0004245979736959317,5.4054854510159086e-08
-0.0004245979772119,3.0065414997843224e-08
-0.0004245979772119,3.0065414997843224e-08
-0.0004245979772119,3.0065414997843224e-08
-0.00042459797721189975,3.0065414997843184e-08
-0.0004245979772119,3.0065414997843224e-08
-0.00042459797718524497,3.006548740612258e-08
-0.0003357374089412666,0.6643862369487125
-0.0004245979772119,3.0065414997843224e-08
-0.0004245979772119,3.0065414997843224e-08
6.26665840521967e-05,3.6431443666053647
-0.0004245979772119,3.0065414997843224e-08
-0.00042459797721112054,3.007124284641145e-08
-0.0004245979771474796,3.006541498923234e-08
-0.0004245979772119,3.0065414997843224e-08
-0.0004245979772119,3.0065414997843224e-08
-0.0004245979772119,3.0065414997843224e-08
-0.00042459797721189905,3.006541982755766e-08
-0.0004245979772119,3.0065414997843224e-08
-0.0004245979771957925,3.006544042613556e-08
-0.0004245979772119,3.0065414997849524e-08
-0.0004245979772119,3.0065414997843224e-08
-0.0004245979772119,3.0065414997843224e-08
126443838357.04688,-16911652.880500868
-0.0004245979772119,3.0065414997843224e-08
-0.00042459797721146656,3.0068655775685994e-08
-0.0004245979772119,3.006541499785191e-08
-0.0004245979772119,3.0065414997843224e-08
-0.0004245979772119,3.0065414997843224e-08
-0.0004245979772119,3.0065414997843224e-08
-0.0004245979772118989,3.006542049369231e-08
-0.0004245979772119,3.0065414997843224e-08
-0.00042459797720887076,3.00654386451887e-08
-0.0004245979772119,3.006541499784648e-08
-0.0004245979772119,3.0065414997843224e-08
-0.0004245979772119,3.0065414997843224e-08
-4.932681909591636e+32,6.597381358062709e+28
-0.0004245979772119,3.0065414997843224e-08
-0.0004245979772084484,3.009122190977521e-08
-0.0004245979772119,3.006541499785328e-08
-0.00042459797721189997,3.0065414997868853e-08
-0.0004245979772119,3.0065414997843224e-08
-0.0004245979772119,3.0065414997843224e-08
-0.00042459797721189894,3.006542002184795e-08
-0.0004245979772119,3.0065414997843224e-08
-0.00042459797720998413,3.006541499775728e-08
-0.0004245979772119,3.006541499784762e-08
-0.0004245979772119,3.0065414997843224e-08
-0.0004245979772119,3.0065414997843224e-08
6.318903859460934e-05,3.647050616570426
-0.00042459734053203023,3.0065329842952214e-08
-0.0004245979772119,3.0065414997843224e-08
-0.0004245979772119,3.006541499785e-08
-0.00042459797721189997,3.006541499784322e-08
-0.0004245979772119,3.0065414997843224e-08
-0.0004245979772119,3.0065414997843224e-08
-0.00042459797721189954,3.006541603179987e-08
-0.0004245979772119,3.0065414997843224e-08
-0.0004245979772112823,3.006541499789025e-08
-0.0004245979772119,3.006541499784612e-08
-0.0004245979772119,3.0065414997843224e-08
-0.0004245979772119,3.0065414997843224e-08
2.7200829977460495e+23,-3.6380665103942963e+19
-0.00042459780803747707,3.0065392371040914e-08
-0.00029390032914156507,1.9804006361442457e-08
-0.0004245979772119,3.006541499784478e-08
-0.0004245979772119,3.0065414997843224e-08
-0.0004245979772119,3.0065414997843224e-08
1.302924874721215e+18,9.74161354374324e+21
-0.0004245979772118996,3.006541535174216e-08
-0.00010411212602630117,0.0002393695992006932
-0.0004245979772118998,3.006541499784545e-08
-0.0004245979772119,3.006541499784386e-08
-0.0004245979772119,3.0065414997843224e-08
-0.0004245979772119,3.0065414997843224e-08
6.353652503413639e-05,3.6496484253850765
-0.00042459790490286,3.006540532662741e-08
-0.0004245979772119,3.0065414997843224e-08
-0.0004245979772119,3.0065414998426214e-08
-0.0004245979772119,3.006541499784624e-08
-0.0004245979772119,3.0065414997843224e-08
-0.0004245979772119,3.0065414997843224e-08
-0.0004245979772118996,3.006541543500894e-08
-0.0004245979772119,3.0065414997843224e-08
-0.0004245979772118998,3.0065414997889586e-08
-0.0004245979772119,3.006541499784365e-08
-0.0004245979772119,3.0065414997843224e-08
-0.0004245979772119,3.0065414997843224e-08
-71.6799359551354,3.6605243989026235
-0.00042459796351210796,3.006541316551845e-08
-0.00042459797721189997,3.0065415393446197e-08
-0.0004245979772119,3.006541499784403e-08
-0.0004245979772119,3.006541499784479e-08
-0.0004245979772119,3.0065414997843224e-08
-0.0004245979772119,3.0065414997843224e-08
-0.0004245979772118996,3.0065415327456063e-08
-0.0004245979772119,3.0065414997843224e-08
-0.00042459797721189807,3.006541499790694e-08
-0.0004245979772119,3.006541499784443e-08
-0.0004245979772119,3.0065414997843224e-08
-0.0004245979772119,3.0065414997843224e-08
2.7200829977460495e+23,-3.6380665103942963e+19
-0.0004245979673774596,3.00654136825029e-08
-0.0004245979772119,3.0065414997843224e-08
-0.0004245979772119,3.0065414997843224e-08
-0.0004245979772119,3.006541499784407e-08
-0.0004245979772119,3.0065414997843224e-08
-0.0004245979772119,3.0065414997843224e-08
-0.0004245979772118996,3.006541523898519e-08
-0.0004245979772119,3.0065414997843224e-08
-0.0004245979772118999,3.006541499790803e-08
-0.0004245979772119,3.00654149978436e-08
-0.0004245979772119,3.0065414997843224e-08
-0.0004245979772119,3.0065414997843224e-08
6.405636475278933e-05,3.6535351250268264
-0.00042459797452591664,3.006541463859735e-08
-0.0004245976897217194,3.010199499815615e-08
-0.0004245979772119,3.006541499784429e-08
-0.0004245979772119,3.006541499784412e-08
-0.0004245979772119,3.0065414997843224e-08
-0.0004245979772119,3.0065414997843224e-08
-0.0004245979772118996,3.006541519994614e-08
-0.0004245979772119,3.0065414997843224e-08
-0.00042459797721189986,3.0065414997843204e-08
-0.0004245979772119,3.006541499784463e-08
-0.0004245979772119,3.0065414997843224e-08
-0.0004245979772119,3.0065414997843224e-08
-71.67993543268086,3.6644306488676848
-0.0004245979760110209,3.0065414837227606e-08
-0.0004245979772118999,3.006541581333589e-08
-0.0004245979772119,3.0065414998693877e-08
-0.0004245979772119,3.006541499784447e-08
-0.0004245979772119,3.0065414997843224e-08
-0.0004245979772119,3.0065414997843224e-08
-0.00042459797721189975,3.0065415206884265e-08
-0.0004245979772119,3.0065414997843224e-08
-0.0004245979772119,3.0065414997853124e-08
-0.0004245979772119,3.006541499819573e-08
-0.0004245979772119,3.0065414997843224e-08
-0.0004245979772119,3.0065414997843224e-08
5.848603097450632e+35,-7.822410962847391e+31
-0.00042459796817334285,3.006541378895099e-08
-0.00042459797721185037,3.0065786344673394e-08
-0.0004245979772119,3.0065414999700847e-08
-0.0004245979772119,3.006541499784426e-08
-0.0004245979772119,3.0065414997843224e-08
-0.0004245979772119,3.0065414997843224e-08
-0.0004245979772118999,3.006541518780234e-08
-0.0004245979772119,3.0065414997843224e-08
-0.0004245979772119,3.00654149989617e-08
-0.0004245979772119,3.006541500226362e-08
-0.0004245979772119,3.0065414997843224e-08
-0.0004245979772119,3.0065414997843224e-08
6.461792772170143e-05,3.657421824662996
-0.00042459795151777633,3.0065411561296216e-08
-0.00042459797721189287,3.006546852160396e-08
-0.0004245979772119,3.0065414997843224e-08
-0.0004245979772119,3.006541499784466e-08
-0.0004245979772119,3.0065414997843224e-08
-0.0004245979772119,3.0065414997843224e-08
-0.00042459797721189997,3.0065415204282617e-08
-0.0004245979772119,3.0065414997843224e-08
-0.0004245979772119,3.006541499786048e-08
-0.00042459797721189997,3.0065414998772135e-08
-0.0004245979772119,3.0065414997843224e-08
-0.0004245979772119,3.0065414997843224e-08
-151996492104047.9,20329282164.510426
-0.00042459795845261786,3.0065412488819925e-08
-0.00042459797684588757,3.0065414948889656e-08
-0.0004245979772119,3.0065414997843224e-08
-0.0004245979772119,3.006541499785366e-08
-0.0004245979772119,3.0065414997843224e-08
-0.0004245979772119,3.0065414997843224e-08
-0.0004245979772118999,3.006541517739462e-08
-0.00018808674885849953,-1.566970756918727e-09
-0.00042459797704931594,3.0065414976099895e-08
-0.0004245979772119,3.0065414997846136e-08
-0.0004245979772119,3.0065414997843224e-08
-0.0004245979772119,3.0065414997843224e-08
6.492362526243269e-05,3.6600193950646545
-0.0004245979772119,3.0065414997843224e-08
-0.0004245979772118999,3.0065415657210986e-08
-0.0004245979772119,3.006541499785011e-08
-0.0004245979772119,3.006541499784767e-08
-0.0004245979772119,3.0065414997843224e-08
-0.0004245979772119,3.0065414997843224e-08
-0.00042459797721189997,3.006541506116418e-08
-0.00042459797569048313,3.007181093410769e-08
-0.0004245979772119,3.0065414997843224e-08
-0.00042459797721184966,3.0065415563646344e-08
-0.0004245979772119,3.0065414997843224e-08
-0.0004245979772119,3.0065414997843224e-08
89128.96020539878,-8.259544084282634
-0.00042459792241484473,3.0065407668826723e-08
-0.000424597977205938,3.010999158292292e-08
-0.0004245979772118998,3.006541499812792e-08
-0.0004245979772119,3.006541499784323e-08
-0.0004245979772119,3.0065414997843224e-08
-0.0004245979772119,3.0065414997843224e-08
-0.00042459797721189997,3.006541528582235e-08
-0.0004245979708708706,3.007888854680686e-08
-0.0004245979772119,3.0065414997843224e-08
-0.0004245979772117984,3.00654158273172e-08
-0.0004245979772119,3.0065414997843224e-08
-0.0004245979772119,3.0065414997843224e-08
-3.21864395529427e+26,4.304883634926623e+22
-0.00042459797372958695,3.006930830631634e-08
-0.0004245979772119,3.0065414997843224e-08
-0.0004245979772118982,3.0065428601896116e-08
-0.0004245979772119,3.006541499784323e-08
-0.0004245979772119,3.0065414997843224e-08
-0.0004245979772119,3.0065414997843224e-08
-0.0004245979772118999,3.006541558417975e-08
-0.0004245979739708436,3.006831420584761e-08
-0.00042459797721189997,3.006541499786355e-08
-0.00042459797720898466,3.006541499750392e-08
-0.0004245979772119,3.0065414997843224e-08
-0.0004245979772119,3.0065414997843224e-08
6.544607980484539e-05,3.6639256450297157
-0.0004245979772119,3.0065414997843224e-08
-0.00042459752532385335,2.265983292926828e-06
-0.0004245979772119,3.0065414997864936e-08
-0.0004245979772119,3.0065414997843224e-08
-0.0004245979772119,3.0065414997843224e-08
-0.0004245979772119,3.0065414997843224e-08
-0.0004245979772118999,3.00654155842076e-08
-0.0004245514013313868,3.005918555002021e-08
-0.0004245979772119,3.006541499790889e-08
-0.00042459797719907266,3.00654156102197e-08
-0.0004245979772119,3.0065414997843224e-08
-0.0004245979772119,3.0065414997843224e-08
89128.96020592123,-8.255637834317572
-0.00042459108662696254,1.9308297889656525e-07
-0.00042459797721189265,3.006547007599072e-08
-0.00042459797721189314,3.006546630545069e-08
-0.0004245979772119,3.0065414997843224e-08
-0.0004245979772119,3.0065414997843224e-08
-0.0004245979772119,3.0065414997843224e-08
-0.00042459797721189997,3.0065415067669206e-08
-0.0004245979772119,3.0065414997843224e-08
-0.0004245979772119,3.0065414997880077e-08
-0.00042459797721189655,3.0065414999985185e-08
-0.0004245979772119,3.0065414997843224e-08
-0.0004245979772119,3.0065414997843224e-08
-3.21864395529427e+26,4.304883634926623e+22
-0.000424596128842015,3.006516778139493e-08
-0.0004245979749090778,3.0065414689864116e-08
-0.0004245979772119,3.0065414997843224e-08
-0.0004245979772119,3.0065414997843224e-08
-0.0004245979772119,3.0065414997843224e-08
-0.0004245979771953556,3.0189113423238666e-08
-0.00042459797721189997,3.00654150572613e-08
-0.00042459797670958417,3.3821093399164795e-08
-0.0004245979772119,3.006541500863415e-08
-0.00042459797721040046,3.0065416718488364e-08
-0.0004245979772119,3.0065414997843224e-08
-0.0004245979772119,3.0065414997843224e-08
6.596591952347513e-05,3.667812344671465
-0.00042459649291656,3.0065216475769725e-08
-0.0004245979772119,3.006541499786483e-08
-0.0004245979772109722,3.007235185685445e-08
-0.0004245979772119,3.006541502051435e-08
-0.0004245979772119,3.0065414997843224e-08
-0.0004245979772119,3.0065414997843224e-08
-0.0004245979772119,3.006541504923638e-08
-0.0004245979772013752,3.0144106356123914e-08
-0.0004245979772119,3.0065414997894694e-08
-0.0004245979772119,3.006541499789131e-08
-0.0004245979772119,3.0065414997843224e-08
-0.0004245979772119,3.0065414997843224e-08
1.9023205411777728e+17,-25443226028866.723
-0.0004245969874066711,3.0065282613013125e-08
-0.0004245979714409634,3.0065414226017856e-08
-0.0004245979772119,3.0065414997843224e-08
-0.0004245979772119,3.0065415199162216e-08
-0.0004245979772119,3.0065414997843224e-08
-0.0004245979772119,3.0065414997843224e-08
-0.0004245979772119,3.006541501941984e-08
-0.0004245979772119,3.0065414997843224e-08
-0.00042459797721189997,3.0065414997894476e-08
-0.0004245979772118806,3.006541499785906e-08
-0.0004245979772119,3.0065414997843224e-08
-0.0004245979772119,3.0065414997843224e-08
6.631337220258334e-05,3.67041015348612
-0.0004245979772119,3.0065414997843224e-08
-0.0004245977625284781,3.006538628436005e-08
-0.0004245979771694895,3.006541499217089e-08
-0.0004245979772119,3.0065414997843224e-08
-0.0004245979772119,3.0065414997843224e-08
-0.0004245979772119,3.0065414997843224e-08
-0.0004245979772119,3.006541500548883e-08
-0.00042459793143941125,3.052023669421603e-08
-0.00042459797721189997,3.006541499784322e-08
-0.00042459797721188745,3.006541499890597e-08
-0.0004245979772119,3.0065414997843224e-08
-0.0004245979772119,3.0065414997843224e-08
1.6436932001361168e-05,3.671699051007164
-0.00042459786487210387,3.006539997257927e-08
-0.0004245979772119,3.006541499789406e-08
-0.0004245979771614819,3.006541499109988e-08
-0.0004245979772119,3.0065414997843224e-08
-0.0004245979772119,3.0065414997843224e-08
-0.0004245979772118998,3.006541681621733e-08
-0.0004245979772119,3.0065415003426865e-08
-0.0004245979772119,3.0065414997843224e-08
-0.0004245979767660864,3.339864155166479e-08
-0.00042459797721189845,3.006541499784301e-08
-0.0004245979772119,3.0065414997843224e-08
-0.0004245979772119,3.0065414997843224e-08
1.9023205411777728e+17,-25443226028866.72
-0.0004245979772058787,3.011043498517831e-08
-0.0004245979772119,3.006541499790635e-08
-0.0004245979772119,3.006541499784327e-08
-0.0004245979772119,3.0065414997843224e-08
-0.0004245979772119,3.0065414997843224e-08
-0.0004245979772119,3.0065414997843224e-08
-0.0004245979772119,3.006541499797621e-08
-0.0004245979626552092,3.0065413050909646e-08
-0.0004245979772118999,3.006541499784321e-08
-0.00042459797721189997,3.0065414997843224e-08
-0.0004245979772119,3.0065414997843224e-08
-0.0004245979772119,3.0065414997843224e-08
6.683059712476157e-05,3.6742773028045588
-0.00042459458606501155,3.0064961437494624e-08
-0.00042459797721150077,3.006839998854334e-08
-0.00042459797721189997,3.006541558094806e-08
-0.00042459797721046996,3.006541499765196e-08
-0.0004245979772119,3.0065414997843224e-08
-0.0004245979772119,3.0065414997843224e-08
-0.0004245979772119,3.006541500280443e-08
4.344637142181416,-0.000581114834044518
-0.0004245979772119,3.006541499784333e-08
-0.00042459797721189954,3.006541499955134e-08
-0.0004245979772119,3.0065414997843224e-08
-0.0004245979772119,3.0065414997843224e-08
-107374183.03954476,14364.796908918703
-0.0004245963907782631,3.0065202814939606e-08
-0.0004245979772119,3.0065414997968625e-08
-0.0004245979772119,3.00654149981991e-08
-0.0004245979772119,3.0065414997843224e-08
-0.0004245979772119,3.0065414997843224e-08
-0.00042459797717325906,3.006541499267505e-08
-0.0004245979772119,3.006541500437652e-08
8.814701742244928,-0.0011789786615183742
-0.00042459796468973746,1.236902056355559e-07
-0.0004245979772119,3.0065414997843224e-08
-0.0004245979772119,3.0065414997843224e-08
-0.0004245979772119,3.0065414997843224e-08
4.056481793778457e+29,-5.425478037323989e+25
-0.00042459789943290915,3.0065404595030436e-08
-0.0004245979772119,3.006541499784775e-08
-0.0004245979772119,3.0065414997879236e-08
-0.0004245979772119,3.0065414997843224e-08
-0.0004245979772119,3.0065414997843224e-08
-0.0004245979772119,3.0065414997843224e-08
-0.0004245979772119,3.0065415010584565e-08
21.254824235346703,-0.0028428246936011686
-0.00042459797721189124,3.006541499784206e-08
-0.0004245979772119,3.0065414997843224e-08
-0.0004245979772119,3.0065414997843224e-08
-0.0004245979772119,3.0065414997843224e-08
6.735305166717426e-05,3.67818355276962
-0.00042459770611361975,3.006537873889174e-08
-0.0004245979772119,3.006541499784374e-08
-0.0004245979772118995,3.00654149978655e-08
-0.0004245979772119,3.0065414997843224e-08
-0.0004245979772119,3.0065414997843224e-08
-0.0004245979772119,3.0065414997843224e-08
-0.0004245979772119,3.006541504902548e-08
40.76008071371763,-0.005451620838035498
-0.0004244908499990917,3.005108694829566e-08
-0.0004245979772119,3.0065414997843224e-08
-0.0004245979772119,3.0065414997843224e-08
-0.0004245979772119,3.0065414997843224e-08
-107374183.03954424,14364.800815168668
-0.00042459760068109685,3.0065364637464286e-08
-0.0004245979772119,3.0065414997843224e-08
-0.0004245979772119,3.0065415024847064e-08
-0.0004245979772119,3.0065414997843224e-08
-0.0004245979772119,3.0065414997843224e-08
1.6861849683164407,12610.319223176932
-0.0004245979772119,3.0065415127953586e-08
-0.00042459797721189975,3.006541499784319e-08
-0.00042439582980911486,3.0038378113456426e-08
-0.00042459797721189997,3.006541499784321e-08
-0.0004245979772119,3.0065414997843224e-08
-0.0004245979772119,3.0065414997843224e-08
6.770047243087975e-05,3.680781123165698
-0.00042459797700400865,3.006559530556324e-08
-0.0004245979772119,3.0065414997843224e-08
-0.00042459797721188143,3.0065553612547624e-08
-0.0004245979772119,3.0065414997843224e-08
-0.0004245979772119,3.0065414997843224e-08
-0.0004245979772119,3.006541499784337e-08
-0.0004245979772118999,3.006541564316035e-08
-0.00042459797721189964,3.0065414997846486e-08
-0.0004245979772118917,3.006541499788574e-08
-0.00042459797717236166,3.006541499255503e-08
-0.0004245979772119,3.0065414997843224e-08
-0.0004245979772119,3.0065414997843224e-08
0.05881787221686858,3.682062394695072
-0.00042459714397759257,3.006530355444306e-08
-0.00042457841394551274,3.006279844296837e-08
-0.0004245979772118459,3.006548871664548e-08
-0.0004245979772119,3.0065414997843224e-08
-0.0004245979772119,3.0065414997843224e-08
-0.0004245979772119,3.0065414997843224e-08
-0.00042459797721189997,3.006541533270769e-08
-0.0004245979772119,3.006541499785111e-08
-0.00042459797721189997,3.006541500830892e-08
-0.00042459797721119226,3.006541499774856e-08
-0.0004245979772119,3.0065414997843224e-08
-0.0004245979772119,3.0065414997843224e-08
-2.3021535553652785e+20,3.0790927183103252e+16
-0.0004245979772119,3.0065414998124505e-08
-0.0004245979772118998,3.006541499794147e-08
-0.0004245979772118999,3.006541578564474e-08
-0.0004245979772119,3.0065414997843224e-08
-0.0004245979772119,3.0065414997843224e-08
-0.0004245979772119,3.0065414997877324e-08
-0.00042459797721189986,3.006541529101148e-08
-0.0004245979772119,3.006541499804401e-08
-0.0004245979772118932,3.006541499784482e-08
-0.0004245979772119,3.0065414997843224e-08
-0.0004245979772119,3.0065414997843224e-08
-0.0004245979772119,3.0065414997843224e-08
6.82203121495328e-05,3.6846678228074476
-0.0004245970019584752,3.006528455962352e-08
-0.0004245979772119,3.006541500364506e-08
-0.0004245979772119,3.006541500494845e-08
-0.0004245979772119,3.0065414997843224e-08
-0.0004245979772119,3.0065414997843224e-08
-0.0004245979772119,3.0065414997843356e-08
-0.0004245979772119,3.0065415168744946e-08
-0.0004245979772119,3.006541499978183e-08
-0.0004245979772119,3.0065414997843224e-08
-0.0004245979772119,3.0065414997843224e-08
-0.0004245979772119,3.0065414997843224e-08
-0.0004245979772119,3.0065414997843224e-08
0.05881839467141099,3.685968644660133
-0.00042459797721189986,3.0065414997880057e-08
-0.0004245979772119,3.006541499784541e-08
-0.0004245979772118536,3.006541499783702e-08
-0.0004245979772119,3.0065414997843224e-08
-0.0004245979772119,3.0065414997843224e-08
-0.0004245979772119,3.0065414997843224e-08
-0.0004245979772119,3.006541499795676e-08
-0.00042459797721189916,3.006541501291831e-08
-0.0004245979772119,3.0065414997844435e-08
-0.0004245979772119,3.0065414997843224e-08
-0.0004245979772119,3.0065414997843224e-08
-0.0004245979772119,3.0065414997843224e-08
-4.932681909591636e+32,6.597381358062709e+28
-0.0004245979772118999,3.006541499788536e-08
-0.0004245979772119,3.006541499784751e-08
-0.0004245979772118427,3.006541499783556e-08
-0.0004245979772119,3.0065414997843224e-08
-0.0004245979772119,3.0065414997843224e-08
-0.0004245979772119,3.0065414997843224e-08
-0.0004245979772119,3.006541499795591e-08
-0.0004245979772119,3.0065414997843224e-08
-0.0004245979772119,3.0065415010802577e-08
-0.0004245979772119,3.0065414997843224e-08
-0.0004245979772119,3.0065414997843224e-08
-0.0004245979772119,3.0065414997843224e-08
6.874011810774371e-05,3.688554522449202
-0.0004245979772118999,3.006541499784321e-08
-0.0004245979772118955,3.006541499788541e-08
-0.00042459797721188127,3.0065414997840716e-08
-0.0004245979772119,3.0065414997843224e-08
-0.0004245979772119,3.0065414997843224e-08
-0.0004245979772119,3.0065414997843224e-08
-0.0004245979772119,3.0065414997843224e-08
-0.0004245979772119,3.0065414997843224e-08
-0.00042459797721189997,3.006541499803216e-08
-0.0004245979772119,3.0065414997843224e-08
1.0552799649569897e+22,-1.4114196893188042e+18
-0.0004245979772119,3.0065414997843224e-08
126443838357.04688,-16911652.83509071
-0.00042459797721189997,3.0065414997865134e-08
-0.00042459797721189845,3.006541499784322e-08
-0.0004245979772118998,3.00654149978432e-08
-0.0004245979772119,3.0065414997843224e-08
-0.0004245979772119,3.0065414997843224e-08
-0.0004245979772119,3.0065414997843224e-08
-0.0004245979772119,3.0065414997843224e-08
-0.0004245979772119,3.0065414998832856e-08
-0.0004245979772118991,3.0065414997843105e-08
-0.0004245979772119,3.0065414997843224e-08
-0.0004245979772119,3.0065414997843224e-08
-0.0004245979772119,3.0065414997843224e-08
-4.932681909591636e+32,6.597381358062709e+28
-0.0004245979772119,3.0065414997889394e-08
-0.0004245979772119,3.006541499784337e-08
-0.0004245979772118984,3.0065414997843006e-08
-0.0004245979772119,3.0065414997843224e-08
-0.0004245979772119,3.0065414997843224e-08
-0.0004245979772119,3.0065414997843224e-08
-0.0004245979772119,3.0065414997843224e-08
-0.0004245979772118997,3.0065414997844184e-08
-0.00042459797721189997,3.0065414997843224e-08
-0.0004245979772119,3.0065414997843224e-08
-0.0004245979772119,3.0065414997843224e-08
-0.0004245979772119,3.0065414997843224e-08
6.926257265015641e-05,3.6924607724142633
-0.00042459797721167966,3.0065414997938303e-08
-0.0004245979772119,3.0065414997843416e-08
-0.0004245979772119,3.0065414997843224e-08
-0.0004245979772119,3.0065414997843224e-08
-0.0004245979772119,3.0065414997843224e-08
3.862145883571273e+18,-516555693665257.56
-0.0004245979772119,3.0065414997843224e-08
-0.0004245979772119,3.006541499854471e-08
-0.00042459797721189997,3.006541499784322e-08
-0.0004245979772119,3.0065414997843224e-08
-0.0004245979772119,3.0065414997843224e-08
-9.021029693003077e-05,2.50012541587612
5.848603097450632e+35,-7.822410962847391e+31
-0.0004245979772117929,3.00654149978289e-08
-0.0004245979772119,3.006541499784331e-08
-0.0004245979772119,3.0065414997843224e-08
-0.0004245979772119,3.0065414997843224e-08
-0.0004245979772119,3.0065414997843224e-08
19429519202188.945,1.4526921012921952e+17
-0.0004245979772119,3.0065414997843224e-08
-0.0004245979772118999,3.0065414998207514e-08
-0.0004245979772119,3.0065414997843224e-08
-0.0004245979772119,3.0065414997843224e-08
-0.0004245979772119,3.0065414997843224e-08
22.59986593189117,168976.20161365412
6.96074442659237e-05,3.6950390309056025
-0.0004245979734023159,3.006541448831758e-08
-0.0004245979772119,3.006541499784326e-08
-0.0004245979772119,3.0065414997843224e-08
-0.0004245979772119,3.0065414997843224e-08
-0.0004245979772119,3.0065414997843224e-08
14659.849053654749,-1.9607308549276696
-0.0004245979772119,3.0065414997843224e-08
-0.0004245979772119,3.00654149979199e-08
-0.0004245979772119,3.0065414997843224e-08
-0.0004245979772119,3.0065414997843224e-08
-0.0004245979772119,3.0065414997843224e-08
-0.0004245979772119,3.0065414997843224e-08
-71.67992988160134,3.705934554746461
-0.00042459797388602296,3.00654145530126e-08
-0.0004245979772118999,3.006541501009743e-08
-0.0004245979772119,3.0065414997843224e-08
-0.0004245979772119,3.0065414997843224e-08
-0.0004245979772119,3.0065414997843224e-08
-0.0004245979772111016,3.006541681970559e-08
-0.0004245979772119,3.0065414997843224e-08
-0.0004245979772119,3.006541499786356e-08
-0.0004245979772119,3.0065414997843224e-08
-0.0004245979772119,3.0065414997843224e-08
2256.251020065155,-0.3017699095525833
-0.0004245979772119,3.0065414997843224e-08
5.848603097450632e+35,-7.822410962847391e+31
-0.0004245979693786032,3.1666414518824515e-08
-0.0004245979772119,3.0065415011561114e-08
-0.0004245979772119,3.0065414997843224e-08
-0.0004245979772119,3.0065414997843224e-08
-0.0004245979772119,3.0065414997843224e-08
1.6974288646017707e+22,-2.270283337383978e+18
-0.0004245979772119,3.0065414997843224e-08
-0.0004245970237554836,3.0065287474633066e-08
-0.0004245979772119,3.0065414997843224e-08
-0.0004245979772119,3.0065414997843224e-08
0.13728612109173485,-1.8388517973163405e-05
8.377019659845525,3.5930718592127904
7.01298988083364e-05,3.6989452808706638
-0.0004245979717822785,3.006541427164022e-08
-0.0004245979772119,3.006541499790508e-08
-0.0004245979772119,3.0065414997843224e-08
-0.0004245979772119,3.0065414997843224e-08
-0.0004245979772119,3.0065414997843224e-08
4933556931358.757,3.688685814033315e+16
-0.0004245979772119,3.0065414997843224e-08
-0.0004245979772118909,3.0065414997842006e-08
-0.0004245979772119,3.0065414997843224e-08
-0.0004245979772119,3.0065414997843224e-08
0.00010951988012732842,-4.137197463326615e-08
-0.0004245979772119,3.0065414997843224e-08
-151996492104047.9,20329282164.55193
-0.00042459795253754393,3.006541170324608e-08
-0.0004245979772119,3.0065414997843224e-08
-0.0004245979772119,3.0065414997843224e-08
-0.0004245979772119,3.0065414997843224e-08
-0.0004245979772119,3.0065414997843224e-08
-0.0004245979772119,3.0065414998287843e-08
-0.0004245979772119,3.0065414997843224e-08
-0.0004245979772119,3.006541499785964e-08
-0.00042459797721189997,3.006541499784322e-08
-0.0004245979772119,3.0065414997843224e-08
-0.0004245979771814764,3.006541499377412e-08
-0.0004245979772119,3.0065414997843224e-08
7.047470477556707e-05,3.7015233009434305
-0.00042459797721189574,3.006541499784265e-08
-0.0004245979772119,3.006541499956474e-08
-0.0004245979772119,3.0065414997843224e-08
-0.0004245979772119,3.0065414997843224e-08
-0.0004245979772119,3.0065414997843224e-08
-0.0004245979772119,3.0065414997843224e-08
-0.0004245979772119,3.0065414997843224e-08
-0.0004245979772119,3.0065414997843224e-08
-0.0004245979772119,3.0065414997843224e-08
-0.0004245979772119,3.0065414997843224e-08
-0.00042459011825848235,3.006436387568043e-08
-0.00042119822943103603,2.9610704293956704e-08
7.06914617772485e-05,3.7028319805068333
-0.0004245979772118971,3.0065414997842834e-08
-0.0004245979772119,3.006541499991744e-08
-0.0004245979772119,3.0065414997843224e-08
-0.0004245979772119,3.0065414997843224e-08
-0.0004245979772119,3.0065414997843224e-08
-0.00042459797721189997,3.006541545250885e-08
-0.0004245979772119,3.0065414997843224e-08
-0.0004245979772119,3.0065414997843224e-08
-0.0004245979772119,3.0065414997843224e-08
-0.0004245979772119,3.0065414997843224e-08
-0.0004245979771799221,3.006541499356623e-08
1.3624190436563249e+18,1.0186435200859907e+22
-151996492104047.9,20329282164.555836
-0.0004245979772118985,3.00654149993273e-08
-0.0004245979772119,3.006541499784322e-08
-0.0004245979772119,3.0065414997843224e-08
-0.0004245979772119,3.0065414997843224e-08
-0.0004245979772119,3.0065414997843224e-08
-0.0004245979772119,3.0065414997843224e-08
-0.0004245979772119,3.0065414997843224e-08
-0.0004245979772119,3.0065414997843224e-08
-0.0004245979772119,3.0065414997843224e-08
-0.0004245979772119,3.0065414997843224e-08
-0.0004245979772118999,3.006541499784321e-08
-0.0004245979772119,3.0065414997843224e-08
7.099715931797976e-05,3.705429550908492
-0.000424597934684405,3.006540931069734e-08
-0.0004245979772119,3.0065414997843224e-08
-0.0004245979772119,3.0065414997843224e-08
-0.0004245979772119,3.0065414997843224e-08
-0.0004245979772119,3.0065414997843224e-08
-0.0004245979772119,3.006541499784327e-08
-0.0004245979772119,3.0065414997843224e-08
-0.00042459797721189937,3.006541499784314e-08
-0.0004245979772119,3.0065414997843224e-08
-0.0004245979772119,3.0065414997843224e-08
-0.0004245979772119,3.0065414997843224e-08
-0.0004245979772119,3.0065414997843224e-08
89128.96021147231,-8.214133928438795
-0.0004245979772118993,3.0065414998449746e-08
-0.0004245979772119,3.0065414997843224e-08
-0.0004245979772119,3.0065414997843224e-08
-0.0004245979772119,3.0065414997843224e-08
1472122.973383376,11006661533.55298
-0.0004245979772119,3.006541499785545e-08
-0.0004245979772119,3.0065414997843224e-08
-0.0004245979772119,3.0065414997843224e-08
-0.0004245979772119,3.0065414997843224e-08
-0.0004245979772119,3.0065414997843224e-08
-0.0004245979772119,3.0065414997843224e-08
-0.0004245979772119,3.0065414997843224e-08
7.134199717330513e-05,3.708007809399835
-0.00042459795401548323,3.0065411895360426e-08
-0.0004245979772119,3.0065414997843224e-08
-0.0004245979772119,3.0065414997843224e-08
-0.0004245979772119,3.0065414997843224e-08
-0.0004245979772119,3.0065414997843224e-08
0.0004606266249718062,-8.83319273637277e-08
-0.0004245979772119,3.0065414997843224e-08
-0.0004245979772119,3.0065414997843224e-08
-0.0004245979772119,3.0065414997843224e-08
-0.0004245979772119,3.0065414997843224e-08
1.0478913594744117e+22,-1.4015375503594575e+18
9.597218007882098e+21,-1.2836122080230973e+18
7.15169990366095e-05,3.7093162505502413
-0.0004245979601545759,3.006541271645402e-08
-0.0004245979772119,3.0065414997843224e-08
-0.0004245979772119,3.0065414997843224e-08
-0.0004245979772119,3.0065414997843224e-08
-0.0004245979772119,3.0065414997843224e-08
-0.00012349748171158607,2.25124622384253
-0.0004245979772119,3.0065414997843224e-08
-0.0004245979772119,3.0065414997843224e-08
-0.0004245979772119,3.0065414997843224e-08
-0.0004245979772119,3.0065414997843224e-08
-0.0004245979772119,3.0065414997843224e-08
-0.0004245979772119,3.0065414997843224e-08
1.9023205411777728e+17,-25443226028866.68
-0.00042459795955268994,1.5396832123371613e-07
-0.0004244889904732417,3.005083819985017e-08
-0.0004245979772119,3.0065414997843224e-08
-0.0004245979772119,3.0065414997843224e-08
-0.0004245979772119,3.0065414997843224e-08
-0.0004245979772119,3.0065414997843224e-08
-0.0004245979772119,3.0065414997843224e-08
-0.00042450062125192666,1.2925895409666885e-07
-0.0004245979772119,3.0065414997843224e-08
-0.0004245979772119,3.0065414997843224e-08
-0.0004245979772119,3.0065414997843224e-08
-0.0004245979772119,3.006541499784342e-08
7.186445171571772e-05,3.7119140593648963
-0.0004245979768139289,3.0065414944727085e-08
-0.0004245979772119,3.006541499785048e-08
-0.0004245979772119,3.0065414997843224e-08
-0.0004245979772119,3.0065414997843224e-08
-0.0004245979772119,3.0065414997843224e-08
-0.0004245979772119,3.0065414997843224e-08
-0.0004245979772119,3.0065414997843224e-08
-0.0004245979772118999,3.006541499784321e-08
-0.0004245979772119,3.0065414997843224e-08
-0.0004245979772119,3.0065414997843224e-08
-0.0004245979772119,3.0065414997843224e-08
1.050891206736374e+22,1.7415500552903993e+22
2.198801151449554e-05,3.71320295688594
-0.0004245979767730726,3.0065414939150776e-08
-0.0004245979772119,3.0065414997848624e-08
-0.0004245979772119,3.0065414997843224e-08
-0.0004245979772119,3.0065414997843224e-08
-0.0004245979772119,3.0065414997843224e-08
-0.0004245979772109039,3.007286246576614e-08
-0.0004245979772119,3.0065414997843224e-08
-0.0004245979772119,3.0065414997843224e-08
-0.0004245979772119,3.0065414997843224e-08
-0.0004245979772119,3.0065414997843224e-08
-0.0004245979772119,3.0065414997843224e-08
-0.0004245979772119,3.006541499804232e-08
1.9023205411777728e+17,-25443226028866.676
-0.00042459796362416936,3.006541318050648e-08
-0.0004245979772119,3.0065414997843224e-08
-0.0004245979772119,3.0065414997843224e-08
-0.0004245979772119,3.0065414997843224e-08
-0.0004245979772119,3.0065414997843224e-08
-0.00042459797719595504,3.018463132802825e-08
-0.0004245979772119,3.0065414997843224e-08
-0.00042459797721189997,3.006541499784322e-08
-0.0004245979772119,3.0065414997843224e-08
-0.0004245979772119,3.0065414997843224e-08
-0.0004245979772119,3.0065414997843224e-08
-0.0004245979772118931,3.006546695979042e-08
7.238429143437077e-05,3.715800759006646
-0.00042459796601160076,3.006541349982152e-08
-0.00042459797721189997,3.006541550802551e-08
-0.0004245979772119,3.0065414997843224e-08
-0.0004245979772119,3.0065414997843224e-08
-0.0004245979772119,3.0065414997843224e-08
-0.0004245979772119,3.0065414997843224e-08
-0.0004245979772119,3.0065414997843224e-08
-0.0004245979772119,3.0065414997843224e-08
-0.0004245979772119,3.0065414997843224e-08
-0.0004245979772119,3.0065414997843224e-08
-0.0004245979772119,3.0065414997843224e-08
-0.0004245979772119,3.0065414997843224e-08
2.2510466056908235e-05,3.7171092068510014
-0.00042459797092963023,3.0065414157599914e-08
-0.0004245979772119,3.0065414997843224e-08
-0.0004245979772119,3.0065414997843224e-08
-0.0004245979772119,3.0065414997843224e-08
-0.0004245979772119,3.0065414997843224e-08
-0.0004245979772119,3.0065414997843224e-08
-0.0004245979772119,3.0065414997843224e-08
-0.0004245979772119,3.0065414997843224e-08
-0.0004245979772119,3.0065414997843224e-08
-0.0004245979772119,3.0065414997843224e-08
-0.0004225413816537898,2.9790348706425414e-08
2.2699618335640614e+18,1.6971884849738098e+22
4.056481793778457e+29,-5.425478037323989e+25
-0.0004245979734023185,3.0065414488317926e-08
-0.0004245979772119,3.0065414997843224e-08
-0.0004245979772119,3.0065414997843224e-08
-0.0004245979772119,3.0065414997843224e-08
-0.0004245979772119,3.0065414997843224e-08
-0.00042459797721188446,3.0065531392217334e-08
-0.0004245979772119,3.0065414997843224e-08
-0.0004245979772119,3.0065414997843224e-08
-0.0004245979772119,3.0065414997843224e-08
-0.0004245979772119,3.0065414997843224e-08
-0.0004245979772119,3.0065414997843224e-08
-0.0004245979772119,3.006541499784343e-08
7.290413118030863e-05,3.719687458648396
-0.0004245979772119,3.0065414997843224e-08
-0.0004245979772119,3.006541499787627e-08
-0.0004245979772119,3.0065414997843224e-08
-0.0004245979772119,3.0065414997843224e-08
-0.0004245979772119,3.0065414997843224e-08
-0.00034361112160294284,0.60551663717924
-0.0004245979772119,3.006541504186966e-08
-0.0004245979772119,3.0065414997843224e-08
-0.0004245979772119,3.0065414997843224e-08
-0.0004245979772119,3.0065414997843224e-08
-0.0004245979772119,3.0065414997843224e-08
-0.0004245979772119,3.0065414997843224e-08
-2.3021535553652785e+20,3.0790927183103252e+16
-0.0004245979743691924,3.006541461764675e-08
-0.00042459797721172303,3.0065414997891995e-08
-0.0004245979772119,3.0065414997843224e-08
-0.0004245979772119,3.0065414997843224e-08
-0.0004245979772119,3.0065414997843224e-08
-0.0004245979759943622,3.916861311166967e-08
-0.0004245979772119,3.006541504295388e-08
-0.0004245979772119,3.0065414997843224e-08
-0.0004245979772119,3.0065414997843224e-08
-0.0004245979772119,3.0065414997843224e-08
-0.0004245979772119,3.0065414997843224e-08
2.2503779591939674e+18,1.6825461568162872e+22
7.325155194401413e-05,3.7222850290444742
-0.0004245979747102529,3.0065414663258956e-08
-0.0004245979772118807,3.006541499789699e-08
-0.0004245979772119,3.0065414997843224e-08
-0.0004245979772119,3.0065414997843224e-08
-0.0004245979772119,3.0065414997843224e-08
52007075.53440787,-6955.8612719826715
-0.0004245979772119,3.0065415037966546e-08
-0.0004245979772119,3.0065414997843224e-08
-0.0004245979772119,3.0065414997843224e-08
-0.0004245979772119,3.0065414997843224e-08
-0.0004245979772119,3.0065414997843224e-08
-0.00035351139442654805,0.5314950004015848
7.342658572272122e-05,3.7235937086134574
-0.0004245979772119,3.0065414997849365e-08
-0.0004245979772119,3.006541499786642e-08
-0.0004245979772119,3.0065414997843224e-08
-0.0004245979772119,3.0065414997843224e-08
-0.0004245979772119,3.0065414997843224e-08
-0.0004245979772119,3.0065414997850325e-08
-0.0004245979772119,3.0065414997843224e-08
-0.0004245979772119,3.0065414997843224e-08
-0.0004245979772119,3.0065414997843224e-08
-0.0004245979772119,3.0065414997843224e-08
-0.0004245979772119,3.0065414997843224e-08
1.7089385713332554e+18,1.2777267097220302e+22
-2.3021535553652785e+20,3.0790927183103252e+16
-0.00042459797554185723,3.0065414774481655e-08
-0.0004245979772119,3.006541499786843e-08
-0.0004245979772119,3.0065414997843224e-08
-0.0004245979772119,3.0065414997843224e-08
-0.0004245979772119,3.0065414997843224e-08
-0.000424316301419746,0.00210604305590283
-0.0004245979772119,3.006541499784825e-08
-0.0004245979772119,3.0065414997843224e-08
-0.0004245979772119,3.006541499784324e-08
-0.0004245979772119,3.0065414997843224e-08
-0.0004245979772119,3.0065414997843224e-08
-0.0004245979772119,3.0065414997843224e-08
7.377139166266718e-05,3.726171728686224
-0.000424597975641333,3.006541478778661e-08
-0.0004245979772119,3.006541499786355e-08
-0.0004245979772119,3.0065414997843224e-08
-0.0004245979772119,3.0065414997843224e-08
-0.0004245979772119,3.0065414997843224e-08
-0.00042459797721189975,3.006541693227926e-08
-0.0004245979772119,3.006541503970128e-08
-0.0004245979772119,3.0065414997843224e-08
-0.0004245979772119,3.0065414997843224e-08
-0.0004245979772119,3.0065414997843224e-08
-0.0004245979772119,3.0065414997843224e-08
2144.4397417683554,-0.28681533399760817
0.05882394575092413,3.7274725505389092
-0.0004245979772119,3.0065414997843224e-08
-0.0004245979772119,3.0065414997843224e-08
-0.0004245979772119,3.0065414997843224e-08
-0.0004245979772119,3.0065414997843224e-08
-0.0004245979772119,3.0065414997843224e-08
1.2808528786084337e+23,9.576587255243126e+26
-0.0004245979772119,3.006541502994344e-08
-0.0004245979772119,3.0065414997843224e-08
-0.0004245979772119,3.0065414997843224e-08
-0.0004245979772119,3.0065414997843224e-08
-0.0004245979772119,3.0065414997843224e-08
-0.0004245979772119,3.0065414997843224e-08
-4.932681909591636e+32,6.597381358062709e+28
-0.0004245979772119,3.0065414997843224e-08
-0.0004245979772119,3.0065414997856194e-08
-0.0004245979772119,3.0065414997843224e-08
-0.0004245979772119,3.0065414997843224e-08
-0.0004245979772119,3.0065414997843224e-08
8.721391085035356e+19,6.520745989475464e+23
-0.00042459797721189997,3.006541502451851e-08
-0.0004245979772119,3.0065414997843224e-08
-0.0004245979772119,3.0065414997843224e-08
-0.0004245979772119,3.0065414997843224e-08
-0.0004245979772119,3.0065414997843224e-08
-0.0004245979772119,3.0065414997843224e-08
7.429119762087809e-05,3.730058428327978
-0.000424597976245294,3.0065414868561254e-08
-0.0004245979772119,3.0065414997843224e-08
-0.0004245979772119,3.0065414997843224e-08
-0.0004245979772119,3.0065414997843224e-08
-0.0004245979596460531,1.614004562201821e-07
-0.0004245979729754187,6.174042932574192e-08
-0.0004245979772119,3.0065414997845196e-08
-0.0004245979772119,3.0065414997843224e-08
-0.0004245979772119,3.0065414997843224e-08
-0.0004245979772119,3.0065414997843224e-08
-0.0004245979772119,3.0065414997843224e-08
-0.0004245979772119,3.0065414997843224e-08
126443838357.04689,-16911652.793586805
-0.0004245979761529226,3.006541485620672e-08
-0.0004245979772119,3.0065414997843224e-08
-0.0004245979772119,3.0065414997843224e-08
-0.0004245979772119,3.0065414997843224e-08
-0.0004245979772119,3.0065414997843224e-08
-0.0004245979772119,3.006541499787253e-08
-0.0004245979772119,3.006541502169958e-08
-0.0004245979772119,3.0065414997843224e-08
-0.0004245979772119,3.0065414997843224e-08
-0.0004245979772119,3.0065414997843224e-08
-0.0004245979772119,3.0065414997843224e-08
-0.0004245979772119,3.0065414997843224e-08
7.463868406040514e-05,3.7326562371426286
-0.0004245979761102901,3.00654148505047e-08
-0.0004245979772119,3.006541499784324e-08
-0.0004245979772119,3.0065414997843224e-08
-0.0004245979772119,3.0065414997843224e-08
-0.0004245979772119,3.0065414997843224e-08
9709318.912732221,-1298.60552068249
-0.0004245979772119,3.00654150207238e-08
-0.0004245979772119,3.0065414997843224e-08
-0.0004245979772119,3.0065414997843224e-08
-0.0004245979772119,3.0065414997843224e-08
-0.0004245979772119,3.0065414997843224e-08
-0.0004245979772119,3.0065414997843224e-08
-71.67992485297637,3.7435322106601756
-0.0004245979772119,3.0065414997843224e-08
-0.0004245979772119,3.0065414997843224e-08
-0.0004245979772119,3.0065414997843224e-08
-0.0004245979772119,3.0065414997843224e-08
-0.0004245979772119,3.0065415005655846e-08
-0.0004245979772119,3.006541500031058e-08
-0.0004245979772119,3.0065414997843224e-08
-0.0004245979772119,3.0065414997843224e-08
-0.0004245979772119,3.0065414997843224e-08
-0.0004245979772119,3.0065414997843224e-08
144.26938001983171,-0.019295820284596307
1.352859161453241e+18,1.0114958571813219e+22
2.7200829977460495e+23,-3.6380665103942963e+19
-0.0004245979772119,3.0065414997843224e-08
-0.0004245979772119,3.006541499784324e-08
-0.0004245979772119,3.0065414997843224e-08
-0.0004245979772119,3.0065414997843224e-08
-0.00042459797721189997,3.006541499784322e-08
-0.0004149940777726343,0.0022185171717517063
-0.0004245979772119,3.0065414997843224e-08
-0.0004245979772119,3.0065414997843224e-08
-0.0004245979772119,3.0065414997843224e-08
-0.0004245979772119,3.0065414997843224e-08
-0.0004245979772119,3.0065414997843224e-08
-0.0004245979772119,3.0065414997843224e-08
7.516113860281772e-05,3.73656248710769
-0.0004245979772119,3.0065414997843224e-08
-0.0004245979772119,3.0065414997843224e-08
-0.0004245979772119,3.0065414997843224e-08
-0.0004245979772119,3.0065414997843224e-08
-0.0004245979772119,3.0065415005383525e-08
-0.00042459797721189997,3.0065414998322274e-08
-0.0004245979772119,3.006541499784388e-08
-0.0004245979772119,3.0065414997843224e-08
-0.0004245979772119,3.0065414997843224e-08
-0.0004245979772119,3.0065414997843224e-08
-0.0004245979772119,3.0065414997843224e-08
36240916155.849495,-4847163.247660349
-71.67992433052183,3.747438460625237
-0.0004245979767677433,3.006541493843799e-08
-0.0004245979772119,3.0065414997843224e-08
-0.0004245979772119,3.0065414997843224e-08
-0.0004245979772119,3.0065414997843224e-08
-0.0004245979772119,3.0065414997843224e-08
304.68078689934345,2278018.2296247235
-0.0004245979772119,3.006541499784368e-08
-0.0004245979772119,3.0065414997843224e-08
-0.0004245979772119,3.006541499784324e-08
-0.0004245979772119,3.0065414997843224e-08
-0.0004245979772119,3.0065414997843224e-08
1.3817750794879954e+18,1.0331154995891317e+22
5.848603097450632e+35,-7.822410962847391e+31
-0.0004245979767534651,3.00654149365283e-08
-0.0004245979772119,3.0065414997843224e-08
-0.0004245979772119,3.0065414997843224e-08
-0.0004245979772119,3.0065414997843224e-08
-0.0004245979772119,3.0065414997843224e-08
-0.0004245979772119,3.0065414997843224e-08
-0.0004245979772119,3.0065414997843634e-08
-0.0004245979772119,3.0065414997843224e-08
-0.0004245979772119,3.0065414997843224e-08
-0.0004245979772119,3.0065414997843224e-08
-0.0004245979772119,3.0065414997843224e-08
-0.0004245979772119,3.006541499795855e-08
7.568097832147077e-05,3.74044918674944
-0.0004245979767855071,3.006541494081387e-08
-0.0004245979772119,3.0065414997843224e-08
-0.0004245979772119,3.0065414997843224e-08
-0.0004245979772119,3.0065414997843224e-08
0.004625202729181989,37.75598113767663
1.931768239557544e+29,-2.5837084177215176e+25
-0.0004245979772119,3.006541499784356e-08
-0.0004245979772119,3.0065414997843224e-08
-0.0004245979772119,3.0065414997843224e-08
-0.0004245979772119,3.0065414997843224e-08
-0.0004245979772119,3.0065414997843224e-08
-0.0004245979772119,3.0065414997843224e-08
-151996492104047.9,20329282164.593433
-0.0004245979768121525,3.006541494437765e-08
-0.0004245979772119,3.006541499786006e-08
-0.0004245979772119,3.0065414997843224e-08
-0.0004245979772119,3.0065414997843224e-08
-0.0004245979772119,3.0065414997843224e-08
-0.0004245979772119,3.006541500527425e-08
-0.0004245979772119,3.006541500312969e-08
-0.0004245979772119,3.0065414997843224e-08
-0.0004245979772119,3.0065414997843224e-08
-0.0004245979772119,3.0065414997843224e-08
-0.0004245979772119,3.0065414997843224e-08
553073.0571285438,-73.97261661996949
5.848603097450632e+35,-7.822410962847391e+31
-0.00042459797701913164,3.0065414972060765e-08
-0.0004245979772119,3.006541499786155e-08
-0.0004245979772119,3.0065414997843224e-08
-0.0004245979772119,3.0065414997843224e-08
-0.0004245979772119,3.0065414997843224e-08
-0.00042459797721189975,3.0065416927364776e-08
-0.0004245979772119,3.006541500933774e-08
-0.0004245979772119,3.0065414997843224e-08
-0.0004245979772119,3.0065414997843224e-08
-0.0004245979772119,3.0065414997843224e-08
-0.0004245979772119,3.0065414997843224e-08
9.962126668025563e+21,-1.3324181443463954e+18
7.624254129038287e-05,3.7443358863856093
-0.0004245979772119,3.0065414997843224e-08
-0.0004245979772119,3.0065414997843224e-08
-0.0004245979772119,3.0065414997843224e-08
-0.0004245979772119,3.0065414997843224e-08
-0.0004245979772119,3.0065415005758985e-08
-0.0004245979772119,3.00654149978719e-08
-0.0004245979772119,3.0065414997843224e-08
-0.0004245979772119,3.0065414997843224e-08
-0.0004245979772119,3.0065414997843224e-08
-0.0004245979772119,3.0065414997843224e-08
-0.0004245979772119,3.0065414997843224e-08
-0.0004245979772119,3.0065414997843224e-08
-3.21864395529427e+26,4.304883634926623e+22
-0.0004245979772119,3.0065414997843224e-08
-0.0004245979772119,3.0065414997843224e-08
-0.0004245979772119,3.0065414997843224e-08
-0.0004245979772119,3.0065414997843224e-08
-0.00034883569891516395,0.5664538991100503
-0.0004245979772119,3.006541499784506e-08
-0.0004245979772119,3.006541500437652e-08
-0.0004245979772119,3.0065414997845964e-08
-0.0004245979772119,3.0065414997843224e-08
-0.0004245979772119,3.0065414997843224e-08
-0.0004245979772119,3.0065414997843224e-08
-0.0004245979772119,3.0065414997843224e-08
7.654823883111413e-05,3.746933456787268
-0.0004245979772119,3.006541499784339e-08
-0.0004245979772119,3.0065414997843224e-08
-0.0004245979772119,3.0065414997843224e-08
-0.0004245979772119,3.0065414997843224e-08
-0.0004245979772119,3.0065414997843224e-08
2.169431278464246e+19,1.622024533765193e+23
-0.0004245979772119,3.006541500291285e-08
-0.0004245979772119,3.0065414997843224e-08
-0.0004245979772119,3.0065414997843224e-08
-0.0004245979772119,3.0065414997843224e-08
-0.0004245979772119,3.0065414997843224e-08
-0.0004245979772119,3.0065414997843224e-08
89128.96021702338,-8.17263002256002
-0.0004245979772119,3.0065414997843356e-08
-0.0004245979772119,3.0065414997843224e-08
-0.0004245979772119,3.0065414997843224e-08
-0.0004245979772119,3.0065414997843224e-08
-0.0004245979772119,3.0065414997843224e-08
-0.0004245979772119,3.0065414997843224e-08
-0.0004245979772119,3.00654150026689e-08
-0.0004245979772119,3.0065414997844336e-08
-0.0004245979772119,3.0065414997843224e-08
-0.0004245979772119,3.0065414997843224e-08
-0.0004245979772119,3.0065414997843224e-08
-0.0004245979772119,3.0065414997843224e-08
-3.21864395529427e+26,4.304883634926623e+22
-0.0004245979772119,3.0065414997843224e-08
-0.0004245979772119,3.0065414997843224e-08
-0.0004245979772119,3.0065414997843224e-08
-0.0004245979772119,3.0065414997843224e-08
-0.0004245979772119,3.0065414997843224e-08
-0.0004245979771990105,3.009657617073331e-08
-0.0004245979772119,3.006541500231654e-08
-0.0004245979772119,3.0065414997845156e-08
-0.0004245979772119,3.0065414997843224e-08
-0.0004245979772119,3.0065414997843224e-08
-0.0004245979772119,3.0065414997843224e-08
-0.0004245979772119,3.0065414997843224e-08
126443838357.04689,-16911652.774543837
-0.0004245979772119,3.0065414997843224e-08
-0.0004245979772119,3.0065414997843224e-08
-0.0004245979772119,3.0065414997843224e-08
-0.0004245979772119,3.0065414997843224e-08
-0.0004245979772119,3.0065414997843224e-08
-0.0004245979772119,3.0065414997843224e-08
-0.0004245979772119,3.0065415001231845e-08
-0.0004245979772119,3.0065414997843224e-08
-0.0004245979772119,3.0065414997843224e-08
-0.0004245979772119,3.0065414997843224e-08
-0.0004245979772119,3.0065414997843224e-08
1.0331055916700402e+22,-1.3817618278082988e+18
7.709939078634606e-05,3.7510545218901825
-0.0004245979772119,3.0065414997843224e-08
-0.0004245979772119,3.006541499784324e-08
-0.0004245979772119,3.0065414997843224e-08
-0.0004245979772119,3.0065414997843224e-08
-0.0004245979772119,3.0065414997843224e-08
-0.0004245979772119,3.006541499784501e-08
-0.0004245979772119,3.006541500087948e-08
-0.0004245979772119,3.0065414997843224e-08
-0.0004245979772119,3.0065414997843224e-08
-0.0004245979772119,3.0065414997843224e-08
-0.0004245979772119,3.0065414997843224e-08
0.00010574994458666543,-4.0867751922113725e-08
7.718564995466682e-05,3.7516992057223026
-0.0004245979772119,3.006541499784331e-08
-0.0004245979772119,3.0065414997843244e-08
-0.0004245979772119,3.0065414997843224e-08
-0.0004245979772119,3.0065414997843224e-08
-0.0004245979772119,3.0065414997843224e-08
-0.0004245979729439102,6.197600976767608e-08
-0.0004245979772119,3.0065415001069215e-08
-0.0004245979772119,3.006541499784465e-08
-0.0004245979772119,3.0065414997843224e-08
-0.0004245979772119,3.0065414997843224e-08
-0.0004245979772119,3.0065414997843224e-08
-0.0004245979772119,3.006541499784368e-08
1.9023205411777728e+17,-25443226028866.637
-0.0004245979772119,3.00654149978433e-08
-0.0004245979772119,3.0065414997843515e-08
-0.0004245979772119,3.0065414997843224e-08
-0.0004245979772119,3.0065414997843224e-08
-0.0004245979772119,3.0065414997843224e-08
-0.0004245979772119,3.0065414997845024e-08
-0.0004245979772119,3.00654150007304e-08
-0.0004245979772119,3.006541499784479e-08
-0.0004245979772119,3.0065414997843224e-08
-0.0004245979772119,3.0065414997843224e-08
-0.0004245979772119,3.0065414997843224e-08
-0.0004245979772119,3.0065414997843224e-08
7.736061805755246e-05,3.7530076468727134
-0.0004245979770990846,3.006541498275442e-08
-0.0004245979772119,3.0065414997844706e-08
-0.0004245979772119,3.0065414997843224e-08
-0.0004245979772119,3.0065414997843224e-08
-0.0004245979772119,3.0065414997843224e-08
5.541166176030556e+21,4.14297865639423e+25
-0.0004245979772119,3.0065415000364484e-08
-0.0004245979772119,3.0065414997843224e-08
-0.0004245979772119,3.0065414997843224e-08
-0.0004245979772119,3.0065414997843224e-08
-0.0004245979772119,3.0065414997843224e-08
1.3919008686490401e+18,1.0406862756750075e+22
7.744687722587311e-05,3.753652330704833
-0.0004245979771279504,3.00654149866151e-08
-0.0004245979772119,3.006541499784558e-08
-0.0004245979772119,3.0065414997843224e-08
-0.0004245979772119,3.0065414997843224e-08
-0.0004245979772119,3.0065414997843224e-08
-0.0004245979772119,3.0065414997843224e-08
-0.0004245979772119,3.006541499995791e-08
-0.0004245979772119,3.0065414997843224e-08
-0.0004245979772119,3.0065414997843224e-08
-0.0004245979772119,3.0065414997843224e-08
-0.0004245979772119,3.0065414997843224e-08
-0.0004245979772119,3.0065414997843224e-08
2.7200829977460495e+23,-3.6380665103942963e+19
-0.00042459797714528664,3.0065414988933794e-08
-0.0004245979772119,3.0065414997845686e-08
-0.0004245979772119,3.0065414997843224e-08
-0.0004245979772119,3.0065414997843224e-08
-0.0004245979772119,3.0065414997843224e-08
-0.0004245979772119,3.0065415027991714e-08
-0.0004245979772119,3.006541500014764e-08
-0.0004245979772119,3.0065414997843224e-08
-0.0004245979772119,3.0065414997843224e-08
-0.0004245979772119,3.0065414997843224e-08
-0.0004245979772119,3.0065414997843224e-08
-0.0004245979772119,3.0065414997843224e-08
2.7571744436530755e-05,3.7549510033875326
-0.0004245979772119,3.0065414997843224e-08
-0.0004245979772119,3.006541499784341e-08
-0.0004245979772119,3.0065414997843224e-08
-0.0004245979772119,3.0065414997843224e-08
-0.0004245979772119,3.0065414997843224e-08
1.6903584384300205e+22,-2.2608267580476214e+18
-0.0004245979772119,3.0065415000201853e-08
-0.0004245979772119,3.0065414997843224e-08
-0.0004245979772119,3.0065414997843224e-08
-0.0004245979772119,3.0065414997843224e-08
-0.0004245979772119,3.0065414997843224e-08
-0.0004245979772119,3.006541499784323e-08
7.770679708519958e-05,3.7555956805257082
-0.00042459797716548435,3.006541499163525e-08
-0.0004245979772119,3.006541499784664e-08
-0.0004245979772119,3.0065414997843224e-08
-0.0004245979772119,3.006541499784323e-08
-0.0004245979772119,3.0065414997843224e-08
-0.0004245979772119,3.0065414997843224e-08
-0.0004245979772119,3.006541500028317e-08
-0.0004245979772119,3.0065414997843224e-08
-0.0004245979772119,3.0065414997843224e-08
-0.0004245979772119,3.0065414997843224e-08
-0.0004245979772119,3.0065414997843224e-08
1.0921933812025948e+22,-1.4607907796637169e+18
4.056481793778457e+29,-5.425478037323989e+25
-0.00042459797715704666,3.0065414990506675e-08
-0.0004245979772119,3.0065414997843224e-08
-0.0004245979772119,3.0065414997843224e-08
-0.0004245979772119,3.006541499784591e-08
-0.0004245979772119,3.006541499788283e-08
-0.0004245979772119,3.0065414997843224e-08
-0.0004245979772119,3.00654150001883e-08
-0.0004245979772119,3.0065414997843224e-08
-0.0004245979772119,3.0065414997843224e-08
-0.0004245979772119,3.0065414997843224e-08
-0.0004245979772119,3.0065414997843224e-08
-0.0004245979772119,3.0065414997843224e-08
-71.67992178355594,3.7664814292049105
-0.0004245979771550399,3.006541499023827e-08
-0.0004245979772119,3.0065414997843224e-08
-0.0004245979772119,3.0065414997843224e-08
-0.0004245979772119,3.006541506077202e-08
-0.00042459795678158606,1.82817294109391e-07
-0.0004245979772119,3.0065414997843224e-08
-0.0004245979772119,3.006541499982238e-08
-0.0004245979772118793,3.006541501692712e-08
-0.0004245979772119,3.0065414997843284e-08
-0.0004245979772119,3.0065414997843224e-08
-0.0004245979772119,3.0065414997843224e-08
-0.0004245979772119,3.0065414997843224e-08
7.796671694452616e-05,3.757539030346583
-0.0004245979772119,3.0065415022025214e-08
-0.0004245979772118806,3.0065414997840637e-08
-0.0004245979772119,3.0065414997843224e-08
-0.0004245979772119,3.006541499784331e-08
-0.0004245979772119,3.0065414997843224e-08
-0.0004245979772119,3.0065414997843224e-08
-0.0004245979772119,3.006541499984949e-08
-0.0004245979772119,3.0065414997843224e-08
-0.0004245979772119,3.0065414997843224e-08
-0.0004245979772119,3.0065414997843224e-08
-0.0004245979772119,3.0065414997843224e-08
1.2913895049693613e+22,-1.727212336460598e+18
5.848603097450632e+35,-7.822410962847391e+31
-0.0004245979772119,3.006541499784326e-08
-0.0004245979772119,3.006541499784324e-08
-0.0004245979772119,3.0065414997843224e-08
-0.0004245979772119,3.006541499784332e-08
-0.0004245979772119,3.0065414997843224e-08
-0.0004245979772119,3.0065414997843224e-08
-0.0004245979772119,3.006541499974107e-08
-0.0004245979772119,3.0065414997843224e-08
-0.0004245979772119,3.0065414997843224e-08
-0.0004245979772119,3.0065414997843224e-08
-0.0004245979772119,3.0065414997843224e-08
11.625813167296782,-0.0015549602157923568
-107374183.03953363,14364.880160871084
-0.00042459797717991725,3.0065414993565575e-08
-0.0004245979772119,3.0065414997843224e-08
-0.0004245979772119,3.0065414997843224e-08
-0.0004245979772119,3.0065414997843224e-08
-0.0004245979772119,3.0065414997843224e-08
-0.0004245979772119,3.0065414997843224e-08
-0.0004245979772119,3.0065414997843224e-08
-0.0004245979772119,3.006541499784325e-08
-0.0004245979772119,3.0065414997843224e-08
-0.0004245979772119,3.0065414997843224e-08
-0.0004245979772119,3.006541499785038e-08
-0.00042459797705024076,3.006541497622156e-08
7.822794421573245e-05,3.759492155329114
-0.0004245979772119,3.0065414997843224e-08
-0.0004245979772119,3.0065414997843224e-08
-0.0004245979772118996,3.0065418135087004e-08
-0.0004245979772119,3.006541500348384e-08
-0.0004245979772119,3.0065414997843224e-08
-0.0004245979772119,3.0065414997843224e-08
-0.0004245979772119,3.006541499784326e-08
-0.0004245979772119,3.0065414997843224e-08
-0.00042459797718413865,3.006541499413019e-08
-0.0004245979772119,3.0065414997843224e-08
-0.0004245979772119,3.0065414997843224e-08
1.352116766215682e+18,1.0109407885322132e+22
5.848603097450632e+35,-7.822410962847391e+31
-0.0004245979771825818,3.0065414993921984e-08
-0.0004245979772119,3.0065414997843224e-08
-0.0004245979772119,3.0065414997843224e-08
-0.00042459797721186186,3.0065415000292506e-08
-0.0004245979772119,3.0065414997843224e-08
-0.0004245979772119,3.0065414997843224e-08
-0.0004245979772119,3.0065414998653107e-08
-0.0004245979772119,3.0065414997843224e-08
-0.0004245979772119,3.0065414997843224e-08
-0.0004245979772119,3.0065414997843224e-08
-0.0004245979772119,3.0065414997843224e-08
-0.00012987602539226594,2.203555594309983
-151996492104047.9,20329282164.612476
-0.000424597977187804,3.006541499462045e-08
-0.0004245979772119,3.0065414997843224e-08
-0.0004245979772119,3.0065414997843224e-08
-0.0004245979772119,3.006541499797282e-08
-0.0004245979772119,3.0065414997843224e-08
-0.0004245979772119,3.0065414997843224e-08
-0.0004245979772119,3.0065414998703935e-08
-0.0004245979772119,3.0065414997843224e-08
-0.0004245979772119,3.0065414997843224e-08
-0.0004245979772119,3.0065414997843224e-08
-0.0004245979772119,3.0065414997843224e-08
-0.0004245979772119,3.0065414997843224e-08
7.852827991343815e-05,3.7614257299827525
-0.00042459797718458436,3.00654149941898e-08
-0.0004245979772119,3.0065414997843224e-08
-0.0004245979772119,3.0065414997843224e-08
-0.0004245979772119,3.0065414997843224e-08
-0.0004245979772119,3.0065414997843224e-08
-0.0004245979772119,3.0065414997843224e-08
-0.0004245979772119,3.006541499784326e-08
-0.0004245979772119,3.0065414997843224e-08
-0.0004245979772119,3.0065414997843224e-08
-0.0004245979772119,3.0065414997843224e-08
-0.0004245979772119,3.0065414997843224e-08
-0.0004245979772119,3.0065414997843224e-08
7.857405759484294e-05,3.762079950563536
-0.0004245979772119,3.006541499784326e-08
-0.0004245979772119,3.0065414997843224e-08
-0.0004245979772119,3.0065414997843224e-08
-0.0004245979772119,3.0065414997843224e-08
-0.0004245979772119,3.0065414997843224e-08
-0.0004245979772119,3.0065414997843224e-08
-0.0004245979772119,3.006541499859551e-08
-0.0004245979772119,3.006541499784326e-08
-0.0004245979772119,3.0065414997843224e-08
-0.0004245979772119,3.0065414997843224e-08
-0.0004245979772119,3.0065414997843224e-08
-0.0004245979772119,3.0065414997843224e-08
-2.3021535553652785e+20,3.0790927183103252e+16
-0.0004245979771891363,3.0065414994798643e-08
-0.0004245979772119,3.0065414997843224e-08
-0.0004245979772119,3.0065414997843224e-08
-0.0004245979772119,3.0065414997843224e-08
-0.0004245979772119,3.0065414997843224e-08
-0.0004245979772119,3.0065414997843224e-08
-0.0004245979772119,3.0065414998581956e-08
-0.0004245979772119,3.0065414997843224e-08
-0.0004245979772119,3.006541499784327e-08
-0.0004245979772119,3.0065414997843224e-08
-0.0004245979772119,3.0065414997843224e-08
-0.0004245979772119,3.0065414997843224e-08
7.878950718464444e-05,3.763378854965283
-0.000424597977187804,3.0065414994620456e-08
-0.0004245979772119,3.006541499784325e-08
-0.0004245979772119,3.0065414997843224e-08
-0.0004245979772119,3.0065414997843224e-08
-0.0004245979772119,3.0065414997843224e-08
1.1514878859561969e+22,-1.5400962097455363e+18
-0.0004245979772119,3.006541499826172e-08
-0.0004245979772119,3.0065414997843224e-08
-0.0004245979772119,3.0065414997843224e-08
-0.0004245979772119,3.0065414997843224e-08
-0.0004245979772119,3.0065414997843224e-08
1.0478632119769923e+22,-1.401499903542137e+18
7.883397745416952e-05,3.764023300384411
-0.0004245979772119,3.006541499784326e-08
-0.0004245979772119,3.006541499784325e-08
-0.0004245979772119,3.0065414997843224e-08
-0.0004245979772119,3.0065414997843224e-08
-0.0004245979772119,3.0065414997843224e-08
-0.0004192095195076048,0.04028805708100281
-0.0004245979772119,3.0065414998268494e-08
-0.0004245979772119,3.0065414997843224e-08
-0.0004245979772119,3.0065414997843224e-08
-0.0004245979772119,3.0065414997843224e-08
-0.0004245979772119,3.0065414997843224e-08
1.361986707606217e+18,1.0183202742256273e+22
-3.21864395529427e+26,4.304883634926623e+22
-0.00042459797721187075,3.0065414997839306e-08
-0.0004245979772119,3.0065414997843224e-08
-0.0004245979772119,3.0065414997843224e-08
-0.0004245979772119,3.0065414997843224e-08
-0.0004245979772119,3.0065414997843224e-08
1246.6648556373545,9320975.91663031
-0.0004245979772119,3.006541499830074e-08
-0.0004245979772119,3.0065414997843244e-08
-0.0004245979772119,3.0065414997843224e-08
-0.0004245979772119,3.0065414997843224e-08
-0.0004245979772119,3.0065414997843224e-08
-0.0004245979772119,3.0065414997843224e-08
0.05882900702930375,3.7653143470754404
-0.0004245979772119,3.0065414997843224e-08
-0.0004245979772119,3.0065414997843224e-08
-0.0004245979772119,3.0065414997843224e-08
-0.0004245979772119,3.0065414997843224e-08
-0.0004245979772119,3.0065414997843224e-08
-0.0004245979772119,3.006541499784369e-08
-0.0004245979772119,3.0065414998248165e-08
-0.0004245979772119,3.0065414997843224e-08
-0.0004245979772119,3.0065414997843224e-08
-0.0004245979772119,3.0065414997843224e-08
-0.0004245979772119,3.0065414997958526e-08
-0.0004245979772119,3.0065414997843224e-08
7.909389731349599e-05,3.7659666502052858
-0.0004245979772119,3.006541499784324e-08
-0.0004245979772119,3.0065414997843224e-08
-0.0004245979772119,3.0065414997843224e-08
-0.0004245979772119,3.0065414997843224e-08
-0.00042459795914880137,1.6511827157581052e-07
-0.0004245979772119,3.006541499784323e-08
-0.0004245979772119,3.0065414997843224e-08
-0.0004245979772119,3.0065414997843224e-08
-0.0004245979772119,3.0065414997843224e-08
-0.0004245979772119,3.0065414997843224e-08
-0.0004245979772119,3.0065414997843224e-08
6.398123388304628e+17,-85573853620089.81
-3.21864395529427e+26,4.304883634926623e+22
-0.0004245979772119,3.006541499784325e-08
-0.0004245979772119,3.0065414997843224e-08
-0.0004245979772119,3.0065414997843224e-08
-0.0004245979772119,3.0065414997843224e-08
-0.0004245979772119,3.0065414997843224e-08
1.0996880464554488e+22,-1.470814771830727e+18
-0.0004245979772119,3.006541499784324e-08
-0.0004245979772119,3.0065414997843224e-08
-0.0004245979772119,3.0065414997843224e-08
-0.0004245979772119,3.0065414997843224e-08
-0.0004245979772119,3.0065414997843224e-08
-0.00042459797721189997,3.006541499784322e-08
89128.96021957035,-8.153587053980345
-0.0004245979772119,3.006541499784325e-08
-0.0004245979772119,3.0065414997843224e-08
-0.0004245979772119,3.0065414997843224e-08
-0.0004245979772119,3.0065414997843224e-08
-0.0004245979772119,3.0065414997843224e-08
-0.0004245979772119,3.0065414997843224e-08
-0.0004245979772119,3.006541499784325e-08
-0.0004245979772119,3.0065414997843224e-08
-0.0004245979772119,3.0065414997843224e-08
-0.0004245979772119,3.0065414997843244e-08
-0.0004245979772119,3.0065414997843224e-08
-0.0004245979772119,3.0065414997843224e-08
7.935381717279915e-05,3.7679100000261605
-0.0004245979772061536,3.0065414997074674e-08
-0.0004245979772119,3.0065414997843224e-08
-0.0004245979772119,3.0065414997843224e-08
-0.0004245979772119,3.0065414997843224e-08
-0.0004245979772119,3.0065414997843224e-08
0.017903135942356544,137.0314624274601
-0.0004245979772119,3.0065414998148215e-08
-0.0004245979772119,3.0065414997843224e-08
-0.0004245979772119,3.0065414997843224e-08
-0.0004245979772119,3.0065414997843224e-08
-0.0004245979772119,3.0065414997843224e-08
-0.0004245979772119,3.0065414997843224e-08
-4.932681909591636e+32,6.597381358062709e+28
-0.0004245979772119,3.006541499784325e-08
-0.0004245979772119,3.0065414997843224e-08
-0.0004245979772119,3.0065414997843224e-08
-0.0004245979772119,3.0065414997843224e-08
-0.0004245979772119,3.0065414997843224e-08
-0.0004245979772119,3.0065414997843224e-08
-0.0004245979772119,3.0065414997843244e-08
-0.0004245979772119,3.0065414997843224e-08
-0.0004245979772118597,3.006541499783787e-08
-0.0004245979772119,3.0065414997843224e-08
-0.0004245979772119,3.0065414997843224e-08
-0.0004245979772119,3.0065414997843224e-08
89128.96021983158,-8.151633928997814
-0.00042459797720662543,3.00654149971378e-08
-0.0004245979772119,3.006541499784328e-08
-0.0004245979772119,3.0065414997843224e-08
-0.0004245979772119,3.0065414997843224e-08
-0.0004245979772119,3.0065414997843224e-08
1.1291442899147624e+22,-1.5102120155693002e+18
-0.0004245979772119,3.006541499810417e-08
-0.00042459796834199006,3.006541381150728e-08
-0.0004245979772119,3.006541499784326e-08
-0.0004245979772119,3.0065414997843224e-08
-0.0004245979772119,3.0065414997843224e-08
21587662526888.57,1.6140505851858378e+17
7.961504444400544e-05,3.7698631250086914
-0.0004245979772103564,3.007695643394951e-08
-0.0004245979772119,3.0065414997843224e-08
-0.0004245979772119,3.0065414997843224e-08
-0.0004245979772119,3.0065414997843224e-08
-0.0004245979772119,3.0065414997873505e-08
-0.00042431126198325765,0.002142225403237538
-0.0004245979772119,3.0065414998114334e-08
-0.0004245979772119,3.0065414997843224e-08
-0.0004245979772119,3.006541499784325e-08
-0.0004245979772119,3.0065414997843224e-08
-0.0004245979772119,3.0065414997843224e-08
-0.0004245979772119,3.0065414997843224e-08
7.969996244002766e-05,3.77049803367916
-0.0004245979772119,3.006541499784325e-08
-0.0004245979772119,3.006541499784339e-08
-0.0004245979772119,3.0065414997843224e-08
-0.0004245979772119,3.0065414997843224e-08
-0.0004245979772119,3.0065414997843224e-08
-0.0004245979772119,3.006541500537978e-08
-0.0004245979772119,3.0065414998097393e-08
-0.0004245979772119,3.0065414997843244e-08
-0.0004245979772119,3.0065414997843224e-08
-0.0004245979772119,3.0065414997843224e-08
-0.0004245979772119,3.0065414997843224e-08
9565709971913.303,-1279398059.7577186
1.9023205411777728e+17,-25443226028866.62
-0.0004245979772110571,3.0065490510189863e-08
-0.0004245979771550364,3.006541499023781e-08
-0.0004245979772119,3.0065414997843224e-08
-0.0004245979772119,3.0065414997843224e-08
-0.0004245979772119,3.0065414997843224e-08
-0.0004245979772119,3.006541499784323e-08
-0.0004245979772119,3.0065414998055015e-08
-0.0004245979771554916,3.006541499029871e-08
-0.0004245979772119,3.0065414997843224e-08
-0.0004245979772119,3.0065414997843224e-08
-0.0004245979772119,3.0065414997843224e-08
9.962984603746904e+21,-1.3325328918455882e+18
7.98749305429133e-05,3.7718064748295705
-0.0004245979772119,3.0065414997843224e-08
-0.0004245979772119,3.0065414997843224e-08
-0.0004245979772119,3.0065414997843224e-08
-0.0004245979772119,3.0065414997843224e-08
1.3916311668497564e+18,1.0404846270034957e+22
-0.0004245979772119,3.0065414997843224e-08
-0.0004245979772119,3.0065414997843224e-08
-0.0004245979772119,3.0065414997843224e-08
-0.0004245979772119,3.0065414997843224e-08
-0.0004245979772119,3.0065414997843224e-08
-0.0004245979772119,3.0065414997843224e-08
-0.00039192899693801537,2.5695992330901208e-08
7.996118971123395e-05,3.7724511586616907
-0.0004245979772119,3.006541499784324e-08
-0.0004245979772119,3.0065414997843224e-08
-0.0004245979772119,3.006541499784324e-08
-0.0004245979772119,3.0065414997843224e-08
0.0007875973275644707,9.063253351710808
-0.0004245979772119,3.006541499784323e-08
-0.0004245979772119,3.0065414997998264e-08
-0.0004245979772119,3.006541499784325e-08
-0.0004245979772119,3.0065414997843224e-08
-0.0004245979772119,3.0065414997843224e-08
-0.0004245979772119,3.0065414997843224e-08
-0.0004245979772119,3.0065414997843224e-08
1.9023205411777728e+17,-25443226028866.617
-0.00042459797721124766,3.0065414997755966e-08
-0.0004245979772119,3.0065414997843224e-08
-0.0004245979772119,3.0065414997843356e-08
-0.0004245979772119,3.0065414997843224e-08
-0.0004245979772119,3.0065414997843224e-08
-0.0004245979772119,3.0065414997843224e-08
-0.0004245979772119,3.006541499797536e-08
-0.0004245979772119,3.006541499784325e-08
-0.0004245979772119,3.0065414997843224e-08
-0.0004245979772119,3.0065414997843224e-08
-0.0004245979772119,3.0065414997843224e-08
-0.0004245979772114316,3.0065414997780577e-08
3.0086056921891594e-05,3.7737498313443902
-0.00042459797721137603,3.006541499777314e-08
-0.0004245979772119,3.0065414997843224e-08
-0.0004245979772119,3.0065414997843224e-08
-0.0004245979772119,3.0065414997843224e-08
-0.0004245979772119,3.0065414997843224e-08
-0.0004245979772119,3.0065414997843224e-08
-0.0004245979772119,3.006541499798895e-08
-0.0004245979772119,3.0065414997843224e-08
-0.0004245979772119,3.0065414997843224e-08
-0.0004245979772119,3.0065414997843224e-08
-0.0004245979772119,3.0065414997843224e-08
9.97596510365679e+21,-1.3342690124731377e+18
8.022110957056042e-05,3.7743945084825654
-0.00042459797720875193,3.008895259311649e-08
-0.0004245979772119,3.0065414997843224e-08
-0.0004245979772119,3.0065414997843224e-08
-0.0004245979772119,3.0065414997843224e-08
-0.0004245979772119,3.0065414997843224e-08
-0.0004245979772119,3.0065414997843224e-08
-0.0004245979772119,3.006541499796438e-08
-0.0004245979772119,3.0065414997843224e-08
-0.0004245979772119,3.0065414997843224e-08
-0.0004245979772119,3.006541499784329e-08
-0.0004245979772119,3.0065414997843224e-08
-0.0004245979772119,3.0065414997843224e-08
4.056481793778457e+29,-5.425478037323989e+25
-0.0004245979772079203,3.0091226328045306e-08
-0.0004245979772119,3.0065414997843224e-08
-0.0004245979772119,3.0065414997843224e-08
-0.0004245979772119,3.0065414997843224e-08
-0.0004245979772119,3.0065414997843224e-08
-0.0004245979772119,3.006541499784323e-08
-0.0004245979772119,3.0065414997963536e-08
-0.0004245979772119,3.006541499784326e-08
-0.0004245979772119,3.0065414997843224e-08
-0.0004245979772119,3.0065414997843224e-08
-0.0004245979772119,3.0065414997843224e-08
-0.00042459797241533004,6.592805908676642e-08
-71.67991926924346,3.785280257161768
-0.00042459797720811556,3.008906627293122e-08
-0.0004245979772119,3.0065414997843224e-08
-0.0004245979772119,3.0065414997843224e-08
-0.0004245979772119,3.006541499784325e-08
-0.0004245979772119,3.0065414997843224e-08
-0.0004245979772119,3.0065414997843224e-08
-0.0004245979772119,3.006541499784327e-08
-0.0004245979772119,3.0065414997843224e-08
-0.0004245979772119,3.0065414997843224e-08
-0.0004245979772119,3.0065414997843224e-08
-0.0004245979772119,3.0065414997843224e-08
-0.0004245979772119,3.0065414997843224e-08
8.048233684176682e-05,3.7763476334650963
-0.0004245979772072218,3.009543719748986e-08
-0.0004245979772119,3.0065414997843224e-08
-0.0004245979772119,3.0065414997843224e-08
-0.0004245979772119,3.0065414997843264e-08
-0.00042459795777956207,1.7535570016680172e-07
-0.00042459797720272615,3.006541499661623e-08
-0.0004245979772119,3.006541499796015e-08
-0.0004245979772119,3.006541499784341e-08
-0.0004245979772119,3.0065414997843224e-08
-0.0004245979772119,3.0065414997843224e-08
-0.0004245979772119,3.0065414997843224e-08
6.080396141678515e+17,-81324303674929.75
5.848603097450632e+35,-7.822410962847391e+31
-0.00042459797721136215,3.0065414997771325e-08
-0.0004245979772119,3.0065414997843224e-08
-0.0004245979772119,3.0065414997843224e-08
-0.0004245979772119,3.0065414997843224e-08
-0.0004245979772119,3.0065414997843224e-08
-0.0004245979772119,3.0065414997843224e-08
-0.0004245979772119,3.0065414997843264e-08
-0.0004245979772119,3.0065414997843224e-08
-0.0004245979772119,3.0065414997843224e-08
-0.0004245979772119,3.0065414997843224e-08
-0.0004245979772119,3.0065414997843224e-08
-0.0004245979772119,3.0065414997843224e-08
-107374183.03953111,14364.898959699041
-0.0004245979772048754,3.01149912779279e-08
-0.0004245979772119,3.0065414997843224e-08
-0.0004245979772119,3.0065414997843224e-08
-0.0004245979772119,3.0065414997843224e-08
366304157523890.5,2.73875617182281e+18
-0.00042459797721016617,3.0078378640039676e-08
-0.0004245979772119,3.00654149979737e-08
-0.0004245979772119,3.0065414997843224e-08
-0.0004245979772119,3.0065414997843224e-08
-0.0004245979772119,3.0065414997843224e-08
-0.0004245979772119,3.00654149978509e-08
-0.0004245979772119,3.0065414997843224e-08
8.074094931649828e-05,3.7782812081243153
-0.0004245979772119,3.0065414997843224e-08
-0.0004245979772119,3.0065414997843224e-08
-0.0004245979772119,3.0065414997843224e-08
-0.0004245979772119,3.0065414997843224e-08
-0.0004245979772119,3.0065414997843224e-08
-0.0004245979772119,3.006541499784335e-08
-0.0004245979772119,3.0065414997843224e-08
-0.0004245979772119,3.0065414997843224e-08
-0.0004245979772119,3.0065414997843224e-08
-0.0004245979772119,3.0065414997843224e-08
-0.000389218859184061,2.5333515839949043e-08
-0.0004245979772114281,3.0065414997780113e-08
5.848603097450632e+35,-7.822410962847391e+31
-0.0004245979772119,3.0065414997843224e-08
-0.0004245979772119,3.006541499784331e-08
-0.0004245979772119,3.0065414997843224e-08
-0.0004245979772119,3.0065414997843224e-08
-0.0004245979772119,3.0065414997843224e-08
0.01991167569557695,152.0487657599375
-0.0004245979772119,3.0065414997843224e-08
-0.0004245979772119,3.006541499784327e-08
-0.0004245979772119,3.0065414997843224e-08
-0.0004245979772119,3.0065414997843224e-08
-0.0004245979772119,3.0065414997843224e-08
-0.0004245979772119,3.0065414997843224e-08
-151996492104047.9,20329282164.631275
-0.000424597977198821,3.016320330219968e-08
-0.0004245979772119,3.006541499784332e-08
-0.0004245979772119,3.0065414997843224e-08
-0.0004245979772119,3.0065414997843224e-08
-0.0004245979772119,3.0065414997843224e-08
-0.0004245979772119,3.006541499784324e-08
-0.0004245979772119,3.0065414997981323e-08
-0.0004245979772119,3.006541499784358e-08
-0.0004245979772119,3.006541499784323e-08
-0.0004245979772119,3.0065414997843224e-08
-0.0004245979772119,3.0065414997843224e-08
-0.0004245979772119,3.0065414997843224e-08
8.104259239879899e-05,3.7802245579396097
-0.0004245979772119,3.006541499784329e-08
-0.0004245979772119,3.0065414997843317e-08
-0.0004245979772119,3.0065414997843224e-08
-0.0004245979772119,3.0065414997843224e-08
-0.0004245979772119,3.0065414997843224e-08
1.0268214939861958e+22,-1.3733569499606062e+18
-0.0004245979772119,3.0065414998004193e-08
-0.0004245979772119,3.0065414997843224e-08
-0.0004245979772119,3.0065414997843224e-08
-0.0004245979772119,3.0065414997843224e-08
-0.0004245979772119,3.0065414997843224e-08
-0.0004245979772119,3.0065414997843224e-08
8.108837008020378e-05,3.7808787785203934
-0.0004245979772118938,3.006541499784246e-08
-0.0004245979772119,3.006541499784335e-08
-0.0004245979772119,3.0065414997843224e-08
-0.0004245979772119,3.006541499784323e-08
-0.0004245979772119,3.0065414997843224e-08
-0.0004245979772119,3.0065414997843224e-08
-0.0004245979772119,3.006541499784331e-08
-0.0004245979772119,3.00654149978433e-08
-0.0004245979772119,3.0065414997843224e-08
-0.0004245979772119,3.0065414997843224e-08
-0.0004245979772119,3.0065414997843224e-08
-0.0004245979772119,3.0065414997843224e-08
-2.3021535553652785e+20,3.0790927183103252e+16
-0.0004245979771982083,3.016775071321722e-08
-0.0004245979772119,3.0065414997843284e-08
-0.0004245979772119,3.0065414997843224e-08
-0.0004245979772119,3.0065414997843224e-08
-0.0004245979772119,3.0065414997843224e-08
146058476261.60693,-19535082.256198958
-0.0004245979772119,3.006541499801266e-08
-0.0004245979772119,3.0065414997843224e-08
-0.0004245979772119,3.0065414997843284e-08
-0.0004245979772119,3.0065414997843224e-08
-0.0004245979772119,3.0065414997843224e-08
7672028431250281.0,5.736166184550166e+19
8.130381967000539e-05,3.7821776829221405
-0.0004245979772118965,3.006541499784285e-08
-0.0004245979772119,3.0065414997843224e-08
-0.0004245979772119,3.0065414997843224e-08
-0.0004245979772119,3.006541499784323e-08
-0.00042459797706712325,3.006541497847957e-08
9.895250465957087e+21,-1.323473561725597e+18
-0.0004245979772119,3.006541499797962e-08
-0.0004245979772119,3.0065414997843224e-08
-0.0004245979772119,3.0065414997843303e-08
-0.0004245979772119,3.0065414997843224e-08
-0.0004245979772119,3.0065414997843224e-08
-0.0004245979772119,3.0065414997843224e-08
8.134828993953036e-05,3.782822128341268
-0.0004245979772034989,3.012818771486054e-08
-0.0004245979772119,3.0065414997843224e-08
-0.0004245979772119,3.0065414997843224e-08
-0.0004245979772119,3.0065414997843224e-08
-0.0004245979772119,3.0065414997843224e-08
1.2237872286223055,9153.097574411902
-0.0004245979772119,3.0065414997972e-08
-0.0004245979772119,3.0065414997843224e-08
-0.0004245979772119,3.006541499784329e-08
-0.0004245979772119,3.0065414997843224e-08
-0.0004245979772119,3.0065414997843224e-08
-0.0004245979772119,3.0065414997843224e-08
-3.21864395529427e+26,4.304883634926623e+22
-0.00042459797720222097,3.0137737360571385e-08
-0.0004245979772119,3.0065414997843224e-08
-0.0004245979772119,3.0065414997843224e-08
-0.0004245979772119,3.0065414997843224e-08
-0.0004245979772119,3.0065414997843224e-08
-0.0004245979772119,3.0065414997843224e-08
-0.0004245979772119,3.0065414997982164e-08
-0.0004245979772119,3.0065414997843336e-08
-0.0004245979772119,3.0065414997843224e-08
-0.0004245979772119,3.0065414997843224e-08
-0.0004245979772119,3.0065414997843224e-08
-0.00039121653881278573,2.5600702222194824e-08
89128.96022182344,-8.13674135100602
-0.0004245979772119,3.0065414997843224e-08
-0.0004245979772119,3.0065414997843224e-08
-0.0004245979772119,3.0065414997843224e-08
-0.0004245979772119,3.0065414997843224e-08
-0.0004245979772119,3.0065415005704345e-08
2.4908179270551454e+21,-3.3314282289981376e+17
-0.0004245979772119,3.00654149978434e-08
-0.0004245979772119,3.0065414997843224e-08
-0.0004245979772119,3.0065414997843224e-08
-0.0004245979772119,3.0065414997843224e-08
-0.0004245979772119,3.0065414997843224e-08
-0.0004245979772119,3.0065414997843224e-08
8.160820979885683e-05,3.7847654781621434
-0.00042459797721169354,3.0065414997815775e-08
-0.0004245979772119,3.0065414997843224e-08
-0.0004245979772119,3.0065414997843224e-08
-0.0004245979772119,3.0065414997843224e-08
-0.0004245979772119,3.0065414997843224e-08
1244.7808762061777,9306889.916756298
-0.0004245979772119,3.0065414997955906e-08
-0.0004245979772119,3.0065414997843224e-08
-0.0004245979772119,3.0065414997843224e-08
-0.0004245979772119,3.0065414997843224e-08
-0.0004245979772119,3.0065414997843224e-08
-0.0004245979772119,3.0065414997843224e-08
-3.21864395529427e+26,4.304883634926623e+22
-0.00042459797720534087,3.0112717444070865e-08
-0.0004245979772119,3.0065414997843224e-08
-0.0004245979772119,3.0065414997843224e-08
-0.0004245979772119,3.0065414997843224e-08
-0.0004245979772119,3.0065414997843224e-08
20290154.31126015,151703943859.11255
-0.0004245979772119,3.006541499796692e-08
-0.0004245979772119,3.0065414997843224e-08
-0.0004245979772119,3.0065414997843224e-08
-0.0004245979772119,3.0065414997843224e-08
-0.0004245979772119,3.0065414997843224e-08
1.6187309241299745e+18,1.2102809148957766e+22
89128.96022208467,-8.134788226023488
-0.00042459797720754294,3.009611044371986e-08
-0.0004245979772119,3.0065414997843224e-08
-0.0004245979772119,3.0065414997843224e-08
-0.0004245979772119,3.0065414997843224e-08
-0.0004245979772119,3.0065414997843224e-08
-0.0004245979599735172,1.589520965049083e-07
-0.0004245979772119,3.006541499798386e-08
-0.0004245979772119,3.0065414997843224e-08
-0.0004245979772119,3.0065414997843224e-08
-0.0004245979772119,3.0065414997843224e-08
-0.0004245979772119,3.0065414997843224e-08
-0.0004245979772119,3.0065414997843224e-08
8.186678848586145e-05,3.786699052821367
-0.00042459797720759124,3.009611916938548e-08
-0.0004245979772119,3.0065414997843224e-08
-0.0004245979772119,3.0065414997843224e-08
-0.0004245979772119,3.0065414997843224e-08
-0.0004245979772119,3.0065414997843224e-08
-0.0004245979772119,3.006541499784334e-08
-0.0004245979772119,3.006541499796099e-08
-0.0004245979772119,3.0065414997843475e-08
-0.0004245979772119,3.0065414997843224e-08
-0.0004245979772119,3.0065414997843224e-08
-0.0004245979772119,3.0065414997843224e-08
9.80610036870732e-05,-3.983936865548595e-08
8.195435506606202e-05,3.7873535118151422
-0.0004245979772119,3.0065414997843535e-08
-0.0004245979772119,3.0065414997843224e-08
-0.0004245979772119,3.0065414997843224e-08
-0.0004245979772119,3.0065414997843224e-08
-0.0004245979772119,3.0065414997843224e-08
-0.0004245979772119,3.006541499784325e-08
-0.0004245979772119,3.0065414997959294e-08
-0.0004245979772119,3.006541499784352e-08
-0.0004245979772119,3.0065414997843224e-08
-0.0004245979772119,3.0065414997843224e-08
-0.0004245979772119,3.0065414997843224e-08
-0.0004245979772119,3.0065414997843224e-08
126443838357.04689,-16911652.73694618
-0.00042459797721165364,3.0065414997810626e-08
-0.0004245979772119,3.0065414997843224e-08
-0.0004245979772119,3.0065414997843224e-08
-0.0004245979772119,3.0065414997843224e-08
-0.0004245979772119,3.0065414997843224e-08
145048255214.64267,-19399966.843834646
-0.0004245979772119,3.006541499795252e-08
-0.0004245979772119,3.0065414997843224e-08
-0.0004245979772119,3.006541499784326e-08
-0.0004245979772119,3.0065414997843224e-08
-0.0004245979772119,3.0065414997843224e-08
-0.0004245979772119,3.0065414997843224e-08
8.212801575706785e-05,3.7886521778038973
-0.00042459797720832725,3.0092022070051414e-08
-0.0004204502195004504,0.031011681989451204
-0.0004245979772119,3.0065414997843224e-08
-0.0004245979772119,3.0065414997843224e-08
-0.0004245979772119,3.0065414997843224e-08
1192.4983736603656,8915987.92025265
-0.0004245979772119,3.006541499794827e-08
-0.0004245979772119,3.0065414997843224e-08
-0.0004245979772119,3.0065414997843224e-08
-0.0004245979772119,3.0065414997843224e-08
-0.0004245979772119,3.0065414997843224e-08
1.4610603308757312e+18,1.0923949172841171e+22
8.221558233726832e-05,3.789306636797673
-0.00042459797720916995,3.0085769300972404e-08
-0.0004245979772119,3.0065414997843224e-08
-0.0004245979772119,3.0065414997843224e-08
-0.0004245979772119,3.0065414997843224e-08
-0.0004245979772119,3.0065414997843224e-08
8981292.919243913,-1201.2332350646955
-0.0004245979772119,3.006541499793302e-08
-0.0004245979772119,3.0065414997843224e-08
-0.0004245979772119,3.0065414997843224e-08
-0.0004245979772119,3.0065414997843224e-08
-0.0004245979772119,3.0065414997843224e-08
-0.0004245979772119,3.0065414997843224e-08
1.9023205411777728e+17,-25443226028866.6
-0.00042459797720696815,3.010224953293486e-08
-0.0004245979772119,3.0065414997843224e-08
-0.0004245979772119,3.0065414997843224e-08
-0.0004245979772119,3.0065414997843224e-08
-0.0004245979772119,3.0065414997843224e-08
1.3800230470030228e+22,-1.845758248933668e+18
-0.0004245979772119,3.00654149979326e-08
-0.0004245979772119,3.0065414997843224e-08
-0.0004245979772119,3.0065414997843224e-08
-0.0004245979772119,3.0065414997843224e-08
-0.0004245979772119,3.0065414997843224e-08
2176.1924270312243,-0.2910622037058361
3.233914213604614e-05,3.790595534318717
-0.00042459797721088857,3.007297735216412e-08
-0.0004245979772119,3.0065414997843224e-08
-0.0004245979772119,3.0065414997843224e-08
-0.0004245979772119,3.0065414997843224e-08
-0.0004245979772119,3.0065414997843224e-08
-0.0004245979772119,3.0065414997843224e-08
-0.0004245979772119,3.006541499792159e-08
-0.0004245979772119,3.0065414997843224e-08
-0.0004245979772118994,3.0065414997843145e-08
-0.0004245979772119,3.0065414997843224e-08
-0.0004245979772119,3.0065414997843224e-08
1.0035912517760531e+22,-1.342286881038776e+18
8.247419478471497e-05,3.791240211456892
-0.0004245979772103464,3.007610373408538e-08
-0.0004245979772119,3.006541499834144e-08
-0.0004245979772119,3.0065414997843224e-08
-0.0004245979772119,3.0065414997843224e-08
-0.0004245979772119,3.0065414997843224e-08
-0.0004245979772119,3.0065414997843224e-08
-0.0004245979772119,3.006541499791693e-08
-0.0004245979772119,3.0065414997844203e-08
-0.0004245979772118994,3.0065414997843145e-08
-0.0004245979772119,3.006541499784323e-08
-0.0004245979772119,3.0065414997843224e-08
-0.0004245979772119,3.0065414997843224e-08
2.7200829977460495e+23,-3.6380665103942963e+19
-0.0004245979772103941,3.0075876357812205e-08
-0.0004245979772119,3.0065414998005894e-08
-0.0004245979772119,3.0065414997843224e-08
-0.0004245979772119,3.0065414997843224e-08
-0.0004245979772119,3.0065414997843224e-08
1.4113285840208888e+18,1.0552118480132351e+22
-0.0004245979772119,3.0065414997843224e-08
-0.0004245979772119,3.0065414997843224e-08
-0.0004245979772119,3.0065414997843224e-08
-0.0004245979772119,3.0065414997843224e-08
-0.0004245979772119,3.0065414997843224e-08
-0.0004245979772116358,3.006739042220692e-08
3.2600369407252434e-05,3.7925486593012474
-0.0004245979772102929,3.007644478939028e-08
-0.0004245979772118994,3.006541499794523e-08
-0.0004245979772119,3.0065414997843224e-08
-0.0004245979772119,3.0065414997843224e-08
-0.0004245979772119,3.0065414997843224e-08
1.0504569475691866e+22,-1.404968982464581e+18
-0.0004245979772119,3.006541499784525e-08
-0.0004245979772119,3.0065414997843224e-08
-0.0004245979772119,3.0065414997843224e-08
-0.0004245979772119,3.0065414997843224e-08
-0.0004245979772119,3.0065414997843224e-08
0.13831728900099133,0.00828250820899325
8.273411464404155e-05,3.7931835612777673
-0.0004245979772095858,3.008179023218187e-08
-0.0004245979772118997,3.006541499784972e-08
-0.0004245979772119,3.0065414997843224e-08
-0.0004245979772119,3.0065414997843224e-08
-0.0004245979772119,3.0065414997843224e-08
1.1460626247136104e+22,-1.532840011587925e+18
-0.0004245979772119,3.006541499784594e-08
-0.0004245979772119,3.0065414997843224e-08
-0.0004245979772119,3.006541499784325e-08
-0.0004245979772119,3.0065414997843224e-08
-0.0004245979772119,3.0065414997843224e-08
-0.0004245979772119,3.0065414997843224e-08
4.056481793778457e+29,-5.425478037323989e+25
-0.00042459797721179377,3.006541499783158e-08
-0.0004245979772118998,3.0065414997843204e-08
-0.0004245979772119,3.0065414997843224e-08
-0.0004245979772119,3.0065414997843224e-08
-0.0004245979772119,3.0065414997843224e-08
-0.0004245979772119,3.006541499784323e-08
-0.0004245979772119,3.006541499784644e-08
-0.0004245979772119,3.0065414997846056e-08
-0.0004245979772119,3.006541499784324e-08
-0.0004245979772119,3.0065414997843224e-08
-0.0004245979772119,3.0065414997843224e-08
-0.0004245979772119,3.0065414997843224e-08
-107374183.03952886,14364.915805402015
-0.0004245979772119,3.0065414997846414e-08
-0.0004245979772119,3.0065414997843224e-08
-0.0004245979772119,3.0065414997843224e-08
-0.0004245979772119,3.0065414997843224e-08
-0.0004245979772119,3.0065414997843224e-08
-0.0004245979772119,3.0065414997843224e-08
-0.0004245979772119,3.00654149978477e-08
-0.0004245979772119,3.0065414997843224e-08
-0.0004245979772119,3.0065414997843224e-08
-0.0004245979772119,3.0065414997843224e-08
-0.0004245979772119,3.0065414997843224e-08
-0.00042459797278966867,6.312923127564099e-08
8.299534191524784e-05,3.7951366862602978
-0.0004245979772117858,3.006555891638415e-08
-0.00042459221336566244,3.006464409283829e-08
-0.0004245979772119,3.0065414997843224e-08
-0.0004245979772119,3.0065414997843224e-08
-0.0004245979772119,3.0065414997843224e-08
-0.0004245979772119,3.0065414997843224e-08
-0.0004245979772119,3.006541499786758e-08
-0.0004245979772119,3.0065414997843224e-08
-0.0004245979772119,3.0065414997843224e-08
-0.0004245979772119,3.0065414997843224e-08
-0.0004245979772119,3.0065414997843224e-08
-0.0004245979772119,3.0065414997843224e-08
5.848603097450632e+35,-7.822410962847391e+31
-0.0004245979772117947,3.006549894749568e-08
-0.0004245979772119,3.006541501573765e-08
-0.0004245979772119,3.0065414997843224e-08
-0.0004245979772119,3.0065414997843224e-08
-0.0004245979772119,3.0065414997843224e-08
-0.0004245979772119,3.0065414997843224e-08
-0.0004245979772119,3.006541499789024e-08
-0.0004245979772119,3.006541499784963e-08
-0.00042459797721189856,3.0065414997843025e-08
-0.0004245979772119,3.0065414997843224e-08
-0.0004245979772119,3.0065414997843224e-08
-0.0004245979772116377,3.0067376154106456e-08
-151996492104047.9,20329282164.64812
-0.00042459797721149003,3.0067874012139347e-08
-0.0004245979433231752,3.0065410465287165e-08
-0.0004245979772119,3.0065414997843224e-08
-0.0004245979772119,3.0065414997843224e-08
-0.0004245979772119,3.0065414997843224e-08
-0.0004245979772119,3.0065414997843224e-08
-0.0004245979772119,3.006541499789215e-08
-0.0004245979771985775,3.0165023644671254e-08
-0.0004245979772119,3.0065414997843224e-08
-0.0004245979772119,3.0065414997843224e-08
-0.0004245979772119,3.0065414997843224e-08
-0.0004245979772119,3.0065414997843224e-08
8.329567761295354e-05,3.7970702609139364
-0.000424597977211568,3.0067248734536715e-08
-0.0004245979772119,3.006541500199157e-08
-0.0004245979772119,3.0065414997843224e-08
-0.0004245979772119,3.0065414997843224e-08
-0.0004245979772119,3.0065414997843224e-08
-0.0004245979772119,3.0065414997843224e-08
-0.0004245979772119,3.006541499789236e-08
-0.00042459790761748705,3.0065405689704344e-08
-0.0004245979772119,3.0065414998778706e-08
-0.0004245979772119,3.0065414997843224e-08
-0.0004245979772119,3.0065414997843224e-08
-0.0004245979772119,3.0065414997843224e-08
8.334145529435833e-05,3.79772448149472
-0.0004245979772118146,3.0065414997849795e-08
-0.00042459794878517925,3.0065411195819095e-08
-0.0004245979772119,3.0065414997843224e-08
-0.0004245979772119,3.0065414997843224e-08
-0.0004245979772119,3.0065414997843224e-08
-0.0004245979772119,3.0065414997843224e-08
-0.0004245979772119,3.00654149978679e-08
-0.0004245979772119,3.006541499786281e-08
-0.0004245979772118521,3.006541499783723e-08
-0.0004245979772119,3.0065414997843224e-08
-0.0004245979772119,3.0065414997843224e-08
-0.000424597977211899,3.006542255127725e-08
-2.3021535553652785e+20,3.0790927183103252e+16
-0.00042459797721163374,3.006682214045178e-08
-0.0004245979772119,3.0065414997897454e-08
-0.0004245979772119,3.0065414997843224e-08
-0.0004245979772119,3.006541499784323e-08
-0.0004245979772119,3.0065414997843224e-08
-0.00042459797718036015,3.0065414993624815e-08
-0.0004245979772119,3.0065414997882406e-08
-0.0004245979681138147,3.007203722372817e-08
-0.0004245979772119,3.0065414997843224e-08
-0.0004245979772119,3.0065414997843224e-08
-0.0004245979772119,3.0065414997843224e-08
-0.000424597977211899,3.006542260353749e-08
8.355690488415994e-05,3.7990233858964673
-0.00042459797721165657,3.0066836350659154e-08
-0.0004245979772119,3.006541499784828e-08
-0.0004245979772119,3.0065414997843224e-08
-0.0004245979772119,3.0065414997843224e-08
-0.0004245979772119,3.0065414997843224e-08
-0.0004245978553111061,3.006539869381146e-08
-0.0004245979772119,3.006541499787182e-08
-0.00042459797240712,3.006828553878009e-08
-0.0004245979772119,3.006541499784331e-08
-0.0004245979772119,3.0065414997843224e-08
-0.0004245979772119,3.0065414997843224e-08
-0.00042459797721189894,3.006542299427971e-08
8.36013751536849e-05,3.799667831315595
-0.0004245979772116949,3.006652371164091e-08
-0.00042459797721189997,3.006541499784453e-08
-0.0004245979772119,3.0065414997843224e-08
-0.0004245979772119,3.006541499784325e-08
-0.0004245979772119,3.0065414997843224e-08
-0.0004245979772119,3.0065414997843224e-08
-0.0004245979772119,3.006541499785662e-08
-0.00042459797721189997,3.006541499784322e-08
-0.0004245979772119,3.0065414997843224e-08
-0.0004245979772119,3.0065414997843224e-08
-0.0004245979772119,3.0065414997843224e-08
-0.0004245979772114246,3.0065414997899095e-08
-3.21864395529427e+26,4.304883634926623e+22
-0.00042459797721184234,3.006541499783551e-08
-0.00042459797721189997,3.006541502170072e-08
-0.0004245979772119,3.0065414997843224e-08
-0.0004245979772119,3.006541499784324e-08
-0.0004245979772119,3.0065414997843224e-08
8.284651079061155e-05,-3.7804455120674145e-08
-0.0004245979772119,3.0065414997850636e-08
-0.00042459797721189997,3.006541499784322e-08
-0.0004245979772119,3.0065414997843224e-08
-0.0004245979772119,3.0065414997843224e-08
-0.0004245979772119,3.0065414997843224e-08
-0.0004245979772119,3.0065414997843224e-08
89128.96022407652,-8.119895648031692
-0.00042459797721189997,3.006541499790125e-08
-0.00042459797721189997,3.006541502137546e-08
-0.0004245979772119,3.0065414997843224e-08
-0.0004245979772119,3.006541499784324e-08
-0.0004245979772119,3.0065414997843224e-08
9.964137525241199e+21,-1.3326870932093327e+18
-0.0004245979772119,3.006541499784915e-08
-0.00042459797721189986,3.0065414997843204e-08
-0.0004245979772119,3.0065414997843224e-08
-0.0004245979772119,3.0065414997843224e-08
-0.0004245979772119,3.0065414997843224e-08
-0.0004245979772119,3.0065414997843224e-08
8.386129501301138e-05,3.80161118113647
-0.00042459797721189997,3.006541499791269e-08
-0.0004245979772119,3.0065415022996714e-08
-0.0004245979772119,3.0065414997843224e-08
-0.0004245979772119,3.0065414997843224e-08
-0.0004245979772119,3.0065414997843224e-08
-0.00042459797721188446,3.0065531363377557e-08
-0.0004245979772119,3.006541499784751e-08
-0.0004245979772118999,3.006541499784321e-08
-0.0004245979772119,3.0065414997843224e-08
-0.0004245979772119,3.0065414997843224e-08
-0.0004245979772119,3.0065414997843224e-08
-0.0004245979772119,3.0065414997843224e-08
-3.21864395529427e+26,4.304883634926623e+22
-0.00042459797721186316,3.0065414997917505e-08
-0.0004245979772119,3.006541499784553e-08
-0.0004245979772119,3.0065414997843224e-08
-0.0004245979772119,3.006541499784323e-08
-0.0004245979772119,3.0065414997843224e-08
-0.0004245979772119,3.0065414997843224e-08
-0.0004245979772119,3.0065414997845196e-08
-0.00042459797716881464,3.006541499228395e-08
-0.0004245979772118677,3.00654149978389e-08
-0.0004245979772119,3.0065414997843224e-08
-0.0004245979772119,3.0065414997843224e-08
-0.0004245979772119,3.0065414997843224e-08
126443838357.04689,-16911652.722053602
-0.0004245979772118998,3.006541499806518e-08
-0.0004245979772119,3.006541499784327e-08
-0.0004245979772119,3.0065414997843224e-08
-0.0004245979772119,3.006541499784323e-08
-0.0004245979772119,3.0065414997843224e-08
147123731164.07895,-19677558.356705017
-0.0004245979772119,3.006541499784517e-08
-0.0004245979772118998,3.006541499784319e-08
-0.0004245979772119,3.0065414997843224e-08
-0.0004245979772119,3.0065414997843224e-08
-0.0004245979772119,3.0065414997843224e-08
-0.0004245979772119,3.0065414997843224e-08
8.412121487231454e-05,3.803554530957345
-0.00042459797721189547,3.00654465364845e-08
-0.0004245979772119,3.006541499784341e-08
-0.0004245979772119,3.0065414997843224e-08
-0.0004245979772119,3.006541499784324e-08
-0.0004245979772119,3.0065414997843224e-08
-0.00042459785440515023,3.006539857264135e-08
-0.0004245979772119,3.006541499784526e-08
-0.0004245979772119,3.0065414997843224e-08
-0.0004245979772119,3.0065414997843224e-08
-0.0004245979772119,3.0065414997843224e-08
-0.0004245979772119,3.0065414997843224e-08
-0.00042459797721140736,3.006541499777733e-08
8.420744028021657e-05,3.8041992147894694
-0.0004245979772118994,3.0065414998412476e-08
-0.00042459797721180494,3.0066125704883464e-08
-0.0004245979772119,3.0065414997843224e-08
-0.0004245979772119,3.0065414997843224e-08
-0.0004245979772119,3.0065414997843224e-08
-0.0004245979772119,3.0065414997843224e-08
-0.0004245979772119,3.0065414997844786e-08
-0.00042459797721049116,3.0065414997671204e-08
-0.0004245979772119,3.0065414997843224e-08
-0.0004245979772119,3.0065414997843224e-08
-0.0004245979772119,3.0065414997843224e-08
-0.0004245979772119,3.0065414997843224e-08
126443838357.04689,-16911652.720100477
-0.0004245979772118989,3.006541756575074e-08
-0.0004245979772118891,3.0065496286666096e-08
-0.0004245979772119,3.0065414997843224e-08
-0.0004245979772119,3.0065414997843224e-08
-0.0004245979772119,3.0065414997843224e-08
-0.0004245979772119,3.006541499976996e-08
-0.0004245979772119,3.006541499784526e-08
-0.0004245979772119,3.006541499786546e-08
-0.0004245979772119,3.0065414997843244e-08
-0.0004245979772119,3.0065414997843224e-08
-0.0004245979772119,3.0065414997843224e-08
-0.0004245979772119,3.0065414997843224e-08
8.43811009712224e-05,3.805497880778224
-0.0004245979772119,3.0065414997860165e-08
-0.0004245979772105605,3.006541499766407e-08
-0.0004245979772119,3.0065414997843224e-08
-0.0004245979772119,3.006541499784324e-08
-0.0004245979772119,3.0065414997843224e-08
-0.0004245979772119,3.0065414997843224e-08
-0.0004245979772119,3.006541499784514e-08
-0.0004245979772119,3.0065414997857306e-08
-0.0004245979772119,3.006541499784324e-08
-0.0004245979772119,3.0065414997843224e-08
-0.0004245979772119,3.0065414997843224e-08
-0.0004245979772119,3.0065414997843224e-08
8.446736013954304e-05,3.806142564610344
-0.0004245979772119,3.006541499786006e-08
-0.00042459797721189997,3.006541499784413e-08
-0.0004245979772119,3.0065414997843224e-08
-0.0004245979772119,3.006541499784324e-08
-0.0004245979772119,3.0065414997843224e-08
-0.0004245979772119,3.0065414997843224e-08
-0.0004245979772119,3.006541499784355e-08
-0.00042459797721099076,3.00654149977312e-08
-0.0004245979772119,3.0065414997843224e-08
-0.0004245979772119,3.0065414997843224e-08
-0.0004245979772119,3.0065414997843224e-08
-0.0004245979772119,3.0065414997843224e-08
2.7200829977460495e+23,-3.6380665103942963e+19
-0.00042459797721189623,3.0065415275462925e-08
-0.0004245979772119,3.0065414997849974e-08
-0.0004245979772119,3.0065414997843224e-08
-0.0004245979772119,3.0065414997843224e-08
-0.0004245979772119,3.0065414997843224e-08
-0.0004245979772119,3.0065414997843224e-08
-0.0004245979772119,3.00654149978438e-08
-0.0004245979772119,3.0065414997843224e-08
-0.0004245979772119,3.0065414997843224e-08
-0.0004245979772119,3.0065414997843224e-08
-0.0004245979772119,3.0065414997843224e-08
-0.0004245979772119,3.0065414997843224e-08
3.459222735020069e-05,3.8074412372930437
-0.00042459797721189493,3.006541527546286e-08
-0.0004245979772119,3.0065414997843224e-08
-0.0004245979772119,3.0065414997843224e-08
-0.0004245979772119,3.006541499784326e-08
-0.0004245979772119,3.0065414997843224e-08
9.88977296295929e+21,-1.3227409546605412e+18
-0.0004245979772119,3.006541499784421e-08
-0.0004245979772118124,3.0065414997831504e-08
-0.0004245979772119,3.0065414997843224e-08
-0.0004245979772119,3.0065414997843224e-08
-0.0004245979772119,3.0065414997843224e-08
-0.00042459797721162057,3.006750427601076e-08
8.472727999886951e-05,3.808085914431219
-0.00042459797721189645,3.006541515830467e-08
-0.00042459797721189997,3.0065414998514226e-08
-0.0004245979772119,3.0065414997843224e-08
-0.0004245979772119,3.006541499784323e-08
-0.0004245979772119,3.0065414997843224e-08
-0.0004245979772119,3.0065414997843224e-08
-0.0004245979772119,3.006541499784445e-08
-0.0004245979772119,3.006541513318714e-08
-0.0004245979772119,3.0065414997843224e-08
-0.0004245979772119,3.0065414997843224e-08
-0.0004245979772119,3.0065414997843224e-08
-0.0004245979772119,3.0065414997843224e-08
2.7200829977460495e+23,-3.6380665103942963e+19
-0.00042459797721189856,3.0065415036882344e-08
-0.0004245979772119,3.0065414997843224e-08
-0.0004245979772119,3.0065414997843224e-08
-0.0004245979772118994,3.006541499784315e-08
-0.0004245979772119,3.006541499784374e-08
2.11176014608546,-0.0002824711886830423
-0.0004245979772119,3.0065414997844614e-08
-0.00042459797721185926,3.006541503124005e-08
-0.0004245979772118999,3.006541499784321e-08
-0.0004245979772119,3.0065414997843224e-08
-0.0004245979772119,3.0065414997843224e-08
-0.0004245979772119,3.0065414997843224e-08
-71.67991476307303,3.8189716631104216
-0.0004245979772118992,3.006541499784311e-08
-0.0004245979772119,3.0065414997843224e-08
-0.0004245979772119,3.0065414997843224e-08
-0.0004245979772119,3.006541499784331e-08
-0.0004245979772119,3.0065414997843224e-08
-0.0004245979772119,3.0065414997843224e-08
-0.0004245979772119,3.0065414997843866e-08
-0.0004245979772119,3.0065414997843224e-08
-0.0004245979772119,3.0065414997843224e-08
-0.0004245979772119,3.0065414997843224e-08
-0.0004245979772119,3.0065414997843224e-08
-0.0004245979772119,3.0065414997843224e-08
8.498850727007591e-05,3.8100390394137498
-0.00042459797721189926,3.0065414997843125e-08
-0.0004245979772119,3.0065414997843224e-08
-0.0004245979772119,3.0065414997843224e-08
-0.0004245979772119,3.006541499784325e-08
-0.0004245979772119,3.0065414997843224e-08
-0.0004245979772119,3.0065414997843224e-08
-0.0004245979772119,3.006541499784361e-08
-0.0004245979772119,3.0065414997843224e-08
-0.0004245979772119,3.0065414997843224e-08
-0.0004245979772119,3.0065414997843224e-08
-0.0004245979772119,3.0065414997843224e-08
-0.0004245979772119,3.0065414997843224e-08
5.848603097450632e+35,-7.822410962847391e+31
-0.00042459797721189937,3.006541499784314e-08
-0.0004245979772119,3.0065414997843224e-08
-0.0004245979772119,3.0065414997843224e-08
-0.0004245979772119,3.006541499784323e-08
-0.0004245979772119,3.0065414997843224e-08
-0.0004245979772119,3.0065414997843224e-08
-0.0004245979772119,3.006541499784364e-08
-0.0004245979772119,3.0065414997843224e-08
-0.0004245979772119,3.0065414997843224e-08
-0.0004245979772119,3.0065414997843224e-08
-0.0004245979772119,3.0065414997843224e-08
-0.0004245979772119,3.0065414997843224e-08
-107374183.03952661,14364.93265110499
-0.0004245979772118992,3.006541499784312e-08
-0.0004245979772119,3.0065414997843224e-08
-0.0004245979772119,3.0065414997843224e-08
-0.0004245979772119,3.006541499784323e-08
-0.0004245979772119,3.0065414997843224e-08
-0.0004245979772119,3.0065414997843224e-08
-0.0004245979772119,3.0065414997843734e-08
-0.0004245979772119,3.0065414997843224e-08
-0.0004245979772118999,3.006541499784321e-08
-0.0004245979772119,3.0065414997843224e-08
-0.0004245979772119,3.0065414997843224e-08
-0.00042459797721140725,3.006541499777732e-08
8.524842712940238e-05,3.8119823892346245
-0.00042459797721189937,3.006541499784314e-08
-0.00042396105020194025,0.004762159415295915
-0.0004245979772119,3.0065414997843224e-08
-0.0004245979772119,3.0065414997843224e-08
-0.0004245979772119,3.0065414997843224e-08
-0.0004245979772119,3.0065414997843224e-08
-0.0004245979772119,3.0065414997843806e-08
-0.0004245979772119,3.0065414997843224e-08
-0.00042459797721189997,3.006541499784322e-08
-0.0004245979772119,3.0065414997843224e-08
-0.0004245979772119,3.0065414997843224e-08
-0.0004245979772119,3.0065414997843224e-08
5.848603097450632e+35,-7.822410962847391e+31
-0.0004245979772118996,3.006541499784317e-08
-0.0004245979772119,3.0065414997843224e-08
-0.0004245979772119,3.0065414997843224e-08
-0.0004245979772119,3.006541499784323e-08
-0.0004245979772119,3.0065414997843224e-08
-0.0004245979772119,3.0065414997843224e-08
-0.0004245979772119,3.00654149978439e-08
-0.0004245979772119,3.0065414997843224e-08
-0.0004245979772118998,3.00654149978432e-08
-0.0004245979772119,3.0065414997843224e-08
-0.0004245979772119,3.0065414997843224e-08
-0.0004245979772119,3.0065414997843224e-08
-2.3021535553652785e+20,3.0790927183103252e+16
-0.00042459797721189916,3.006541499784311e-08
-0.0004245979772119,3.0065414997843224e-08
-0.0004245979772119,3.0065414997843224e-08
-0.0004245979772119,3.0065414997843224e-08
-0.0004245979772119,3.0065414997843224e-08
-0.0004245979772119,3.0065414997843224e-08
-0.0004245979772119,3.006541499784401e-08
-0.0004245979772119,3.0065414997843224e-08
-0.0004245979772119,3.006541499784323e-08
-0.0004245979772119,3.0065414997843224e-08
-0.0004245979772119,3.0065414997843224e-08
-0.0004245979772119,3.0065414997843224e-08
8.554876282710808e-05,3.813915963888263
-0.00042459797721189905,3.00654149978431e-08
-0.0004245979772119,3.0065414997843224e-08
-0.0004245979772119,3.0065414997843224e-08
-0.0004245979772119,3.0065414997843224e-08
-0.0004245979772119,3.0065414997843224e-08
1.1125630566107976,8321.504808412428
-0.0004245979772119,3.006541499784412e-08
-0.0004245979772119,3.0065414997843224e-08
-0.0004245979772119,3.006541499784471e-08
-0.0004245979772119,3.0065414997843224e-08
-0.0004245979772119,3.0065414997843224e-08
-0.0001215407325608251,2.265876302981083
8.559454050851287e-05,3.814570184469047
-0.00042459797721189894,3.006541499784308e-08
-0.0004245979772119,3.0065414997843224e-08
-0.0004245979772119,3.0065414997843224e-08
-0.0004245979772119,3.0065414997843224e-08
-0.0004245979772119,3.0065414997843224e-08
-0.0004245979772119,3.0065414997843224e-08
-0.0004245979772119,3.006541499784469e-08
-0.0004245979772119,3.0065414997843224e-08
-0.0004245979772119,3.006541499839905e-08
-0.0004245979772119,3.0065414997843224e-08
-0.0004245979772119,3.0065414997843224e-08
-0.0004245979772119,3.0065414997843224e-08
-2.3021535553652785e+20,3.0790927183103252e+16
-0.00042459797721189894,3.006541499784308e-08
-0.0004245979772119,3.0065414997843224e-08
-0.0004245979772119,3.0065414997843224e-08
-0.0004245979772119,3.0065414997843224e-08
-0.0004245979772119,3.0065414997843224e-08
-0.0004245979772119,3.0065414997843224e-08
-0.0004245979772119,3.006541499784688e-08
-0.0004245979772119,3.0065414997843224e-08
-0.0004245979772119,3.0065414997843224e-08
-0.0004245979772119,3.0065414997843224e-08
-0.0004245979772119,3.0065414997843224e-08
-0.00013406334676237285,2.1722481357124432
0.05883576628494622,3.8158514559984207
-0.00042459797721189905,3.00654149978431e-08
-0.0004245979772119,3.0065414997843224e-08
-0.0004245979772119,3.0065414997843224e-08
-0.0004245979772119,3.0065414997843224e-08
-0.0004245979772119,3.0065414997843224e-08
207253321922.2611,-27719792.751843873
-0.0004245979772119,3.0065414997847936e-08
-0.0004245979772119,3.0065414997843224e-08
-0.0004245979772119,3.006541499802877e-08
-0.0004245979772119,3.0065414997843224e-08
-0.0004245979772119,3.0065414997843224e-08
-0.0004245979772119,3.0065414997843224e-08
8.585446036783945e-05,3.8165135342899217
-0.00042459797721189905,3.006541499784309e-08
-0.0004245979772119,3.0065414997843224e-08
-0.0004245979772119,3.0065414997843224e-08
-0.0004245979772119,3.0065414997843224e-08
-0.0004245979772119,3.0065414997843224e-08
-0.0004245979772119,3.006541499784323e-08
-0.0004245979772119,3.0065414997847565e-08
-0.0004245979772119,3.0065414997843224e-08
-0.0004245979772119,3.00654149978563e-08
-0.0004245979772119,3.0065414997843224e-08
-0.0004245979772119,3.0065414997843224e-08
-0.0004245979772119,3.0065414997843224e-08
-3.21864395529427e+26,4.304883634926623e+22
-0.00042459797721189916,3.0065414997843105e-08
-0.0004245979772119,3.0065414997843224e-08
-0.0004245979772119,3.006541499784323e-08
-0.0004245979772119,3.006541499784324e-08
-0.0004245979772119,3.0065414997843224e-08
-0.0004245979772119,3.0065414997843224e-08
-0.0004245979772119,3.0065414997846136e-08
-0.0004245979772119,3.0065414997843224e-08
-0.0004245979772119,3.006541499784672e-08
-0.0004245979772119,3.0065414997843224e-08
-0.0004245979772119,3.0065414997843224e-08
-0.0004245979772119,3.0065414997843224e-08
89128.96022632961,-8.103049945057366
-0.0004245979772118992,3.006541499784312e-08
-0.0004245979772119,3.0065414997843224e-08
-0.0004245979772119,3.006541499784325e-08
-0.0004245979772119,3.0065414997843224e-08
-0.0004245979772119,3.0065414997843224e-08
-0.0004245979772119,3.006541499784323e-08
-0.0004245979772119,3.006541499784645e-08
-0.0004245979772119,3.0065414997843224e-08
-0.0004245979772119,3.0065414997843244e-08
-0.0004245979772119,3.0065414997843224e-08
-0.0004245979772119,3.0065414997843224e-08
-0.0004245979772119,3.0065414997843224e-08
8.611438022716592e-05,3.818456884110797
-0.0004245979772118981,3.006541499784297e-08
-0.0004245979772119,3.0065414997843224e-08
-0.0004245979772119,3.006541499784336e-08
-0.0004245979772119,3.0065414997843303e-08
-0.0004245979772119,3.0065414997843224e-08
-0.0004245979772119,3.0065414997843224e-08
-0.0004245979772119,3.0065414997846294e-08
-0.0004245979772119,3.0065414997843224e-08
-0.0004245979772119,3.006541499784324e-08
-0.0004245979772119,3.0065414997843303e-08
-0.0004245979772119,3.0065414997843224e-08
-0.0004245979772119,3.0065414997843694e-08
-4.932681909591636e+32,6.597381358062709e+28
-0.0004245979772118977,3.006541499784291e-08
-0.0004245979772119,3.0065414997843224e-08
-0.0004245979772119,3.006541499784325e-08
-0.0004245979772119,3.006541499784333e-08
-0.0004245979772119,3.0065414997843224e-08
-0.0004245979772119,3.0065414997843224e-08
-0.0004245979772119,3.006541499784607e-08
-0.00042459795583442233,3.006541213864055e-08
-0.0004245979772119,3.006541499784324e-08
-0.0004245979772119,3.00654149978433e-08
-0.0004245979772119,3.0065414997843224e-08
-0.0004245979772119,3.006541499784373e-08
126443838357.04689,-16911652.7052079
-0.000424597977211898,3.006541499784295e-08
-0.0004245979772119,3.0065414997843224e-08
-0.0004245979772119,3.006541499784323e-08
-0.0004245979772119,3.006541499784346e-08
-0.0004245979772119,3.0065414997843224e-08
-0.0004245979772119,3.0065414997843224e-08
-0.0004245979772119,3.006541499784571e-08
-0.0004245979630557213,3.006541310447748e-08
-0.0004245979770733019,3.0065414979305974e-08
-0.0004245979772119,3.0065414997843224e-08
-0.0004245979772119,3.0065414997843224e-08
-0.0004245979772119,3.0065414997843224e-08
8.637295891417054e-05,3.8203904587700204
-0.0004245979772118982,3.006541499784298e-08
-0.0004245979772119,3.0065414997843224e-08
-0.0004245979772119,3.0065414997843244e-08
-0.0004245979772119,3.0065414997843224e-08
-0.0004245979772119,3.0065414997843224e-08
-0.0004245979772119,3.006541499784323e-08
-0.0004245979772119,3.0065414997845567e-08
-0.00042459796623895536,3.006541353022983e-08
-0.00042459796868538725,3.0065413857436134e-08
-0.0004245979772119,3.0065414997843416e-08
-0.0004245979772119,3.0065414997843224e-08
-0.0004245979772119,3.0065414997843224e-08
8.646052549437112e-05,3.821044917763796
-0.0004245979772118984,3.006541499784301e-08
-0.0004245979706737052,3.006541412337036e-08
-0.0004245979772119,3.0065414997844845e-08
-0.0004245979772119,3.0065414997843224e-08
-0.0004245979772119,3.0065414997843224e-08
-0.0004245979772119,3.0065414997843224e-08
-0.0004245979772119,3.006541499784509e-08
-0.0004245979658978931,3.0065413484613305e-08
-0.0004245979772119,3.0065414997843224e-08
-0.0004245979772119,3.0065414997844514e-08
-0.0004245979772119,3.0065414997843224e-08
-0.0004245979772119,3.0065414997843224e-08
126443838357.04689,-16911652.703254774
-0.00042459797721189867,3.0065414997843045e-08
-0.0004245979772119,3.0065414997843224e-08
-0.0004245979772119,3.006541499784325e-08
-0.0004245979772119,3.0065414997843224e-08
-0.0004245979772119,3.0065414997843224e-08
-0.0004245979772119,3.0065414997843224e-08
-0.0004245979772119,3.0065414997844905e-08
-0.0004245953427608219,3.006506264432134e-08
-0.000424597977211208,3.007058917919278e-08
-0.0004245979772119,3.0065414997843224e-08
-0.0004245979772119,3.0065414997843224e-08
-0.0004245979772119,3.0065414997843224e-08
8.663418618537694e-05,3.822343583752551
-0.0004245979772118987,3.006541499784305e-08
-0.0004245979772119,3.0065414997843224e-08
-0.0004245979772119,3.0065414997843264e-08
-0.0004245979772119,3.0065414997843224e-08
-0.0004245979772119,3.0065414997843224e-08
-0.0004245979772119,3.0065414997843224e-08
-0.0004245979772119,3.0065414997845156e-08
-0.00042459550283344225,3.006508405377245e-08
-0.0004245979772119,3.0065414997843224e-08
-0.0004245979772119,3.0065414997843224e-08
-0.0004245979772119,3.0065414997843224e-08
-0.0004245979772119,3.0065414997843224e-08
8.671913794181777e-05,3.8229784924230152
-0.00042459797721189905,3.006541499784309e-08
-0.0004245979772119,3.0065414997843224e-08
-0.0004245979772119,3.0065414997843224e-08
-0.0004245979772119,3.0065414997843224e-08
-0.0004245979772119,3.0065414997843224e-08
-0.0004245979772119,3.0065414997843224e-08
-0.0004245979772119,3.006541499784482e-08
-0.0004245957647692463,3.006511908725773e-08
-0.0004245979772118349,3.006590189812675e-08
-0.0004245979772119,3.0065414997843224e-08
-0.0004245979772119,3.0065414997843224e-08
-0.0004245979772119,3.0065414997843224e-08
2.7200829977460495e+23,-3.6380665103942963e+19
-0.0004245979772118989,3.006541499784307e-08
-0.0004245979772119,3.0065414997843224e-08
-0.0004245979772119,3.0065414997843224e-08
-0.0004245979763091768,3.006587703444024e-08
-0.0004245979772119,3.0065414997843224e-08
-0.0004245979772119,3.0065414997843224e-08
-0.0004245979772119,3.0065414997844686e-08
-0.0004245979772119,3.0065414997843224e-08
-0.0004245979772118795,3.006556869713364e-08
-0.0004245979768990342,3.0066267853456576e-08
-0.0004245979772119,3.0065414997843224e-08
-0.0004245979772119,3.0065414997843224e-08
3.6845312564355234e-05,3.8242869402673705
-0.00042459797721189894,3.006541499784308e-08
-0.0004245979772119,3.0065414997843224e-08
-0.0004245979772119,3.0065414997843224e-08
-0.00042459797560607344,3.0065414783066546e-08
-0.0004245979772119,3.0065414997843224e-08
-0.0004245979772119,3.0065414997843224e-08
-0.0004245979772119,3.006541499784447e-08
-0.0004245979772119,3.0065414997843224e-08
-0.0004245979772119,3.0065414997843224e-08
-0.0004245979769773072,3.006542351902209e-08
-0.0004245979772119,3.0065414997843224e-08
-0.0004245979772119,3.0065414997843224e-08
8.698036521302406e-05,3.8249316174055457
-0.00042459797721189905,3.00654149978431e-08
-0.0004245979772119,3.0065414997843224e-08
-0.0004245979772119,3.0065414997843224e-08
-0.00042459797618106423,3.006546017606769e-08
-0.0004245979772119,3.0065414997843224e-08
-0.0004245979772119,3.0065414997843224e-08
-0.0004245979772119,3.006541499784458e-08
-0.0004245979772119,3.0065414997843224e-08
-0.0004245979772119,3.0065414997843224e-08
-0.0004245979769098069,3.006541697067558e-08
-0.0004245979772119,3.0065414997843224e-08
-0.0004245979772119,3.0065414997843224e-08
5.848603097450632e+35,-7.822410962847391e+31
-0.00042459797721189916,3.006541499784311e-08
-0.0004245979772119,3.0065414997843224e-08
-0.0004245979772119,3.0065414997843224e-08
-0.0004245979772117175,3.0066779848337933e-08
-0.0004245979772119,3.0065414997843224e-08
-0.0004245979772119,3.0065414997843224e-08
-0.0004245979772119,3.0065414997843224e-08
-0.0004245979772119,3.0065414997843224e-08
-0.0004245979772119,3.0065414997843224e-08
-0.0004245979772006828,3.006541835476762e-08
-0.0004245979772119,3.0065414997843224e-08
-0.0004245979772119,3.0065414997843224e-08
-107374183.03952461,14364.947543682982
-0.00042459797721189905,3.006541499784309e-08
-0.0004245979772119,3.0065414997843224e-08
-0.0004245979772119,3.0065414997843224e-08
-0.0004245979772098226,3.006547942841456e-08
-0.0004245979772119,3.0065414997843224e-08
-0.0004245979772119,3.0065414997843224e-08
-0.0004245979772119,3.0065414997843224e-08
-0.0004245979772119,3.0065414997843224e-08
-0.0004245979772119,3.0065414997843224e-08
-0.0004245979772118996,3.006541837109875e-08
-0.0004245979772119,3.0065414997843224e-08
-0.0004245979772119,3.0065414997843224e-08
8.724028507235064e-05,3.826874967226421
-0.0004245979772118992,3.006541499784311e-08
-0.0004245979772119,3.0065414997843224e-08
-0.0004245979772118045,3.006612929885101e-08
-0.00042459797721189937,3.006541991295091e-08
-0.0004245979772119,3.0065414997843224e-08
-0.0004245979772119,3.0065414997843224e-08
-0.0004245979772119,3.0065414997843224e-08
-0.0004245979772119,3.0065414997843224e-08
-0.0004245979772119,3.0065414997843224e-08
-0.00042459797721036474,3.0065425048963757e-08
-0.0004245979772119,3.0065414997843224e-08
-0.0004245979772119,3.0065414997843224e-08
5.848603097450632e+35,-7.822410962847391e+31
-0.0004245979772119,3.0065414997843224e-08
-0.0004245979772119,3.0065414997843224e-08
-0.0004245979609485928,3.0065469691760676e-08
-0.000424597977211525,3.0065416483305484e-08
-0.0004245979772119,3.0065414997843224e-08
-0.0004245979772119,3.0065414997843224e-08
-0.0004245979772119,3.0065414997843224e-08
-0.0004245979772119,3.0065414997843224e-08
-0.0004245979772119,3.0065414997843224e-08
-0.00042459797720498704,3.006541577431218e-08
-0.0004245979772119,3.0065414997843224e-08
-0.0004245979772119,3.0065414997843224e-08
-107374183.03952435,14364.949496807963
-0.00042459797721189916,3.006542143813324e-08
0.0058022638165203255,-8.027671631037295e-07
-0.00042459797721189905,3.006542243952904e-08
-0.0004245979772110149,3.006541635833653e-08
-0.0004245979772119,3.0065414997843224e-08
-0.0004245979772119,3.0065414997843224e-08
-0.0004245979772119,3.006541499784394e-08
-0.0004245979772119,3.0065414997843224e-08
-0.0004245979772119,3.0065414997843224e-08
-0.00042459797720190455,3.006541499650634e-08
-0.0004245979772119,3.0065414997843224e-08
-0.0004245979772119,3.0065414997843224e-08
8.750020495896192e-05,3.8288183170472956
-0.0004245979772118993,3.006542007810878e-08
0.0030397850649526875,-4.3329014934782936e-07
-0.00042459797720681967,3.010339945683138e-08
-0.00042459797721151014,3.0065462534120765e-08
-0.0004245979772119,3.0065414997843224e-08
-0.0004245979772119,3.0065414997843224e-08
-0.0004245979772119,3.006541499784384e-08
-0.00042459797294757377,3.006541442749656e-08
-0.0004245979772119,3.0065414997843224e-08
-0.0004245979771991288,3.006541646024172e-08
-0.0004245979772119,3.0065414997843224e-08
-0.0004245979772119,3.0065414997843224e-08
8.758639845146113e-05,3.829462762460843
-0.0004245979772118983,3.006542185446422e-08
0.0015895621610228223,-2.3932520843367785e-07
-0.000424597977157596,3.0101125682248004e-08
-0.0004245979772115182,3.006541513404124e-08
-0.0004245979772119,3.0065414997843224e-08
-0.0004245979772119,3.0065414997843224e-08
-0.0004245979772119,3.006541499784373e-08
-0.0004245979772119,3.0065414997843224e-08
-0.00042459797721185535,3.006574904104457e-08
-0.00042459797718079963,3.006541710404863e-08
-0.0004245979772119,3.0065414997843224e-08
-0.0004245979772119,3.0065414997843224e-08
-2.3021535553652785e+20,3.0790927183103252e+16
-0.0004245979772118991,3.006542177119168e-08
0.0008574574079076528,-1.4140739538842143e-07
-0.00042459797691160155,3.0065414957678794e-08
-0.00042459797721082157,3.0071272269883966e-08
-0.0004245979772119,3.0065414997843224e-08
-0.0004245979772119,3.0065414997843224e-08
-0.0004245979772119,3.006541499784369e-08
-0.00042441426148973337,0.0013736208382078502
-0.0004245979772118821,3.006554915684267e-08
-0.00042459797686539974,3.0065416429953367e-08
-0.0004245979772119,3.0065414997843224e-08
-0.0004245979772119,3.0065414997843224e-08
8.780184804126263e-05,3.83076166686259
-0.00042459797721189916,3.0065421632412953e-08
0.0005444935026343386,-9.954898505018818e-08
-0.00042459797718868156,3.0065481633469865e-08
-0.0004245979772112856,3.006541545949014e-08
-0.0004245979772119,3.0065414997843224e-08
-0.0004245979772119,3.0065414997843224e-08
-0.0004245979772119,3.0065414997843674e-08
-0.00042459797717636465,3.006541499309042e-08
-0.0004245979755915089,3.006558264684139e-08
-0.00042459797719840577,3.006542687917891e-08
-0.0004245979772119,3.0065414997843224e-08
-0.0004245979772119,3.0065414997843224e-08
8.784762572266742e-05,3.8314158874433737
-0.0004245979772118992,3.006542091076842e-08
-0.0004245979763091941,3.006667995543898e-08
-0.0004245979772118273,3.006595876572281e-08
-0.000424597977208582,3.006541655923504e-08
-0.0004245979772119,3.0065414997843224e-08
-0.0004245979772119,3.0065414997843224e-08
-0.0004245979772119,3.006541499784362e-08
-0.00042459797695062866,3.0066019063549384e-08
-0.0004245979772119,3.0065414997843224e-08
-0.00042459797720218167,3.0065418634396634e-08
-0.0004245979772119,3.0065414997843224e-08
-0.0004245979772119,3.0065414997843224e-08
-3.21864395529427e+26,4.304883634926623e+22
-0.0004245979772118994,3.0065419578499954e-08
-0.0004245979772119,3.0065414997843224e-08
-0.00042459797718817264,3.024281832439523e-08
-0.00042459797721113983,3.006541608079102e-08
-0.0004245979772119,3.0065414997843224e-08
-0.0004245979772119,3.0065414997843224e-08
-0.0004245979772119,3.0065414997843575e-08
-0.0004245979768387444,3.006582357961677e-08
-0.0004245979759325922,3.00654148267379e-08
-0.0004245979771996282,3.006541811963845e-08
-0.0004245979772119,3.0065414997843224e-08
-0.0004245979772119,3.0065414997843224e-08
89128.96022832146,-8.08815736706557
-0.0004245979772118995,3.0065418912366146e-08
-0.00042459797682452505,3.0065832467603644e-08
-0.00042459797721189834,3.006542737999181e-08
-0.0004245979772108854,3.006542238533753e-08
-0.0004245979772119,3.0065414997843224e-08
-0.0004245979772119,3.0065414997843224e-08
-0.0004245979772119,3.006541499784355e-08
-0.0004245979771725899,3.006541499258556e-08
-0.00042459797658279274,3.006624997700968e-08
-0.00042459797178159934,3.006541427154939e-08
-0.0004245979772119,3.0065414997843224e-08
-0.0004245979772119,3.0065414997843224e-08
8.810623817011418e-05,3.8333494621025928
-0.00042459797721189954,3.0065418662562154e-08
-0.0004245979772119,3.0065414997843224e-08
-0.0004245979771750406,3.006541499291334e-08
-0.0004245979772097471,3.006911219248233e-08
-0.0004245979772119,3.0065414997843224e-08
-0.0004245979772119,3.0065414997843224e-08
-0.0004245979772119,3.0065414997843495e-08
-0.0004245683766936852,0.00022131955401768073
-0.0004245979772119,3.0065414997843224e-08
-0.0004245979770946055,3.006541631488847e-08
-0.0004245979772119,3.0065414997843224e-08
-0.0004245979772119,3.0065414997843224e-08
-4.932681909591636e+32,6.597381358062709e+28
-0.00042459797721189916,3.006541837063664e-08
-0.0004245979772119,3.0065414997843224e-08
-0.00042459797687073234,3.0065514897567955e-08
-0.0004245979771890286,3.00654212698576e-08
-0.0004245979772119,3.0065414997843224e-08
-0.0004245979772119,3.0065414997843224e-08
-0.0004245979772119,3.0065414997843475e-08
-0.0004245979768103777,3.006541494414026e-08
-0.0004245979772119,3.0065414997843224e-08
-0.00042459797702355096,3.0065419110091886e-08
-0.0004245979772119,3.0065414997843224e-08
-0.0004245979772119,3.0065414997843224e-08
89128.9602285827,-8.086204242083038
-0.0004245979772118991,3.006541954975754e-08
-0.0004245979772119,3.0065414997843224e-08
-0.0004245979677705364,3.008303519508075e-08
-0.00042459797721161943,3.0065423884194444e-08
-0.0004245979772119,3.0065414997843224e-08
-0.0004245979772119,3.0065414997843224e-08
-0.0004245979772119,3.006541499784343e-08
-0.0004245979772119,3.0065414997843224e-08
-0.0004245979772119,3.0065414997843224e-08
-0.0004245979772014033,3.0065427434651534e-08
-0.0004245979772119,3.0065414997843224e-08
-0.0004245979772119,3.0065414997843224e-08
8.83648168571188e-05,3.8352830367618163
-0.0004245979772118991,3.006541968906228e-08
-0.0004245979772119,3.0065414997843224e-08
-0.0004245979772118748,3.006560334206836e-08
-0.00042459797721188793,3.006550518472002e-08
-0.0004245979772119,3.0065414997843224e-08
-0.0004245979772119,3.0065414997843224e-08
-0.0004245979772119,3.006541499784343e-08
-0.0004245979772119,3.0065414997843224e-08
-0.0004245979772119,3.0065414997843224e-08
-0.00042459797720179255,3.006542277175583e-08
-0.0004245979772119,3.0065414997843224e-08
-0.0004245979772119,3.0065414997843224e-08
8.845238343731926e-05,3.835937495755592
-0.0004245979772118998,3.006541499784319e-08
-0.0004245979772119,3.0065414997843224e-08
-0.00042459797690015016,3.008463448159593e-08
-0.0004245979772116921,3.006541938548889e-08
-0.0004245979772119,3.0065414997843224e-08
-0.0004245979772119,3.0065414997843224e-08
-0.0004245979772119,3.00654149978434e-08
-0.0004245979772119,3.0065414997843224e-08
-0.0004245979772119,3.0065414997843224e-08
-0.0004245979772050947,3.006627143756439e-08
-0.0004245979772119,3.0065414997843224e-08
-0.0004245979772119,3.0065414997843224e-08
126443838357.0469,-16911652.688362196
-0.0004245979772118994,3.006541791244077e-08
-0.0004245979772119,3.0065414997843224e-08
-0.0004245979772119,3.0065414997843224e-08
-0.0004245979772116411,3.0065456094326295e-08
-0.0004245979772119,3.0065414997843224e-08
-0.0004245979772119,3.0065414997843224e-08
-0.0004245979772119,3.006541499784339e-08
-0.0004245979772119,3.0065414997843224e-08
-0.0004245978047684135,1.3193782803723049e-06
-0.0004245979772109404,3.006542737670171e-08
-0.0004245979772119,3.0065414997843224e-08
-0.0004245979772119,3.0065414997843224e-08
8.862604412832509e-05,3.837236161744347
-0.00042459797721189964,3.006541676739136e-08
-0.00042459756855956404,3.085447354657178e-06
-0.0004240725163684269,2.9995184554034964e-08
-0.0004245979772114818,3.00654152025559e-08
-0.0004245979772119,3.0065414997843224e-08
-0.0004245979772119,3.0065414997843224e-08
-0.0004245979772119,3.006541499784336e-08
-0.00042459794958599873,3.0065411302924115e-08
-0.0004245979772119,3.0065414997843224e-08
-0.00042459797721108926,3.00654312143823e-08
-0.0004245979772119,3.0065414997843224e-08
-0.0004245979772119,3.0065414997843224e-08
8.871230329664584e-05,3.8378808455764672
-0.0004245979772118997,3.0065416475957506e-08
-0.0004245979772119,3.0065414997843224e-08
-0.0004245979772118984,3.006542699137903e-08
-0.00042459797721143094,3.0065418496117434e-08
-0.0004245979772119,3.0065414997843224e-08
-0.0004245979772119,3.0065414997843224e-08
-0.0004245979772119,3.006541499784335e-08
-0.00042459789670476505,3.006540423014563e-08
-0.0004245979772119,3.0065414997843224e-08
-0.00042459797703953416,3.0065452071028117e-08
-0.0004245979772119,3.0065414997843224e-08
-0.0004245979772119,3.0065414997843224e-08
2.7200829977460495e+23,-3.6380665103942963e+19
-0.00042459797721189975,3.006541622615712e-08
-0.0004245979772119,3.0065414997843224e-08
-0.0004245979772118987,3.0065424826439916e-08
-0.00042459797721153036,3.006541534141057e-08
-0.0004245979772119,3.0065414997843224e-08
-0.0004245979772119,3.0065414997843224e-08
-0.0004245979772119,3.0065414997843336e-08
-0.0004245979772119,3.0065414997843224e-08
-0.0004245979772119,3.0065414997843224e-08
-0.0004245979771519201,3.006542098686177e-08
-0.0004245979772119,3.0065414997843224e-08
-0.0004245979772119,3.0065414997843224e-08
3.883717050730349e-05,3.8391795182591664
-0.0004245979772118998,3.006541599717289e-08
-0.0004245979772119,3.0065414997843224e-08
-0.00042459797721185725,3.006573484173674e-08
-0.00042459797720770633,3.006541919062993e-08
-0.0004245979772119,3.0065414997843224e-08
-0.0004245979772119,3.0065414997843224e-08
-0.0004245979772119,3.006541499784332e-08
-0.0004245979772119,3.0065414997843224e-08
-0.0004245979772119,3.0065414997843224e-08
-0.00042459797274793036,3.006563916865988e-08
-0.0004245979772119,3.0065414997843224e-08
-0.0004245979772119,3.0065414997843224e-08
8.897222315597231e-05,3.839824195397342
-0.0004245979772118998,3.006541586179807e-08
0.0003655329484411658,5.907593227500715
-0.0004245979772116566,3.0067234783468566e-08
-0.0004245979772044566,3.006542188248444e-08
-0.0004245979772119,3.0065414997843224e-08
-0.0004245979772119,3.0065414997843224e-08
-0.0004245979772119,3.006541499784331e-08
-0.0004218550908642336,0.02050784238198672
-0.0004245979772119,3.0065414997843224e-08
-0.0004245979771106207,3.006541498429728e-08
-0.0004245979772119,3.0065414997843224e-08
-0.0004245979772119,3.0065414997843224e-08
2.7200829977460495e+23,-3.6380665103942963e+19
-0.00042459797721189986,3.006541570567291e-08
-0.0004245979772119,3.0065414997843224e-08
-0.00042459797721140183,3.006913983075199e-08
-0.0004245979772084011,3.006542043972207e-08
-0.0004245979772119,3.0065414997843224e-08
-0.0004245979772119,3.0065414997843224e-08
-0.0004245979772119,3.0065414997843303e-08
-0.0004245979772119,3.0065414997843224e-08
-0.0004245979772119,3.0065414997843224e-08
-0.0004245979772119,3.0065414997843224e-08
-0.0004245979772119,3.0065414997843224e-08
-0.0004245979772119,3.0065414997843224e-08
-71.67991051812987,3.8507099440765447
-0.00042459797721189986,3.006541566056989e-08
-0.0004245979772119,3.0065414997843224e-08
-0.0003942882974272549,0.22661723020122257
-0.0004245979772069832,3.0065430549296806e-08
-0.0004245979772119,3.0065414997843224e-08
-0.0004245979772119,3.0065414997843224e-08
-0.0004245979772119,3.006541499784329e-08
-0.0004245979772119,3.0065414997843224e-08
-0.0004245979772119,3.0065414997843224e-08
0.21936095625412388,-2.936589290612848e-05
-0.0004245979772119,3.0065414997843224e-08
-0.0004245979772119,3.0065414997843224e-08
8.923214301529878e-05,3.8417675452182167
-0.0004245979772118999,3.0065415414208086e-08
-0.0004245979772119,3.0065414997843224e-08
-0.0004245979772119,3.0065414997843224e-08
-0.0004245979771761211,3.006551761358044e-08
-0.0004245979772119,3.0065414997843224e-08
-0.0004245979772119,3.0065414997843224e-08
-0.0004245979772119,3.006541499784329e-08
-0.0004245979772119,3.0065414997843224e-08
-0.0004245979772119,3.0065414997843224e-08
0.001269588365416059,-1.9652923673114837e-07
-0.0004245979772119,3.0065414997843224e-08
-0.0004245979772119,3.0065414997843224e-08
5.848603097450632e+35,-7.822410962847391e+31
-0.0004245979772118999,3.006541538992188e-08
-0.0004245979772119,3.0065414997843224e-08
-0.0004245979772119,3.0065414997843224e-08
-0.0004245979771168196,3.0065513608771506e-08
-0.0004245979772119,3.0065414997843224e-08
-0.0004245979772119,3.0065414997843224e-08
-0.0004245979772119,3.006541499784328e-08
-0.0004245979772119,3.0065414997843224e-08
-0.0004245979772119,3.0065414997843224e-08
0.0020329867209116274,-2.986325179001371e-07
-0.0004245979772119,3.0065414997843224e-08
-0.0004245979772119,3.0065414997843224e-08
-107374183.03952236,14364.964389385956
-0.0004245979772118999,3.006541534134954e-08
-0.0004245979772119,3.0065414997843224e-08
-0.0004245979772119,3.0065414997843224e-08
-0.0004245979772118921,3.006547409746595e-08
-0.0004245979772119,3.0065414997843224e-08
-0.0004245979772119,3.0065414997843224e-08
-0.0004245979772119,3.006541499784327e-08
-0.0004245979772119,3.0065414997843224e-08
-0.0004245979772119,3.0065414997843224e-08
0.06894070164049568,-9.247429930980877e-06
-0.0004245979772119,3.0065414997843224e-08
-0.0004245979772119,3.0065414997843224e-08
8.949206290191018e-05,3.843710895039092
-0.00042459797721189997,3.0065415216433926e-08
-0.0004245979772119,3.0065414997843224e-08
-0.000422891381444108,0.012759780660225447
2508.2968451731817,18753853.832259703
-0.0004245979772119,3.0065414997843224e-08
-0.0004245979772119,3.0065414997843224e-08
-0.0004245979772119,3.0065414997843264e-08
-0.0004245979772119,3.0065414997843224e-08
-0.0004245979772119,3.0065414997843224e-08
0.04133812616802519,-5.555630617862961e-06
-0.0004245979772119,3.0065414997843224e-08
-0.0004245979772119,3.0065414997843224e-08
5.848603097450632e+35,-7.822410962847391e+31
-0.00042459797721189997,3.0065415195617245e-08
-0.0004245979772119,3.0065414997843224e-08
-0.0004245979772119,3.0065414997843224e-08
-0.000228072544821187,3.7804599205951635e-09
-0.0004245979772119,3.0065414997843224e-08
-0.0004245979772119,3.0065414997843224e-08
-0.0004245979772119,3.0065414997843264e-08
-0.0004245979772119,3.0065414997843224e-08
-0.0004245979772119,3.0065414997843224e-08
0.0012848455245275889,-1.9856985680242588e-07
-0.0004245979772119,3.0065414997843224e-08
-0.0004245979772119,3.0065414997843224e-08
-2.3021535553652785e+20,3.0790927183103252e+16
-0.00042459797721189997,3.006541519128041e-08
-0.0004245979772119,3.0065414997843224e-08
-0.0004245979772119,3.0065414997843224e-08
-0.0003535492412751165,2.0562762798199133e-08
-0.0004245979772119,3.0065414997843224e-08
-0.0004245979772119,3.0065414997843224e-08
-0.0004245979772119,3.0065414997843264e-08
-0.0004245979772119,3.0065414997843224e-08
-0.0004245979772119,3.0065414997843224e-08
0.0014679509916398362,-2.230599134780187e-07
-0.0004245979772119,3.0065414997843224e-08
-0.0004245979772119,3.0065414997843224e-08
8.979370598421088e-05,3.8456542448543862
-0.00042459797721189997,3.0065415134034495e-08
-0.0004245979772119,3.0065414997843224e-08
-0.0004245979772119,3.0065414997843224e-08
-0.00032871957047751255,1.72418349490221e-08
-0.0004245979772119,3.0065414997843224e-08
-0.0004245979772119,3.0065414997843224e-08
-0.0004245979772119,3.0065414997843264e-08
-0.0004245979772119,3.0065414997843224e-08
-0.0004245979772119,3.0065414997843224e-08
0.010382293993321867,-1.4153387065685434e-06
-0.0004245979772119,3.0065414997843224e-08
-0.0004245979772119,3.0065414997843224e-08
8.983817625373585e-05,3.846298690273514
-0.00042459797721189997,3.006541510410277e-08
-0.0004245979772119,3.0065414997843224e-08
-0.0004245979772119,3.0065414997843224e-08
-0.0004245979772119,3.0065414997843224e-08
-0.0004245979772119,3.0065414997843224e-08
-0.0004245979772119,3.0065414997843224e-08
-0.0004245979772119,3.006541499784326e-08
-0.0004245979772119,3.0065414997843224e-08
-0.0004245979772119,3.0065414997843224e-08
-0.0004245979772119,3.0065414997843224e-08
-0.0004245979772119,3.0065414997843224e-08
-0.0004245979772119,3.0065414997843224e-08
-2.3021535553652785e+20,3.0790927183103252e+16
-0.00042459797721189997,3.006541508025032e-08
-0.0004245979772119,3.0065414997843224e-08
-0.0004245979772119,3.0065414997843224e-08
-0.0004245979772119,3.0065414997843224e-08
-0.0004245979772119,3.0065414997843224e-08
-0.0004245979772119,3.0065414997843224e-08
-0.0004245979772119,3.006541499784325e-08
-0.0004245979772119,3.0065414997843224e-08
-0.0004245979772119,3.0065414997843224e-08
-0.0004245979772119,3.0065414997843224e-08
-0.0004245979772119,3.0065414997843224e-08
-0.0004245979772119,3.0065414997843224e-08
0.05884001122810332,3.8475897369645433
-0.0004245979772119,3.006541507894929e-08
-0.0004245979772119,3.0065414997843224e-08
-0.0004245979772119,3.0065414997843224e-08
-0.0004245979772119,3.0065414997843224e-08
-0.0004245979772119,3.0065414997843224e-08
-0.0004245979772119,3.0065414997843224e-08
-0.0004245979772119,3.0065414997843224e-08
-0.0004245979772119,3.0065414997843224e-08
-0.0004245979772119,3.0065414997843224e-08
-0.0004245979772119,3.0065414997843224e-08
-0.0004245979772119,3.0065414997843224e-08
-0.0004245979772119,3.0065414997843224e-08
9.009809611306232e-05,3.848242040094389
-0.0004245979772119,3.006541507721455e-08
-0.0004245979772119,3.0065414997843224e-08
-0.0004245979772119,3.0065414997843224e-08
-0.0004245979772119,3.0065414997843224e-08
-0.0004245979772119,3.0065414997843224e-08
-0.0004245979772119,3.0065414997843224e-08
-0.0004245979772119,3.006541499784325e-08
-0.0004245979772119,3.0065414997843224e-08
-0.0004245979772119,3.0065414997843224e-08
-0.0004245979772119,3.0065414997843224e-08
-0.0004245979772119,3.0065414997843224e-08
-0.0004245979772119,3.0065414997843224e-08
-3.21864395529427e+26,4.304883634926623e+22
-0.0004245979772119,3.006541505292456e-08
-0.0004245979772119,3.0065414997843224e-08
-0.0004245979772119,3.0065414997843224e-08
-0.0004245979772119,3.0065414997843224e-08
-0.0004245979772119,3.0065414997843224e-08
-0.0004245979772119,3.0065414997843224e-08
-0.0004245979772119,3.006541499784325e-08
-0.0004245979772119,3.0065414997843224e-08
-0.0004245979772119,3.0065414997843224e-08
-0.0004245979772119,3.0065414997843224e-08
-0.0004245979772119,3.0065414997843224e-08
-0.0004245979772119,3.0065414997843224e-08
89128.96023057455,-8.071311664091242
-0.0004245979772119,3.006541504750355e-08
-0.0004245979772119,3.0065414997843224e-08
-0.0004245979772119,3.0065414997843224e-08
-0.0004245979772119,3.0065414997843224e-08
-0.0004245979772119,3.0065414997843224e-08
-0.0004245979772119,3.0065414997843224e-08
-0.0004245979772119,3.006541499784325e-08
-0.0004245979772119,3.0065414997843224e-08
-0.0004245979772119,3.0065414997843224e-08
-0.0004245979772119,3.0065414997843224e-08
-0.0004245979772119,3.0065414997843224e-08
-0.0004245979772119,3.0065414997843224e-08
9.035801597236559e-05,3.850185389915264
-0.0004245979772119,3.0065415047499683e-08
-0.0004245979772119,3.0065414997843224e-08
-0.0004245979772119,3.0065414997843224e-08
-0.0004245979772119,3.0065414997843224e-08
-0.0004245979772119,3.0065414997843224e-08
-0.0004245979772119,3.0065414997843224e-08
-0.0004245979772119,3.0065414997843244e-08
-0.0004245979772119,3.0065414997843224e-08
-0.0004245979772119,3.0065414997843224e-08
-0.0004245979772119,3.0065414997843224e-08
-0.0004245979772119,3.0065414997843224e-08
-0.0004245979772119,3.0065414997843224e-08
-4.932681909591636e+32,6.597381358062709e+28
-0.0004245979772119,3.006541504425094e-08
-0.0004245979772119,3.0065414997843224e-08
-0.0004245979772119,3.0065414997843224e-08
-0.0004245979772119,3.0065414997843224e-08
-0.0004245979772119,3.0065414997843224e-08
-0.0004245979772119,3.0065414997843224e-08
-0.0004245979772119,3.006541499784325e-08
-0.0004245979772119,3.0065414997843224e-08
-0.0004245979772119,3.0065414997843224e-08
-0.0004245979772119,3.0065414997843224e-08
-0.0004245979772119,3.0065414997843224e-08
-0.0004245979772119,3.0065414997843224e-08
126443838357.0469,-16911652.673469618
-0.0004245979772119,3.0065415040564674e-08
-0.0004245979772119,3.0065414997843224e-08
-0.0004245979772119,3.0065414997843224e-08
-0.0004245979772119,3.0065414997843224e-08
-0.0004245979772119,3.0065414997843224e-08
-0.0004245979772119,3.0065414997843224e-08
-0.0004245979772119,3.0065414997843244e-08
-0.0004245979772119,3.0065414997843224e-08
-0.0004245979772119,3.0065414997843224e-08
-0.0004245979772119,3.0065414997843224e-08
-0.0004245979772119,3.0065414997843224e-08
-0.0004245979772119,3.0065414997843224e-08
-0.00018786337747764417,1.769999995160496
-0.0004245979772119,3.006541504208253e-08
-0.0004245979772119,3.0065414997843224e-08
-0.0004245979772119,3.0065414997843224e-08
-0.0004245979772119,3.0065414997843224e-08
-0.0004245979772119,3.0065414997843224e-08
-0.0004245979772119,3.0065414997843224e-08
-0.0004245979772119,3.006541499784325e-08
-0.0004245979772119,3.0065414997843224e-08
-0.0004245979772119,3.0065414997843224e-08
-0.0004245979772119,3.0065414997843224e-08
-0.0004245979772119,3.0065414997843224e-08
-0.0004245979772119,3.0065414997843224e-08
-0.0001696401605145283,1.9062500130153197
-0.0004245979772119,3.006541503275838e-08
-0.0004245979772119,3.0065414997843224e-08
-0.0004245979772119,3.0065414997843224e-08
-0.0004245979772119,3.0065414997843224e-08
-0.0004245979772119,3.0065414997843224e-08
-0.0004245979772119,3.0065414997843224e-08
-0.0004245979772119,3.0065414997843244e-08
-0.0004245979772119,3.0065414997843224e-08
-0.0004245979772119,3.0065414997843224e-08
-0.0004245979772119,3.0065414997843224e-08
-0.0004245979772119,3.0065414997843224e-08
-0.0004245979772119,3.0065414997843224e-08
-0.00015860592310253596,1.9887499932039279
-0.0004245979772119,3.006541503601101e-08
-0.0004245979772119,3.0065414997843224e-08
-0.0004245979772119,3.0065414997843224e-08
-0.0004245979772119,3.0065414997843224e-08
-0.0004245979772119,3.0065414997843224e-08
-0.0004245979772119,3.0065414997843224e-08
-0.0004245979772119,3.0065414997843244e-08
-0.0004245979772119,3.0065414997843224e-08
-0.0004245979772119,3.0065414997843224e-08
-0.0004245979772119,3.0065414997843224e-08
-0.0004245979772119,3.0065414997843224e-08
-0.0004245979772119,3.0065414997843224e-08
-0.00014740449646496984,2.072500001991585
-0.0004245979772119,3.0065415028204756e-08
-0.0004245979772119,3.0065414997843224e-08
-0.0004245979772119,3.0065414997843224e-08
-0.0004245979772119,3.0065414997843224e-08
-0.0004245979772119,3.0065414997843224e-08
-0.0004245979772119,3.0065414997843224e-08
-0.0004245979772119,3.0065414997843244e-08
-0.0004245979772119,3.0065414997843224e-08
-0.0004245979772119,3.0065414997843224e-08
-0.0004245979772119,3.0065414997843224e-08
-0.0004245979772119,3.0065414997843224e-08
-0.0004245979772119,3.0065414997843224e-08
0.058613461877149636,2.153742095864846
-0.0004245979772119,3.0065415028200885e-08
-0.0004245979772119,3.0065414997843224e-08
-0.0004245979772119,3.0065414997843224e-08
-0.0004245979772119,3.0065414997843224e-08
-0.0004245979772119,3.0065414997843224e-08
-0.0004245979772119,3.0065414997843224e-08
-0.0004245979772119,3.006541499784325e-08
-0.0004245979772119,3.0065414997843224e-08
-0.0004245979772119,3.0065414997843224e-08
-0.0004245979772119,3.0065414997843224e-08
-0.0004245979772119,3.0065414997843224e-08
-0.0004245979772119,3.0065414997843224e-08
-0.00012529429844529574,2.2374999623632204
-0.0004245979772119,3.006541503362575e-08
-0.0004245979772119,3.0065414997843224e-08
-0.0004245979772119,3.0065414997843224e-08
-0.0004245979772119,3.0065414997843224e-08
-0.0004245979772119,3.0065414997843224e-08
-0.0004245979772119,3.0065414997843224e-08
-0.0004245979772119,3.006541499784325e-08
-0.0004245979772119,3.0065414997843224e-08
-0.0004245979772119,3.0065414997843224e-08
-0.0004245979772119,3.0065414997843224e-08
-0.0004245979772119,3.0065414997843224e-08
-0.0004245979772119,3.0065414997843224e-08
-0.00011898298849060193,2.284999857039772
-0.0004245979772119,3.006541503470995e-08
-0.0004245979772119,3.0065414997843224e-08
-0.0004245979772119,3.0065414997843224e-08
-0.0004245979772119,3.0065414997843224e-08
-0.0004245979772119,3.0065414997843224e-08
-0.0004245979772119,3.0065414997843224e-08
-0.0004245979772119,3.006541499784325e-08
-0.0004245979772119,3.0065414997843224e-08
-0.0004245979772119,3.0065414997843224e-08
-0.0004245979772119,3.0065414997843224e-08
-0.0004245979772119,3.0065414997843224e-08
-0.0004245979772119,3.0065414997843224e-08
-0.00011338225921410583,2.3268749806428892
-0.0004245979772119,3.0065415032541545e-08
-0.0004245979772119,3.0065414997843224e-08
-0.0004245979772119,3.0065414997843224e-08
-0.0004245979772119,3.0065414997843224e-08
-0.0004245979772119,3.0065414997843224e-08
-0.0004245979772119,3.0065414997843224e-08
-0.0004245979772119,3.006541499784325e-08
-0.0004245979772119,3.0065414997843224e-08
-0.0004245979772119,3.0065414997843224e-08
-0.0004245979772119,3.0065414997843224e-08
-0.0004245979772119,3.0065414997843224e-08
-0.0004245979772119,3.0065414997843224e-08
-0.00010786514049446725,2.368124970737193
-0.0004245979772119,3.006541503969727e-08
-0.0004245979772119,3.0065414997843224e-08
-0.0004245979772119,3.0065414997843224e-08
-0.0004245979772119,3.0065414997843224e-08
-0.0004245979772119,3.0065414997843224e-08
-0.0004245979772119,3.0065414997843224e-08
-0.0004245979772119,3.006541499784325e-08
-0.0004245979772119,3.0065414997843224e-08
-0.0004245979772119,3.0065414997843224e-08
-0.0004245979772119,3.0065414997843224e-08
-0.0004245979772119,3.0065414997843224e-08
-0.0004245979772119,3.0065414997843224e-08
-71.68010209567989,2.4183369100131364
-0.0004245979772119,3.006541504490145e-08
-0.0004245979772119,3.0065414997843224e-08
-0.0004245979772119,3.0065414997843224e-08
-0.0004245979772119,3.0065414997843224e-08
-0.0004245979772119,3.0065414997843224e-08
-0.0004245979772119,3.0065414997843224e-08
-0.0004245979772119,3.006541499784325e-08
-0.0004245979772119,3.0065414997843224e-08
-0.0004245979772119,3.0065414997843224e-08
-0.0004245979772119,3.0065414997843224e-08
-0.0004245979772119,3.0065414997843224e-08
-0.0004245979772119,3.0065414997843224e-08
0.058653168422372996,2.450617093209503
-0.0004245979772119,3.006541504490145e-08
-0.0004245979772119,3.0065414997843224e-08
-0.0004245979772119,3.0065414997843224e-08
-0.0004245979772119,3.0065414997843224e-08
-0.0004245979772119,3.0065414997843224e-08
-0.0004245979772119,3.0065414997843224e-08
-0.0004245979772119,3.006541499784325e-08
-0.0004245979772119,3.0065414997843224e-08
-0.0004245979772119,3.0065414997843224e-08
-0.0004245979772119,3.0065414997843224e-08
-0.0004245979772119,3.0065414997843224e-08
-0.0004245979772119,3.0065414997843224e-08
-0.0001412790329894566,2.4924998428042904
-0.0004245979772119,3.006541504533514e-08
-0.0004245979772119,3.0065414997843224e-08
-0.0004245979772119,3.0065414997843224e-08
-0.0004245979772119,3.0065414997843224e-08
-0.0004245979772119,3.0065414997843224e-08
-0.0004245979772119,3.0065414997843224e-08
-0.0004245979772119,3.006541499784325e-08
-0.0004245979772119,3.0065414997843224e-08
-0.0004245979772119,3.0065414997843224e-08
-0.0004245979772119,3.0065414997843224e-08
-0.0004245979772119,3.0065414997843224e-08
-0.0004245979772119,3.0065414997843224e-08
-2.3021535553652785e+20,3.0790927183103252e+16
-0.0004245979772119,3.006541504750355e-08
-0.0004245979772119,3.0065414997843224e-08
-0.0004245979772119,3.0065414997843224e-08
-0.0004245979772119,3.0065414997843224e-08
-0.0004245979772119,3.0065414997843224e-08
-0.0004245979772119,3.0065414997843224e-08
-0.0004245979772119,3.006541499784325e-08
-0.0004245979772119,3.0065414997843224e-08
-0.0004245979772119,3.0065414997843224e-08
-0.0004245979772119,3.0065414997843224e-08
-0.0004245979772119,3.0065414997843224e-08
-0.0004245979772119,3.0065414997843224e-08
2.7200829977460495e+23,-3.6380665103942963e+19
-0.0004245979772119,3.006541505639785e-08
-0.0004245979772119,3.0065414997843224e-08
-0.0004245979772119,3.0065414997843224e-08
-0.0004245979772119,3.0065414997843224e-08
-0.0004245979772119,3.0065414997843224e-08
-0.0004245979772119,3.0065414997843224e-08
-0.0004245979772119,3.006541499784325e-08
-0.0004245979772119,3.0065414997843224e-08
-0.0004245979772119,3.0065414997843224e-08
-0.0004245979772119,3.0065414997843224e-08
-0.0004245979772119,3.0065414997843224e-08
-0.0004245979772119,3.0065414997843224e-08
-3.21864395529427e+26,4.304883634926623e+22
-0.0004245979772119,3.006541507331142e-08
287318.84041873994,2148204524.7857876
-0.0004245979772119,3.0065414997843224e-08
0.0245970419094194,187.0799696702403
-0.0004245979772119,3.0065414997843224e-08
-0.0004245979772119,3.0065414997843224e-08
-0.0004245979772119,3.006541499784325e-08
-0.0004245826696029973,0.00011448087766241932
-0.0004245979772119,3.0065414997843224e-08
-0.0004245979772119,3.0065414997843224e-08
-0.0004245979772119,3.0065414997843224e-08
-0.0004245979772119,3.0065414997843224e-08
-7.965259520418432e-05,2.5790624688505024
-0.00042459797721189997,3.00654151006333e-08
412978.54740529926,3087727844.3823977
-0.0004245979772119,3.0065414997843224e-08
-0.0004245979772119,3.0065414997843224e-08
-0.0004245979772119,3.0065414997843224e-08
-0.0004245979772119,3.0065414997843224e-08
-0.0004245979772119,3.006541499784325e-08
-0.00042459762640165236,2.652977852985108e-06
-0.0004245979772119,3.0065414997843224e-08
-0.0004245979772119,3.0065414997843224e-08
-0.0004245979772119,3.0065414997843224e-08
-0.0004245979772119,3.0065414997843224e-08
-7.689408558978161e-05,2.59968734468837
-0.00042459797721189997,3.006541510193436e-08
-0.0004245979772119,3.0065414997843224e-08
-0.0004245979772119,3.0065414997843224e-08
-0.0004245979772119,3.0065414997843224e-08
-0.0004245979772119,3.0065414997843224e-08
-0.0004245979772119,3.0065414997843224e-08
-0.0004245979772119,3.006541499784326e-08
-0.00042459785512997847,9.428386096328588e-07
-0.0004245979772119,3.0065414997843224e-08
-0.0004245979772119,3.0065414997843224e-08
-0.0004245979772119,3.0065414997843224e-08
-0.0004245979772119,3.0065414997843224e-08
-3.21864395529427e+26,4.304883634926623e+22
-0.0004245979772119,3.0065414997843224e-08
-0.0004245979772119,3.0065414997843224e-08
-0.0004245979772119,3.0065414997843224e-08
0.01764211683663196,135.0798938413999
-0.0004245979772119,3.0065414997843224e-08
-0.0004245979772119,3.0065414997843224e-08
-0.0004245979772119,3.006541499784326e-08
-0.00042459789499006635,6.448156157951918e-07
-0.0004245979772119,3.0065414997843224e-08
-0.0004245979772119,3.0065414997843224e-08
-0.0004245979772119,3.0065414997843224e-08
-0.0004245979772119,3.0065414997843224e-08
-7.129332252558198e-05,2.641562468291483
-0.00042459797721189997,3.006541510670486e-08
-0.0004245979772119,3.0065414997843224e-08
-0.0004245979772119,3.0065414997843224e-08
0.02941198501313241,223.079984607034
-0.0004245979772119,3.0065414997843224e-08
-0.0004245979772119,3.0065414997843224e-08
-0.0004245979772119,3.0065414997843264e-08
-0.0004245979769378908,3.006852743634416e-08
-0.0004245979772119,3.0065414997843224e-08
-0.0004245979772119,3.0065414997843224e-08
-0.0004245979772119,3.0065414997843224e-08
-0.0004245979772119,3.0065414997843224e-08
-4.932681909591636e+32,6.597381358062709e+28
-0.00042459797721189997,3.0065415105403815e-08
-0.0004245979772119,3.0065414997843224e-08
-0.0004245979772119,3.0065414997843224e-08
0.03865135277680943,292.1602147020494
-0.0004245979772119,3.0065414997843224e-08
-0.0004245979772119,3.0065414997843224e-08
-0.0004245979772119,3.0065414997843264e-08
-0.00042459792633939676,4.100450220355008e-07
-0.0004245979772119,3.0065414997843224e-08
-0.0004245979772119,3.0065414997843224e-08
-0.0004245979772119,3.0065414997843224e-08
-0.0004245979772119,3.0065414997843224e-08
5.848603097450632e+35,-7.822410962847391e+31
-0.00042459797721189997,3.0065415207760256e-08
-0.0004245979772119,3.0065414997843224e-08
-0.0004245979772119,3.0065414997843224e-08
-0.0004245979772119,3.0065414997843224e-08
-0.0004245979772119,3.0065414997843224e-08
-0.0004245979772119,3.0065414997843224e-08
-0.0004245979772119,3.0065414997843264e-08
-0.00042459790294480354,5.852156895544195e-07
-0.0004245979772119,3.0065414997843224e-08
-0.0004245979772119,3.0065414997843224e-08
-0.0004245979772119,3.0065414997843224e-08
-0.0004245979772119,3.0065414997843224e-08
-0.00011306648769917368,2.703437340917599
-0.00042459797721189997,3.006541502581952e-08
-0.0004245979772119,3.0065414997843224e-08
-0.0004245979772119,3.0065414997843224e-08
-6.080178865066173e-05,2.720004802718654
-0.0004245979772119,3.0065414997843224e-08
-0.0004245979772119,3.0065414997843224e-08
-0.0004245979772119,3.0065414997843264e-08
-0.00042459789298494817,6.597205853632367e-07
-0.0004245979772119,3.0065414997843224e-08
-0.0004245979772119,3.0065414997843224e-08
-0.0004245979772119,3.0065414997843224e-08
-0.0004245979772119,3.0065414997843224e-08
-4.932681909591636e+32,6.597381358062709e+28
-0.00042459797721189997,3.006541500266841e-08
-0.0004245979772119,3.0065414997843224e-08
-0.0004245979772119,3.0065414997843224e-08
0.013217735034267137,101.99999911774556
-0.0004245979772119,3.0065414997843224e-08
-0.0004245979772119,3.0065414997843224e-08
-0.0004245979772119,3.006541499784327e-08
-0.000424597918401757,4.6969019564037786e-07
-0.0004245979772119,3.0065414997843224e-08
1.1719216258585514,-0.0001567693241278318
-0.0004245979772119,3.0065414997843224e-08
-0.0004245979772119,3.0065414997843224e-08
5.848603097450632e+35,-7.822410962847391e+31
-0.00042459797721189997,3.006541499926635e-08
-0.0004245979772119,3.0065414997843224e-08
-0.0004245979772119,3.0065414997843224e-08
0.05336378289640461,402.1610376927771
-0.0004245979772119,3.0065414997843224e-08
-0.0004245979772119,3.0065414997843224e-08
-0.0004245979772119,3.006541499784327e-08
-0.000424597907936449,5.479617637226745e-07
-0.0004245979772119,3.0065414997843224e-08
-0.0004245979772119,3.0065414997843224e-08
-0.0004245979772119,3.0065414997843224e-08
-0.0004245979772119,3.0065414997843224e-08
-5.576598885867164e-05,2.757656102812187
-0.0004245979772119,3.006541499815665e-08
-0.0004245979772118994,3.0065414997843145e-08
-0.0004245979772119,3.0065414997843224e-08
-0.0004245979772119,3.0065414997843224e-08
-0.0004245979772119,3.0065414997843224e-08
-0.0004245979772119,3.0065414997843224e-08
-0.0004245979772119,3.006541499784328e-08
-0.00042459797718969334,3.00654149953272e-08
-0.0004245979772119,3.0065414997843224e-08
-0.0004245979772119,3.0065414997843224e-08
-0.0004245979772119,3.0065414997843224e-08
-0.0004245979772119,3.0065414997843224e-08
-71.68005402986199,2.7777119067987743
-0.0004245979772119,3.006541499794403e-08
-0.00042459797721189937,3.006541499784314e-08
-0.0004245979772119,3.0065414997843224e-08
-0.0004245979772119,3.0065414997843224e-08
-0.0004245979772119,3.0065414997843224e-08
-0.0004245979772119,3.0065414997843224e-08
-0.0004245979772119,3.0065414997843284e-08
-0.00042459790691529875,5.554114915983709e-07
-0.0004245979772119,3.0065414997843224e-08
41.01473082740675,-0.005485679874147564
-0.0004245979772119,3.0065414997843224e-08
-0.0004245979772119,3.0065414997843224e-08
-2.3021535553652785e+20,3.0790927183103252e+16
-0.0004245979772119,3.006541499787965e-08
-0.0004245979772119,3.0065414997843224e-08
-0.0004245979772119,3.0065414997843224e-08
3.5961179899916504,26890.366947014223
-0.0004245979772119,3.0065414997843224e-08
-0.0004245979772119,3.0065414997843224e-08
-0.0004245979772119,3.00654149978433e-08
-0.0004245978959386063,6.373683321768168e-07
-0.0004245979772119,3.0065414997843224e-08
268.12094141206467,-0.03586076400633169
-0.0004245979772119,3.0065414997843224e-08
-0.0004245979772119,3.0065414997843224e-08
-5.158635251937047e-05,2.7889061025326773
-0.0004245979772119,3.0065414997846744e-08
-0.0004245979772119,3.0065414997843224e-08
-0.0004245979772119,3.0065414997843224e-08
7.398096495946217,55316.72216151002
-0.0004245979772119,3.0065414997843224e-08
-0.0004245979772119,3.0065414997843224e-08
-0.0004245979772119,3.0065414997843224e-08
-0.0004245978839778379,7.267758101306276e-07
-0.0004245979772119,3.0065414997843224e-08
-0.0004245979772119,3.0065414997843224e-08
-0.0004245979772119,3.0065414997843224e-08
-0.0004245979772119,3.0065414997843224e-08
2.7200829977460495e+23,-3.6380665103942963e+19
-0.0004245979772119,3.00654149978433e-08
-0.0004245979772119,3.0065414997843224e-08
-0.0004245979772119,3.0065414997843224e-08
-0.0004245979772119,3.0065414997843224e-08
-0.0004245979772119,3.0065414997843224e-08
-0.0004245979772119,3.0065414997843224e-08
-0.0004245979772119,3.006541499784324e-08
-0.00042459789743859027,6.261118574134254e-07
-0.0004245979772119,3.0065414997843224e-08
-0.0004245979772119,3.0065414997843224e-08
-0.0004245979772119,3.0065414997843224e-08
-0.0004245979772119,3.0065414997843224e-08
-4.882777720183814e-05,2.809531216789118
-0.0004245979772119,3.0065414997843965e-08
-0.0004245979772119,3.0065414997843224e-08
-0.0004245979772119,3.0065414997843224e-08
-0.0004245979772119,3.0065414997843224e-08
-0.0004245979772119,3.0065414997843224e-08
-0.0004245979772119,3.0065414997843224e-08
-0.0004245979772119,3.006541499784323e-08
-0.00042459784855780033,9.914821375053846e-07
-0.0004245979772119,3.0065414997843224e-08
-0.0004245979772119,3.0065414997843224e-08
-0.0004245979772119,3.0065414997843224e-08
-0.0004245979772119,3.0065414997843224e-08
89128.96009287513,-9.100852670507706
-0.0004245979772119,3.006541499784399e-08
-0.0004245979772119,3.0065414997843224e-08
-0.0004245979772119,3.0065414997843224e-08
-0.0004245979772119,3.0065414997843224e-08
-0.0004245979772119,3.0065414997843224e-08
-0.0004245979772119,3.0065414997843224e-08
-0.0004245979772119,3.006541499784323e-08
-0.0004245977628711105,1.6322311536167368e-06
-0.0004245979772119,3.0065414997843224e-08
-0.0004245979772119,3.0065414997843224e-08
-0.0004245979772119,3.0065414997843224e-08
-0.0004245979772119,3.0065414997843224e-08
-4.6048315236916354e-05,2.830312495213473
-0.0004245979772119,3.0065414997843886e-08
-0.0004245979772119,3.0065414997843224e-08
-0.0004245979772119,3.0065414997843224e-08
-0.0004245979772119,3.0065414997843224e-08
-0.0004245979772119,3.0065414997843224e-08
-0.0004245979772119,3.0065414997843224e-08
-0.0004245979772119,3.0065414997843224e-08
-0.0004245977519512587,1.714187653142269e-06
-0.0004245979772119,3.0065414997843224e-08
-0.0004245979772119,3.0065414997843224e-08
-0.0004245979772119,3.0065414997843224e-08
-0.0004245979772119,3.0065414997843224e-08
-107374183.03965643,14363.961947988671
-0.0004245979772119,3.006541499784359e-08
-0.0004245979772119,3.0065414997843224e-08
-0.0004245979772119,3.0065414997843224e-08
-0.0004245979772119,3.0065414997843224e-08
-0.0004245979772119,3.0065414997843224e-08
-0.0004245979772119,3.0065414997843224e-08
-0.0004245979772119,3.0065414997843224e-08
-0.00042459774598425763,1.7588913636992548e-06
-0.0004245979772119,3.0065414997843224e-08
-0.0004245979772119,3.0065414997843224e-08
-0.0004245979772119,3.0065414997843224e-08
-0.0004245979772119,3.0065414997843224e-08
-3.21864395529427e+26,4.304883634926623e+22
-0.0004245979772119,3.006541499784347e-08
-0.0004245979772119,3.0065414997843224e-08
-0.0004245979772119,3.0065414997843224e-08
-0.0004245979772119,3.0065414997843224e-08
-0.0004245979772119,3.0065414997843224e-08
-0.0004245979772119,3.0065414997843224e-08
-0.0004245979772119,3.0065414997843224e-08
-0.00042459770608457923,2.057205850586152e-06
-0.0004245979772119,3.0065414997843224e-08
-0.0004245979772119,3.0065414997843224e-08
-0.0004245979772119,3.0065414997843224e-08
-0.0004245979772119,3.0065414997843224e-08
-4.1889631248134254e-05,2.861406092347476
-0.0004245979772119,3.0065414997843985e-08
-0.0004245979772119,3.0065414997843224e-08
-0.0004245979772119,3.0065414997843224e-08
-0.0004245979772119,3.0065414997843224e-08
-0.0004245979772119,3.0065414997843224e-08
-0.0004245979772119,3.0065414997843224e-08
-0.0004245979772119,3.0065414997843224e-08
-0.0004245977240611926,1.922804135365492e-06
-0.0004245979772119,3.0065414997843224e-08
-0.0004245979772119,3.0065414997843224e-08
-0.0004245979772119,3.0065414997843224e-08
-0.0004245979772119,3.0065414997843224e-08
4.056481793778457e+29,-5.425478037323989e+25
-0.0004245979772119,3.0065414997844025e-08
-0.0004245979772119,3.0065414997843224e-08
-0.0004245979772119,3.0065414997843224e-08
-0.0004245979772119,3.0065414997843224e-08
-0.0004245979772119,3.0065414997843224e-08
-0.0004245979772119,3.0065414997843224e-08
-0.0004245979772119,3.0065414997843224e-08
-0.00042459780776731937,1.2969562803163709e-06
-0.0004245979772119,3.0065414997843224e-08
-0.0004245979772119,3.0065414997843224e-08
-0.0004245979772119,3.0065414997843224e-08
-0.0004245979772119,3.0065414997843224e-08
-3.911013549548557e-05,2.882187370771827
-0.0004245979772119,3.0065414997845315e-08
-0.0004245979772119,3.0065414997843224e-08
-0.0004245979772119,3.0065414997843224e-08
-0.0004245979772119,3.0065414997843224e-08
-0.0004245979772119,3.0065414997843224e-08
-0.0004245979772119,3.0065414997843224e-08
-0.0004245979772119,3.0065414997843224e-08
-0.0004245978576118316,9.242811093735871e-07
-0.0004245979772119,3.0065414997843224e-08
-0.0004245979772119,3.0065414997843224e-08
-0.0004245979772119,3.0065414997843224e-08
-0.0004245979772119,3.0065414997843224e-08
-3.770999490883308e-05,2.8926560920679663
-0.0004245979772119,3.006541499798471e-08
-0.0004245979772119,3.0065414997843224e-08
-0.0004245979772119,3.0065414997843224e-08
-0.0004245979772119,3.0065414997843224e-08
-0.0004245979772119,3.0065414997843224e-08
-0.0004245979772119,3.0065414997843224e-08
-0.0004245979772119,3.0065414997843224e-08
-0.0004245978511347446,9.727098828204544e-07
-0.0004245979772119,3.0065414997843224e-08
-0.0004245979772119,3.0065414997843224e-08
-0.0004245979772119,3.0065414997843224e-08
-0.0004245979772119,3.0065414997843224e-08
-3.635156020526136e-05,2.9028124850282673
-0.0004245979772119,3.0065414997887276e-08
-0.0004245979772119,3.0065414997843224e-08
-0.0004245979772119,3.0065414997843224e-08
-0.0004245979772119,3.0065414997843224e-08
-0.0004245979772119,3.0065414997843224e-08
-0.0004245979772119,3.0065414997843224e-08
-0.0004245979772119,3.0065414997843224e-08
-0.00042459788800532354,6.970386305736379e-07
-0.0004245979772119,3.0065414997843224e-08
-0.0004245979772119,3.0065414997843224e-08
-0.0004245979772119,3.0065414997843224e-08
-0.0004245979772119,3.0065414997843224e-08
-151996492104047.9,20329282163.76482
-0.0004245979772119,3.0065414997843224e-08
-0.0004245979772119,3.0065414997843224e-08
-0.0004245979772119,3.0065414997843224e-08
-0.0004245979772119,3.0065414997843224e-08
-0.0004245979772119,3.0065414997843224e-08
-0.0004245979772119,3.0065414997843224e-08
-0.0004245979772119,3.0065414997843224e-08
-0.0004245979278850036,3.988691512468769e-07
-0.0004245979772119,3.0065414997843224e-08
-0.0004245979772119,3.0065414997843224e-08
-0.0004245979772119,3.0065414997843224e-08
-0.0004245979772119,3.0065414997843224e-08
-4.932681909591636e+32,6.597381358062709e+28
-0.0004245979772119,3.006541499784474e-08
-0.0004245979772119,3.0065414997843224e-08
-0.0004245979772119,3.0065414997843224e-08
-0.0004245979772119,3.0065414997843224e-08
-0.0004245979772119,3.0065414997843224e-08
-0.0004245979772119,3.0065414997843224e-08
-0.0004245979772119,3.0065414997843224e-08
-0.00042459794781017044,2.4989411938091647e-07
-0.0004245979772119,3.0065414997843224e-08
-0.0004245979772119,3.0065414997843224e-08
-0.0004245979772119,3.0065414997843224e-08
-0.0004245979772119,3.0065414997843224e-08
-3.217192386596019e-05,2.9340624847487575
-0.0004245979772119,3.0065414997844865e-08
-0.0004245979772119,3.0065414997843224e-08
-0.0004245979772119,3.0065414997843224e-08
-0.0004245979772119,3.0065414997843224e-08
-0.0004245979772119,3.0065414997843224e-08
-0.0004245979772119,3.0065414997843224e-08
-0.0004245979772119,3.0065414997843224e-08
-0.00042459796475316595,1.2321596810166926e-07
-0.0004245979772119,3.0065414997843224e-08
-0.0004245979772119,3.0065414997843224e-08
-0.0004245979772119,3.0065414997843224e-08
-0.0004245979772119,3.0065414997843224e-08
-151996492104047.9,20329282163.79607
-0.0004245979772119,3.0065414997844025e-08
-0.0004245979772119,3.0065414997843224e-08
-0.0004245979772119,3.0065414997843224e-08
-0.0004245979772119,3.0065414997843224e-08
-0.0004245979772119,3.0065414997843224e-08
-0.0004245979772119,3.0065414997843224e-08
-0.0004245979772119,3.0065414997843224e-08
-0.00042459796718213806,1.0505520648081238e-07
-0.0004245979772119,3.0065414997843224e-08
766205.1177222241,-102.47868105181618
-0.0004245979772119,3.0065414997843224e-08
-0.0004245979772119,3.0065414997843224e-08
-2.941338046383063e-05,2.9546873605866213
-0.0004245979772119,3.006541499784509e-08
-0.0004245979772119,3.0065414997843224e-08
-0.0004245979772119,3.0065414997843224e-08
-0.0004236098785738191,0.007387773796489945
-0.0004245979772119,3.0065414997843224e-08
-0.0004245979772119,3.0065414997843224e-08
-0.0004245979772119,3.0065414997843224e-08
-0.00042459797144964135,7.314824968975409e-08
-0.0004245979772119,3.0065414997843224e-08
64271.8857192842,-8.59625959633894
-0.0004245979772119,3.0065414997843224e-08
-0.0004245979772119,3.0065414997843224e-08
1.9023205411777728e+17,-25443226028867.426
-0.0004245979772119,3.006541499784344e-08
4.331630017254717,32389.589554077458
6.164654464945896,46094.61286899545
-0.000424399932665731,0.0014807550639592396
-0.0004245979772119,3.0065414997843224e-08
-0.0004245979772119,3.0065414997843224e-08
-0.0004245979772119,3.0065414997843224e-08
-0.00042459797388514947,5.4284390039236475e-08
-0.0004245979772119,3.0065414997843224e-08
-0.0004245979772119,3.0065414997843224e-08
-0.0004245979772119,3.0065414997843224e-08
-0.0004245979772119,3.0065414997843224e-08
5.848603097450632e+35,-7.822410962847391e+31
-0.0004245979772119,3.006541499784583e-08
-0.0004245979772119,3.0065414997843224e-08
-0.0004245979772119,3.0065414997843224e-08
0.00014410507354927198,0.0002480648576670928
-0.0004245979772119,3.0065414997843224e-08
-0.0004245979772119,3.0065414997843224e-08
-0.0004245979772119,3.006541499784323e-08
-0.0004245979770360073,3.0065414974317857e-08
-0.0004245979772119,3.0065414997843224e-08
735.9995688190089,-0.0984387649978063
-0.0004245979772119,3.0065414997843224e-08
-0.0004245979772119,3.0065414997843224e-08
0.05872474469468353,2.9857733384228986
-0.0004245979772119,3.0065414997843224e-08
0.02967462046259758,225.04363815392358
0.029810201498029775,226.05734053743484
-0.00032251286186542,5.248793001430007e-05
-0.0004245979772119,3.0065414997843224e-08
-0.0004245979772119,3.0065414997843224e-08
-0.0004245979772119,3.006541499784323e-08
-0.0004245979772118608,3.006541502429678e-08
130.0652273178374,144.03192165657416
210.05964737571895,-0.028095160914116554
-0.0004245979772119,3.0065414997843224e-08
-0.0004245979772119,3.0065414997843224e-08
-2.3875343181399826e-05,2.996093753267417
-0.0004245979772119,3.006541499784472e-08
0.026197171191651228,199.0436994216314
205.05250630722315,-0.027425463987618016
-0.00040205713743254315,1.1476004672506653e-05
-0.0004245979772119,3.0065414997843224e-08
-0.0004245979772119,3.0065414997843224e-08
-0.0004245979772119,3.006541499784323e-08
-0.0004245979753752985,4.322264040118483e-08
-0.0004245979772119,3.0065414997843224e-08
13.628258370333551,-0.001822783985806154
-0.0004245979772119,3.0065414997843224e-08
-0.0004245979772119,3.0065414997843224e-08
-2.2914044680693516e-05,3.0032811196887264
-0.0004245979772119,3.006541499787775e-08
0.0001732729931951532,4.470118035890168
0.0002736423016706074,5.220551950992018
-0.00041997607890993275,2.6234657637559574e-06
-0.0004245979772119,3.0065414997843224e-08
-0.0004245979772119,3.0065414997843224e-08
-0.0004245979772119,3.006541499784323e-08
-0.00042459797629327276,3.6614925645110166e-08
1.6405639756784036,-0.00021944947174262414
2.375488523929838,-0.0003177444277743232
-0.0004245979772119,3.0065414997843224e-08
-0.0004245979772119,3.0065414997843224e-08
4.056481793778457e+29,-5.425478037323989e+25
-0.0004245979772119,3.006541499785869e-08
0.7185875703502602,0.7461687449741427
-0.0003065232506266418,0.8828125221692643
-0.00042459789346507593,6.562175528654046e-07
-0.0004245979772119,3.0065414997843224e-08
-0.0004245979772119,3.0065414997843224e-08
-0.0004245979772119,3.006541499784323e-08
-0.00042459797648720303,3.545077288645534e-08
0.3434565449347362,0.2988786939210108
0.39617320111450105,-5.301424140090589e-05
-0.0004245979772119,3.0065414997843224e-08
-0.0004245979772119,3.0065414997843224e-08
126443838357.04678,-16911653.511360236
-0.0004245979772119,3.006541499788389e-08
-0.0004063063502934891,0.13676153027364257
-0.0004053904086213817,0.14360977607153583
-0.0004245979542821862,2.0150462473615516e-07
-0.0004245979772119,3.0065414997843224e-08
-0.0004245979772119,3.0065414997843224e-08
-0.0004245979772119,3.006541499784323e-08
-0.00042459797679129984,3.299092324782695e-08
0.05525873077371229,0.058842543603228936
0.07089248551853086,-9.508477831654907e-06
-0.0004245979772119,3.0065414997843224e-08
-0.0004245979772119,3.0065414997843224e-08
-2.0803389962766353e-05,3.0187499553754766
-0.0004245979772119,3.006541499799572e-08
-0.0004212992671746712,0.024663584349330206
-0.00042097254474660436,0.027106398737213728
-0.000424597971046038,7.616588202897244e-08
-0.0004245979772119,3.0065414997843224e-08
-0.0004245979772119,3.0065414997843224e-08
-0.0004245979772119,3.006541499784323e-08
-0.0004245979769442809,3.1644584771103865e-08
-0.00042185428319858686,0.020513881077506513
0.027658495235978683,-3.7260023598402747e-06
-0.0004245979772119,3.0065414997843224e-08
-0.0004245979772119,3.0065414997843224e-08
-71.68001980908946,3.033571279510288
-0.0004245979772119,3.0065414997843224e-08
0.0046462141185953775,0.027104322162767563
0.02778023213390812,-3.742284470783336e-06
-0.00042459797543624336,4.334151509827044e-08
-0.0004245979772119,3.0065414997843224e-08
-0.0004245979772119,3.0065414997843224e-08
-0.0004245979772119,3.006541499784323e-08
-0.00042459797705464983,3.0997024663433524e-08
0.0018344154784330027,-2.720739390704658e-07
0.0026432688944212643,-3.802567602183245e-07
-0.0004245979772119,3.0065414997843224e-08
-0.0004245979772119,3.0065414997843224e-08
-1.945539816099271e-05,3.029140475383946
-0.0004245979772119,3.0065414997843224e-08
0.0006210986161871153,0.001137006091567418
-0.0004244326143815439,0.0012364027980897212
-0.000424597977101408,3.089153377494573e-08
-0.0004245979772119,3.0065414997843224e-08
-0.0004245979772119,3.0065414997843224e-08
-0.0004245979772119,3.006541499784323e-08
-0.00042459797708704753,3.082953447788334e-08
-0.0004245979772119,3.0065414997843224e-08
0.00025855773615724136,0.0008393982953721393
-0.0004245979772119,3.0065414997843224e-08
-0.0004245979772119,3.0065414997843224e-08
-1.8765754338413308e-05,3.0342967539480563
-0.0004245979772119,3.006541500040514e-08
-0.00014608858811721644,0.00027282752030788495
-0.00011546758292484577,0.0002919149847761343
-0.00042459797717540697,3.033826340593466e-08
-0.0004245979772119,3.0065414997843224e-08
-0.0004245979772119,3.0065414997843224e-08
-0.0004245979772119,3.006541499784323e-08
-0.0004245979770802918,3.0895018318137726e-08
-0.0004245979772119,3.0065414997843224e-08
-0.00025762516282308893,0.00020319701489213555
-0.0004245979772119,3.0065414997843224e-08
0.00010569103843434781,-4.0859873320608534e-08
-1.806565122081875e-05,3.039531233805412
-0.0004245979772119,3.0065414998193955e-08
-0.000353529385186965,2.056010707889236e-08
-0.00032633051441477494,0.00010590001994367547
-0.0004245979771542212,3.049666375291131e-08
-0.0004245979772119,3.0065414997843694e-08
-0.0004245979772119,3.0065414997843224e-08
-0.0004245979772119,3.006541499784323e-08
-0.0004245979771164572,3.0640359693178326e-08
-0.00030918111425281127,1.4628598392829075e-08
-0.00042457335203175897,0.00018414581378485366
-0.0004245979772119,3.0065414997843224e-08
-0.0004245979772119,3.0065414997843224e-08
-1.7365579991342097e-05,3.044765475244191
-0.0004245979772119,3.00654149978661e-08
-0.0004047918940990589,9.255478066071192e-05
-0.00032682187705742764,1.6988021558609844e-08
-0.00042459797710919317,3.0833326003530586e-08
-0.0004245979772119,3.0065414997843224e-08
-0.0004245979772119,3.0065414997843224e-08
-0.0004245979772119,3.006541499784323e-08
-0.0004245979771366761,3.053485836504443e-08
-0.0004160121208397774,2.891707075406986e-08
-0.00041225476135128136,1.3502594118762454e-05
-0.0004245979772119,3.0065414997843224e-08
-0.0004245979772119,3.0065414997843224e-08
-151996492104047.9,20329282163.90154
-0.0004245979772119,3.006541499808384e-08
-0.0004191429103487283,2.9335808729089235e-08
-0.0004245979772119,3.0065414997843224e-08
-0.0004245979770317882,3.141206189089662e-08
-0.0004245979772119,3.0065414997843224e-08
-0.0004245979772119,3.0065414997843224e-08
-0.0004245979772119,3.006541499784323e-08
-0.00042459797713357704,3.0496587644361166e-08
-0.00042459760651279997,2.8016813722633086e-06
-0.00042118479915026876,2.9608908015875298e-08
-0.0004245979772119,3.0065414997843224e-08
-0.0004245979772119,3.0065414997843224e-08
2.7200829977460495e+23,-3.6380665103942963e+19
-0.0004245979772119,3.0065414997857207e-08
-0.000422950886870996,1.5351913094237268e-06
-0.0004245979772119,3.0065414997843224e-08
-0.0004245979769022802,3.238035810321814e-08
-0.0004245979772119,3.0065414997843224e-08
-0.0004245979771723638,3.006541499255531e-08
-0.0004245979772119,3.006541499784323e-08
-0.0004245979771530024,3.0402000280395596e-08
-0.0004238302841375128,8.385348551370955e-07
-0.0004245979772119,3.0065414997843224e-08
-0.0004245979772119,3.0065414997843224e-08
-0.0004245979772119,3.0065414997843224e-08
89128.96012500608,-8.860618297656437
-0.0004245979772119,3.0065414997877535e-08
-0.000423945895948751,2.997820019566683e-08
-0.0004245979772119,3.0065414997843224e-08
-0.0004245979766938673,3.393860428802138e-08
-0.0004245979772119,3.0065414997843224e-08
-0.0004245979772119,3.0065414997843224e-08
-0.0004245979772119,3.006541499784323e-08
-0.00042459797714318085,3.035834464402871e-08
-0.0004245979772119,3.0065414997843224e-08
-0.00042459782369134113,1.177896717395775e-06
-0.0004245979772119,3.0065414997843224e-08
1.5502195923086064e+22,-2.073393343956183e+18
-151996492104047.9,20329282163.917164
-0.0004245979772119,3.006541499785355e-08
-0.00042451879537463294,3.005482455664597e-08
-0.0004245979772119,3.0065414997843224e-08
-0.00042459797623454196,3.737285447484211e-08
-0.0004245979772119,3.0065414997843224e-08
-0.0004245979772119,3.0065414997843224e-08
-0.0004245979772119,3.006541499784323e-08
-0.0004245979771413478,3.041109514266916e-08
-0.0004245979772119,3.0065414997843224e-08
-0.0004245976761491613,2.2810293114591473e-06
-0.0004245979772119,3.0065414997843224e-08
4.636883645622089e+26,3.466871298517406e+30
-6.395576071238483e-05,3.0706248376333596
-0.0004245979772119,3.0065414997843224e-08
-0.000424546244772761,2.0274712236318404e-06
-0.0004245979772119,3.0065414997843224e-08
-0.000424597975319465,4.421463533323351e-08
-0.0004245979772119,3.0065414997843224e-08
-0.0004245979772119,3.0065414997843224e-08
-0.0004245979772119,3.006541499784324e-08
-0.0004245979771528373,3.042564705956439e-08
-0.00042195976707316575,2.9712558707757038e-08
-0.0004245979772119,3.0065414997843224e-08
-0.0004245979772119,3.0065414997843224e-08
3440.377718458331,-0.46014491829524573
89128.9601270959,-8.844993297796192
-0.0004245979772119,3.006541500340074e-08
-0.00042451175770226977,3.9056718671780745e-06
-0.0004245979772119,3.0065414997843224e-08
-0.0004245979772119,3.0065414997843224e-08
-0.0004245979772119,3.0065414997843224e-08
-0.0004245979772119,3.0065414997843224e-08
-0.0004245979772119,3.006541499784324e-08
-0.00042459797714708674,3.04474749873442e-08
-0.0004191739545858536,2.9339960845018045e-08
-0.0004245979772119,3.0065414997843224e-08
-0.0004245979772119,3.0065414997843224e-08
-0.0004245979772119,3.0065414997843224e-08
-1.2517186504159205e-05,3.081015589360877
-0.0004245979772119,3.006541500120474e-08
-0.00042443945215457586,8.198522701929354e-06
-0.0004245979772119,3.0065414997843224e-08
-0.0004245979772119,3.0065414997843224e-08
-0.0004245979772119,3.0065414997843224e-08
-0.0004245979772119002,3.0065414997843244e-08
-0.0004245979772119,3.006541499784324e-08
-0.0004245979771422635,3.048021690727808e-08
-0.0004244237767194284,3.004211596695776e-08
-0.0004245979772119,3.0065414997843224e-08
-0.0004245979772119,3.0065414997843224e-08
-0.0004245979772119,3.0065414997843224e-08
-1.1827542708887928e-05,3.0861718679249868
-0.0004245979772119,3.006541499976817e-08
-0.00042459574433633806,1.6724666337907426e-05
-0.0004245979772119,3.0065414997843224e-08
-0.0004245979772119,3.0065414997843224e-08
-0.0004245979772119,3.0065414997843224e-08
-0.00042459797721189975,3.006541687145467e-08
-0.0004245979772119,3.006541499784324e-08
-0.00042459797713204593,3.04565701544762e-08
-0.0004245945963269786,2.5308018871138443e-05
-0.0004245979772119,3.0065414997843224e-08
-0.0004245979772119,3.0065414997843224e-08
-0.0004245979772119,3.0065414997843224e-08
-3.21864395529427e+26,4.304883634926623e+22
-0.0004245979772119,3.0065414999517206e-08
-0.0004245979642545885,1.2694369552837286e-07
-0.0004245979772119,3.0065414997843224e-08
-0.0004245979772119,3.0065414997843224e-08
-0.0004245979772119,3.0065414997843224e-08
-0.0004245979772119,3.006541499787182e-08
-0.0004245979772119,3.0065414997843244e-08
-0.00042459797688043497,3.0511139775662536e-08
-0.0004243874562620008,3.0037258165195124e-08
-0.0004245979772119,3.0065414997843224e-08
-0.0004245979772119,3.0065414997843224e-08
3.1720580207642138e+28,2.3716611737286754e+32
5.848603097450632e+35,-7.822410962847391e+31
-0.0004245979772119,3.0065414998612456e-08
-0.0004245979248843872,4.2130394107194025e-07
-0.0004245979772119,3.0065414997843224e-08
-0.0004245979772119,3.0065414997843224e-08
-0.0004245979772119,3.0065414997843224e-08
-0.000424597977211896,3.006544498465582e-08
-0.0004245979772119,3.0065414997843244e-08
-0.0004245979769545598,3.0687654395640744e-08
-0.0004244903707222243,1.6420436310995626e-07
-0.0004245979772119,3.0065414997843224e-08
-0.0004245979772119,3.0065414997843224e-08
-0.0004245979772119,3.0065414997843224e-08
1.9023205411777728e+17,-25443226028867.29
-0.0004245979772119,3.006541499882603e-08
-0.00042459797226052597,6.70854870076894e-08
-0.0004245964489092071,3.0065210589858265e-08
-0.0004245979772119,3.0065414997843224e-08
-0.0004245979772119,3.0065414997843224e-08
171808324095.5812,-22976921.8994608
-0.0004245979772119,3.006541499784325e-08
-0.00042459797683717026,3.088774343816439e-08
-0.0004245567486924231,8.338880163456946e-08
-0.0004245979772119,3.0065414997843224e-08
-0.0004245979772119,3.0065414997843224e-08
-0.0004245979772118988,3.0065424490553236e-08
-3.21864395529427e+26,4.304883634926623e+22
-0.0004245979772119,3.006541499911063e-08
-0.00042375217869491374,2.995229082987708e-08
-0.0004245979772119,3.0065414997843224e-08
-0.0004245979772119,3.0065414997843224e-08
-0.0004245979772119,3.0065414997843224e-08
-0.0004245979772119,3.0065414997843224e-08
-0.0004245979772119,3.006541499784326e-08
-0.0004245979768513328,3.127351524689969e-08
-0.0004245979772119,3.0065414997843224e-08
-0.0004245979772119,3.0065414997843224e-08
-0.0004245979772119,3.0065414997843224e-08
-0.0004245979717619832,7.081295508629678e-08
-8.368896189163812e-06,3.1120312236202063
-0.0004245979772119,3.006541499896155e-08
-0.00042213859510134035,4.768522046635837e-07
-0.0004245979772119,3.0065414997843224e-08
-0.0004245979772119,3.0065414997843224e-08
-0.0004245979772119,3.0065414997843224e-08
684.2680629340554,-0.09151976071564778
-0.0004245979772119,3.0065414997843264e-08
-0.0004245979767598551,3.1346274700435006e-08
-0.0004245630423234529,3.006074251366501e-08
-0.0004245979772119,3.0065414997843224e-08
-0.0004245979772119,3.0065414997843224e-08
-0.0004245979772119,3.0065414997843224e-08
-7.668858720105882e-06,3.1172654650589897
-0.0004245979772119,3.006541499843627e-08
-0.0004245976622313894,2.3850886920844063e-06
-0.0004245979772119,3.0065414997843224e-08
-0.0004245979772119,3.0065414997843224e-08
-0.0004245979772119,3.0065414997843224e-08
-0.0004245979772020723,3.006541499652879e-08
-0.0004245979772119,3.006541499784327e-08
-0.0004245979767612629,3.176100451038583e-08
-0.00042459171860765454,3.0064577919764125e-08
-0.0004245979772119,3.0065414997843224e-08
-0.0004245979772119,3.0065414997843224e-08
-0.0004245979772119,3.0065414997843224e-08
0.05874303060366797,3.1224920872000435
-0.0004245979772119,3.006541499814144e-08
-0.00042459791741114724,4.771793160097818e-07
-0.0004245979772119,3.0065414997843224e-08
-0.0004245979772119,3.0065414997843224e-08
-0.0004245979772119,3.0065414997843224e-08
-0.0004245979772119,3.0065414997843224e-08
-0.0004245979772119,3.006541499784328e-08
-0.0004245979765262445,3.339838727851143e-08
-0.00042457212714163263,3.5825832799728664e-08
-0.0004245979772119,3.0065414997843224e-08
-0.0004245979772119,3.0065414997843224e-08
-0.0004245979772119,3.0065414997843224e-08
-6.279078019513198e-06,3.1276562234804515
-0.0004245979772119,3.006541499822106e-08
-0.0004245979740816024,5.3469795444240934e-08
-0.00042146239470876117,0.023443924316522795
-0.0004245979772119,3.0065414997843224e-08
-0.0004245979772119,3.0065414997843224e-08
-0.0004245979772119,3.0065414997843224e-08
-0.0004245979772119,3.006541499784329e-08
-0.0004245979759965911,3.600376470029689e-08
-0.00042458906332141973,7.175135334469518e-08
-0.0004245979772119,3.0065414997843224e-08
-0.0004245979772119,3.0065414997843224e-08
-0.0004245979772119,3.0065414997843224e-08
-5.58943419695716e-06,3.132812502044562
-0.0004245979772119,3.0065415009446166e-08
-0.0004245979141725962,5.013930774556014e-07
-0.00041653085927028294,0.06031566830652696
-0.0004245979772119,3.0065414997843224e-08
-0.0004245979772119,3.0065414997843224e-08
0.017632537142795692,135.00826908618117
-0.0004245979772119,3.0065414997843303e-08
-0.00042459797547184146,3.908994352573322e-08
-0.00042459797486007263,4.764938645267847e-08
-0.0004245979772119,3.0065414997843224e-08
-0.0004245979772119,3.0065414997843224e-08
-0.0004230616012143071,0.011487093914461443
-4.889362967457197e-06,3.138046743483341
-0.0004245979772119,3.006541500662724e-08
-0.000424597954785349,1.9774261362275776e-07
-0.0004245979772119,3.0065414997843224e-08
-0.0004245979772119,3.0065414997843224e-08
-0.0004245979772119,3.0065414997843224e-08
3.044805430787976e+21,-4.072377452303974e+17
-0.0004245979772119,3.0065414997843317e-08
-0.0004245979758062662,3.6323913029977764e-08
-0.0004245979772119,3.0065414997843224e-08
-0.0004245979772119,3.0065414997843224e-08
-0.0004245979772119,3.0065414997843224e-08
-0.0004245979772119,3.0065414997843224e-08
4.056481793778457e+29,-5.425478037323989e+25
-0.0004245979772119,3.0065415008741434e-08
-0.0004245979772119,3.0065414997843224e-08
-0.0004245979772119,3.0065414997843224e-08
-0.0004245979772119,3.0065414997843224e-08
-0.0004245979772119,3.0065414997843224e-08
-0.0004245979772119,3.0065414997843224e-08
-0.0004245979772119,3.006541499784332e-08
-0.0004245979760463377,3.006541484195117e-08
-0.00042459786906887077,8.386213179914168e-07
-0.0004245979772119,3.0065414997843224e-08
-0.0004245979772119,3.0065414997843224e-08
-0.0004245979772119,3.0065414997843224e-08
126443838357.04681,-16911653.376594614
-0.0004245979772119,3.006541500342785e-08
0.0001732634267667643,4.4700465103170774
-0.0004245979772119,3.0065414997843224e-08
-0.0004245979772119,3.0065414997843224e-08
-0.0004245979772119,3.0065414997843224e-08
5.159341718959572e+19,-6900535145060068.0
-0.0004245979772119,3.006541499784331e-08
-0.0004245979697807841,7.547684724643522e-08
8.503273769005098,7.750269890105288
-0.0004245979772119,3.0065414997843224e-08
-0.0004245979772119,3.0065414997843224e-08
-0.0004245979772119,3.0065414997843224e-08
-2.3021535553652785e+20,3.0790927183103252e+16
-0.0004245979772119,3.006541500182865e-08
0.000536890895419317,7.188789810279573
8.127606106300682,-0.0010870807442622402
-0.0004245979772119,3.0065414997843224e-08
-0.0004245979772119,3.0065414997843224e-08
41.75081099050075,-0.005584129391773933
-0.0004245979772119,3.006541499784331e-08
-0.00042459796457403797,1.1297188151809286e-07
7.345671665068814,7.562934729396268
-0.0004245979772119,3.0065414997843224e-08
-0.0004245979772119,3.0065414997843224e-08
-0.0004245979772119,3.0065414997843224e-08
4.056481793778457e+29,-5.425478037323989e+25
-0.0004245979772119,3.0065415002126815e-08
0.0013562703467809947,13.315066248556752
-0.0004245979772119,3.0065414997843224e-08
-0.0004245979772119,3.0065414997843224e-08
-0.0004245979772119,3.0065414997843224e-08
-0.0004245979772119,3.0065414997843224e-08
-0.0004245979772119,3.006541499784332e-08
-0.00042459793610756926,3.169870309748319e-07
24.883226779686677,24.75229496759352
-0.0004245979772119,3.0065414997843224e-08
-0.0004245979772119,3.0065414997843224e-08
-0.0004245979772119,3.0065414997843224e-08
-1.4307164477563917e-06,3.1639060991785604
-0.0004245979772119,3.006541500334655e-08
0.00633106425964409,50.51024204044423
0.007568646314317041,59.763305159586245
-0.0004245979772119,3.0065414997843224e-08
-0.0004245979772119,3.0065414997843224e-08
1.2545873276335571e+22,-1.677990026337736e+18
-0.0004245979772119,3.006541499784332e-08
-0.0004245979729759625,3.006541443129351e-08
80.5329737839642,91.01185078870003
-0.0004245979772119,3.0065414997843224e-08
-0.0004245979772119,3.0065414997843224e-08
-0.0004245979772119,3.0065414997843224e-08
-6.888900798794205e-07,3.1691405790303357
-0.0004245979772119,3.006541499876505e-08
0.022184324383339178,169.04073948490912
0.027535916058146398,209.05312926374455
-0.0004245979772119,3.0065414997843224e-08
-0.0004245979772119,3.0065414997843224e-08
2.1169626550487292e+16,1.582795176616299e+20
-0.0004245979772119,3.006541499784333e-08
-0.00042459788027006195,7.119395066490907e-07
410.13079834304705,344.03557231158624
-0.0004245979772119,3.0065414997843224e-08
-0.0004245979772119,3.0065414997843224e-08
-0.0004245979772119,3.0065414997843224e-08
-4.096950758243059e-08,3.1742968576000266
-0.0004245979772119,3.006541499999857e-08
0.09322096237670124,700.162286248064
0.1285373792236345,964.2134923824012
-0.0004245979772119,3.0065414997843224e-08
-0.0004245979772119,3.0065414997843224e-08
2.3265883539204354e+31,1.7395265881400988e+35
-0.0004245979772119,3.006541499784332e-08
-0.0004245979009600521,6.001796625944935e-07
0.16547202554552093,1240.3637584671144
-0.0004245979772119,3.0065414997843224e-08
-0.0004245979772119,3.0065414997843224e-08
-0.0004245979772119,3.0065414997843224e-08
6.59101721894222e-07,3.1795310990388055
-0.0004245979772119,3.006541499899544e-08
0.38271770192837395,2864.650365032738
0.45764444256599,3424.8571471314485
-0.0004245979772119,3.0065414997843224e-08
-0.0004245979772119,3.0065414997843224e-08
-0.0004245979772119,3.006541499784323e-08
-0.0004245979772119,3.006541499784333e-08
-0.00042459789745778455,6.26255557580158e-07
0.7616027809951103,5697.4706521951075
-0.0004245979772119,3.0065414997843224e-08
-0.0004245979772119,3.0065414997843224e-08
-0.0004245979772119,3.0065414997843224e-08
1.3487455444735705e-06,3.1846873776029154
-0.0004245979772119,3.0065415000676205e-08
7.396727142590554,55306.483880351596
5.171590634182379,38669.74574790578
-0.0004245979772119,3.0065414997843224e-08
-0.0004245979772119,3.0065414997843224e-08
-0.0004245979772119,3.006541499784323e-08
-0.0004245979772119,3.006541499784333e-08
-0.00042459787728746866,7.715407977969442e-07
104996.1498513618,107017.37976902116
-0.0004245979772119,3.0065414997843224e-08
-0.0004245979772119,3.0065414997843224e-08
-0.0004245979772119,3.0065414997843224e-08
2.7200829977460495e+23,-3.6380665103942963e+19
-0.0004245979772119,3.0065415007332e-08
9.247064688908202,69140.9525066118
12.60343492372997,94235.61634465728
-0.0004245979772119,3.0065414997843224e-08
-0.0004245979772119,3.0065414997843224e-08
11626034.895588515,-1554.9631477455296
-0.0004245979772119,3.006541499784334e-08
-0.00042459797684235,3.006541494841651e-08
-0.0004245979772119,3.0065414997843224e-08
-0.0004245979772119,3.0065414997843224e-08
-0.0004245979772119,3.0065414997843224e-08
-0.0004245979772119,3.0065414997843224e-08
-4.932681909591636e+32,6.597381358062709e+28
-0.0004245979772119,3.0065414997855506e-08
32.738227985953266,244777.96656065946
-0.0004245979772119,3.0065414997843224e-08
-0.0004245979772119,3.0065414997843224e-08
-0.0004245979772119,3.0065414997843224e-08
-0.0004245979772119,3.0065414997843224e-08
-0.0004245979772119,3.006541499784335e-08
-0.0004245979772119,3.0065414997843224e-08
-0.0004245979772119,3.0065414997843224e-08
-0.0004245979772119,3.0065414997843224e-08
-0.0004245979772119,3.0065414997843224e-08
-0.0004245979772119,3.0065414997843224e-08
-151996492104047.9,20329282164.05193
-0.0004245979772119,3.0065414997843224e-08
200.5515005528904,1499471.9865882841
-0.0004245979772119,3.0065414997843224e-08
-0.0004245979772119,3.0065414997843224e-08
-0.0004245979772119,3.0065414997843224e-08
179320125884.10434,-23983773.478942834
-0.0004245979772119,3.0065414997843356e-08
-0.00042459797701735556,3.006541497182322e-08
-0.0004245979772119,3.0065414997843224e-08
-0.0004245979772119,3.0065414997843224e-08
-0.0004245979772119,3.0065414997843224e-08
-0.0004245979772119,3.0065414997843224e-08
-4.593107899914851e-05,3.205390461427974
-0.0004245979772119,3.006541499785032e-08
1038.869386650843,7767345.930526461
-0.0004245979772119,3.0065414997843224e-08
-0.0004245979772119,3.0065414997843224e-08
-0.0004245979772119,3.0065414997843224e-08
-0.0004245979772119,3.0065414997843224e-08
-0.0004245979772119,3.0065414997843356e-08
-0.00042459796902432446,3.006541390276839e-08
-0.0004245979772119,3.0065414997843224e-08
-0.0004245979772119,3.0065414997843224e-08
-0.0004245979772119,3.0065414997843224e-08
-0.0004245979772119,3.0065414997843224e-08
89128.96014512058,-8.710227674001578
-0.0004245979772119,3.006541501400185e-08
-0.0004245979772119,3.0065414997843224e-08
-0.0004245979772119,3.0065414997843224e-08
-0.0004245979772119,3.0065414997843224e-08
-0.0004245979772119,3.0065414997843224e-08
-0.0004245979772119,3.0065414997843224e-08
-0.0004245979772119,3.006541499784336e-08
-0.0004245979771980757,3.0065414995994244e-08
60305.48860808042,450887675.9671198
-0.0004245979772119,3.0065414997843224e-08
-0.0004245979772119,3.0065414997843224e-08
-0.0004245979716370649,7.17469350823902e-08
5.507495209077114e-06,3.215781213155491
-0.0004245979772119,3.006541501877234e-08
-0.0004245979772119,3.0065414997843224e-08
-0.0004245979772119,3.0065414997843224e-08
-0.0004245979772119,3.0065414997843224e-08
-0.0004245979772119,3.0065414997843224e-08
-0.0004245979771739267,3.006541499276437e-08
-0.0004245979772119,3.006541499784337e-08
-0.0004245979772093044,3.006541499749606e-08
-0.0004245979772119,3.0065414997843224e-08
-0.0004245979772119,3.0065414997843224e-08
-0.0004245979772119,3.0065414997843224e-08
-0.0004245979772119,3.0065414997843224e-08
6.197139004348391e-06,3.220937491719601
-0.0004245979772119,3.00654150170336e-08
-0.0004245979772119,3.0065414997843224e-08
-0.0004245979772119,3.0065414997843224e-08
-0.0004245979772119,3.0065414997843224e-08
-0.0004245979772119,3.0065414997843224e-08
-0.0004245979772119,3.006541499784323e-08
-0.0004245979772119,3.006541499784338e-08
-0.0004245979772119,3.0065414997843224e-08
-0.0001831768001812525,1.8050402542083521
-0.0004245979772119,3.0065414997843224e-08
-0.0004245979772119,3.0065414997843224e-08
-0.0004245979772119,3.0065414997843224e-08
6.8972102338483e-06,3.22617173315838
-0.0004245979772119,3.006541501058459e-08
-0.0004245979772119,3.0065414997843224e-08
-0.0004245979772119,3.0065414997843224e-08
-0.0004245979772119,3.0065414997843224e-08
-0.0004245979772119,3.0065414997843224e-08
-0.0004245979772072689,3.010004072343115e-08
-0.0004245979772119,3.0065414997843396e-08
-0.00042459797721173257,3.006541499782083e-08
-0.0004245979772119,3.0065414997843224e-08
-0.0004245979772119,3.0065414997843224e-08
-0.0004245979772119,3.0065414997843224e-08
-0.0004245921086449293,4.3907738328811804e-05
5.848603097450632e+35,-7.822410962847391e+31
-0.0004245979772119,3.0065415007982486e-08
-0.0004245979772119,3.0065414997843224e-08
-0.0004245979772119,3.0065414997843224e-08
-0.0004245979772119,3.0065414997843224e-08
-0.0004245979772119,3.0065414997843224e-08
1.306067749333591e+22,-1.7468442481695926e+18
-0.0004245979772119,3.006541499784342e-08
-0.00042459796714855674,3.006541365188752e-08
-0.0004245979772119,3.0065414997843224e-08
-0.0004245979772119,3.0065414997843224e-08
-0.0004245979772119,3.0065414997843224e-08
-0.0004245979772119,3.0065414997843224e-08
8.28695717399895e-06,3.2365624915798463
-0.00042459797721189997,3.006541501015088e-08
-0.0004245979772119,3.0065414997843224e-08
-0.0004245979772119,3.0065414997843224e-08
-0.0004245979772119,3.0065414997843224e-08
-0.0004245979772119,3.0065414997843224e-08
-0.0004245979772119,3.0065415122757184e-08
-0.0004245979772119,3.006541499784344e-08
-0.0004245979736145658,5.69617008444824e-08
-0.0004245979772119,3.0065414997843224e-08
-0.0004245979772119,3.0065414997843224e-08
-0.0004245979772119,3.0065414997843224e-08
4.669683016002213e+19,-6245624640406933.0
0.05875896546721156,3.2416327111344123
-0.00042459797721189997,3.0065415011126646e-08
-0.0004245979772119,3.0065414997843224e-08
-0.0004245979772119,3.0065414997843224e-08
-0.0004245979772119,3.0065414997843224e-08
-0.0004245979772119,3.0065414997843224e-08
1.4326217744846e+18,1.071132185143584e+22
-0.0004245979772119,3.0065414997843456e-08
-0.0004245979581491293,1.7259245633556327e-07
-0.0004245979772119,3.0065414997843224e-08
-0.0004245979772119,3.0065414997843224e-08
-0.0004245979772119,3.0065414997843224e-08
-0.0004245979772119,3.0065414997843224e-08
-107374183.0396021,14364.368197985039
-0.00042459797721189997,3.0065415007982447e-08
0.00011474233172618963,4.032500261026282
-0.0004245979772119,3.0065414997843224e-08
-0.0004245979772119,3.0065414997843224e-08
-0.0004245979772119,3.0065414997843224e-08
-0.0004245979772119,3.0065414997843224e-08
-0.0004245979772119,3.006541499784345e-08
-0.0004245979772119,3.0065414997843224e-08
-0.0003441156948962919,0.6017440804312141
-0.0004245979772119,3.0065414997843224e-08
-0.0004245979772119,3.0065414997843224e-08
-0.0004245979772119,3.006541499784381e-08
1.022520935752729e-05,3.251054526362339
-0.0004245979772118999,3.006541501004242e-08
-0.00037939521992822665,0.337968704324851
-0.0004245979772119,3.0065414997843224e-08
-0.0004245979772119,3.0065414997843224e-08
-0.0004245979772119,3.0065414997843224e-08
-0.0004245979772119,3.006541499784323e-08
-0.0004245979772119,3.0065414997843456e-08
-0.00042459788152910354,7.45459559628748e-07
-0.00039951402271088266,0.18754590906326193
-0.0004245979772119,3.0065414997843224e-08
-0.0004245979772119,3.0065414997843224e-08
-0.0004245979772119,3.0065414997843224e-08
1.057008097329464e-05,3.2536327848536777
-0.00042459797721189986,3.006541500987977e-08
-0.0004245979772119,3.0065414997843224e-08
-0.0004245979772119,3.0065414997843224e-08
-0.0004245979772119,3.0065414997843224e-08
1.894951947475367e+18,1.4168038322407882e+22
1.0105237648033805e+29,7.55541028072655e+32
-0.0004245979772119,3.00654149978435e-08
-0.0004245979772119,3.0065414997843224e-08
-0.0004245979772119,3.0065414997843224e-08
-0.0004245979772119,3.0065414997843224e-08
-0.0004245979772119,3.0065414997843224e-08
-0.0004245979772119,3.0065414997843224e-08
1.0914886940525362e-05,3.2562108049264444
-0.0004245979772118998,3.00654149978432e-08
-0.0004245979772119,3.0065414997843224e-08
-0.0004245979772119,3.0065414997843224e-08
-0.0004245979772119,3.0065414997843224e-08
-0.0004245979772119,3.0065414997843224e-08
-0.0004245979772119,3.0065414997843224e-08
-0.0004245979772119,3.0065414997843224e-08
-0.0004245979772119,3.0065414997843224e-08
-0.0004245979772119,3.0065414997843224e-08
-0.0004245979772119,3.0065414997843224e-08
9.45885616956776e+21,-1.2651065385010463e+18
-0.0003859712646358482,2.4899155382015135e-08
-151996492104047.9,20329282164.110523
-0.0004245979772119,3.0065414997843224e-08
-0.0004245979772119,3.0065414997843224e-08
-0.0004245979772119,3.0065414997843224e-08
-0.0004245979772119,3.0065414997843224e-08
3560476738457.9834,-476207939.020809
-0.0004245979772119,3.0065414997843224e-08
-0.0004245979772119,3.0065414997843224e-08
-0.0004245979772119,3.0065414997843224e-08
-0.0004245979772119,3.0065414997843224e-08
-0.0004245979772119,3.0065414997843224e-08
-0.00042459797721012025,3.006541499760518e-08
-0.0004245979772119,3.0065414997843826e-08
89128.96015191248,-8.659446424455782
-0.0004245979772119,3.0065414997843224e-08
-0.0004245979772119,3.0065414997843224e-08
-0.0004245979772119,3.0065414997843224e-08
-0.0004245979772119,3.0065414997843224e-08
1.6782993325888404e+18,1.2548185874723542e+22
-0.0004245979772119,3.006541499784323e-08
-0.0004245979772119,3.0065414997843224e-08
-0.0004245979772119,3.0065414997843224e-08
-0.0004245979772119,3.0065414997843224e-08
-0.0004245979772119,3.0065414997843224e-08
-0.00042459797721189997,3.006541499784322e-08
-0.0004245922051787204,4.318598152983446e-05
-3.80942608629588e-05,3.2639842109038932
-0.0004245979772118998,3.0065415060726924e-08
-0.0004245979772119,3.0065414997843224e-08
-0.0004245979772119,3.0065414997843224e-08
-0.0004245979772119,3.0065414997843224e-08
-0.0004245979772119,3.0065414997843224e-08
-0.00042459797721189997,3.006541551134021e-08
-0.0004245979772119,3.006541499784356e-08
-0.0004245979549251913,3.006541201703239e-08
-0.0004245979772119,3.0065414997843224e-08
-0.0004245979772119,3.0065414997843224e-08
-0.0004245979772119,3.0065414997843224e-08
696530.5558454151,-93.15982238461903
1.2304633880676013e-05,3.2666015633479106
-0.0004245979772118998,3.006541501844561e-08
0.001816369505878605,16.75510203779532
-0.0004245979772119,3.0065414997843224e-08
-0.0004245979772119,3.0065414997843224e-08
-0.0004245979772119,3.0065414997843224e-08
-0.0004245979772119,3.006541499784323e-08
-0.0004245979772119,3.006541499784358e-08
-0.0004245979408239348,3.00654101310124e-08
-0.0004245979772119,3.0065414997843224e-08
-0.0004245979772119,3.0065414997843224e-08
-0.0004245979772119,3.0065414997843224e-08
-0.0004245979772119,3.0065414997843224e-08
89128.9601529574,-8.651633924525658
-0.0004245979772118998,3.006541502093925e-08
-0.0004245979772119,3.0065414997843224e-08
-0.0004245979772119,3.0065414997843224e-08
-0.0004245979772119,3.0065414997843224e-08
-0.0004245979772119,3.0065414997843224e-08
1.2193914716804782e+22,-1.6309161447857167e+18
-0.0004245979772119,3.006541499784362e-08
-0.0004245979772119,3.0065414997843224e-08
-0.0004245979772119,3.0065414997843224e-08
-0.0004245979772119,3.0065414997843224e-08
-0.0004245979772119,3.0065414997843224e-08
1.7481158070714107e+18,1.3070184592064255e+22
-3.704935177813352e-05,3.271796710834016
-0.0004245979772118997,3.006541579936691e-08
-0.0004245979772119,3.0065414997843224e-08
-0.0004245979772119,3.0065414997843224e-08
-0.0004245979772119,3.0065414997843224e-08
-0.0004245979772119,3.0065414997843224e-08
-0.0004245979772119,3.0065414997843224e-08
-0.0004245979772119,3.006541499784366e-08
-0.0004245979772119,3.0065414997843224e-08
-0.0004245979772119,3.0065414997843224e-08
-0.0004245979772119,3.0065414997843224e-08
-0.0004245979772119,3.0065414997843224e-08
-0.0004245979772119,3.006541499785238e-08
1.334431334526682e-05,3.27437496263141
-0.0004245979772118998,3.00654149978432e-08
-0.0004245979772119,3.0065414997843224e-08
-0.0004245979772119,3.0065414997843224e-08
-0.0004245979772119,3.0065414997843224e-08
-0.0004245979772119,3.0065414997843224e-08
-0.00042459797717169596,3.0065414992465994e-08
-0.0004245979772119,3.006541499784373e-08
-0.00042459795947197076,3.0080082439262606e-08
-0.0004245979772119,3.0065414997843224e-08
-0.0004245979772119,3.0065414997843224e-08
-0.0004245979772119,3.0065414997843224e-08
-0.0004245979772119,3.0065414997843224e-08
4.056481793778457e+29,-5.425478037323989e+25
-0.0004245979772118996,3.006541664945896e-08
-0.0004245979772119,3.0065414997843224e-08
-0.0004245979772119,3.0065414997843224e-08
-0.0004245979772119,3.0065414997843224e-08
-0.0004245979772119,3.0065414997843224e-08
-0.0004245979772119,3.006541499784335e-08
-0.0004245979772119,3.0065414997843786e-08
-0.0004245979641348015,3.007826197187126e-08
-0.0004245979772119,3.0065414997843224e-08
-0.0004245979772119,3.0065414997843224e-08
-0.0004245979772119,3.0065414997843224e-08
-0.0004245979772119,3.0065414997843224e-08
-2.3021535553652785e+20,3.0790927183103252e+16
-0.00042459797721189954,3.0065416559252066e-08
-0.0004245979772119,3.0065414997843224e-08
-0.0004245979772119,3.0065414997843224e-08
-0.0004245979772119,3.0065414997843224e-08
-0.0004245979772119,3.0065414997843224e-08
-0.0004245979772119,3.0065414997843224e-08
-0.0004245979772119,3.00654149978438e-08
-0.0004245979676028915,3.0073543849047885e-08
-0.0004245979772119,3.0065414997843224e-08
-0.0004245979772119,3.0065414997843224e-08
-0.0004245979772119,3.0065414997843224e-08
-0.0004232753468634841,0.009888976055682884
126443838357.04683,-16911653.24280555
-0.00042459797721189954,3.0065416399657605e-08
-0.0004245979772119,3.0065414997843224e-08
-0.0004245979772119,3.0065414997843224e-08
-0.0004245979772119,3.0065414997843224e-08
-0.0004245979772119,3.0065414997843224e-08
1.2323941518183315e+22,-1.6483070167532603e+18
-0.0004245979772119,3.006541499784382e-08
-0.00042459795128582954,3.008576445119341e-08
-0.0004245979772119,3.0065414997843224e-08
-0.0004245979772119,3.0065414997843224e-08
-0.0004245979772119,3.0065414997843224e-08
-0.0004245979772119,3.0065414997843224e-08
-71.67998493524875,3.2943134646781282
-0.00042459797721189954,3.006541657312974e-08
0.01606169703080944,0.015014976086004446
-0.0004245979772119,3.0065414997843224e-08
-0.0004245979772119,3.0065414997843224e-08
-0.0004245979772119,3.0065414997843224e-08
-0.0004245979772119,3.0065414997843224e-08
-0.0004245979772119,3.006541499784385e-08
-0.00042459780074811357,3.006539139610047e-08
-0.0004245979772119,3.0065414997843224e-08
-0.0004245979772119,3.0065414997843224e-08
-0.0004245979772119,3.0065414997843224e-08
-0.0004245979772119,3.0065414997843224e-08
1.5078866225363377e-05,3.287343741125643
-0.0004245979772118994,3.0065416927166524e-08
0.011114881690910818,0.010743174876104043
-0.0004245979772119,3.0065414997843224e-08
-0.0004245979772119,3.0065414997843224e-08
-0.0004245979772119,3.0065414997843224e-08
-0.0004245979772119,3.0065414997843224e-08
-0.0004245979772119,3.006541499784384e-08
-0.0004245967891762574,8.912683539191711e-06
-0.0004245979772119,3.0065414997843224e-08
-0.0004245979772119,3.0065414997843224e-08
-0.0004245979772119,3.0065414997843224e-08
-0.0004245979772119,3.0065414997843224e-08
126443838357.04683,-16911653.23499305
-0.00042459797721189937,3.006541689940989e-08
-0.00042361412485976397,0.0073560254758665575
-0.00042459757251893593,3.0558442118739504e-06
-0.0004245979772119,3.0065414997843224e-08
-0.0004245979772119,3.0065414997843224e-08
-0.0004245979772119,3.0065414997843224e-08
-0.0004245979772119,3.0065414997843786e-08
-0.00042459625505261863,1.2906180151508574e-05
-4.304242686613513e-05,-2.0967015656597752e-08
-0.0004245979772119,3.0065414997843224e-08
-0.0004245979772119,3.0065414997843224e-08
-0.0004245979772119,3.0065414997843224e-08
-71.67998389033967,3.302125964608251
-0.00042459797721189937,3.0065417218595826e-08
-0.00042459523417329176,2.053901614243961e-05
-5.638055127667142e-05,9.63273762435376e-08
-0.0004245979772119,3.0065414997843224e-08
-0.0004245979772119,3.0065414997843224e-08
3.085119923660309e+18,-412629742699735.56
-0.0004245979772119,3.006541499784382e-08
-0.0004245962311377641,1.3084984989288442e-05
-0.0001784270014400925,0.0002766548956169236
-0.0004245979772119,3.0065414997843224e-08
-0.0004245979772119,3.0065414997843224e-08
-0.0004245979772119,3.0065414997843224e-08
1.616026891292842e-05,3.295117140403562
-0.0004245979772118993,3.0065417301861706e-08
-0.00042456710427935614,0.00023085855264374006
-0.00015746925231590394,1.991939742461309e-06
-0.0004245979772119,3.0065414997843224e-08
-0.0004245979772119,3.0065414997843224e-08
-0.0004245979772119,3.0065414997843224e-08
-0.0004245979772119,3.0065414997843224e-08
-0.0004245938628526302,3.079200630132579e-05
-0.00022140371322771157,0.00020603024493679673
-0.0004245979772119,3.0065414997843224e-08
-0.0004245979772119,3.0065414997843224e-08
-0.0004245979772119,3.0065414997843224e-08
1.646335162987678e-05,3.297695160481909
-0.0004245979772119,3.0065414997843224e-08
-0.00022904527588536017,0.00017837500259845806
-0.0004245673602385366,0.00022894481573725937
-0.0004245979772119,3.0065414997843224e-08
-0.0004245979772119,3.0065414997843224e-08
-0.0004245979772119,3.0065414997843224e-08
-0.0004245979772119,3.0065414997843224e-08
-0.0004245979772119,3.0065414997843224e-08
-0.0004245979772119,3.0065414997843224e-08
-0.0004245979772119,3.0065414997843224e-08
1.5161967700595977e+23,9.528505333179434e+21
1.382710344876639e+22,-1.8493524658768855e+18
-3.21864395529427e+26,4.304883634926623e+22
-0.0004245979772119,3.0065414997843224e-08
-0.0004245979772119,3.0065414997843224e-08
-0.0004245979772119,3.0065414997843224e-08
-0.0004245979772119,3.0065414997843224e-08
9.473555918628525e+21,-1.2670090017102976e+18
57.847635492521825,-0.007737053335382177
-0.0004245979772119,3.0065414997843224e-08
-0.0004245979772119,3.0065414997843224e-08
-0.0004245979772119,3.0065414997843224e-08
-0.0004245979772119,3.0065414997843224e-08
8.781962937371017e+28,6.566033909640999e+32
0.12535962144735344,940.365897379277
1.9023205411777728e+17,-25443226028867.086
-0.0004245979772119,3.0065414997843224e-08
-0.0004245979772119,3.0065414997843224e-08
-0.0004245979772119,3.0065414997843224e-08
-0.0004245979772119,3.0065414997843224e-08
2100735.9827184537,-266.5198036754353
0.013810049389014437,0.003600656345603803
-0.0004245979772119,3.0065414997843224e-08
-0.0004245979772119,3.0065414997843224e-08
-0.0004245979772119,3.0065414997843224e-08
-0.0004245979772119,3.0065414997843224e-08
141188921674351.44,35555256901833.75
796.8807938604057,-0.10658152924863953
1.750826071470206e-05,3.3055076604120317
-0.0004245979772119,3.0065414997843224e-08
-0.0004245979772119,3.0065414997843224e-08
-0.0004245979772119,3.0065414997843224e-08
-0.0004245979772119,3.0065414997843224e-08
260528.44326826933,965607525.7914425
59.067378156411856,14.687028108765272
-0.0004245979772119,3.0065414997843224e-08
-0.0004245979772119,3.0065414997843224e-08
-0.0004245979772119,3.0065414997843224e-08
-0.0004245979772119,3.0065414997843224e-08
35302946389492.66,35569418977804.35
58684.41311301029,-7.848944275194606
-3.21864395529427e+26,4.304883634926623e+22
-0.0004245979772119,3.0065414997843224e-08
-0.0004245979772119,3.0065414997843224e-08
-0.0004245979772119,3.0065414997843224e-08
-0.0004245979772119,3.0065414997843224e-08
9.20736463388615e+18,6.884095143153911e+22
12313205.364229945,63120522181.69861
-0.0004245979772119,3.0065414997843224e-08
-0.0004245979772119,3.0065414997843224e-08
-0.0004245979772119,3.0065414997843224e-08
-0.0004245979772119,3.0065414997843224e-08
564758592473720.8,35497531409467.87
2.399433012184742e+23,-3.2092024003669017e+19
1.8197904537281464e-05,3.3106639389761416
-0.0004245979772119,3.0065414997843224e-08
-0.0004245979772119,3.0065414997843224e-08
-0.0004245979772119,3.0065414997843224e-08
-0.0004245979772119,3.0065414997843224e-08
2066725.4807712706,15452342133.789425
1006741631845.1924,4022398219212.506
-0.0004245979772119,3.0065414997843224e-08
-0.0004245979772119,3.0065414997843224e-08
-0.0004245979772119,3.0065414997843224e-08
-0.0004245979772119,3.0065414997843224e-08
2258947799258001.0,8521879815922.734
203662942.17795047,-27239.58511427993
-107374183.03959322,14364.434604234444
-0.0004245979772119,3.0065414997843224e-08
-0.0004245979772119,3.0065414997843224e-08
-0.0004245979772119,3.0065414997843224e-08
-0.0004245979772119,3.0065414997843224e-08
57.853251030323676,192724.02523597953
52284.49020795819,3754002.7906119786
-0.0004245979772119,3.0065414997843224e-08
-0.0004245979772119,3.0065414997843224e-08
-0.0004245979772119,3.0065414997843224e-08
-0.0004245979772119,3.0065414997843224e-08
2236604461602.5083,-298608363.70777005
-0.00042455813023143036,3.006008552943127e-08
1.8898007654876022e-05,3.315898418833498
-0.0004245979772119,3.0065414997843224e-08
-0.0004245979772119,3.0065414997843224e-08
-0.0004245979772119,3.0065414997843224e-08
-0.0004245979772119,3.0065414997843224e-08
-0.0004245979772119,3.0065414997843224e-08
-0.0004245979772119,3.0065414997843224e-08
-0.0004245979772119,3.006541499784331e-08
-0.0004245979772119,3.0065414997843224e-08
-0.0004245979772119,3.0065414997843224e-08
-0.0004245979772119,3.0065414997843224e-08
-0.0004245979772119,3.0065414997843224e-08
-0.0004245979772119,3.0065414997843224e-08
1.9242813622106743e-05,3.318476438906264
-0.0004245979772118987,3.0065418551143334e-08
-0.00041004973475367533,2.387512183685371e-05
-0.00042459407000238657,2.9243204140667387e-05
-0.0004245979772119,3.0065414997843224e-08
-0.0004245979772119,3.0065414997843224e-08
-0.0004245979772119,3.0065414997843224e-08
-0.0004245979772119,3.006541499784332e-08
-0.00042459475611851473,2.411330118460724e-05
-0.0004245949948906953,2.2328066783390677e-05
-0.0004245979772119,3.0065414997843224e-08
-0.0004245979772119,3.0065414997843224e-08
-0.0004245979772119,3.0065414997843224e-08
-4.932681909591636e+32,6.597381358062709e+28
-0.0004245979772118986,3.0065419134015915e-08
-0.0004167856408151991,1.958448465307807e-05
-0.00040146496876527804,2.6971412962461908e-08
-0.0004245979772119,3.0065414997843224e-08
-0.0004245979772119,3.0065414997843224e-08
-0.0004245979772119,3.0065414997843224e-08
-0.0004245979772119,3.006541499784332e-08
-0.00042458829945675637,1.9941031538115382e-05
-0.0004245955688778584,1.8036521484011055e-05
-0.0004245979772119,3.0065414997843224e-08
-0.0004245979772119,3.0065414997843224e-08
-0.0004245979772119,3.0065414997843224e-08
2.7200829977460495e+23,-3.6380665103942963e+19
-0.00042459797721189937,3.0065419467092245e-08
-0.0004069498827328472,1.564918251062898e-05
-0.00040563739754463185,2.7529468485831998e-08
-0.0004245979772119,3.0065414997843224e-08
-0.0004245979772119,3.0065414997843224e-08
-0.0004245979772119,3.0065414997845196e-08
-0.0004245979772119,3.006541499784331e-08
-0.0004245959041008693,1.553015055919821e-05
-0.0004245979772119,3.0065414997843224e-08
-0.0004245979772119,3.0065414997843224e-08
-0.0004245979772119,3.0065414997843224e-08
-0.0004245979772119,3.0065414997843224e-08
2.0282459298970757e-05,3.3262498381897685
-0.0004245979772118992,3.00654203830059e-08
-0.0004103490806700276,1.3441727781136546e-05
-0.0004095148235346519,2.804806786873735e-08
-0.0004245979772119,3.0065414997843224e-08
-0.0004245979772119,3.0065414997843224e-08
-0.0004245979772113518,3.0065414997769896e-08
-0.0004245979772119,3.006541499784331e-08
-0.00042459615939794456,1.3621364032334993e-05
-0.00041243412871795783,1.2846365834457417e-05
-0.0004245979772119,3.0065414997843224e-08
-0.0004245979772119,3.0065414997843224e-08
-0.0004245979772119,3.0065414997843224e-08
2.0627330914738107e-05,3.3288280966811077
-0.000424597977211899,3.0065421936737055e-08
-0.00041285271440092276,1.1773172587181111e-05
-0.0004115989962525858,1.4932946958070244e-05
-0.0004245979772119,3.0065414997843224e-08
-0.0004245979772119,3.0065414997843224e-08
-0.0004245979772119,3.0065414997843224e-08
-0.0004245979772119,3.006541499784331e-08
-0.0004245966536702232,9.925825157611528e-06
-0.0004245964860516626,1.1179063370710181e-05
-0.0004245979772119,3.0065414997843224e-08
-0.0004245979772119,3.0065414997843224e-08
-0.0004245979772119,3.0065414997843224e-08
2.7200829977460495e+23,-3.6380665103942963e+19
-0.0004245979772118988,3.006542354656042e-08
-0.00041487956458484084,1.0342953106051404e-05
-0.00041309109400373576,2.852638819339168e-08
-0.0004245979772119,3.0065414997843224e-08
-0.0004245979772119,3.0065414997843224e-08
-0.0004245979772119,3.0065414997843224e-08
-0.0004245979772119,3.006541499784334e-08
-0.0004245825014755532,1.0403378928067577e-05
-0.0004245966534640378,9.927366751117245e-06
-0.0004245979772119,3.0065414997843224e-08
-0.0004245979772119,3.0065414997843224e-08
-0.0004245979772119,3.0065414997843224e-08
2.1327368383796037e-05,3.334062338119891
-0.0004245979772118981,3.006542793194132e-08
-0.00041511818805025784,8.851890272528838e-06
-0.0004148183034177574,1.0284234300461852e-05
-0.0004245979772119,3.0065414997843224e-08
-0.0004245979772119,3.0065414997843224e-08
-0.0004245979772119,3.006541499784323e-08
-0.0004245979772119,3.0065414997843356e-08
-0.0004245797723748162,9.032474449443143e-06
-0.00041705550651080015,8.317032711719305e-06
-0.0004245979772119,3.0065414997843224e-08
-0.0004245979772119,3.0065414997843224e-08
-0.000423169094735675,0.010683394204724363
2.1672239999563387e-05,3.3366405966112302
-0.00042459797721189986,3.0065414997843204e-08
-0.0004166695788622697,7.3611726402546585e-06
-0.0004159521041944389,2.8909043625939833e-08
-0.0004245979772119,3.0065414997843224e-08
-0.0004245979772119,3.0065414997843224e-08
-0.0004245979772119,3.0065414997843224e-08
-0.0004245979772119,3.006541499784338e-08
-0.00042458022692831563,5.6339551685375396e-06
-0.00041771127967371146,7.302388987010586e-06
-0.0004245979772119,3.0065414997843224e-08
-0.0004245979772119,3.0065414997843224e-08
-0.0004245979772119,3.0065414997843224e-08
2.2017045966794108e-05,3.3392186166839966
-0.000424597977211898,3.006542870909744e-08
-0.0004176531232581175,6.854637417744918e-06
-0.0004245979772119,3.0065414997843224e-08
-0.0004245979772119,3.0065414997843224e-08
-0.0004245979772119,3.0065414997843224e-08
-0.0004245979772119,3.0065414997843224e-08
-0.0004245979772119,3.00654149978434e-08
-0.0004245970642738416,6.855854013571545e-06
-0.00041821804517705474,6.557386421532618e-06
-0.0004245979772119,3.0065414997843224e-08
-0.0004245979772119,3.0065414997843224e-08
-0.0004245979772119,3.0065414997843224e-08
-151996492104047.9,20329282164.19353
-0.0004245979772118975,3.006543309447835e-08
-0.00041866649399135763,6.168550555597541e-06
-0.0004245979772119,3.0065414997843224e-08
-0.0004245979772119,3.0065414997843224e-08
-0.0004245979772119,3.0065414997843224e-08
-0.0004245979772119,3.0065414997843224e-08
-0.0004245979772119,3.0065414997843396e-08
-0.0004245931720559751,5.4849525626135835e-06
-0.000424597171840874,6.051604681639184e-06
-0.0004245979772119,3.0065414997843224e-08
-0.0004245979772119,3.0065414997843224e-08
-0.0004245979772119,3.0065414997843224e-08
89128.96016301465,-8.57643861269823
-0.0004245979772118965,3.0065440088883336e-08
-0.0004194116237925989,5.632208407712846e-06
-0.0004245979772119,3.0065414997843224e-08
-0.0004245979772119,3.0065414997843224e-08
-0.0004245979772119,3.0065414997843224e-08
-0.0004245979772119,3.0065414997843224e-08
-0.0004245979772119,3.00654149978434e-08
-0.00042459630319914516,3.217573885683118e-08
-0.00041953019547189945,2.9387607480735794e-08
-0.0004245979772119,3.0065414997843224e-08
-0.0004245979772119,3.0065414997843224e-08
0.09320613772906028,700.0514464053053
2.3061955051619388e-05,3.347031116614119
-0.0004245979772118966,3.0065439089682614e-08
-0.0004245598058845725,5.156059806177394e-06
-0.0004245979772119,3.0065414997843224e-08
-0.0004245979772119,3.0065414997843224e-08
-0.0004245979772119,3.0065414997843224e-08
-0.0004245979772119,3.0065414997843224e-08
-0.0004245979772119,3.0065414997843396e-08
-0.0004245979769656588,3.1906493493242144e-08
-0.00041985862264597173,2.9431534077978818e-08
-0.0004245979772119,3.0065414997843224e-08
-0.0004245979772119,3.0065414997843224e-08
-0.0004245979772119,3.0065414997843224e-08
2.3401563286710287e-05,3.34957027445884
-0.0004245979772118961,3.006544286444087e-08
-0.0004245973912681612,4.411006766804546e-06
-0.0004245979772119,3.0065414997843224e-08
-0.0004245979772119,3.0065414997843224e-08
-0.0004245979772119,3.0065414997843224e-08
-0.00042459797717565374,3.006541499299534e-08
-0.0004245979772119,3.006541499784339e-08
-0.00042459685246096376,1.1479211197856454e-06
-0.0004202766405043356,2.948744328268031e-08
-0.0004245979772119,3.0065414997843224e-08
-0.0004245979772119,3.0065414997843224e-08
-0.0004245979772119,3.0065414997843224e-08
4.056481793778457e+29,-5.425478037323989e+25
-0.0004245979772118954,3.0065448304533645e-08
-0.000424596303086932,1.2547040705874139e-05
-0.0004245979772119,3.0065414997843224e-08
-0.0004245979772119,3.0065414997843224e-08
-0.0004245979772119,3.0065414997843224e-08
-0.0004245979772119,3.0065414997843224e-08
-0.0004245979772119,3.0065414997843396e-08
-0.0004245979772119,3.0065414997843224e-08
-0.0004245979772119,3.0065414997843224e-08
-0.0004245979772119,3.0065414997843224e-08
-0.0004245979772119,3.0065414997843224e-08
-0.00042459793901311594,3.0065409888818346e-08
-2.5947192751864777e-05,3.354804522591568
-0.0004245979772118944,3.0065455854050146e-08
-0.0004245979772119,3.0065414997843224e-08
-0.0004245979772119,3.0065414997843224e-08
-0.0004245979772119,3.0065414997843224e-08
-0.0004245979772119,3.0065414997843224e-08
-0.0004245979772119,3.0065414997843224e-08
-0.0004245979772119,3.006541499784349e-08
-0.0004245979772119,3.0065414997843224e-08
-0.0004245979772119,3.0065414997843224e-08
-0.0004245979772119,3.0065414997843224e-08
-0.0004245979772119,3.0065414997843224e-08
1562461828881.123,1.168210048723414e+16
2.4446472371535567e-05,3.3573827743889626
-0.0004245979772118949,3.006545207929189e-08
-0.0004245979772119,3.0065414997843224e-08
-0.0004245979772119,3.0065414997843224e-08
2496751.333854198,18667528025.0318
-0.0004245979772119,3.0065414997843224e-08
-0.0004245979772119,3.0065414997843224e-08
-0.0004245979772119,3.006541499784348e-08
-0.0004245979772119,3.0065414997843224e-08
-0.0004245979772119,3.0065414997843224e-08
-0.0004245979772119,3.0065414997843224e-08
-0.0004245979772119,3.0065414997843224e-08
-0.0004245979772119,3.0065414997843224e-08
4.056481793778457e+29,-5.425478037323989e+25
-0.0004245979772118934,3.0065462737432826e-08
1822067.2403022805,13623099270.150745
-0.0004245979772119,3.0065414997843224e-08
-0.0004245979772119,3.0065414997843224e-08
-0.0004245979772119,3.0065414997843224e-08
-0.0004245979772119,3.0065414997843224e-08
-0.0004245979772119,3.0065414997843475e-08
-0.0004245979772119,3.0065414997843224e-08
-0.0004245979772119,3.0065414997843224e-08
-0.0004245979772119,3.0065414997843224e-08
-0.0004245979772119,3.0065414997843224e-08
-0.0004245979772119,3.0065414997843224e-08
-2.3021535553652785e+20,3.0790927183103252e+16
-0.00042459797721189184,3.006547494988599e-08
-0.0004245979772119,3.0065414997843224e-08
-0.0004245979772119,3.0065414997843224e-08
-0.0004245979772119,3.0065414997843224e-08
-0.0004245979772119,3.0065414997843224e-08
-0.0004245979772119,3.0065414997843224e-08
-0.0004245979772119,3.006541499784353e-08
-0.0004245979772119,3.0065414997843224e-08
-0.0004245979772119,3.0065414997843224e-08
-0.0004245979772119,3.0065414997843224e-08
-0.0004245979772119,3.0065414997843224e-08
-0.0004245979772119,3.0065414997843224e-08
126443838357.04683,-16911653.15979774
-0.0004245979772118893,3.006549404572185e-08
-0.0004245979772119,3.0065414997843224e-08
-0.0004245979772119,3.0065414997843224e-08
-0.00042448990886393036,3.005096103309627e-08
-0.0004245979772119,3.0065414997843224e-08
-0.0004245979772119,3.0065414997843224e-08
-0.0004245979772119,3.006541499784346e-08
-0.00042459297135310624,3.006474547241887e-08
-0.0004245979772119,3.0065414997843224e-08
-0.000424597942317217,2.9096343229709465e-07
-0.0004245979772119,3.0065414997843224e-08
-0.0004245979772119,3.0065414997843224e-08
2.5836187396306753e-05,3.3677732943918515
-0.0004245979772118858,3.006551980289579e-08
-0.00042458662505021186,8.490707881598757e-05
-0.0004245979772119,3.0065414997843224e-08
-0.00042453928636824035,3.00575651935188e-08
-0.0004245979772119,3.0065414997843224e-08
-0.0004245979772119,3.0065414997843224e-08
-0.0004245979772119,3.006541499784347e-08
-0.00042459071384542166,8.851551949194412e-06
-0.0004245979772119,3.0065414997843224e-08
-0.00042459768953614343,3.12664104713928e-08
-0.0004245979772119,3.0065414997843224e-08
-0.0004245979772119,3.0065414997843224e-08
2.6181025251632124e-05,3.370351552883195
-0.00042459797721188213,3.0065547336426555e-08
-0.0004245871352597259,8.109238158448241e-05
-0.0004245979596485354,1.6138189684409007e-07
-0.0004245967442168084,2.7731308537465615e-06
-0.0004245979772119,3.0065414997843224e-08
-0.0004245979772119,3.0065414997843224e-08
-0.0004245979772119,3.006541499784351e-08
-0.000424567004334581,3.0061272426171764e-08
-0.0004245979772119,3.0065414997843224e-08
-0.0004245767822427544,3.0062580205393824e-08
-0.0004245979772119,3.0065414997843224e-08
-0.0004245979772119,3.0065414997843224e-08
126443838357.04684,-16911653.15198524
-0.00042459797721188864,3.006549849430496e-08
-0.0004245974929114628,3.6510475527156285e-06
-0.0004245979729749283,6.174409572622564e-08
-0.00042149696560397925,3.35386064569146e-06
-0.0004245979772119,3.0065414997843224e-08
-0.0004245979772119,3.0065414997843224e-08
-0.0004245979772119,3.0065414997843495e-08
-0.00042446139483011603,1.1356557751475962e-05
-0.0004245979772119,3.0065414997843224e-08
-0.0004245853403499268,4.578780124213679e-08
-0.0004245979772119,3.0065414997843224e-08
-0.0004245979772119,3.0065414997843224e-08
-3.21864395529427e+26,4.304883634926623e+22
-0.0004245979772118697,3.006563972207888e-08
-0.00042458617861688703,8.824493889355458e-05
-0.0004245918064831384,3.0064589672966336e-08
-0.0004245885303413432,3.607596153715405e-06
-0.0004245979772119,3.0065414997843224e-08
-0.0004245979772119,3.0065414997843224e-08
-0.0004245979772119,3.0065414997843475e-08
-0.0004244783429730603,9.015227312058606e-05
-0.0004245979772119,3.0065414997843224e-08
-0.00042449921692433185,1.0878108786721484e-07
-0.0004245979772119,3.0065414997843224e-08
2096.00004493599,-0.2803366037910113
2.7262427939197165e-05,3.378124952161114
-0.00042459797721185286,3.006576494013741e-08
-0.0004245979772119,3.0065414997843224e-08
-0.00042458407023656096,0.00010400872292922839
-0.0004245844733077297,3.041351253289244e-06
-0.0004245979772119,3.0065414997843224e-08
-0.0004245979772119,3.0065414997843224e-08
-0.0004245979772119,3.0065414997843535e-08
0.0009297951178477695,10.124999939478718
-0.0004245979772119,3.0065414997843224e-08
-0.0003091730298501544,2.071222546439798e-08
-0.0004245979772119,3.0065414997843224e-08
-0.0004245979772119,3.0065414997843224e-08
5.848603097450632e+35,-7.822410962847391e+31
-0.0004245979772118776,3.006558019902776e-08
-0.0004245979772119,3.0065414997843224e-08
-0.0004245979069458362,5.554255887704588e-07
-0.0004242846865362003,1.7144802478347316e-06
-0.0004245979772119,3.0065414997843224e-08
-0.0004245979772119,3.0065414997843224e-08
-0.0004245979772119,3.0065414997843595e-08
-0.0004241919205729996,3.0011105586677056e-08
-0.0004245979772119,3.0065414997843224e-08
-0.0004245979765226439,3.521879489674965e-08
-0.0004245979772119,3.0065414997843224e-08
-0.0004245979772119,3.0065414997843224e-08
-3.21864395529427e+26,4.304883634926623e+22
-0.0004245979772118985,3.006542210420557e-08
-0.0004245979772119,3.0065414997843224e-08
-0.0004245979772119,3.0065414997843224e-08
480389.0918687994,3591738079.8743725
-0.0004245979772119,3.0065414997843224e-08
-0.0004245979772119,3.0065414997843224e-08
-0.0004245979772119,3.006541499784379e-08
-0.0004245979772119,3.0065414997843224e-08
-0.0004245979772119,3.0065414997843224e-08
-0.0004223618536110706,3.433764716250049e-08
-0.0004245979772119,3.0065414997843224e-08
-0.0004245979772119,3.0065414997843224e-08
2.83073370240225e-05,3.3859374520912366
-0.0004245979772118949,3.006545030667892e-08
-0.0004245979772119,3.0065414997843224e-08
-0.0004245979772119,3.0065414997843224e-08
-0.0004238116588520698,2.996024620359037e-08
-0.0004245979772119,3.0065414997843224e-08
-0.0004245979772119,3.0065414997843224e-08
-0.0004245979772119,3.006541499784374e-08
-0.0004196805940619129,2.9407723046106113e-08
-0.0004245979772119,3.0065414997843224e-08
-0.0004245979772119,3.0065414997843224e-08
-0.0004245979772119,3.0065414997843224e-08
-0.0004245979772119,3.0065414997843224e-08
2.8610419740970807e-05,3.388515472169584
-0.00042459797721189336,3.0065459632548815e-08
-0.0004245979772119,3.0065414997843224e-08
-0.0004245979772119,3.0065414997843224e-08
-0.0004238489168137855,2.996522939501782e-08
-0.0004245979772119,3.0065414997843224e-08
-0.0004245979772119,3.0065414997843224e-08
-0.0004245979772119,3.006541499784377e-08
-0.0004151208387773794,2.8797863236313517e-08
-0.0004245979772119,3.0065414997843224e-08
-0.0004245979772119,3.0065414997843224e-08
-0.0004245979772119,3.0065414997843224e-08
-0.0004245979772119,3.0065414997843224e-08
-3.21864395529427e+26,4.304883634926623e+22
-0.0004245979772118931,3.0065462519121896e-08
-0.0004245979772119,3.0065414997843224e-08
-0.0004245979772119,3.0065414997843224e-08
-0.0004243902242380466,3.003762837746299e-08
-0.0004245979772119,3.0065414997843224e-08
-0.0004245979772119,3.0065414997843224e-08
-0.0004245979772119,3.00654149978438e-08
-0.00041058987991383585,2.819185490071894e-08
-0.0003971691137352361,0.2050781532311322
-0.00028529981359003034,1.1434513497702216e-08
-0.0004245979772119,3.0065414997843224e-08
-0.0004245979772119,3.0065414997843224e-08
1.9023205411777728e+17,-25443226028866.996
-0.0004245979772118965,3.006543598294868e-08
-0.0004245979772119,3.0065414997843224e-08
-0.0004245979772119,3.0065414997843224e-08
-0.0004245979772119,3.0065414997843224e-08
-0.0004245979772119,3.0065414997843224e-08
-0.0004245979772119,3.0065414997843224e-08
-0.0004245979772119,3.006541499784385e-08
-0.0004000388519818233,2.6780672175724987e-08
-0.0004245979772119,3.0065414997843224e-08
-0.000424446148128842,3.004510810636841e-08
-0.0004245979772119,3.0065414997843224e-08
-0.0004245979772119,3.0065414997843224e-08
2.965532882579614e-05,3.3963279720997064
-0.00042459797721189607,3.0065438312526423e-08
-0.0004245979772119,3.0065414997843224e-08
-0.0004245979772119,3.0065414997843224e-08
-0.0004245979772119,3.0065414997843224e-08
-0.0004245979772119,3.0065414997843224e-08
-0.0004245979772119,3.0065414997843224e-08
-0.0004245979772119,3.006541499784381e-08
-0.0003919305976486761,2.5696206423333415e-08
-0.0004245979772119,3.0065414997843224e-08
-0.0004245979772119,3.0065414997843224e-08
-0.0004245979772119,3.0065414997843224e-08
-0.0004245979772119,3.0065414997843224e-08
-3.21864395529427e+26,4.304883634926623e+22
-0.0004245979772118962,3.006543742434801e-08
-0.0004245979772119,3.0065414997843224e-08
-0.00042426119281320816,0.002518075060388568
-0.0004245979772119,3.0065414997843224e-08
-0.0004245979772119,3.0065414997843224e-08
-0.0004245979772119,3.0065414997843224e-08
-0.0004245979772119,3.0065414997843866e-08
-0.00038000965424830744,2.410179974555467e-08
-0.0004245979772119,3.0065414997843224e-08
-0.0004245979772119,3.0065414997843224e-08
-0.0004245979772119,3.0065414997843224e-08
-0.0004245979772119,3.0065414997843224e-08
3.034497264837549e-05,3.4014842506638163
-0.00042459797721189493,3.006544719814591e-08
-0.0004245771861742015,0.00015547897759883296
-0.00042433876840414453,0.0019380635478355864
-0.0004245979772119,3.0065414997843224e-08
-0.0004245979772119,3.0065414997843224e-08
-0.0004245979772119,3.0065414997843224e-08
-0.0004245979772119,3.006541499784392e-08
-0.00038000963605841357,2.410179731268612e-08
-0.0004176106638204946,9.731320341471256e-05
-0.0004244101493590105,0.0014043676378265456
-0.0004245979772119,3.0065414997843224e-08
-0.0004245979772119,3.0065414997843224e-08
-107374183.03958108,14364.525424546131
-0.0004245979772118874,3.006550382336858e-08
-0.00042458643258208844,8.6346110424092e-05
-0.00042453598123235516,0.00046355707737792305
-0.0004245979772119,3.0065414997843224e-08
-0.0004245979772119,3.0065414997843224e-08
-0.0004245979772119,3.0065414997843224e-08
-0.0004245979772119,3.006541499784397e-08
-0.0003680860405715182,2.2507035922673107e-08
-0.0004217515766892081,2.9684713584490945e-08
-0.00010602436687588636,-1.2543284215351099e-08
-0.0004245979772119,3.0065414997843224e-08
-0.0004245979772119,3.0065414997843224e-08
0.05878103917162849,3.4066717721582513
-0.0004245979772118819,3.006554556006967e-08
0.0372971995829892,282.0355810035448
-0.0002595280278760838,0.0004826092219285979
-0.0004245979772119,3.0065414997843224e-08
-0.0004245979772119,3.0065414997843224e-08
-0.0004245979772119,3.0065414997843224e-08
-0.0004245979772119,3.006541499784405e-08
-0.0003335086275642061,1.7882363499728218e-08
-0.00041836874073479866,2.9232264809725885e-08
-0.00027675548201713514,1.0291723127893189e-08
-0.0004245979772119,3.0065414997843224e-08
-0.0004245979772119,3.0065414997843224e-08
3.138988173320077e-05,3.409296750593939
-0.00042459797721187997,3.006555890724879e-08
-0.0004245979772119,3.0065414997843224e-08
-0.0004245979772119,3.0065414997843224e-08
-0.0004245979772119,3.0065414997843224e-08
-0.0004245979772119,3.0065414997843224e-08
-0.0004245979772119,3.0065414997843224e-08
-0.0004245979772119,3.0065414997844144e-08
-0.00033256840650183815,1.7756610470787456e-08
-0.0004245958882356469,1.564877049512127e-05
-0.0004245979772119,3.0065414997843224e-08
-0.0004245979772119,3.0065414997843224e-08
-0.0004245979772119,3.0065414997843224e-08
-4.932681909591636e+32,6.597381358062709e+28
-0.00042459797721187856,3.006556956521355e-08
-0.0004245979772119,3.0065414997843224e-08
-0.0004240346170327539,0.004212120307647735
0.005061935440506378,41.02131237678103
-0.0004245979772119,3.0065414997843224e-08
-0.0004245979772119,3.0065414997843224e-08
-0.0004245979772119,3.00654149978442e-08
-0.0003449661725042299,1.9414791391530718e-08
-0.00040442722631086735,0.0001659848463874159
2.5468225506413913,-0.0003406600735537649
-0.0004245979772119,3.0065414997843224e-08
-0.0004245979772119,3.0065414997843224e-08
2.7200829977460495e+23,-3.6380665103942963e+19
-0.00042459797721187595,3.00655819753844e-08
-0.0004245459313883418,0.0003891624778102685
-0.0004245979772119,3.0065414997843224e-08
-0.0004245979772119,3.0065414997843224e-08
-0.0004245979772119,3.0065414997843224e-08
-0.0004245979772119,3.0065414997843224e-08
-0.0004245979772119,3.006541499784427e-08
-0.00033113789504002366,1.7565281903009383e-08
-0.00041279516807728796,2.8486808584848143e-08
-0.0004245979772119,3.0065414997843224e-08
-0.0004245979772119,3.0065414997843224e-08
-0.0004245979772119,3.0065414997843224e-08
3.242952741006478e-05,3.417070149877443
-0.0004245979772118758,3.0065580222812207e-08
-0.0004245979772119,3.0065414997843224e-08
-0.0004245979772119,3.0065414997843224e-08
-0.0004245979772119,3.0065414997843224e-08
-0.0004245979772119,3.0065414997843224e-08
-0.0004245979772119,3.0065414997843224e-08
-0.0004245979772119,3.006541499784458e-08
-0.0003158791061140031,1.5524443846709982e-08
-0.0002748537649925256,1.0037371586958163e-08
-0.0004245979772119,3.0065414997843224e-08
-0.0004245979772119,3.0065414997843224e-08
-0.0004245979772119,3.0065414997843224e-08
3.277439902583213e-05,3.4196484083687824
-0.0004245979772118712,3.006561039709345e-08
-0.0004245979772119,3.0065414997843224e-08
-0.0004245979772119,3.0065414997843224e-08
-0.0004245979772119,3.0065414997843224e-08
-0.0004245979772119,3.0065414997843224e-08
-0.0004245979772119,3.0065414997843224e-08
-0.0004245979772119,3.00654149978449e-08
-0.0003072833699010235,1.4374778190384886e-08
-0.0004245979772119,3.0065414997843224e-08
-0.0004245979772119,3.0065414997843224e-08
-0.0004245979772119,3.0065414997843224e-08
-0.0004245979772119,3.0065414997843224e-08
2.7200829977460495e+23,-3.6380665103942963e+19
-0.00042459797721186804,3.0065630840822926e-08
-0.0004245979772119,3.0065414997843224e-08
-0.0004225078095188372,0.015627643216781114
-0.0004245979772119,3.0065414997843224e-08
-0.0004245979772119,3.0065414997843224e-08
-0.0004245979772119,3.0065414997843224e-08
-0.0004245979772119,3.0065414997844825e-08
-0.0004245979772119,3.0065414997843224e-08
-0.00042447398671642403,0.0009270731463006945
0.15389504461680922,-2.0609934323338846e-05
-0.0004245979772119,3.0065414997843224e-08
-0.0004245979772119,3.0065414997843224e-08
3.347443649489006e-05,3.4248826498075657
-0.00042459797721186316,3.0065667240511745e-08
-0.0004245979772119,3.0065414997843224e-08
-0.0004245979772119,3.0065414997843224e-08
-0.0004245979772119,3.0065414997843224e-08
-0.0004245979772119,3.0065414997843224e-08
-0.0004245979772119,3.0065414997843224e-08
-0.0004245979772119,3.006541499784497e-08
-0.00011174379337842641,-1.1778320277309704e-08
-0.00026436352222886756,8.63431877879038e-09
-0.0004245979772119,3.0065414997843224e-08
-0.0004245979772119,3.0065414997843224e-08
-0.0004245979772119,3.0065414997843224e-08
3.381930811065747e-05,3.427460908298905
-0.00042459797721185633,3.0065717021654025e-08
-0.0004245979772119,3.0065414997843224e-08
-0.0004245979772119,3.0065414997843224e-08
-0.0004245979772119,3.0065414997843224e-08
-0.0004245979772119,3.0065414997843224e-08
-0.0004245979772119,3.0065414997843224e-08
-0.0004245979772119,3.0065414997845e-08
-3.926553551005516e-05,-2.147216869668286e-08
-0.00042451633409830707,0.0006104533342934269
-0.0004245979772119,3.0065414997843224e-08
-0.0004245979772119,3.0065414997843224e-08
-0.0004245979772119,3.0065414997843224e-08
3.4164114077888134e-05,3.4300389283716712
-0.00042459797721185335,3.0065734742070935e-08
-0.0004245979772119,3.0065414997843224e-08
-0.0004245979772119,3.0065414997843224e-08
0.010542767777114385,81.9999992966318
-0.0004245979772119,3.0065414997843224e-08
-0.0004245979772119,3.0065414997843224e-08
-0.0004245979772119,3.006541499784509e-08
0.00017058745749824972,-4.953966320336336e-08
-0.0004245979772119,3.0065414997843224e-08
-0.0004245979772119,3.0065414997843224e-08
-0.0004245979772119,3.0065414997843224e-08
-0.0004245979772119,3.0065414997843224e-08
-151996492104047.9,20329282164.28435
-0.00042459797721184766,3.006576849285042e-08
-0.00042459797671793713,3.006576668157755e-08
-0.0004245979772119,3.0065414997843224e-08
0.003840072940962075,31.885780079341693
-0.0004245979772119,3.0065414997843224e-08
-0.0004245979772119,3.0065414997843224e-08
-0.0004245979772119,3.0065414997845805e-08
-0.0004245979766148883,3.0065930148109677e-08
-0.0004245979772119,3.0065414997843224e-08
-0.0004245979772119,3.0065414997843224e-08
-0.0004245979772119,3.0065414997843224e-08
-0.0004245979772119,3.0065414997843224e-08
89128.96017516172,-8.485618301010554
-0.0004245979772118451,3.006577737463436e-08
-0.00042459797721189417,3.006545874453652e-08
-0.0004245979772119,3.0065414997843224e-08
-0.0004245979772119,3.0065414997843224e-08
-0.0004245979772119,3.0065414997843224e-08
-0.0004245979772119,3.0065414997843224e-08
-0.0004245979772119,3.0065414997846374e-08
0.0004757643419642097,-9.035657224775911e-08
17.126804939383256,-0.002290708865983023
-0.0004245979772119,3.0065414997843224e-08
-0.0004245979772119,3.0065414997843224e-08
-0.0004245979772119,3.0065414997843224e-08
3.520902316271347e-05,3.437851428301794
-0.0004245979772118152,3.006600830102154e-08
-0.0004245979772119,3.0065414997843224e-08
-0.0004245979772119,3.0065414997843224e-08
-0.0004245979772119,3.0065414997843224e-08
-0.0004245979772119,3.0065414997843224e-08
-0.0004245979772119,3.0065414997843224e-08
-0.0004245979772119,3.006541499784693e-08
0.0016967485408378967,-2.5366121138280665e-07
-0.0004245979772119,3.0065414997843224e-08
-0.0004245979772119,3.0065414997843224e-08
-0.0004245979772119,3.0065414997843224e-08
-0.0004245979772119,3.0065414997843224e-08
3.554863139780431e-05,3.4403905861465147
-0.0004245979772117241,3.006667976390066e-08
-0.0004245979772119,3.0065414997843224e-08
-0.0004245979772119,3.0065414997843224e-08
15713.570433963465,117486078.94916785
-0.0004245979772119,3.0065414997843224e-08
-0.0004245979772119,3.0065414997843224e-08
-0.0004245979772119,3.006541499784759e-08
0.0027800880956504086,-3.985561045538873e-07
-0.0004245979772119,3.0065414997843224e-08
-0.0004245979772119,3.0065414997843224e-08
-0.0004245979772119,3.0065414997843224e-08
-0.0004245979772119,3.0065414997843224e-08
4.056481793778457e+29,-5.425478037323989e+25
-0.0004245979772116876,3.006694281920917e-08
-0.0004245979772119,3.0065414997843224e-08
-0.0004245979772119,3.0065414997843224e-08
-0.0004245979772119,3.0065414997843224e-08
-0.0004245979772119,3.0065414997843224e-08
-0.0004245979772119,3.0065414997843224e-08
-0.0004245979772119,3.00654149978482e-08
-0.0004245979772119,3.0065414997843224e-08
-0.0004245979772119,3.0065414997843224e-08
-0.0004245979772119,3.0065414997843224e-08
-0.0004245979772119,3.0065414997843224e-08
-0.0004245979772119,3.0065414997843224e-08
-1.380012464077075e-05,3.4456248342792426
-0.00042459797721163743,3.0067305345512424e-08
-0.00042459797721184863,3.006541499783635e-08
-0.0004245979772119,3.0065414997843224e-08
-0.0004245979772119,3.0065414997843224e-08
-0.0004245979772119,3.0065414997843224e-08
-0.0004245979772119,3.0065414997843224e-08
-0.0004245979772119,3.00654149978496e-08
-0.0004245979772118302,3.006541499783389e-08
-0.0004245979772119,3.0065414997843224e-08
-0.0004245979772119,3.0065414997843224e-08
-0.0004245979772119,3.0065414997843224e-08
-0.0004245979772119,3.0065414997843224e-08
3.659354048262965e-05,3.4482030860766373
-0.00042459797721149323,3.006838536504014e-08
-0.0004245979772119,3.0065414997843224e-08
-0.0004245979772119,3.0065414997843224e-08
0.006600118144796323,52.521884478506166
-0.0004245979772119,3.0065414997843224e-08
-0.0004245979772119,3.0065414997843224e-08
-0.0004245979772119,3.006541499784934e-08
-0.0004245979772119,3.0065414997843224e-08
-0.0004245979772119,3.0065414997843224e-08
-0.0004245979772119,3.0065414997843224e-08
-0.0004245979772119,3.0065414997843224e-08
-0.0004245979772119,3.0065414997843224e-08
4.056481793778457e+29,-5.425478037323989e+25
-0.0004245979772114953,3.006835664474145e-08
-0.0004245979772119,3.0065414997843224e-08
-0.0004245979772119,3.0065414997843224e-08
-0.0004245979772119,3.0065414997843224e-08
-0.0004245979772119,3.0065414997843224e-08
-0.0004245979772119,3.0065414997843224e-08
-0.0004245979772119,3.006541499784992e-08
-0.0004245979772119,3.0065414997843224e-08
-0.0004245979772119,3.0065414997843224e-08
-0.0004245979772119,3.0065414997843224e-08
-0.0004245979772119,3.0065414997843224e-08
-0.0004245979772119,3.0065414997843224e-08
-2.3021535553652785e+20,3.0790927183103252e+16
-0.0004245979772115176,3.006815796773032e-08
2.9273704287034956,21890.32402298617
-0.0004245979772119,3.0065414997843224e-08
-0.0004245979772119,3.0065414997843224e-08
-0.0004245979772119,3.0065414997843224e-08
-0.0004245979772119,3.0065414997843224e-08
-0.0004245979772119,3.006541499785095e-08
-0.0004245979772119,3.0065414997843224e-08
-0.0004245979772119,3.0065414997843224e-08
-0.0004245979772119,3.0065414997843224e-08
-0.0004245979772119,3.0065414997843224e-08
-0.0004245979772119,3.0065414997843224e-08
126443838357.04684,-16911653.068977427
-0.00042459797721151253,3.0068186372525767e-08
-0.0004245979772119,3.0065414997843224e-08
-0.0004245979772119,3.0065414997843224e-08
-0.0004245979772119,3.0065414997843224e-08
-0.0004245979772119,3.0065414997843224e-08
-0.0004245979772119,3.0065414997843224e-08
-0.0004245979772119,3.0065414997853124e-08
-0.0004245979772119,3.0065414997843224e-08
-0.0004245979772119,3.0065414997843224e-08
-0.0004245979772119,3.0065414997843224e-08
-0.0004245979772119,3.0065414997843224e-08
-0.0004245979772119,3.0065414997843224e-08
3.798325550740083e-05,3.458593606079526
-0.0004245979772113921,3.006902481446323e-08
-0.0004245979772119,3.0065414997843224e-08
-0.0004245979772119,3.0065414997843224e-08
0.04908598224659543,370.17709022494523
-0.0004245979772119,3.0065414997843224e-08
-0.0004245979772119,3.0065414997843224e-08
-0.0004245979772119,3.006541499785212e-08
-0.0004245979772119,3.0065414997843224e-08
-0.0004245979772119,3.0065414997843224e-08
-0.0004245979772119,3.0065414997843224e-08
-0.0004245979772119,3.0065414997843224e-08
-0.0004245979772119,3.0065414997843224e-08
-2.3021535553652785e+20,3.0790927183103252e+16
-0.00042459797721122576,3.007027563139352e-08
-0.0004245979772119,3.0065414997843224e-08
-0.0004245979772119,3.0065414997843224e-08
-0.0004245979772119,3.0065414997843224e-08
-0.0004245979772119,3.0065414997843224e-08
-0.0004245979772119,3.0065414997843224e-08
-0.0004245979772119,3.0065414997853494e-08
-0.0004245979772119,3.0065414997843224e-08
-0.0004245979772119,3.0065414997843224e-08
-0.0004245979772119,3.0065414997843224e-08
-0.0004245979772119,3.0065414997843224e-08
-0.0004245979772119,3.0065414997843224e-08
126443838357.04684,-16911653.061164927
-0.0004245979772109539,3.007226515450453e-08
-0.0004245979772119,3.0065414997843224e-08
-0.0004245979772119,3.0065414997843224e-08
-0.0004245979772119,3.0065414997843224e-08
-0.0004245979772119,3.0065414997843224e-08
-0.0004245979772119,3.0065414997843224e-08
-0.0004245979772119,3.006541499785323e-08
-0.0004245979772119,3.0065414997843224e-08
-0.0004245979772119,3.0065414997843224e-08
-0.0004245979772119,3.0065414997843224e-08
-0.0004245979772119,3.0065414997843224e-08
-0.0004245979772119,3.0065414997843224e-08
-71.67996064111253,3.475954088053478
-0.0004245979772108466,3.0073033070609693e-08
-0.0004245979772119,3.0065414997843224e-08
-0.0004245979772119,3.0065414997843224e-08
26238.31898613081,196176750.2453339
-0.0004245979772119,3.0065414997843224e-08
-0.0004245979772119,3.0065414997843224e-08
-0.0004245979772119,3.006541499785376e-08
-0.0004245979772119,3.0065414997843224e-08
-0.0004245979772119,3.0065414997843224e-08
-0.0004245979772119,3.0065414997843224e-08
-0.0004245979772119,3.0065414997843224e-08
-0.0004245979772119,3.0065414997843224e-08
3.937300244755143e-05,3.4689843645009923
-0.00042459797721051105,3.0075477341934495e-08
-0.0004245979772119,3.0065414997843224e-08
-0.0004245979772119,3.0065414997843224e-08
-0.0004245979772119,3.0065414997843224e-08
-0.0004245979772119,3.0065414997843224e-08
-0.0004245979772119,3.0065414997843224e-08
-0.0004245979772119,3.006541499785503e-08
-0.0004245979772119,3.0065414997843224e-08
-0.0004245979772119,3.0065414997843224e-08
6095614.445054322,-815.2784599562119
-0.0004245979772119,3.0065414997843224e-08
-0.0004245979772119,3.0065414997843224e-08
126443838357.04684,-16911653.053352427
-0.0004245979772103255,3.007678530607503e-08
-0.0004245979772119,3.0065414997843224e-08
-0.0004245979772119,3.0065414997843224e-08
-0.0004245979772119,3.0065414997843224e-08
-0.0004245979772119,3.0065414997843224e-08
-0.0004245979772119,3.0065414997843224e-08
-0.0004245979772119,3.006541499785397e-08
-0.0004245979772119,3.0065414997843224e-08
-0.0004245979772119,3.0065414997843224e-08
-0.0004245979772119,3.0065414997843224e-08
-0.0004245979772119,3.0065414997843224e-08
-0.0004245979772119,3.0065414997843224e-08
-71.67995959620345,3.4837665879836006
-0.00042459797721009526,3.007837689923517e-08
-0.0004245979772119,3.0065414997843224e-08
-0.0004245979772119,3.0065414997843224e-08
-0.0004245979772119,3.0065414997843224e-08
-0.0004245979772119,3.0065414997843224e-08
-0.0004245979772119,3.0065414997843224e-08
-0.0004245979772119,3.0065414997859e-08
-0.0004245979772119,3.0065414997843224e-08
-0.0004245979772119,3.0065414997843224e-08
-0.0004245979772119,3.0065414997843224e-08
-0.0004245979772119,3.0065414997843224e-08
-0.0004245979772119,3.0065414997843224e-08
4.041791153237676e-05,3.476796864431115
-0.0004245979772091649,3.00854270434963e-08
-0.0004245979772119,3.0065414997843224e-08
-0.0004245979772119,3.0065414997843224e-08
-0.0004245979772119,3.0065414997843224e-08
-0.0004245979772119,3.0065414997843224e-08
-0.0004245979772119,3.0065414997843224e-08
-0.0004245979772119,3.0065414997866306e-08
-0.0004245979772119,3.0065414997843224e-08
-0.0004245979772119,3.0065414997843224e-08
-0.0004245979772119,3.0065414997843224e-08
-0.0004245979772119,3.0065414997843224e-08
-0.0004245979772119,3.0065414997843224e-08
5.848603097450632e+35,-7.822410962847391e+31
-0.00042459797720620986,3.0107485365481083e-08
-0.0004245979772119,3.0065414997843224e-08
-0.0004245979772119,3.0065414997843224e-08
-0.0004245979772119,3.0065414997843224e-08
-0.0004245979772119,3.0065414997843224e-08
-0.0004245979772119,3.0065414997843224e-08
-0.0004245979772119,3.006541499786885e-08
-0.0004245979772119,3.0065414997843224e-08
-0.0004245979772119,3.0065414997843224e-08
-0.0004245979772119,3.0065414997843224e-08
-0.0004245979772119,3.0065414997843224e-08
-0.0004245979772119,3.0065414997843224e-08
-3.21864395529427e+26,4.304883634926623e+22
-0.00042459797720417194,3.012249194812471e-08
-0.0004245979772119,3.0065414997843224e-08
-0.0004245979772119,3.0065414997843224e-08
-0.0004245979772119,3.0065414997843224e-08
-0.0004245979772119,3.0065414997843224e-08
-0.0004245979772119,3.0065414997843224e-08
-0.0004245979772119,3.006541499787001e-08
-0.0004245979772119,3.0065414997843224e-08
-0.0004245979772119,3.0065414997843224e-08
-0.0004245979772119,3.0065414997843224e-08
-0.0004245979772119,3.0065414997843224e-08
-0.0004245979772119,3.0065414997843224e-08
4.1499314219941804e-05,3.4845702637090343
-0.00042459797720212843,3.013773198291618e-08
-0.0004245979772119,3.0065414997843224e-08
-0.0004245979772119,3.0065414997843224e-08
-0.0004245979772119,3.0065414997843224e-08
-0.0004245979772119,3.0065414997843224e-08
-0.0004245979772119,3.0065414997843224e-08
-0.0004245979772119,3.006541499788135e-08
-0.0004245979772119,3.0065414997843224e-08
-0.0004245979772119,3.0065414997843224e-08
-0.0004245979772119,3.0065414997843224e-08
-0.0004245979772119,3.0065414997843224e-08
-0.0004245979772119,3.0065414997843224e-08
5.848603097450632e+35,-7.822410962847391e+31
-0.00042459797719609593,3.0182763891269614e-08
-0.0004245979772119,3.0065414997843224e-08
-0.0004245979772119,3.0065414997843224e-08
-0.0004245979772119,3.0065414997843224e-08
-0.0004245979772119,3.0065414997843224e-08
-0.0004245979772119,3.0065414997843224e-08
-0.0004245979772119,3.006541499788029e-08
-0.0004245979772119,3.0065414997843224e-08
-0.0004245979772119,3.0065414997843224e-08
-0.0004245979772119,3.0065414997843224e-08
-0.0004245979772119,3.0065414997843224e-08
-0.0004245979772119,3.0065414997843224e-08
-3.21864395529427e+26,4.304883634926623e+22
-0.00042459797719013326,3.0227329020235285e-08
-0.0004245979772119,3.0065414997843224e-08
-0.0004245979772119,3.0065414997843224e-08
-0.0004245979772119,3.0065414997843224e-08
-0.0004245979772119,3.0065414997843224e-08
-0.0004245979772119,3.0065414997843224e-08
-0.0004245979772119,3.006541499788071e-08
-0.0004245979772119,3.0065414997843224e-08
-0.0004245979772119,3.0065414997843224e-08
-0.0004245979772119,3.0065414997843224e-08
-0.0004245979772119,3.0065414997843224e-08
-0.0004245979772119,3.0065414997843224e-08
1.9023205411777728e+17,-25443226028866.9
-0.0004245979771769328,3.032557735936767e-08
-0.0004245979772119,3.0065414997843224e-08
-0.0004245979772119,3.0065414997843224e-08
-0.0004245979772119,3.0065414997843224e-08
-0.0004245979772119,3.0065414997843224e-08
-0.0004245979772119,3.0065414997843224e-08
-0.0004245979772119,3.0065414997883676e-08
-0.0004245979772119,3.0065414997843224e-08
-0.0004245979772119,3.0065414997843224e-08
-0.0004245979772119,3.0065414997843224e-08
-0.0004245979772119,3.0065414997843224e-08
-0.0004245979772119,3.0065414997843224e-08
4.284730602171545e-05,3.4949607837175036
-0.00042459797716936325,3.0381965503013585e-08
-0.0004245979772119,3.0065414997843224e-08
-0.0004245979772119,3.0065414997843224e-08
-0.0004245979772119,3.0065414997843224e-08
-0.0004245979772119,3.0065414997843224e-08
-0.0004245979772119,3.0065414997843224e-08
-0.0004245979772119,3.0065414997885794e-08
-0.0004245979772119,3.0065414997843224e-08
-0.0004245979772119,3.0065414997843224e-08
-0.0004245979772119,3.0065414997843224e-08
-0.0004245979772119,3.0065414997843224e-08
-0.0004245979772119,3.0065414997843224e-08
4.319214387706413e-05,3.4975390422088473
-0.0004245979771511038,3.0518389151946055e-08
-0.0004245979772119,3.0065414997843224e-08
-0.0004245979772119,3.0065414997843224e-08
-0.0004245979772119,3.0065414997843224e-08
-0.0004245979772119,3.0065414997843224e-08
-0.0004245979772119,3.0065414997843224e-08
-0.0004245979772119,3.006541499789236e-08
-0.0004245979772119,3.0065414997843224e-08
-0.0004245979772119,3.0065414997843224e-08
-0.0004245979772119,3.0065414997843224e-08
-0.0004245979772119,3.0065414997843224e-08
-0.0004245979772119,3.0065414997843224e-08
4.353168643633353e-05,3.5000779616349953
-0.00042459797713237515,3.065849624328866e-08
-0.0004245979772119,3.0065414997843224e-08
-0.0004245979772119,3.0065414997843224e-08
-0.0004245979772119,3.0065414997843224e-08
-0.0004245979772119,3.0065414997843224e-08
-0.0004245979772119,3.0065414997843224e-08
-0.0004245979772119,3.006541499788664e-08
-0.0004245979772119,3.0065414997843224e-08
-0.0004245979772119,3.0065414997843224e-08
-0.0004245979772119,3.0065414997843224e-08
-0.0004245979772119,3.0065414997843224e-08
-0.0004245979772119,3.0065414997843224e-08
2.7200829977460495e+23,-3.6380665103942963e+19
-0.00042459797714048916,3.059664949387714e-08
-0.0004245979772119,3.0065414997843224e-08
-0.0004245979772119,3.0065414997843224e-08
-0.0004245979772119,3.0065414997843224e-08
-0.0004245979772119,3.0065414997843224e-08
-0.0004245979772119,3.0065414997843224e-08
-0.0004245979772119,3.006541499789236e-08
-0.0004245979772119,3.0065414997843224e-08
-0.0004245979772119,3.0065414997843224e-08
-0.0004245979772119,3.0065414997843224e-08
-0.0004245979772119,3.0065414997843224e-08
-0.0004245979772119,3.0065414997843224e-08
4.387655805210088e-05,3.5026562201263345
-0.0004245979771245798,3.071670196078984e-08
-0.0004245979772119,3.0065414997843224e-08
-0.0004245979772119,3.0065414997843224e-08
-0.0004245979772119,3.0065414997843224e-08
-0.0004245979772119,3.0065414997843224e-08
-0.0004245979772119,3.0065414997843224e-08
-0.0004245979772119,3.0065414997907175e-08
-0.0004245979772119,3.0065414997843224e-08
-0.0004245979772119,3.0065414997843224e-08
-0.0004245979772119,3.0065414997843224e-08
-0.0004245979772119,3.0065414997843224e-08
-0.0004245979772119,3.0065414997843224e-08
-71.67995561248756,3.513551743967193
-0.00042459797700826354,3.158626309832169e-08
-0.0004245979772119,3.0065414997843224e-08
-0.0004245979772119,3.0065414997843224e-08
-0.0004245979772119,3.0065414997843224e-08
-0.0004245979772119,3.0065414997843224e-08
-0.0004245979772119,3.0065414997843224e-08
-0.0004245979772119,3.0065414997913104e-08
-0.0004245979772119,3.0065414997843224e-08
-0.0004245979772119,3.0065414997843224e-08
-0.0004245979772119,3.0065414997843224e-08
-0.0004245979772119,3.0065414997843224e-08
-0.0004245979772119,3.0065414997843224e-08
5.848603097450632e+35,-7.822410962847391e+31
-0.0004245979769659108,3.189910939987302e-08
-0.0004245979772119,3.0065414997843224e-08
-0.0004245979772119,3.0065414997843224e-08
-0.0004245979772119,3.0065414997843224e-08
-0.0004245979772119,3.0065414997843224e-08
-0.0004245979772119,3.0065414997843224e-08
-0.0004245979772119,3.00654149979364e-08
-0.0004245979772119,3.0065414997843224e-08
-0.0004245979772119,3.0065414997843224e-08
-0.0004245979772119,3.0065414997843224e-08
-0.0004245979772119,3.0065414997843224e-08
-0.0004245979772119,3.0065414997843224e-08
4.439901259451352e-05,3.5065624700913958
-0.00042459797689582685,3.242313410769801e-08
-0.0004245979772119,3.0065414997843224e-08
-0.0004245979772119,3.0065414997843224e-08
-0.0004245979772119,3.0065414997843224e-08
-0.0004245979772119,3.0065414997843224e-08
-0.0004245979772119,3.0065414997843224e-08
-0.0004245979772119,3.0065414997945715e-08
-0.0004245979772119,3.0065414997843224e-08
-0.0004245979772119,3.0065414997843224e-08
-0.0004245979772119,3.0065414997843224e-08
-0.0004245979772119,3.0065414997843224e-08
-0.0004245979772119,3.0065414997843224e-08
-71.67995509003302,3.517457993932254
-0.0004245979768254442,3.294700482754816e-08
-0.0004245979772119,3.0065414997843224e-08
-0.0004245979772119,3.0065414997843224e-08
-0.0004245979772119,3.0065414997843224e-08
-0.0004245979772119,3.0065414997843224e-08
-0.0004245979772119,3.0065414997843224e-08
-0.0004245979772119,3.006541499795929e-08
-0.0004245979772119,3.0065414997843224e-08
-0.0004245979772119,3.0065414997843224e-08
-0.0004245979772119,3.0065414997843224e-08
-0.0004245979772119,3.0065414997843224e-08
-0.0004245979772119,3.0065414997843224e-08
4.474381856174424e-05,3.5091404901641625
-0.00042459797682109355,3.297610932381713e-08
-0.0004245979772119,3.0065414997843224e-08
-0.0004245979772119,3.0065414997843224e-08
-0.0004245979772119,3.0065414997843224e-08
-0.0004245979772119,3.0065414997843224e-08
-0.0004245979772119,3.0065414997843224e-08
-0.0004245979772119,3.006541499798976e-08
-0.0004245979772119,3.0065414997843224e-08
-0.0004245979772119,3.0065414997843224e-08
-0.0004245979772119,3.0065414997843224e-08
-0.0004245979772119,3.0065414997843224e-08
-0.0004245979772119,3.0065414997843224e-08
4.496057556342562e-05,3.5104491697275653
-0.00042459797672202653,3.371825877020865e-08
-0.0004245979772119,3.0065414997843224e-08
-0.0004245979772119,3.0065414997843224e-08
-0.0004245979772119,3.0065414997843224e-08
-0.0004245979772119,3.0065414997843224e-08
-0.0004245979772119,3.0065414997843224e-08
-0.0004245979772119,3.006541499802195e-08
-0.0004245979772119,3.0065414997843224e-08
-0.0004245979772119,3.0065414997843224e-08
-0.0004245979772119,3.0065414997843224e-08
-0.0004245979772119,3.0065414997843224e-08
-0.0004245979772119,3.0065414997843224e-08
-151996492104047.9,20329282164.363453
-0.00042459797654096476,3.5071904398122526e-08
-0.0004245979772119,3.0065414997843224e-08
-0.0004245979772119,3.0065414997843224e-08
-0.0004245979772119,3.0065414997843224e-08
-0.0004245979772119,3.0065414997843224e-08
-0.0004245979772119,3.0065414997843224e-08
-0.0004245979772119,3.006541499804905e-08
-0.0004245979772119,3.0065414997843224e-08
-0.0004245979772119,3.0065414997843224e-08
-0.0004245979772119,3.0065414997843224e-08
-0.0004245979772119,3.0065414997843224e-08
-0.0004245979772119,3.0065414997843224e-08
4.526627310415688e-05,3.513046740129224
-0.0004245979764850036,3.5479362905657824e-08
-0.0004245979772119,3.0065414997843224e-08
-0.0004245979772119,3.0065414997843224e-08
-0.0004245979772119,3.0065414997843224e-08
-0.0004245979772119,3.0065414997843224e-08
-0.0004245979772119,3.0065414997843224e-08
-0.0004245979772119,3.00654149980406e-08
-0.0004245979772119,3.0065414997843224e-08
-0.0004245979772119,3.0065414997843224e-08
-0.0004245979772119,3.0065414997843224e-08
-0.0004245979772119,3.0065414997843224e-08
-0.0004245979772119,3.0065414997843224e-08
4.548303010583826e-05,3.5143554196926265
-0.0004245979759757015,3.926351230963234e-08
-0.0004245979772119,3.0065414997843224e-08
-0.0004245979772119,3.0065414997843224e-08
-0.0004245979772119,3.0065414997843224e-08
-0.0004245979772119,3.0065414997843224e-08
-0.0004245979772119,3.0065414997843224e-08
-0.0004245979772119,3.0065414998105844e-08
-0.0004245979772119,3.0065414997843224e-08
-0.0004245979772119,3.0065414997843224e-08
-0.0004245979772119,3.0065414997843224e-08
-0.0004245979772119,3.0065414997843224e-08
-0.0004245979772119,3.0065414997843224e-08
-3.21864395529427e+26,4.304883634926623e+22
-0.0004245979756026217,4.205749333124651e-08
-0.0004245979772119,3.0065414997843224e-08
-0.0004245979772119,3.0065414997843224e-08
-0.0004245979772119,3.0065414997843224e-08
-0.0004245979772119,3.0065414997843224e-08
-0.0004245979772119,3.0065414997843224e-08
-0.0004245979772119,3.006541499825323e-08
-0.0004245979772119,3.0065414997843224e-08
-0.0004245979772119,3.0065414997843224e-08
-0.0004245979772119,3.0065414997843224e-08
-0.0004245979772119,3.0065414997843224e-08
-0.0004245979772119,3.0065414997843224e-08
4.578872764656952e-05,3.516952990094285
-0.0004245979753351748,4.40365715478037e-08
-0.0004245979772119,3.0065414997843224e-08
-0.0004245979772119,3.0065414997843224e-08
-0.0004245979772119,3.0065414997843224e-08
-0.0004245979772119,3.0065414997843224e-08
-0.0004245979772119,3.0065414997843224e-08
-0.0004245979772119,3.006541499840912e-08
-0.0004245979772119,3.0065414997843224e-08
-0.0004245979772119,3.0065414997843224e-08
-0.0004245979772119,3.0065414997843224e-08
-0.0004245979772119,3.0065414997843224e-08
-0.0004245979772119,3.0065414997843224e-08
89128.96018626388,-8.402610489253004
-0.0004245979737580586,5.579586542505047e-08
-0.0004245979772119,3.0065414997843224e-08
-0.0004245979772119,3.0065414997843224e-08
-0.0004245979772119,3.0065414997843224e-08
-0.0004245979772119,3.0065414997843224e-08
-0.0004245979772119,3.0065414997843224e-08
-0.0004245979772119,3.0065414998585304e-08
-0.0004245979772119,3.0065414997843224e-08
-0.0004245979772119,3.0065414997843224e-08
-0.0004245979772119,3.0065414997843224e-08
-0.0004245979772119,3.0065414997843224e-08
-0.0004245979772119,3.0065414997843224e-08
4.613356550189489e-05,3.5195312485856283
-0.0004245979729927478,6.15029339692213e-08
-0.0004245979772119,3.0065414997843224e-08
-0.0004245979772119,3.0065414997843224e-08
-0.0004245979772119,3.0065414997843224e-08
-0.0004245979772119,3.0065414997843224e-08
-0.0004245979772119,3.0065414997843224e-08
-0.0004245979772119,3.006541499860902e-08
-0.0004245979772119,3.0065414997843224e-08
-0.0004245979772119,3.0065414997843224e-08
-0.0004245979772119,3.0065414997843224e-08
-0.0004245979772119,3.0065414997843224e-08
-0.0004245979772119,3.0065414997843224e-08
4.6311182188982214e-05,3.5208592400593464
-0.00042459797199651466,6.89535820011014e-08
-0.0004245979772119,3.0065414997843224e-08
-0.0004245979772119,3.0065414997843224e-08
-0.0004245979772119,3.0065414997843224e-08
-0.0004245979772119,3.0065414997843224e-08
-0.0004245979772119,3.0065414997843224e-08
-0.0004245979772119,3.006541499863274e-08
-0.0004245979772119,3.0065414997843224e-08
-0.0004245979772119,3.0065414997843224e-08
-0.0004245979772119,3.0065414997843224e-08
-0.0004245979772119,3.0065414997843224e-08
-0.0004245979772119,3.0065414997843224e-08
1.9023205411777728e+17,-25443226028866.867
-0.0004245979714339127,7.314463657780674e-08
-0.0004245979772119,3.0065414997843224e-08
-0.0004245979772119,3.0065414997843224e-08
-0.0004245979772119,3.0065414997843224e-08
-0.0004245979772119,3.0065414997843224e-08
-0.0004245979772119,3.0065414997843224e-08
-0.0004245979772119,3.0065414998527706e-08
-0.0004245979772119,3.0065414997843224e-08
-0.0004245979772119,3.0065414997843224e-08
-0.0004245979772119,3.0065414997843224e-08
-0.0004245979772119,3.0065414997843224e-08
-0.0004245979772119,3.0065414997843224e-08
4.665340522054789e-05,3.523417948227378
-0.0004245979708728194,7.733562720586708e-08
-0.0004245979772119,3.0065414997843224e-08
-0.0004245979772119,3.0065414997843224e-08
-0.0004245979772119,3.0065414997843224e-08
-0.0004245979772119,3.0065414997843224e-08
-0.0004245979772119,3.0065414997843224e-08
-0.0004245979772119,3.00654149985582e-08
-0.0004245979772119,3.0065414997843224e-08
-0.0004245979772119,3.0065414997843224e-08
-0.0004245979772119,3.0065414997843224e-08
-0.0004245979772119,3.0065414997843224e-08
-0.0004245979772119,3.0065414997843224e-08
4.68310219076119e-05,3.524745939701096
-0.00042459797018793235,8.245800079644881e-08
-0.0004245979772119,3.0065414997843224e-08
-0.0004245979772119,3.0065414997843224e-08
-0.0004245979772119,3.0065414997843224e-08
-0.0004245979772119,3.0065414997843224e-08
-0.0004245979772119,3.0065414997843224e-08
-0.0004245979772119,3.0065414998612416e-08
-0.0004245979772119,3.0065414997843224e-08
-0.0004245979772119,3.0065414997843224e-08
-0.0004245979772119,3.0065414997843224e-08
-0.0004245979772119,3.0065414997843224e-08
-0.0004245979772119,3.0065414997843224e-08
1.9023205411777728e+17,-25443226028866.863
-0.0004245979690931106,9.061297075555104e-08
-0.0004245979772119,3.0065414997843224e-08
-0.0004245979772119,3.0065414997843224e-08
-0.0004245979772119,3.0065414997843224e-08
-0.0004245979772119,3.0065414997843224e-08
-0.0004245979772119,3.0065414997843224e-08
-0.0004245979772119,3.006541499860903e-08
-0.0004245979772119,3.0065414997843224e-08
-0.0004245979772119,3.0065414997843224e-08
-0.0004245979772119,3.0065414997843224e-08
-0.0004245979772119,3.0065414997843224e-08
-0.0004245979772119,3.0065414997843224e-08
4.717585976296053e-05,3.5273241981924395
-0.0004245979691499129,9.014760079419976e-08
-0.0004245979772119,3.0065414997843224e-08
-0.0004245979772119,3.0065414997843224e-08
-0.0004245979772119,3.0065414997843224e-08
-0.0004245979772119,3.0065414997843224e-08
-0.0004245979772119,3.0065414997843224e-08
-0.0004245979772119,3.006541499842607e-08
-0.0004245979772119,3.0065414997843224e-08
-0.0004245979772119,3.0065414997843224e-08
-0.0004245979772119,3.0065414997843224e-08
-0.0004245979772119,3.0065414997843224e-08
-0.0004245979772119,3.0065414997843224e-08
-107374183.03956442,14364.649936263768
-0.0004245979702079486,8.222865536553964e-08
-0.0004245979772119,3.0065414997843224e-08
-0.0004245979772119,3.0065414997843224e-08
-0.0004245979772119,3.0065414997843224e-08
-0.0004245979772119,3.0065414997843224e-08
-0.0004245979772119,3.0065414997843224e-08
-0.0004245979772119,3.006541499865979e-08
-0.0004245979772119,3.0065414997843224e-08
-0.0004245979772119,3.0065414997843224e-08
-0.0004245979772119,3.0065414997843224e-08
-0.0004245979772119,3.0065414997843224e-08
-0.0004245979772119,3.0065414997843224e-08
4.056481793778457e+29,-5.425478037323989e+25
-0.00042459797132613685,7.38375756090714e-08
-0.0004245979772119,3.0065414997843224e-08
-0.0004245979772119,3.0065414997843224e-08
-0.0004245979772119,3.0065414997843224e-08
-0.0004245979772119,3.0065414997843224e-08
-0.0004245979772119,3.0065414997843224e-08
-0.0004245979772119,3.0065414998531134e-08
-0.0004245979772119,3.0065414997843224e-08
-0.0004245979772119,3.0065414997843224e-08
-0.0004245979772119,3.0065414997843224e-08
-0.0004245979772119,3.0065414997843224e-08
-0.0004245979772119,3.0065414997843224e-08
4.769569950889839e-05,3.5312108978341894
-0.0004245979667742489,1.0784921680765896e-07
-0.0004245979772119,3.0065414997843224e-08
-0.0004245979772119,3.0065414997843224e-08
-0.0004245979772119,3.0065414997843224e-08
-0.0004245979772119,3.0065414997843224e-08
-0.0004245979772119,3.0065414997843224e-08
-0.0004245979772119,3.006541499862939e-08
-0.0004245979772119,3.0065414997843224e-08
-0.0004245979772119,3.0065414997843224e-08
-0.0004245979772119,3.0065414997843224e-08
-0.0004245979772119,3.0065414997843224e-08
-0.0004245979772119,3.0065414997843224e-08
-107374183.0395639,14364.653842513733
-0.00042459796109086973,1.502426189928726e-07
-0.0004245979772119,3.0065414997843224e-08
-0.0004245979772119,3.0065414997843224e-08
-0.0004245979772119,3.0065414997843224e-08
-0.0004245979772119,3.0065414997843224e-08
-0.0004245979772119,3.0065414997843224e-08
-0.0004245979772119,3.0065414998758264e-08
-0.0004245979772119,3.0065414997843224e-08
-0.0004245979772119,3.0065414997843224e-08
-0.0004245979772119,3.0065414997843224e-08
-0.0004245979772119,3.0065414997843224e-08
-0.0004245979772119,3.0065414997843224e-08
4.056481793778457e+29,-5.425478037323989e+25
-0.0004245979491266208,2.39649556933734e-07
-0.0004245979772119,3.0065414997843224e-08
-0.0004245979772119,3.0065414997843224e-08
-0.0004245979772119,3.0065414997843224e-08
-0.0004245979772119,3.0065414997843224e-08
-0.0004245979772119,3.0065414997843224e-08
-0.0004245979772119,3.006541499885991e-08
-0.0004245979772119,3.0065414997843224e-08
-0.0004245979772119,3.0065414997843224e-08
-0.0004245979772119,3.0065414997843224e-08
-0.0004245979772119,3.0065414997843224e-08
-0.0004245979772119,3.0065414997843224e-08
4.821815405131103e-05,3.5351171477992507
-0.00042459792707499823,4.0453015885181225e-07
-0.0004245979772119,3.0065414997843224e-08
-0.0004245979772119,3.0065414997843224e-08
-0.0004245979772119,3.0065414997843224e-08
-0.0004245979772119,3.0065414997843224e-08
-0.0004245979772119,3.0065414997843224e-08
-0.0004245979772119,3.0065414999184924e-08
-0.0004245979772119,3.0065414997843224e-08
-0.0004245979772119,3.0065414997843224e-08
-0.0004245979772119,3.0065414997843224e-08
-0.0004245979772119,3.0065414997843224e-08
-0.0004245979772119,3.0065414997843224e-08
-2.3021535553652785e+20,3.0790927183103252e+16
-0.00042459789391237465,6.523352042257308e-07
-0.0004245979772119,3.0065414997843224e-08
-0.0004245979772119,3.0065414997843224e-08
-0.0004245979772119,3.0065414997843224e-08
-0.0004245979772119,3.0065414997843224e-08
-0.0004245979772119,3.0065414997843224e-08
-0.0004245979772119,3.006541499957843e-08
-0.0004245979772119,3.0065414997843224e-08
-0.0004245979772119,3.0065414997843224e-08
-0.0004245979772119,3.0065414997843224e-08
-0.0004245979772119,3.0065414997843224e-08
-0.0004245979772119,3.0065414997843224e-08
4.856557481501653e-05,3.537714718195329
-0.00042459784257520083,1.0361859617471228e-06
-0.0004245979772119,3.0065414997843224e-08
-0.0004245979772119,3.0065414997843224e-08
-0.0004245979772119,3.0065414997843224e-08
-0.0004245979772119,3.0065414997843224e-08
-0.0004245979772119,3.0065414997843224e-08
-0.0004245979772119,3.006541500032382e-08
-0.0004245979772119,3.0065414997843224e-08
-0.0004245979772119,3.0065414997843224e-08
-0.0004245979772119,3.0065414997843224e-08
-0.0004245979772119,3.0065414997843224e-08
-0.0004245979772119,3.0065414997843224e-08
4.874060859372367e-05,3.539023397764312
-0.00042459782568682086,1.1625536555933623e-06
-0.0004245979772119,3.0065414997843224e-08
-0.0004245979772119,3.0065414997843224e-08
-0.0004245979772119,3.0065414997843224e-08
-0.0004245979772119,3.0065414997843224e-08
-0.0004245979772119,3.0065414997843224e-08
-0.0004245979772119,3.006541500032346e-08
-0.0004245979772119,3.0065414997843224e-08
-0.0004245979772119,3.0065414997843224e-08
-0.0004245979772119,3.0065414997843224e-08
-0.0004245979772119,3.0065414997843224e-08
-0.0004245979772119,3.0065414997843224e-08
-2.3021535553652785e+20,3.0790927183103252e+16
-0.0004245977259798518,1.9079042248502077e-06
-0.0004245979772119,3.0065414997843224e-08
-0.0004245979772119,3.0065414997843224e-08
-0.0004245979772119,3.0065414997843224e-08
-0.0004245979772119,3.0065414997843224e-08
-0.0004245979772119,3.0065414997843224e-08
-0.0004245979772119,3.006541500182791e-08
-0.0004245979772119,3.0065414997843224e-08
-0.0004245979772119,3.0065414997843224e-08
-0.0004245979772119,3.0065414997843224e-08
-0.0004245979772119,3.0065414997843224e-08
-0.0004245979772119,3.0065414997843224e-08
4.908541453366958e-05,3.5416014178370783
-0.0004245976462262648,2.504243183504502e-06
-0.0004245979772119,3.0065414997843224e-08
-0.0004245979772119,3.0065414997843224e-08
-0.0004245979772119,3.0065414997843224e-08
-0.0004245979772119,3.0065414997843224e-08
-0.0004245979772119,3.0065414997843224e-08
-0.0004245979772119,3.006541500124503e-08
-0.0004245979772119,3.0065414997843224e-08
-0.0004245979772119,3.0065414997843224e-08
-0.0004245979772119,3.0065414997843224e-08
-0.0004245979772119,3.0065414997843224e-08
-0.0004245979772119,3.0065414997843224e-08
0.05879925977379513,3.542902239689764
-0.0004245975465648668,3.2493012365313677e-06
-0.0004245979772119,3.0065414997843224e-08
-0.0004245979772119,3.0065414997843224e-08
-0.0004245979772119,3.0065414997843224e-08
-0.0004245979772119,3.0065414997843224e-08
-0.0004245979772119,3.0065414997843224e-08
-0.0004245979772119,3.0065415002315796e-08
-0.0004245979772119,3.0065414997843224e-08
-0.0004245979772119,3.0065414997843224e-08
-0.0004245979772119,3.0065414997843224e-08
-0.0004245979772119,3.0065414997843224e-08
-0.0004245979772119,3.0065414997843224e-08
-4.932681909591636e+32,6.597381358062709e+28
-0.0004245974468153425,3.9949452315133044e-06
-0.0004245979772119,3.0065414997843224e-08
-0.0004245979772119,3.0065414997843224e-08
-0.0004245979772119,3.0065414997843224e-08
-0.0004245979772119,3.0065414997843224e-08
-0.0004245979772119,3.0065414997843224e-08
-0.0004245979772119,3.006541500348129e-08
-0.0004245979772119,3.0065414997843224e-08
-0.0004245979772119,3.0065414997843224e-08
-0.0004245979772119,3.0065414997843224e-08
-0.0004245979772119,3.0065414997843224e-08
-0.0004245979772119,3.0065414997843224e-08
4.960786907608222e-05,3.5455076678021396
-0.00042459719967328325,5.8426892030223675e-06
-0.0004245979772119,3.0065414997843224e-08
-0.0004245979772119,3.0065414997843224e-08
-0.0004245979772119,3.0065414997843224e-08
-0.0004245979772119,3.0065414997843224e-08
-0.0004245979772119,3.0065414997843224e-08
-0.0004245979772119,3.0065415007059366e-08
-0.0004245979772119,3.0065414997843224e-08
-0.0004245979772119,3.0065414997843224e-08
-0.0004245979772119,3.0065414997843224e-08
-0.0004245979772119,3.0065414997843224e-08
-0.0004245979772119,3.0065414997843224e-08
0.058799782228337545,3.546808489654825
-0.0004245970043326807,7.30300162271239e-06
-0.0004245979772119,3.0065414997843224e-08
-0.0004245979772119,3.0065414997843224e-08
-0.0004245979772119,3.0065414997843224e-08
-0.0004245979772119,3.0065414997843224e-08
-0.0004245979772119,3.0065414997843224e-08
-0.0004245979772119,3.0065415005162025e-08
-0.0004245979772119,3.0065414997843224e-08
-0.0004245979772119,3.0065414997843224e-08
-0.0004245979772119,3.0065414997843224e-08
-0.0004245979772119,3.0065414997843224e-08
-0.0004245979772119,3.0065414997843224e-08
-4.932681909591636e+32,6.597381358062709e+28
-0.00042459651785175503,1.0940060898125578e-05
-0.0004245979772119,3.0065414997843224e-08
-0.0004245979772119,3.0065414997843224e-08
-0.0004245979772119,3.0065414997843224e-08
-0.0004245979772119,3.0065414997843224e-08
-0.0004245979772119,3.0065414997843224e-08
-0.0004245979772119,3.006541500180078e-08
-0.0004245979772119,3.0065414997843224e-08
-0.0004245979772119,3.0065414997843224e-08
-0.0004245979772119,3.0065414997843224e-08
-0.0004245979772119,3.0065414997843224e-08
-0.0004245979772119,3.0065414997843224e-08
5.012767503429318e-05,3.549394367443894
-0.00042459700431184567,7.302128053040736e-06
-0.0004245979772119,3.0065414997843224e-08
-0.0004245979772119,3.0065414997843224e-08
-0.0004245979772119,3.0065414997843224e-08
-0.0004245979772119,3.0065414997843224e-08
-0.0004245979772119,3.0065414997843224e-08
-0.0004245979772119,3.006541500106884e-08
-0.0004245979772119,3.0065414997843224e-08
-0.0004245979772119,3.0065414997843224e-08
-0.0004245979772119,3.0065414997843224e-08
-0.0004245979772119,3.0065414997843224e-08
-0.0004245979772119,3.0065414997843224e-08
126443838357.04686,-16911652.974250868
-0.0004245968287675457,8.613721719403789e-06
-0.0004245979772119,3.0065414997843224e-08
-0.0004245979772119,3.0065414997843224e-08
-0.0004245979772119,3.0065414997843224e-08
-0.0004245979772119,3.0065414997843224e-08
-0.0004245979772119,3.0065414997843224e-08
-0.0004245979772119,3.006541500104174e-08
-0.0004245979772119,3.0065414997843224e-08
-0.0004245979772119,3.0065414997843224e-08
-0.0004245979772119,3.0065414997843224e-08
-0.0004245979772119,3.0065414997843224e-08
-0.0004245979772119,3.0065414997843224e-08
5.0475161473820176e-05,3.5519921762585445
-0.00042459658948624715,1.0401832852319697e-05
-0.0004245979772119,3.0065414997843224e-08
-0.0004245979772119,3.0065414997843224e-08
-0.0004245979772119,3.0065414997843224e-08
-0.0004245979772119,3.0065414997843224e-08
-0.0004245979772119,3.0065414997843224e-08
-0.0004245979772119,3.006541500250553e-08
-0.0004245979772119,3.0065414997843224e-08
-0.0004245979772119,3.0065414997843224e-08
-0.0004245979772119,3.0065414997843224e-08
-0.0004245979772119,3.0065414997843224e-08
-0.0004245979772119,3.0065414997843224e-08
5.065012957670582e-05,3.553300617408955
-0.00042459625458219117,1.2905181526254175e-05
-0.0004245979772119,3.0065414997843224e-08
-0.0004245979772119,3.0065414997843224e-08
-0.0004245979772119,3.0065414997843224e-08
-0.0004245979772119,3.0065414997843224e-08
-0.0004245979772119,3.0065414997843224e-08
-0.0004245979772119,3.0065415003047394e-08
-0.0004245979772119,3.0065414997843224e-08
-0.0004245979772119,3.0065414997843224e-08
-0.0004245979772119,3.0065414997843224e-08
-0.0004245979772119,3.0065414997843224e-08
-0.0004245979772119,3.0065414997843224e-08
2.7200829977460495e+23,-3.6380665103942963e+19
-0.00042459572815055786,1.683962646707494e-05
-0.0004245979772119,3.0065414997843224e-08
-0.0004245979772119,3.0065414997843224e-08
-0.0004245979772119,3.0065414997843224e-08
-0.0004245979772119,3.0065414997843224e-08
-0.0004245979772119,3.0065414997843224e-08
-0.00042459797721189997,3.006541500613785e-08
-0.0004245979772119,3.0065414997843224e-08
-0.0004245979772119,3.0065414997843224e-08
-0.0004245979772119,3.0065414997843224e-08
-0.0004245979772119,3.0065414997843224e-08
-0.0004245979772119,3.0065414997843224e-08
5.0995001192473226e-05,3.5558788759002944
-0.00042459797613180915,3.0065414854094374e-08
-0.0004245979772119,3.0065414997843224e-08
-0.0004245979772119,3.0065414997843224e-08
-0.0004245979772119,3.0065414997843224e-08
-0.0004245979772119,3.0065414997843224e-08
-0.0004245979772119,3.0065414997843224e-08
-0.00042459797721189997,3.0065415027335436e-08
-0.0004245979772119,3.0065414997843224e-08
-0.0004245979772119,3.0065414997843224e-08
-0.0004245979772119,3.0065414997843224e-08
-0.0004245979772119,3.0065414997843224e-08
-0.0004245979772119,3.0065414997843224e-08
-71.67994849404442,3.5667743997411527
-0.00042459341574613567,3.412613381251331e-05
-0.0004245979772119,3.0065414997843224e-08
-0.0004245979772119,3.0065414997843224e-08
-0.0004245979772119,3.0065414997843224e-08
-0.0004245979772119,3.0065414997843224e-08
-0.0004245979772119,3.0065414997843224e-08
-0.00042459797721189997,3.0065415047501596e-08
-0.0004245979772119,3.0065414997843224e-08
-0.0004245979772119,3.0065414997843224e-08
-0.0004245979772119,3.0065414997843224e-08
-0.0004245979772119,3.0065414997843224e-08
-0.0004245979772119,3.0065414997843224e-08
5.848603097450632e+35,-7.822410962847391e+31
-0.00042459797721189997,3.006541500356264e-08
-0.0004245979772119,3.0065414997843224e-08
-0.0004245979772119,3.0065414997843224e-08
-0.0004245979772119,3.0065414997843224e-08
-0.0004245979772119,3.0065414997843224e-08
-0.0004245979772119,3.0065414997843224e-08
-0.00042459797721189997,3.00654150650676e-08
-0.0004245979772119,3.00654149982261e-08
-0.0004245979772119,3.0065414997843224e-08
-0.0004245979772119,3.0065414997843224e-08
-0.0004245979772119,3.0065414997843224e-08
-0.0004245979772119,3.0065414997843224e-08
5.1517455734885866e-05,3.5597851258653557
-0.0004245979746396035,3.0065414653819926e-08
-0.0004245979772119,3.0065414997843224e-08
-0.0004245979772119,3.0065414997843224e-08
-0.0004245979772119,3.0065414997843224e-08
-0.0004245979772119,3.0065414997843224e-08
-0.0004245979772119,3.0065414997843224e-08
-0.0004245979772118999,3.00654151218836e-08
-0.0004245979772119,3.006541499817528e-08
-0.0004245979772119,3.0065414997940236e-08
-0.0004245979772119,3.0065414997843224e-08
-0.0004245979772119,3.0065414997843224e-08
-0.0004245979772119,3.0065414997843224e-08
-151996492104047.9,20329282164.41277
-0.00042459797422748913,3.006541459871958e-08
-0.0004245979772119,3.0065414997843224e-08
-0.0004245979772118998,3.00654149978432e-08
-0.0004245979772119,3.0065414997843224e-08
-0.0004245979772119,3.0065414997843224e-08
-0.0004245979772119,3.0065414997843224e-08
-0.0004245979772118999,3.0065415141832935e-08
-0.0004245979772119,3.0065414998210856e-08
-0.0004245979772119,3.0065414997935154e-08
-0.0004245979772119,3.0065414997843224e-08
-0.0004245979772119,3.0065414997843224e-08
-0.0004245979772119,3.0065414997843224e-08
5.186226170211659e-05,3.5623631459381224
-0.00042459797311891154,3.006541445140888e-08
-0.0004245979772119,3.006541499798048e-08
-0.0004245979772119,3.0065414997843224e-08
-0.0004245979772119,3.0065414997843224e-08
-0.0004245979772119,3.0065414997843224e-08
-0.0004245979772119,3.0065414997843224e-08
-0.0004245979772118999,3.006541520168087e-08
-0.0004245979772119,3.006541499784623e-08
-0.00042459797721189997,3.0065414998013524e-08
-0.0004245979772119,3.0065414997843224e-08
-0.0004245979772119,3.0065414997843224e-08
-0.0004245979772119,3.0065414997843224e-08
5.207901870379791e-05,3.563671825501525
-0.0004245979772119,3.006541499789489e-08
-0.0004245979772119,3.006541499786748e-08
-0.0004245979772119,3.0065414997843224e-08
-0.0004245979772119,3.0065414997843224e-08
-0.0004245979772119,3.0065414997843224e-08
-0.0004245979772119,3.0065414997843224e-08
-0.00042459797721189986,3.006541536561988e-08
-0.0004245979772119,3.00654149978473e-08
-0.00042459797721189997,3.006541499784322e-08
-0.0004245979772119,3.0065414997843224e-08
-0.0004245979772119,3.0065414997843224e-08
-0.0004245979772119,3.0065414997843224e-08
-151996492104047.9,20329282164.416676
-0.0004245979772119,3.006541499788388e-08
-0.0004245979772119,3.0065414997843224e-08
-0.0004245979772119,3.0065414997843224e-08
-0.0004245979772119,3.0065414997843224e-08
-0.0004245979772119,3.006541499784372e-08
-0.0004245979772119,3.0065414997843224e-08
-0.0004245979772118999,3.006541499784321e-08
-0.0004245979772119,3.006541499784918e-08
-0.0004245979772118999,3.0065414997853905e-08
-0.0004245979772119,3.0065414997843224e-08
-0.0004245979772119,3.0065414997843224e-08
-0.0004245979772119,3.0065414997843224e-08
5.238471624452923e-05,3.5662693959031837
-0.0004245979772119,3.006541499786567e-08
-0.0004245979772119,3.006541499784534e-08
-0.0004245979772119,3.0065414997843224e-08
-0.0004245979772119,3.0065414997843224e-08
-0.0004245979772119,3.0065414997843224e-08
-0.0004245979772119,3.0065414997843224e-08
-0.00042459797721189997,3.006541499786927e-08
-0.0004245979772119,3.0065414997843224e-08
-0.0004245979772119,3.0065414997843224e-08
-0.0004245979772119,3.0065414997843224e-08
-0.0004245979772119,3.0065414997843224e-08
-0.0004245979772119,3.0065414997843224e-08
89128.96019285987,-8.353294083444103
-0.0004245979772119,3.006541499786525e-08
-0.0004245979772119,3.006541499784529e-08
-0.0004245979772119,3.0065414997843224e-08
-0.0004245979772119,3.0065414997843224e-08
-0.0004245979772119,3.0065414997843224e-08
-0.0004245979772119,3.0065414997843224e-08
-0.00042459797721189997,3.006541499785174e-08
-0.0004245979772119,3.006541499785466e-08
-0.0004245979772118999,3.006541499855491e-08
-0.0004245979772119,3.0065414997843224e-08
-0.0004245979772119,3.0065414997843224e-08
-0.0004245979772119,3.0065414997843224e-08
-3.21864395529427e+26,4.304883634926623e+22
-0.0004245979772119,3.006541499784942e-08
-0.0004245979772119,3.0065414997845103e-08
-0.0004245979772119,3.0065414997843224e-08
-0.0004245979772119,3.0065414997843224e-08
-0.0004245979772119,3.0065414997843224e-08
-0.0004245979772119,3.0065414997843224e-08
-0.00042459797721189997,3.006541499784322e-08
-0.0004245979772119,3.00654149978545e-08
-0.0004245979772119,3.006541499954445e-08
-0.0004245979772119,3.0065414997843224e-08
-0.0004245979772119,3.0065414997843224e-08
-0.0004245979772119,3.0065414997843224e-08
5.290717078694187e-05,3.570175645868245
-0.0004245979772119,3.0065414997849444e-08
-0.0004245979772119,3.006541499785609e-08
-0.0004245979772119,3.0065414997843224e-08
-0.0004245979772119,3.0065414997843224e-08
-0.0004245979772119,3.0065414997843224e-08
-0.0004245979772119,3.0065414997843224e-08
-0.0004245979772119,3.006541499793936e-08
-0.0004245979772119,3.0065414997844594e-08
-0.0004245979772119,3.0065414997843224e-08
-0.0004245979772119,3.0065414997843224e-08
-0.0004245979772119,3.0065414997843224e-08
-0.0004245979772119,3.0065414997843224e-08
89128.96019338231,-8.349387833479042
-0.00042459797721189997,3.006541499788367e-08
-0.0004245979772119,3.006541499788007e-08
-0.0004245979772119,3.0065414997843224e-08
-0.0004245979772119,3.0065414997843224e-08
-0.0004245979772119,3.0065414997843224e-08
-0.0004245979772119,3.0065414997843224e-08
-0.0004245979772119,3.006541499980846e-08
-0.0004245979772119,3.006541499784396e-08
-0.0004245979772119,3.0065414997843224e-08
-0.0004245979772119,3.0065414997843224e-08
-0.0004245979772119,3.0065414997843224e-08
-0.0004245979772119,3.0065414997843224e-08
-3.21864395529427e+26,4.304883634926623e+22
-0.00042459797721189737,3.006541499789539e-08
-0.00042459797721189997,3.006541499787457e-08
-0.0004245979772119,3.0065414997843224e-08
-0.0004245979772119,3.0065414997843224e-08
-0.0004245979772119,3.0065414997843224e-08
-0.0004245979772119,3.0065414997843224e-08
-0.0004245979772119,3.0065414997843224e-08
-0.0004245979772119,3.006541499784804e-08
-0.0004245979772118829,3.0065414997843753e-08
-0.0004245979772119,3.0065414997843224e-08
-0.0004245979772119,3.0065414997843224e-08
-0.0004245979772119,3.0065414997843224e-08
5.342701050557155e-05,3.5740623455099945
-0.0004245979772118986,3.006541499789471e-08
-0.0004245979772119,3.0065414997843224e-08
-0.0004245979772064044,3.00654149971082e-08
-0.0004245979772119,3.0065414997843224e-08
-0.0004245979772119,3.0065414997843224e-08
-0.0004245979772119,3.0065414997843224e-08
-0.0004245979772119,3.006541499826845e-08
-0.0004245979772119,3.006541499784714e-08
-0.0004245979772119,3.0065414997843224e-08
-0.0004245979772119,3.0065414997843224e-08
-0.0004245979772119,3.0065414997843224e-08
-0.0004245979772119,3.0065414997843224e-08
1.9023205411777728e+17,-25443226028866.816
-0.0004245979772119,3.006541499789659e-08
-0.0004245979772119,3.0065414997843224e-08
-0.00042459797720723524,3.006541591361739e-08
-0.0004245979772119,3.0065414997843224e-08
-0.0004245979772119,3.0065414997843224e-08
-0.0004245979772119,3.0065414997843224e-08
-0.0004245979772119,3.006541499833114e-08
-0.0004245979772119,3.006541499784709e-08
-0.0004245979772118992,3.006542007868855e-08
-0.0004245979772119,3.0065414997843224e-08
-0.0004245979772119,3.0065414997843224e-08
-0.0004245979772119,3.0065414997843224e-08
5.3774463184679824e-05,3.5766601543246495
-0.0004245979772119,3.006541499788769e-08
-0.0004245979772118999,3.006541570578176e-08
-0.00042459797721189997,3.00654154699203e-08
-0.0004245979772119,3.0065414997843224e-08
-0.0004245979772119,3.0065414997843224e-08
-0.0004245979772119,3.0065414997843224e-08
-0.0004245979772119,3.006541499789426e-08
-0.0004245979772119,3.006541499784722e-08
-0.0004245979772117999,3.006541757988465e-08
-0.0004245979772119,3.0065414997843224e-08
-0.0004245979772119,3.0065414997843224e-08
-0.0004245979772119,3.0065414997843224e-08
5.394946504798419e-05,3.5779685954750557
-0.0004245979772119,3.006541499785577e-08
-0.0004245979772119,3.006541499845664e-08
-0.00042459797721074773,3.006541499768911e-08
-0.0004245979772119,3.0065414997843224e-08
-0.0004245979772119,3.0065414997843224e-08
-0.0004245979772119,3.0065414997843224e-08
-0.0004245979772119,3.0065414997925386e-08
-0.0004245979772119,3.006541499787499e-08
-0.0004245979772091797,3.006541701054405e-08
-0.0004245979772119,3.0065414997843224e-08
-0.0004245979772119,3.0065414997843224e-08
-0.0004245979772119,3.0065414997843224e-08
1.9023205411777728e+17,-25443226028866.812
-0.0004245979772119,3.006541499787732e-08
-0.0004245979772119,3.0065414997862606e-08
-0.00042459797721082406,3.0065414997699314e-08
-0.0004245979772119,3.0065414997843224e-08
-0.0004245979772119,3.0065414997843224e-08
-0.0004245979772119,3.0065414997843224e-08
-0.0004245979772119,3.006541499814986e-08
-0.0004245979772119,3.0065414997848306e-08
-0.00042459797721189975,3.00654168443744e-08
-0.0004245979772119,3.0065414997843224e-08
-0.0004245979772119,3.0065414997843224e-08
-0.0004245979772119,3.0065414997843224e-08
5.4294302903332874e-05,3.5805468539663994
-0.0004245979772118999,3.0065414997870104e-08
-0.0004245979772118999,3.006541499787456e-08
-0.0004245979772117083,3.006541499781758e-08
-0.0004245979772119,3.0065414997843224e-08
-0.0004245979772119,3.0065414997843224e-08
-0.0004245979772119,3.0065414997843224e-08
-0.0004245979772119,3.006541499857509e-08
-0.00042459797721189997,3.006541499786556e-08
-0.00042459797719818584,3.0065414996008974e-08
-0.0004245979772119,3.0065414997843224e-08
-0.0004245979772119,3.0065414997843224e-08
-0.0004245979772119,3.0065414997843224e-08
-107374183.03955731,14364.703158919541
-0.0004245979772119,3.006541499791056e-08
-0.000424597977211899,3.006542227255174e-08
-0.000424597977211029,3.0065414997726724e-08
-0.0004245979772119,3.0065414997843224e-08
-0.0004245979772119,3.0065414997843224e-08
-0.0004245979772119,3.0065414997843224e-08
-0.0004245979772119,3.006541499791226e-08
-0.0004245979772118999,3.006541499784694e-08
-0.0004245979772000732,3.006541499626141e-08
-0.0004245979772119,3.0065414997843224e-08
-0.0004245979772119,3.0065414997843224e-08
-0.0004245979772119,3.0065414997843224e-08
4.056481793778457e+29,-5.425478037323989e+25
-0.0004245979772119,3.0065414998642856e-08
-0.0004245979772118999,3.0065414998044e-08
-0.0004245979772119,3.0065414997843224e-08
-0.0004245979772119,3.0065414997843224e-08
-0.0004245979772119,3.0065414997843224e-08
-0.0004245979772119,3.0065414997843224e-08
-0.0004245979772118998,3.006541499786003e-08
-0.00042459797721189997,3.0065414997847505e-08
-0.0004245979772119,3.0065414997843224e-08
-0.0004245979772119,3.0065414997843224e-08
-0.0004245979772119,3.0065414997843224e-08
-0.0004245979772119,3.0065414997843224e-08
5.4814142649270686e-05,3.5844335536081493
-0.00042459781531361504,3.0065393345195084e-08
-0.0004245979772118946,3.006541499804498e-08
-0.0004245979772119,3.0065414997843224e-08
-0.0004245979772119,3.0065414997843224e-08
-0.0004245979772119,3.0065414997843224e-08
-0.0004245979772119,3.0065414997843224e-08
-0.0004245979772118999,3.0065415080680015e-08
-0.00042459797721189997,3.006541499784322e-08
-0.0004245979772119,3.0065414997843224e-08
-0.0004245979772119,3.0065414997843224e-08
-0.0004245979772119,3.0065414997843224e-08
-0.0004245979772119,3.0065414997843224e-08
-107374183.03955677,14364.707065169507
-0.00042459776711042404,3.006538689713814e-08
-0.0004245979772118996,3.0065418412463606e-08
-0.0004245979772119,3.0065414997843224e-08
-0.0004245979772119,3.0065414997843224e-08
-0.0004245979772119,3.0065414997843224e-08
-0.0004245979772119,3.0065414997843224e-08
-0.0004245979772118997,3.0065416073431885e-08
-0.0004245979772119,3.0065414997843224e-08
-0.0004245979772119,3.0065414997843224e-08
-0.0004245979772119,3.0065414997843224e-08
-0.0004245979772119,3.0065414997843224e-08
-0.0004245979772119,3.0065414997843224e-08
5.5161563412976236e-05,3.5870311240042274
-0.0004245979772119,3.006541499784322e-08
-0.0004245979772119,3.006541499797286e-08
-0.0004245979772119,3.0065414997843224e-08
-0.0004245979772119,3.0065414997843224e-08
-0.0004245979772119,3.0065414997843224e-08
-0.0004245979772119,3.0065414997843224e-08
-0.00042459797721189954,3.006541760698757e-08
-0.00042459797721189964,3.006541504706831e-08
-0.0004245979772119,3.0065414997843224e-08
-0.0004245979772119,3.0065414997843224e-08
-0.0004245979772119,3.0065414997843224e-08
-0.0004245979772119,3.0065414997843224e-08
5.5336597191683325e-05,3.5883398035732106
-0.00042459792696026774,3.006540827676962e-08
-0.0004245979772118998,3.006541660107022e-08
-0.0004245979772119,3.0065414997843224e-08
-0.0004245979772119,3.0065414997843224e-08
-0.0004245979772119,3.0065414997843224e-08
-0.0004245979772119,3.0065414997843224e-08
-0.0004245979772118999,3.006541499784321e-08
-0.0004245979772119,3.0065414997843224e-08
-0.0004245979772119,3.0065414997843224e-08
-0.0004245979772119,3.0065414997843224e-08
-0.0004245979772119,3.0065414997843224e-08
-0.0004245979772119,3.0065414997843224e-08
-2.3021535553652785e+20,3.0790927183103252e+16
-0.0004245979237770398,3.0065407851018084e-08
-0.0004245979772119,3.0065414997843224e-08
-0.0004245979772119,3.0065414997843224e-08
-0.0004245979772119,3.0065414997843224e-08
-0.0004245979772119,3.0065414997843224e-08
-0.0004245979772119,3.0065414997843224e-08
-0.00042459797721189975,3.0065416496704526e-08
-0.0004245979772119,3.0065414997843224e-08
-0.0004245979772119,3.0065414997843224e-08
-0.0004245979772119,3.0065414997843224e-08
-0.0004245979772119,3.0065414997843224e-08
-0.0004245979772119,3.0065414997843224e-08
5.5684017955388875e-05,3.5909373739692887
-0.0004245969075805261,3.0065271936396824e-08
-0.0004245979772119,3.0065414997843224e-08
-0.0004245979772119,3.0065414997843224e-08
-0.0004245979772119,3.0065414997843224e-08
-0.0004245979772119,3.0065414997843224e-08
-0.0004245979772119,3.0065414997843224e-08
-0.00042459797721189975,3.0065416163637413e-08
-0.0004245979772119,3.0065414997843224e-08
-0.0004245979772119,3.0065414997843224e-08
-0.0004245979772119,3.0065414997843224e-08
-0.0004245979772119,3.0065414997843224e-08
-0.0004245979772119,3.0065414997843224e-08
5.5859051734095965e-05,3.592246053538272
-0.0004245979772119,3.0065414997843224e-08
-0.0004245979772119,3.0065414997843224e-08
-0.0004245979772119,3.0065414997843224e-08
-0.0004245979772119,3.0065414997843224e-08
-0.0004245979772119,3.0065414997843224e-08
-0.0004245979772119,3.0065414997843224e-08
-0.0004245979772118998,3.0065416038737535e-08
-0.0004245979772119,3.0065414997843224e-08
-0.0004245979772119,3.0065414997843224e-08
-0.0004245979772119,3.0065414997843224e-08
-0.0004245979772119,3.0065414997843224e-08
-0.0004245979772119,3.0065414997843224e-08
-4.932681909591636e+32,6.597381358062709e+28
-0.0004245979772119,3.0065414997843224e-08
-0.0004245979772119,3.0065414997843224e-08
-0.0004245979772119,3.0065414997843224e-08
-0.0004245979772119,3.0065414997843224e-08
-0.0004245979772119,3.0065414997843224e-08
-0.0004245979772119,3.0065414997843224e-08
-0.0004245979772118998,3.0065415858296065e-08
-0.0004245979772119,3.0065414997843224e-08
-0.0004245979772119,3.0065414997843224e-08
-0.0004245979772119,3.0065414997843224e-08
-0.0004245979772119,3.0065414997843224e-08
-0.0004245979772119,3.0065414997843224e-08
5.620385767404187e-05,3.5948240736110386
-0.0004245979772119,3.0065414997843224e-08
-0.0004245979772119,3.0065414997843224e-08
-0.0004245979772119,3.0065414997843224e-08
-0.0004245979772119,3.0065414997843224e-08
-0.0004245979772119,3.0065414997843224e-08
-0.0004245979772119,3.0065414997843224e-08
-0.0004245979772118998,3.006541588258214e-08
-0.0004245979772119,3.0065414997843224e-08
-0.0004245979772119,3.0065414997843224e-08
-0.0004245979772119,3.0065414997843224e-08
-0.0004245979772119,3.0065414997843224e-08
-0.0004245979772119,3.0065414997843224e-08
0.058806378216935504,3.5961248954637237
-0.0004245960125725775,3.0065152230547876e-08
-0.0004245979772119,3.0065414997843224e-08
-0.0004245979772119,3.0065414997843224e-08
-0.0004245979772119,3.0065414997843224e-08
-0.0004245979772119,3.0065414997843224e-08
-0.0004245979772119,3.0065414997843224e-08
-0.0004245979772118999,3.006541499784321e-08
-0.0004245979772119,3.0065414997843224e-08
-0.0004245979772119,3.0065414997843224e-08
-0.0004245979772119,3.0065414997843224e-08
-0.0004245979772119,3.0065414997843224e-08
-0.0004245979772119,3.0065414997843224e-08
-4.932681909591636e+32,6.597381358062709e+28
-0.0004245979772119,3.0065414997843224e-08
-0.0004245979772119,3.0065414997843224e-08
-0.0004245979772119,3.0065414997843224e-08
-0.0004245979772119,3.0065414997843224e-08
-0.0004245979772119,3.0065414997843224e-08
-0.0004245979772119,3.0065414997843224e-08
-0.0004245979772118998,3.0065415976287384e-08
-0.0004245979772119,3.0065414997843224e-08
-0.0004245979772119,3.0065414997843224e-08
-0.0004245979772119,3.0065414997843224e-08
-0.0004245979772119,3.0065414997843224e-08
-0.0004245979772119,3.0065414997843224e-08
5.6723663632252835e-05,3.5987107732527925
-0.0004245979772119,3.0065414997843224e-08
-0.0004245979772119,3.0065414997843224e-08
-0.0004245979772119,3.0065414997843224e-08
-0.0004245979772119,3.0065414997843224e-08
-0.0004245979772119,3.0065414997843224e-08
-0.0004245979772119,3.0065414997843224e-08
-0.00042459797721189986,3.0065415830540383e-08
-0.0004245979772119,3.0065414997843224e-08
-0.0004245979772119,3.0065414997843224e-08
-0.0004245979772119,3.0065414997843224e-08
-0.0004245979772119,3.0065414997843224e-08
-0.0004245979772119,3.0065414997843224e-08
2.7200829977460495e+23,-3.6380665103942963e+19
-0.0004245979772119,3.0065414997843224e-08
-0.0004245979772119,3.0065414997843224e-08
-0.0004245979772119,3.0065414997843224e-08
-0.0004245979772119,3.0065414997843224e-08
-0.0004245979772119,3.0065414997843224e-08
-0.0004245979772119,3.0065414997843224e-08
-0.00042459797721189986,3.006541577502934e-08
-0.0004245979772119,3.0065414997843224e-08
-0.0004245979772119,3.0065414997843224e-08
-0.0004245979772119,3.0065414997843224e-08
-0.0004245979772119,3.0065414997843224e-08
-0.0004245979772119,3.0065414997843224e-08
5.707115007177988e-05,3.601308582067443
-0.0004245979772119,3.0065414997843224e-08
-0.0004245979772119,3.0065414997843224e-08
-0.0004245979772119,3.0065414997843224e-08
-0.0004245979772119,3.0065414997843224e-08
-0.0004245979772119,3.0065414997843224e-08
