x,y
-2.3021534981236274e+20,5.986369989403386e+16
-0.0008255031011547,1.105823807076215e-07
-0.0008255031011547,1.105823807076215e-07
-0.0008255031011547,1.105823807076215e-07
-0.0008255031011547,1.105823807076215e-07
-0.0008255031011547,1.105823807076215e-07
-0.0008255031011547,1.105823807076215e-07
-0.0008255031011546997,1.105823814084797e-07
-0.0008255031011547,1.105823807076215e-07
-0.0008255031011547,1.105823807076215e-07
-0.0008255031011547,1.105823807076215e-07
-0.0008255031011547,1.105823807076215e-07
-0.0008255031011547,1.105823807076215e-07
0.00011143506719579115,3.6031443960370724
-0.0008255031011547,1.105823807076215e-07
-0.0008255031011547,1.105823807076215e-07
-0.0008255031011547,1.105823807076215e-07
-0.0008255031011547,1.105823807076215e-07
-0.0008255031011547,1.105823807076215e-07
-0.0008255031011547,1.105823807076215e-07
-0.0008255031011546997,1.1058238138072413e-07
-0.0008255031011547,1.105823807076215e-07
-0.0008255031011547,1.105823807076215e-07
-0.0008255031011547,1.105823807076215e-07
-0.0008255031011547,1.105823807076215e-07
-0.0008255031011547,1.105823807076215e-07
0.00011177536772471921,3.6044530755735162
-0.0008255031011547,1.105823807076215e-07
-0.0008255031011547,1.105823807076215e-07
-0.0008255031011547,1.105823807076215e-07
-0.0008255031011547,1.105823807076215e-07
-0.0008255031011547,1.105823807076215e-07
-0.0008255031011547,1.105823807076215e-07
-0.0008255031011546997,1.105823812488853e-07
-0.0008255031011547,1.105823807076215e-07
-0.0008255031011547,1.105823807076215e-07
-0.0008255031011547,1.105823807076215e-07
-0.0008255031011547,1.105823807076215e-07
-0.0008255031011547,1.105823807076215e-07
-2.3021534981236274e+20,5.986369989403386e+16
-0.0008255031011547,1.105823807076215e-07
-0.0008255031011547,1.105823807076215e-07
-0.0008255031011547,1.105823807076215e-07
-0.0008255031011547,1.105823807076215e-07
-0.0008255031011547,1.105823807076215e-07
-0.0008255031011547,1.105823807076215e-07
-0.0008255031011546997,1.105823811552102e-07
-0.0008255031011547,1.105823807076215e-07
-0.0008255031011547,1.105823807076215e-07
-0.0008255031011547,1.105823807076215e-07
-0.0008255031011547,1.105823807076215e-07
-0.0008255031011547,1.105823807076215e-07
0.00011244573922672364,3.607031095582182
-0.0008255031011547,1.105823807076215e-07
-0.0008255031011547,1.105823807076215e-07
-0.0008255031011547,1.105823807076215e-07
-0.0008255031011547,1.105823807076215e-07
-0.0008255031011547,1.105823807076215e-07
-0.0008255031011547,1.105823807076215e-07
-0.0008255031011546997,1.1058238113611317e-07
-0.0008255031011547,1.105823807076215e-07
-0.0008255031011547,1.105823807076215e-07
-0.0008255031011547,1.105823807076215e-07
-0.0008255031011547,1.105823807076215e-07
-0.0008255031011547,1.105823807076215e-07
0.058862783904455325,3.608324498151891
-0.0008255031011547,1.105823807076215e-07
-0.0008255031011547,1.105823807076215e-07
-0.0008255031011547,1.105823807076215e-07
-0.0008255031011547,1.105823807076215e-07
-0.0008255031011547,1.105823807076215e-07
-0.0008255031011547,1.105823807076215e-07
-0.0008255031011546997,1.1058238119337406e-07
-0.0008255031011547,1.105823807076215e-07
-0.0008255031011547,1.105823807076215e-07
-0.0008255031011547,1.105823807076215e-07
-0.0008255031011547,1.105823807076215e-07
-0.0008255031011547,1.105823807076215e-07
-4.932681786943494e+32,1.2826624393509261e+29
-0.0008255031011547,1.105823807076215e-07
-0.0008255031011547,1.105823807076215e-07
-0.0008255031011547,1.105823807076215e-07
-0.0008255031011547,1.105823807076215e-07
-0.0008255031011547,1.105823807076215e-07
-0.0008255031011547,1.105823807076215e-07
-0.0008255031011546997,1.1058238131133524e-07
-0.0008255031011547,1.105823807076215e-07
-0.0008255031011547,1.105823807076215e-07
-0.0008255031011547,1.105823807076215e-07
-0.0008255031011547,1.105823807076215e-07
-0.0008255031011547,1.105823807076215e-07
0.00011346149499624877,3.610937345450117
-0.0008255031011547,1.105823807076215e-07
-0.0008255031011547,1.105823807076215e-07
-0.0008255031011547,1.105823807076215e-07
-0.0008255031011547,1.105823807076215e-07
-0.0008255031011547,1.105823807076215e-07
-0.0008255031011547,1.105823807076215e-07
-0.0008255031011546997,1.1058238129398806e-07
-0.0008255031011547,1.105823807076215e-07
-0.0008255031011547,1.105823807076215e-07
-0.0008255031011547,1.105823807076215e-07
-0.0008255031011547,1.105823807076215e-07
-0.0008255031011547,1.105823807076215e-07
0.058863799660224855,3.6122307480198255
-0.0008255024135439215,1.1058220190579393e-07
-0.0008255031011547,1.105823807076215e-07
-0.0008255031011547,1.105823807076215e-07
-0.0008255031011547,1.105823807076215e-07
-0.0008255031011547,1.105823807076215e-07
-0.0008255031011547,1.105823807076215e-07
-0.0008255031011546997,1.1058238133562148e-07
-0.0008255031011547,1.105823807076215e-07
-0.0008255031011547,1.105823807076215e-07
-0.0008255031011547,1.105823807076215e-07
-0.0008255031011547,1.105823807076215e-07
-0.0008255031011547,1.105823807076215e-07
-4.932681786943494e+32,1.2826624393509261e+29
-0.0008255024790274269,1.1058221893369806e-07
-0.0008255031011547,1.105823807076215e-07
-0.0008255031011547,1.105823807076215e-07
-0.0008255031011547,1.105823807076215e-07
-0.0008255031011547,1.105823807076215e-07
-0.0008255031011547,1.105823807076215e-07
-0.0008255031011546997,1.105823812523547e-07
-0.0008255031011547,1.105823807076215e-07
-0.0008255031011547,1.105823807076215e-07
-0.0008255031011547,1.105823807076215e-07
-0.0008255031011547,1.105823807076215e-07
-0.0008255031011547,1.105823807076215e-07
0.00011447213326674021,3.614824044995235
-0.0008255031011547,1.105823807076215e-07
-0.0008255031011547,1.105823807076215e-07
-0.0008255031011547,1.105823807076215e-07
-0.0008255031011547,1.105823807076215e-07
-0.0008255031011547,1.105823807076215e-07
-0.0008255031011547,1.105823807076215e-07
-0.0008255031011546997,1.1058238126276314e-07
-0.0008255031011547,1.105823807076215e-07
-0.0008255031011547,1.105823807076215e-07
-0.0008255031011547,1.105823807076215e-07
-0.0008255031011547,1.105823807076215e-07
-0.0008255031011547,1.105823807076215e-07
126443835213.09763,-32879627.61096392
-0.0008255031011547,1.105823807076215e-07
-0.0008255031011547,1.105823807076215e-07
-0.0008255031011547,1.105823807076215e-07
-0.0008255031011547,1.105823807076215e-07
-0.0008255031011547,1.105823807076215e-07
-0.0008255031011547,1.105823807076215e-07
-0.0008255031011546997,1.1058238118296577e-07
-0.0008255031011547,1.105823807076215e-07
-0.0008255031011547,1.105823807076215e-07
-0.0008255031011547,1.105823807076215e-07
-0.0008255031011547,1.105823807076215e-07
-0.0008255031011547,1.105823807076215e-07
-4.932681786943494e+32,1.2826624393509261e+29
-0.0008255031011547,1.105823807076215e-07
-0.0008255031011547,1.105823807076215e-07
-0.0008255031011547,1.105823807076215e-07
-0.0008255031011547,1.105823807076215e-07
-0.0008255031011547,1.105823807076215e-07
-0.0008255031011547,1.105823807076215e-07
-0.0008255031011546997,1.1058238129398817e-07
-0.0008255031011547,1.105823807076215e-07
-0.0008255031011547,1.105823807076215e-07
-0.0008255031011547,1.105823807076215e-07
-0.0008255031011547,1.105823807076215e-07
-0.0008255031011547,1.105823807076215e-07
-71.67988239892873,3.637349944250939
-0.0008255031011547,1.105823807076215e-07
-0.0008255031011547,1.105823807076215e-07
-0.0008255031011547,1.105823807076215e-07
-0.0008255031011547,1.105823807076215e-07
-0.0008255031011547,1.105823807076215e-07
-0.0008255031011547,1.105823807076215e-07
-0.0008255031011546997,1.105823814258271e-07
-0.0008255031011547,1.105823807076215e-07
-0.0008255031011547,1.105823807076215e-07
-0.0008255031011547,1.105823807076215e-07
-0.0008255031011547,1.105823807076215e-07
-0.0008255031011547,1.105823807076215e-07
2.7200829301128368e+23,-7.073126459546564e+19
-0.0008255031011547,1.105823807076215e-07
-0.0008255031011547,1.105823807076215e-07
-0.0008255031011547,1.105823807076215e-07
-0.0008255031011547,1.105823807076215e-07
-0.0008255031011547,1.105823807076215e-07
-0.0008255031011547,1.105823807076215e-07
-0.0008255031011546996,1.1058238154725785e-07
-0.0008255031011547,1.105823807076215e-07
-0.0008255031011547,1.105823807076215e-07
-0.0008255031011547,1.105823807076215e-07
-0.0008255031011547,1.105823807076215e-07
-0.0008255031011547,1.105823807076215e-07
0.00011616344006140048,3.621328103613223
-0.0008255031011547,1.105823807076215e-07
-0.0008255031011547,1.105823807076215e-07
-0.0008255031011547,1.105823807076215e-07
-0.0008255031011547,1.105823807076215e-07
-0.0008255031011547,1.105823807076215e-07
-0.0008255031011547,1.105823807076215e-07
-0.0008255031011546996,1.1058238165137115e-07
-0.0008255031011547,1.105823807076215e-07
-0.0008255031011547,1.105823807076215e-07
-0.0008255031011547,1.105823807076215e-07
-0.0008255031011547,1.105823807076215e-07
-0.0008255031011547,1.105823807076215e-07
-71.67988138317295,3.641256194118874
-0.0008255031011547,1.105823807076215e-07
-0.0008255031011547,1.105823807076215e-07
-0.0008255031011547,1.105823807076215e-07
-0.0008255031011547,1.105823807076215e-07
-0.0008255031011547,1.105823807076215e-07
-0.0008255031011547,1.105823807076215e-07
-0.0008255031011546996,1.105823817346382e-07
-0.0008255031011547,1.105823807076215e-07
-0.0008255031011547,1.105823807076215e-07
-0.0008255031011547,1.105823807076215e-07
-0.0008255031011547,1.105823807076215e-07
-0.0008255031011547,1.105823807076215e-07
2.7200829301128368e+23,-7.073126459546564e+19
-0.0008255031011547,1.105823807076215e-07
-0.0008255031011547,1.105823807076215e-07
-0.0008255031011547,1.105823807076215e-07
-0.0008255031011547,1.105823807076215e-07
-0.0008255031011547,1.105823807076215e-07
-0.0008255031011547,1.105823807076215e-07
-0.0008255031011546995,1.1058238184566049e-07
-0.0008255031011547,1.105823807076215e-07
-0.0008255031011547,1.105823807076215e-07
-0.0008255031011547,1.105823807076215e-07
-0.0008255031011547,1.105823807076215e-07
-0.0008255031011547,1.105823807076215e-07
0.00011717411209233297,3.6252148031583324
-0.0008255031011547,1.105823807076215e-07
-0.0008255031011547,1.105823807076215e-07
-0.0008255031011547,1.105823807076215e-07
-0.0008255031011547,1.105823807076215e-07
-0.0008255031011547,1.105823807076215e-07
-0.0008255031011547,1.105823807076215e-07
-0.0008255031011546996,1.1058238172076029e-07
-0.0008255031011547,1.105823807076215e-07
-0.0008255031011547,1.105823807076215e-07
-0.0008255031011547,1.105823807076215e-07
-0.0008255031011547,1.105823807076215e-07
-0.0008255031011547,1.105823807076215e-07
-151996488324747.38,39524176690.52381
-0.0008255031011547,1.105823807076215e-07
-0.0008255031011547,1.105823807076215e-07
7.689477825985119e-06,3.204174282420023
-0.0008255031011547,1.105823807076215e-07
-0.0008255031011547,1.105823807076215e-07
-0.0008255031011547,1.105823807076215e-07
-0.0008255031011546996,1.105823817138214e-07
-0.0008255031011547,1.105823807076215e-07
-0.0008255031011547,1.105823807076215e-07
80.53614381994655,-0.020942198285640017
-0.0008255031011547,1.105823807076215e-07
-0.0008255031011547,1.105823807076215e-07
0.00011784448362162222,3.627792823166998
-0.0008255031011547,1.105823807076215e-07
-0.0008255031011547,1.105823807076215e-07
-0.0008255031011547,1.105823807076215e-07
-0.0008255031011547,1.105823807076215e-07
-0.0008255031011547,1.105823807076215e-07
-0.0008255031011547,1.105823807076215e-07
-0.0008255031011546995,1.1058238203301071e-07
-0.0008255031011547,1.105823807076215e-07
-0.0008255031011547,1.105823807076215e-07
105.53619638048882,-0.027443049097886803
-0.0008255031011547,1.105823807076215e-07
-0.0008255031011547,1.105823807076215e-07
0.00011822650737248715,3.629101502692592
-0.0008255031011547,1.105823807076215e-07
-0.0008255031011547,1.105823807076215e-07
-0.0008255031011547,1.105823807076215e-07
-0.0008255031011547,1.105823807076215e-07
-0.0008255031011547,1.105823807076215e-07
-0.0008255031011547,1.105823807076215e-07
-0.0008255031011546995,1.1058238206076618e-07
-0.0008255031011547,1.105823807076215e-07
-0.0008235822380627912,0.007387094170568697
-0.0008255031011547,1.105823807076215e-07
-0.0008255031011547,1.105823807076215e-07
-0.0008255031011547,1.105823807076215e-07
-151996488324747.38,39524176690.52772
-0.0008255031011547,1.105823807076215e-07
-0.0008255031011547,1.105823807076215e-07
0.000873386489418723,6.533349403705861
-0.0008255031011547,1.105823807076215e-07
-0.0008255031011547,1.105823807076215e-07
-0.0008255031011547,1.105823807076215e-07
-0.0008255031011546993,1.1058238277553374e-07
-0.0008255031011547,1.105823807076215e-07
-0.0008255031011547,1.105823807076215e-07
-0.0008255031011547,1.105823807076215e-07
-0.0008255031011547,1.105823807076215e-07
-0.0008255031011547,1.105823807076215e-07
0.00011886023939114735,3.6316990730349326
-0.0008255031011547,1.105823807076215e-07
-0.0008255031011547,1.105823807076215e-07
-0.0008252977009029677,0.0007900098182748834
-0.0008255031011547,1.105823807076215e-07
-0.0008255031011547,1.105823807076215e-07
-0.0008255031011547,1.105823807076215e-07
-0.0008255031011546992,1.1058238315023464e-07
-0.0008255031011547,1.105823807076215e-07
-0.0008254869749548003,6.212644103297461e-05
10.566325209278263,-0.0027477024522258014
-0.0008255031011547,1.105823807076215e-07
-0.0008255031011547,1.105823807076215e-07
89128.9580433607,-19.543525411587257
-0.0008255031011547,1.105823807076215e-07
-0.0008255031011547,1.105823807076215e-07
-0.0008232949963980797,7.085764585867786e-06
-0.0008255031011547,1.105823807076215e-07
-0.0008255031011547,1.105823807076215e-07
-0.0008255031011547,1.105823807076215e-07
-0.0008255031011546993,1.1058238267838923e-07
-0.0008255031011547,1.105823807076215e-07
-0.0008255031011547,1.105823807076215e-07
-0.0008255031011547,1.105823807076215e-07
-0.0008255031011547,1.105823807076215e-07
-0.0008255031011547,1.105823807076215e-07
-3.218643875264641e+26,8.369551864011527e+22
-0.0008255031011547,1.105823807076215e-07
-0.0008255031011547,1.105823807076215e-07
-0.0008255031011547,1.105823807076215e-07
-0.0008255031011547,1.105823807076215e-07
-0.0008255031011547,1.105823807076215e-07
-0.0008255031011547,1.105823807076215e-07
-0.0008255031011546991,1.1058238331676723e-07
-0.0008255031011547,1.105823807076215e-07
-0.0008254902406284631,5.335051432081191e-07
-0.0007286696400882072,8.540243828540755e-08
-0.0008255031011547,1.105823807076215e-07
-0.0008255031011547,1.105823807076215e-07
0.00011987599516067248,3.6356053229028675
-0.0008255031011547,1.105823807076215e-07
-0.0008255031011547,1.105823807076215e-07
-0.000825502581669062,2.1083467701393194e-06
-0.0008255031011547,1.105823807076215e-07
-0.0008255031011547,1.105823807076215e-07
-0.0008255031011547,1.105823807076215e-07
-0.0008255031011546997,1.1058238070762144e-07
-0.0008255031011547,1.105823807076215e-07
-0.0008255031011547,1.105823807076215e-07
-0.0008139949640394961,1.0758987969860769e-07
-0.0008255031011547,1.105823807076215e-07
-0.0008255031011547,1.105823807076215e-07
89128.95804437646,-19.539619161719322
-0.0008255031011547,1.105823807076215e-07
-0.0008255031011547,1.105823807076215e-07
-0.0008254572552425471,8.670574822996586e-07
-0.0008255031011547,1.105823807076215e-07
-0.0008255031011547,1.105823807076215e-07
-0.0008255031011547,1.105823807076215e-07
-0.0008255031011546997,1.1058238070762144e-07
-0.0008255031011547,1.105823807076215e-07
-0.0008255013254376311,1.105819189617223e-07
-0.0008191529825315169,1.089311372268563e-07
-0.0008255031011547,1.105823807076215e-07
-0.0008255031011547,1.105823807076215e-07
-3.218643875264641e+26,8.369551864011527e+22
-0.0008254925068287531,1.1057962582811591e-07
-0.0008255031009531563,1.1135744869119034e-07
-0.0008255030599685052,2.689704229191313e-07
-0.0008255031011547,1.105823807076215e-07
-0.0008255031011547,1.105823807076215e-07
-0.0008255031011547,1.105823807076215e-07
-0.0008255031011546997,1.1058238070762144e-07
-0.0008255031011547,1.105823807076215e-07
-0.000825502347363835,1.1264938739793987e-07
-0.000823058196215811,1.0994662355393743e-07
-0.0008255031011547,1.105823807076215e-07
-0.0008255031011547,1.105823807076215e-07
0.00012088666719158178,3.639492022447977
-0.0008255017914155382,1.1058204013158181e-07
-0.0008255031008443203,1.1177599476371775e-07
-0.0008254938987119594,1.322411502498663e-07
-0.0008255031011547,1.105823807076215e-07
-0.0008255031011547,1.105823807076215e-07
-0.0008255031011547,1.105823807076215e-07
-0.0008255031011546997,1.1058238070762143e-07
-0.0008255031011547,1.105823807076215e-07
-0.0008255031004191687,1.106094444586395e-07
-0.0008254043461627463,1.1055670110282464e-07
-0.0008255031011547,1.105823807076215e-07
-0.0008255031011547,1.105823807076215e-07
1.902320493877727e+17,-49466702911242.06
-0.0008255031011547,1.105823807076215e-07
-0.0008255031011547,1.105823807076215e-07
-0.0008254971504792032,1.5553297641713894e-07
-0.0008255031011547,1.105823807076215e-07
-0.0008255031011547,1.105823807076215e-07
-0.0008255031011547,1.105823807076215e-07
-0.0008255031011546996,1.1058238070762141e-07
-0.0008255031011547,1.105823807076215e-07
-0.0008255031010534116,1.1058242887759159e-07
-0.0008251471965915882,1.1048983360346703e-07
-0.0008255031011547,1.105823807076215e-07
-0.0008255031011547,1.105823807076215e-07
0.00012156218445629906,3.6420898311980388
-0.0008255031011547,1.105823807076215e-07
-0.0008255031011433451,1.1062604761651056e-07
-0.0008255031010680749,1.105823806850961e-07
-0.0008255031011547,1.105823807076215e-07
-0.0008255031011547,1.105823807076215e-07
-0.0008255031011547,1.105823807076215e-07
-0.0008255031011546996,1.1058238070762141e-07
-0.0008255031011547,1.105823807076215e-07
-0.000825503101111612,1.1058242422981928e-07
-0.0008255031011547,1.105823807076215e-07
-0.0008255031011547,1.105823807076215e-07
-0.0008255031011547,1.105823807076215e-07
0.0001219024229611069,3.6433982723159115
-0.0008255031011547,1.105823807076215e-07
-0.000825503101153776,1.1058593412027372e-07
-0.0008255031010893913,1.1058238069064372e-07
-0.0008255031011547,1.105823807076215e-07
-0.0008255031011547,1.105823807076215e-07
-0.0008255031011547,1.105823807076215e-07
-0.0008255031011546996,1.105823807076214e-07
-0.0008255031011547,1.105823807076215e-07
-0.0008255031011398091,1.1058241158063905e-07
-0.0008255031011547,1.1058238070762793e-07
-0.0008255031011547,1.105823807076215e-07
-0.0008255031011547,1.105823807076215e-07
1.902320493877727e+17,-49466702911242.055
-0.0008255031011547,1.105823807076215e-07
-0.0008255031011543655,1.105836671415365e-07
-0.0008255031011547,1.1058238070763939e-07
-0.0008255031011547,1.105823807076215e-07
-0.0008255031011547,1.105823807076215e-07
-0.0008255031011547,1.105823807076215e-07
-0.0008255031011546981,1.1058238637000342e-07
-0.0008255031011547,1.105823807076215e-07
-0.0008255031011522421,1.1058238378864397e-07
-0.0008255031011547,1.1058238070762626e-07
-0.0008255031011547,1.105823807076215e-07
-0.0008255031011547,1.105823807076215e-07
0.00012257285648723155,3.645976530743148
-0.0008255031011547,1.105823807076215e-07
-0.0008255031011547,1.105823807076215e-07
-0.0008255031011547,1.1058238070763145e-07
-0.0008255031011546999,1.1058238070764562e-07
-0.0008255031011547,1.105823807076215e-07
-0.0008255031011547,1.105823807076215e-07
-0.0008255031011546986,1.1058238445486962e-07
-0.0008255031011547,1.105823807076215e-07
-0.0008255031011523955,1.105823807072112e-07
-0.0008255031011547,1.1058238070762402e-07
-0.0008255031011547,1.105823807076215e-07
-0.0008255031011547,1.105823807076215e-07
7.28642689957062e-05,3.6472849848753914
-0.0008255026864083378,1.1058227285967924e-07
-0.0008253592196312573,0.0005534297943493982
-0.0008255031011547,1.1058238070763176e-07
-0.0008255031011547,1.1058238070764321e-07
-0.0008255031011547,1.105823807076215e-07
-0.0008255031011547,1.105823807076215e-07
-0.0008255031011546994,1.1058238153685006e-07
-0.0008255031011547,1.105823807076215e-07
-0.0008255031011546997,1.1058238070766592e-07
-0.0008255031011547,1.1058238070762442e-07
-0.0008255031011547,1.105823807076215e-07
-0.0008255031011547,1.105823807076215e-07
1.902320493877727e+17,-49466702911242.055
-0.0008255029383467439,1.1058233837210116e-07
-0.0008255031011547,1.105823807076215e-07
-0.0008255031011547,1.1058238070762431e-07
-0.0008255031011547,1.1058238070762365e-07
-0.0008255031011547,1.105823807076215e-07
-0.0008255031011547,1.105823807076215e-07
-0.0008255031011546994,1.1058238106325501e-07
-0.0004859758765687802,2.2293932977998183e-08
-0.0008255031011546996,1.1058238070762446e-07
-0.0008255031011547,1.1058238070762201e-07
-0.0008255031011547,1.105823807076215e-07
-0.0008255031011547,1.105823807076215e-07
0.00012358861225675668,3.649882780611083
-0.0008255030174769991,1.1058235894861727e-07
-0.0008255031011546999,1.105823810199575e-07
-0.0008255031011547,1.1058238070778333e-07
-0.0008255031011547,1.1058238070762344e-07
-0.0008255031011547,1.105823807076215e-07
-0.0008255031011547,1.105823807076215e-07
-0.0008255031011546994,1.1058238112570511e-07
-0.0008255031011547,1.105823807076215e-07
-0.0008255031011546997,1.1058238070762446e-07
-0.0008255031011547,1.1058238070762209e-07
-0.0008255031011547,1.105823807076215e-07
-0.0008255031011547,1.105823807076215e-07
-107374180.36969395,27924.533577061124
-0.0008255030885917766,1.1058237744084074e-07
-0.00019590100590810848,-5.3135246779930466e-08
-0.0008255031011547,1.1058238070762257e-07
-0.0008255031011547,1.1058238070762262e-07
-0.0008255031011547,1.105823807076215e-07
-0.0008255031011547,1.105823807076215e-07
-0.0008255031011546995,1.1058238104937728e-07
-0.0008255031011547,1.105823807076215e-07
-0.0008255031011546984,1.105823807076211e-07
-0.0008255031011547,1.1058238070762357e-07
-0.0008255031011547,1.105823807076215e-07
-0.0008255031011547,1.105823807076215e-07
4.056481692916499e+29,-1.0548210746517095e+26
-0.0008255030925708141,1.1058237847552371e-07
-0.0008255031011547,1.105823807076215e-07
-0.0008255031011547,1.1058238070762299e-07
-0.0008255031011547,1.105823807076226e-07
-0.0008255031011547,1.105823807076215e-07
-0.0008255031011547,1.105823807076215e-07
-0.0008255031011546995,1.10582380938355e-07
-0.0008255031011547,1.105823807076215e-07
-0.0008255031011546997,1.1058238070762415e-07
-0.0008255031011547,1.105823807076219e-07
-0.0008255031011547,1.105823807076215e-07
-0.0008255031011547,1.105823807076215e-07
0.0001245992843149741,3.653769480156192
-0.0008255030998756572,1.1058238037502756e-07
-0.0008255031011453553,1.1061831704711528e-07
-0.0008255031011547,1.1058238070762237e-07
-0.0008255031011547,1.1058238070762243e-07
-0.0008255031011547,1.105823807076215e-07
-0.0008255031011547,1.105823807076215e-07
-0.0008255031011546995,1.1058238090972428e-07
-0.0008255031011547,1.105823807076215e-07
-0.0008255031011546997,1.1058238070762454e-07
-0.0008255031011547,1.105823807076343e-07
-0.0008255031011547,1.105823807076215e-07
-0.0008255031011547,1.105823807076215e-07
-2.3021534981236274e+20,5.986369989403386e+16
-0.0008255030999751393,1.1058238040089623e-07
-0.0008255031011546996,1.1058238201247889e-07
-0.0008255031011547,1.105823807076215e-07
-0.0008255031011547,1.1058238070762306e-07
-0.0008255031011547,1.105823807076215e-07
-0.0008255031011547,1.105823807076215e-07
-0.0008255031011546997,1.1058238090365209e-07
-0.0008255031011547,1.105823807076215e-07
-0.0008255031011547,1.1058238070763568e-07
-0.0008255031011547,1.1058238070762864e-07
-0.0008255031011547,1.105823807076215e-07
-0.0008255031011547,1.105823807076215e-07
4.056481692916499e+29,-1.0548210746517095e+26
-0.0008255030951859157,1.1058237915553771e-07
-0.0008255031011545974,1.1058277514691793e-07
-0.0008255031011506737,1.105823807082826e-07
-0.0008255031011547,1.1058238070762257e-07
-0.0008255031011547,1.105823807076215e-07
-0.0008255031011547,1.105823807076215e-07
-0.0008255031011546999,1.1058238089844793e-07
-0.0008255031011547,1.105823807076215e-07
-0.0008255031011547,1.1058238070762333e-07
-0.0008255031011547,1.1058238070762349e-07
-0.0008255031011547,1.105823807076215e-07
-0.0008255031011547,1.105823807076215e-07
0.00012561504008449923,3.657675730024127
-0.000825503079553303,1.1058237509053493e-07
-0.0008255030838689907,1.1058241130681847e-07
-0.0008255031011546997,1.1058238150236215e-07
-0.0008255031011547,1.1058238070762269e-07
-0.0008255031011547,1.105823807076215e-07
-0.0008255031011547,1.105823807076215e-07
-0.0008255031011546999,1.1058238091319357e-07
-0.0008255031011547,1.105823807076215e-07
-0.0008255031011547,1.1058238070764299e-07
-0.0008255031011547,1.105823807076236e-07
-0.0008255031011547,1.105823807076215e-07
-0.0008255031011547,1.105823807076215e-07
-4.932681786943494e+32,1.2826624393509261e+29
-0.0008255030810311988,1.1058237547483734e-07
-0.0008255031007620422,1.1058238060551732e-07
-0.0008255031011547,1.105823807078062e-07
-0.0008255031011547,1.105823807076751e-07
-0.0008255031011547,1.105823807076215e-07
-0.0008255031011547,1.105823807076215e-07
-0.0008255031011546999,1.1058238086201931e-07
-0.0006280526084305373,5.92391916409982e-08
-0.0008255031011547,1.1058238070762373e-07
-0.0008255031011546189,1.1058238070760543e-07
-0.0008255031011547,1.105823807076215e-07
-0.0008255031011547,1.105823807076215e-07
0.00012628541158650366,3.6602537500327927
-0.0008255031011547,1.105823807076215e-07
-0.0008255031011540458,1.105848967376724e-07
-0.0008255031011546996,1.1058238070762797e-07
-0.0008255031011547,1.1058238070767065e-07
-0.0008255031011547,1.105823807076215e-07
-0.0008255031011547,1.105823807076215e-07
-0.0008255031011547,1.1058238075923129e-07
-0.0008255030994988392,1.1058238027704224e-07
-0.0008255031011547,1.1058238070762647e-07
-0.0008255031011546999,1.1058238104950695e-07
-0.0008255031011547,1.105823807076215e-07
-0.0008255031011547,1.105823807076215e-07
0.058876623576815106,3.661547152602502
-0.0008255031011535691,1.1058672951654774e-07
-0.0008255031011547,1.105823807076215e-07
-0.0008255031011546997,1.1058238070790276e-07
-0.0008255031011547,1.105823807076215e-07
-0.0008255031011547,1.105823807076215e-07
2.5139650209853834e+18,9.667851097520847e+21
-0.0008255031011546999,1.1058238100252447e-07
-0.0008255030952100634,1.1059511459388038e-07
-0.0008255031011278235,1.1058239286077024e-07
-0.0008255031011546423,1.1058238070765499e-07
-0.0008255031011547,1.105823807076215e-07
-0.0008255031011547,1.105823807076215e-07
-4.932681786943494e+32,1.2826624393509261e+29
-0.0008255030977002198,1.1058664306589966e-07
-0.0008255031011538498,1.1058564991273e-07
-0.0008255031011547,1.1058238070762377e-07
-0.0008255031011547,1.105823807076215e-07
-0.0008255031011547,1.105823807076215e-07
-0.0008255031011547,1.105823807076215e-07
-0.0008255031011546997,1.1058238125579409e-07
-0.0008255030982124592,1.1058237994254037e-07
-0.0008255030972025633,1.1058237967995067e-07
-0.0008255031010414232,1.1058238210815729e-07
-0.0008255031011547,1.105823807076215e-07
-0.0008255031011547,1.105823807076215e-07
0.0001273011673560288,3.6641599999007277
-0.0008255031011547,1.105823807076215e-07
-0.0008255029173941944,1.1058235191409234e-07
-0.0008255031011547,1.105823807076215e-07
-0.0008255031011547,1.105823807076215e-07
-0.0008255031011547,1.105823807076215e-07
-0.0008255031011547,1.105823807076215e-07
-0.0008255031011546997,1.10582381349497e-07
-0.0008254565252787903,1.1057068161355191e-07
-0.0008255031011547,1.1058238070771299e-07
-0.0008255031011410399,1.1058238130110262e-07
-0.0008255031011547,1.105823807076215e-07
-0.0008255031011547,1.105823807076215e-07
126443835213.09763,-32879627.561647512
-0.0008254960577490795,1.1058054918630619e-07
-0.0008255031011547,1.105823807076215e-07
-0.0008255031011546862,1.1058243356953987e-07
-0.0008255031011547,1.105823807076215e-07
-0.0008255031011547,1.105823807076215e-07
-0.0008255031011547,1.105823807076215e-07
-0.0008255031011547,1.1058238077094228e-07
-0.0008255031011547,1.105823807076215e-07
-0.0008255031011547,1.1058238070765898e-07
-0.0008255031011533319,1.1058238276233315e-07
-0.0008255031011547,1.105823807076215e-07
-0.0008255031011547,1.105823807076215e-07
-4.932681786943494e+32,1.2826624393509261e+29
-0.0008255023042997004,1.1058217349863831e-07
-0.0008253251750779593,1.1053611396969701e-07
-0.000825503062389986,2.5965823488020375e-07
-0.0008255031011547,1.105823807076215e-07
-0.0008255031011547,1.105823807076215e-07
-0.0008255031011547,1.105823807076215e-07
-0.0008255031011547,1.1058238077007535e-07
-0.0008255031011547,1.105823807076215e-07
-0.0008255031011547,1.1058238071900873e-07
-0.0008255031011527835,1.1058238157130315e-07
-0.0008255031011547,1.105823807076215e-07
-0.0008255031011547,1.105823807076215e-07
0.00012831180562652012,3.6680466994458456
-0.0008255015149959937,1.1058196825324409e-07
-0.0008255031011547,1.1058238070764267e-07
-0.0008255031011547,1.105823807076215e-07
-0.0008255031011547,1.105823807076215e-07
-0.0008255031011547,1.105823807076215e-07
-0.0008255031011547,1.105823807076215e-07
-0.0008255031011547,1.1058238074947368e-07
-0.0008255017038660181,1.1058201736577487e-07
-0.0008255031011547,1.1058238070767148e-07
-0.0008255031011547,1.1058238070766725e-07
-0.0008255031011547,1.105823807076215e-07
-0.0008255031011547,1.105823807076215e-07
126443835213.09764,-32879627.557741262
-0.0008255021113496067,1.1058212332515284e-07
-0.0008255030960374624,1.1058237937702173e-07
-0.0008255031011546653,1.1058251393437995e-07
-0.0008255031011547,1.1058238081960211e-07
-0.0008255031011547,1.105823807076215e-07
-0.0008255031011547,1.105823807076215e-07
-0.0008255031011547,1.1058238073277598e-07
-0.0008255031011052612,1.1077250532557102e-07
-0.0008255031011547,1.1058238070762152e-07
-0.0008255031010609624,1.1058238507092271e-07
-0.0008255031011547,1.105823807076215e-07
-0.0008255031011547,1.105823807076215e-07
-4.932681786943494e+32,1.2826624393509261e+29
-0.0008255031011547,1.105823807076215e-07
-0.0008255031011547,1.1058238070770792e-07
-0.0008255031011547,1.105823807076215e-07
-0.0008255031011547,1.105823807076215e-07
-0.0008255031011547,1.105823807076215e-07
-0.0008255031011180583,1.1058238069809342e-07
-0.0008255031011547,1.10582380714209e-07
-0.0008255031011425176,1.1062922973416672e-07
-0.0008255031011547,1.1058238070762153e-07
-0.0008255031011546991,1.1058238070762128e-07
-0.0008255031011547,1.105823807076215e-07
-0.0008255031011547,1.105823807076215e-07
-71.67986855925638,3.69057259870155
-0.0008255029137227475,1.1074243929074437e-07
-0.0008255031011547,1.1058238070767127e-07
-0.0008255031011547,1.105823807076215e-07
-0.0008255031011547,1.105823807076215e-07
-0.0008255031011547,1.105823807076215e-07
-0.0008255031011547,1.105823807076215e-07
-0.0008255031011547,1.1058238071293409e-07
-0.0008255000695389917,1.1736123432277446e-05
-0.0008255031011546999,1.1058238070762148e-07
-0.0008255031011546987,1.1058238070762116e-07
-0.0008255031011547,1.105823807076215e-07
-0.0008255031011547,1.105823807076215e-07
2.7200829301128368e+23,-7.073126459546564e+19
-0.00033997178509679655,1.867187547455174
-0.0008255031011547,1.1058238070768801e-07
-0.0008255031011546904,1.1058241756702467e-07
-0.0008255031011547,1.105823807076215e-07
-0.0008255031011547,1.105823807076215e-07
-0.0008255031011547,1.105823807076215e-07
-0.0008255031011547,1.1058238071339487e-07
2.531080539228065,-0.0006582697714984931
-0.0008255031011547,1.105823807076215e-07
-0.0008255031011547,1.1058238071228355e-07
-0.0008255031011547,1.105823807076215e-07
-0.0008255031011547,1.105823807076215e-07
0.0001300031124211804,3.674550758063834
-0.0008255002775334586,1.1058164647154757e-07
-0.0008255031011485791,1.106059195755965e-07
-0.000825503101154556,1.1058243712215205e-07
-0.0008255031011547,1.105823807076215e-07
-0.0008255031011547,1.105823807076215e-07
-0.0008255031011547,1.105823807076215e-07
-0.0008255031011547,1.1058238071279954e-07
4.969235631052567,-0.0012922717389218421
-0.0008255031011547,1.105823807076216e-07
-0.0008255031011546997,1.105823807094115e-07
-0.0008255031011547,1.105823807076215e-07
-0.0008255031011547,1.105823807076215e-07
-71.6798675435006,3.694478848569485
-0.0008255018639670562,1.105820589974059e-07
-0.0008255031011547,1.105823807076215e-07
-0.0008255031011545998,1.1058238070795131e-07
-0.0008255031011547,1.105823807076215e-07
-0.0008255031011547,1.105823807076215e-07
1.6825740372975437e+22,-4.375255920179483e+18
-0.0008255031011547,1.1058238071407348e-07
9.939296765206288,-0.002584654060224392
-0.0008255031011547,1.1058238074861686e-07
-0.0008255031011546999,1.1058238070762147e-07
-0.0008255031011547,1.105823807076215e-07
-0.0008255031011547,1.105823807076215e-07
2.7200829301128368e+23,-7.073126459546564e+19
-0.000825503015190259,1.1058235835398826e-07
-0.0008255031011547,1.105823807076215e-07
-0.0008255031011546622,1.1058238070835391e-07
-0.0008255031011547,1.105823807076215e-07
-0.0008255031011547,1.105823807076215e-07
-0.0008255031011547,1.105823807076215e-07
-0.0008255031011547,1.1058238071998337e-07
23.75442843924784,-0.006177050906070912
-0.000825446743585551,1.1056772594139469e-07
-0.0008255031011547,1.105823807076215e-07
-0.0008255031011547,1.105823807076215e-07
-0.0008255031011547,1.105823807076215e-07
0.00013105042396274193,3.6784179072752683
-0.0008255028300563987,1.1058231021298522e-07
-0.0008255031011547,1.1058238070762208e-07
-0.0008255031011547,1.1058238070764288e-07
-0.0008255031011547,1.105823807076215e-07
-0.0008255031011547,1.105823807076215e-07
-0.0008255031011547,1.105823807076215e-07
-0.0008255031011547,1.1058238080173329e-07
49.009670886792364,-0.012744259634173201
-0.0008253857294107917,1.1055186017467303e-07
-0.0008255031011546536,1.1058238070760942e-07
-0.0008255031011547,1.105823807076215e-07
-0.0008255031011547,1.105823807076215e-07
-151996488324747.38,39524176690.577034
-0.0008255027209859275,1.1058228185101039e-07
-0.0008255031011547,1.105823807076215e-07
-0.0008255031011547,1.105823807076914e-07
-0.0008255031011547,1.105823807076215e-07
-0.0008255031011547,1.105823807076215e-07
-0.0008255031011547,1.105823807076215e-07
-0.0008255031011547,1.1058238081821319e-07
-0.0008255031011546997,1.1058238070762446e-07
-0.0008252711513929284,1.1052206600257063e-07
-0.0008255031011547,1.105823807076215e-07
-0.0008255031011547,1.105823807076215e-07
-0.0008255031011547,1.105823807076215e-07
5.8486029520286655e+35,-1.5208326126167059e+32
-0.0008255031009698785,1.1058256099511844e-07
-0.0008255031011546971,1.1058238071331419e-07
-0.0008255031011546709,1.1058249220352679e-07
-0.0008255031011547,1.105823807076215e-07
-0.0008255031011547,1.105823807076215e-07
-0.0008255031011547,1.105823807076215e-07
-0.0008255031011546997,1.1058238136347267e-07
-0.0008255031011547,1.1058238070822473e-07
-0.0008255031011546751,1.1058238070768621e-07
-0.0008255030781899595,1.1058237473601999e-07
-0.0008255031011547,1.105823807076215e-07
-0.0008255031011547,1.105823807076215e-07
0.00013206617973226707,3.682324157143203
-0.0008255018494155855,1.105820552138311e-07
-0.0008254876124267017,1.1057835311968964e-07
-0.0008255031011547,1.105823807076215e-07
-0.0008255031011547,1.105823807076215e-07
-0.0008255031011547,1.105823807076215e-07
-0.0008255031011547,1.105823807076215e-07
-0.0008255031011546999,1.1058238113789572e-07
-0.0008255031011547,1.105823807076298e-07
-0.0008255031011546999,1.1058238071971349e-07
-0.0008255031011538254,1.1058238070739409e-07
-0.0008255031011547,1.105823807076215e-07
-0.0008254945450923055,3.3014276951038464e-05
-151996488324747.38,39524176690.58094
-0.0008255031011547,1.1058238070790786e-07
-0.0008255031011547,1.1058238070771808e-07
-0.0008255031011547,1.105823807076215e-07
-0.0008255031011547,1.105823807076215e-07
-0.0008255031011547,1.105823807076215e-07
0.040318981812744674,158.227640635134
-0.0008255031011546997,1.1058238097476887e-07
-0.0008255031011547,1.1058238070781466e-07
-0.0008255031011546916,1.1058238070762153e-07
-0.0008255031011547,1.105823807076215e-07
-0.0008255031011547,1.105823807076215e-07
-0.0008255031011547,1.105823807077367e-07
0.00013269991175092737,3.6849217274855435
-0.0008255031011546996,1.1058238070789592e-07
-0.0008255031011547,1.1058238070762408e-07
-0.0008255031011547,1.105823807076215e-07
-0.0008255031011547,1.105823807076215e-07
-0.0008255031011547,1.105823807076215e-07
-0.0008255031011547,1.105823807076215e-07
-0.0008255031011547,1.1058238083342037e-07
-0.0008255031011546997,1.1058238070926836e-07
-0.0008255031011547,1.105823807076215e-07
-0.0008255031011547,1.105823807076215e-07
-0.0008255031011547,1.105823807076215e-07
-0.0008255031011547,1.105823807076215e-07
89128.95805720038,-19.490302757136647
-0.0008255031011546999,1.1058238070764835e-07
-0.0008255031011547,1.105823807076215e-07
-0.0008255031011546514,1.1058238070760886e-07
-0.0008255031011547,1.105823807076215e-07
-0.0008255031011547,1.1058238070762198e-07
-0.0008255031011547,1.105823807076215e-07
-0.0008255031011547,1.105823807076215e-07
-0.0008255031011546989,1.10582380707632e-07
-0.0008255031011547,1.105823807076226e-07
-0.0008255031011547,1.105823807076215e-07
-0.0008255031011547,1.105823807076215e-07
-0.0008255031011547,1.1058238070762193e-07
-3.218643875264641e+26,8.369551864011527e+22
-0.0008255031011546999,1.1058238070767908e-07
-0.0008255031011547,1.1058238070771214e-07
-0.0008255031011547,1.105823807076215e-07
-0.0008255031011547,1.105823807076215e-07
-0.0008255031011547,1.105823807076215e-07
-0.0008255031011547,1.105823807076215e-07
-0.0008255031011547,1.1058238070775281e-07
-0.0008255031011547,1.1058238070768038e-07
-0.0008255031011546999,1.1058238074601476e-07
-0.0008255031011547,1.105823807076215e-07
-0.0008255031011547,1.105823807076215e-07
-0.0008255031011547,1.105823807076215e-07
0.0001337156675204525,3.6888279773534784
-0.0008255031011546999,1.1058238070762147e-07
-0.0008255031011546992,1.1058238070766534e-07
-0.0008255031011546988,1.1058238070762118e-07
-0.0008255031011547,1.105823807076215e-07
-0.0008255031011547,1.105823807076215e-07
-0.0008255031011547,1.105823807076215e-07
-0.0008255031011547,1.105823807076215e-07
-0.0008255031011547,1.1058238070850271e-07
-0.0008255031011547,1.1058238070764447e-07
-0.0008255031011547,1.105823807076215e-07
1.0921634051093598e+22,-2.8399905728267745e+18
-0.0008255031011547,1.105823807076215e-07
89128.95805821613,-19.48639650726871
-0.0008255031011546999,1.1058238070764075e-07
-0.0008255031011546982,1.1058238070762124e-07
-0.0008255031011547,1.105823807076215e-07
-0.0008255031011547,1.105823807076215e-07
-0.0008255031011547,1.105823807076215e-07
-0.0008255031011547,1.105823807076215e-07
-0.0008255031011547,1.105823807076215e-07
-0.0008255031011547,1.105823807085366e-07
-0.0008255031011546991,1.1058238070943808e-07
-0.0008255031011547,1.105823807076215e-07
-0.0008255031011547,1.105823807076215e-07
-0.0008255031011547,1.105823807076215e-07
0.00013438610104655384,3.691406235780715
-0.000825502413439061,1.1058220187856034e-07
-0.0008255031011547,1.1058238070762164e-07
-0.0008255031011546993,1.1058238070762134e-07
-0.0008255031011547,1.105823807076215e-07
-0.0008255031011547,1.105823807076215e-07
-0.0008255031011547,1.105823807076215e-07
-0.0008255031011547,1.105823807076215e-07
-0.0008255031011545013,1.1058238070757096e-07
-0.0008255031011547,1.105823807076215e-07
-0.0008255031011547,1.105823807076215e-07
-0.0008255031011547,1.105823807076215e-07
-0.000823154037342723,0.009033807934250208
0.0001347263395513617,3.692714676898588
-0.0008255031011544587,1.1058238070769095e-07
-0.0008255031011547,1.1058238070762169e-07
-0.0008255031011547,1.105823807076215e-07
-0.0008255031011547,1.105823807076215e-07
-0.0008255031011547,1.105823807076215e-07
9457152299230.662,3.636897867405553e+16
-0.0008255031011547,1.105823807076215e-07
-0.0008255031011547,1.1058238070819085e-07
-0.0008255031011547,1.105823807076215e-07
-0.0008255031011547,1.105823807076215e-07
-0.0008255031011547,1.105823807076215e-07
-0.0008255031011547,1.105823807076215e-07
1.902320493877727e+17,-49466702911242.01
-0.0008255030860300403,1.1058237677470351e-07
-0.0008255031011547,1.105823807076215e-07
-0.0008255031011547,1.105823807076215e-07
-0.0008255031011547,1.105823807076215e-07
-0.0008255031011547,1.1058238070762198e-07
-0.0008255031011547,1.105823807076216e-07
-0.0008255031011547,1.105823807076215e-07
-0.0008255031011546999,1.1058238070795697e-07
-0.0008255031011547,1.105823807076215e-07
-0.0008255031011547,1.105823807076215e-07
-0.0008255031011547,1.105823807076215e-07
-0.0008255031011547,1.105823807076215e-07
0.00013539677307748644,3.6952929353258246
-0.0008255030972314295,1.105823796874398e-07
-0.0008255017474821273,1.1058202870742384e-07
-0.0008255031011547,1.105823807076215e-07
-0.0008255031011547,1.105823807076215e-07
-0.0008255031011547,1.105823807076215e-07
-0.0008255031011547,1.105823807076215e-07
-0.0008255031011547,1.105823807076215e-07
-0.0008255031011547,1.1058238070769943e-07
-0.0008255031011547,1.105823807076215e-07
-0.0008255031011547,1.105823807076215e-07
-0.0008255031011547,1.105823807076215e-07
-0.0008255031011547,1.105823807076215e-07
0.00013574209532088682,3.6966209267665224
-0.0008255031011546733,1.1058238073266394e-07
-0.0008255031011546999,1.105823807219384e-07
-0.0008255031011547,1.105823807076215e-07
-0.0008255031011547,1.105823807076215e-07
-0.0008255031011547,1.105823807076215e-07
-0.0008255031011547,1.105823807076215e-07
-0.0008255031011547,1.105823807076215e-07
-0.0008255018060342884,1.1058204393294636e-07
-0.0008255031011547,1.105823807076215e-07
-0.0008255031011547,1.105823807076215e-07
2256.2505630597084,-0.5867008028037516
0.19473608240581974,752.0630850358649
4.056481692916499e+29,-1.0548210746517095e+26
-0.0008255030924995345,1.1194327278914967e-07
-0.0008255031011547,1.1058238072020097e-07
-0.0008255031011547,1.105823807076215e-07
-0.0008255031011547,1.105823807076215e-07
-0.0008255031011547,1.105823807076215e-07
2.636264511917759e+24,1.0138173181466694e+28
-0.0008255031011547,1.105823807076215e-07
-0.0008255020894909813,1.1058211764119271e-07
-0.0008255031011547,1.105823807076215e-07
-0.0008255031011547,1.105823807076215e-07
0.1368852274448593,-3.5698818913836464e-05
-0.0008255031010356666,1.1058238067666883e-07
0.00013640744513570375,3.6991796348709336
-0.0008255030951850652,1.1058237915531657e-07
-0.0008255031011547,1.1058238070769774e-07
-0.0008255031011547,1.105823807076215e-07
-0.0008255031011547,1.105823807076215e-07
-0.0008255031011547,1.105823807076215e-07
-0.0008171835271060128,0.03199435172181383
-0.0008255031011547,1.105823807076215e-07
-0.0008255031003674627,1.1360982623279114e-07
-0.0008255031011547,1.105823807076215e-07
-0.0008255031011547,1.105823807076215e-07
-0.0008234018021656556,1.1003597260681363e-07
-0.0008255031011547,1.105823807076215e-07
-107374180.36968112,27924.582893465704
-0.0008255031011547,1.105823807076215e-07
-0.0008255031011547,1.105823807076215e-07
-0.0008255031011547,1.105823807076215e-07
-0.0008255031011547,1.105823807076215e-07
-0.0008255031011547,1.105823807076215e-07
-0.0008255031011547,1.1058238070762843e-07
-0.0008255031011547,1.105823807076215e-07
-0.0008255031011547,1.105823807076215e-07
-0.0008255031011546999,1.1058238070762148e-07
-0.0008255031011547,1.105823807076215e-07
-0.000825502978358542,1.1058234877650849e-07
-0.0008255031011547,1.105823807076215e-07
4.056481692916499e+29,-1.0548210746517095e+26
-0.0008255031011546968,1.1058238070762069e-07
-0.0008255031011547,1.1058238070934979e-07
-0.0008255031011547,1.105823807076215e-07
-0.0008255031011547,1.105823807076215e-07
-0.0008255031011547,1.105823807076215e-07
-0.0008255031011547,1.105823807076215e-07
-0.0008255031011547,1.105823807076215e-07
-0.0008255031011546974,1.1058238070762082e-07
-0.0008255031011547,1.105823807076215e-07
-0.0008255031011547,1.105823807076215e-07
-0.0008255029565413419,1.105823431033059e-07
-0.0008255031011547,1.105823807076215e-07
0.00013742320090522888,3.7030858847388686
-0.0008255031001383551,1.105823804433378e-07
-0.0008255031011547,1.10582380709899e-07
-0.0008255031011547,1.105823807076215e-07
-0.0008255031011547,1.105823807076215e-07
-0.0008255031011547,1.105823807076215e-07
-0.0008255031011547,1.1058238082041715e-07
-0.0008255031011547,1.105823807076215e-07
-0.0008255031011547,1.105823807076215e-07
-0.0008255031011547,1.105823807076215e-07
-0.0008255031011547,1.105823807076215e-07
-0.0008255031011527016,1.1058238070710184e-07
2.610124996870117e+18,1.003764953172118e+22
-2.3021534981236274e+20,5.986369989403386e+16
-0.0008255031001596711,1.105823804488807e-07
-0.0008255031011547,1.105823807076215e-07
-0.0008255031011547,1.105823807076215e-07
-0.0008255031011547,1.105823807076215e-07
-0.0008255031011547,1.105823807076215e-07
-0.0008255031011547,1.1058238070762168e-07
-0.0008255031011547,1.105823807076215e-07
-0.0008255031011547,1.105823807076215e-07
-0.0008255031011547,1.105823807076215e-07
-0.0008255031011547,1.105823807076215e-07
-0.0008255031011546999,1.1058238070762147e-07
-0.0008255031011547,1.105823807076215e-07
0.00013809865614582595,3.7056834550703597
-0.0008255030611283232,1.1058237029942324e-07
-0.0008255031011547,1.1058238070762771e-07
-0.0008255031011547,1.105823807076215e-07
-0.0008255031011547,1.105823807076215e-07
-0.0008255031011547,1.105823807076215e-07
-0.0008255031011547,1.1058238070762231e-07
-0.0008255031011547,1.105823807076215e-07
-0.0008255031011546993,1.1058238070762134e-07
-0.0008255031011547,1.105823807076215e-07
-0.0008255031011547,1.105823807076215e-07
-0.0008255031011546995,1.1058238070762138e-07
-0.0008255031011547,1.105823807076216e-07
0.00013843895667475401,3.706992134606803
-0.0008255031011546993,1.1058238070830586e-07
-0.0008255031011547,1.105823807076215e-07
-0.0008255031011547,1.105823807076215e-07
-0.0008255031011547,1.105823807076215e-07
2862101.2923115664,11006664331.878918
-0.0008255031011547,1.1058238070762155e-07
-0.0008255031011547,1.105823807076215e-07
-0.0008255031011547,1.105823807076215e-07
-0.0008255031011547,1.105823807076215e-07
-0.0008255031011547,1.105823807076215e-07
-0.0008255031011547,1.105823807076215e-07
-0.0008255031011547,1.105823807076215e-07
-2.3021534981236274e+20,5.986369989403386e+16
-0.0008255030765940435,1.105823743214096e-07
-0.0008255031011547,1.105823807076215e-07
-0.0008255031011547,1.105823807076215e-07
-0.0008255031011547,1.105823807076215e-07
2.7439828382091556e+18,1.055242108482503e+22
4.55903643442784e+21,1.7532497480392346e+25
-0.0008255031011547,1.105823807076215e-07
-0.0008255031011547,1.105823807076215e-07
-0.0008255031011547,1.105823807076215e-07
-0.0008255031011547,1.105823807076215e-07
-0.0008255031011547,1.105823807076215e-07
-0.0008255031011547,1.105823807076215e-07
0.00013911441191535108,3.709589704938294
-0.0008255031011546996,1.1058238070762141e-07
-0.0008255031011547,1.105823807076215e-07
-0.0008255031011547,1.105823807076215e-07
-0.0008255031011547,1.105823807076215e-07
-0.0008255031011547,1.105823807076215e-07
-0.0008252901659992113,2.1077142331707835e-06
-0.0008255031011547,1.105823807076215e-07
-0.0008255031011547,1.105823807076215e-07
-0.0008255031011547,1.105823807076215e-07
-0.0008255031011547,1.105823807076215e-07
-0.0008255031011547,1.105823807076215e-07
9.96895796342363e+21,1.7427685460618603e+22
0.05888944749340536,3.710863557185178
-0.0008255030707831275,2.2515357010489723e-07
-0.0008253987710243617,1.1055525138016231e-07
-0.0008255031011547,1.105823807076215e-07
-0.0008255031011547,1.105823807076215e-07
-0.0008255031011547,1.105823807076215e-07
-0.0008255031011547,1.105823807076215e-07
-0.0008255031011547,1.105823807076215e-07
-0.0008253964170216516,2.190744351929909e-07
-0.0008255031011547,1.105823807076215e-07
-0.0008255031011547,1.105823807076215e-07
-0.0008255031011547,1.105823807076215e-07
-0.0008255031011547,1.105823807076215e-07
-4.932681786943494e+32,1.2826624393509261e+29
-0.0008255031011546999,1.1058238070762147e-07
-0.0008255031011547,1.105823807076289e-07
-0.0008255031011547,1.105823807076215e-07
-0.0008255031011547,1.105823807076215e-07
-0.0008255031011547,1.105823807076215e-07
-0.0008255031011547,1.1058238070762323e-07
-0.0008255031011547,1.105823807076215e-07
-0.0008255031011547,1.105823807076215e-07
-0.0008255031011547,1.105823807076215e-07
-0.0008255031011547,1.105823807076215e-07
-0.0008255031011547,1.105823807076215e-07
4.5289821251920087e+18,1.7416918868874127e+22
0.00014012508394628358,3.7134764044834037
-0.0008255031006856074,1.1058238058564174e-07
-0.0008255031011547,1.1058238070762626e-07
-0.0008255031011547,1.105823807076215e-07
-0.0008255031011547,1.105823807076215e-07
-0.0008255031011547,1.105823807076215e-07
-0.0008255031010307064,1.1105921759479618e-07
-0.0008255031011547,1.105823807076215e-07
-0.0008255031011546999,1.1058238070762148e-07
-0.0008255031011547,1.105823807076215e-07
-0.0008255031011547,1.105823807076215e-07
-0.0008255031011547,1.105823807076215e-07
-0.0008255031011547,1.105823807076215e-07
126443835213.09764,-32879627.51233111
-0.0008255031011546999,1.1058238070762148e-07
-0.0008255031011547,1.105823807076215e-07
-0.0008255031011547,1.105823807076215e-07
-0.0008255031011547,1.105823807076215e-07
-0.0008255031011547,1.105823807076215e-07
-0.0008255031010307175,1.1105917496223348e-07
-0.0008255031011547,1.105823807076215e-07
-0.0008255031011547,1.105823807076215e-07
-0.0008255031011547,1.105823807076215e-07
-0.0008255031011547,1.105823807076215e-07
-0.0008255031011547,1.105823807076215e-07
-0.0008255031011547,1.1058238070763383e-07
-4.932681786943494e+32,1.2826624393509261e+29
-0.0008255030917733903,1.1058237826816684e-07
-0.0008255031011546997,1.1058238150923736e-07
-0.0008255031011547,1.105823807076215e-07
-0.0008255031011547,1.105823807076215e-07
-0.0008255031011547,1.105823807076215e-07
-0.0008255031011547,1.105823807076215e-07
-0.0008255031011547,1.105823807076215e-07
-0.0008255031011547,1.105823807076215e-07
-0.0008255031011546999,1.1058238070762147e-07
-0.0008255031011547,1.105823807076215e-07
-0.0008255031011547,1.105823807076215e-07
-0.0008255031011547,1.105823807076215e-07
0.00014113572221677501,3.717363104028522
-0.000825503094218731,1.1058237890403732e-07
-0.0008255031011547,1.105823807076215e-07
-0.0008255031011547,1.105823807076215e-07
-0.0008255031011547,1.105823807076215e-07
-0.0008255031011547,1.105823807076215e-07
-0.0008255031011547,1.105823807076215e-07
-0.0008255031011547,1.105823807076215e-07
-0.0008255031011547,1.105823807076215e-07
-0.0008255031011547,1.105823807076215e-07
-0.0008255031011547,1.105823807076215e-07
9.961253847925028e+21,-2.5902595609133056e+18
-0.0008254888411453088,5.494970953339062e-05
2.7200829301128368e+23,-7.073126459546564e+19
-0.0008255031011547,1.105823807076215e-07
-0.0008255031011547,1.105823807076215e-07
-0.0008255031011547,1.105823807076215e-07
-0.0008255031011547,1.105823807076215e-07
-0.0008255031011547,1.105823807076215e-07
-0.0008255029739318436,5.998380472447472e-07
-0.0008255031011547,1.105823807076215e-07
-0.0008255031011547,1.105823807076215e-07
-0.0008255031011547,1.105823807076215e-07
-0.0008255031011547,1.105823807076215e-07
-0.0008255031011547,1.105823807076215e-07
-0.0008255031011547,1.105823807076215e-07
0.00014181127324191015,3.7199609127785753
-0.0008255031011547,1.1058238070763399e-07
-0.0008255031011547,1.1058238070766661e-07
-0.0008255031011547,1.105823807076215e-07
-0.0008255031011547,1.105823807076215e-07
-0.0008255031011547,1.105823807076215e-07
-0.0008255023453516828,3.017142721882395e-06
-0.0008255031011547,1.1058238075381634e-07
-0.0008255031011547,1.105823807076215e-07
-0.0008255031011547,1.105823807076215e-07
-0.0008255031011547,1.105823807076215e-07
-0.0008255031011547,1.105823807076215e-07
-0.0008255031011547,1.105823807076224e-07
-71.67985573533979,3.7398890032842265
-0.0008255030988946366,1.1058238011994019e-07
-0.0008255031011545881,1.1058238070762713e-07
-0.0008255031011547,1.105823807076215e-07
-0.0008255031011547,1.105823807076215e-07
-0.0008255031011547,1.105823807076215e-07
-0.0008255030633618863,2.5592063810792175e-07
-0.0008255031011547,1.105823807525153e-07
-0.0008255031011547,1.105823807076215e-07
-0.0008255031011547,1.105823807076215e-07
-0.0008255031011547,1.105823807076215e-07
-0.0008255031011547,1.105823807076215e-07
3.899478245940599e+18,1.4996061888322782e+22
2.7200829301128368e+23,-7.073126459546564e+19
-0.0008255030983404124,1.1058237997581249e-07
-0.0008255031011547,1.1058238070763812e-07
-0.0008255031011547,1.105823807076215e-07
-0.0008255031011547,1.105823807076215e-07
-0.0008255031011547,1.105823807076215e-07
6.622014242030788e+17,2.5466005741210457e+21
-0.0008255031011547,1.1058238070763007e-07
-0.0008255031011547,1.105823807076215e-07
-0.0008255031011547,1.105823807076215e-07
-0.0008255031011547,1.105823807076215e-07
-0.0008255031011547,1.105823807076215e-07
9.961543204191303e+21,-2.59033480323186e+18
0.00014282194527284265,3.7238476123236848
-0.0008255031011547,1.1058238070762803e-07
-0.0008255031011547,1.1058238070763886e-07
-0.0008255031011547,1.105823807076215e-07
-0.0008255031011547,1.105823807076215e-07
-0.0008255031011547,1.105823807076215e-07
-0.0008255031011547,1.1058238070762151e-07
-0.0008255031011547,1.1058238074968854e-07
-0.0008255031011547,1.105823807076215e-07
-0.0008255031011547,1.105823807076215e-07
-0.0008255031011547,1.105823807076215e-07
-0.0008255031011547,1.105823807076215e-07
3.664961992045251e+18,1.4094192449534835e+22
-71.67985471958401,3.743795253152161
-0.0008255030995983438,1.1058238030292166e-07
-0.0008255031011547,1.1058238070764436e-07
-0.0008255031011547,1.105823807076215e-07
-0.0008255031011547,1.105823807076215e-07
-0.0008255031011547,1.105823807076215e-07
-0.0008255030927760026,1.4280398988708498e-07
-0.0008255031011546999,1.105823807520816e-07
-0.0008255031011547,1.105823807076215e-07
-0.0008255031011547,1.1058238070762151e-07
-0.0008255031011547,1.105823807076215e-07
-0.0008255031011547,1.105823807076215e-07
-0.0008255031011547,1.1058238070762196e-07
5.8486029520286655e+35,-1.5208326126167059e+32
-0.0008255030995770275,1.1058238029737384e-07
-0.0008255031011547,1.105823807076215e-07
-0.0008255031011547,1.105823807076215e-07
-0.0008255031011547,1.105823807076215e-07
-0.0008255030653060712,2.484439666345174e-07
-0.0008254667713651969,1.105729337532477e-07
-0.0008255031011546999,1.1058238073798698e-07
-0.0008255031011547,1.105823807076215e-07
-0.0008255031011547,1.105823807076215e-07
-0.0008255031011547,1.105823807076215e-07
-0.0008255031011547,1.105823807076215e-07
-0.00030975844643448913,-2.352849963674739e-08
0.00014383770104236778,3.7277538621916193
-0.0008255031011547,1.1058238070762397e-07
-0.0008255031011547,1.1058238070763896e-07
-0.0008255031011547,1.105823807076215e-07
-0.0008255031011547,1.105823807076215e-07
-0.0008255031011547,1.105823807076215e-07
-0.0008255031011546993,1.1058238327573805e-07
-0.0008255031011546999,1.1058238073777014e-07
-0.0008255031011547,1.105823807076215e-07
-0.0008255031011547,1.1058238070762152e-07
-0.0008255031011547,1.105823807076215e-07
-0.0008255031011547,1.105823807076215e-07
-0.0008255031011547,1.105823807076215e-07
-71.67985370382824,3.747701503020096
-0.0008255031000815125,1.105823804285589e-07
-0.0008255031011547,1.105823807076215e-07
-0.0008255031011547,1.105823807076215e-07
-0.0008255031011547,1.105823807076215e-07
-0.0008255031011547,1.105823807076215e-07
-0.0008255031011547,1.1058238070762451e-07
-0.0008255031011547,1.1058238073288732e-07
-0.0008255031011547,1.105823807076215e-07
-0.0008255031011547,1.1058238070762153e-07
-0.0008255031011547,1.105823807076215e-07
-0.0008255031011547,1.105823807076215e-07
-0.0008255031011547,1.105823807076215e-07
0.00014450807257165702,3.730331882200285
-0.0008255031001241445,1.1058238043964258e-07
-0.0008255031011547,1.105823807076215e-07
-0.0008255031011547,1.105823807076215e-07
-0.0008255031011547,1.105823807076215e-07
-0.0008255031011547,1.1058238070762148e-07
2.4004421910441702e+29,9.231280648939693e+32
-0.0008255031011547,1.1058238070762381e-07
-0.0008255031011547,1.105823807076215e-07
-0.0008255031011547,1.105823807076215e-07
-0.0008255031011547,1.105823807076215e-07
-0.0008255031011547,1.105823807076215e-07
-0.0008255031011547,1.105823807076215e-07
0.00014489009632252196,3.731640561725879
-0.0008255031001525655,1.1058238044703427e-07
-0.0008255031011547,1.105823807076215e-07
-0.0008255031011547,1.105823807076215e-07
-0.0008255031011547,1.105823807076215e-07
-0.0008255031011547,1.105823807076215e-07
4.1772797369020326e+19,1.606439156946994e+23
-0.0008255031011547,1.105823807306105e-07
-0.0008255031011547,1.105823807076215e-07
-0.0008255031011547,1.1058238070762148e-07
-0.0008255031011547,1.105823807076215e-07
-0.0008255031011547,1.105823807076215e-07
-0.0008255031011547,1.105823807076215e-07
-151996488324747.38,39524176690.63026
-0.0008255031000530899,1.1058238042116707e-07
-0.0008255031011547,1.105823807076215e-07
-0.0008255031011547,1.105823807076215e-07
-0.0008255031011547,1.105823807076215e-07
-0.0008255031011547,1.105823807076215e-07
-0.0008255031010269084,1.1107382341085858e-07
-0.0008255031011547,1.1058238073126102e-07
-0.0008255031011547,1.105823807076215e-07
-0.0008255031011547,1.105823807076215e-07
-0.0008255031011547,1.105823807076215e-07
-0.0008255031011547,1.1058238070762944e-07
-0.0008255031011547,1.105823807076215e-07
0.00014552382834118226,3.73423813206822
-0.0008255031011547,1.105823807076215e-07
-0.0008255031011547,1.105823807076215e-07
-0.0008255031011547,1.105823807076215e-07
-0.0008255031011547,1.105823807076215e-07
2514928.6250770665,9671556793.017178
1.7988425431963656e+23,6.917707358243162e+26
-0.0008255031011547,1.105823807076215e-07
-0.0008255031011547,1.105823807076215e-07
-0.0008255031011547,1.105823807076215e-07
-0.0008255031011547,1.105823807076215e-07
1.064523126280809e+22,-2.768116592306865e+18
-0.0008255031011547,1.105823807076215e-07
89128.95807002428,-19.44098635255397
-0.0008255031011547,1.105823807076215e-07
-0.0008255031011547,1.1058238070763388e-07
-0.0008255031011547,1.105823807076215e-07
-0.0008255031011547,1.105823807076215e-07
-0.0008255031011546975,1.1058238070762085e-07
-0.0008255030923521888,1.4443383275926862e-07
-0.0008255031011547,1.105823807076215e-07
-0.0008255031011547,1.105823807076215e-07
-0.0008255031011547,1.105823807076215e-07
-0.0008255031011547,1.105823807076215e-07
-0.0008255031011547,1.105823807076215e-07
-0.0008255031011547,1.105823807076215e-07
-3.218643875264641e+26,8.369551864011527e+22
-0.0008255031011547,1.105823807076221e-07
-0.0008255031011547,1.105823807076215e-07
-0.0008255031011547,1.105823807076215e-07
-0.0008255031011547,1.105823807076215e-07
-0.0008255031011546671,1.1058250684655756e-07
-0.0008255031011547,1.105823807076215e-07
-0.0008255031011547,1.1058238072443053e-07
-0.0008255031011547,1.105823807076215e-07
-0.0008255031011547,1.1058238070762148e-07
-0.0008255031011547,1.105823807076215e-07
-0.0008255031011547,1.105823807076215e-07
9.961826930958235e+21,-2.5904085816920776e+18
0.00014653450037209145,3.7381248316133293
-0.0008255031011547,1.1058238070762198e-07
-0.0008255031011547,1.105823807076215e-07
-0.0008255031011547,1.105823807076215e-07
-0.0008255031011547,1.105823807076215e-07
-0.0008255031011547,1.1058238070762148e-07
-0.0008255031011547,1.1058238085974873e-07
-0.0008255031011547,1.1058238072497265e-07
-0.0008255031011547,1.105823807076215e-07
-0.0008255031011547,1.105823807076215e-07
-0.0008255031011547,1.105823807076215e-07
-0.0008255031011547,1.105823807076215e-07
-0.0008255031011547,1.105823807076215e-07
1.902320493877727e+17,-49466702911241.96
-0.0008255031011547,1.1058238070762189e-07
-0.0008255031011547,1.105823807076215e-07
-0.0008255031011547,1.105823807076215e-07
-0.0008255031011547,1.105823807076215e-07
-0.0008255031011547,1.105823807076215e-07
-0.0008255031011547,1.105823807076215e-07
-0.0008255031011547,1.1058238072453897e-07
-0.0008255031011547,1.105823807076215e-07
-0.0008255031011547,1.105823807076215e-07
-0.0008255031011547,1.105823807076215e-07
-0.0008255031011547,1.105823807076215e-07
2.613370663576338e+18,1.0050131257666447e+22
0.00014721001763680873,3.740722640363391
-0.0008255031007744924,1.1058238060875511e-07
-0.0008255031011547,1.1058238070762148e-07
-0.0008255031011547,1.105823807076215e-07
-0.0008255031011547,1.105823807076215e-07
-0.0008255031011547,1.105823807076215e-07
-0.0008255031011547,1.1058238070762152e-07
-0.0008255031011547,1.105823807236716e-07
-0.0008255031011547,1.105823807076215e-07
-0.0008255031011547,1.105823807076215e-07
-0.0008255031011547,1.105823807076215e-07
-0.0008255031011547,1.105823807076215e-07
-0.0008255031011547,1.105823807076215e-07
0.00014755025614161658,3.742031081481264
-0.0008255031007922558,1.1058238061337418e-07
-0.0008255031011547,1.1058238070764521e-07
-0.0008255031011547,1.105823807076215e-07
-0.0008255031011547,1.105823807076215e-07
-0.0008255031011547,1.105823807076215e-07
-0.0008255031011547,1.105823807076215e-07
-0.0008255031011547,1.1058238071380243e-07
-0.0008255031011547,1.105823807076215e-07
-0.0008255031011547,1.105823807076215e-07
-0.0008255031011547,1.105823807076215e-07
-0.0008255031011547,1.105823807076215e-07
2.629919289312272e+18,1.011377162184922e+22
1.902320493877727e+17,-49466702911241.96
-0.0008255031009566026,1.1058238065610953e-07
-0.0008255031011547,1.1058238070765962e-07
-0.0008255031011547,1.105823807076215e-07
-0.0008255031011547,1.105823807076215e-07
-0.0008255031011547,1.105823807076215e-07
159800.19689685892,-41.55340233306753
-0.0008255031011547,1.1058238071781497e-07
-0.0008255031011547,1.105823807076215e-07
-0.0008255031011547,1.105823807076215e-07
-0.0008255031011547,1.105823807076215e-07
-0.0008255031011547,1.105823807076215e-07
-0.0008255031011547,1.1058238070762194e-07
0.00014822068966774122,3.7446093399085005
-0.0008255031009868006,1.1058238066396204e-07
-0.0008255031011547,1.105823807076215e-07
-0.0008255031011547,1.105823807076215e-07
-0.0008255031011547,1.105823807076215e-07
-0.0008255031011547,1.1058238071559104e-07
-0.0008255030897488145,1.5444552167619335e-07
-0.0008255031011547,1.105823807076215e-07
-0.0008255031011547,1.105823807076215e-07
-0.0008255031011547,1.105823807076215e-07
-0.0008255031011547,1.105823807076215e-07
-0.0008255031011547,1.105823807076215e-07
-0.0008255031011547,1.105823807076215e-07
9.851210217621587e-05,3.7459177940407438
-0.0008255031011547,1.105823807076215e-07
-0.0008255031011547,1.105823807076215e-07
-0.0008255031011547,1.105823807076215e-07
-0.0008255031011547,1.105823807076215e-07
2530677.9499426293,9732123318.969501
-0.0008255031011547,1.1058238070762161e-07
-0.0008255031011547,1.1058238071328743e-07
-0.0008255031011547,1.1058238070762431e-07
-0.0008255031011547,1.105823807076215e-07
-0.0008255031011547,1.105823807076215e-07
-0.0008255031011547,1.105823807076215e-07
-0.0008255031011547,1.105823807076215e-07
1.902320493877727e+17,-49466702911241.95
-0.0008255031010854051,1.1058238068960252e-07
-0.0008255031011547,1.105823807076215e-07
-0.0008255031011547,1.105823807076215e-07
-0.0008255031011547,1.105823807076215e-07
-0.0008255031011547,1.105823807076215e-07
2335.427440123862,8981259.69635534
-0.0008255031011547,1.105823807130977e-07
-0.0008255031011547,1.105823807076215e-07
-0.0008255031011547,1.105823807076215e-07
-0.0008255031011547,1.105823807076215e-07
-0.0008255031011547,1.105823807076215e-07
-0.0008255031011547,1.105823807076215e-07
0.00014923644543726636,3.7485155897764355
-0.0008255031011547,1.105823807076215e-07
-0.0008255031011547,1.105823807076215e-07
-0.0008255031011547,1.105823807076215e-07
-0.0008255031011547,1.105823807076215e-07
-0.0008255031011547,1.105823807076215e-07
-0.0008255031011547,1.1058238071521283e-07
-0.0008255031011547,1.1058238071220323e-07
-0.0008255031011547,1.105823807076215e-07
-0.0008255031011547,1.105823807076215e-07
-0.0008255031011547,1.105823807076215e-07
-0.0008255031011547,1.105823807076215e-07
-0.0008255031011547,1.1058238070762331e-07
-107374180.3696683,27924.632209870288
-0.0008255031011547,1.1058238070762161e-07
-0.0008255031011547,1.1058238070762151e-07
-0.0008255031011547,1.105823807076215e-07
-0.0008255031011547,1.105823807076215e-07
-0.0008255031011547,1.105823807076215e-07
-0.0008255031011547,1.105823807076215e-07
-0.0008255031011547,1.105823807120677e-07
-0.0008255031011547,1.105823807076215e-07
-0.0008255031011547,1.105823807076215e-07
-0.0008255031011547,1.105823807076215e-07
-0.0008255031011547,1.105823807076215e-07
-0.0008255031011547,1.105823807076215e-07
-71.67984811717152,3.769185877293737
-0.0008255031011547,1.1058238070762159e-07
-0.0008255031011547,1.105823807076215e-07
-0.0008255031011547,1.105823807076215e-07
-0.0008255031011547,1.105823807076215e-07
-0.0008255031011547,1.105823807076215e-07
-0.0008255031011547,1.105823807076215e-07
-0.0008255031011547,1.1058238071141718e-07
-0.0008255031011547,1.105823807076215e-07
-0.0008255031011547,1.105823807076215e-07
-0.0008255031011547,1.105823807076215e-07
-0.0008255031011547,1.105823807076215e-07
-0.0008255031011547,1.1058238070762196e-07
0.00014993477752881488,3.7512011365606406
-0.0008255031011547,1.1058238070762159e-07
-0.0008255031011547,1.1058238070762151e-07
-0.0008255031011547,1.105823807076215e-07
-0.0008255031011547,1.105823807076215e-07
-0.0008255031011547,1.105823807076215e-07
-0.0008255031011547,1.1058238070762331e-07
-0.0008255031011547,1.1058238071094235e-07
-0.0008255031011547,1.1058238070762372e-07
-0.0008255031011547,1.105823807076215e-07
-0.0008255031011547,1.105823807076215e-07
-0.0008255031011547,1.105823807076215e-07
-0.000823431604259662,1.1004372214920197e-07
2.7200829301128368e+23,-7.073126459546564e+19
-0.0008255031010552073,1.1058238068175005e-07
-0.0008255031011547,1.1058238070762152e-07
-0.0008255031011547,1.105823807076215e-07
-0.0008255031011547,1.105823807076215e-07
-0.0008255031011547,1.105823807076215e-07
-0.0008255031011547,1.1058238070765073e-07
-0.0008255031011547,1.1058238071079328e-07
-0.0008255031011547,1.1058238070762279e-07
-0.0008255031011547,1.105823807076215e-07
-0.0008255031011547,1.105823807076215e-07
-0.0008255031011547,1.105823807076215e-07
-0.0008255031011547,1.105823807076215e-07
-71.67984760929363,3.7711390022277045
-0.0008255031011547,1.105823807076215e-07
-0.0008255031011547,1.1058238070762172e-07
-0.0008255031011547,1.105823807076215e-07
-0.0008255031011547,1.105823807076215e-07
-0.0008255031011547,1.105823807076215e-07
-0.0008255031011547,1.1058238073603438e-07
-0.0008255031011547,1.1058238071065775e-07
-0.0008255031011547,1.105823807076215e-07
-0.0008255031011547,1.105823807076215e-07
-0.0008255031011547,1.105823807076215e-07
-0.0008255031011547,1.105823807076215e-07
-0.0008254943559592695,3.374161802934985e-05
0.00015044011354428124,3.7531444863331953
-0.0008255031011547,1.1058238070762157e-07
-0.0008255031011547,1.1058238070762435e-07
-0.0008255031011547,1.105823807076215e-07
-0.0008255031011547,1.105823807076215e-07
-0.0008255031011547,1.105823807076215e-07
-0.0008255031011546993,1.1058238327582805e-07
-0.0008255031011547,1.1058238070762156e-07
-0.0008255031011547,1.105823807076215e-07
-0.0008255031011547,1.105823807076215e-07
-0.0008255031011547,1.105823807076215e-07
-0.0008255031011547,1.105823807076215e-07
-0.0008255031011547,1.1058238070762196e-07
5.8486029520286655e+35,-1.5208326126167059e+32
-0.0008255031011547,1.1058238070762155e-07
-0.0008255031011547,1.105823807076216e-07
-0.0008255031011547,1.105823807076215e-07
-0.0008255031011547,1.105823807076215e-07
-0.0008255031011547,1.105823807076215e-07
-0.0008255031011547,1.1058238070762885e-07
-0.0008255031011547,1.105823807095871e-07
-0.0008255031011547,1.105823807076215e-07
-0.0008255031011547,1.105823807076215e-07
-0.0008255031011547,1.105823807076215e-07
-0.0008255031011547,1.105823807076215e-07
1.0721899033883472e+16,4.123276216896883e+19
-107374180.3696671,27924.636848542006
-0.0008255031011040654,1.1058238069445487e-07
-0.0008255031011547,1.1058238070762269e-07
-0.0008255031011547,1.105823807076215e-07
-0.0008255031011547,1.105823807076215e-07
-0.0008255031011547,1.105823807076215e-07
-0.0008255031011547,1.1058238073755568e-07
-0.0008255031011547,1.1058238070985815e-07
-0.0008255031011547,1.105823807076215e-07
-0.0008255031011547,1.105823807076215e-07
-0.0008255031011547,1.105823807076215e-07
-0.0008255031011547,1.105823807076215e-07
-0.0008255031011547,1.105823807076215e-07
0.0001509479914290438,3.7550976112671623
-0.0008255031011087284,1.1058238069566733e-07
-0.0008255031011547,1.1058238070762164e-07
-0.0008255031011547,1.105823807076215e-07
-0.0008255031011547,1.105823807076215e-07
-0.0008255031011547,1.105823807076215e-07
-0.0008255031011541098,1.1058238070746851e-07
-0.0008255031011547,1.1058238070996657e-07
-0.0008255031011547,1.105823807076215e-07
-0.0008255031011547,1.105823807076215e-07
-0.0008255031011547,1.105823807076215e-07
-0.0008255031011547,1.105823807076215e-07
2.896359679506944e+21,-7.531505035633065e+17
5.8486029520286655e+35,-1.5208326126167059e+32
-0.0008255031011051757,1.1058238069474351e-07
-0.0008255031011547,1.1058238070762159e-07
-0.0008255031011547,1.105823807076215e-07
-0.0008255031011547,1.105823807076215e-07
-0.0008255031011547,1.105823807076215e-07
-0.0008255031011547,1.105823807076215e-07
-0.0008255031011547,1.1058238071006144e-07
-0.0008255031011547,1.105823807076215e-07
-0.0008255031011547,1.105823807076215e-07
-0.0008255031011547,1.105823807076215e-07
-0.0008255031011547,1.105823807076215e-07
-0.0008255031011547,1.105823807076215e-07
-151996488324747.38,39524176690.653694
-0.0008255031011547,1.1058238070762153e-07
-0.0008255031011547,1.1058238070762155e-07
-0.0008255031011547,1.105823807076215e-07
-0.0008255031011547,1.1058238071531933e-07
-0.0008255031011547,1.105823807076215e-07
-0.0008255031011547,1.105823807076215e-07
-0.0008255031011547,1.105823807098446e-07
-0.0008255031011547,1.105823807076215e-07
-0.0008255031011547,1.105823807076215e-07
-0.0008255031011547,1.105823807076215e-07
-0.0008255031011547,1.105823807076215e-07
-0.0008255031011547,1.105823807076215e-07
0.00015145332747179476,3.757040961039717
-0.0008255031010965076,1.1058238071938202e-07
-0.0008255031011547,1.105823807076215e-07
-0.0008255031011547,1.105823807076215e-07
-0.0008255031011547,1.105823807096693e-07
-0.0008255031011547,1.105823807076215e-07
1.0851950982315096e+22,-2.821870641551768e+18
-0.0008255031011547,1.1058238070973618e-07
-0.0008255031011546788,1.105823807269195e-07
-0.0008255031011547,1.105823807076215e-07
-0.0008255031011547,1.105823807076215e-07
-0.0008255031011547,1.105823807076215e-07
-0.0008255031011547,1.105823807076215e-07
5.8486029520286655e+35,-1.5208326126167059e+32
-0.0008255031011546726,1.10582380732989e-07
-0.0008255031011546773,1.105823807076156e-07
-0.0008255031011547,1.105823807076215e-07
-0.0008255031011547,1.105823807076215e-07
-0.0008255031011547,1.1058238071667588e-07
4.375181556175931e+18,1.6825454394408767e+22
-0.0008255031011547,1.1058238070957355e-07
-0.0008255031011547,1.105823807076215e-07
-0.0008255031011547,1.105823807076215e-07
-0.0008255031011547,1.105823807076215e-07
-0.0008255031011547,1.105823807076215e-07
8.512344517415561e+17,-221349461710751.97
-151996488324747.38,39524176690.65565
-0.0008255031011547,1.105823807076215e-07
-0.0008255031011547,1.105823807076215e-07
-0.0008255031011547,1.105823807076215e-07
-0.0008255031011547,1.105823807076216e-07
-0.0008255031011547,1.105823807076215e-07
-0.0008255031011547,1.105823807076215e-07
-0.0008255031011547,1.1058238070762153e-07
-0.0008255031011547,1.105823807076215e-07
-0.0008255031011547,1.105823807076215e-07
-0.0008255031011547,1.105823807076215e-07
-0.0008255031011547,1.105823807076215e-07
-0.0008255031011547,1.105823807076215e-07
0.00015200038670919798,3.7589843108014223
-0.0008255031011547,1.105823807076215e-07
-0.0008255031011547,1.105823807076215e-07
-0.0008255031011547,1.105823807076215e-07
-0.0008255031011547,1.10582380707622e-07
-0.0008255031011547,1.105823807076215e-07
-0.0008255031011547,1.105823807076215e-07
-0.0008255031011547,1.105823807076215e-07
-0.0008255031011547,1.105823807076215e-07
-0.0008255031011453156,1.1058238070518127e-07
-0.0008255031011546991,1.1058238414931275e-07
-0.0008255031011547,1.105823807076215e-07
-0.0008255031011547,1.105823807076215e-07
0.00015212624084309562,3.7596287562097954
-0.0008255031011238274,1.1058238069959358e-07
-0.0008255031011547,1.105823807076215e-07
-0.0008255031011547,1.105823807076215e-07
-0.0008255031011547,1.105823807076215e-07
-0.0008255031011547,1.105823807076215e-07
-0.0008255031011547,1.1058238070762151e-07
-0.0008255031011547,1.1058238070865172e-07
-0.0008255031011547,1.105823807076215e-07
-0.0008255031011547,1.105823807076215e-07
-0.0008255031011547,1.105823807076215e-07
-0.0008255031011547,1.105823807076215e-07
-0.0008255031011547,1.1058238070762196e-07
-2.3021534981236274e+20,5.986369989403386e+16
-0.0008255031011160559,1.1058238069757272e-07
-0.0008255031011547,1.105823807076215e-07
-0.0008255031011547,1.105823807076215e-07
-0.0008255031011547,1.1058238070768379e-07
-0.0008255031011547,1.105823807076215e-07
-0.0008255031011547,1.105823807076215e-07
-0.0008255031011547,1.1058238070762152e-07
-0.0008255031011547,1.105823807076215e-07
-0.0008255031011547,1.105823807076215e-07
-0.0008255031011547,1.105823807076215e-07
-0.0008255031011547,1.105823807076215e-07
-0.0008255031011547,1.105823807076215e-07
0.0589024618642024,3.7609123836180918
-0.0008255031011547,1.1058238070762152e-07
-0.0008255031011547,1.105823807076215e-07
-0.0008255031011547,1.105823807076215e-07
-0.0008255031011547,1.105823807076215e-07
-0.0008255031011547,1.105823807076215e-07
-0.0008255031011547,1.105823807076215e-07
-0.0008255031011547,1.1058238070858396e-07
-0.0008255031011547,1.105823807076215e-07
-0.0008255031011547,1.105823807076215e-07
-0.0008255031011547,1.105823807076215e-07
-0.0008255031011547,1.105823807076215e-07
-0.00024842604863467457,2.2192414162442313
0.00015263411872785818,3.761581881143763
-0.0008255031011314921,1.105823807015867e-07
-0.0008255031011547,1.105823807076215e-07
-0.0008255031011547,1.105823807076215e-07
-0.0008255031011547,1.105823807076215e-07
-0.0008255031011547,1.105823807076215e-07
10370.061323898513,-2.6965632979837015
-0.0008255031011547,1.1058238070855686e-07
-0.0008255031011547,1.1058238070762152e-07
-0.0008255031011547,1.105823807076215e-07
-0.0008255031011547,1.105823807076215e-07
-0.0008255031011547,1.105823807076215e-07
-0.0008255031011547,1.105823807076215e-07
-2.3021534981236274e+20,5.986369989403386e+16
-0.0008255031011256038,1.105823807000555e-07
-0.0008255031011547,1.105823807076215e-07
-0.0008255031011547,1.105823807076215e-07
-0.0008255031011547,1.105823807076215e-07
-0.0008255031011547,1.105823807076215e-07
-0.0008255031011547,1.105823807076215e-07
-0.0008255031011547,1.1058238070843815e-07
-0.0008255031011547,1.105823807076215e-07
-0.0008255031011547,1.1058238070762153e-07
-0.0008255031011547,1.105823807076215e-07
-0.0008255031011547,1.105823807076215e-07
36.74715828561768,141320.1983472575
89128.95807713458,-19.413642603478426
-0.0008255031011547,1.1058238070762152e-07
-0.0008255031011547,1.105823807076215e-07
-0.0008255031011547,1.105823807076215e-07
-0.0008255031011547,1.105823807076215e-07
-0.0008255031011547,1.105823807076215e-07
2.246712909988646,8643.265332892963
-0.0008255031011547,1.1058238070834329e-07
-0.0008255031011547,1.105823807076215e-07
-0.0008255031011547,1.105823807076215e-07
-0.0008255031011547,1.105823807076215e-07
-0.0008255031011547,1.105823807076215e-07
-0.0008255031011547,1.105823807076215e-07
0.00015313945474332454,3.7635252309163176
-0.0008255031011547,1.105823807076215e-07
-0.0008255031011547,1.1058238070762152e-07
-0.0008255031011547,1.105823807076215e-07
-0.0008255031011547,1.105823807076215e-07
-0.0008255031011547,1.105823807076215e-07
-0.0008255031011547,1.105823807076215e-07
-0.0008255031011547,1.1058238070806207e-07
-0.0008255031011547,1.105823807076215e-07
-0.0008255031011547,1.105823807076215e-07
-0.0008255031011547,1.105823807076215e-07
-0.0008255031011547,1.105823807076215e-07
8.874187548286566,-0.00230768999780188
-3.218643875264641e+26,8.369551864011527e+22
-0.0008255031011379315,1.1058238070326115e-07
-0.0008255031011547,1.105823807076215e-07
-0.0008255031011547,1.105823807076215e-07
-0.0008255031011547,1.105823807076215e-07
-0.0008255031011547,1.105823807076215e-07
-0.0008255031011547,1.1058238070762394e-07
-0.0008255031011547,1.105823807080553e-07
-0.0008255031011547,1.105823807076215e-07
-0.0008255031011547,1.105823807076215e-07
-0.0008255031011547,1.105823807076215e-07
-0.0008255031011547,1.105823807076215e-07
2.628787434045054e+18,1.0109418892956529e+22
89128.95807764246,-19.41168947854446
-0.0008255031011547,1.1058238070762152e-07
-0.0008255031011547,1.105823807076215e-07
-0.0008255031011547,1.105823807076215e-07
-0.0008255031011547,1.105823807076215e-07
-0.0008255031011547,1.105823807076215e-07
-0.0008255031011547,1.1058238070762161e-07
-0.0008255031011547,1.1058238070804169e-07
-0.0008255031011547,1.1058238070762152e-07
-0.0008255031011547,1.105823807076215e-07
-0.0008255031011547,1.105823807076215e-07
-0.0008255031011547,1.105823807076215e-07
-0.0008255031011547,1.105823807076215e-07
0.0001536473326280871,3.765478355850285
-0.0008255031011547,1.105823807076215e-07
-0.0008255031011547,1.105823807076215e-07
-0.0008255031011547,1.105823807076215e-07
-0.0008255031011547,1.105823807076215e-07
-0.0008255031011547,1.105823807076215e-07
-0.0008255031011547,1.105823807076215e-07
-0.0008255031011547,1.1058238070762152e-07
-0.0008255031011547,1.105823807076215e-07
-0.0008255031011547,1.105823807076215e-07
-0.0008255031011547,1.105823807076215e-07
-0.0008255031011547,1.105823807076215e-07
-0.0008255031011547,1.105823807076215e-07
0.0001538124301387222,3.766113264504967
-0.0008255031011547,1.1058238070762151e-07
-0.0008255031011547,1.105823807076215e-07
-0.0008255031011547,1.105823807076215e-07
-0.0008255031011547,1.105823807076215e-07
-0.0006761748361601293,0.574265630813355
170754795891.00043,-44401964.79086795
-0.0008255031011547,1.105823807076215e-07
-0.0008255031011547,1.105823807076215e-07
-0.0008255031011547,1.105823807076215e-07
-0.0008255031011547,1.105823807076215e-07
-0.0008255031011546994,1.1058238070762136e-07
-0.0008255031011547,1.105823807076215e-07
126443835213.09766,-32879627.460329156
-0.0008255031011547,1.105823807076215e-07
-0.0008255031011547,1.105823807076215e-07
-0.0008255031011547,1.105823807076215e-07
-0.0008255031011547,1.105823807076215e-07
-0.0008255031011547,1.105823807076215e-07
-0.0008255031011547,1.105823807076215e-07
-0.0008255031011547,1.1058238070762151e-07
-0.0008255031011547,1.105823807076215e-07
-0.0008255031011547,1.105823807076215e-07
-0.0008255031011547,1.1058238070762153e-07
-0.0008255031011547,1.105823807076215e-07
36708422.75811021,-9545.419127742214
0.00015415009301381576,3.767411930461436
-0.0008255031011418193,1.1058238070427211e-07
-0.0008255031011547,1.105823807076215e-07
-0.0008255031011547,1.105823807076215e-07
-0.0008255031011547,1.105823807076215e-07
-0.0008255031011547,1.105823807076215e-07
-0.0008255031011541437,1.1058250451258132e-07
-0.0008255031011547,1.1058238070787736e-07
-0.0008255031011547,1.105823807076215e-07
-0.0008255031011547,1.105823807076215e-07
-0.0008255031011547,1.105823807076215e-07
-0.0008255031011547,1.105823807076215e-07
-0.0008255031011547,1.105823807076215e-07
0.00015432030802348476,3.7680663894389346
-0.0008255031011468153,1.1058238070557125e-07
-0.0008255031011547,1.105823807076215e-07
-0.0008255031011547,1.105823807076215e-07
-0.0008255031011547,1.105823807076215e-07
-0.0008255031011547,1.105823807076215e-07
-0.0008255031011547,1.1058238070762885e-07
-0.0008255031011547,1.1058238070799934e-07
-0.0008255031011547,1.105823807076215e-07
-0.0008255031011546553,1.1058238070760987e-07
-0.0008255031011547,1.105823807076215e-07
-0.0008255031011547,1.105823807076215e-07
-0.0008255031011547,1.105823807076215e-07
126443835213.09766,-32879627.45837603
-0.0008255031011547,1.1058238070762153e-07
-0.0008255031011547,1.105823807076215e-07
-0.0008255031011547,1.105823807076215e-07
-0.0008255031011547,1.105823807076215e-07
-0.0008255031011547,1.105823807076215e-07
-0.0008255031011547,1.1058238070952112e-07
-0.0008255031011547,1.1058238070762152e-07
-0.0008255031011547,1.105823807076215e-07
-0.0008255031011546596,1.10582380707611e-07
-0.0008255031011547,1.105823807076215e-07
-0.0008255031011547,1.105823807076215e-07
-0.0008255031011547,1.105823807076215e-07
0.00015465797089857832,3.7693650553954035
-0.0008255031011547,1.1058238070762152e-07
-0.0008255031011547,1.1058238070762155e-07
-0.0008255031011547,1.105823807076215e-07
-0.0008255031011547,1.105823807076215e-07
-0.0008255031011547,1.105823807076215e-07
-0.0008255031011547,1.1058238070762332e-07
-0.0008255031011547,1.1058238070762152e-07
-0.0008255031011547,1.105823807076215e-07
-0.0008255031011547,1.1058238070762153e-07
-0.0008255031011547,1.105823807076215e-07
-0.0008255031011547,1.105823807076215e-07
-0.0008255031011547,1.105823807076215e-07
0.0001548256440389509,3.7700097392114893
-0.0008255031011547,1.105823807076215e-07
-0.0008255031011547,1.1058238070762165e-07
-0.0008255031011547,1.105823807076215e-07
-0.0008255031011547,1.105823807076215e-07
-0.0008255031011547,1.105823807076215e-07
-0.0008255031011547,1.105823807076215e-07
-0.0008255031011547,1.1058238070762153e-07
-0.0008255031011547,1.105823807076215e-07
-0.0008255031011547,1.1058238070762152e-07
-0.0008255031011547,1.105823807076215e-07
-0.0008255031011547,1.105823807076215e-07
-0.0008255031011547,1.105823807076215e-07
1.902320493877727e+17,-49466702911241.93
-0.0008255031011547,1.105823807076215e-07
-0.0008255031011547,1.105823807076215e-07
-0.0008255031011547,1.105823807076215e-07
-0.0008255031011547,1.105823807076215e-07
-0.0008255031011547,1.105823807076215e-07
1.1512510805827457e+22,-2.993638315032402e+18
-0.0008255031011547,1.1058238070785704e-07
-0.000825503101081407,1.105823806885629e-07
-0.0008255031011547,1.105823807076215e-07
-0.0008255031011547,1.105823807076215e-07
-0.0008255031011547,1.105823807076215e-07
-0.0008255031011547,1.105823807076215e-07
0.00010511451467812923,3.7713084181823198
-0.0008255031011546829,1.1058244600603293e-07
-0.0008255031010994008,1.1058238069324184e-07
-0.0008255031011547,1.105823807076215e-07
-0.0008255031011547,1.105823807076215e-07
-0.0008255031011547,1.105823807076215e-07
-0.0008255031011547,1.105823807076215e-07
-0.0008255031011547,1.1058238070762152e-07
-0.0008255031011547,1.105823807076215e-07
-0.0008255031011547,1.105823807076215e-07
-0.0008255031011547,1.105823807076215e-07
-0.0008255031011547,1.105823807076215e-07
-0.0008255031011547,1.105823807076215e-07
0.00015533352192371346,3.7719628641454563
-0.0008255031011547,1.105823807076215e-07
-0.0008255031011547,1.105823807076215e-07
-0.0008255031011547,1.105823807076215e-07
-0.0008255031011547,1.105823807076215e-07
-0.0008255031011547,1.105823807076215e-07
7.227795568658285e+29,2.7795633884245527e+33
-0.0008255031011547,1.1058238070778839e-07
-0.0008255031011547,1.1058238070762152e-07
-0.0008255031011547,1.105823807076215e-07
-0.0008255031011547,1.105823807076215e-07
-0.0008255031011547,1.105823807076215e-07
-0.0008255031011547,1.105823807076215e-07
4.056481692916499e+29,-1.0548210746517095e+26
-0.000825503101153888,1.1058238070741036e-07
-0.0008255031011547,1.105823807076215e-07
-0.0008255031011547,1.105823807076215e-07
-0.0008255031011547,1.105823807076215e-07
617.8067967358786,2375877.169674777
-0.0008255031011007686,1.1078978218548471e-07
-0.0008255031011547,1.105823807077689e-07
-0.0008255031011547,1.105823807076215e-07
-0.0008255031011547,1.105823807076215e-07
-0.0008255031011547,1.105823807076215e-07
-0.0008255031011547,1.105823807076215e-07
-0.0008255031011547,1.105823807076215e-07
-71.6798422130911,3.7918909546511075
-0.0008255031011547,1.1058238070762151e-07
-0.0008255031011547,1.105823807076215e-07
-0.0008255031011547,1.1058238070762161e-07
-0.0008255031011547,1.105823807076215e-07
2.72479663252101e+18,1.047863748872444e+22
7.28182907556844e+29,2.800342830251451e+33
-0.0008255031011547,1.1058238070777399e-07
-0.0008255031011547,1.105823807076215e-07
-0.0008255031011547,1.105823807076215e-07
-0.0008255031011547,1.105823807076215e-07
-0.0008255031011547,1.105823807076215e-07
-0.0008232469507057142,0.008676494864708376
0.00015583885793917982,3.773906213918011
-0.0008255031011541829,1.1058238070748707e-07
-0.0008255031011547,1.105823807076215e-07
-0.0008255031011547,1.1058238070762167e-07
-0.0008255031011547,1.105823807076215e-07
-0.0008255031011547,1.105823807076215e-07
-0.0008255031011458169,1.105823807053116e-07
-0.0008255031011547,1.1058238070775112e-07
-0.0008255031011547,1.1058238070762152e-07
-0.0008255031011547,1.105823807076215e-07
-0.0008255031011547,1.105823807076215e-07
-0.0008255031011547,1.105823807076215e-07
-0.0008255031011547,1.105823807076215e-07
4.056481692916499e+29,-1.0548210746517095e+26
-0.0008255031011482066,1.106056909267947e-07
-0.0008255031011547,1.105823807076215e-07
-0.0008255031011547,1.105823807076215e-07
-0.0008255031011547,1.105823807076215e-07
-0.0008255031011547,1.105823807076215e-07
-0.0008255031011547,1.105823807076215e-07
-0.0008255031011547,1.1058238070773587e-07
-0.0008255031011547,1.105823807076215e-07
-0.0008255031011547,1.105823807076215e-07
-0.0008255031011547,1.105823807076215e-07
-0.0008255031011547,1.105823807076215e-07
-0.0008255030917696326,1.466741455076687e-07
-71.67984170521322,3.793844079585075
-0.0008255031011478994,1.1060853309775398e-07
-0.0008255031011547,1.105823807076215e-07
-0.0008255031011547,1.105823807076215e-07
-0.0008255031011547,1.105823807076215e-07
-0.0008255031011547,1.105823807076215e-07
-0.0008255031011547,1.105823807076215e-07
-0.0008255031011547,1.1058238070774773e-07
-0.0008255031011547,1.105823807076215e-07
-0.0008255031011547,1.105823807076215e-07
-0.0008255031011547,1.105823807076215e-07
-0.0008255031011547,1.105823807076215e-07
-0.0008255031011547,1.105823807076215e-07
0.00015634419395464596,3.775849563690566
-0.000825503101154072,1.1058238070745824e-07
-0.0008255031011547,1.105823807076215e-07
-0.0008255031011547,1.105823807076215e-07
-0.0008255031011547,1.1058238070762152e-07
-0.0008255031011547,1.105823807076215e-07
-0.0008255031011547,1.105823807076215e-07
-0.0008255031011547,1.1058238070773076e-07
-0.0008255031011547,1.1058238070762153e-07
-0.0008255031011547,1.105823807076215e-07
-0.0008255031011547,1.105823807076215e-07
-0.0008255031011547,1.105823807076215e-07
-0.0008255031011547,1.105823807076215e-07
5.8486029520286655e+35,-1.5208326126167059e+32
-0.0008255031011438166,1.106219525796851e-07
-0.0008255031011547,1.105823807076215e-07
-0.0008255031011547,1.105823807076215e-07
-0.0008255031011547,1.105823807076215e-07
2.512338630376201,9664.771157732172
-0.0008255031011547,1.1058238070762151e-07
-0.0008255031011547,1.1058238070775366e-07
-0.0008255031011547,1.105823807076215e-07
-0.0008255031011547,1.105823807076215e-07
-0.0008255031011547,1.105823807076215e-07
-0.0008255031011547,1.105823807076215e-07
-0.0008255031011547,1.105823807076215e-07
-151996488324747.38,39524176690.674446
-0.0008255031011547,1.105823807076215e-07
-0.0008255031011547,1.105823807076215e-07
-0.0008255031011547,1.105823807076215e-07
-0.0008255031011547,1.105823807076215e-07
-0.0008255030988240041,1.1058238010969469e-07
-0.0008255031011547,1.105823807076215e-07
-0.0008255031011547,1.1058238070775112e-07
-0.0008255031011547,1.105823807076215e-07
-0.0008255031011547,1.105823807076215e-07
-0.0008255031011547,1.105823807076215e-07
-0.0008255031011547,1.105823807076215e-07
-0.0008255031011547,1.105823807076215e-07
0.00015685207183940852,3.7778026886245333
-0.0008255031011409102,1.1063400334944076e-07
-0.0008255031011547,1.105823807076215e-07
-0.0008255031011547,1.105823807076215e-07
-0.0008255031011547,1.105823807076215e-07
-0.0008255031011547,1.105823807076215e-07
-0.0008255031011547,1.105823807076215e-07
-0.0008255031011547,1.105823807076215e-07
-0.0008255031011547,1.105823807076215e-07
-0.0008255031011547,1.105823807076215e-07
-0.0008255031011547,1.105823807076215e-07
-0.0008254668250493365,0.000139615598006957
8.440361116420473,-0.0021948805984959756
5.8486029520286655e+35,-1.5208326126167059e+32
-0.0008255031011547,1.105823807076215e-07
-0.0008255031011547,1.105823807076215e-07
-0.0008255031011547,1.105823807076215e-07
-0.0008255031011547,1.105823807076215e-07
-0.0008255031011547,1.105823807076215e-07
-0.0008255031011547,1.1058238070765602e-07
-0.0008255031011547,1.105823807076215e-07
-0.0008255031011547,1.1058238070762186e-07
-0.0008255031011547,1.105823807076215e-07
-0.0008255031011547,1.105823807076215e-07
-0.0008255031011547,1.105823807076215e-07
-0.0008255031011547,1.105823807076215e-07
-2.3021534981236274e+20,5.986369989403386e+16
-0.0008255031011547,1.105823807076215e-07
-0.0008255031011547,1.105823807076216e-07
-0.0008255031011547,1.105823807076215e-07
-0.0008255031011547,1.105823807076215e-07
-0.0008255031011547,1.105823807076215e-07
0.0381881206302837,150.03307609284568
-0.0008255031011547,1.1058238070762157e-07
-0.0008255031011547,1.105823807076215e-07
-0.0008255031011547,1.105823807076215e-07
-0.0008255031011547,1.105823807076215e-07
-0.0008255031011547,1.105823807076215e-07
-0.0008255031011547,1.105823807076215e-07
0.00015739658923480035,3.7797362632248257
-0.0008255031011288279,1.1068107853885808e-07
-0.0008255031011547,1.1058238070762169e-07
-0.0008255031011547,1.105823807076215e-07
-0.0008255031011547,1.105823807076215e-07
-0.0008255031011547,1.105823807076215e-07
1.047919931275896e+22,-2.724942725583107e+18
-0.0008255031011547,1.1058238070776718e-07
-0.0008255031011547,1.1058238070762155e-07
-0.0008255031011547,1.105823807076215e-07
-0.0008255031011547,1.105823807076215e-07
-0.0008255031011547,1.105823807076215e-07
-0.0008255031011547,1.105823807076215e-07
0.0001575249852379942,3.7803904837946116
-0.0008255031011293713,1.1067971423445054e-07
-0.0008255031011547,1.1058238070762157e-07
-0.0008255031011547,1.105823807076215e-07
-0.0008255031011547,1.105823807076215e-07
-0.0008255031011547,1.105823807076215e-07
-0.0008255031011547,1.1058238070762151e-07
-0.0008255031011547,1.1058238070777907e-07
-0.0008255031011547,1.1058238070762156e-07
-0.0008255031011547,1.105823807076215e-07
-0.0008255031011547,1.105823807076215e-07
-0.0008255031011547,1.105823807076215e-07
-0.0008255031011547,1.105823807076215e-07
-2.3021534981236274e+20,5.986369989403386e+16
-0.0008255031011282017,1.1068426169393125e-07
-0.0008255031011547,1.105823807076216e-07
-0.0008255031011547,1.105823807076215e-07
-0.0008255031011547,1.105823807076215e-07
-0.0008255031011547,1.105823807076215e-07
-0.0008255031011547,1.1058238070762151e-07
-0.0008255031011547,1.1058238070776975e-07
-0.0008255031011547,1.105823807076215e-07
-0.0008255031011547,1.105823807076215e-07
-0.0008255031011547,1.105823807076215e-07
-0.0008255031011547,1.105823807076215e-07
-0.0008255031011547,1.105823807076215e-07
0.00015790446711956292,3.781689388158793
-0.0008255031011305689,1.1067516672640488e-07
-0.0008255031011547,1.1058238070762156e-07
-0.0008255031011547,1.105823807076215e-07
-0.0008255031011547,1.105823807076215e-07
-0.0008255031011547,1.105823807076215e-07
146456915112.48035,-38083702.15472365
-0.0008255031011547,1.1058238070778161e-07
-0.0008255029819738582,1.1058234971661178e-07
-0.0008255031011547,1.1058238070762152e-07
-0.0008255031011547,1.105823807076215e-07
-0.0008255031011547,1.105823807076215e-07
3.819582614502076e+18,1.468881056953264e+22
0.00015803032125346055,3.7823338335671663
-0.0008255031011386099,1.1064424391452897e-07
-0.0008255031011547,1.105823807076215e-07
-0.0008255031011547,1.105823807076215e-07
-0.0008255031011547,1.105823807076215e-07
-0.0008255031011547,1.105823807076215e-07
-0.0008255031011547,1.1058238070762151e-07
-0.0008255031011547,1.1058238070775535e-07
-0.0008255031011547,1.105823807076215e-07
-0.0008255031011547,1.105823807076215e-07
-0.0008255031011547,1.105823807076215e-07
-0.0008255031011547,1.105823807076215e-07
-0.0008255031011547,1.105823807076215e-07
-3.218643875264641e+26,8.369551864011527e+22
-0.0008255031011384951,1.1064469866880431e-07
-0.0008255031011547,1.105823807076215e-07
-0.0008255031011547,1.105823807076215e-07
-0.0008255031011547,1.105823807076215e-07
-0.0008255031011547,1.105823807076215e-07
-0.0008255031011547,1.105823807076215e-07
-0.0008255031011547,1.1058238070775874e-07
-0.0008255031011547,1.105823807076215e-07
-0.0008255031011547,1.105823807076215e-07
-0.0008255031011547,1.105823807076215e-07
-0.0008255031011547,1.105823807076215e-07
1.0109695864324246e+22,-2.6288594558752655e+18
0.05890836594461277,3.7836174609754627
-0.0008255031011546926,1.105823807076197e-07
-0.0008255031011547,1.105823807076215e-07
-0.0008255031011547,1.105823807076215e-07
-0.0008255031011547,1.105823807076215e-07
-0.0008255031011547,1.105823807076215e-07
-0.0008255031011547,1.105823807076215e-07
-0.0008255031011547,1.1058238070777992e-07
-0.0008255031011547,1.105823807076215e-07
-0.0008255031011547,1.105823807076215e-07
-0.0008255031011547,1.105823807076215e-07
-0.0008255031011547,1.105823807076215e-07
3.6268123799079496e+18,1.3947482067133794e+22
0.0001585356572689267,3.784277183339721
-0.0008255031011547,1.1058238070762164e-07
-0.0008255031011547,1.105823807076215e-07
-0.0008255031011547,1.105823807076215e-07
-0.0008255031011547,1.105823807076215e-07
-0.0008254941728683118,3.444572333780591e-05
-0.0008255031011547,1.105823807076215e-07
-0.0008255031011547,1.1058238070775024e-07
-0.0008255031011547,1.105823807076215e-07
-0.0008255031011547,1.105823807076215e-07
-0.0008255031011547,1.105823807076215e-07
-0.0008255031011547,1.105823807076215e-07
-0.0008255031011547,1.105823807076215e-07
-3.218643875264641e+26,8.369551864011527e+22
-0.0008255031011544292,1.1058238070755127e-07
-0.0008255031011547,1.105823807076215e-07
-0.0008255031011547,1.105823807076215e-07
-0.0008255031011547,1.105823807076215e-07
-0.0008255031011547,1.105823807076215e-07
-0.0008255031011547,1.105823807076215e-07
-0.0008255031011547,1.1058238070762165e-07
-0.0008255031011547,1.1058238070762165e-07
-0.0008255031011547,1.105823807076215e-07
-0.0008255031011547,1.105823807076215e-07
-0.0008255031011547,1.105823807076215e-07
2.936602588166172e+18,1.1293170874691323e+22
89128.95808303865,-19.390937526121057
-0.0008255031011547,1.1058238070762168e-07
-0.0008255031011547,1.105823807076215e-07
-0.0008255031011547,1.105823807076215e-07
-0.0008255031011547,1.105823807076215e-07
-0.0008255031011547,1.105823807076215e-07
-0.0008255031011547,1.105823807076215e-07
-0.0008255031011547,1.1058238070775112e-07
-0.0008255031011547,1.1058238070762167e-07
-0.0008255031011547,1.105823807076215e-07
-0.0008255031011547,1.105823807076215e-07
-0.0008255031011547,1.105823807076215e-07
-0.0008255031011547,1.105823807076215e-07
0.00015904099328436963,3.786220533112276
-0.0008255031011544823,1.1058238070756507e-07
-0.0008255031011547,1.105823807076215e-07
-0.0008255031011547,1.105823807076215e-07
-0.0008255031011547,1.105823807076215e-07
-0.0008255031011547,1.105823807076215e-07
-0.0008255031011547,1.1058238070809256e-07
-0.0008255031011547,1.1058238070776636e-07
-0.0008255031011547,1.105823807076215e-07
-0.0008255031011547,1.105823807076215e-07
-0.0008255031011547,1.105823807076215e-07
-0.0008255031011547,1.105823807076215e-07
-0.0008255031011547,1.105823807076215e-07
-4.932681786943494e+32,1.2826624393509261e+29
-0.0008255031011544875,1.1058238070756648e-07
-0.0008255031011547,1.105823807076215e-07
-0.0008255031011547,1.105823807076215e-07
-0.0008255031011547,1.105823807076215e-07
-0.0008255031011547,1.105823807076215e-07
-0.0008255031011547,1.1058238070765122e-07
-0.0008255031011547,1.1058238070773841e-07
-0.0008255031011547,1.105823807076215e-07
-0.0008255031011547,1.105823807076215e-07
-0.0008255031011547,1.105823807076215e-07
-0.0008255031011547,1.105823807076215e-07
-0.0008255031011547,1.105823807076215e-07
126443835213.09767,-32879627.439577203
-0.00082550310114719,1.1061126152105174e-07
-0.0008255031011547,1.105823807076215e-07
-0.0008255031011547,1.105823807076215e-07
-0.0008255031011547,1.105823807076215e-07
-0.0008255031011547,1.105823807076215e-07
-0.0008255031011547,1.1058238070762197e-07
-0.0008255031011547,1.1058238070762186e-07
-0.0008255031011547,1.105823807076218e-07
-0.0008255031011547,1.105823807076215e-07
-0.0008255031011547,1.105823807076215e-07
-0.0008255031011547,1.105823807076215e-07
2.597761834893723e+18,9.990105032062449e+21
0.0001595488711691322,3.788173658046243
-0.0008255031011476629,1.1060944252650551e-07
-0.0008255031011547,1.105823807076215e-07
-0.0008255031011547,1.105823807076215e-07
-0.0008255031011547,1.105823807076215e-07
-0.0008255031011547,1.105823807076215e-07
9.968219790413153e+21,-2.5920709392203044e+18
-0.0008255031011547,1.105823807077295e-07
-0.0008255031011547,1.1058238070762185e-07
-0.0008086885619466448,1.0621003746540115e-07
-0.0008255031011547,1.105823807076215e-07
-0.0008255031011547,1.105823807076215e-07
-0.0008255031011547,1.105823807076215e-07
0.0001597139686797907,3.7888085667009253
-0.0008255031011547,1.1058238070762194e-07
-0.0008255031011547,1.1058238070762152e-07
-0.0008255031011547,1.105823807076215e-07
-0.0008255031011547,1.105823807076215e-07
-0.0008255031011547,1.105823807076215e-07
2454.5196521874213,9439247.680871358
-0.0008255031011547,1.1058238070772188e-07
-0.0008255031011547,1.1058238070762196e-07
-0.0008255031011547,1.1058238070762152e-07
-0.0008255031011547,1.105823807076215e-07
-0.0008255031011547,1.105823807076215e-07
-0.0008255031011547,1.105823807076215e-07
1.902320493877727e+17,-49466702911241.914
-0.0008255031011546933,1.1058238070762034e-07
-0.0008255031011547,1.1058238070762152e-07
-0.0008255031011547,1.105823807076215e-07
-0.0008255031011547,1.105823807076215e-07
-0.0008255031011547,1.105823807076215e-07
-0.0008255031011547,1.1058238070762161e-07
-0.0008255031011547,1.1058238070770494e-07
-0.0008255031011547,1.1058238070762206e-07
-0.0008255031011547,1.105823807076215e-07
-0.0008255031011547,1.105823807076215e-07
-0.0008255031011547,1.105823807076215e-07
-0.0008255031011547,1.105823807076215e-07
0.00016005417342418048,3.7901170078188064
-0.0008255031011546943,1.1058238070762074e-07
-0.0008254994736061527,1.4060895496040098e-05
-0.0008255031011547,1.105823807076215e-07
-0.0008255031011547,1.105823807076215e-07
-0.0008255031011547,1.105823807076215e-07
-0.0008255031011547,1.105823807076215e-07
-0.0008255031011547,1.1058238070771214e-07
-0.0008255031011547,1.1058238070762221e-07
-0.0008255031011547,1.105823807076215e-07
-0.0008255031011547,1.105823807076215e-07
-0.0008255031011547,1.105823807076215e-07
8.499683471592595,-0.002210306397296645
0.00016022184656455326,3.7907616916348923
-0.0008255031011545872,1.10582380707593e-07
-0.0008255031011547,1.1058238070805356e-07
-0.0008255031011547,1.105823807076215e-07
-0.0008255031011547,1.105823807076215e-07
-0.0008255031011547,1.105823807076215e-07
-0.0008255031011547,1.105823807076215e-07
-0.0008255031011547,1.1058238070769943e-07
-0.0008254905841703411,1.1057912587254794e-07
-0.0008255031011546995,1.1058238070762138e-07
-0.0008255031011547,1.105823807076215e-07
-0.0008255031011547,1.105823807076215e-07
-0.0008255031011547,1.105823807076215e-07
1.902320493877727e+17,-49466702911241.914
-0.0008255031011517139,1.1059341050582015e-07
-0.0008255031011547,1.1058238070783245e-07
-0.0008255031011547,1.105823807076215e-07
-0.0008255031011547,1.105823807076215e-07
-0.0008255031011547,1.105823807076215e-07
-0.0008255031011547,1.105823807076215e-07
-0.0008255031011547,1.1058238070769478e-07
-0.0008255031011547,1.1058238070762265e-07
-0.0008255031011546995,1.1058238070762138e-07
-0.0008255031011547,1.105823807076215e-07
-0.0008255031011547,1.105823807076215e-07
-0.0008255031011547,1.1058238070774094e-07
0.0001105107172037316,3.7920603706057228
-0.0008255031011520442,1.1059215994631203e-07
-0.0008255031011546989,1.1058238070779065e-07
-0.0008255031011547,1.105823807076215e-07
-0.0008255031011547,1.105823807076215e-07
-0.0008255031011547,1.105823807076215e-07
-0.0008255031011547,1.105823807076215e-07
-0.0008255031011547,1.1058238070762312e-07
-0.0008255031011547,1.105823807076215e-07
-0.0008255031011546986,1.1058238070762112e-07
-0.0008255031011547,1.105823807076215e-07
-0.0008255031011547,1.105823807076215e-07
-0.0008255031011547,1.105823807076215e-07
0.0001607271825800194,3.792705041407447
-0.000825503101151418,1.105950021128515e-07
-0.0008255031011546994,1.105823807100208e-07
-0.0008255031011547,1.105823807076215e-07
-0.0008255031011547,1.105823807076215e-07
-0.0008255031011547,1.105823807076215e-07
-0.0008255031011228721,1.1058238069934518e-07
-0.0008255031011547,1.1058238070768546e-07
-0.0008255031011547,1.105823807076215e-07
-0.0008255031011547,1.1058238070762151e-07
-0.0008255031011547,1.105823807076215e-07
-0.0008255031011547,1.105823807076215e-07
-0.0008233444925182091,0.00830138235872227
4.056481692916499e+29,-1.0548210746517095e+26
-0.0008255031011545647,1.1058238070758837e-07
-0.0008255031011546969,1.1058238070762073e-07
-0.0008255031011547,1.105823807076215e-07
-0.0008255031011547,1.105823807076215e-07
-0.0008255031011547,1.105823807076215e-07
-0.0008255031011547,1.105823807076215e-07
-0.0008255031011547,1.1058238070767212e-07
-0.0008255031011547,1.1058238070762364e-07
-0.0008255031011547,1.1058238070762151e-07
-0.0008255031011547,1.105823807076215e-07
-0.0008255031011547,1.105823807076215e-07
-0.0008255031011541973,1.1058431349785549e-07
-71.67983681688857,3.812642907074511
-0.0008255031011545872,1.1058238070759505e-07
-0.0008255031011547,1.1058238070762151e-07
-0.0008255031011547,1.105823807076215e-07
-0.0008255031011547,1.105823807076215e-07
-0.0008255031011547,1.105823807076215e-07
4.793504688460953e+31,1.843418232809931e+35
-0.0008255031011547,1.1058238070767784e-07
-0.0008255031011547,1.105823807076215e-07
-0.0008255031011547,1.1058238070762151e-07
-0.0008255031011547,1.105823807076215e-07
-0.0008255031011547,1.105823807076215e-07
-0.0008255031011547,1.105823807076215e-07
0.00016123506046478197,3.7946581663414145
-0.0008255031011547,1.1058238070762482e-07
-0.0008255031011546949,1.1058238071068369e-07
-0.0008255031011547,1.105823807076215e-07
-0.0008255031011547,1.105823807076215e-07
-0.0008255031011547,1.105823807076215e-07
-0.0008255031011547,1.105823807076215e-07
-0.0008255031011547,1.1058238070762507e-07
-0.0008254933781521814,1.1057985240138793e-07
-0.0008255031011547,1.105823807076215e-07
-0.0008255031011547,1.105823807076215e-07
-0.0008255031011547,1.105823807076215e-07
-0.0008255031011542071,1.1058238070749333e-07
5.8486029520286655e+35,-1.5208326126167059e+32
-0.0008255031011545718,1.1058249174671306e-07
-0.0008254984141511844,1.105811619390319e-07
-0.0008255031011547,1.105823807076215e-07
-0.0008255031011547,1.105823807076215e-07
-0.0008255031011547,1.105823807076215e-07
-0.0008255031011547,1.105823807076215e-07
-0.0008255031011547,1.1058238070768038e-07
-0.0008255028259758181,1.1227063579862167e-07
-0.0008255031011547,1.105823807076215e-07
-0.0008255031011547,1.105823807076215e-07
-0.0008255031011547,1.105823807076215e-07
-0.0008255031011547,1.105823807076215e-07
-107374180.36965631,27924.678352446852
-0.0008255031011546111,1.1058238070760496e-07
-0.0008255030934783215,1.1058237871614231e-07
-0.0008255031011547,1.105823807076215e-07
-0.0008255031011547,1.105823807076215e-07
-0.0008255031011547,1.105823807076215e-07
2.614541164703117e+18,1.005463260534182e+22
-0.0008255031011547,1.1058238070765941e-07
-0.0008255031009805971,1.112519206084887e-07
-0.0008255031011547,1.105823807076215e-07
-0.0008255031011547,1.105823807076215e-07
-0.0008255031011547,1.105823807076215e-07
-0.0008255031011547,1.105823807076215e-07
0.00016174039648024832,3.7966015161139692
-0.0008255031011541122,1.1058464076990803e-07
-0.0008255031007176378,1.1058238059397339e-07
-0.0008255031011547,1.105823807076215e-07
-0.0008255031011547,1.105823807076215e-07
-0.0008255031011547,1.105823807076215e-07
-0.0008255024278751393,2.1819612337980612e-06
-0.0008255031011547,1.1058238070764648e-07
-0.0008255031011547,1.105823807076215e-07
-0.0008255031011547,1.105823807076215e-07
-0.0008255031011547,1.105823807076215e-07
-0.0008255031011547,1.105823807076215e-07
-0.0008255031011547,1.1058238070774433e-07
5.8486029520286655e+35,-1.5208326126167059e+32
-0.0008255031011541488,1.1058420023405698e-07
-0.0008255031011547,1.1058238071537608e-07
-0.0008255031011547,1.105823807076215e-07
-0.0008255031011547,1.105823807076215e-07
-0.0008255031011547,1.105823807076215e-07
-0.0008255031011547,1.105823807076215e-07
-0.0008255031011547,1.1058238070766725e-07
-0.0008255030165536405,1.1058235870852751e-07
-0.0008255031011547,1.1058238073050393e-07
-0.0008255031011547,1.105823807076215e-07
-0.0008255031011547,1.105823807076215e-07
-0.0008255031011547,1.105823807076215e-07
-107374180.3696558,27924.680305571786
-0.0008255031011542068,1.1058399390800641e-07
-0.0008255031011547,1.1058238070762472e-07
-0.0008255031011547,1.105823807076215e-07
-0.0008255031011547,1.105823807076215e-07
-0.0008255031011547,1.105823807076215e-07
6.631442971149843e+20,2.5502265414038427e+24
-0.0008255031011547,1.1058238070766598e-07
-0.000825503101152216,1.1059193277129943e-07
-0.0008255031011546784,1.105823807076162e-07
-0.0008255031011547,1.105823807076215e-07
-0.0008255031011547,1.105823807076215e-07
-0.0008255031011547,1.105823807076215e-07
0.00016228491387563994,3.7985350907142617
-0.0008255031011542384,1.1058390864212454e-07
-0.0008255031011547,1.1058238070762601e-07
-0.0008255031011547,1.105823807076215e-07
-0.0008255031011547,1.1058238070762151e-07
-0.0008255031011547,1.105823807076215e-07
-0.0008255031011547,1.105823807076215e-07
-0.0008255031011547,1.1058238070766068e-07
-0.0008255031006339929,1.1058957244803066e-07
-0.0008255031011547,1.105823807076215e-07
-0.0008255031011547,1.105823807076215e-07
-0.0008255031011547,1.105823807076215e-07
-0.0008255031011547,1.105823807076215e-07
0.000162413309878834,3.7991893112840476
-0.0008255031011546427,1.105823807076494e-07
-0.0008255030955827918,1.1058237925873879e-07
-0.0008255031011547,1.105823807076215e-07
-0.0008255031011547,1.1058238070762151e-07
-0.0008255031011547,1.1058238070762205e-07
-0.0008255031011547,1.105823807076215e-07
-0.0008255031011547,1.1058238070764754e-07
-0.0008255030982401223,1.1058542166363577e-07
-0.0008255031011547,1.105823807076215e-07
-0.0008255031011547,1.105823807076215e-07
-0.0008255031011547,1.105823807076215e-07
-0.0008255031011547,1.105823807076215e-07
-2.3021534981236274e+20,5.986369989403386e+16
-0.0008255031011543743,1.1058342547232427e-07
-0.0008255031011547,1.1058238070762273e-07
-0.0008255031011547,1.105823807076215e-07
-0.0008255031011547,1.1058238070762151e-07
-0.0008255031011547,1.105823807076215e-07
-0.0008255031011547,1.105823807076215e-07
-0.0008255031011547,1.1058238070763192e-07
-0.0008255031011547,1.105823807076215e-07
-0.0008255031011547,1.105823807076215e-07
-0.0008255031011547,1.105823807076215e-07
-0.0008255031011547,1.105823807076215e-07
-0.0008255031011547,1.105823807076215e-07
0.0001627927917604025,3.800488215648229
-0.0008255031011546401,1.1058238070764595e-07
-0.0008255031011546999,1.1058238072931058e-07
-0.0008255031011547,1.105823807076215e-07
-0.0008255031011547,1.1058238070762151e-07
-0.0008255031011547,1.105823807076215e-07
143906680062.7005,-37420555.645146
-0.0008255031011547,1.10582380707628e-07
-0.0008255031011546999,1.1058238070770154e-07
-0.0008255031011547,1.105823807076215e-07
-0.0008255031011547,1.1058238070762152e-07
-0.0008255031011547,1.105823807076215e-07
-0.0008255031011541788,1.1058438477633967e-07
0.00016292118776359656,3.801142436218015
-0.0008255031011546999,1.1058238070762148e-07
-0.0008255031011547,1.1058238073126217e-07
-0.0008255031011547,1.105823807076215e-07
-0.0008255031011547,1.1058238070762151e-07
-0.0008255031011547,1.105823807076215e-07
143915134206.41467,-37422754.00560536
-0.0008255031011547,1.1058238070762816e-07
-0.0008255031010454366,1.1058238067920934e-07
-0.0008255031011547,1.105823807076215e-07
-0.0008255031011547,1.105823807076215e-07
-0.0008255031011547,1.105823807076215e-07
-0.0008255031011547,1.105823807076215e-07
-3.218643875264641e+26,8.369551864011527e+22
-0.0008255031011546999,1.1058238070765176e-07
-0.0008255031011514519,1.1058238072857439e-07
-0.0008255031011547,1.105823807076215e-07
-0.0008255031011547,1.1058238070762151e-07
-0.0008255031011547,1.105823807076215e-07
2.0972595909891063,-0.0005454617981192671
-0.0008255031011547,1.1058238070762494e-07
-0.0008255031010338728,1.1058238067634128e-07
-0.0008255031011547,1.105823807076215e-07
-0.0008255031011547,1.105823807076215e-07
-0.0008255031011547,1.105823807076215e-07
8.62517651697142,-0.002242938791328882
89128.9580874191,-19.37409182356559
-0.000825503101154648,1.1058243711526418e-07
-0.0008255031011547,1.1058238070762398e-07
-0.0008255031011547,1.105823807076215e-07
-0.0008255031011547,1.1058238070762151e-07
-0.0008255031011547,1.105823807076215e-07
8706.505716078676,-2.2639831344770895
-0.0008255031011547,1.1058238070762353e-07
-0.0008255031011546997,1.1058238070780359e-07
-0.0008255031011546753,1.1058238070761509e-07
-0.0008255031011547,1.105823807076215e-07
-0.0008255031011547,1.105823807076215e-07
-0.0008255031011547,1.105823807076215e-07
0.0001634239819097665,3.803076010829157
-0.0008255031011546996,1.1058238070785187e-07
-0.0008255031011547,1.105823807076215e-07
-0.0008255031011547,1.105823807076215e-07
-0.0008255031011547,1.1058238070762151e-07
-0.0008255031011547,1.1058238070762202e-07
-0.0008255031011547,1.105823807076215e-07
-0.0008255031011547,1.105823807076236e-07
-0.0008255031011546996,1.1058238070762141e-07
-0.0008255031011547,1.105823807076215e-07
-0.0008255031011547,1.105823807076215e-07
-0.0008255031011547,1.105823807076215e-07
-0.0008255031011547,1.105823807076215e-07
-3.218643875264641e+26,8.369551864011527e+22
-0.0008255031011547,1.105823807076215e-07
-0.0008255031011547,1.105823807076218e-07
-0.0008255031011547,1.105823807076215e-07
-0.0008255031011547,1.105823807076215e-07
-0.0008255031011547,1.105823807076215e-07
-0.0008255031011547,1.105823807076215e-07
-0.0008255031011547,1.1058238070762356e-07
-0.0008255031011546995,1.1058238070762138e-07
-0.0008255031011547,1.105823807076215e-07
-0.0008255031011547,1.105823807076215e-07
-0.0008255031011547,1.105823807076215e-07
-0.0008255031011547,1.105823807076215e-07
89128.95808792698,-19.37213869863162
-0.0008255031011546993,1.1058238070762132e-07
-0.0008255031011547,1.1058238070770621e-07
-0.0008255031011547,1.105823807076215e-07
-0.0008255031011547,1.105823807076215e-07
-0.0008255031011547,1.105823807076215e-07
-0.0008255031011547,1.105823807076215e-07
-0.0008255031011547,1.1058238070762331e-07
-0.0008255031011536519,1.1058238070736486e-07
-0.0008255031011547,1.105823807076215e-07
-0.0008255031011547,1.105823807076215e-07
-0.0008255031011547,1.105823807076215e-07
-0.0008255031011547,1.105823807076215e-07
0.0001639293179252092,3.8050193606017118
-0.0008255031011546987,1.1058238231770316e-07
-0.0008255031011546997,1.1058238172101993e-07
-0.0008255031011547,1.105823807076215e-07
-0.0008255031011547,1.1058238070762151e-07
-0.0008255031011547,1.105823807076215e-07
-0.0008255031011547,1.105823807076215e-07
-0.0008255031011547,1.1058238070762369e-07
-0.0008255031011547,1.1058238070764458e-07
-0.0008255031011547,1.1058238070762152e-07
-0.0008255031011547,1.105823807076215e-07
-0.0008255031011547,1.105823807076215e-07
-0.0008255031011547,1.105823807076215e-07
0.00016409695730516414,3.8056640444178065
-0.0008255031011547,1.1058238070763706e-07
-0.0008255031011546955,1.1058239769914759e-07
-0.0008255031011547,1.105823807076215e-07
-0.0008255031011547,1.105823807076215e-07
-0.0008255031011547,1.105823807076215e-07
-0.000825502978017412,1.105823486878033e-07
-0.0008255031011547,1.1058238070762357e-07
-0.0008255031011547,1.1058238070762975e-07
-0.0008255031011547,1.1058238070762151e-07
-0.0008255031011547,1.105823807076215e-07
-0.0008255031011547,1.105823807076215e-07
-0.0008255031011547,1.105823807076215e-07
126443835213.09767,-32879627.42077838
-0.0008255031011547,1.1058238070764193e-07
-0.0008255031011547,1.105823807076215e-07
-0.0008255031011547,1.105823807076215e-07
-0.0008255031011547,1.1058238070762151e-07
-0.0008255031011547,1.105823807076215e-07
35396674.80245872,-9204.32073435647
-0.0008255031011547,1.1058238070762186e-07
-0.0008255031011538915,1.105823807074211e-07
-0.0008255031011547,1.1058238070762214e-07
-0.0008255031011547,1.105823807076215e-07
-0.0008255031011547,1.105823807076215e-07
-0.0008255031011547,1.105823807076215e-07
0.0001644346201802577,3.8069627103742754
-0.0008255031011546954,1.1058238102166977e-07
-0.0008255031011546939,1.1058238070761992e-07
-0.0008255031011547,1.105823807076215e-07
-0.0008255031011547,1.1058238070762319e-07
-0.0008255031011547,1.10582380707622e-07
-0.0008255031011547,1.105823807076215e-07
-0.0008255031011547,1.1058238070762216e-07
-0.0008255031011542627,1.1058238070750781e-07
-0.0008255031011547,1.105823807076215e-07
-0.0008255031011547,1.105823807076215e-07
-0.0008255031011547,1.105823807076215e-07
-0.0008255031011542108,1.1058238070749428e-07
0.0001646048351899267,3.8076171693517735
-0.0008255031011546948,1.1058238070762014e-07
-0.0008255031011547,1.1058238070762194e-07
-0.0008255031011547,1.105823807076215e-07
-0.0008255031011547,1.1058238070762152e-07
-0.0008255031011547,1.105823807076215e-07
-0.0008255031011547,1.105823807076215e-07
-0.0008255031011547,1.1058238070762255e-07
-0.0008255031011545855,1.1058238070759172e-07
-0.0008255031011547,1.1058238070762152e-07
-0.0008255031011547,1.105823807076215e-07
-0.0008255031011547,1.105823807076215e-07
-0.0008255031011547,1.105823807076215e-07
1.902320493877727e+17,-49466702911241.9
-0.0008255031011546972,1.1058238070762079e-07
-0.0008255031011547,1.1058238070762372e-07
-0.0008255031011547,1.105823807076215e-07
-0.0008255031011547,1.1058238070762151e-07
-0.0008255031011547,1.105823807076215e-07
-0.0008255031011547,1.105823807076215e-07
-0.0008255031011547,1.1058238070762283e-07
-0.0008255031011546648,1.1058238074621881e-07
-0.0008255031011547,1.105823807076215e-07
-0.0008255031011547,1.105823807076215e-07
-0.0008255031011547,1.105823807076215e-07
-0.0008255031011547,1.105823807076215e-07
0.00016494249806502028,3.8089158353082424
-0.0008255031011546991,1.1058238074817846e-07
-0.0008255031011546685,1.1058238070761332e-07
-0.0008255031011547,1.105823807076215e-07
-0.0008255031011547,1.1058238070762151e-07
-0.0008255031011547,1.1058238070762198e-07
-0.0008255031011547,1.105823807076215e-07
-0.0008255031011547,1.1058238070762288e-07
-0.000825503101154654,1.1058238074621598e-07
-0.0008255031011547,1.1058238070762148e-07
-0.0008255031011547,1.105823807076215e-07
-0.0008255031011547,1.105823807076215e-07
-0.0008255031011547,1.105823807076215e-07
0.00016511017120539285,3.8095605191243282
-0.0008255031011546991,1.1058238070762128e-07
-0.0008255031011547,1.105823807076215e-07
-0.0008255031011547,1.105823807076215e-07
-0.0008255031011547,1.1058238070762159e-07
-0.0008255031011547,1.105823807076215e-07
-0.0008255031011547,1.105823807076215e-07
-0.0008255031011547,1.1058238070762206e-07
-0.0008255031011547,1.105823807076215e-07
-0.0008255031011547,1.105823807076215e-07
-0.0008255031011547,1.105823807076215e-07
-0.0008255031011547,1.105823807076215e-07
-0.0008255031011547,1.105823807076215e-07
1.902320493877727e+17,-49466702911241.89
-0.0008255031011546991,1.1058238070762128e-07
-0.0008255031011547,1.1058238070767699e-07
-0.0008255031011547,1.105823807076215e-07
-0.0008255031011547,1.1058238070762152e-07
-0.0008255031011547,1.105823807076215e-07
147111292050.35672,-38253862.07090012
-0.0008255031011547,1.1058238070762188e-07
-0.0008255031011547,1.105823807076215e-07
-0.0008255031011547,1.105823807076215e-07
-0.0008255031011547,1.105823807076215e-07
-0.0008255031011547,1.105823807076215e-07
-0.0008255031011547,1.105823807076215e-07
0.0001153990418445714,3.8108591980951587
-0.0008255031011546992,1.1058238070762131e-07
-0.0008255031011547,1.105823807076215e-07
-0.0008255031011547,1.105823807076215e-07
-0.0008255031011547,1.105823807076215e-07
-0.0008255031011547,1.105823807076215e-07
-0.0008255031011547,1.105823807076215e-07
-0.0008255031011547,1.1058238070762194e-07
-0.0008255031011547,1.105823807076215e-07
-0.0008255031011547,1.1058238070762325e-07
-0.0008255031011547,1.105823807076215e-07
-0.0008255031011547,1.105823807076215e-07
-0.0008255031011547,1.105823807076215e-07
0.0001656155072208592,3.811503868896883
-0.0008255031011546992,1.1058238070762128e-07
-0.0008255031011547,1.105823807076215e-07
-0.0008255031011547,1.105823807076215e-07
-0.0008255031011547,1.1058238070762151e-07
-0.0008255031011547,1.105823807076215e-07
-0.0008255031011547,1.105823807076215e-07
-0.0008255031011547,1.1058238070762205e-07
-0.0008255031011547,1.105823807076215e-07
-0.0008255031011546999,1.1058238070762147e-07
-0.0008255031011547,1.105823807076215e-07
-0.0008255031011547,1.105823807076215e-07
2256.253981028343,-0.5867016915900499
4.056481692916499e+29,-1.0548210746517095e+26
-0.0008255031011546992,1.105823807076213e-07
-0.0008255031011547,1.105823807076215e-07
-0.0008255031011547,1.105823807076215e-07
-0.0008255031011547,1.1058238070762151e-07
-0.0008255031011547,1.105823807076215e-07
-0.0008255031011547,1.105823807076215e-07
-0.0008255031011547,1.1058238070762213e-07
-0.0008255031011547,1.105823807076215e-07
-0.0008255031011547,1.1058238070762148e-07
-0.0008255031011547,1.105823807076215e-07
-0.0008255031011547,1.105823807076215e-07
-0.0008255031011547,1.105823807076215e-07
-71.67983192856393,3.831441734563947
-0.0008255031011546994,1.1058238070762136e-07
-0.0008255031011547,1.105823807076215e-07
-0.0008255031011547,1.105823807076215e-07
-0.0008255031011547,1.105823807076215e-07
-0.0008255031011547,1.105823807076215e-07
-0.0008255024225497091,2.7202654713667117e-06
-0.0008255031011547,1.1058238070762221e-07
-0.0008255031011547,1.105823807076215e-07
-0.0008255031011547,1.105823807076215e-07
-0.0008255031011547,1.1058238070762153e-07
-0.0008255031011547,1.105823807076215e-07
-0.0008255031011547,1.105823807076215e-07
0.00016612338510562177,3.8134569938308505
-0.0008255031011546991,1.1058238070762127e-07
-0.0008255031011547,1.105823807076215e-07
-0.0008255031011547,1.105823807076215e-07
-0.0008255031011547,1.105823807076215e-07
-0.0008255031011547,1.105823807076215e-07
-0.0008255031011467768,1.1061285057280481e-07
-0.0008255031011547,1.105823807076223e-07
-0.0008255031011547,1.105823807076215e-07
-0.0008255031011547,1.1058238070762151e-07
-0.0008255031011547,1.105823807076215e-07
-0.0008255031011547,1.105823807076215e-07
-0.0008255031011541863,1.1058435635571539e-07
4.056481692916499e+29,-1.0548210746517095e+26
-0.0008255031011546989,1.1058238070762122e-07
-0.0008255031011547,1.105823807076215e-07
-0.0008255031011547,1.105823807076215e-07
-0.0008255031011547,1.105823807076215e-07
-0.0008255031011547,1.105823807076215e-07
-0.0008255031011547,1.105823807076215e-07
-0.0008255031011547,1.1058238070762242e-07
-0.0008255031011547,1.105823807076215e-07
-0.0008255031011547,1.1058238070762295e-07
-0.0008255031011547,1.105823807076215e-07
-0.0008255031011547,1.105823807076215e-07
-0.0008255031011547,1.105823807076215e-07
-151996488324747.38,39524176690.71204
-0.0008255031011546989,1.1058238070762122e-07
-0.0008255031011547,1.105823807076215e-07
-0.0008255031011547,1.105823807076215e-07
-0.0008255031011547,1.105823807076215e-07
-0.0008255031011547,1.105823807076215e-07
2.432368677788965e+18,-632497306011465.2
-0.0008255031011547,1.105823807076234e-07
-0.0008255031011547,1.105823807076215e-07
-0.0008255031011547,1.1058238070775198e-07
-0.0008255031011547,1.105823807076215e-07
-0.0008255031011547,1.105823807076215e-07
-0.0008255031011547,1.105823807076215e-07
0.00016662617927907652,3.8153905684419924
-0.0008255031011546989,1.1058238070762123e-07
-0.0008255031011547,1.105823807076215e-07
-0.0008255031011547,1.105823807076215e-07
-0.0008255031011547,1.105823807076215e-07
-0.0008255031011547,1.105823807076215e-07
-0.0008255031011547,1.105823807076215e-07
-0.0008255031011547,1.1058238070762605e-07
-0.0008255031011547,1.105823807076215e-07
-0.0008255031011547,1.105823807076215e-07
-0.0008255031011547,1.105823807076215e-07
-0.0008255031011547,1.105823807076215e-07
-0.0008255031011547,1.105823807076215e-07
5.8486029520286655e+35,-1.5208326126167059e+32
-0.0008255031011546991,1.1058238070762126e-07
-0.0008255031011547,1.105823807076215e-07
-0.0008255031011547,1.105823807076215e-07
-0.0008255031011547,1.105823807076215e-07
-0.0008255031011547,1.105823807076215e-07
-0.0008255031011547,1.1058238070762151e-07
-0.0008255031011547,1.1058238070762605e-07
-0.0008255031011547,1.105823807076215e-07
-0.0008255031011547,1.105823807077757e-07
-0.0008255031011547,1.105823807076215e-07
-0.0008255031011547,1.105823807076215e-07
-0.0008255031011546979,1.1058238842413034e-07
-151996488324747.38,39524176690.714
-0.0008255031011546989,1.105823807076212e-07
-0.0008255031011547,1.105823807076215e-07
-0.0008255031011547,1.105823807076215e-07
-0.0008255031011547,1.1058238070762151e-07
-0.0008255031011547,1.105823807076215e-07
151431343104.30136,-39377220.00524738
-0.0008255031011547,1.1058238070762426e-07
-0.0008255031011547,1.105823807076215e-07
-0.0008255031011546989,1.1058238070763805e-07
-0.0008255031011547,1.105823807076215e-07
-0.0008255031011547,1.105823807076215e-07
-0.0008255031011547,1.105823807076215e-07
0.00016713405716383908,3.81734369337596
-0.0008255031011546991,1.1058238070762127e-07
-0.0008255031011547,1.105823807076215e-07
-0.0008255031011547,1.105823807076215e-07
-0.0008255031011547,1.1058238070762151e-07
-0.0008255031011547,1.105823807076215e-07
-0.0008255029737861303,1.1058234758752833e-07
-0.0008255031011547,1.1058238070762368e-07
-0.0008255031011547,1.105823807076215e-07
-0.0008255031011547,1.1058238070762352e-07
-0.0008255031011547,1.105823807076215e-07
-0.0008255031011547,1.105823807076215e-07
-0.0008255031011547,1.105823807076215e-07
0.00016729909265037737,3.8179783636120708
-0.0008255031011546992,1.1058238070762128e-07
-0.0008255031011547,1.105823807076215e-07
-0.0008255031011547,1.1058238070762169e-07
-0.0008255031011547,1.1058238070762159e-07
-0.0008255031011547,1.105823807076215e-07
-0.0008255031011542245,1.1058238070749787e-07
-0.0008255031011547,1.105823807076247e-07
-0.0008255031011547,1.105823807076215e-07
-0.0008255031011547,1.1058238070762155e-07
-0.0008255031011547,1.1058238070762151e-07
-0.0008255031011547,1.105823807076215e-07
-0.0008255031011547,1.105823807076215e-07
-2.3021534981236274e+20,5.986369989403386e+16
-0.0008255031011546982,1.1058238070762106e-07
-0.0008255031011547,1.105823807076215e-07
-0.0008255031011547,1.1058238070762153e-07
-0.0008255031011547,1.1058238070762155e-07
-0.0008255031011547,1.105823807076215e-07
-0.0008255031011547,1.105823807076215e-07
-0.0008255031011547,1.1058238070762451e-07
-0.0008255031011547,1.105823807076215e-07
-0.0008255031011547,1.1058238070762151e-07
-0.0008255031011547,1.1058238070762176e-07
-0.0008255031011547,1.105823807076215e-07
-0.0008255031011547,1.1058238070773925e-07
0.058917634716009686,3.819261991020367
-0.0008255031011546976,1.1058238070762089e-07
-0.0008255031011547,1.105823807076215e-07
-0.0008255031011547,1.1058238070762152e-07
-0.0008255031011547,1.1058238070762173e-07
-0.0008255031011547,1.105823807076215e-07
-0.0008255031011547,1.105823807076215e-07
-0.0008255031011547,1.1058238070762433e-07
-0.0008255031011547,1.105823807076215e-07
-0.0008255031011547,1.1058238070762152e-07
-0.0008255031011547,1.1058238070762155e-07
-0.0008255031011547,1.105823807076215e-07
-0.0008255031011547,1.1058238070762196e-07
0.00016780697053513994,3.8199314885460383
-0.000825503101154698,1.10582380707621e-07
-0.0008255031011547,1.105823807076215e-07
-0.0008255031011547,1.1058238070762151e-07
-0.0008255031011547,1.105823807076215e-07
-0.0008255031011547,1.105823807076215e-07
-0.0008255031011547,1.1058238070762151e-07
-0.0008255031011547,1.1058238070762394e-07
-0.000825503087453268,1.105823771447904e-07
-0.0008255031010614201,1.1058238068336562e-07
-0.0008255031011547,1.1058238070762155e-07
-0.0008255031011547,1.105823807076215e-07
-0.0008255031011547,1.105823807076215e-07
-2.3021534981236274e+20,5.986369989403386e+16
-0.0008255031011546981,1.1058238070762103e-07
-0.0008255031011547,1.105823807076215e-07
-0.0008255031011547,1.1058238070762151e-07
-0.0008255031011547,1.105823807076215e-07
-0.0008255031011547,1.105823807076215e-07
-0.0008255031011547,1.105823807076215e-07
-0.0008255031011547,1.1058238070762388e-07
-0.0008255030933631742,1.1058934313858839e-07
-0.0008255031011547,1.1058238070762152e-07
-0.0008255031011547,1.1058238070762177e-07
-0.0008255031011547,1.105823807076215e-07
-0.0008255031011547,1.105823807076215e-07
89128.95809230742,-19.35529299607615
-0.0008255031011546983,1.1058238070762107e-07
-0.0008255030945015187,1.105873824653823e-07
-0.0008255031011547,1.1058238070762471e-07
-0.0008255031011547,1.105823807076215e-07
-0.0008255031011547,1.105823807076215e-07
-0.0008255031011547,1.105823807076215e-07
-0.0008255031011547,1.1058238070762324e-07
-0.0008255030929102387,1.105823785637855e-07
-0.0008255030975728912,1.1058237977623128e-07
-0.0008255031011547,1.105823807076215e-07
-0.0008255031011547,1.105823807076215e-07
-0.0008255031011547,1.105823807076215e-07
0.00016830976468128645,3.82186506315718
-0.0008255031011546986,1.1058238070762112e-07
-0.0008255031011547,1.105823807076215e-07
-0.0008255031011547,1.1058238070762153e-07
-0.0008255031011547,1.105823807076215e-07
-0.0008255031011547,1.105823807076215e-07
-0.0008255031011547,1.105823807076215e-07
-0.0008255031011547,1.1058238070762311e-07
-0.0008255006267747495,1.1058173728597778e-07
-0.0008255031011547,1.105823807076215e-07
-0.0008255031011547,1.105823807076215e-07
-0.0008255031011547,1.105823807076215e-07
-0.0008255031011547,1.105823807076215e-07
-4.932681786943494e+32,1.2826624393509261e+29
-0.0008255031011546987,1.1058238070762115e-07
-0.0008255031011547,1.105823807076215e-07
-0.0008255031011547,1.1058238070762155e-07
-0.0008255031011547,1.105823807076215e-07
-0.0008255031011547,1.105823807076215e-07
-0.0008255031011547,1.105823807076215e-07
-0.0008255031011547,1.1058238070762335e-07
-0.0008255031011547,1.105823807076215e-07
-0.0008255031011547,1.105823807076215e-07
-0.0008255031011547,1.105823807076215e-07
-0.0008255031011547,1.105823807076215e-07
-0.0008255031011547,1.105823807076215e-07
89128.9580928153,-19.353339871142186
-0.0008255031011546989,1.1058238070762122e-07
-0.0008255031011547,1.105823807076215e-07
-0.0008255030977006945,1.1058237980946443e-07
-0.0008255031011534873,1.1058704430553058e-07
-0.0008255031011547,1.105823807076215e-07
-0.0008255031011547,1.105823807076215e-07
-0.0008255031011547,1.1058238070762303e-07
-0.0008255013037171175,1.1058191331366145e-07
-0.000825503101154633,1.1058263836853013e-07
-0.0008255031011547,1.105823807076215e-07
-0.0008255031011547,1.105823807076215e-07
-0.0008255031011547,1.105823807076215e-07
0.00016881764256604901,3.8238181880911477
-0.0008255031011546989,1.105823807076212e-07
-0.0008255031011547,1.105823807076215e-07
-0.0008255031011547,1.105823807076215e-07
-0.0008255031002921424,1.105921055854567e-07
-0.0008255031011547,1.105823807076215e-07
-0.0008255031011547,1.105823807076215e-07
-0.0008255031011547,1.105823807076229e-07
-0.0008255031011547,1.105823807076215e-07
-0.0008255031011542823,1.105839868896599e-07
-0.0008255030995908667,1.1058310530043029e-07
-0.0008255031011547,1.105823807076215e-07
-0.0008255031011547,1.105823807076215e-07
0.00016898528194600373,3.8244628719072424
-0.0008255031011546989,1.1058238070762122e-07
-0.0008255031011547,1.105823807076215e-07
-0.0008255031011547,1.105823807076215e-07
-0.0008255030907478913,1.1058283112454439e-07
-0.0008255031011547,1.105823807076215e-07
-0.0008255031011547,1.105823807076215e-07
-0.0008255031011547,1.1058238070762278e-07
-0.0008255031011547,1.105823807076215e-07
-0.0008255031011547,1.105823807076215e-07
-0.0008255031011546988,1.1058238548349845e-07
-0.0008255031011547,1.105823807076215e-07
-0.0008255031011547,1.105823807076215e-07
1.902320493877727e+17,-49466702911241.875
-0.000825503101154699,1.1058238070762124e-07
-0.0008255031011547,1.105823807076215e-07
-0.0008255031011547,1.105823807076215e-07
-0.0008255031002146001,1.1058869251712171e-07
-0.0008255031011547,1.105823807076215e-07
-0.0008255031011547,1.105823807076215e-07
-0.0008255031011547,1.1058238070762296e-07
-0.0008255031011547,1.105823807076215e-07
-0.0008255031011547,1.105823807076215e-07
-0.0008255031011546988,1.1058238542798518e-07
-0.0008255031011547,1.105823807076215e-07
-0.0008255031011547,1.105823807076215e-07
0.00016932294482109752,3.8257615378637113
-0.0008255031011546991,1.1058238070762127e-07
-0.0008255031011547,1.105823807076215e-07
-0.0008255031011547,1.105823807076215e-07
-0.0008255031011531055,1.1058239959050095e-07
-0.0008255031011547,1.105823807076215e-07
-0.0008255031011547,1.105823807076215e-07
-0.0008255031011547,1.105823807076215e-07
-0.0008255031011547,1.105823807076215e-07
-0.0008255031011547,1.105823807076215e-07
-0.0008255031011546986,1.1058238628840334e-07
-0.0008255031011547,1.105823807076215e-07
-0.0008255031011547,1.105823807076215e-07
0.00016949061796147009,3.826406221679797
-0.0008255031011546991,1.1058238070762128e-07
-0.0008255031011547,1.105823807076215e-07
-0.0008255031011547,1.105823807076215e-07
-0.0008255031011520066,1.1058238070692113e-07
-0.0008255031011547,1.105823807076215e-07
-0.0008255031011547,1.105823807076215e-07
-0.0008255031011547,1.105823807076215e-07
-0.0008255031011547,1.105823807076215e-07
-0.0008255031011547,1.105823807076215e-07
-0.0008255031011546992,1.1058238365066574e-07
-0.0008255031011547,1.105823807076215e-07
-0.0008255031011547,1.105823807076215e-07
1.902320493877727e+17,-49466702911241.875
-0.0008255031011546991,1.1058238070762127e-07
-0.0008255031011547,1.105823807076215e-07
-0.0008255031011546988,1.1058238531665244e-07
-0.000825503101151144,1.1058238509444749e-07
-0.0008255031011547,1.105823807076215e-07
-0.0008255031011547,1.105823807076215e-07
-0.0008255031011547,1.105823807076215e-07
-0.0008255029519631987,1.1058234191283536e-07
-0.0008255031011527333,1.1058994370967355e-07
-0.0008255031011485056,1.1058239275574177e-07
-0.0008255031011547,1.105823807076215e-07
-0.0008255031011547,1.105823807076215e-07
0.00011977948860064842,3.8277049006506276
-0.0008255031011546983,1.1058238712015578e-07
-0.0008255031011547,1.105823807076215e-07
-0.0008255030415584574,1.105823652106028e-07
-0.0008255031011543334,1.1058238217916032e-07
-0.0008255031011547,1.105823807076215e-07
-0.0008255031011547,1.105823807076215e-07
-0.0008255031011547,1.105823807076223e-07
-0.0008255031011547,1.105823807076215e-07
-0.0008255031011547,1.105823807076215e-07
-0.000825503101143483,1.1058238132597308e-07
-0.0008255031011547,1.105823807076215e-07
-0.0008255031011547,1.105823807076215e-07
0.00016999595397693644,3.828349571452352
-0.0008255031011546982,1.1058238723117765e-07
0.003997549525800066,-1.1435728060272245e-06
-0.0008255031011546986,1.1058238601053164e-07
-0.0008255031011546992,1.1058238347047792e-07
-0.0008255031011547,1.105823807076215e-07
-0.0008255031011547,1.105823807076215e-07
-0.0008255031011547,1.105823807076222e-07
-0.0008255012600634828,1.1058190196225463e-07
-0.0008255031011547,1.105823807076215e-07
-0.0008255031011406521,1.1058238109439969e-07
-0.0008255031011547,1.105823807076215e-07
-0.0008255031011547,1.105823807076215e-07
2.7200829301128368e+23,-7.073126459546564e+19
-0.0008255031011546984,1.1058238662055417e-07
0.0022268930297726346,-6.831428252288048e-07
-0.0008255031011544097,1.1058349666744734e-07
-0.0008255031011542903,1.1058238097307438e-07
-0.0008255031011547,1.105823807076215e-07
-0.0008255031011547,1.105823807076215e-07
-0.0008255031011547,1.1058238070762206e-07
-0.0008255030996480822,1.1058238031585044e-07
-0.0008255031011547,1.105823807076215e-07
-0.0008255031011442048,1.1058238120125959e-07
-0.0008255031011547,1.105823807076215e-07
-0.0008255031011547,1.105823807076215e-07
-71.67982754811717,3.848287437119416
-0.0008255031011546981,1.1058238764750788e-07
0.0010058693382575547,-3.65635778492172e-07
-0.0008255031011131508,1.1058243845386821e-07
-0.000825503101154358,1.1058238083771018e-07
-0.0008255031011547,1.105823807076215e-07
-0.0008255031011547,1.105823807076215e-07
-0.0008255031011547,1.10582380707622e-07
-0.0008255031010965077,1.1058238069248954e-07
-0.0008255031011547,1.105823807076215e-07
-0.000825503101102519,1.1058238237373509e-07
-0.0008255031011547,1.105823807076215e-07
-0.0008255031011547,1.105823807076215e-07
0.000170503831861699,3.830302696386319
-0.0008255031011546982,1.1058238717565803e-07
0.00028107606738587466,-1.7716525779039632e-07
-0.0008255031011547,1.105823807076215e-07
-0.0008255031011545055,1.1058238147114211e-07
-0.0008255031011547,1.105823807076215e-07
-0.0008255031011547,1.105823807076215e-07
-0.0008255031011547,1.1058238070762193e-07
-0.000825250115040682,0.0009730080623264973
-0.0008255031011546521,1.1058256460464808e-07
-0.0008255031011520064,1.1058238235190867e-07
-0.0008255031011547,1.105823807076215e-07
-0.0008255031011547,1.105823807076215e-07
5.8486029520286655e+35,-1.5208326126167059e+32
-0.0008255031011546982,1.1058238717565803e-07
2.9147498703675345e-05,-1.1165539390592132e-07
-0.0008255031011547,1.105823807076215e-07
-0.0008255031011541028,1.1058238117613396e-07
-0.0008255031011547,1.105823807076215e-07
-0.0008255031011547,1.105823807076215e-07
-0.0008255031011547,1.1058238070762192e-07
-0.0008253066557860186,0.0007555702091217448
-0.0008255030996688577,1.1058421352157299e-07
-0.0008255031000813369,1.105823902577376e-07
-0.0008255031011547,1.105823807076215e-07
-0.0008255031011547,1.105823807076215e-07
-107374180.36964704,27924.713996976898
-0.0008255031011546987,1.1058238589890203e-07
-0.000825503100159645,1.1058238044887389e-07
-0.0008255031011546301,1.1058264903886808e-07
-0.0008255031011544985,1.1058238113792646e-07
-0.0008255031011547,1.105823807076215e-07
-0.0008255031011547,1.105823807076215e-07
-0.0008255031011547,1.1058238070762189e-07
-0.0008255031008827608,1.1058272887252048e-07
-0.0008255031004652888,1.105830912465894e-07
-0.000825503101143319,1.1058238517518183e-07
-0.0008255031011547,1.105823807076215e-07
-0.0008255031011547,1.105823807076215e-07
0.00017100662603515375,3.832236270997461
-0.0008255031011546989,1.1058238506623267e-07
-0.0004000850333785219,-4.0562374192388045e-11
-0.0008255031011100488,1.1058241312719573e-07
-0.0008255031011543162,1.1058238169342564e-07
-0.0008255031011547,1.105823807076215e-07
-0.0008255031011547,1.105823807076215e-07
-0.0008255031011547,1.1058238070762183e-07
-0.0008255031011546048,1.1058274670669671e-07
-0.0008255031011547,1.105823807076215e-07
-0.0008255031011442596,1.1058238388385338e-07
-0.0008255031011547,1.105823807076215e-07
-0.0008255031011547,1.105823807076215e-07
5.8486029520286655e+35,-1.5208326126167059e+32
-0.0008255031011546989,1.1058238473316323e-07
-0.0008255031011545494,1.1058295995546035e-07
-0.0008255031009535125,1.1058396557006774e-07
-0.0008255031011514637,1.1058238734268193e-07
-0.0008255031011547,1.105823807076215e-07
-0.0008255031011547,1.105823807076215e-07
-0.0008255031011547,1.1058238070762183e-07
-0.0008254554764157477,0.0001832531377704109
-0.0008255031011545807,1.1058283918347394e-07
-0.0008255031011412059,1.1058238639400577e-07
-0.0008255031011547,1.105823807076215e-07
-0.0008255031011547,1.105823807076215e-07
-151996488324747.38,39524176690.73084
-0.0008255031011546991,1.105823842053156e-07
-0.0008255031011547,1.105823807076215e-07
-0.0008255031011546763,1.1058247177118189e-07
-0.0008255031011533932,1.1058238748195773e-07
-0.0008255031011547,1.105823807076215e-07
-0.0008255031011547,1.105823807076215e-07
-0.0008255031011547,1.1058238070762176e-07
-0.0008255030985677985,1.1058238003494047e-07
-0.0008255031011547,1.105823807076215e-07
-0.0008255031010902788,1.1058238373103596e-07
-0.0008255031011547,1.105823807076215e-07
-0.0008255031011547,1.105823807076215e-07
0.00017155368527255676,3.834179620759166
-0.0008255031011546989,1.1058238366408159e-07
-0.0008255031011547,1.105823807076215e-07
-0.0008255031008028355,1.1058258050686774e-07
-0.0008255031010551898,1.1058238579108062e-07
-0.0008255031011547,1.105823807076215e-07
-0.0008255031011547,1.105823807076215e-07
-0.0008255031011547,1.1058238070762173e-07
-0.0008255030965777545,1.1058237951746242e-07
-0.0008255031011547,1.105823807076215e-07
-0.0008255031010809536,1.1058238135134168e-07
-0.0008255031011547,1.105823807076215e-07
-0.0008255031011547,1.105823807076215e-07
0.00017168208127575082,3.834833841328952
-0.0008255031011546984,1.1058238539884293e-07
-0.0008255031011547,1.105823807076215e-07
-0.0008255031011465407,1.1061375827377183e-07
-0.0008255031011546972,1.1058239125934519e-07
-0.0008255031011547,1.105823807076215e-07
-0.0008255031011547,1.105823807076215e-07
-0.0008255031011547,1.1058238070762169e-07
-0.0008255030884765207,1.1058237741087035e-07
-0.0008255031011547,1.105823807076215e-07
-0.0008255031011539042,1.1058238501138519e-07
-0.0008255031011547,1.105823807076215e-07
-0.0008255031011547,1.105823807076215e-07
-2.3021534981236274e+20,5.986369989403386e+16
-0.0008255031011546987,1.1058238492699478e-07
-0.0008255031011547,1.105823807076215e-07
-0.0008255031011546507,1.105825698896185e-07
-0.0008255031011539943,1.1058238512287647e-07
-0.0008255031011547,1.105823807076215e-07
-0.0008255031011547,1.105823807076215e-07
-0.0008255031011547,1.1058238070762168e-07
-0.0008255031011547,1.105823807076215e-07
-0.0008255031011547,1.105823807076215e-07
-0.0008255031011412317,1.1058272721210956e-07
-0.0008255031011547,1.105823807076215e-07
-0.0008255031011547,1.105823807076215e-07
0.05892201516276576,3.8361076935758356
-0.0008255031011546997,1.1058238070762144e-07
-0.0008255031011547,1.105823807076215e-07
-0.000825503100817099,1.1058238061983395e-07
-0.0008255031011543538,1.1058238410873414e-07
-0.0008255031011547,1.105823807076215e-07
-0.0008255031011547,1.105823807076215e-07
-0.0008255031011547,1.1058238070762167e-07
-0.0008255031011547,1.105823807076215e-07
-0.0008255031011547,1.105823807076215e-07
-0.0008255031011534366,1.1058238070729299e-07
-0.0008255031011547,1.105823807076215e-07
-0.0008255031011547,1.105823807076215e-07
0.00017218741729121696,3.8367771911015067
-0.0008255031011546991,1.1058238323364069e-07
-0.0008255031011547,1.105823807076215e-07
-0.0008255031011547,1.105823807076215e-07
-0.0008255031010391715,1.1058238092058407e-07
-0.0008255031011547,1.105823807076215e-07
-0.0008255031011547,1.105823807076215e-07
-0.0008255031011547,1.1058238070762165e-07
-0.0008255030922871269,1.1058237840175556e-07
-0.0008229841192390981,1.0992736105946599e-07
-0.0008255031011535314,1.1058238987035011e-07
-0.0008255031011547,1.105823807076215e-07
-0.0008255031011547,1.105823807076215e-07
-3.218643875264641e+26,8.369551864011527e+22
-0.0008255031011546994,1.1058238228288097e-07
-0.0008255021632857121,3.7173062804342385e-06
-0.0008255030996337635,1.1058239202811273e-07
-0.0008255031011543407,1.1058238090528656e-07
-0.0008255031011547,1.105823807076215e-07
-0.0008255031011547,1.105823807076215e-07
-0.0008255031011547,1.1058238070762163e-07
-0.0008255030768257176,1.1058237438127138e-07
-0.0008255031011547,1.105823807076215e-07
-0.0008255031011522929,1.1058491118421106e-07
-0.0008255031011547,1.105823807076215e-07
-0.0008255031011547,1.105823807076215e-07
89128.95809668787,-19.338447293520684
-0.0008255031011546995,1.105823820053247e-07
-0.0008255031011547,1.105823807076215e-07
-0.0008255031011546964,1.1058239431097948e-07
-0.0008255031011542134,1.1058238308172946e-07
-0.0008255031011547,1.105823807076215e-07
-0.0008255031011547,1.105823807076215e-07
-0.0008255031011547,1.1058238070762161e-07
-0.0008255031011547,1.105823807076215e-07
-0.0008255031011547,1.105823807076215e-07
-0.0008255031011516795,1.105824120298648e-07
-0.0008255031011547,1.105823807076215e-07
-0.0008255031011547,1.105823807076215e-07
0.00017269275330668331,3.8387205408740614
-0.0008255031011546995,1.1058238188042399e-07
-0.0008255031011547,1.105823807076215e-07
-0.0008255031011543692,1.1058365297903767e-07
-0.0008255031011440932,1.1058238105715386e-07
-0.0008255031011547,1.105823807076215e-07
-0.0008255031011547,1.105823807076215e-07
-0.0008255031011547,1.105823807076216e-07
-0.0008255031011547,1.105823807076215e-07
-0.0008255031011547,1.105823807076215e-07
-0.000825503095212831,1.105823848542649e-07
-0.0008255031011547,1.105823807076215e-07
-0.0008255031011547,1.105823807076215e-07
-3.218643875264641e+26,8.369551864011527e+22
-0.0008255031011546996,1.105823816236827e-07
-0.0008255031011547,1.105823807076215e-07
-0.0008255031011546434,1.1058259836111895e-07
-0.0008255031011503668,1.1058238553822071e-07
-0.0008255031011547,1.105823807076215e-07
-0.0008255031011547,1.105823807076215e-07
-0.0008255031011547,1.1058238070762159e-07
-0.0008255031011547,1.105823807076215e-07
-0.0008255031011547,1.105823807076215e-07
-0.0008255031011547,1.105823807076215e-07
-0.0008255031011547,1.105823807076215e-07
-0.0008255031011547,1.105823807076215e-07
89128.95809719575,-19.336494168586714
-0.0008255031011546996,1.105823814640234e-07
-0.0008255031011547,1.105823807076215e-07
-0.0008255031011543802,1.1058361034419815e-07
-0.0008255031011480343,1.1058238981422181e-07
-0.0008255031011547,1.105823807076215e-07
-0.0008255031011547,1.105823807076215e-07
-0.0008255031011547,1.1058238070762157e-07
-0.0008255031011547,1.105823807076215e-07
-0.0008255031011547,1.105823807076215e-07
-0.0008255031009530109,1.105826596606279e-07
-0.0008255031011547,1.105823807076215e-07
-0.0008255031011547,1.105823807076215e-07
0.00017319551369241197,3.8406541154852123
-0.0008255031011546997,1.1058238137381779e-07
-0.0008255031011547,1.105823807076215e-07
-0.0008255031011547,1.105823807076215e-07
-0.0008255030860260685,1.1058238021536224e-07
-0.0008255031011547,1.105823807076215e-07
-0.0008255031011547,1.105823807076215e-07
-0.0008255031011547,1.1058238070762157e-07
-0.0008255031011547,1.105823807076215e-07
-0.0008255031011547,1.105823807076215e-07
-0.0008255031011547,1.105823807076215e-07
-0.0008255031011547,1.105823807076215e-07
-0.0008255031011547,1.105823807076215e-07
0.00017336572870208097,3.841308574462711
-0.0008255031011547,1.1058238070762148e-07
-0.0008255031011547,1.105823807076215e-07
-0.0008255031011547,1.105823807076215e-07
-0.0008255031011507283,1.1058238292815718e-07
-0.0008255031011547,1.105823807076215e-07
-0.0008255031011547,1.105823807076215e-07
-0.0008255031011547,1.1058238070762156e-07
-0.0008255031011547,1.105823807076215e-07
-0.0008255031011547,1.105823807076215e-07
-0.0008255031011546431,1.1058259925784898e-07
-0.0008255031011547,1.105823807076215e-07
-0.0008255031011547,1.105823807076215e-07
126443835213.09767,-32879627.385133848
-0.0008255031011546999,1.1058238110663905e-07
-0.0008255031011547,1.105823807076215e-07
-0.0008255031011547,1.105823807076215e-07
-0.000825503101075591,1.1058249218937371e-07
-0.0008255031011547,1.105823807076215e-07
-0.0008255031011547,1.105823807076215e-07
-0.0008255031011547,1.1058238070762156e-07
-0.0008255031011547,1.105823807076215e-07
-0.0008255031011547,1.105823807076215e-07
0.0005635082433231672,-2.5060708099857713e-07
-0.0008255031011547,1.105823807076215e-07
-0.0008255031011547,1.105823807076215e-07
0.00017370339157717454,3.84260724041918
-0.0008255031011546999,1.1058238109796548e-07
-0.0008255031011547,1.105823807076215e-07
-0.0008248759684665093,0.0024118487717366523
-0.0008255031011546793,1.1058246023539315e-07
-0.0008255031011547,1.105823807076215e-07
-0.0008255031011547,1.105823807076215e-07
-0.0008255031011547,1.1058238070762155e-07
-0.0008255031011547,1.105823807076215e-07
-0.0008255031011547,1.105823807076215e-07
-0.0008255031011547,1.105823807076215e-07
-0.0008255031011547,1.105823807076215e-07
-0.0008255031011547,1.105823807076215e-07
0.00017387106471754732,3.8432519242352656
-0.0008255031011546999,1.1058238106153619e-07
-0.0008255031011547,1.105823807076215e-07
-0.0008255031011547,1.105823807076215e-07
-0.0008255031011546683,1.1058250245945559e-07
-0.0008255031011547,1.105823807076215e-07
-0.0008255031011547,1.105823807076215e-07
-0.0008255031011547,1.1058238070762153e-07
-0.0008255031011547,1.105823807076215e-07
-0.0008255031011547,1.105823807076215e-07
-0.00010429582952767801,-7.695566011052605e-08
-0.0008255031011547,1.105823807076215e-07
-0.0008255031011547,1.105823807076215e-07
2.7200829301128368e+23,-7.073126459546564e+19
-0.0008255031011546999,1.1058238092274274e-07
-0.0008255031011547,1.105823807076215e-07
-0.0008255031011547,1.105823807076215e-07
3705.4192138022063,14226577.517449018
-0.0008255031011547,1.105823807076215e-07
-0.0008255031011547,1.105823807076215e-07
-0.0008255031011547,1.1058238070762153e-07
-0.0008255031011547,1.105823807076215e-07
-0.0008255031011547,1.105823807076215e-07
-0.0008255031011547,1.105823807076215e-07
-0.0008255031011547,1.105823807076215e-07
-0.0008255031011547,1.105823807076215e-07
0.00012415993535672566,3.844550603206096
-0.0008255031011546999,1.1058238088978302e-07
-0.0008255031011547,1.105823807076215e-07
-0.0008255031011547,1.105823807076215e-07
-0.000709597456801301,8.044303198369079e-08
-0.0008255031011547,1.105823807076215e-07
-0.0008255031011547,1.105823807076215e-07
-0.0008255031011547,1.1058238070762153e-07
-0.0008255031011547,1.105823807076215e-07
-0.0008255031011547,1.105823807076215e-07
0.0007847578832815293,-3.0813939610669495e-07
-0.0008255031011547,1.105823807076215e-07
-0.0008255031011547,1.105823807076215e-07
0.00017437640073301346,3.8451952740078204
-0.0008255031011546999,1.105823808594253e-07
-0.0008255031011547,1.105823807076215e-07
-0.0008255031011547,1.105823807076215e-07
-0.0007310552300583887,8.60227715610191e-08
-0.0008255031011547,1.105823807076215e-07
-0.0008255031011547,1.105823807076215e-07
-0.0008255031011547,1.1058238070762153e-07
-0.0008255031011547,1.105823807076215e-07
-0.0008255031011547,1.105823807076215e-07
-0.0008255031011547,1.105823807076215e-07
-0.0008255031011547,1.105823807076215e-07
-0.0008255031011547,1.105823807076215e-07
4.056481692916499e+29,-1.0548210746517095e+26
-0.0008255031011547,1.1058238083427183e-07
-0.0008255031011547,1.105823807076215e-07
-0.0008255031011547,1.105823807076215e-07
-0.0007215184799407937,8.354289718483431e-08
-0.0008255031011547,1.105823807076215e-07
-0.0008255031011547,1.105823807076215e-07
-0.0008255031011547,1.1058238070762153e-07
-0.0008255031011547,1.105823807076215e-07
-0.0008255031011547,1.105823807076215e-07
-0.0008255031011547,1.105823807076215e-07
-0.0008255031011547,1.105823807076215e-07
-0.0008255031011547,1.105823807076215e-07
-71.67982316767042,3.8651331396748843
-0.0008255031011547,1.1058238080173797e-07
-0.0008255031011547,1.105823807076215e-07
-0.0008255031011547,1.105823807076215e-07
-0.0008255031011547,1.105823807076215e-07
-0.0008255031011547,1.105823807076215e-07
-0.0008255031011547,1.105823807076215e-07
-0.0008255031011547,1.1058238070762152e-07
-0.0008255031011547,1.105823807076215e-07
-0.0008255031011547,1.105823807076215e-07
-0.0008255031011547,1.105823807076215e-07
-0.0008255031011547,1.105823807076215e-07
-0.0008255031011547,1.105823807076215e-07
0.00017488173674847982,3.847138623780375
-0.0008255031011547,1.1058238078655914e-07
-0.0008255031011547,1.105823807076215e-07
-0.0008255031011547,1.105823807076215e-07
-0.0008255031011547,1.105823807076215e-07
-0.0008255031011547,1.105823807076215e-07
-0.0008255031011547,1.105823807076215e-07
-0.0008255031011547,1.1058238070762152e-07
-0.0008255031011547,1.105823807076215e-07
-0.0008255031011547,1.105823807076215e-07
-0.0008255031011547,1.105823807076215e-07
-0.0008255031011547,1.105823807076215e-07
-0.0008255031011547,1.105823807076215e-07
5.8486029520286655e+35,-1.5208326126167059e+32
-0.0008255031011547,1.105823807076215e-07
-0.0008255031011547,1.105823807076215e-07
-0.0008255031011547,1.105823807076215e-07
-0.0008255031011547,1.105823807076215e-07
-0.0008255031011547,1.105823807076215e-07
-0.0008255031011547,1.105823807076215e-07
-0.0008255031011547,1.105823807076215e-07
-0.0008255031011547,1.105823807076215e-07
-0.0008255031011547,1.105823807076215e-07
-0.0008255031011547,1.105823807076215e-07
-0.0008255031011547,1.105823807076215e-07
-0.0008255031011547,1.105823807076215e-07
-107374180.36964266,27924.73084267945
-0.0008255031011547,1.1058238077094663e-07
-0.0008255031011547,1.105823807076215e-07
-0.0008255031011547,1.105823807076215e-07
-0.0008255031011547,1.105823807076215e-07
-0.0008255031011547,1.105823807076215e-07
-0.0008255031011547,1.105823807076215e-07
-0.0008255031011547,1.1058238070762152e-07
-0.0008255031011547,1.105823807076215e-07
-0.0008255031011547,1.105823807076215e-07
-0.0008255031011547,1.105823807076215e-07
-0.0008255031011547,1.105823807076215e-07
-0.0008255031011547,1.105823807076215e-07
0.00017538961463324238,3.849091748714342
-0.0008255031011547,1.1058238076096809e-07
-0.0008255031011547,1.105823807076215e-07
-0.0008255031011547,1.105823807076215e-07
-0.0008255031011547,1.105823807076215e-07
-0.0008255031011547,1.105823807076215e-07
-0.0008255031011547,1.105823807076215e-07
-0.0008255031011547,1.1058238070762152e-07
-0.0008255031011547,1.105823807076215e-07
-0.0008255031011547,1.105823807076215e-07
-0.0008255031011547,1.105823807076215e-07
-0.0008255031011547,1.105823807076215e-07
-0.0008255031011547,1.105823807076215e-07
5.8486029520286655e+35,-1.5208326126167059e+32
-0.0008255031011547,1.1058238075337869e-07
-0.0008255031011547,1.105823807076215e-07
-0.0008255031011547,1.105823807076215e-07
-0.0008255031011547,1.105823807076215e-07
-0.0008255031011547,1.105823807076215e-07
-0.0008255031011547,1.105823807076215e-07
-0.0008255031011547,1.1058238070762152e-07
-0.0008255031011547,1.105823807076215e-07
-0.0008255031011547,1.105823807076215e-07
-0.0008255031011547,1.105823807076215e-07
-0.0008255031011547,1.105823807076215e-07
-0.0008255031011547,1.105823807076215e-07
-2.3021534981236274e+20,5.986369989403386e+16
-0.0008255031011547,1.1058238075402923e-07
-0.0008255031011547,1.105823807076215e-07
-0.0008255031011547,1.105823807076215e-07
-0.0008255031011547,1.105823807076215e-07
-0.0008255031011547,1.105823807076215e-07
-0.0008255031011547,1.105823807076215e-07
-0.0008255031011547,1.1058238070762152e-07
-0.0008255030950150701,1.1058237911111214e-07
-0.0008255031011547,1.105823807076215e-07
-0.0008255031011547,1.105823807076215e-07
-0.0008255031011547,1.105823807076215e-07
-0.0008255031011547,1.105823807076215e-07
0.000175934132028634,3.851025323314635
-0.0008255031011547,1.1058238075511341e-07
-0.0008255031011547,1.105823807076215e-07
-0.0008255031011547,1.105823807076215e-07
-0.0008255031011547,1.105823807076215e-07
-0.0008255031011547,1.105823807076215e-07
-0.0008255031011547,1.105823807076215e-07
-0.0008255031011547,1.1058238070762152e-07
-0.0008255031011547,1.105823807076215e-07
-0.0008255031011547,1.105823807076215e-07
-0.0008255031011547,1.105823807076215e-07
-0.0008255031011547,1.105823807076215e-07
-0.0008255031011547,1.105823807076215e-07
-3.218643875264641e+26,8.369551864011527e+22
-0.0008255031011547,1.1058238074925872e-07
-0.0008255031011547,1.105823807076215e-07
-0.0008255031011547,1.105823807076215e-07
-0.0008255031011547,1.105823807076215e-07
-0.0008255031011547,1.105823807076215e-07
-0.0008255031011547,1.105823807076215e-07
-0.0008255031011547,1.1058238070762152e-07
-0.0008255031011547,1.105823807076215e-07
-0.0008255031011547,1.105823807076215e-07
-0.0008255031011547,1.105823807076215e-07
-0.0008255031011547,1.105823807076215e-07
-0.0008255031011547,1.105823807076215e-07
-0.00035224219037665585,1.8199999822933375
-0.0008255031011547,1.1058238074817452e-07
-0.0008255031011547,1.105823807076215e-07
-0.0008255031011547,1.105823807076215e-07
-0.0008255031011547,1.105823807076215e-07
-0.0008255031011547,1.105823807076215e-07
-0.0008255031011547,1.105823807076215e-07
-0.0008255031011547,1.1058238070762152e-07
-0.0008255031011547,1.105823807076215e-07
-0.0008255031011547,1.105823807076215e-07
-0.0008255031011547,1.105823807076215e-07
-0.0008255031011547,1.105823807076215e-07
-0.0008255031011547,1.105823807076215e-07
-0.00032327173165193216,1.9312500214366124
-0.0008255031011547,1.1058238073993458e-07
-0.0008255031011547,1.105823807076215e-07
-0.0008255031011547,1.105823807076215e-07
-0.0008255031011547,1.105823807076215e-07
-0.0008255031011547,1.105823807076215e-07
-0.0008255031011547,1.105823807076215e-07
-0.0008255031011547,1.1058238070762152e-07
-0.0008255031011547,1.105823807076215e-07
-0.0008255031011547,1.105823807076215e-07
-0.0008255031011547,1.105823807076215e-07
-0.0008255031011547,1.105823807076215e-07
-0.0008255031011547,1.105823807076215e-07
-107374180.37012006,27922.894905241523
-0.0008255031011547,1.1058238074166931e-07
-0.0008255031011547,1.105823807076215e-07
-0.0008255031011547,1.105823807076215e-07
-0.0008255031011547,1.105823807076215e-07
-0.0008255031011547,1.105823807076215e-07
-0.0008255031011547,1.105823807076215e-07
-0.0008255031011547,1.1058238070762152e-07
-0.0008255031011547,1.105823807076215e-07
-0.0008255031011547,1.105823807076215e-07
-0.0008255031011547,1.105823807076215e-07
-0.0008255031011547,1.105823807076215e-07
-0.0008255031011547,1.105823807076215e-07
-71.6802782897399,2.114889058223372
-0.0008255031011547,1.1058238073581459e-07
-0.0008255031011547,1.105823807076215e-07
-0.0008255031011547,1.105823807076215e-07
-0.0008255031011547,1.105823807076215e-07
-0.0008255031011547,1.105823807076215e-07
-0.0008255031011547,1.105823807076215e-07
-0.0008255031011547,1.1058238070762152e-07
-0.0008255031011547,1.105823807076215e-07
-0.0008255031011547,1.105823807076215e-07
-0.0008255031011547,1.105823807076215e-07
-0.0008255031011547,1.105823807076215e-07
-0.0008255031011547,1.105823807076215e-07
-151996488324747.38,39524176689.07606
-0.0008255031011547,1.1058238073689882e-07
-0.0008255031011547,1.105823807076215e-07
-0.0008255031011547,1.105823807076215e-07
-0.0008255031011547,1.105823807076215e-07
-0.0008255031011547,1.105823807076215e-07
-0.0008255031011547,1.105823807076215e-07
-0.0008255031011547,1.1058238070762152e-07
-0.0008255031011547,1.105823807076215e-07
-0.0008255031011547,1.105823807076215e-07
-0.0008255031011547,1.105823807076215e-07
-0.0008255031011547,1.105823807076215e-07
-0.0008255031011547,1.105823807076215e-07
2.7200829301128368e+23,-7.073126459546564e+19
-0.0008255031011547,1.1058238074145245e-07
-0.0008255031011547,1.105823807076215e-07
-0.0008255031011547,1.105823807076215e-07
-0.0008255031011547,1.105823807076215e-07
-0.0008255031011547,1.105823807076215e-07
-0.0008255031011547,1.105823807076215e-07
-0.0008255031011547,1.1058238070762152e-07
-0.0008255031011547,1.105823807076215e-07
-0.0008255031011547,1.105823807076215e-07
-0.0008255031011547,1.105823807076215e-07
-0.0008255031011547,1.105823807076215e-07
-0.0008255031011547,1.105823807076215e-07
4.056481692916499e+29,-1.0548210746517095e+26
-0.0008255031011547,1.1058238074405453e-07
-0.0008255031011547,1.105823807076215e-07
-0.0008255031011547,1.105823807076215e-07
-0.0008255031011547,1.105823807076215e-07
-0.0008255031011547,1.105823807076215e-07
-0.0008255031011547,1.105823807076215e-07
-0.0008255031011547,1.1058238070762152e-07
-0.0008255031011547,1.105823807076215e-07
-0.0008255031011547,1.105823807076215e-07
-0.0008255031011547,1.105823807076215e-07
-0.0008255031011547,1.105823807076215e-07
-0.0008255031011547,1.105823807076215e-07
5.8486029520286655e+35,-1.5208326126167059e+32
-0.0008255031011547,1.105823807449219e-07
-0.0008255031011547,1.105823807076215e-07
-0.0008255031011547,1.105823807076215e-07
-0.0008255031011547,1.105823807076215e-07
-0.0008255031011547,1.105823807076215e-07
-0.0008255031011547,1.105823807076215e-07
-0.0008255031011547,1.1058238070762152e-07
-0.0008255031011547,1.105823807076215e-07
-0.0008255031011547,1.105823807076215e-07
-0.0008255031011547,1.105823807076215e-07
-0.0008255031011547,1.105823807076215e-07
-0.0008255031011547,1.105823807076215e-07
-0.0002066234581367672,2.3799999061400055
-0.0008255031011547,1.1058238075012608e-07
-0.0008255031011547,1.105823807076215e-07
-0.0008255031011547,1.105823807076215e-07
-0.0008255031011547,1.105823807076215e-07
-0.0008255031011547,1.105823807076215e-07
-0.0008255031011547,1.105823807076215e-07
-0.0008255031011547,1.1058238070762152e-07
-0.0008255031011547,1.105823807076215e-07
-0.0008255031011547,1.105823807076215e-07
-0.0008255031011547,1.105823807076215e-07
-0.0008255031011547,1.105823807076215e-07
-0.0008255031011547,1.105823807076215e-07
-0.00019573452404911544,2.4218750287019226
-0.0008255031011547,1.1058238075251132e-07
-0.0008255031011547,1.105823807076215e-07
-0.0008255031011547,1.105823807076215e-07
-0.0008255031011547,1.105823807076215e-07
-0.0008255031011547,1.105823807076215e-07
-0.0008255031011547,1.105823807076215e-07
-0.0008255031011547,1.1058238070762152e-07
-0.0008255031011547,1.105823807076215e-07
-0.0008255031011547,1.105823807076215e-07
-0.0008255031011547,1.105823807076215e-07
-0.0008255031011547,1.105823807076215e-07
-0.0008255031011547,1.105823807076215e-07
-0.00018500814560280245,2.463125017770571
-0.0008255031011547,1.1058238075164395e-07
-0.0008255031011547,1.105823807076215e-07
-0.0008255031011547,1.105823807076215e-07
-0.0008255031011547,1.105823807076215e-07
-0.0008255031011547,1.105823807076215e-07
-0.0008255031011547,1.105823807076215e-07
-0.0008255031011547,1.1058238070762152e-07
-0.0008255031011547,1.105823807076215e-07
-0.0008255031011547,1.105823807076215e-07
-0.0008255031011547,1.105823807076215e-07
-0.0008255031011547,1.105823807076215e-07
-0.0008255031011547,1.105823807076215e-07
-71.68017265113987,2.521139044488586
-0.0008255031011547,1.1058238075424604e-07
-0.0008255031011547,1.105823807076215e-07
-0.0008255031011547,1.105823807076215e-07
-0.0008255031011547,1.105823807076215e-07
-0.0008255031011547,1.105823807076215e-07
-0.0008255031011547,1.105823807076215e-07
-0.0008255031011547,1.1058238070762152e-07
-0.0008255031011547,1.105823807076215e-07
-0.0008255031011547,1.105823807076215e-07
-0.0008255031011547,1.105823807076215e-07
-0.0008255031011547,1.105823807076215e-07
-0.0008255031011547,1.105823807076215e-07
-0.0001694874296828007,2.522812391774957
-0.0008255031011547,1.1058238075706496e-07
1448769.867735337,5571474243.635664
-0.0008255031011547,1.105823807076215e-07
-0.0008255031011547,1.105823807076215e-07
-0.0008255031011547,1.105823807076215e-07
-0.0008255031011547,1.105823807076215e-07
-0.0008255031011547,1.1058238070762152e-07
-0.0008255031011547,1.105823807076215e-07
-0.0008255031011547,1.105823807076215e-07
-0.0008255031011547,1.105823807076215e-07
-0.0008255031011547,1.105823807076215e-07
-0.0008255031011547,1.105823807076215e-07
-107374180.36998191,27923.426155223562
-0.0008255031011547,1.1058238078005392e-07
440720.013478285,1694858694.6990201
-0.0008255031011547,1.105823807076215e-07
0.06682468025755797,260.1595066957854
-0.0008255031011547,1.105823807076215e-07
-0.0008255031011547,1.105823807076215e-07
-0.0008255031011547,1.1058238070762152e-07
-0.0008255031011547,1.105823807076215e-07
-0.0008255031011547,1.105823807076215e-07
-0.0008255031011547,1.105823807076215e-07
-0.0008255031011547,1.105823807076215e-07
-0.0008255031011547,1.105823807076215e-07
-0.00015859849559514893,2.564687514336874
-0.0008255031011547,1.1058238079132963e-07
676395.9175357454,2601187752.057207
-0.0008255031011547,1.105823807076215e-07
-0.0008255031011547,1.105823807076215e-07
-0.0008255031011547,1.105823807076215e-07
-0.0008255031011547,1.105823807076215e-07
-0.0008255031011547,1.1058238070762152e-07
-0.0008254926844037114,4.016984996659575e-05
-0.0008255031011547,1.105823807076215e-07
-0.0008255031011547,1.105823807076215e-07
-0.0008255031011547,1.105823807076215e-07
-0.0008255031011547,1.105823807076215e-07
-0.00015323533737039848,2.5853123896619126
-0.0008255031011547,1.105823808034727e-07
-0.0008255031011547,1.105823807076215e-07
-0.0008255031011547,1.105823807076215e-07
-0.0008255031011547,1.105823807076215e-07
-0.0008255031011547,1.105823807076215e-07
-0.0008255031011547,1.105823807076215e-07
-0.0008255031011547,1.1058238070762152e-07
-0.0008255026884131831,1.6978453271910918e-06
-0.0008255031011547,1.105823807076215e-07
-0.0008255031011547,1.105823807076215e-07
-0.0008255031011547,1.105823807076215e-07
-0.0008255031011547,1.105823807076215e-07
-107374180.36996567,27923.48865522145
-0.0008255031011547,1.1058238080911053e-07
-0.0008255031011547,1.105823807076215e-07
-0.0008255031011547,1.105823807076215e-07
-0.0008255031011547,1.105823807076215e-07
-0.0008255031011547,1.105823807076215e-07
-0.0008255031011547,1.105823807076215e-07
-0.0008255031011547,1.1058238070762153e-07
-0.0008255029064259187,8.5944278505644e-07
-0.0008255031011547,1.105823807076215e-07
-0.0008255031011547,1.105823807076215e-07
-0.0008255031011547,1.105823807076215e-07
-0.0008255031011547,1.105823807076215e-07
126443835213.09737,-32879628.600221697
-0.0008255031011547,1.1058238083860858e-07
-0.0008255031011547,1.105823807076215e-07
-0.0008255031011547,1.105823807076215e-07
0.07774614977622783,302.15974941643657
-0.0008255031011547,1.105823807076215e-07
-0.0008255031011547,1.105823807076215e-07
-0.0008255031011547,1.1058238070762153e-07
-0.0008255029302405667,7.625855244315117e-07
-0.0008255031011547,1.105823807076215e-07
-0.0008255031011547,1.105823807076215e-07
-0.0008255031011547,1.105823807076215e-07
-0.0008255031011547,1.105823807076215e-07
-151996488324747.38,39524176689.54481
-0.0008255031011546999,1.1058238084641483e-07
-0.0008255030985102873,1.1058473963235396e-07
-0.0008255031011547,1.105823807076215e-07
-0.0008255031011547,1.105823807076215e-07
-0.0008255031011547,1.105823807076215e-07
-0.0008255031011547,1.105823807076215e-07
-0.0008255031011547,1.1058238070762153e-07
-0.0008255029411554761,7.253347830756518e-07
-0.0008255031011547,1.105823807076215e-07
-0.0008255031011547,1.105823807076215e-07
-0.0008255031011547,1.105823807076215e-07
-0.0008255031011547,1.105823807076215e-07
1.902320493877727e+17,-49466702911243.03
-0.0008255031011547,1.1058238081084527e-07
-0.0008255031011547,1.105823807076215e-07
-0.0008255031011547,1.105823807076215e-07
0.2785953120521548,308.1599415324142
-0.0008255031011547,1.105823807076215e-07
-0.0008255031011547,1.105823807076215e-07
-0.0008255031011547,1.1058238070762153e-07
-0.000825502976151293,5.911448129513315e-07
-0.0008255031011547,1.105823807076215e-07
-0.0008255031011547,1.105823807076215e-07
-0.0008255031011547,1.105823807076215e-07
-0.0008255031011547,1.105823807076215e-07
-0.0001262568666116834,2.6890623766175166
-0.0008255031011546999,1.1058238086896626e-07
-0.0008255031011547,1.105823807076215e-07
-0.0008255031011547,1.105823807076215e-07
-0.0008255031011547,1.105823807076215e-07
-0.0008255031011547,1.105823807076215e-07
-0.0008255031011547,1.105823807076215e-07
-0.0008255031011547,1.1058238070762153e-07
-0.000825503101140599,1.105823807039548e-07
-0.0008255031011547,1.105823807076215e-07
-0.0008255031011547,1.105823807076215e-07
-0.0008255031011547,1.105823807076215e-07
-0.0008255031011547,1.105823807076215e-07
-151996488324747.38,39524176689.60731
-0.0008255031011547,1.1058238072057868e-07
-0.0008255031011547,1.105823807076215e-07
-0.0008255031011547,1.105823807076215e-07
0.007955849358994188,33.77008334996307
-0.0008255031011547,1.105823807076215e-07
-0.0008255031011547,1.105823807076215e-07
-0.0008255031011547,1.1058238070762153e-07
-0.0008255029926384626,5.278554378043203e-07
-0.0008255031011547,1.105823807076215e-07
-0.0008255031011547,1.105823807076215e-07
-0.0008255031011547,1.105823807076215e-07
-0.0008255031011547,1.105823807076215e-07
-0.00011553048816539371,2.730312365686165
-0.0008255031011547,1.1058238071048132e-07
-0.0008255031011547,1.105823807076215e-07
-0.0008255031011547,1.105823807076215e-07
0.028178690678258105,111.54022613691491
-0.0008255031011547,1.105823807076215e-07
-0.0008255031011547,1.105823807076215e-07
-0.0008255031011547,1.1058238070762153e-07
-0.0008255029810163879,5.725587209231289e-07
-0.0008255031011547,1.105823807076215e-07
-0.0008255031011547,1.105823807076215e-07
-0.0008255031011547,1.105823807076215e-07
-0.0008255031011547,1.105823807076215e-07
4.056481692916499e+29,-1.0548210746517095e+26
-0.0008255031011547,1.1058238070872613e-07
-0.0008255031011547,1.105823807076215e-07
-0.0008255031011547,1.105823807076215e-07
-0.0008255031011547,1.105823807076215e-07
-0.0008255031011547,1.105823807076215e-07
-0.0008255031011547,1.105823807076215e-07
-0.0008255031011547,1.1058238070762155e-07
-0.0008255031011456506,1.1058238070526834e-07
-0.0008255031011547,1.105823807076215e-07
-0.0008255031011547,1.105823807076215e-07
-0.0008255031011547,1.105823807076215e-07
-0.0008255031011547,1.105823807076215e-07
-0.00010752521240447446,2.760937469544095
-0.0008255031011547,1.1058238070786885e-07
-0.0008255031011546995,1.105823807081975e-07
-0.0008255031011547,1.105823807076215e-07
-0.0008255031011547,1.105823807076215e-07
-0.0008255031011547,1.105823807076215e-07
-0.0008255031011547,1.105823807076215e-07
-0.0008255031011547,1.1058238070762156e-07
-0.0008255031011287185,1.1058238070148555e-07
-0.0008255031011547,1.105823807076215e-07
-0.0008255031011547,1.105823807076215e-07
-0.0008255031011547,1.105823807076215e-07
-0.0008255031011547,1.105823807076215e-07
126443835213.0974,-32879628.45569045
-0.0008255031011547,1.1058238070767126e-07
-0.0008255031011547,1.105823807076215e-07
-0.0008255031011547,1.105823807076215e-07
-0.0008255031011547,1.105823807076215e-07
-0.0008255031011547,1.105823807076215e-07
-0.0008255031011547,1.105823807076215e-07
-0.0008255031011547,1.1058238070762156e-07
-0.0008255028996087026,8.855236816072129e-07
-0.0008255031011547,1.105823807076215e-07
-0.0008255031011547,1.105823807076215e-07
-0.0008255031011547,1.105823807076215e-07
-0.0008255031011547,1.105823807076215e-07
-0.00010216310752020482,2.7817187474625857
-0.0008255031011547,1.1058238070762192e-07
-0.0008255031011547,1.105823807076215e-07
-0.0008255031011547,1.105823807076215e-07
-0.0008255031011547,1.105823807076215e-07
-0.0008255031011547,1.105823807076215e-07
-0.0008255031011547,1.105823807076215e-07
-0.0008255031011547,1.1058238070762157e-07
-0.0008255029567490609,6.657309929912711e-07
-0.0008255031011547,1.105823807076215e-07
86.02951369037515,-0.0223706584017804
-0.0008255031011547,1.105823807076215e-07
-0.0008255031011547,1.105823807076215e-07
-151996488324747.38,39524176689.68934
-0.0008255031011547,1.1058238070762605e-07
-0.0008255031011547,1.105823807076215e-07
-0.0008255031011547,1.105823807076215e-07
17.184644785917676,66089.45089071174
-0.0008255031011547,1.105823807076215e-07
-0.0008255031011547,1.105823807076215e-07
-0.0008255031011547,1.105823807076215e-07
-0.0008255029480514378,6.991782279522938e-07
-0.0008255031011547,1.105823807076215e-07
-0.0008255031011547,1.105823807076215e-07
-0.0008255031011547,1.105823807076215e-07
-0.0008255031011547,1.105823807076215e-07
-9.679994929545437e-05,2.802343622787624
-0.0008255031011547,1.1058238070762299e-07
-0.0008255031011547,1.105823807076215e-07
-0.0008255031011547,1.105823807076215e-07
-0.0008255031011547,1.105823807076215e-07
-0.0008255031011547,1.105823807076215e-07
-0.0008255031011547,1.105823807076215e-07
-0.0008255031011547,1.1058238070762151e-07
-0.000825502944163976,7.140793886390602e-07
-0.0008255031011547,1.105823807076215e-07
-0.0008255031011547,1.105823807076215e-07
-0.0008255031011547,1.105823807076215e-07
-0.0008255031011547,1.105823807076215e-07
-0.00014412655726910105,2.8128123568378314
-0.0008255031011547,1.1058238070762156e-07
-0.0008255031011547,1.105823807076215e-07
-0.0008255031011547,1.105823807076215e-07
-0.0008255031011547,1.105823807076215e-07
-0.0008255031011547,1.105823807076215e-07
-0.0008255031011547,1.105823807076215e-07
-0.0008255031011547,1.105823807076215e-07
-0.0008255028617732621,1.03087474297696e-06
-0.0008255031011547,1.105823807076215e-07
-0.0008255031011547,1.105823807076215e-07
-0.0008255031011547,1.105823807076215e-07
-0.0008255031011547,1.105823807076215e-07
5.8486029520286655e+35,-1.5208326126167059e+32
-0.0008255031011547,1.1058238070762205e-07
-0.0008255031011547,1.105823807076215e-07
-0.0008255031011547,1.105823807076215e-07
-0.0008255031011547,1.105823807076215e-07
-0.0008255031011547,1.105823807076215e-07
-0.0008255031011547,1.105823807076215e-07
-0.0008255031011547,1.105823807076215e-07
-0.0008255028259330835,1.1688558279873936e-06
-0.0008255031011547,1.105823807076215e-07
-0.0008255031011547,1.105823807076215e-07
-0.0008255031011547,1.105823807076215e-07
-0.0008255031011547,1.105823807076215e-07
-8.867390313925332e-05,2.833593621731102
-0.0008255031011547,1.1058238070762172e-07
-0.0008255031011547,1.105823807076215e-07
-0.0008255031011547,1.105823807076215e-07
-0.0008255031011547,1.105823807076215e-07
-0.0008255031011547,1.105823807076215e-07
-0.0008255031011547,1.105823807076215e-07
-0.0008255031011547,1.105823807076215e-07
-0.0008255026903409831,1.6903962247725063e-06
-0.0008255031011547,1.105823807076215e-07
-0.0008255031011547,1.105823807076215e-07
-0.0008255031011547,1.105823807076215e-07
-0.0008255031011547,1.105823807076215e-07
-8.603290094040073e-05,2.8437500144388754
-0.0008255031011547,1.1058238070762183e-07
-0.0008255031011547,1.105823807076215e-07
-0.0008255031011547,1.105823807076215e-07
-0.0008255031011547,1.105823807076215e-07
-0.0008255031011547,1.105823807076215e-07
-0.0008255031011547,1.105823807076215e-07
-0.0008255031011547,1.105823807076215e-07
-0.0008255026903501105,1.6903965658354043e-06
-0.0008255031011547,1.105823807076215e-07
-0.0008255031011547,1.105823807076215e-07
-0.0008255031011547,1.105823807076215e-07
-0.0008255031011547,1.105823807076215e-07
5.8486029520286655e+35,-1.5208326126167059e+32
-0.0008255031011547,1.1058238070762206e-07
-0.0008255031011547,1.105823807076215e-07
-0.0008255031011547,1.105823807076215e-07
-0.0008255031011547,1.105823807076215e-07
-0.0008255031011547,1.105823807076215e-07
-0.0008255031011547,1.105823807076215e-07
-0.0008255031011547,1.105823807076215e-07
-0.0008255025856541838,2.0930192838220784e-06
-0.0008255031011547,1.105823807076215e-07
-0.0008255031011547,1.105823807076215e-07
-0.0008255031011547,1.105823807076215e-07
-0.0008255031011547,1.105823807076215e-07
-2.3021534981236274e+20,5.986369989403386e+16
-0.0008255031011547,1.105823807076222e-07
-0.0008255031011547,1.105823807076215e-07
-0.0008255031011547,1.105823807076215e-07
-0.0008255031011547,1.105823807076215e-07
-0.0008255031011547,1.105823807076215e-07
-0.0008255031011547,1.105823807076215e-07
-0.0008255031011547,1.105823807076215e-07
-0.000825502756183124,1.4370775162154188e-06
-0.0008255031011547,1.105823807076215e-07
-0.0008255031011547,1.105823807076215e-07
-0.0008255031011547,1.105823807076215e-07
-0.0008255031011547,1.105823807076215e-07
-7.790685478419968e-05,2.875000013382353
-0.0008255031011547,1.1058238070762214e-07
-0.0008255031011547,1.105823807076215e-07
-0.0008255031011547,1.105823807076215e-07
-0.0008255031011547,1.105823807076215e-07
-0.0008255031011547,1.105823807076215e-07
-0.0008255031011547,1.105823807076215e-07
-0.0008255031011547,1.105823807076215e-07
-0.000825502775671236,1.3622798786724996e-06
-0.0008255031011547,1.105823807076215e-07
-0.0008255031011547,1.105823807076215e-07
-0.0008255031011547,1.105823807076215e-07
-0.0008255031011547,1.105823807076215e-07
-7.518463676148973e-05,2.8854687344181897
-0.0008255031011547,1.1058238070762315e-07
-0.0008255031011547,1.105823807076215e-07
-0.0008255031011547,1.105823807076215e-07
-0.0008255031011547,1.105823807076215e-07
-0.0008255031011547,1.105823807076215e-07
-0.0008255031011547,1.105823807076215e-07
-0.0008255031011547,1.105823807076215e-07
-0.0008255029480619585,6.993242018595992e-07
-0.0008255031011547,1.105823807076215e-07
-0.0008255031011547,1.105823807076215e-07
-0.0008255031011547,1.105823807076215e-07
-0.0008255031011547,1.105823807076215e-07
-2.3021534981236274e+20,5.986369989403386e+16
-0.0008255031011547,1.105823807076215e-07
-0.0008255031011547,1.105823807076215e-07
-0.0008255031011547,1.105823807076215e-07
-0.0008255031011547,1.105823807076215e-07
-0.0008255031011547,1.105823807076215e-07
-0.0008255031011547,1.105823807076215e-07
-0.0008255031011547,1.105823807076215e-07
-0.0008255028637850788,1.02342478792891e-06
-0.0008255031011547,1.105823807076215e-07
-0.0008255031011547,1.105823807076215e-07
-0.0008255031011547,1.105823807076215e-07
-0.0008255031011547,1.105823807076215e-07
-6.982147853676259e-05,2.906093609743228
-0.0008255031011547,1.105823807076225e-07
-0.0008255031011547,1.105823807076215e-07
-0.0008255031011547,1.105823807076215e-07
-0.0008255031011547,1.105823807076215e-07
-0.0008255031011547,1.105823807076215e-07
-0.0008255031011547,1.105823807076215e-07
-0.0008255031011547,1.105823807076215e-07
-0.0008255029470932846,7.030499467794869e-07
-0.0008255031011547,1.105823807076215e-07
-0.0008255031011547,1.105823807076215e-07
-0.0008255031011547,1.105823807076215e-07
-0.0008255031011547,1.105823807076215e-07
-71.68006498102831,2.935201530489669
-0.0008255031011547,1.1058238070762245e-07
-0.0008255031011547,1.105823807076215e-07
-0.0008255031011547,1.105823807076215e-07
-0.0008255031011547,1.105823807076215e-07
-0.0008255031011547,1.105823807076215e-07
-0.0008255031011547,1.105823807076215e-07
-0.0008255031011547,1.105823807076215e-07
-0.0008255030183118769,4.2916759213985025e-07
-0.0008255031011547,1.105823807076215e-07
-0.0008255031011547,1.105823807076215e-07
-0.0008255031011547,1.105823807076215e-07
-0.0008255031011547,1.105823807076215e-07
-6.441765040324807e-05,2.92687488765087
-0.0008255031011547,1.1058238070762257e-07
-0.0008255031011547,1.105823807076215e-07
-0.0008255031011547,1.105823807076215e-07
-0.0008255031011547,1.105823807076215e-07
-0.0008255031011547,1.105823807076215e-07
-0.0008255031011547,1.105823807076215e-07
-0.0008255031011547,1.105823807076215e-07
-0.0008255030587645513,2.7360041870479287e-07
-0.0008255031011547,1.105823807076215e-07
-0.0008255031011547,1.105823807076215e-07
-0.0008255031011547,1.105823807076215e-07
-0.0008255031011547,1.105823807076215e-07
89128.9578624292,-20.239326169313134
-0.0008255031011547,1.105823807076228e-07
-0.0008255031011547,1.105823807076215e-07
-0.0008255031011547,1.105823807076215e-07
-0.0008255031011547,1.105823807076215e-07
-0.0008255031011547,1.105823807076215e-07
-0.0008255031011547,1.105823807076215e-07
-0.0008255031011547,1.105823807076215e-07
-0.0008255030771746145,2.0280160184675975e-07
-0.0008255031011547,1.105823807076215e-07
-0.0008255031011547,1.105823807076215e-07
-0.0008255031011547,1.105823807076215e-07
-0.0008255031011547,1.105823807076215e-07
-5.905443018168553e-05,2.9475000013944794
-0.0008255031011547,1.1058238070762222e-07
-0.0008255031011547,1.105823807076215e-07
-0.0008255031011547,1.105823807076215e-07
-0.000817882344516356,0.02930693856723226
-0.0008255031011547,1.105823807076215e-07
-0.0008255031011547,1.105823807076215e-07
-0.0008255031011547,1.105823807076215e-07
-0.0008255030838249109,1.7672460613233343e-07
-0.0008255031011547,1.105823807076215e-07
356478.67462241405,-92.69639247588114
-0.0008255031011547,1.105823807076215e-07
-0.0008255031011547,1.105823807076215e-07
-5.633221213169088e-05,2.9579687224303157
-0.0008255031011547,1.1058238070762258e-07
-0.0008255031011547,1.105823807076215e-07
-0.0008255031011547,1.105823807076215e-07
-0.0008242724385216895,0.004732818869055462
-0.0008255031011547,1.105823807076215e-07
-0.0008255031011547,1.105823807076215e-07
-0.0008255031011547,1.105823807076215e-07
-0.0008255030941001595,1.3771173455309144e-07
30606.26811430717,31998.339302402634
45071.89608817438,-11.720202355041069
-0.0008255031011547,1.105823807076215e-07
-0.0008255031011547,1.105823807076215e-07
-3.218643875264641e+26,8.369551864011527e+22
-0.0008255031011547,1.105823807076251e-07
11.185603400171454,43019.18604568755
48653.52487333414,-12.651545772851359
0.0009452894452033894,0.0008201218171025808
-0.0008255031011547,1.105823807076215e-07
-0.0008255031011547,1.105823807076215e-07
-0.0008255031011547,1.105823807076215e-07
-0.0008255030948963883,1.342192767636109e-07
-0.0008255031011547,1.105823807076215e-07
3280.9929600551186,-0.8531681403310943
-0.0008255031011547,1.105823807076215e-07
-0.0008255031011547,1.105823807076215e-07
-5.092838402548448e-05,2.978750000337957
-0.0008255031011547,1.1058238070762311e-07
-0.0008255031011547,1.105823807076215e-07
-0.0008255031011547,1.105823807076215e-07
-0.0004896305614910751,0.0001507816004532962
-0.0008255031011547,1.105823807076215e-07
-0.0008255031011547,1.105823807076215e-07
-0.0008255031011547,1.105823807076215e-07
-0.0008255030942514491,1.3712965973997475e-07
-0.0008255031011547,1.105823807076215e-07
397.9991610410342,-0.10349321326299638
-0.0008255031011547,1.105823807076215e-07
-0.0008255031011547,1.105823807076215e-07
-107374180.36986612,27923.871467708508
-0.0008255031011547,1.1058238070763266e-07
-0.0008255031011546752,1.105823807307133e-07
137.0949772926332,165.02182079108297
-0.0007615642201809469,2.9786794549982824e-05
-0.0008255031011547,1.105823807076215e-07
-0.0008255031011547,1.105823807076215e-07
-0.0008255031011547,1.105823807076215e-07
-0.0008255031011546696,1.1058238073450608e-07
167.09216018053073,179.00594909268767
241.0588739885838,-0.06268348335989113
-0.0008255031011547,1.105823807076215e-07
-0.0008255031011547,1.105823807076215e-07
-4.556522580073403e-05,2.999374875662996
-0.0008255031011547,1.1058238070764415e-07
0.0032707351410118674,15.752733762267972
0.003173446767610026,15.378595896499121
-0.0008119667679438771,6.666004252430785e-06
-0.0008255031011547,1.105823807076215e-07
-0.0008255031011547,1.105823807076215e-07
-0.0008255031011547,1.105823807076215e-07
-0.0008255030981117234,1.2228441609679825e-07
-0.0008255031011547,1.105823807076215e-07
7.8447562400116935,-0.0020400033863299796
-0.0008255031011547,1.105823807076215e-07
-0.0008255031011547,1.105823807076215e-07
-151996488324747.38,39524176689.90223
-0.0008255031011547,1.1058238070773079e-07
-5.7413808542956086e-05,2.9538092720399356
-6.142022853160495e-05,2.938401948723557
-0.0008220296148810657,1.7270628583257868e-06
-0.0008255031011547,1.105823807076215e-07
-0.0008255031011547,1.105823807076215e-07
-0.0008255031011547,1.105823807076215e-07
-0.0008255030994154062,1.1713189118832835e-07
0.929043878837019,-0.0002416865943339108
1.335566735156789,-0.0003473961497159789
-0.0008255031011547,1.105823807076215e-07
-0.0008255031011547,1.105823807076215e-07
-9.283089090808159e-05,3.010077975168536
-0.0008255031011547,1.105823807076215e-07
-0.0007091767854397217,0.4473514021348769
-0.0007117384549678847,0.4375000957910722
-0.0008255029955269653,5.167905824829887e-07
-0.0008255031011547,1.105823807076215e-07
-0.0008255031011547,1.105823807076215e-07
-0.0008255031011547,1.105823807076215e-07
-0.0008255030999624255,1.1515283390122887e-07
0.17895867245190003,0.196290679774378
0.22481693197341354,-5.856400655383784e-05
-0.0008255031011547,1.105823807076215e-07
-0.0008255031011547,1.105823807076215e-07
-4.14412598563345e-05,3.015234240590068
-0.0008255031011547,1.105823807076215e-07
-0.0008046745572273509,0.0800995787877315
-0.0008030223848075662,0.08645326979320493
-0.0008255030734157943,2.1725674066580655e-07
-0.0008255031011547,1.105823807076215e-07
-0.0008255031011547,1.105823807076215e-07
-0.0008255031011547,1.105823807076215e-07
-0.0008255031004929597,1.1304222783351964e-07
0.02909643639187502,0.034672377189787856
0.04191307094223833,-1.1002878005482635e-05
-0.0008255031011547,1.105823807076215e-07
-0.0008255031011547,1.105823807076215e-07
5.8486029520286655e+35,-1.5208326126167059e+32
-0.0008255031011547,1.1058238071193218e-07
-0.0008207720948776265,0.01819394535986503
0.020671656524686166,0.023927030534434814
-0.0008255030934050984,1.4038470208773888e-07
-0.0008255031011547,1.105823807076215e-07
-0.0008255031011547,1.105823807076215e-07
-0.0008255031011547,1.105823807076215e-07
-0.0008255031007056368,1.1197965182573194e-07
0.02408940114885942,0.026366862685489347
0.03190305233592382,-8.39993797446161e-06
-0.0008255031011547,1.105823807076215e-07
-0.0008255031011547,1.105823807076215e-07
-3.8739314791182795e-05,3.025624998753174
-0.0008255031011547,1.105823807076433e-07
0.0020132662648297806,-6.275927128827097e-07
-0.0008246299708677347,0.0033578715427166994
-0.0008255030987317143,1.1990035611693613e-07
-0.0008255031011547,1.105823807076215e-07
-0.0008255031011547,1.105823807076215e-07
-0.0008255031011547,1.105823807076215e-07
-0.0008255031008961329,1.11473829141121e-07
0.000540515286717135,-2.446281423436963e-07
0.0009373122411361776,-3.478086375520684e-07
-0.0008255031011547,1.105823807076215e-07
2256.502760316807,-0.5867663825356216
-3.218643875264641e+26,8.369551864011527e+22
-0.0008255031011547,1.105823807076215e-07
-0.00010035738907210074,0.0007477704640385294
-4.923133570497429e-06,0.0008317062435217413
-0.0008255031010099625,1.1113899144628823e-07
-0.0008255031011547,1.105823807076215e-07
-0.0008255031011547,1.105823807076215e-07
-0.0008255031011547,1.105823807076215e-07
-0.0008255031009618228,1.1127010261567344e-07
-0.0008255031011547,1.105823807076215e-07
-0.00039800634351798306,0.0005609865965533776
-0.0008255031011547,1.105823807076215e-07
-0.0008255031011547,1.105823807076215e-07
5.8486029520286655e+35,-1.5208326126167059e+32
-0.0008255031011547,1.1058238070977684e-07
-0.0006442595945992484,0.00017462776831991616
-0.000637529481505285,0.00019084740251651378
-0.0008255031010718868,1.1090085189071525e-07
-0.0008255031011547,1.105823807076215e-07
-0.0008255031011547,1.105823807076215e-07
-0.0008255031011547,1.105823807076215e-07
-0.0008255031010013906,1.1111003149752742e-07
-0.0007425111740029065,8.900170059792497e-08
-0.0007181552475475906,0.00012793153615181605
-0.0008255031011547,1.105823807076215e-07
-0.0008255031011547,1.105823807076215e-07
-3.467629171308227e-05,3.041249998224913
-0.0008255031011547,1.1058238070762311e-07
-0.0007808807446866026,0.00010836197240408091
-0.0007072227298354702,7.98255234529667e-08
-0.0008255031010183994,1.1110654623420237e-07
-0.0008255031011547,1.105823807076215e-07
-0.0008255031011547,1.105823807076215e-07
-0.0008255031011547,1.1058238070762151e-07
-0.0008255031010062895,1.1108820356970961e-07
-0.0007167619465026129,8.23060392146283e-08
-0.0008255031011547,1.105823807076215e-07
-0.0008255031011547,1.105823807076215e-07
-0.0008255031011547,1.105823807076215e-07
0.0587166420431149,3.0463127984027794
-0.0008255031011547,1.105823807076215e-07
-0.0008122087810797263,1.0712541231732039e-07
-0.0008126881029612494,1.0725005205698819e-07
-0.0008255031009237995,1.1147034493527924e-07
-0.0008255031011547,1.105823807076215e-07
-0.0008255031011547,1.105823807076215e-07
-0.0008255031011547,1.1058238070762151e-07
-0.0008255031010224627,1.1104629504029824e-07
-0.0008255031011547,1.105823807076215e-07
-0.000817629509610362,9.768042068735897e-06
-0.0008255031011547,1.105823807076215e-07
-0.0008254917430447067,4.3789995279182675e-05
-3.201501655667144e-05,3.0514843538054164
-0.0008255031011547,1.105823807104138e-07
-0.0008219253373802191,3.433267983465545e-06
-0.0008255031011547,1.105823807076215e-07
-0.0008255031007439831,1.1216185753683971e-07
-0.0008255031011547,1.105823807076215e-07
-0.0008255031011547,1.105823807076215e-07
-0.0008255031011547,1.1058238070762151e-07
-0.0008255031010221681,1.1102628626712842e-07
-0.0008255031011547,1.105823807076215e-07
-0.0008231032068797063,1.0995832783376783e-07
-0.0008255031011547,1.105823807076215e-07
-0.0008255031011547,1.105823807076215e-07
-3.0653972304163675e-05,3.056718595114058
-0.0008255031011547,1.1058238070999368e-07
-0.0008244373572318701,1.1030525160040872e-07
-0.000825502825943068,1.1689523481184788e-06
-0.0008255031004202982,1.1340663943894267e-07
-0.0008255031011547,1.1058238071526704e-07
-0.0008255031011547,1.105823807076215e-07
-0.0008255031011547,1.1058238070762151e-07
-0.0008255031010578695,1.108825861919403e-07
-0.000825502951927231,6.844602736076755e-07
-0.0008247911496766585,9.413584760936847e-07
-0.0008255031011547,1.105823807076215e-07
-0.0008255031011547,1.1058238070762206e-07
0.058720705066193,3.0619377978745184
-0.0008255031011547,1.1058238070794682e-07
-0.0008253212761654536,7.961525883255281e-07
-0.0008255031011547,1.105823807076215e-07
-0.0008255030997918468,1.158234485544478e-07
-0.0008255031011547,1.105823807076215e-07
-0.0008255031011547,1.105823807076215e-07
-0.0008255031011547,1.1058238070762151e-07
-0.0008255031010595776,1.1085893932933888e-07
-0.0008255031011547,1.105823807076215e-07
-0.0008255027096844711,1.6160432164293414e-06
-0.0008255031011547,1.105823807076215e-07
-0.0008255031011547,1.105823807076215e-07
-2.7951993478570912e-05,3.0671093532771554
-0.0008255031011547,1.1058238071987494e-07
-0.0008254506001826007,1.4072980103028255e-06
-0.0008255031011547,1.105823807076215e-07
-0.0008255030987014408,1.2001677765207595e-07
-0.0008255031011547,1.105823807076215e-07
-0.0008255031011547,1.105823807076215e-07
-0.0008255031011547,1.1058238070762151e-07
-0.0008255031010469813,1.1093897477925862e-07
-0.000823811467214567,1.1014249923748832e-07
-0.0008255023724602113,2.912892577337262e-06
-0.0008255031011547,1.105823807076215e-07
1.3566241956660338e+16,5.217113448083039e+19
-2.6611188423180223e-05,3.0722656317130577
-0.0008255031011547,1.1058238071472499e-07
-0.0008254453929130762,2.629520356729866e-06
-0.0008255031011547,1.105823807076215e-07
-0.0008255030965811687,1.2817062031058272e-07
-0.0008255031011547,1.105823807076215e-07
-0.000825503100994709,1.1058238066601849e-07
-0.0008255031011547,1.1058238070762151e-07
-0.000825503101030033,1.1101355334291827e-07
-0.0008222241413992643,1.09729741372651e-07
-0.0008255031011547,1.105823807076215e-07
-0.0008255031011547,1.105823807076215e-07
-0.0008255031011547,1.105823807076215e-07
-2.5250110410231295e-05,3.0774998730216905
-0.0008255031011547,1.105823807078655e-07
-0.000825401638979846,5.208074793582703e-06
-0.0008255031011547,1.105823807076215e-07
-0.0008255030924314391,1.4412906322663658e-07
-0.0008255031011547,1.105823807076215e-07
-0.0008255031011547,1.105823807076215e-07
-0.0008255031011547,1.1058238070762151e-07
-0.0008255031010362016,1.1100263946324321e-07
-0.0008252999963652708,2.3723318210344926e-07
-0.0008255031011547,1.105823807076215e-07
-0.0008255031011547,1.105823807076215e-07
-0.0008255031011547,1.105823807076215e-07
4.056481692916499e+29,-1.0548210746517095e+26
-0.0008255031011547,1.1058238070917351e-07
-0.0008252645539731507,1.1199634921144705e-05
-0.0008255031011547,1.105823807076215e-07
-0.0008255031011547,1.105823807076215e-07
-0.0008255031011547,1.105823807076215e-07
-0.0008255031011547,1.105823807076215e-07
-0.0008255031011547,1.1058238070762151e-07
-0.0008255031010243398,1.1101537260845864e-07
-0.0008254755053473278,1.1057520487363733e-07
-0.0008255031011547,1.105823807076215e-07
-0.0008255031011547,1.105823807076215e-07
-0.0008255031011547,1.105823807076215e-07
-2.2548165345079698e-05,3.0878906311847967
-0.0008255031011547,1.1058238070903797e-07
-0.0008255030425483386,3.359624361447592e-07
-0.0008255031011547,1.105823807076215e-07
-0.0008255031011547,1.105823807076215e-07
-0.0008255031011547,1.105823807076215e-07
-0.0008255031011547,1.1058238070762328e-07
-0.0008255031011547,1.1058238070762151e-07
-0.0008255031010357299,1.1095534595907402e-07
-0.0008254945426979889,3.302348467508791e-05
-0.0008255031011547,1.105823807076215e-07
-0.0008255031011547,1.105823807076215e-07
-0.0008255031011547,1.105823807076215e-07
-2.3021534981236274e+20,5.986369989403386e+16
-0.0008255031011547,1.1058238070850942e-07
-0.0008255030722093848,2.218961795641072e-07
-0.0008255031011547,1.105823807076215e-07
-0.0008255031011547,1.105823807076215e-07
-0.0008255031011547,1.105823807076215e-07
5.356471105537896e+31,-1.3928618531055254e+28
-0.0008255031011547,1.1058238070762152e-07
-0.0008255031007276479,1.1112458445228854e-07
-0.0008252832671267125,1.1052521649902869e-07
-0.0008255031011547,1.105823807076215e-07
-0.0008255031011547,1.105823807076215e-07
-0.0008255031011547,1.105823807076215e-07
-71.68001774838503,3.1168421493486345
-0.0008255031011547,1.1058238070876014e-07
-0.0008255030852868319,1.7160478355144049e-07
-0.0008255031011547,1.105823807076215e-07
-0.0008255031011547,1.105823807076215e-07
-0.0008255031011547,1.105823807076215e-07
-0.0008255031011547,1.105823807076215e-07
-0.0008255031011547,1.1058238070762152e-07
-0.0008255031008146123,1.1129920757456871e-07
-0.0008254749234608086,1.1057505356365739e-07
-0.0008255031011547,1.105823807076215e-07
-0.0008255031011547,1.105823807076215e-07
-0.0008255031011547,1.105823807076215e-07
-1.8525812175743247e-05,3.103359228073933
-0.0008255031011547,1.1058238070870595e-07
-0.0008255031011547,1.105823807076215e-07
-0.0008255031011547,1.105823807076215e-07
-0.0008255031011547,1.105823807076215e-07
-0.0008255031011547,1.105823807076215e-07
5.746035661833413e+34,-1.4941616826192174e+31
-0.0008255031011547,1.1058238070762152e-07
-0.0008255031007185783,1.1147383070477427e-07
-0.0008254614053936599,1.4410981748004235e-07
-0.0008255031011547,1.105823807076215e-07
-0.0008255031011547,1.105823807076215e-07
-0.0008255031011547,1.105823807076215e-07
-1.7122948916737345e-05,3.108593707790287
-0.0008255031011547,1.1058238070836361e-07
-0.0008255028909043517,9.191334319065034e-07
-0.0008255031011547,1.105823807076215e-07
-0.0008255031011547,1.105823807076215e-07
-0.0008255031011547,1.105823807076215e-07
-0.0008255031011547,1.105823807076215e-07
-0.0008255031011547,1.1058238070762153e-07
-0.0008255031006680556,1.1168861760937794e-07
-0.0008254755046622003,1.1399556658270812e-07
-0.0008255031011547,1.105823807076215e-07
-0.0008255031011547,1.105823807076215e-07
3.5643242452852335e+27,1.3707174037447106e+31
-71.68001368536194,3.1324671488203735
-0.0008255031011547,1.1058238070909896e-07
-0.0008229691686896365,5.123354148011236e-07
-0.0008255031011547,1.105823807076215e-07
-0.0008255031011547,1.105823807076215e-07
-0.0008255031011547,1.105823807076215e-07
41.75614635175121,-0.010858100365064391
-0.0008255031011547,1.1058238070762153e-07
-0.0008255031004739043,1.1194327586195358e-07
-0.0008254782851443743,1.6600020631144632e-07
-0.0008255031011547,1.105823807076215e-07
-0.0008255031011547,1.105823807076215e-07
-0.0008255031011547,1.105823807076215e-07
-1.4462789097642614e-05,3.118984227545672
-0.0008255031011547,1.1058238070901088e-07
-0.0008255030743891746,2.1351345244640355e-07
-0.0008243917037991884,0.0042741653339669
-0.0008255031011547,1.105823807076215e-07
-0.0008255031011547,1.105823807076215e-07
7.796191386771222e+17,-202727082218677.22
-0.0008255031011547,1.1058238070762155e-07
-0.000825503100275833,1.1311499645949027e-07
-0.0008254957845188971,1.5017224400935332e-07
-0.0008255031011547,1.105823807076215e-07
-0.0008255031011547,1.105823807076215e-07
-0.0008255031011547,1.105823807076215e-07
-151996488324747.38,39524176690.02137
-0.0008255031011547,1.1058238070798748e-07
-0.0008227884569144188,0.010439705437003495
-0.000822407390360541,0.011905157291099687
-0.0008255031011547,1.105823807076215e-07
-0.0008255031011547,1.105823807076215e-07
-0.0008255031011547,1.105823807076215e-07
-0.0008255031011547,1.1058238070762155e-07
-0.0008255030996013939,1.1541478427752692e-07
-0.0008255030992166173,1.1803558473161393e-07
-0.0008255031011547,1.105823807076215e-07
-0.0008255031011547,1.105823807076215e-07
-0.0008255031011547,1.105823807076215e-07
2.7200829301128368e+23,-7.073126459546564e+19
-0.0008255031011547,1.1058238071553814e-07
-0.000825503095825575,1.3107637584844962e-07
-0.0008177880468807946,0.029669575076430612
-0.0008255031011547,1.105823807076215e-07
-0.0008255031011547,1.105823807076215e-07
-0.0008255025780094162,2.122420518052414e-06
-0.0008255031011547,1.1058238070762156e-07
-0.0008255030990110779,1.1689908219203586e-07
-0.0008254904000762586,1.4621270858717506e-07
-0.0008255031011547,1.105823807076215e-07
-0.0008255031011547,1.105823807076215e-07
-0.0008255031011547,1.105823807076215e-07
-4.932681786943494e+32,1.2826624393509261e+29
-0.0008255031011547,1.1058238071510446e-07
-0.0008255030461707726,3.220317915338086e-07
-0.0008255031011547,1.105823807076215e-07
-0.0008255031011547,1.105823807076215e-07
-0.0008255031011547,1.105823807076215e-07
-0.0008255031011547,1.105823807076215e-07
-0.0008255031011547,1.1058238070762157e-07
-0.000825503097787772,1.2187700944584816e-07
-0.0008255030984295475,1.2106238654949566e-07
-0.0008255031011547,1.105823807076215e-07
-0.0008255031011547,1.105823807076215e-07
-0.0008255031011547,1.105823807076215e-07
-151996488324747.38,39524176690.036995
-0.0008255031011547,1.105823807092345e-07
-0.0008255030640917446,2.53113852288016e-07
-0.0008255031011547,1.105823807076215e-07
-0.0008255031011547,1.105823807076215e-07
-0.0008255031011547,1.105823807076215e-07
1.1514842544455694e+22,-2.994244645155854e+18
-0.0008255031011547,1.1058238070762159e-07
-0.0008255030965003446,1.2572108985042041e-07
-0.0008254548952441788,1.10569845556673e-07
-0.0008255031011547,1.105823807076215e-07
-0.0008255031011547,1.105823807076215e-07
-0.0008255031011547,1.105823807076215e-07
2.7200829301128368e+23,-7.073126459546564e+19
-0.0008255031011547,1.1058238071260982e-07
-0.0006385617267378133,0.7189128069571094
-0.0006151877971324807,0.8088009593784649
-0.0008255031011547,1.105823807076215e-07
-0.0008255031011547,1.105823807076215e-07
-0.0008255031011547,1.105823807076215e-07
-0.0008255031011547,1.1058238070762159e-07
-0.0008255030903818341,1.4714623686182182e-07
0.968091297541748,-0.00025184023073079653
-0.0008255031011547,1.105823807076215e-07
-0.0008255031011547,1.105823807076215e-07
-0.0008255031011547,1.105823807076215e-07
-6.397685807717256e-06,3.1499998610338165
-0.0008255031011547,1.1058238071277245e-07
0.0010925801864112381,7.376293520409648
-0.0008255031011547,1.105823807076215e-07
-0.0008255031011547,1.105823807076215e-07
-0.0008255031011547,1.105823807076215e-07
-0.0008255024826816703,1.1058221988392374e-07
-0.0008255031011547,1.1058238070762159e-07
-0.0008255030882306835,1.5552812199380224e-07
7.596421645489675,8.313343914333403
-0.0008255031011547,1.105823807076215e-07
-0.0008255031011547,1.105823807076215e-07
-0.0008255030900717873,1.5320347880522182e-07
-151996488324747.38,39524176690.05262
-0.0008255031011547,1.105823807119864e-07
0.000735032295634027,6.001286414339487
6.813193946548856,-0.001771762647351486
-0.0008255031011547,1.105823807076215e-07
-0.0008255031011547,1.105823807076215e-07
-0.0008255031011547,1.105823807076215e-07
-0.0008255031011547,1.1058238070762159e-07
-0.0008255030994135955,1.1058238025487603e-07
10.254673027780335,10.875123202690363
-0.0008255031011547,1.105823807076215e-07
-0.0008255031011547,1.105823807076215e-07
-0.0008255031011547,1.105823807076215e-07
-3.6957407425656586e-06,3.160390619196923
-0.0008255031011547,1.1058238071279955e-07
0.004571529685755294,20.755145435489094
-0.0008255031011547,1.105823807076215e-07
-0.0008255031011547,1.105823807076215e-07
-0.0008255031011547,1.105823807076215e-07
-0.0008255031011547,1.105823807076215e-07
-0.0008255031011547,1.1058238070762159e-07
-0.0008255030985677737,1.1058238003493404e-07
42.76962762414356,37.750159697041376
-0.0008255031011547,1.105823807076215e-07
-0.0008255031011547,1.105823807076215e-07
-0.0008255031011547,1.105823807076215e-07
-2.334662729616731e-06,3.1656248605055555
-0.0008255031011547,1.105823807076215e-07
0.01699209700035426,68.52040642436718
-0.0008255031011547,1.105823807076215e-07
-0.0008255031011547,1.105823807076215e-07
-0.0008255031011547,1.105823807076215e-07
1.2327102738587516e+22,-3.2054594948042757e+18
-0.0008255031011547,1.105823807076216e-07
-0.0008255030952418796,1.105823791700902e-07
116.55395910662232,129.01440457844262
-0.0008255031011547,1.105823807076215e-07
-0.0008255031011547,1.105823807076215e-07
-0.0008255031011547,1.105823807076215e-07
-9.735226925708992e-07,3.1708593402327594
-0.0008255031011547,1.1058238070845848e-07
0.06576424710535762,256.0814428688157
0.09073402363174954,352.1066776594361
-0.0008255031011547,1.105823807076215e-07
-0.0008255031011547,1.105823807076215e-07
-0.0008255025775403203,2.1242245007323903e-06
-0.0008255031011547,1.105823807076216e-07
-0.00082550288439447,9.26566616975775e-07
520.1702384535569,-0.13526178438527386
-0.0008255031011547,1.105823807076215e-07
-0.0008255031011547,1.105823807076215e-07
-0.0008255031011547,1.105823807076215e-07
3.672823355348664e-07,3.1760156186686617
-0.0008255031011547,1.1058238070924805e-07
0.2863360171729304,1104.3251580872773
0.33628860046769515,1296.4257375301052
-0.0008255031011547,1.105823807076215e-07
-0.0008255031011547,1.105823807076215e-07
-0.0008255031011547,1.1058238082385177e-07
-0.0008255031011547,1.105823807076216e-07
-0.0008255030144372683,4.4406801386548876e-07
0.4860523294585728,1872.3659036051884
-0.0008255031011547,1.105823807076215e-07
-0.0008255031011547,1.105823807076215e-07
-0.0008255031011547,1.105823807076215e-07
-3.218643875264641e+26,8.369551864011527e+22
-0.0008255031011547,1.1058238070996658e-07
1.0729316984364636,4129.303571441671
1.5390173278176897,5921.709760842737
-0.0008255031011547,1.105823807076215e-07
-0.0008255031011547,1.105823807076215e-07
-0.0008255031011547,1.105823807076215e-07
-0.0008255031011547,1.105823807076216e-07
-0.0008255031011304928,1.1058238070132682e-07
-0.0008255031011547,1.105823807076215e-07
-0.0008255031011547,1.105823807076215e-07
-0.0008255031011547,1.105823807076215e-07
-0.0008255031011547,1.105823807076215e-07
5.8486029520286655e+35,-1.5208326126167059e+32
-0.0008255031011547,1.1058238070880082e-07
24.102441328222458,92692.93436628238
20.642588246646714,79387.52075362121
-0.0008255031011547,1.105823807076215e-07
-0.0008255031011547,1.105823807076215e-07
-0.0008255031011547,1.1058238070762151e-07
-0.0008255031011547,1.105823807076216e-07
-0.0008255028650874699,1.0159702283793023e-06
78892.12707917213,85506.73048415556
-0.0008255031011547,1.105823807076215e-07
-0.0008255031011547,1.105823807076215e-07
-0.0008255031011547,1.105823807076215e-07
4.430305413635391e-06,3.1916406181404007
-0.0008255031011547,1.1058238071304351e-07
23.569921208491213,90645.04381051891
32.49181404162679,124955.5973380235
-0.0008255031011547,1.105823807076215e-07
-0.0008255031011547,1.105823807076215e-07
1.3135873769025997e+22,-3.4157670450550267e+18
-0.0008255031011547,1.1058238070762161e-07
-0.0008255031008064664,1.105823806170691e-07
-0.0008255031011547,1.105823807076215e-07
-0.0008255031011547,1.105823807076215e-07
-0.0008255031011547,1.105823807076215e-07
-0.0008255031011547,1.105823807076215e-07
0.05875574864024162,3.196703418318267
-0.0008255031011547,1.105823807205255e-07
117.71417613185893,452691.70344518975
-0.0008255031011547,1.105823807076215e-07
-0.0008255031011547,1.105823807076215e-07
-0.0008255031011547,1.105823807076215e-07
-0.0008255031011547,1.1058238070808624e-07
-0.0008255031011547,1.1058238070762163e-07
-0.0008255031008757449,1.1058238063508384e-07
-0.0008255031011547,1.105823807076215e-07
-0.0008255031011547,1.105823807076215e-07
-0.0008255031011547,1.105823807076215e-07
-0.0008255031011547,1.105823807076215e-07
7.091580570046333e-06,3.201874973720904
-0.0008255031011547,1.1058238072432222e-07
-0.0008255031011547,1.105823807076215e-07
-0.0008255031011547,1.105823807076215e-07
-0.0008255031011547,1.105823807076215e-07
-0.0008255031011547,1.105823807076215e-07
3.1956964851695144e+21,-8.309880965649377e+17
-0.0008255031011547,1.1058238070762163e-07
-0.0008255030967766917,1.1058237956919275e-07
-0.0008255031011547,1.105823807076215e-07
-0.0008255031011547,1.105823807076215e-07
-0.0008255031011547,1.105823807076215e-07
-0.0008255031011547,1.105823807076215e-07
8.452624822554095e-06,3.2071092150295457
-0.0008255031011547,1.1058238071759815e-07
-0.0008255031011547,1.105823807076215e-07
-0.0008255031011547,1.105823807076215e-07
-0.0008255031011547,1.105823807076215e-07
-0.0008255031011547,1.105823807076215e-07
-0.0008255031011547,1.1058238070762151e-07
-0.0008255031011547,1.1058238070762163e-07
-0.0008254979232341359,2.0023051432148604e-05
-0.0008255031011547,1.105823807076215e-07
-0.0008255031011547,1.105823807076215e-07
-0.0008255031011547,1.105823807076215e-07
3161433.524675384,12157793892.960716
0.058759811663319714,3.212328417790006
-0.0008255031011547,1.1058238073202005e-07
-0.0008255031011547,1.105823807076215e-07
-0.0008255031011547,1.105823807076215e-07
-0.0008255031011547,1.105823807076215e-07
-0.0008255031011547,1.105823807076215e-07
-0.0008255031011547,1.105823807076215e-07
-0.0008255031011547,1.1058238070762164e-07
-0.0008255031011547,1.105823807076215e-07
-0.0008255031011547,1.105823807076215e-07
-0.0008255031011547,1.105823807076215e-07
-0.0008255031011547,1.105823807076215e-07
-0.0008255031011547,1.105823807076215e-07
1.1154603648146858e-05,3.217499973192643
-0.0008255031011547,1.1058238071998341e-07
-0.0008255031011547,1.105823807076215e-07
-0.0008255031011547,1.105823807076215e-07
-0.0008255031011547,1.105823807076215e-07
-0.0008255031011547,1.105823807076215e-07
1.26205268810892e+22,-3.281759597393881e+18
-0.0008255031011547,1.1058238070762164e-07
-0.000825503101148454,1.1058238070599732e-07
-0.0008255031011547,1.105823807076215e-07
-0.0008255031011547,1.105823807076215e-07
-0.0008255031011547,1.105823807076215e-07
-0.0008255031011547,1.105823807076215e-07
1.251564790065462e-05,3.2227342145012847
-0.0008255031011547,1.1058238073006448e-07
-0.0008255031011547,1.105823807076215e-07
-0.0008255031011547,1.105823807076215e-07
-0.0008255031011547,1.105823807076215e-07
-0.0008255031011547,1.105823807076215e-07
-0.0008255031011547,1.105823807076215e-07
-0.0008255031011547,1.1058238070762167e-07
-0.0008255031011547,1.105823807076215e-07
-0.0008255031011547,1.105823807076215e-07
-0.0008255031011547,1.105823807076215e-07
-0.0008255031011547,1.105823807076215e-07
-0.0008255031011547,1.1058238070762212e-07
1.3856486716486366e-05,3.2278904929371786
-0.0008255031011547,1.1058238071889918e-07
-0.0008255031011547,1.105823807076215e-07
-0.0008255031011547,1.105823807076215e-07
-0.0008255031011547,1.105823807076215e-07
-0.0008255031011547,1.105823807076215e-07
-0.0008255031011546999,1.1058238121420266e-07
-0.0008255031011547,1.1058238070762167e-07
-0.0008255031011547,1.105823807076215e-07
-0.0008255031011547,1.105823807076215e-07
-0.0008255031011547,1.105823807076215e-07
-0.0008255031011547,1.105823807076215e-07
-0.0008254577124008351,0.00017466023211897626
4.056481692916499e+29,-1.0548210746517095e+26
-0.0008255031011547,1.1058238071521288e-07
-0.0008255031011547,1.105823807076215e-07
-0.0008255031011547,1.105823807076215e-07
-0.0008255031011547,1.105823807076215e-07
-0.0008255031011547,1.105823807076215e-07
1.2765260183320668e+22,-3.3193951024830024e+18
-0.0008255031011547,1.105823807076217e-07
-0.0008255030767462881,1.618138040814814e-07
-0.0008255031011547,1.105823807076215e-07
-0.0008255031011547,1.105823807076215e-07
-0.0008255031011547,1.105823807076215e-07
-0.0008255031011547,1.105823807076215e-07
1.6558431781638072e-05,3.2382812511002848
-0.0008255031011547,1.1058238071781494e-07
-0.0008255031011547,1.105823807076215e-07
-0.0008255031011547,1.105823807076215e-07
-0.0008255031011547,1.105823807076215e-07
-0.0008255031011547,1.105823807076215e-07
-0.0008255031011546999,1.1058238070762147e-07
-0.0008255031011547,1.1058238070762172e-07
-0.0008255030934947874,1.4003978866825044e-07
-0.0008255031011547,1.105823807076215e-07
-0.0008255031011547,1.105823807076215e-07
-0.0008255031011547,1.105823807076215e-07
7.341421710587197e+17,-190901547805712.8
-2.3021534981236274e+20,5.986369989403386e+16
-0.0008255031011547,1.105823807192786e-07
-0.0008255031011547,1.105823807076215e-07
-0.0008255031011547,1.105823807076215e-07
-0.0008255031011547,1.105823807076215e-07
-0.0008255031011547,1.105823807076215e-07
-0.0008255031011547,1.105823807076215e-07
-0.0008255031011547,1.1058238070762172e-07
-0.0008255030553745818,2.8663701584326794e-07
-0.0008255031011547,1.105823807076215e-07
-0.0008255031011547,1.105823807076215e-07
-0.0008255031011547,1.105823807076215e-07
-0.0008255031011547,1.105823807076221e-07
4.056481692916499e+29,-1.0548210746517095e+26
-0.0008255031011546999,1.1058238072117594e-07
-0.000138689645314369,2.641250154799538
-0.0008255031011547,1.105823807076215e-07
-0.0008255031011547,1.105823807076215e-07
-0.0008255031011547,1.105823807076215e-07
1.2154854681878887e+31,4.674342092888349e+34
-0.0008255031011547,1.1058238070762172e-07
-0.0008255031011546732,1.1058238070761453e-07
-0.0008255031011547,1.105823807076215e-07
-0.0008255031011547,1.105823807076215e-07
-0.0008255031011547,1.105823807076215e-07
3.396512038025012e+18,1.3061825586456244e+22
126443835213.09752,-32879627.97522172
-0.0008255031011546999,1.1058238070762147e-07
0.6399496789398993,-0.00016651242181304078
-0.0008255031011547,1.105823807076215e-07
-0.0008255031011547,1.105823807076215e-07
-0.0008255031011547,1.105823807076215e-07
-0.0006757381707320399,7.163848380074577e-08
-0.0008255031011547,1.1058238070762175e-07
-0.0008255031011546466,1.1058238070760762e-07
-0.000811723930902633,0.05299009458468687
-0.0008255031011547,1.105823807076215e-07
-0.0008255031011547,1.105823807076215e-07
-0.0008255031011547,1.105823807076215e-07
2.0773781027080113e-05,3.2544920450010713
-0.0008255031011546997,1.1058238071851959e-07
-0.0008255031011547,1.105823807076215e-07
-0.0008255031011547,1.105823807076215e-07
-0.0008255031011547,1.105823807076215e-07
12795382207.392302,49206671089026.11
-0.0008255031011547,1.105823807076215e-07
-0.0008255031011547,1.105823807076215e-07
-0.0008255031011547,1.105823807076215e-07
-0.0008255031011547,1.105823807076215e-07
-0.0008255031011547,1.105823807076215e-07
-0.0008255031011547,1.105823807076215e-07
1.210197343032613e+22,-3.146918336023614e+18
-2.3021534981236274e+20,5.986369989403386e+16
-0.0008255031011547,1.105823807076215e-07
-0.0008255031011547,1.105823807076215e-07
-0.0008255031011547,1.105823807076215e-07
-0.0008255031011547,1.105823807076215e-07
-0.0008130938712802429,1.0735556540739911e-07
-0.0008255031011547,1.105823807076215e-07
-0.0008255031011547,1.105823807076215e-07
-0.0008255031011547,1.105823807076215e-07
-0.0008255031011547,1.105823807076215e-07
-0.0008255031011547,1.105823807076215e-07
9.458855934379042e+21,-2.459619280200405e+18
1.210109860612809e+22,-3.1466908524379443e+18
126443835213.09753,-32879627.96740922
-0.0008255031011547,1.105823807076215e-07
-0.0008255031011547,1.105823807076215e-07
-0.0008255031011547,1.105823807076215e-07
-0.0008255031011547,1.105823807076215e-07
1.49147175765987e+22,1.3945677466024022e+22
-0.0008255031011128357,1.1074337659934777e-07
-0.0008255031011547,1.105823807076215e-07
-0.0008255031011547,1.105823807076215e-07
-0.0008255031011547,1.105823807076215e-07
-0.0008255031011547,1.105823807076215e-07
-0.0008255031011546982,1.1058238070762104e-07
-0.0008255031011547,1.105823807076215e-07
2.2805292566130376e-05,3.2623045447369408
-0.0008255031011547,1.1058238076031372e-07
-0.0008255031011547,1.105823807076215e-07
-0.0008255031011547,1.105823807076215e-07
-0.0008255031011547,1.105823807076215e-07
-0.0008255031011547,1.1058238070762151e-07
-0.0008255031010231912,1.1108811858652921e-07
-0.0008255031011547,1.105823807076215e-07
-0.0008255031011547,1.105823807076215e-07
-0.0008255031011547,1.105823807076215e-07
-0.0008255031011547,1.105823807076215e-07
-0.0008255031011547,1.105823807076215e-07
1.2333104449596315e+22,1.3205320834644129e+22
2.3507281864268122e-05,3.264843702507677
-0.0008255031011546997,1.1058238078742915e-07
-0.0008255031011547,1.105823807076215e-07
-0.0008255031011547,1.105823807076215e-07
-0.0008255031011547,1.105823807076215e-07
-0.0008255031011547,1.105823807076215e-07
-0.0008255031011547,1.105823807076215e-07
-0.0008255031011547,1.1058238070762184e-07
-0.0008255030742068524,1.1058237370027877e-07
-0.0008255031011547,1.105823807076215e-07
-0.0008255031011547,1.105823807076215e-07
-0.0008255031011547,1.105823807076215e-07
1.2196562332575634e+22,1.3518117834062832e+22
5.8486029520286655e+35,-1.5208326126167059e+32
-0.0008255031011546997,1.1058238072128367e-07
-0.0008255031011547,1.105823807076215e-07
-0.0008255031011547,1.105823807076215e-07
-0.0008255031011547,1.105823807076215e-07
-0.0008255031011547,1.105823807076215e-07
-0.0008255031011460083,1.1061580561516564e-07
-0.0008255031011547,1.1058238070762188e-07
-0.0008255031011546835,1.1058238072149902e-07
-0.0008255031011547,1.105823807076215e-07
-0.0008255031011547,1.105823807076215e-07
-0.0008255031011547,1.105823807076215e-07
-0.0008255031011547,1.105823807076215e-07
-3.218643875264641e+26,8.369551864011527e+22
-0.0008255031011546997,1.1058238073364483e-07
-0.0008255031011547,1.105823807076215e-07
-0.0008255031011547,1.105823807076215e-07
-0.0008255031011547,1.105823807076215e-07
-0.0008255031011547,1.105823807076215e-07
-0.0008255031011547,1.105823807076215e-07
-0.0008255031011547,1.105823807076219e-07
-0.0008255031011547,1.105823807076215e-07
-0.0008255031011547,1.105823807076215e-07
-0.0008255031011547,1.105823807076215e-07
-0.0008255031011547,1.105823807076215e-07
3.434886206031308e+18,1.3209399534056636e+22
2.5538793403318385e-05,3.2726562022435464
-0.0008255031011546995,1.1058238154730831e-07
-0.0008255031011547,1.105823807076215e-07
-0.0008255031011547,1.105823807076215e-07
-0.0008255031011547,1.105823807076215e-07
-0.0008255031011547,1.105823807076215e-07
-0.0008255031011547,1.105823807076215e-07
-0.0008255031011547,1.1058238070762196e-07
-0.0008255031011547,1.105823807076215e-07
-0.0008255031011547,1.105823807076215e-07
-0.0008255031011547,1.105823807076215e-07
-0.0008255031011547,1.105823807076215e-07
-0.0008255031011547,1.105823807076215e-07
5.8486029520286655e+35,-1.5208326126167059e+32
-0.0008255031011546994,1.1058238213025483e-07
-0.0008255031011547,1.105823807076215e-07
-0.0008255031011547,1.105823807076215e-07
-0.0008255031011547,1.105823807076215e-07
-0.0008255031011547,1.105823807076215e-07
11678773.60433027,-3036.8722101883372
-0.0008255031011547,1.1058238070762204e-07
-0.0008255030823899106,1.1059641825036198e-07
-0.0008255031011547,1.105823807076215e-07
-0.0008255031011547,1.105823807076215e-07
-0.0008255031011547,1.105823807076215e-07
-0.0008255031011547,1.105823807076215e-07
-3.218643875264641e+26,8.369551864011527e+22
-0.0008255031011546993,1.1058238229678679e-07
-0.0008255031011547,1.105823807076215e-07
-0.0008255031011547,1.105823807076215e-07
-0.0008255031011547,1.105823807076215e-07
-0.0008255031011547,1.105823807076215e-07
-0.0008255031011547,1.105823807076215e-07
-0.0008255031011547,1.1058238070762204e-07
-0.0008255030891564654,1.1059346205473135e-07
-0.0008255031011547,1.105823807076215e-07
-0.0008255031011547,1.105823807076215e-07
-0.0008255031011547,1.105823807076215e-07
-0.0008255031011547,1.105823807076215e-07
1.902320493877727e+17,-49466702911242.42
-0.0008255031011546993,1.1058238216494727e-07
-0.0008255031011547,1.105823807076215e-07
-0.0008255031011547,1.105823807076215e-07
-0.0008255031011547,1.105823807076215e-07
-0.0008255031011547,1.105823807076215e-07
-0.0008255031011541274,1.1058238083324721e-07
-0.0008255031011547,1.1058238070762208e-07
-0.000825503092397511,1.1058976958003352e-07
-0.0008255031011547,1.105823807076215e-07
-0.0008255031011547,1.105823807076215e-07
-0.0008255031011547,1.105823807076215e-07
-0.0008255030597406569,2.698466499803918e-07
2.8198953222413115e-05,3.2830467219989314
-0.0008255031011546993,1.1058238200535134e-07
0.020180438325903473,0.0194088820343691
-0.0008255031011547,1.105823807076215e-07
-0.0008255031011547,1.105823807076215e-07
-0.0008255031011547,1.105823807076215e-07
-0.000670016197786631,7.015057923015602e-08
-0.0008255031011547,1.1058238070762213e-07
-0.0008255030527080456,1.1062307392496503e-07
-0.0007689872478164104,9.588636636167924e-08
-0.0008255031011547,1.105823807076215e-07
-0.0008255031011547,1.105823807076215e-07
-0.0008255031011547,1.105823807076215e-07
-3.218643875264641e+26,8.369551864011527e+22
-0.0008255031011546992,1.1058238235229634e-07
0.013398081323231075,-3.588025857591349e-06
-0.0008255031011547,1.105823807076215e-07
-0.0008255031011547,1.105823807076215e-07
-0.0008255031011547,1.105823807076215e-07
-0.0006741431231314397,0.5820789054095804
-0.0008255031011547,1.1058238070762218e-07
-0.0008255031011547,1.105823807076215e-07
-0.0008255031011547,1.105823807076215e-07
-0.0008255031011547,1.105823807076215e-07
-0.0008255031011547,1.105823807076215e-07
-0.0008255031011547,1.105823807076215e-07
1.902320493877727e+17,-49466702911242.414
-0.0008255031011546991,1.1058238285899079e-07
-0.0008230582784229262,0.0094020640436738
-0.0008255018762789551,4.8210362713809175e-06
-0.0008255031011547,1.105823807076215e-07
-0.0008255031011547,1.105823807076215e-07
-0.0008255031011547,1.105823807076215e-07
-0.0008255031011547,1.1058238070762208e-07
-0.000825499256957869,1.489405082235711e-05
-0.0008255031011547,1.105823807076215e-07
-0.0008255031011547,1.105823807076215e-07
-0.0008255031011547,1.105823807076215e-07
-0.0008255031011547,1.105823807076215e-07
-107374180.36978765,27924.173225510807
-0.0008255031011546991,1.1058238266469857e-07
-0.0008253954542402304,0.00041408386025501326
-0.0008255031011547,1.105823807076215e-07
-0.0008255031011547,1.105823807076215e-07
-0.0008255031011547,1.105823807076215e-07
-0.0008255031011547,1.105823807076215e-07
-0.0008255031011547,1.105823807076221e-07
-0.000825499274339177,1.1734994542535808e-05
-0.00048390974834931717,0.0003586945522739496
-0.0008255031011547,1.105823807076215e-07
-0.0008255031011547,1.105823807076215e-07
-0.0008255031011547,1.105823807076215e-07
0.058780888595537366,3.293383102549652
-0.000825503101154699,1.1058238291449684e-07
-0.0008019411535534513,0.00028628641726661754
-0.0004515628683159275,1.33453984854947e-08
-0.0008255031011547,1.105823807076215e-07
-0.0008255031011547,1.105823807076215e-07
-0.0008255031011547,1.105823807076215e-07
-0.0008255031011547,1.105823807076215e-07
-0.0008254979236423329,2.0021527119083043e-05
-0.000588884931409799,0.0002461888000651363
-0.0008255031011547,1.105823807076215e-07
-0.0008255031011547,1.105823807076215e-07
-0.0008255031011547,1.105823807076215e-07
3.157126981687727e-05,3.296015500170703
-0.0008255031011546989,1.1058238333082791e-07
-0.0008254482870312425,0.00021090698535541983
-0.0005946798404167031,1.5185863968825128e-06
-0.0008255031011547,1.105823807076215e-07
-0.0008255031011547,1.105823807076215e-07
10123530.861933678,38931643099.771515
-0.0008255031011547,1.1058238070762156e-07
-0.0008255031011547,1.105823807076215e-07
-0.0008224133777843549,0.00018992447284025798
-0.0008255031011547,1.105823807076215e-07
-0.0008255031011547,1.105823807076215e-07
-0.0008255031011547,1.105823807076215e-07
-4.932681786943494e+32,1.2826624393509261e+29
-0.0008255031011547,1.105823807076215e-07
-0.0008255031011547,1.105823807076215e-07
-0.0008255031011547,1.105823807076215e-07
-0.0008255031011547,1.105823807076215e-07
9.47355680896567e+21,-2.4634419998633247e+18
-0.0008255031011547,1.105823807076215e-07
-0.0008255031011547,1.105823807076215e-07
-0.0008255031011547,1.105823807076215e-07
-0.0008255031011547,1.105823807076215e-07
-0.0008255031011547,1.105823807076215e-07
1.0419453756307679e+34,-2.709406880278482e+30
12569.09835892693,-3.268386509048498
0.05878292010707641,3.3011956022855213
-0.0008255031011547,1.105823807076215e-07
-0.0008255031011547,1.105823807076215e-07
-0.0008255031011547,1.105823807076215e-07
-0.0008255031011547,1.105823807076215e-07
6.207645717059098e+26,-1.6141957543551882e+23
-0.0008255031011546454,1.1058259036777092e-07
-0.0008255031011547,1.105823807076215e-07
-0.0008255031011547,1.105823807076215e-07
-0.0008255031011547,1.105823807076215e-07
-0.0008255031011547,1.105823807076215e-07
1.0927287314463958e+31,4.202261597683552e+34
1.429143956002946e+19,-3716252845748198.5
3.35925801183012e-05,3.303788899260931
-0.0008255031011547,1.105823807076215e-07
-0.0008255031011547,1.105823807076215e-07
-0.0008255031011547,1.105823807076215e-07
-0.0008255031011547,1.105823807076215e-07
33095.386234251084,955207.5513858714
0.906697337857508,-0.00018029960365141182
-0.0008255031011547,1.105823807076215e-07
-0.0008255031011547,1.105823807076215e-07
-0.0008255031011547,1.105823807076215e-07
-0.0008255031011547,1.105823807076215e-07
141193410369061.25,35536352817130.54
58679.41125312189,-15.258611956319523
3.42630474048437e-05,3.306367157688159
-0.0008255031011547,1.105823807076215e-07
-0.0008255031011547,1.105823807076215e-07
-0.0008255031011547,1.105823807076215e-07
-0.0008255031011547,1.105823807076215e-07
4088132.9915532772,15721563628.474272
16551691.287760248,63652153240.003044
-0.0008255031011547,1.105823807076215e-07
-0.0008255031011547,1.105823807076215e-07
-0.0008255031011547,1.105823807076215e-07
-0.0008255031011547,1.105823807076215e-07
564773313077492.1,8746675420134.304
14670.602194142431,-3.8147916258911594
2.7200829301128368e+23,-7.073126459546564e+19
-0.0008255031011547,1.105823807076215e-07
-0.0008255031011547,1.105823807076215e-07
-0.0008255031011547,1.105823807076215e-07
-0.0008255031011547,1.105823807076215e-07
1.7749554036023e+19,6.825872437970847e+22
17214394595053.025,6.618556834674107e+16
-0.0008255031011547,1.105823807076215e-07
-0.0008255031011547,1.105823807076215e-07
-0.0008255031011547,1.105823807076215e-07
-0.0008255031011547,1.105823807076215e-07
3.614535327911069e+16,26171918139806.727
839883235.6038238,-218397.70798852664
3.5624091657351464e-05,3.3116013989968005
-0.0008255031011547,1.105823807076215e-07
-0.0008255031011547,1.105823807076215e-07
-0.0008255031011547,1.105823807076215e-07
-0.0008255031011547,1.105823807076215e-07
3546688.739501271,13639353906.87109
3898006617.5799456,3893490199.4197297
-0.0008255031011547,1.105823807076215e-07
-0.0008255031011547,1.105823807076215e-07
-0.0008255031011547,1.105823807076215e-07
-0.0008255031011547,1.105823807076215e-07
142275117966344.56,101944224135.45113
11470.09741952022,-2.982609505025672
3.6294558943893965e-05,3.3141796574240283
-0.0008255031011547,1.105823807076215e-07
-0.0008255031011547,1.105823807076215e-07
-0.0008255031011547,1.105823807076215e-07
-0.0008255031011547,1.105823807076215e-07
0.018324456694028032,43.54590267007686
-0.0006882435685025717,0.0026109444514224823
-0.0008255031011547,1.105823807076215e-07
-0.0008255031011547,1.105823807076215e-07
-0.0008255031011547,1.105823807076215e-07
-0.0008255031011547,1.105823807076215e-07
-0.0008255031011547,1.105823807076215e-07
-0.0008255031011547,1.105823807076215e-07
3.696493047318332e-05,3.316757677432694
-0.0008255031011547,1.105823807076215e-07
-0.0008255031011547,1.105823807076215e-07
-0.0008255031011547,1.105823807076215e-07
-0.0008255031011547,1.105823807076215e-07
-0.0008255031011547,1.105823807076215e-07
-0.0008255031011547,1.105823807076215e-07
-0.0008255031011547,1.1058238070762159e-07
-0.0008254920910125995,1.7042555641565416e-05
-0.0008255031011547,1.105823807076215e-07
-0.0008255031011547,1.105823807076215e-07
-0.0008255031011547,1.105823807076215e-07
2576.3887358300008,-0.6699474478035977
3.7635363999284654e-05,3.3193359358599306
-0.0008255031011546982,1.1058238414961407e-07
-0.0008102964435507714,2.2999931144448165e-05
-0.0008254958767277508,2.789326170445549e-05
-0.0008255031011547,1.105823807076215e-07
-0.0008255031011547,1.105823807076215e-07
3.102336120285698e+30,1.193052540713337e+34
-0.0008255031011547,1.105823807076216e-07
-0.0008254974276725674,2.1928857497517136e-05
-0.0008254976129114097,2.121649215845883e-05
-0.0008255031011547,1.105823807076215e-07
-0.0008255031011547,1.105823807076215e-07
-0.0008255031011547,1.105823807076215e-07
89128.95796248114,-19.854560557321562
-0.0008255031011546988,1.1058238517687676e-07
-0.0008089251775922296,1.8588803422038603e-05
-0.0008041582689458601,1.0503200958475781e-07
-0.0008255031011547,1.105823807076215e-07
-0.0008255031011547,1.105823807076215e-07
-0.0008255031011547,1.1058238083686215e-07
-0.0008255031011547,1.1058238070762159e-07
-0.0008254900257794481,1.8826438072903835e-05
-0.0008255031011547,1.105823807076215e-07
-0.0008255031011547,1.105823807076215e-07
-0.0008255031011547,1.105823807076215e-07
11202129967254.479,-2912928903.6559
-1.1062551461308201e-05,3.3245310895372833
-0.0008255031011546987,1.1058238537115518e-07
-0.0008094028706947767,1.5129310629643701e-05
-0.0008083254865842058,1.96633173721799e-05
-0.0008255031011547,1.105823807076215e-07
-0.0008255031011547,1.105823807076215e-07
-0.0008255031011547,1.105823807076215e-07
-0.0008255031011547,1.1058238070762157e-07
-0.0008254992414759304,1.495358907200636e-05
-0.0008255031011547,1.105823807076215e-07
-0.0008255031011547,1.105823807076215e-07
-0.0008255031011547,1.105823807076215e-07
-0.0008255031011547,1.105823807076215e-07
3.9666875538334916e-05,3.3271484355958
-0.0008255031011546982,1.105823870358925e-07
-0.0008121467019275878,1.304388694582697e-05
-0.00081095638236137,1.0679974671298749e-07
-0.0008255031011547,1.105823807076215e-07
-0.0008255031011547,1.105823807076215e-07
-0.0008255031011547,1.105823807076215e-07
-0.0008255031011547,1.1058238070762159e-07
-0.0008254995824756614,1.364222053817021e-05
-0.0008254999230570256,1.2332460900407104e-05
-0.0008255031011547,1.105823807076215e-07
-0.0008255031011547,1.105823807076215e-07
-0.0008255031011547,1.105823807076215e-07
4.056481692916499e+29,-1.0548210746517095e+26
-0.0008255031011546999,1.1058238070762147e-07
-0.0008146505664366759,1.1256438648495048e-05
-0.0008255031011547,1.105823807076215e-07
-0.0008255031011547,1.105823807076215e-07
-0.0008255031011547,1.105823807076215e-07
2.0252058590600617e+35,-5.266213389733757e+31
-0.0008255031011547,1.1058238070762159e-07
-0.0008255001402591901,1.1497175537570553e-05
-0.0008255003105389932,1.0842337555443865e-05
-0.0008255031011547,1.105823807076215e-07
-0.0008255031011547,1.105823807076215e-07
-0.0008255031011547,1.105823807076215e-07
-9.031039922257939e-06,3.3323435892731523
-0.000825503101154697,1.1058239136576213e-07
-0.000815723945069321,9.765592053965704e-06
-0.0008144134634648944,1.0769870356299508e-07
-0.0008255031011547,1.105823807076215e-07
-0.0008255031011547,1.105823807076215e-07
10566958.641919294,-2747.7630899593223
-0.0008255031011547,1.1058238070762161e-07
-0.0008255007137289926,9.291806483925879e-06
-0.0008170937478349835,9.052018530387163e-06
-0.0008255031011547,1.105823807076215e-07
-0.0008255031011547,1.105823807076215e-07
-0.0008255031011547,1.105823807076215e-07
4.168821962748483e-05,3.334921834686019
-0.0008255031011546997,1.1058238070762144e-07
-0.0008165602964344703,8.216083259803924e-06
-0.0008160228288371863,1.0811719245066157e-07
-0.0008255031011547,1.105823807076215e-07
-0.0008255031011547,1.105823807076215e-07
-0.0008255031011547,1.105823807076215e-07
-0.0008255031011547,1.1058238070762164e-07
-0.0008254809575698576,8.695754878757489e-06
-0.0008181981028766719,7.979412962501039e-06
-0.0008255031011547,1.105823807076215e-07
-0.0008255031011547,1.105823807076215e-07
-0.0008255031011547,1.105823807076215e-07
4.056481692916499e+29,-1.0548210746517095e+26
-0.0008255031011546956,1.1058239680585478e-07
-0.0008181698854860505,7.2024129063570946e-06
-0.0008170360431899886,1.0838066211067306e-07
-0.0008255031011547,1.105823807076215e-07
-0.0008255031011547,1.105823807076215e-07
-0.0008255031011547,1.105823807076215e-07
-0.0008255031011547,1.1058238070762165e-07
-0.0008254829131287666,7.443005519261283e-06
-0.0008188241885812768,7.084064514739967e-06
-0.0008255031011547,1.105823807076215e-07
-0.0008255031011547,1.105823807076215e-07
-0.0008228208517017939,0.010315126145699344
-6.999528383207568e-06,3.340156089009022
-0.0008255031011546954,1.1058239780505546e-07
-0.0008189150907697224,6.636336619574567e-06
-0.0008255031011547,1.105823807076215e-07
-0.0008255031011547,1.105823807076215e-07
-0.0008255031011547,1.105823807076215e-07
-0.0008248979286870383,1.104250156013514e-07
-0.0008255031011547,1.1058238070762168e-07
-0.00082550133397027,6.9065703071714565e-06
-0.0008193607944732935,6.458350256718795e-06
-0.0008255031011547,1.105823807076215e-07
-0.0008255031011547,1.105823807076215e-07
-0.0008255031011547,1.105823807076215e-07
126443835213.09755,-32879627.884401407
-0.0008255031011546946,1.1058240058061293e-07
-0.0008197497109576362,6.039748662258953e-06
-0.0008255031011547,1.105823807076215e-07
-0.0008255031011547,1.105823807076215e-07
-0.0008255031011547,1.105823807076215e-07
-0.0008255031011547,1.105823807076215e-07
-0.0008255031011547,1.1058238070762167e-07
-0.0008254965867681037,6.131713211936488e-06
-0.0008199867476406212,6.011486814773696e-06
-0.0008255031011547,1.105823807076215e-07
-0.0008255031011547,1.105823807076215e-07
-0.0008255031009944855,1.1119851094471533e-07
4.439010266853952e-05,3.345312354430554
-0.000825503101154693,1.1058240657581705e-07
-0.0008255016907272246,5.5346048718889855e-06
-0.0008255031011547,1.105823807076215e-07
-0.0008255031011547,1.105823807076215e-07
-0.0008255031011547,1.105823807076215e-07
-0.0008255031011547,1.105823807076215e-07
-0.0008255031011547,1.1058238070762167e-07
-0.0008255017253011811,1.1226302966366564e-07
-0.0008204651173146135,1.0927233620833097e-07
-0.0008255031011547,1.105823807076215e-07
-0.0008255031011547,1.105823807076215e-07
-0.0008255031011547,1.105823807076215e-07
-2.3021534981236274e+20,5.986369989403386e+16
-0.0008255031011546929,1.1058240701990624e-07
-0.0008254763197662306,5.057761100265188e-06
-0.0008255031011547,1.105823807076215e-07
-0.0008255031011547,1.105823807076215e-07
-0.0008255031011547,1.105823807076215e-07
-0.0008255031011547,1.105823807076215e-07
-0.0008255031011547,1.1058238070762165e-07
-0.0008255017136971967,5.4462702019657705e-06
-0.0008207637494350968,1.0934999055958907e-07
-0.0008255031011547,1.105823807076215e-07
-0.0008255031011547,1.105823807076215e-07
-0.0008255031011547,1.105823807077664e-07
126443835213.09755,-32879627.876588907
-0.0008255031011546924,1.1058240912932993e-07
-0.0008205547533653735,4.579644153874055e-06
-0.0008255031011547,1.105823807076215e-07
-0.0008255031011547,1.105823807076215e-07
-0.0008255031011547,1.105823807076215e-07
-0.0008255031011547,1.105823807076215e-07
-0.0008255031011547,1.1058238070762165e-07
-0.0008255031011547,1.105823807076215e-07
-0.0008214201831256238,1.095206853003267e-07
-0.0008255031011547,1.105823807076215e-07
-0.0008255031011547,1.105823807076215e-07
3.6539922849572793e+30,1.4052006701592937e+34
-71.67995147032106,3.3717249532313764
-0.0008255031011546917,1.105824117938651e-07
-0.000825217419844521,0.0010987433577373548
-0.0008255031011547,1.105823807076215e-07
3788233.0624235463,14568250899.466284
-0.0008255031011547,1.105823807076215e-07
-0.0008255031011547,1.105823807076215e-07
-0.0008255031011547,1.1058238070762172e-07
-0.0008255031011547,1.105823807076215e-07
0.5772994773531877,-0.00015022127150901256
-0.0008255031011547,1.105823807076215e-07
-0.0008255031011547,1.105823807076215e-07
-0.0008255031011547,1.105823807076215e-07
4.712360350572753e-05,3.3556640119371597
-0.0008255031011546891,1.1058242200791658e-07
-0.0008255031011547,1.105823807076215e-07
-0.0008255031011547,1.105823807076215e-07
3631181.0302506154,13964282407.885677
-0.0008255031011547,1.105823807076215e-07
-0.0008255031011547,1.105823807076215e-07
-0.0008255031011547,1.1058238070762176e-07
-0.0008255031011547,1.105823807076215e-07
-0.0008255031011547,1.105823807076215e-07
-0.0008255031011547,1.105823807076215e-07
-0.0008255031011547,1.105823807076215e-07
9.962107280025562e+21,-2.590481481837292e+18
5.8486029520286655e+35,-1.5208326126167059e+32
-0.0008255031011546862,1.1058243288810184e-07
3664615.760274867,14092860963.538603
-0.0008255031011547,1.105823807076215e-07
-0.0008255031011547,1.105823807076215e-07
-0.0008255031011547,1.105823807076215e-07
-0.0008255031011547,1.105823807076215e-07
-0.0008255031011547,1.1058238070762172e-07
-0.0008255031011547,1.105823807076215e-07
-0.0008255031011547,1.105823807076215e-07
-0.0008255031011547,1.105823807076215e-07
-0.0008255031011547,1.105823807076215e-07
-0.0008255031011547,1.105823807076215e-07
-3.218643875264641e+26,8.369551864011527e+22
-0.000825503101154686,1.1058243377628022e-07
3542461.9015715215,13623098931.420649
-0.0008255031011547,1.105823807076215e-07
-0.0008255031011547,1.105823807076215e-07
-0.0008255031011547,1.105823807076215e-07
-0.0008255031011547,1.105823807076215e-07
-0.0008255031011547,1.1058238070762177e-07
-0.0008255031011547,1.105823807076215e-07
-0.0008255031011547,1.105823807076215e-07
-0.0008255031011547,1.105823807076215e-07
-0.0008255031011547,1.105823807076215e-07
-0.0008255031011547,1.105823807076215e-07
4.9155115044777794e-05,3.363476511673029
-0.0008255031011546825,1.1058244732100067e-07
-0.0008255031011547,1.105823807076215e-07
-0.0008255031011547,1.105823807076215e-07
-0.0008255031011547,1.105823807076215e-07
-0.0008255031011547,1.105823807076215e-07
-0.0008255031011547,1.105823807076215e-07
-0.0008255031011547,1.1058238070762177e-07
-0.0008255031011547,1.105823807076215e-07
-0.0008255031011547,1.105823807076215e-07
-0.0008255031011547,1.105823807076215e-07
-0.0008255031011547,1.105823807076215e-07
-0.0008227084558405987,0.01074736225119079
5.8486029520286655e+35,-1.5208326126167059e+32
-0.0008255031011546764,1.105824704136388e-07
-0.0008255031011547,1.105823807076215e-07
-0.0008255031011547,1.105823807076215e-07
-0.0008253931701145931,1.10553794956066e-07
-0.0008255031011547,1.105823807076215e-07
-0.0008255031011547,1.105823807076215e-07
-0.0008255031011547,1.1058238070762176e-07
-0.0008254964072739212,1.1058064007446913e-07
-0.0008255031011547,1.105823807076215e-07
-0.0008255023842425835,1.1058219428646483e-07
-0.0008255031011547,1.105823807076215e-07
9.666672280358238e+21,-2.5136584890494807e+18
-3.218643875264641e+26,8.369551864011527e+22
-0.0008255031011546711,1.1058249084174178e-07
-0.0008254810302895907,8.498759367128193e-05
-0.0008254792873122595,9.169048936119841e-05
202954.15587788576,780492389.6125622
-0.0008255031011547,1.105823807076215e-07
-0.0008255031011547,1.105823807076215e-07
-0.0008255031011547,1.1058238070762176e-07
-0.0008255020549584956,4.133895767023469e-06
-0.0008255031011547,1.105823807076215e-07
-0.0008255028463810341,1.1058231445793709e-07
-0.0008255031011547,1.105823807076215e-07
-0.0008255031011547,1.105823807076215e-07
1.902320493877727e+17,-49466702911242.33
-0.0008255031011546662,1.1058250951827552e-07
-0.000825500729776637,9.230092723023539e-06
-0.0008255029960221131,5.148864132806574e-07
-0.0008254997171335683,3.2708828833786578e-06
-0.0008255031011547,1.105823807076215e-07
-0.0008255031011547,1.105823807076215e-07
-0.0008255031011547,1.1058238070762175e-07
-0.0008254057651307525,1.1055707008202151e-07
-0.0008255031011547,1.105823807076215e-07
-0.0008254864431041942,1.2315490370662205e-07
-0.0008255031011547,1.105823807076215e-07
-0.0008255031011547,1.105823807076215e-07
5.1815274863872525e-05,3.3738670314284143
-0.0008255031011546804,1.1058245487808604e-07
-0.0008254789223979791,9.309382508667385e-05
-0.000825503088013134,1.611203563575425e-07
31504.240668985498,121154555.9039213
-0.0008255031011547,1.105823807076215e-07
-0.0008255031011547,1.105823807076215e-07
-0.0008255031011547,1.105823807076218e-07
-0.0008253701928010692,9.214012246468902e-05
-0.0008255031011547,1.105823807076215e-07
-0.0008254911066741414,1.1057926174103164e-07
-0.0008255031011547,1.105823807076215e-07
-0.0008255031011547,1.105823807076215e-07
-3.218643875264641e+26,8.369551864011527e+22
-0.0008255031011546408,1.1058260720812698e-07
-0.0008152887603712147,8.450810616548257e-05
-0.0008255031011547,1.105823807076215e-07
-0.0008254917433344688,3.479492071469767e-06
-0.0008255031011547,1.105823807076215e-07
-0.0008255031011547,1.105823807076215e-07
-0.0008255031011547,1.105823807076218e-07
-0.0008253577639771671,9.690849097602233e-05
-0.0007372882298695525,8.764356022884339e-08
-0.0008252953530871393,1.2660170867096832e-07
-0.0008255031011547,1.105823807076215e-07
-0.0008255031011547,1.105823807076215e-07
1.902320493877727e+17,-49466702911242.32
-0.0008255031011546081,1.1058273242626372e-07
-0.0008255031011547,1.105823807076215e-07
-0.000825475695428718,0.00010550364704216178
-0.0008254884135236951,2.6301322648000363e-06
-0.0008255031011547,1.105823807076215e-07
-0.0008255031011547,1.105823807076215e-07
-0.0008255031011547,1.1058238070762186e-07
0.0018726087700338201,10.374999759748274
-0.0008255031011547,1.105823807076215e-07
-0.0006862058560485701,8.096901573933782e-08
-0.0008255031011547,1.105823807076215e-07
-0.0008255031011547,1.105823807076215e-07
-107374180.36976404,27924.264045820237
-0.0008255031011546933,1.1058240468843791e-07
-0.0008255031011547,1.105823807076215e-07
-0.0008255028628300201,1.0270977253144311e-06
-0.0008240267674814726,2.242321983746134e-06
-0.0008255031011547,1.105823807076215e-07
-0.0008255031011547,1.105823807076215e-07
-0.0008255031011547,1.1058238070762194e-07
-0.0008249963967192124,1.1045062058699649e-07
-0.0008255031011547,1.105823807076215e-07
-0.0008255030999130302,1.1535741868885174e-07
-0.0008255031011547,1.105823807076215e-07
-0.0008255031011547,1.105823807076215e-07
5.451721992904743e-05,3.3842577895915205
-0.0008255031011546966,1.1058239142221083e-07
-0.0008255031011547,1.105823807076215e-07
-0.0008255031011547,1.105823807076215e-07
641675.2824435197,2467664044.571471
-0.0008255031011547,1.105823807076215e-07
-0.0008255031011547,1.105823807076215e-07
-0.0008255031011547,1.1058238070762214e-07
-0.0008255031011547,1.105823807076215e-07
-0.0008255031011547,1.105823807076215e-07
-0.0008255006836731353,1.1417708112648374e-07
-0.0008255031011547,1.105823807076215e-07
-0.0008255031011547,1.105823807076215e-07
5.518759145833668e-05,3.386835809600186
-0.0008255031011546858,1.1058243355797604e-07
-0.0008255031011547,1.105823807076215e-07
-0.0008238681763206953,0.00628747326199379
807454.6538636464,3105194903.0173774
-0.0008255031011547,1.105823807076215e-07
-0.0008255031011547,1.105823807076215e-07
-0.0008255031011547,1.1058238070762204e-07
-0.000820168485627659,1.0919520203677646e-07
-0.0008255031011547,1.105823807076215e-07
-0.0008255005099823998,1.10581706916056e-07
-0.0008255031011547,1.105823807076215e-07
-0.0008255031011547,1.105823807076215e-07
-107374180.369762,27924.27185831997
-0.0008255031011546858,1.105824324477496e-07
-0.0008255031011547,1.105823807076215e-07
-0.0008250484617073679,7.02873614540886e-07
-0.0008249254060558222,1.104321606373366e-07
-0.0008255031011547,1.105823807076215e-07
-0.0008255031011547,1.105823807076215e-07
-0.0008255031011547,1.105823807076221e-07
-0.0008255031011547,1.105823807076215e-07
-0.0008255031011547,1.105823807076215e-07
-0.0008255031011547,1.105823807076215e-07
-0.0008255031011547,1.105823807076215e-07
-0.0008255031011547,1.105823807076215e-07
0.05880653642871787,3.392015911715004
-0.0008255031011546912,1.1058241179760206e-07
-0.0008255031011547,1.105823807076215e-07
-0.0008255031011547,1.105823807076215e-07
-0.0008255031011547,1.105823807076215e-07
-0.0008255031011547,1.105823807076215e-07
-0.0008255031011547,1.105823807076215e-07
-0.0008255031011547,1.1058238070762204e-07
-0.0008123890702083635,1.0717229352788992e-07
-0.0007721759232546304,0.20507822864895484
-0.0008253149136474901,1.105334456541396e-07
-0.0008255031011547,1.105823807076215e-07
-0.0008255031011547,1.105823807076215e-07
5.720890175976061e-05,3.394609208690414
-0.0008255031011546933,1.1058240280295438e-07
-0.0008255031011547,1.105823807076215e-07
-0.0008108390811956694,1.0676924448198314e-07
-0.0008255031011547,1.105823807076215e-07
-0.0008255031011547,1.105823807076215e-07
-0.0008255031011547,1.105823807076215e-07
-0.0008255031011547,1.1058238070762218e-07
-0.0007977253221882396,1.0335922801547337e-07
-0.000825502715573298,1.5933967991208415e-06
-0.0008253866740702215,1.1055210576700424e-07
-0.0008255031011547,1.105823807076215e-07
-0.0008255031011547,1.105823807076215e-07
-4.932681786943494e+32,1.2826624393509261e+29
-0.0008255031011546929,1.1058240491048241e-07
-0.0008255031011547,1.105823807076215e-07
-0.0008255031011547,1.105823807076215e-07
-0.0008255031011547,1.105823807076215e-07
-0.0008255031011547,1.105823807076215e-07
-0.0008255031011547,1.105823807076215e-07
-0.0008255031011547,1.1058238070762206e-07
-0.0007998710911465974,1.0391719979741476e-07
-0.000825501830066564,4.998753349088367e-06
0.004210665460328014,-1.1989900853598842e-06
-0.0008255031011547,1.105823807076215e-07
-0.0008255031011547,1.105823807076215e-07
2.7200829301128368e+23,-7.073126459546564e+19
-0.0008255031011546928,1.1058240491371975e-07
-0.0008255031011547,1.105823807076215e-07
-0.0008255031011547,1.105823807076215e-07
-0.0008255031011547,1.105823807076215e-07
-0.0008255031011547,1.105823807076215e-07
-0.0008255031011547,1.105823807076215e-07
-0.0008255031011547,1.1058238070762214e-07
-0.0007785306045032957,9.836795866710568e-08
-0.0008107064470972921,5.232508014661899e-05
-0.0008253631674326546,0.0005382478981202452
-0.0008255031011547,1.105823807076215e-07
-0.0008255031011547,1.105823807076215e-07
5.9240413298810874e-05,3.4024217084262833
-0.0008255031011546885,1.1058242201177889e-07
-0.0008254626747681052,0.00015557666195878883
-0.0008255031011547,1.105823807076215e-07
-0.0008255031011547,1.105823807076215e-07
-0.0008255031011547,1.105823807076215e-07
-0.0008255031011547,1.105823807076215e-07
-0.0008255031011547,1.1058238070762224e-07
-0.0007837757112027932,9.973186204551562e-08
-0.0008215263098673512,4.82747667775569e-05
-0.0008255031011547,1.105823807076215e-07
-0.0008255031011547,1.105823807076215e-07
-0.0008255031011547,1.105823807076215e-07
5.9910880585353375e-05,3.404999966853511
-0.0008255031011546735,1.1058248019127172e-07
-0.0008255031011547,1.105823807076215e-07
-0.0006632087596580229,0.0005761717970740698
-0.0008255031011547,1.105823807076215e-07
-0.0008255031011547,1.105823807076215e-07
-0.0008255031011547,1.105823807076215e-07
-0.0008255031011547,1.1058238070762226e-07
-0.0008255031011547,1.105823807076215e-07
-0.0008255031011547,1.105823807076215e-07
-0.0003142410764575442,-2.2362865726346224e-08
-0.0008255031011547,1.105823807076215e-07
-0.0008255031011547,1.105823807076215e-07
6.058125211464273e-05,3.4075779868621767
-0.0008255031011546583,1.1058253794039042e-07
-0.0008255031011547,1.105823807076215e-07
-0.0006518679777322143,0.00018033082353564287
-0.0008255031011547,1.105823807076215e-07
-0.0008255031011547,1.105823807076215e-07
-0.0008255031011547,1.105823807076215e-07
-0.0008255031011547,1.1058238070762228e-07
-0.0007186833231167464,8.280566147311645e-08
-0.0008186480174477444,1.0879982939592075e-07
-0.0005899227210120308,4.9323593275429893e-08
-0.0008255031011547,1.105823807076215e-07
-0.0008255031011547,1.105823807076215e-07
-151996488324747.38,39524176690.3075
-0.0008255031011546622,1.105825228406666e-07
-0.0008255031011547,1.105823807076215e-07
-0.0008255031011547,1.105823807076215e-07
0.030649709025732774,121.0429189919107
-0.0008255031011547,1.105823807076215e-07
-0.0008255031011547,1.105823807076215e-07
-0.0008255031011547,1.1058238070762231e-07
-0.0007434871127166169,8.925547734356834e-08
-0.0008114913034631129,1.399596387169309e-05
0.0006624022409644175,-2.7632283192892274e-07
-0.0008255031011547,1.105823807076215e-07
-0.0008255031011547,1.105823807076215e-07
6.194239212440375e-05,3.4128124665893806
-0.0008255031011546531,1.105825574795018e-07
-0.0008255031011547,1.105823807076215e-07
-0.0008255031011547,1.105823807076215e-07
0.006328191997637574,27.510668888734212
-0.0008255031011547,1.105823807076215e-07
-0.0008255031011547,1.105823807076215e-07
-0.0008255031011547,1.1058238070762247e-07
-0.0007396724155799619,8.826352834989145e-08
-0.0008062769746347264,0.00012027766764895105
1.7102970710746772,-0.0004448385851959015
-0.0008255031011547,1.105823807076215e-07
-0.0008255031011547,1.105823807076215e-07
6.261276365369299e-05,3.4153904865980462
-0.0008255031011546527,1.1058255567876381e-07
-0.0008255031011547,1.105823807076215e-07
-0.0008255031011547,1.105823807076215e-07
0.0034353319653924064,16.385716948570266
-0.0008255031011547,1.105823807076215e-07
-0.0008255031011547,1.105823807076215e-07
-0.0008255031011547,1.1058238070762271e-07
-0.0007277430469173679,8.516149303328514e-08
-0.0008254969938802979,2.3597074450981626e-05
-0.0008255031011547,1.105823807076215e-07
-0.0008255031011547,1.105823807076215e-07
-0.0008255031011547,1.105823807076215e-07
-151996488324747.38,39524176690.315315
-0.0008255031011546512,1.1058256013528172e-07
-0.0008254740844992234,0.00011169873183948
0.0017538353734809584,0.059819155125334665
-0.0008255031011547,1.105823807076215e-07
-0.0008255031011547,1.105823807076215e-07
-0.0008255031011547,1.105823807076215e-07
-0.0008255031011547,1.1058238070762288e-07
-0.0007287051613120787,8.541167499307038e-08
-0.000762970721646834,0.0002232720474120632
-0.0008255031011547,1.105823807076215e-07
-0.0008255031011547,1.105823807076215e-07
-0.0008255031011547,1.105823807076215e-07
89128.95798812898,-19.75592774815621
-0.0008255031011546438,1.1058258587682877e-07
-0.0008255031011547,1.105823807076215e-07
-0.0008109637405231066,0.05591352722343827
-0.0008255031011547,1.105823807076215e-07
-0.0008255031011547,1.105823807076215e-07
-0.0008255031011547,1.105823807076215e-07
-0.0008255031011547,1.1058238070762311e-07
-0.0008255031011547,1.105823807076215e-07
-0.0008251082679483561,0.0015185042813482747
0.20818172321385273,-5.423829523324772e-05
-0.0008255031011547,1.105823807076215e-07
-0.0008255031011547,1.105823807076215e-07
1.458528171920158e-05,3.423163898702635
-0.0008255031011546435,1.1058258676500715e-07
-0.0008255031011547,1.105823807076215e-07
-0.000822106328028759,0.013062940223815522
-0.0008255031011547,1.105823807076215e-07
-0.0008255031011547,1.105823807076215e-07
-0.0008255031011547,1.105823807076215e-07
-0.0008255031011547,1.1058238070762308e-07
-0.0008255031011547,1.105823807076215e-07
-0.0007186829593188779,8.280556687348861e-08
0.2765637158646383,-7.201990314748605e-05
-0.0008255031011547,1.105823807076215e-07
-0.0008255031011547,1.105823807076215e-07
6.531470871884459e-05,3.4257812447611524
-0.0008255031011546341,1.1058262233589026e-07
-0.0008255031011547,1.105823807076215e-07
-0.0008255031011547,1.105823807076215e-07
-0.0008255031011547,1.105823807076215e-07
-0.0008255031011547,1.105823807076215e-07
-0.0008255031011547,1.105823807076215e-07
-0.0008255031011547,1.1058238070762319e-07
-0.00044021869035254247,1.0395532346255507e-08
-0.0008255031011547,1.105823807076215e-07
0.04629930582245073,-1.2143445950877204e-05
-0.0008255031011547,1.105823807076215e-07
-0.0008255031011547,1.105823807076215e-07
89128.95799016049,-19.74811524842034
-0.0008255031011546127,1.1058270222819761e-07
-0.0008255031011547,1.105823807076215e-07
-0.0008255031011547,1.105823807076215e-07
0.16984633632423768,656.3456200102298
-0.0008255031011547,1.105823807076215e-07
-0.0008255031011547,1.105823807076215e-07
-0.0008255031011547,1.1058238070762348e-07
-0.00035624846707685124,-1.1439537514672826e-08
-0.0008255031011547,1.105823807076215e-07
-0.0008255031011547,1.105823807076215e-07
-0.0008255031011547,1.105823807076215e-07
-0.0008255031011547,1.105823807076215e-07
1.6616793258251842e-05,3.4309763984385047
-0.0008255031011546055,1.105827271287155e-07
-0.0008255031011547,1.105823807076215e-07
-0.0008255031011547,1.105823807076215e-07
-0.0008255031011547,1.105823807076215e-07
-0.0008255031011547,1.105823807076215e-07
-0.0008255031011547,1.105823807076215e-07
-0.0008255031011547,1.105823807076239e-07
-0.00016165295816070754,-6.204088601718368e-08
-0.0008255031011547,1.105823807076215e-07
-0.0008255031011547,1.105823807076215e-07
-0.0008255031011547,1.105823807076215e-07
-0.0008255031011547,1.105823807076215e-07
6.73360528079945e-05,3.4335546438513713
-0.0008255031011546056,1.1058272176812168e-07
-0.0008255031006394282,1.1058253424410434e-07
-0.0008255031011547,1.105823807076215e-07
-0.0008255031011547,1.105823807076215e-07
-0.0008255031011547,1.105823807076215e-07
-0.0008255031011547,1.105823807076215e-07
-0.0008255031011547,1.1058238070762431e-07
-0.0008255031005044665,1.1058238053853901e-07
-0.0008255031011547,1.105823807076215e-07
-0.0008255031011547,1.105823807076215e-07
-0.0008255031011547,1.105823807076215e-07
-0.0008255031011547,1.105823807076215e-07
4.056481692916499e+29,-1.0548210746517095e+26
-0.0008255031011545921,1.1058277150611134e-07
-0.0008255031011546935,1.1058240568959196e-07
-0.0008255031011547,1.105823807076215e-07
0.04236261893629365,166.08677122880195
-0.0008255031011547,1.105823807076215e-07
-0.0008255031011547,1.105823807076215e-07
-0.0008255031011547,1.1058238070762483e-07
0.0004106452684607896,-2.1085758879690986e-07
-0.0008255031011547,1.105823807076215e-07
-0.0008255031011547,1.105823807076215e-07
-0.0008255031011547,1.105823807076215e-07
-0.0008255031011547,1.105823807076215e-07
1.8648304797302105e-05,3.438788898174374
-0.0008255031011544768,1.1058321567266406e-07
-0.0008255031011547,1.105823807076215e-07
-0.0008255031011547,1.105823807076215e-07
-0.0008255031011547,1.105823807076215e-07
-0.0008255031011547,1.105823807076215e-07
-0.0008255031011547,1.105823807076215e-07
-0.0008255031011547,1.1058238070762517e-07
0.0011737511696963787,-4.0929067632199015e-07
-0.0008255031011547,1.105823807076215e-07
-0.0008255031011547,1.105823807076215e-07
-0.0008255031011547,1.105823807076215e-07
-0.0008255031011547,1.105823807076215e-07
6.936756434704476e-05,3.4413671435872404
-0.000825503101154373,1.1058361010393706e-07
-0.0008255031011547,1.105823807076215e-07
-0.0008255031011547,1.105823807076215e-07
3823191.4138805126,14702688782.921112
-0.0008255031011547,1.105823807076215e-07
-0.0008255031011547,1.105823807076215e-07
-0.0008255031011547,1.1058238070762655e-07
-0.0008255031011547,1.105823807076215e-07
-0.0008255031011547,1.105823807076215e-07
-0.0008255031011547,1.105823807076215e-07
-0.0008255031011547,1.105823807076215e-07
-0.0008255031011547,1.105823807076215e-07
4.056481692916499e+29,-1.0548210746517095e+26
-0.0008255031011542829,1.1058395116031835e-07
-0.0008255031011547,1.105823807076215e-07
-0.0008255031011547,1.105823807076215e-07
-0.0008255031011547,1.105823807076215e-07
-0.0008255031011547,1.105823807076215e-07
-0.0008255031011547,1.105823807076215e-07
-0.0008255031011547,1.1058238070762671e-07
-0.0008255031011547,1.1058238076205318e-07
-0.0008255031011547,1.105823807076215e-07
-0.0008255031011547,1.105823807076215e-07
-0.0008255031011547,1.105823807076215e-07
-0.0008255031011547,1.105823807076215e-07
-2.3021534981236274e+20,5.986369989403386e+16
-0.000825503101154691,1.1058238078568171e-07
-0.0008255031011547,1.105823807076215e-07
-0.0008255031011547,1.105823807076215e-07
0.013677057028731752,55.77189458731147
-0.0008255031011547,1.105823807076215e-07
-0.0008255031011547,1.105823807076215e-07
-0.0008255031011547,1.1058238070762809e-07
-0.0008255031011547,1.105823807076215e-07
-0.0008255031011547,1.105823807076215e-07
-0.0008255031011547,1.105823807076215e-07
-0.0008255031011547,1.105823807076215e-07
-0.0008255031011547,1.105823807076215e-07
126443835213.09758,-32879627.7779561
-0.0008255031011538853,1.1058547867384231e-07
-0.0008255031011547,1.105823807076215e-07
-0.0008255031011547,1.105823807076215e-07
0.014457143572441145,58.77184108012544
-0.0008255031011547,1.105823807076215e-07
-0.0008255031011547,1.105823807076215e-07
-0.0008255031011547,1.1058238070762761e-07
-0.0008255031011547,1.105823807076215e-07
-0.0008255031011547,1.105823807076215e-07
-0.0008255031011547,1.105823807076215e-07
-0.0008255031011547,1.105823807076215e-07
-0.0008255031011547,1.105823807076215e-07
7.206944738809946e-05,3.451757663331776
-0.0008255031011540339,1.1058489602881794e-07
34.087133643592956,131090.65181810525
-0.0008255031011547,1.105823807076215e-07
0.27811290285600404,1072.7018681407949
-0.0008255031011547,1.105823807076215e-07
-0.0008255031011547,1.105823807076215e-07
-0.0008255031011547,1.1058238070762975e-07
0.010039972513925223,-2.7148051182460122e-06
-0.0008255031011547,1.105823807076215e-07
-0.0008255031011547,1.105823807076215e-07
-0.0008255031011547,1.105823807076215e-07
-0.0008255031011547,1.105823807076215e-07
-2.3021534981236274e+20,5.986369989403386e+16
-0.0008255031011540661,1.1058475418460287e-07
-0.0008255031011547,1.105823807076215e-07
-0.0008255031011547,1.105823807076215e-07
-0.0008255031011547,1.105823807076215e-07
-0.0008255031011547,1.105823807076215e-07
-0.0008255031011547,1.105823807076215e-07
-0.0008255031011547,1.1058238070763113e-07
-0.0008255031011547,1.105823807076215e-07
-0.0008255031011547,1.105823807076215e-07
-0.0008255031011547,1.105823807076215e-07
-0.0008255031011547,1.105823807076215e-07
-0.0008255031011547,1.105823807076215e-07
126443835213.09758,-32879627.7701436
-0.0008255031011537031,1.1058613288964787e-07
-0.0008255031011547,1.105823807076215e-07
-0.0008255031011547,1.105823807076215e-07
-0.0008255031011547,1.105823807076215e-07
-0.0008255031011547,1.105823807076215e-07
-0.0008255031011547,1.105823807076215e-07
-0.0008255031011547,1.1058238070763129e-07
-0.0008255031011547,1.105823807076215e-07
-0.0008255031011547,1.105823807076215e-07
-0.0008255031011547,1.105823807076215e-07
-0.0008255031011547,1.105823807076215e-07
-0.0008255031011547,1.105823807076215e-07
-71.67992379097635,3.4781702621325983
-0.0008255031011536403,1.1058636026678411e-07
-0.0008255031011547,1.105823807076215e-07
-0.0008255031011547,1.105823807076215e-07
0.09959335816203634,386.17665331421495
-0.0008255031011547,1.105823807076215e-07
-0.0008255031011547,1.105823807076215e-07
-0.0008255031011547,1.1058238070763108e-07
-0.0008255031011547,1.105823807076215e-07
-0.0008255031011547,1.105823807076215e-07
-0.0008255031011547,1.105823807076215e-07
-0.0008255031011547,1.105823807076215e-07
-0.0008255031011547,1.105823807076215e-07
7.480294822528758e-05,3.4621093208383815
-0.0008255031011531166,1.1058837821372356e-07
-0.0008255031011547,1.105823807076215e-07
-0.0008255031011547,1.105823807076215e-07
0.08451134507579956,328.176380616926
-0.0008255031011547,1.105823807076215e-07
-0.0008255031011547,1.105823807076215e-07
-0.0008255031011547,1.105823807076323e-07
-0.0008255031011547,1.105823807076215e-07
-0.0008255031011547,1.105823807076215e-07
-0.0008255031011547,1.105823807076215e-07
-0.0008255031011547,1.105823807076215e-07
-0.0008255031011547,1.105823807076215e-07
5.8486029520286655e+35,-1.5208326126167059e+32
-0.0008255031011527951,1.1058960034762046e-07
-0.0008255031011547,1.105823807076215e-07
-0.0008255031011547,1.105823807076215e-07
-0.0008255031011547,1.105823807076215e-07
-0.0008255031011547,1.105823807076215e-07
-0.0008255031011547,1.105823807076215e-07
-0.0008255031011547,1.1058238070763192e-07
-0.0008255031011547,1.105823807076215e-07
-0.0008255031011547,1.105823807076215e-07
-0.0008255031011547,1.105823807076215e-07
-0.0008255031011547,1.105823807076215e-07
-0.0008255031011547,1.105823807076215e-07
-71.6799217594648,3.485982761868468
-0.0008255031011527572,1.1058971456831334e-07
-0.0008255031011547,1.105823807076215e-07
-0.0008255031011547,1.105823807076215e-07
63555.13909374872,244411367.73676798
-0.0008255031011547,1.105823807076215e-07
-0.0008255031011547,1.105823807076215e-07
-0.0008255031011547,1.105823807076324e-07
-0.0008255031011547,1.105823807076215e-07
-0.0008255031011547,1.105823807076215e-07
-0.0008255031011547,1.105823807076215e-07
-0.0008255031011547,1.105823807076215e-07
-0.0008255031011547,1.105823807076215e-07
7.683445976433784e-05,3.469921820574251
-0.0008255031011520851,1.1059227310841036e-07
-0.0008255031011547,1.105823807076215e-07
-0.0008255031011547,1.105823807076215e-07
-0.0008255031011547,1.105823807076215e-07
-0.0008255031011547,1.105823807076215e-07
-0.0008255031011547,1.105823807076215e-07
-0.0008255031011547,1.1058238070763288e-07
-0.0008255031011547,1.105823807076215e-07
-0.0008255031011547,1.105823807076215e-07
-0.0008255031011547,1.105823807076215e-07
-0.0008255031011547,1.105823807076215e-07
-0.0008255031011547,1.105823807076215e-07
7.74631080443822e-05,3.4724998405937666
-0.0008255031011516678,1.105938078503053e-07
-0.0008255031011547,1.105823807076215e-07
-0.0008255031011547,1.105823807076215e-07
-0.0008255031011547,1.105823807076215e-07
-0.0008255031011547,1.105823807076215e-07
-0.0008255031011547,1.105823807076215e-07
-0.0008255031011547,1.1058238070763457e-07
-0.0008255031011547,1.105823807076215e-07
-0.0008255031011547,1.105823807076215e-07
6095616.293089596,-1585.064352833448
-0.0008255031011547,1.105823807076215e-07
-0.0008255031011547,1.105823807076215e-07
-3.218643875264641e+26,8.369551864011527e+22
-0.0008255031011507023,1.1059750423625837e-07
-0.0008255031011547,1.105823807076215e-07
-0.0008255031011547,1.105823807076215e-07
-0.0008255031011547,1.105823807076215e-07
-0.0008255031011547,1.105823807076215e-07
-0.0008255031011547,1.105823807076215e-07
-0.0008255031011547,1.1058238070763822e-07
-0.0008255031011547,1.105823807076215e-07
-0.0008255031011547,1.105823807076215e-07
-0.0008255031011547,1.105823807076215e-07
-0.0008255031011547,1.105823807076215e-07
-0.0008255031011547,1.105823807076215e-07
1.902320493877727e+17,-49466702911242.23
-0.0008255031011484951,1.1060603071584207e-07
-0.0008255031011547,1.105823807076215e-07
-0.0008255031011547,1.105823807076215e-07
-0.0008255031011547,1.105823807076215e-07
-0.0008255031011547,1.105823807076215e-07
-0.0008255031011547,1.105823807076215e-07
-0.0008255031011547,1.105823807076433e-07
-0.0008255031011547,1.105823807076215e-07
-0.0008255031011547,1.105823807076215e-07
-0.0008255031011547,1.105823807076215e-07
-0.0008255031011547,1.105823807076215e-07
-0.0008255031011547,1.105823807076215e-07
7.949461958343246e-05,3.480312340329636
-0.0008255031011434678,1.1062536057234769e-07
-0.0008255031011547,1.105823807076215e-07
-0.0008255031011547,1.105823807076215e-07
-0.0008255031011547,1.105823807076215e-07
-0.0008255031011547,1.105823807076215e-07
-0.0008255031011547,1.105823807076215e-07
-0.0008255031011547,1.1058238070764606e-07
-0.0008255031011547,1.105823807076215e-07
-0.0008255031011547,1.105823807076215e-07
-0.0008255031011547,1.105823807076215e-07
-0.0008255031011547,1.105823807076215e-07
-0.0008255031011547,1.105823807076215e-07
-3.218643875264641e+26,8.369551864011527e+22
-0.0008255031011407043,1.1063581967084745e-07
-0.0008255031011547,1.105823807076215e-07
-0.0008255031011547,1.105823807076215e-07
-0.0008255031011547,1.105823807076215e-07
-0.0008255031011547,1.105823807076215e-07
-0.0008255031011547,1.105823807076215e-07
-0.0008255031011547,1.105823807076558e-07
-0.0008255031011547,1.105823807076215e-07
-0.0008255031011547,1.105823807076215e-07
-0.0008255031011547,1.105823807076215e-07
-0.0008255031011547,1.105823807076215e-07
-0.0008255031011547,1.105823807076215e-07
8.083542463884635e-05,3.4854686187655384
-0.0008255031011339168,1.1066197359968311e-07
-0.0008255031011547,1.105823807076215e-07
-0.0008255031011547,1.105823807076215e-07
-0.0008255031011547,1.105823807076215e-07
-0.0008255031011547,1.105823807076215e-07
-0.0008255031011547,1.105823807076215e-07
-0.0008255031011547,1.1058238070765326e-07
-0.0008255031011547,1.105823807076215e-07
-0.0008255031011547,1.105823807076215e-07
-0.0008255031011547,1.105823807076215e-07
-0.0008255031011547,1.105823807076215e-07
-0.0008255031011547,1.105823807076215e-07
-107374180.36973636,27924.370491129135
-0.0008255031011259803,1.1069244160870877e-07
-0.0008255031011547,1.105823807076215e-07
-0.0008255031011547,1.105823807076215e-07
-0.0008255031011547,1.105823807076215e-07
-0.0008255031011547,1.105823807076215e-07
-0.0008255031011547,1.105823807076215e-07
-0.0008255031011547,1.1058238070765665e-07
-0.0008255031011547,1.105823807076215e-07
-0.0008255031011547,1.105823807076215e-07
-0.0008255031011547,1.105823807076215e-07
-0.0008255031011547,1.105823807076215e-07
-0.0008255031011547,1.105823807076215e-07
8.219656464860737e-05,3.4907030984927423
-0.0008255031010935181,1.1081707804453888e-07
-0.0008255031011547,1.105823807076215e-07
-0.0008255031011547,1.105823807076215e-07
-0.0008255031011547,1.105823807076215e-07
-0.0008255031011547,1.105823807076215e-07
-0.0008255031011547,1.105823807076215e-07
-0.0008255031011547,1.1058238070765982e-07
-0.0008255031011547,1.105823807076215e-07
-0.0008255031011547,1.105823807076215e-07
-0.0008255031011547,1.105823807076215e-07
-0.0008255031011547,1.105823807076215e-07
-0.0008255031011547,1.105823807076215e-07
8.286693617789661e-05,3.493281118501408
-0.0008255031010688643,1.1091166451886515e-07
-0.0008255031011547,1.105823807076215e-07
-0.0008255031011547,1.105823807076215e-07
-0.0008255031011547,1.105823807076215e-07
-0.0008255031011547,1.105823807076215e-07
-0.0008255031011547,1.105823807076215e-07
-0.0008255031011547,1.1058238070766258e-07
-0.0008255031011547,1.105823807076215e-07
-0.0008255031011547,1.105823807076215e-07
-0.0008255031011547,1.105823807076215e-07
-0.0008255031011547,1.105823807076215e-07
-0.0008255031011547,1.105823807076215e-07
-107374180.36973433,27924.378303628873
-0.0008255031010631955,1.1093349180810448e-07
-0.0008255031011547,1.105823807076215e-07
-0.0008255031011547,1.105823807076215e-07
-0.0008255031011547,1.105823807076215e-07
-0.0008255031011547,1.105823807076215e-07
-0.0008255031011547,1.105823807076215e-07
-0.0008255031011547,1.1058238070766448e-07
-0.0008255031011547,1.105823807076215e-07
-0.0008255031011547,1.105823807076215e-07
-0.0008255031011547,1.105823807076215e-07
-0.0008255031011547,1.105823807076215e-07
-0.0008255031011547,1.105823807076215e-07
0.058834215773437434,3.498461220616226
-0.0008255031010011854,1.1117182468124583e-07
-0.0008255031011547,1.105823807076215e-07
-0.0008255031011547,1.105823807076215e-07
-0.0008255031011547,1.105823807076215e-07
-0.0008255031011547,1.105823807076215e-07
-0.0008255031011547,1.105823807076215e-07
-0.0008255031011547,1.1058238070766935e-07
-0.0008255031011547,1.105823807076215e-07
-0.0008255031011547,1.105823807076215e-07
-0.0008255031011547,1.105823807076215e-07
-0.0008255031011547,1.105823807076215e-07
-0.0008255031011547,1.105823807076215e-07
-71.67991312554076,3.5191858857459133
-0.0008255031010049575,1.1115727148974986e-07
-0.0008255031011547,1.105823807076215e-07
-0.0008255031011547,1.105823807076215e-07
-0.0008255031011547,1.105823807076215e-07
-0.0008255031011547,1.105823807076215e-07
-0.0008255031011547,1.105823807076215e-07
-0.0008255031011547,1.1058238070767126e-07
-0.0008255031011547,1.105823807076215e-07
-0.0008255031011547,1.105823807076215e-07
-0.0008255031011547,1.105823807076215e-07
-0.0008255031011547,1.105823807076215e-07
-0.0008255031011547,1.105823807076215e-07
5.8486029520286655e+35,-1.5208326126167059e+32
-0.0008255031009878865,1.1122275443991852e-07
-0.0008255031011547,1.105823807076215e-07
-0.0008255031011547,1.105823807076215e-07
-0.0008255031011547,1.105823807076215e-07
-0.0008255031011547,1.105823807076215e-07
-0.0008255031011547,1.105823807076215e-07
-0.0008255031011547,1.1058238070767486e-07
-0.0008255031011547,1.105823807076215e-07
-0.0008255031011547,1.105823807076215e-07
-0.0008255031011547,1.105823807076215e-07
-0.0008255031011547,1.105823807076215e-07
-0.0008255031011547,1.105823807076215e-07
8.543174429467251e-05,3.5031444947853716
-0.0008255031009084035,1.115284320239326e-07
-0.0008255031011547,1.105823807076215e-07
-0.0008255031011547,1.105823807076215e-07
-0.0008255031011547,1.105823807076215e-07
-0.0008255031011547,1.105823807076215e-07
-0.0008255031011547,1.105823807076215e-07
-0.0008255031011547,1.1058238070768799e-07
-0.0008255031011547,1.105823807076215e-07
-0.0008255031011547,1.105823807076215e-07
-0.0008255031011547,1.105823807076215e-07
-0.0008255031011547,1.105823807076215e-07
-0.0008255031011547,1.105823807076215e-07
-71.679912109785,3.523092135613848
-0.0008255031007001675,1.1232876945981214e-07
-0.0008255031011547,1.105823807076215e-07
-0.0008255031011547,1.105823807076215e-07
-0.0008255031011547,1.105823807076215e-07
-0.0008255031011547,1.105823807076215e-07
-0.0008255031011547,1.105823807076215e-07
-0.0008255031011547,1.1058238070769857e-07
-0.0008255031011547,1.105823807076215e-07
-0.0008255031011547,1.105823807076215e-07
-0.0008255031011547,1.105823807076215e-07
-0.0008255031011547,1.105823807076215e-07
-0.0008255031011547,1.105823807076215e-07
8.610211582396176e-05,3.505722514794037
-0.0008255031006507811,1.1251809201100181e-07
-0.0008255031011547,1.105823807076215e-07
-0.0008255031011547,1.105823807076215e-07
-0.0008255031011547,1.105823807076215e-07
-0.0008255031011547,1.105823807076215e-07
-0.0008255031011547,1.105823807076215e-07
-0.0008255031011547,1.1058238070771467e-07
-0.0008255031011547,1.105823807076215e-07
-0.0008255031011547,1.105823807076215e-07
-0.0008255031011547,1.105823807076215e-07
-0.0008255031011547,1.105823807076215e-07
-0.0008255031011547,1.105823807076215e-07
8.648413957482658e-05,3.5070311943196315
-0.000825503100521962,1.130128593324425e-07
-0.0008255031011547,1.105823807076215e-07
-0.0008255031011547,1.105823807076215e-07
-0.0008255031011547,1.105823807076215e-07
-0.0008255031011547,1.105823807076215e-07
-0.0008255031011547,1.105823807076215e-07
-0.0008255031011547,1.1058238070772949e-07
-0.0008255031011547,1.105823807076215e-07
-0.0008255031011547,1.105823807076215e-07
-0.0008255031011547,1.105823807076215e-07
-0.0008255031011547,1.105823807076215e-07
-0.0008255031011547,1.105823807076215e-07
-151996488324747.38,39524176690.40565
-0.0008255031003133604,1.1381321508690746e-07
-0.0008255031011547,1.105823807076215e-07
-0.0008255031011547,1.105823807076215e-07
-0.0008255031011547,1.105823807076215e-07
-0.0008255031011547,1.105823807076215e-07
-0.0008255031011547,1.105823807076215e-07
-0.0008255031011547,1.1058238070775024e-07
-0.0008255031011547,1.105823807076215e-07
-0.0008255031011547,1.105823807076215e-07
-0.0008255031011547,1.105823807076215e-07
-0.0008255031011547,1.105823807076215e-07
-0.0008255031011547,1.105823807076215e-07
8.711787159348689e-05,3.5096287646619717
-0.0008255031002714723,1.1397328836938511e-07
-0.0008255031011547,1.105823807076215e-07
-0.0008255031011547,1.105823807076215e-07
-0.0008255031011547,1.105823807076215e-07
-0.0008255031011547,1.105823807076215e-07
-0.0008255031011547,1.105823807076215e-07
-0.0008255031011547,1.1058238070778412e-07
-0.0008255031011547,1.105823807076215e-07
-0.0008255031011547,1.105823807076215e-07
-0.0008255031011547,1.105823807076215e-07
-0.0008255031011547,1.105823807076215e-07
-0.0008255031011547,1.105823807076215e-07
8.749989534435172e-05,3.510937444187566
-0.0008255031001543918,1.1442471413984378e-07
-0.0008255031011547,1.105823807076215e-07
-0.0008255031011547,1.105823807076215e-07
-0.0008255031011547,1.105823807076215e-07
-0.0008255031011547,1.105823807076215e-07
-0.0008255031011547,1.105823807076215e-07
-0.0008255031011547,1.1058238070781123e-07
-0.0008255031011547,1.105823807076215e-07
-0.0008255031011547,1.105823807076215e-07
-0.0008255031011547,1.105823807076215e-07
-0.0008255031011547,1.105823807076215e-07
-0.0008255031011547,1.105823807076215e-07
-3.218643875264641e+26,8.369551864011527e+22
-0.0008255030999485632,1.1521052286429095e-07
-0.0008255031011547,1.105823807076215e-07
-0.0008255031011547,1.105823807076215e-07
-0.0008255031011547,1.105823807076215e-07
-0.0008255031011547,1.105823807076215e-07
-0.0008255031011547,1.105823807076215e-07
-0.0008255031011547,1.105823807077782e-07
-0.0008255031011547,1.105823807076215e-07
-0.0008255031011547,1.105823807076215e-07
-0.0008255031011547,1.105823807076215e-07
-0.0008255031011547,1.105823807076215e-07
-0.0008255031011547,1.105823807076215e-07
8.813362736301202e-05,3.5135350145299067
-0.0008255030994997474,1.1692765457574484e-07
-0.0008255031011547,1.105823807076215e-07
-0.0008255031011547,1.105823807076215e-07
-0.0008255031011547,1.105823807076215e-07
-0.0008255031011547,1.105823807076215e-07
-0.0008255031011547,1.105823807076215e-07
-0.0008255031011547,1.1058238070780023e-07
-0.0008255031011547,1.105823807076215e-07
-0.0008255031011547,1.105823807076215e-07
-0.0008255031011547,1.105823807076215e-07
-0.0008255031011547,1.105823807076215e-07
-0.0008255031011547,1.105823807076215e-07
89128.95801263409,-19.661689470092284
-0.0008255030985160742,1.2071180655067567e-07
-0.0008255031011547,1.105823807076215e-07
-0.0008255031011547,1.105823807076215e-07
-0.0008255031011547,1.105823807076215e-07
-0.0008255031011547,1.105823807076215e-07
-0.0008255031011547,1.105823807076215e-07
-0.0008255031011547,1.1058238070794849e-07
-0.0008255031011547,1.105823807076215e-07
-0.0008255031011547,1.105823807076215e-07
-0.0008255031011547,1.105823807076215e-07
-0.0008255031011547,1.105823807076215e-07
-0.0008255031011547,1.105823807076215e-07
-3.218643875264641e+26,8.369551864011527e+22
-0.000825503097862421,1.2321475098363747e-07
-0.0008255031011547,1.105823807076215e-07
-0.0008255031011547,1.105823807076215e-07
-0.0008255031011547,1.105823807076215e-07
-0.0008255031011547,1.105823807076215e-07
-0.0008255031011547,1.105823807076215e-07
-0.0008255031011547,1.1058238070827887e-07
-0.0008255031011547,1.105823807076215e-07
-0.0008255031011547,1.105823807076215e-07
-0.0008255031011547,1.105823807076215e-07
-0.0008255031011547,1.105823807076215e-07
-0.0008255031011547,1.105823807076215e-07
8.914938313253715e-05,3.517441264397841
-0.000825503096450657,1.2862939642035417e-07
-0.0008255031011547,1.105823807076215e-07
-0.0008255031011547,1.105823807076215e-07
-0.0008255031011547,1.105823807076215e-07
-0.0008255031011547,1.105823807076215e-07
-0.0008255031011547,1.105823807076215e-07
-0.0008255031011547,1.105823807082992e-07
-0.0008255031011547,1.105823807076215e-07
-0.0008255031011547,1.105823807076215e-07
-0.0008255031011547,1.105823807076215e-07
-0.0008255031011547,1.105823807076215e-07
-0.0008255031011547,1.105823807076215e-07
1.902320493877727e+17,-49466702911242.19
-0.0008255030951147975,1.3375170771004344e-07
-0.0008255031011547,1.105823807076215e-07
-0.0008255031011547,1.105823807076215e-07
-0.0008255031011547,1.105823807076215e-07
-0.0008255031011547,1.105823807076215e-07
-0.0008255031011547,1.105823807076215e-07
-0.0008255031011547,1.1058238070844828e-07
-0.0008255031011547,1.105823807076215e-07
-0.0008255031011547,1.105823807076215e-07
-0.0008255031011547,1.105823807076215e-07
-0.0008255031011547,1.105823807076215e-07
-0.0008255031011547,1.105823807076215e-07
8.981981665863849e-05,3.520019522825078
-0.0008255030940872678,1.3770985871685335e-07
-0.0008255031011547,1.105823807076215e-07
-0.0008255031011547,1.105823807076215e-07
-0.0008255031011547,1.105823807076215e-07
-0.0008255031011547,1.105823807076215e-07
-0.0008255031011547,1.105823807076215e-07
-0.0008255031011547,1.1058238070850257e-07
-0.0008255031011547,1.105823807076215e-07
-0.0008255031011547,1.105823807076215e-07
-0.0008255031011547,1.105823807076215e-07
-0.0008255031011547,1.105823807076215e-07
-0.0008255031011547,1.105823807076215e-07
9.016005516344634e-05,3.5213279639429507
-0.0008255030899976747,1.5342870662994598e-07
-0.0008255031011547,1.105823807076215e-07
-0.0008255031011547,1.105823807076215e-07
-0.0008255031011547,1.105823807076215e-07
-0.0008255031011547,1.105823807076215e-07
-0.0008255031011547,1.105823807076215e-07
-0.0008255031011547,1.1058238070831275e-07
-0.0008255031011547,1.105823807076215e-07
-0.0008255031011547,1.105823807076215e-07
-0.0008255031011547,1.105823807076215e-07
-0.0008255031011547,1.105823807076215e-07
-0.0008255031011547,1.105823807076215e-07
1.902320493877727e+17,-49466702911242.18
-0.0008255030898170205,1.541272838026777e-07
-0.0008255031011547,1.105823807076215e-07
-0.0008255031011547,1.105823807076215e-07
-0.0008255031011547,1.105823807076215e-07
-0.0008255031011547,1.105823807076215e-07
-0.0008255031011547,1.105823807076215e-07
-0.0008255031011547,1.1058238070835341e-07
-0.0008255031011547,1.105823807076215e-07
-0.0008255031011547,1.105823807076215e-07
-0.0008255031011547,1.105823807076215e-07
-0.0008255031011547,1.105823807076215e-07
-0.0008255031011547,1.105823807076215e-07
9.083557242816362e-05,3.523925772693013
-0.0008255030899966348,1.5342886294908273e-07
-0.0008255031011547,1.105823807076215e-07
-0.0008255031011547,1.105823807076215e-07
-0.0008255031011547,1.105823807076215e-07
-0.0008255031011547,1.105823807076215e-07
-0.0008255031011547,1.105823807076215e-07
-0.0008255031011547,1.1058238070836357e-07
-0.0008255031011547,1.105823807076215e-07
-0.0008255031011547,1.105823807076215e-07
-0.0008255031011547,1.105823807076215e-07
-0.0008255031011547,1.105823807076215e-07
-0.0008255031011547,1.105823807076215e-07
4.112190119804574e-05,3.5252146765024306
-0.0008255030862372372,1.6786444763123014e-07
-0.0008255031011547,1.105823807076215e-07
-0.0008255031011547,1.105823807076215e-07
-0.0008255031011547,1.105823807076215e-07
-0.0008255031011547,1.105823807076215e-07
-0.0008255031011547,1.105823807076215e-07
-0.0008255031011547,1.1058238070844828e-07
-0.0008255031011547,1.105823807076215e-07
-0.0008255031011547,1.105823807076215e-07
-0.0008255031011547,1.105823807076215e-07
-0.0008255031011547,1.105823807076215e-07
-0.0008255031011547,1.105823807076215e-07
4.056481692916499e+29,-1.0548210746517095e+26
-0.0008255030856309238,1.7019868346815444e-07
-0.0008255031011547,1.105823807076215e-07
-0.0008255031011547,1.105823807076215e-07
-0.0008255031011547,1.105823807076215e-07
-0.0008255031011547,1.105823807076215e-07
-0.0008255031011547,1.105823807076215e-07
-0.0008255031011547,1.1058238070844828e-07
-0.0008255031011547,1.105823807076215e-07
-0.0008255031011547,1.105823807076215e-07
-0.0008255031011547,1.105823807076215e-07
-0.0008255031011547,1.105823807076215e-07
-0.0008255031011547,1.105823807076215e-07
9.184624445909622e-05,3.5278124722381223
-0.0008255030864099154,1.6716621862237665e-07
-0.0008255031011547,1.105823807076215e-07
-0.0008255031011547,1.105823807076215e-07
-0.0008255031011547,1.105823807076215e-07
-0.0008255031011547,1.105823807076215e-07
-0.0008255031011547,1.105823807076215e-07
-0.0008255031011547,1.1058238070847201e-07
-0.0008255031011547,1.105823807076215e-07
-0.0008255031011547,1.105823807076215e-07
-0.0008255031011547,1.105823807076215e-07
-0.0008255031011547,1.105823807076215e-07
-0.0008255031011547,1.105823807076215e-07
4.213765696757087e-05,3.5291209263703656
-0.0008255030875678034,1.6273644311630165e-07
-0.0008255031011547,1.105823807076215e-07
-0.0008255031011547,1.105823807076215e-07
-0.0008255031011547,1.105823807076215e-07
-0.0008255031011547,1.105823807076215e-07
-0.0008255031011547,1.105823807076215e-07
-0.0008255031011547,1.1058238070859733e-07
-0.0008255031011547,1.105823807076215e-07
-0.0008255031011547,1.105823807076215e-07
-0.0008255031011547,1.105823807076215e-07
-0.0008255031011547,1.105823807076215e-07
-0.0008255031011547,1.105823807076215e-07
4.056481692916499e+29,-1.0548210746517095e+26
-0.000825503088041115,1.6088295692334754e-07
-0.0008255031011547,1.105823807076215e-07
-0.0008255031011547,1.105823807076215e-07
-0.0008255031011547,1.105823807076215e-07
-0.0008255031011547,1.105823807076215e-07
-0.0008255031011547,1.105823807076215e-07
-0.0008255031011547,1.1058238070838394e-07
-0.0008255031011547,1.105823807076215e-07
-0.0008255031011547,1.105823807076215e-07
-0.0008255031011547,1.105823807076215e-07
-0.0008255031011547,1.105823807076215e-07
-0.0008255031011547,1.105823807076215e-07
9.285691651731353e-05,3.531699171783232
-0.0008255030756883421,2.0837124772625614e-07
-0.0008255031011547,1.105823807076215e-07
-0.0008255031011547,1.105823807076215e-07
-0.0008255031011547,1.105823807076215e-07
-0.0008255031011547,1.105823807076215e-07
-0.0008255031011547,1.105823807076215e-07
-0.0008255031011547,1.1058238070843138e-07
-0.0008255031011547,1.105823807076215e-07
-0.0008255031011547,1.105823807076215e-07
-0.0008255031011547,1.105823807076215e-07
-0.0008255031011547,1.105823807076215e-07
-0.0008255031011547,1.105823807076215e-07
-107374180.36972468,27924.415413002618
-0.0008255030630819532,2.5683659870676557e-07
-0.0008255031011547,1.105823807076215e-07
-0.0008255031011547,1.105823807076215e-07
-0.0008255031011547,1.105823807076215e-07
-0.0008255031011547,1.105823807076215e-07
-0.0008255031011547,1.105823807076215e-07
-0.0008255031011547,1.1058238070888212e-07
-0.0008255031011547,1.105823807076215e-07
-0.0008255031011547,1.105823807076215e-07
-0.0008255031011547,1.105823807076215e-07
-0.0008255031011547,1.105823807076215e-07
-0.0008255031011547,1.105823807076215e-07
9.35323717579106e-05,3.5342967421147224
-0.0008255030342354096,3.677005032297236e-07
-0.0008255031011547,1.105823807076215e-07
-0.0008255031011547,1.105823807076215e-07
-0.0008255031011547,1.105823807076215e-07
-0.0008255031011547,1.105823807076215e-07
-0.0008255031011547,1.105823807076215e-07
-0.0008255031011547,1.1058238070866528e-07
-0.0008255031011547,1.105823807076215e-07
-0.0008255031011547,1.105823807076215e-07
-0.0008255031011547,1.105823807076215e-07
-0.0008255031011547,1.105823807076215e-07
-0.0008255031011547,1.105823807076215e-07
9.387267228683866e-05,3.5356054216511663
-0.0008255029799881917,5.763167813122537e-07
-0.0008255031011547,1.105823807076215e-07
-0.0008255031011547,1.105823807076215e-07
-0.0008255031011547,1.105823807076215e-07
-0.0008255031011547,1.105823807076215e-07
-0.0008255031011547,1.105823807076215e-07
-0.0008255031011547,1.105823807088008e-07
-0.0008255031011547,1.105823807076215e-07
-0.0008255031011547,1.105823807076215e-07
-0.0008255031011547,1.105823807076215e-07
-0.0008255031011547,1.105823807076215e-07
-0.0008255031011547,1.105823807076215e-07
-107374180.36972366,27924.419319252487
-0.0008255029005444134,8.818637613600198e-07
-0.0008255031011547,1.105823807076215e-07
-0.0008255031011547,1.105823807076215e-07
-0.0008255031011547,1.105823807076215e-07
-0.0008255031011547,1.105823807076215e-07
-0.0008255031011547,1.105823807076215e-07
-0.0008255031011547,1.1058238070933613e-07
-0.0008255031011547,1.105823807076215e-07
-0.0008255031011547,1.105823807076215e-07
-0.0008255031011547,1.105823807076215e-07
-0.0008255031011547,1.105823807076215e-07
-0.0008255031011547,1.105823807076215e-07
9.45430437888431e-05,3.538183441659832
-0.0008255028297816671,1.153956372593141e-06
-0.0008255031011547,1.105823807076215e-07
-0.0008255031011547,1.105823807076215e-07
-0.0008255031011547,1.105823807076215e-07
-0.0008255031011547,1.105823807076215e-07
-0.0008255031011547,1.105823807076215e-07
-0.0008255031011547,1.1058238071011565e-07
-0.0008255031011547,1.105823807076215e-07
-0.0008255031011547,1.105823807076215e-07
-0.0008255031011547,1.105823807076215e-07
-0.0008255031011547,1.105823807076215e-07
-0.0008255031011547,1.105823807076215e-07
0.058844881209017444,3.539476844229541
-0.0008255027697930494,1.3846316196904291e-06
-0.0008255031011547,1.105823807076215e-07
-0.0008255031011547,1.105823807076215e-07
-0.0008255031011547,1.105823807076215e-07
-0.0008255031011547,1.105823807076215e-07
-0.0008255031011547,1.105823807076215e-07
-0.0008255031011547,1.105823807102237e-07
-0.0008255031011547,1.105823807076215e-07
-0.0008255031011547,1.105823807076215e-07
-0.0008255031011547,1.105823807076215e-07
-0.0008255031011547,1.105823807076215e-07
-0.0008255031011547,1.105823807076215e-07
-2.3021534981236274e+20,5.986369989403386e+16
-0.0008255025080892058,2.391044998715834e-06
-0.0008255031011547,1.105823807076215e-07
-0.0008255031011547,1.105823807076215e-07
-0.0008255031011547,1.105823807076215e-07
-0.0008255031011547,1.105823807076215e-07
-0.0008255031011547,1.105823807076215e-07
-0.0008255031011547,1.1058238071090133e-07
-0.0008255031011547,1.105823807076215e-07
-0.0008255031011547,1.105823807076215e-07
-0.0008255031011547,1.105823807076215e-07
-0.0008255031011547,1.105823807076215e-07
-0.0008255031011547,1.105823807076215e-07
9.555879955836823e-05,3.542089691527767
-0.0008255022910825408,3.225510224728169e-06
-0.0008255031011547,1.105823807076215e-07
-0.0008255031011547,1.105823807076215e-07
-0.0008255031011547,1.105823807076215e-07
-0.0008255031011547,1.105823807076215e-07
-0.0008255031011547,1.105823807076215e-07
-0.0008255031011547,1.105823807104812e-07
-0.0008255031011547,1.105823807076215e-07
-0.0008255031011547,1.105823807076215e-07
-0.0008255031011547,1.105823807076215e-07
-0.0008255031011547,1.105823807076215e-07
-0.0008255031011547,1.105823807076215e-07
0.058845896964786974,3.5433830940974755
-0.0008255022251960955,3.4788306385763593e-06
-0.0008255031011547,1.105823807076215e-07
-0.0008255031011547,1.105823807076215e-07
-0.0008255031011547,1.105823807076215e-07
-0.0008255031011547,1.105823807076215e-07
-0.0008255031011547,1.105823807076215e-07
-0.0008255031011547,1.1058238071212117e-07
-0.0008255031011547,1.105823807076215e-07
-0.0008255031011547,1.105823807076215e-07
-0.0008255031011547,1.105823807076215e-07
-0.0008255031011547,1.105823807076215e-07
-0.0008255031011547,1.105823807076215e-07
-4.932681786943494e+32,1.2826624393509261e+29
-0.0008255020390368428,4.194674112626172e-06
-0.0008255031011547,1.105823807076215e-07
-0.0008255031011547,1.105823807076215e-07
-0.0008255031011547,1.105823807076215e-07
-0.0008255031011547,1.105823807076215e-07
-0.0008255031011547,1.105823807076215e-07
-0.0008255031011547,1.1058238071396429e-07
-0.0008255031011547,1.105823807076215e-07
-0.0008255031011547,1.105823807076215e-07
-0.0008255031011547,1.105823807076215e-07
-0.0008255031011547,1.105823807076215e-07
-0.0008255031011547,1.105823807076215e-07
9.656943782885966e-05,3.545976391072885
-0.0008255015353048086,6.131821364352807e-06
-0.0008255031011547,1.105823807076215e-07
-0.0008255031011547,1.105823807076215e-07
-0.0008255031011547,1.105823807076215e-07
-0.0008255031011547,1.105823807076215e-07
-0.0008255031011547,1.105823807076215e-07
-0.0008255031011547,1.1058238071624134e-07
-0.0008255031011547,1.105823807076215e-07
-0.0008255031011547,1.105823807076215e-07
-0.0008255031011547,1.105823807076215e-07
-0.0008255031011547,1.105823807076215e-07
-0.0008255031011547,1.105823807076215e-07
126443835213.0976,-32879627.67981157
-0.0008255003570469117,1.0662944279021226e-05
-0.0008255031011547,1.105823807076215e-07
-0.0008255031011547,1.105823807076215e-07
-0.0008255031011547,1.105823807076215e-07
-0.0008255031011547,1.105823807076215e-07
-0.0008255031011547,1.105823807076215e-07
-0.0008255031011547,1.1058238071705448e-07
-0.0008255031011547,1.105823807076215e-07
-0.0008255031011547,1.105823807076215e-07
-0.0008255031011547,1.105823807076215e-07
-0.0008255031011547,1.105823807076215e-07
-0.0008255031011547,1.105823807076215e-07
-4.932681786943494e+32,1.2826624393509261e+29
-0.000825500977400307,8.277010519836112e-06
-0.0008255031011547,1.105823807076215e-07
-0.0008255031011547,1.105823807076215e-07
-0.0008255031011547,1.105823807076215e-07
-0.0008255031011547,1.105823807076215e-07
-0.0008255031011547,1.105823807076215e-07
-0.0008255031011547,1.105823807110775e-07
-0.0008255031011547,1.105823807076215e-07
-0.0008255031011547,1.105823807076215e-07
-0.0008255031011547,1.105823807076215e-07
-0.0008255031011547,1.105823807076215e-07
-0.0008255031011547,1.105823807076215e-07
9.75851935983848e-05,3.5498826409408197
-0.0008255011478459448,7.621063408926239e-06
-0.0008255031011547,1.105823807076215e-07
-0.0008255031011547,1.105823807076215e-07
-0.0008255031011547,1.105823807076215e-07
-0.0008255031011547,1.105823807076215e-07
-0.0008255031011547,1.105823807076215e-07
-0.0008255031011547,1.105823807107929e-07
-0.0008255031011547,1.105823807076215e-07
-0.0008255031011547,1.105823807076215e-07
-0.0008255031011547,1.105823807076215e-07
-0.0008255031011547,1.105823807076215e-07
-0.0008255031011547,1.105823807076215e-07
2.7200829301128368e+23,-7.073126459546564e+19
-0.0008255007911745538,8.99226259491881e-06
-0.0008255031011547,1.105823807076215e-07
-0.0008255031011547,1.105823807076215e-07
-0.0008255031011547,1.105823807076215e-07
-0.0008255031011547,1.105823807076215e-07
-0.0008255031011547,1.105823807076215e-07
-0.0008255031011547,1.1058238071103685e-07
-0.0008255031011547,1.105823807076215e-07
-0.0008255031011547,1.105823807076215e-07
-0.0008255031011547,1.105823807076215e-07
-0.0008255031011547,1.105823807076215e-07
-0.0008255031011547,1.105823807076215e-07
9.826074462351993e-05,3.552480449690873
-0.0008254997681628119,1.2926108990425227e-05
-0.0008255031011547,1.105823807076215e-07
-0.0008255031011547,1.105823807076215e-07
-0.0008255031011547,1.105823807076215e-07
-0.0008255031011547,1.105823807076215e-07
-0.0008255031011547,1.105823807076215e-07
-0.0008255031011547,1.1058238071250064e-07
-0.0008255031011547,1.105823807076215e-07
-0.0008255031011547,1.105823807076215e-07
-0.0008255031011547,1.105823807076215e-07
-0.0008255031011547,1.105823807076215e-07
-0.0008255031011547,1.105823807076215e-07
-71.6798992858684,3.572408540196524
-0.0008254996285380492,1.3462525309380522e-05
-0.0008255031011547,1.105823807076215e-07
-0.0008255031011547,1.105823807076215e-07
-0.0008255031011547,1.105823807076215e-07
-0.0008255031011547,1.105823807076215e-07
-0.0008255031011547,1.105823807076215e-07
-0.0008255031011547,1.105823807129883e-07
-0.0008255031011547,1.105823807076215e-07
-0.0008255031011547,1.105823807076215e-07
-0.0008255031011547,1.105823807076215e-07
-0.0008255031011547,1.105823807076215e-07
-0.0008255031011547,1.105823807076215e-07
2.7200829301128368e+23,-7.073126459546564e+19
-0.0008254984812549901,1.7873819117862128e-05
-0.0008255031011547,1.105823807076215e-07
-0.0008255031011547,1.105823807076215e-07
-0.0008255031011547,1.105823807076215e-07
-0.0008255031011547,1.105823807076215e-07
-0.0008255031011547,1.105823807076215e-07
-0.0008255031011547,1.1058238073169174e-07
-0.0008255031011547,1.105823807076215e-07
-0.0008255031011547,1.105823807076215e-07
-0.0008255031011547,1.105823807076215e-07
-0.0008255031011547,1.105823807076215e-07
-0.0008255031011547,1.105823807076215e-07
9.927650039304506e-05,3.5563866995588076
-0.000825503099989344,1.1058238040543021e-07
-0.0008255031011547,1.105823807076215e-07
-0.0008255031011547,1.105823807076215e-07
-0.0008255031011547,1.105823807076215e-07
-0.0008255031011547,1.105823807076215e-07
-0.0008255031011547,1.105823807076215e-07
-0.0008255031011547,1.105823807473052e-07
-0.0008255031011547,1.105823807076215e-07
-0.0008255031011547,1.105823807076215e-07
-0.0008255031011547,1.105823807076215e-07
-0.0008255031011547,1.105823807076215e-07
-0.0008255031011547,1.105823807076215e-07
-71.67989827011263,3.5763147900644587
-0.0008255031011547,1.1058238071144356e-07
-0.0008255031011547,1.105823807076215e-07
-0.0008255031011547,1.105823807076215e-07
-0.0008255031011547,1.105823807076215e-07
-0.0008255031011547,1.105823807076215e-07
-0.0008255031011547,1.105823807076215e-07
-0.0008255031011546999,1.1058238075511146e-07
-0.0008255031011547,1.1058238070792475e-07
-0.0008255031011547,1.105823807076215e-07
-0.0008255031011547,1.105823807076215e-07
-0.0008255031011547,1.105823807076215e-07
-0.0008255031011547,1.105823807076215e-07
5.8486029520286655e+35,-1.5208326126167059e+32
-0.0008254944209946215,3.34915142707756e-05
-0.0008255031011547,1.105823807076215e-07
-0.0008255031011547,1.105823807076215e-07
-0.0008255031011547,1.105823807076215e-07
-0.0008255031011547,1.105823807076215e-07
-0.0008255031011547,1.105823807076215e-07
-0.0008255031011546999,1.105823807874226e-07
-0.0008255031011547,1.1058238070798912e-07
-0.0008255031011547,1.105823807076215e-07
-0.0008255031011547,1.105823807076215e-07
-0.0008255031011547,1.105823807076215e-07
-0.0008255031011547,1.105823807076215e-07
0.00010028717242397756,3.560273399103917
-0.0008255030991792599,1.105823801939625e-07
-0.0008255031011547,1.105823807076215e-07
-0.0008255031011547,1.105823807076215e-07
-0.0008255031011547,1.105823807076215e-07
-0.0008255031011547,1.105823807076215e-07
-0.0008255031011547,1.105823807076215e-07
-0.0008255031011546999,1.1058238084640701e-07
-0.0008255031011547,1.1058238070792136e-07
-0.0008255031011547,1.1058238070771766e-07
-0.0008255031011547,1.105823807076215e-07
-0.0008255031011547,1.105823807076215e-07
-0.0008255031011547,1.105823807076215e-07
-71.67989725435686,3.5802210399323937
-0.000825503098283976,1.1058237996119813e-07
-0.0008255031011547,1.1058238070776299e-07
-0.0008255031011547,1.105823807076215e-07
-0.0008255031011547,1.105823807076215e-07
-0.0008255031011547,1.105823807076215e-07
-0.0008255031011547,1.105823807076215e-07
-0.0008255031011546999,1.1058238070762147e-07
-0.0008255031011547,1.1058238070797557e-07
-0.0008255031011547,1.1058238070770536e-07
-0.0008255031011547,1.105823807076215e-07
-0.0008255031011547,1.105823807076215e-07
-0.0008255031011547,1.105823807076215e-07
5.8486029520286655e+35,-1.5208326126167059e+32
-0.0008255030958111564,1.105823793196053e-07
-0.0008255031011547,1.105823807077723e-07
-0.0008255031011547,1.105823807076215e-07
-0.0008255031011547,1.105823807076215e-07
-0.0008255031011547,1.105823807076215e-07
-0.0008255031011547,1.105823807076215e-07
-0.0008255031011546999,1.1058238070764984e-07
-0.0008255031011547,1.1058238070762484e-07
-0.0008255031011547,1.105823807076215e-07
-0.0008255031011547,1.105823807076215e-07
-0.0008255031011547,1.105823807076215e-07
-0.0008255031011547,1.105823807076215e-07
0.00010133956770413174,3.564160098638177
-0.0008255031011547,1.1058238070766512e-07
-0.0008255031011547,1.1058238070764225e-07
-0.0008255031011547,1.105823807076215e-07
-0.0008255031011547,1.105823807076215e-07
-0.0008255031011547,1.105823807076215e-07
-0.0008255031011547,1.105823807076215e-07
-0.0008255031011546999,1.1058238070795182e-07
-0.0008255031011547,1.1058238070762586e-07
-0.0008255031011546999,1.1058238070762147e-07
-0.0008255031011547,1.105823807076215e-07
-0.0008255031011547,1.105823807076215e-07
-0.0008255031011547,1.105823807076215e-07
-151996488324747.38,39524176690.462776
-0.0008255031011546999,1.1058238070765981e-07
-0.0008255031011547,1.1058238070762282e-07
-0.0008255031011547,1.105823807076215e-07
-0.0008255031011547,1.105823807076215e-07
-0.0008255031011547,1.105823807076215e-07
-0.0008255031011547,1.105823807076215e-07
-0.0008255031011546999,1.1058238070770576e-07
-0.0008255031011547,1.1058238070763007e-07
-0.0008255031011547,1.105823807076215e-07
-0.0008255031011547,1.105823807076215e-07
-0.0008255031011547,1.105823807076215e-07
-0.0008255031011547,1.105823807076215e-07
0.00010197329972279204,3.5667576689805176
-0.0008255031011547,1.105823807076215e-07
-0.0008255031011547,1.1058238070762376e-07
-0.0008255031011547,1.105823807076215e-07
-0.0008255031011547,1.105823807076215e-07
-0.0008255031011547,1.105823807076215e-07
-0.0008255031011547,1.105823807076215e-07
-0.0008255031011547,1.1058238070765303e-07
-0.0008255031011547,1.1058238070762474e-07
-0.0008255031011547,1.105823807076215e-07
-0.0008255031011547,1.105823807076215e-07
-0.0008255031011547,1.105823807076215e-07
-0.0008255031011547,1.105823807076215e-07
0.00010235532347365687,3.5680663485061115
-0.0008255031011547,1.1058238070767781e-07
-0.0008255031011547,1.1058238070762345e-07
-0.0008255031011547,1.105823807076215e-07
-0.0008255031011547,1.105823807076215e-07
-0.0008255031011547,1.105823807076215e-07
-0.0008255031011547,1.105823807076215e-07
-0.0008255031011547,1.1058238070763044e-07
-0.0008255031011547,1.1058238070763425e-07
-0.0008255031011546999,1.1058238070762147e-07
-0.0008255031011547,1.105823807076215e-07
-0.0008255031011547,1.105823807076215e-07
-0.0008255031011547,1.105823807076215e-07
-151996488324747.38,39524176690.46668
-0.0008255031011547,1.105823807076215e-07
-0.0008255031011547,1.1058238070762331e-07
-0.0008255031011547,1.105823807076215e-07
-0.0008255031011547,1.105823807076215e-07
-0.0008255031011547,1.105823807076215e-07
-0.0008255031011547,1.105823807076215e-07
-0.0008255031011547,1.1058238070765389e-07
-0.0008255031011547,1.1058238070763394e-07
-0.0008255031011547,1.1058238070922785e-07
-0.0008255031011547,1.105823807076215e-07
-0.0008255031011547,1.105823807076215e-07
-0.0008255031011547,1.105823807076215e-07
0.00010298397175370123,3.570644368525627
-0.0008255031011546999,1.1058238070762715e-07
-0.0008255031011547,1.1058238070766554e-07
-0.0008255031011547,1.105823807076215e-07
-0.0008255031011547,1.105823807076215e-07
-0.0008255031011547,1.105823807076215e-07
-0.0008255031011547,1.105823807076215e-07
-0.0008255031011547,1.1058238070778836e-07
-0.0008255031011547,1.1058238070762241e-07
-0.000825503101154694,1.1058238070762188e-07
-0.0008255031011547,1.105823807076215e-07
-0.0008255031011547,1.105823807076215e-07
-0.0008255031011547,1.105823807076215e-07
89128.95802748951,-19.60456056577374
-0.0008255031011546999,1.1058238071846402e-07
-0.0008255031011547,1.1058238070765158e-07
-0.0008255031011547,1.105823807076215e-07
-0.0008255031011547,1.105823807076215e-07
-0.0008255031011547,1.105823807076215e-07
-0.0008255031011547,1.105823807076215e-07
-0.0008255031011547,1.1058238071114539e-07
-0.0008255031011547,1.1058238070762237e-07
-0.000825503101154688,1.105823807076211e-07
-0.0008255031011547,1.105823807076215e-07
-0.0008255031011547,1.105823807076215e-07
-0.0008255031011547,1.105823807076215e-07
-3.218643875264641e+26,8.369551864011527e+22
-0.0008255031011547,1.105823807076721e-07
-0.0008255031011547,1.1058238070787568e-07
-0.0008255031011547,1.105823807076215e-07
-0.0008255031011547,1.105823807076215e-07
-0.0008255031011547,1.105823807076215e-07
-0.0008255031011547,1.105823807076215e-07
-0.0008255031011547,1.105823807076215e-07
-0.0008255031011547,1.1058238070762581e-07
-0.0008255031011547,1.1058238070762437e-07
-0.0008255031011547,1.105823807076215e-07
-0.0008255031011547,1.105823807076215e-07
-0.0008255031011547,1.105823807076215e-07
0.00010399972752322636,3.5745506183935616
-0.0008255031011546997,1.1058238070767289e-07
-0.0008255031011547,1.1058238070765475e-07
-0.00082550310114948,1.1058238165041747e-07
-0.0008255031011547,1.105823807076215e-07
-0.0008255031011547,1.105823807076215e-07
-0.0008255031011547,1.105823807076215e-07
-0.0008255031011547,1.1058238070801284e-07
-0.0008255031011547,1.1058238070762517e-07
-0.0008255031011547,1.105823807076215e-07
-0.0008255031011547,1.105823807076215e-07
-0.0008255031011547,1.105823807076215e-07
-0.0008255031011547,1.105823807076215e-07
89128.95802850527,-19.600654315905803
-0.0008255031011547,1.1058238070766046e-07
-0.0008255031011546997,1.1058238070762143e-07
-0.0008255031011546997,1.1058238154052135e-07
-0.0008255031011547,1.105823807076215e-07
-0.0008255031011547,1.105823807076215e-07
-0.0008255031011547,1.105823807076215e-07
-0.0008255031011547,1.1058238070780615e-07
-0.0008255031011547,1.1058238070762581e-07
-0.0008255031011546987,1.1058238489871323e-07
-0.0008255031011547,1.105823807076215e-07
-0.0008255031011547,1.105823807076215e-07
-0.0008255031011547,1.105823807076215e-07
0.00010467524478794364,3.577148427143624
-0.0008255031011547,1.105823807076297e-07
-0.0008255031011547,1.1058238070807906e-07
-0.0008255031011547,1.105823807076215e-07
-0.0008255031011547,1.105823807076215e-07
-0.0008255031011547,1.105823807076215e-07
-0.0008255031011547,1.105823807076215e-07
-0.0008255031011547,1.1058238070767422e-07
-0.0008255031011547,1.1058238070762562e-07
-0.0008255031011546987,1.1058238578846375e-07
-0.0008255031011547,1.105823807076215e-07
-0.0008255031011547,1.105823807076215e-07
-0.0008255031011547,1.105823807076215e-07
5.4961573557825655e-05,3.5784373309530415
-0.0008255031011547,1.10582380707635e-07
-0.0008255031011546996,1.1058238070764533e-07
-0.0008255031010943038,1.1058238069191648e-07
-0.0008255031011547,1.105823807076215e-07
-0.0008255031011547,1.105823807076215e-07
-0.0008255031011547,1.105823807076215e-07
-0.0008255031011547,1.1058238070770112e-07
-0.0008255031011547,1.1058238070762771e-07
-0.0008255031011547,1.105823807076215e-07
-0.0008255031011547,1.105823807076215e-07
-0.0008255031011547,1.105823807076215e-07
-0.0008255031011547,1.105823807076215e-07
1.902320493877727e+17,-49466702911242.125
-0.0008255031011547,1.1058238070764405e-07
-0.0008255031011546999,1.1058238070764231e-07
-0.0008255031011547,1.105823807076215e-07
-0.0008255031011547,1.105823807076215e-07
-0.0008255031011547,1.105823807076215e-07
-0.0008255031011547,1.105823807076215e-07
-0.0008255031011547,1.1058238070767105e-07
-0.0008255031011547,1.1058238070762572e-07
-0.0008255031011547,1.105823807076215e-07
-0.0008255031011547,1.105823807076215e-07
-0.0008255031011547,1.105823807076215e-07
-0.0008255031011547,1.105823807076215e-07
0.00010569100055746877,3.5810546770115583
-0.0008255031011546989,1.1058238070764673e-07
-0.0008255031011546999,1.1058238070765178e-07
-0.0008255031011540336,1.1058238070744822e-07
-0.0008255031011547,1.105823807076215e-07
-0.0008255031011547,1.105823807076215e-07
-0.0008255031011547,1.105823807076215e-07
-0.0008255031011546999,1.1058238070768628e-07
-0.0008255031011547,1.1058238070762754e-07
-0.0008255031011547,1.105823807076215e-07
-0.0008255031011547,1.105823807076215e-07
-0.0008255031011547,1.105823807076215e-07
-0.0008255031011547,1.105823807076215e-07
5.5977329327350786e-05,3.582343580820976
-0.0008255031011547,1.1058238070767909e-07
-0.0008255031011546995,1.1058238159579983e-07
-0.0008255031011547,1.105823807076215e-07
-0.0008255031011547,1.105823807076215e-07
-0.0008255031011547,1.105823807076215e-07
-0.0008255031011547,1.105823807076215e-07
-0.0008255031011546996,1.1058238079696343e-07
-0.0008255031011546999,1.1058238070762746e-07
-0.0008255031011547,1.105823807076215e-07
-0.0008255031011547,1.105823807076215e-07
-0.0008255031011547,1.105823807076215e-07
-0.0008255031011547,1.105823807076215e-07
4.056481692916499e+29,-1.0548210746517095e+26
-0.0008255029592653156,1.1058234381248413e-07
-0.0008255031011546996,1.1058238070781543e-07
-0.0008255031011547,1.105823807076215e-07
-0.0008255031011547,1.105823807076215e-07
-0.0008255031011547,1.105823807076215e-07
-0.0008255031011547,1.105823807076215e-07
-0.0008255031011546997,1.1058238070764198e-07
-0.0008255031011546999,1.105823807076241e-07
-0.0008255031011547,1.105823807076215e-07
-0.0008255031011547,1.105823807076215e-07
-0.0008255031011547,1.105823807076215e-07
-0.0008255031011547,1.105823807076215e-07
0.00010670167258840127,3.584941376556668
-0.0008255029137905682,1.1058233198668982e-07
-0.000825503101154694,1.1058238070761996e-07
-0.0008255031011547,1.105823807076215e-07
-0.0008255031011547,1.105823807076215e-07
-0.0008255031011547,1.105823807076215e-07
-0.0008255031011547,1.105823807076215e-07
-0.0008255031011546997,1.1058238091753047e-07
-0.0008255031011546997,1.1058238070762145e-07
-0.0008255031011547,1.105823807076215e-07
-0.0008255031011547,1.105823807076215e-07
-0.0008255031011547,1.105823807076215e-07
-0.0008255031011547,1.105823807076215e-07
-107374180.36971083,27924.468635657067
-0.0008255030024704342,1.1058235504640788e-07
-0.0008255031011547,1.1058238070776468e-07
-0.0008255031011547,1.105823807076215e-07
-0.0008255031011547,1.105823807076215e-07
-0.0008255031011547,1.105823807076215e-07
-0.0008255031011547,1.105823807076215e-07
-0.0008255031011546992,1.1058238312247652e-07
-0.0008255031011546995,1.1058238070762138e-07
-0.0008255031011547,1.105823807076215e-07
-0.0008255031011547,1.105823807076215e-07
-0.0008255031011547,1.105823807076215e-07
-0.0008255031011547,1.105823807076215e-07
4.056481692916499e+29,-1.0548210746517095e+26
-0.0008255031011547,1.1058238070762148e-07
-0.0008255031011547,1.1058238070776384e-07
-0.0008255031011547,1.105823807076215e-07
-0.0008255031011547,1.105823807076215e-07
-0.0008255031011547,1.105823807076215e-07
-0.0008255031011547,1.105823807076215e-07
-0.0008255031011546994,1.1058238237995477e-07
-0.0008255031011546997,1.1058238070762144e-07
-0.0008255031011547,1.105823807076215e-07
-0.0008255031011547,1.105823807076215e-07
-0.0008255031011547,1.105823807076215e-07
-0.0008255031011547,1.105823807076215e-07
0.0001077174283579264,3.5888476264246028
-0.0008255030830774665,1.1058237600693544e-07
-0.0008255031011547,1.105823807076215e-07
-0.0008255031011547,1.105823807076215e-07
-0.0008255031011547,1.105823807076215e-07
-0.0008255031011547,1.105823807076215e-07
-0.0008255031011547,1.105823807076215e-07
-0.0008255031011546995,1.1058238210933802e-07
-0.0008255031011547,1.105823807076215e-07
-0.0008255031011547,1.105823807076215e-07
-0.0008255031011547,1.105823807076215e-07
-0.0008255031011547,1.105823807076215e-07
-0.0008255031011547,1.105823807076215e-07
-2.3021534981236274e+20,5.986369989403386e+16
-0.0008255030202055872,1.1058235965814154e-07
-0.0008255031011547,1.105823807076215e-07
-0.0008255031011547,1.105823807076215e-07
-0.0008255031011547,1.105823807076215e-07
-0.0008255031011547,1.105823807076215e-07
-0.0008255031011547,1.105823807076215e-07
-0.0008255031011546999,1.1058238070762147e-07
-0.0008255031011547,1.105823807076215e-07
-0.0008255031011547,1.105823807076215e-07
-0.0008255031011547,1.105823807076215e-07
-0.0008255031011547,1.105823807076215e-07
-0.0008255031011547,1.105823807076215e-07
0.00010838779988721575,3.5914256464332683
-0.0008255031011547,1.105823807076215e-07
-0.0008255031011547,1.105823807076215e-07
-0.0008255031011547,1.105823807076215e-07
-0.0008255031011547,1.105823807076215e-07
-0.0008255031011547,1.105823807076215e-07
-0.0008255031011547,1.105823807076215e-07
-0.0008255031011546996,1.105823817970877e-07
-0.0008255031011547,1.105823807076215e-07
-0.0008255031011547,1.105823807076215e-07
-0.0008255031011547,1.105823807076215e-07
-0.0008255031011547,1.105823807076215e-07
-0.0008255031011547,1.105823807076215e-07
0.00010872810041614382,3.592734325969712
-0.0008255031011547,1.105823807076215e-07
-0.0008255031011547,1.105823807076215e-07
-0.0008255031011547,1.105823807076215e-07
-0.0008255031011547,1.105823807076215e-07
-0.0008255031011547,1.105823807076215e-07
-0.0008255031011547,1.105823807076215e-07
-0.0008255031011546996,1.1058238159585979e-07
-0.0008255031011547,1.105823807076215e-07
-0.0008255031011547,1.105823807076215e-07
-0.0008255031011547,1.105823807076215e-07
-0.0008255031011547,1.105823807076215e-07
-0.0008255031011547,1.105823807076215e-07
-2.3021534981236274e+20,5.986369989403386e+16
-0.0008255031011547,1.105823807076215e-07
-0.0008255031011547,1.105823807076215e-07
-0.0008255031011547,1.105823807076215e-07
-0.0008255031011547,1.105823807076215e-07
-0.0008255031011547,1.105823807076215e-07
-0.0008255031011547,1.105823807076215e-07
-0.0008255031011546996,1.1058238173463788e-07
-0.0008255031011547,1.105823807076215e-07
-0.0008255031011547,1.105823807076215e-07
-0.0008255031011547,1.105823807076215e-07
-0.0008255031011547,1.105823807076215e-07
-0.0008255031011547,1.105823807076215e-07
0.00010940355565674088,3.595331896301203
-0.0008255031011547,1.105823807076215e-07
-0.0008255031011547,1.105823807076215e-07
-0.0008255031011547,1.105823807076215e-07
-0.0008255031011547,1.105823807076215e-07
-0.0008255031011547,1.105823807076215e-07
-0.0008255031011547,1.105823807076215e-07
-0.0008255031011546996,1.1058238162361547e-07
-0.0008255031011547,1.105823807076215e-07
-0.0008255031011547,1.105823807076215e-07
-0.0008255031011547,1.105823807076215e-07
-0.0008255031011547,1.105823807076215e-07
-0.0008255031011547,1.105823807076215e-07
0.058859736637146755,3.5966057485480865
-0.0008255031011547,1.105823807076215e-07
-0.0008255031011547,1.105823807076215e-07
-0.0008255031011547,1.105823807076215e-07
-0.0008255031011547,1.105823807076215e-07
-0.0008255031011547,1.105823807076215e-07
-0.0008255031011547,1.105823807076215e-07
-0.0008255031011546996,1.105823817970876e-07
-0.0008255031011547,1.105823807076215e-07
-0.0008255031011547,1.105823807076215e-07
-0.0008255031011547,1.105823807076215e-07
-0.0008255031011547,1.105823807076215e-07
-0.0008255031011547,1.105823807076215e-07
-4.932681786943494e+32,1.2826624393509261e+29
-0.0008255031011547,1.105823807076215e-07
-0.0008255031011547,1.105823807076215e-07
-0.0008255031011547,1.105823807076215e-07
-0.0008255031011547,1.105823807076215e-07
-0.0008255031011547,1.105823807076215e-07
-0.0008255031011547,1.105823807076215e-07
-0.0008255031011546996,1.1058238158889104e-07
-0.0008255031011547,1.105823807076215e-07
-0.0008255031011547,1.105823807076215e-07
-0.0008255031011547,1.105823807076215e-07
-0.0008255031011547,1.105823807076215e-07
-0.0008255031011547,1.105823807076215e-07
0.00011041422768767338,3.5992185958463123
-0.0008255031011547,1.105823807076215e-07
-0.0008255031011547,1.105823807076215e-07
-0.0008255031011547,1.105823807076215e-07
-0.0008255031011547,1.105823807076215e-07
-0.0008255031011547,1.105823807076215e-07
-0.0008255031011547,1.105823807076215e-07
-0.0008255031011546996,1.1058238150215504e-07
-0.0008255031011547,1.105823807076215e-07
-0.0008255031011547,1.105823807076215e-07
-0.0008255031011547,1.105823807076215e-07
-0.0008255031011547,1.105823807076215e-07
-0.0008255031011547,1.105823807076215e-07
0.05886075239291628,3.6005119984160214
-0.0008255031011547,1.105823807076215e-07
-0.0008255031011547,1.105823807076215e-07
-0.0008255031011547,1.105823807076215e-07
-0.0008255031011547,1.105823807076215e-07
-0.0008255031011547,1.105823807076215e-07
-0.0008255031011547,1.105823807076215e-07
-0.0008255031011546996,1.1058238148827698e-07
-0.0008255031011547,1.105823807076215e-07
-0.0008255031011547,1.105823807076215e-07
-0.0008255031011547,1.105823807076215e-07
-0.0008255031011547,1.105823807076215e-07
-0.0008255031011547,1.105823807076215e-07
