x,y
-4.93268180641331e+32,1.2054651078977836e+29
-0.00077582000876,9.785744025836017e-08
-0.00077582000876,9.785744025836017e-08
-0.00077582000876,9.785744025836017e-08
-0.00077582000876,9.785744025836017e-08
-0.00077582000876,9.785744025836017e-08
-0.00077582000876,9.785744025836017e-08
-0.0007758200087599998,9.78574409973824e-08
-0.00077582000876,9.785744025836017e-08
-0.00077582000876,9.785744025836017e-08
-0.00077582000876,9.785744025836017e-08
-0.00077582000876,9.785744025836017e-08
-0.00077582000876,9.785744025836017e-08
0.00010471873293222485,3.603105296888326
-0.00077582000876,9.785744025836017e-08
-0.00077582000876,9.785744025836017e-08
-0.00077582000876,9.785744025836017e-08
-0.00077582000876,9.785744025836017e-08
-0.00077582000876,9.785744025836017e-08
-0.00077582000876,9.785744025836017e-08
-0.0007758200087599998,9.785744097309638e-08
-0.00077582000876,9.785744025836017e-08
-0.00077582000876,9.785744025836017e-08
-0.00077582000876,9.785744025836017e-08
-0.00077582000876,9.785744025836017e-08
-0.00077582000876,9.785744025836017e-08
126443835712.18477,-30900759.51832022
-0.00077582000876,9.785744025836017e-08
-0.00077582000876,9.785744025836017e-08
-0.00077582000876,9.785744025836017e-08
-0.00077582000876,9.785744025836017e-08
-0.00077582000876,9.785744025836017e-08
-0.00077582000876,9.785744025836017e-08
-0.0007758200087599998,9.785744076492936e-08
-0.00077582000876,9.785744025836017e-08
-0.00077582000876,9.785744025836017e-08
-0.00077582000876,9.785744025836017e-08
-0.00077582000876,9.785744025836017e-08
-0.00077582000876,9.785744025836017e-08
-4.93268180641331e+32,1.2054651078977836e+29
-0.00077582000876,9.785744025836017e-08
-0.00077582000876,9.785744025836017e-08
-0.00077582000876,9.785744025836017e-08
-0.00077582000876,9.785744025836017e-08
-0.00077582000876,9.785744025836017e-08
-0.00077582000876,9.785744025836017e-08
-0.0007758200087599998,9.785744076839886e-08
-0.00077582000876,9.785744025836017e-08
-0.00077582000876,9.785744025836017e-08
-0.00077582000876,9.785744025836017e-08
-0.00077582000876,9.785744025836017e-08
-0.00077582000876,9.785744025836017e-08
0.00010567335520909459,3.607011546771679
-0.00077582000876,9.785744025836017e-08
-0.00077582000876,9.785744025836017e-08
-0.00077582000876,9.785744025836017e-08
-0.00077582000876,9.785744025836017e-08
-0.00077582000876,9.785744025836017e-08
-0.00077582000876,9.785744025836017e-08
-0.0007758200087599998,9.785744069379075e-08
-0.00077582000876,9.785744025836017e-08
-0.00077582000876,9.785744025836017e-08
-0.00077582000876,9.785744025836017e-08
-0.00077582000876,9.785744025836017e-08
-0.00077582000876,9.785744025836017e-08
126443835712.18477,-30900759.51441397
-0.00077582000876,9.785744025836017e-08
-0.00077582000876,9.785744025836017e-08
-0.00077582000876,9.785744025836017e-08
-0.00077582000876,9.785744025836017e-08
-0.00077582000876,9.785744025836017e-08
-0.00077582000876,9.785744025836017e-08
-0.0007758200087599998,9.785744077533786e-08
-0.00077582000876,9.785744025836017e-08
-0.00077582000876,9.785744025836017e-08
-0.00077582000876,9.785744025836017e-08
-0.00077582000876,9.785744025836017e-08
-0.00077582000876,9.785744025836017e-08
0.000106308250073587,3.609609355531987
-0.00077582000876,9.785744025836017e-08
-0.00077582000876,9.785744025836017e-08
-0.00077582000876,9.785744025836017e-08
-0.00077582000876,9.785744025836017e-08
-0.00077582000876,9.785744025836017e-08
-0.00077582000876,9.785744025836017e-08
-0.0007758200087599998,9.785744082737955e-08
-0.00077582000876,9.785744025836017e-08
-0.00077582000876,9.785744025836017e-08
-0.00077582000876,9.785744025836017e-08
-0.00077582000876,9.785744025836017e-08
-0.00077582000876,9.785744025836017e-08
-71.67989154146282,3.6284156415570425
-0.00077582000876,9.785744025836017e-08
-0.00077582000876,9.785744025836017e-08
-0.00077582000876,9.785744025836017e-08
-0.00077582000876,9.785744025836017e-08
-0.00077582000876,9.785744025836017e-08
-0.00077582000876,9.785744025836017e-08
-0.0007758200087599998,9.785744088636005e-08
-0.00077582000876,9.785744025836017e-08
-0.00077582000876,9.785744025836017e-08
-0.00077582000876,9.785744025836017e-08
-0.00077582000876,9.785744025836017e-08
-0.00077582000876,9.785744025836017e-08
2.7200829408492907e+23,-6.64742873038883e+19
-0.00077582000876,9.785744025836017e-08
-0.00077582000876,9.785744025836017e-08
-0.00077582000876,9.785744025836017e-08
-0.00077582000876,9.785744025836017e-08
-0.00077582000876,9.785744025836017e-08
-0.00077582000876,9.785744025836017e-08
-0.0007758200087599998,9.785744086207402e-08
-0.00077582000876,9.785744025836017e-08
-0.00077582000876,9.785744025836017e-08
-0.00077582000876,9.785744025836017e-08
-0.00077582000876,9.785744025836017e-08
-0.00077582000876,9.785744025836017e-08
0.00010726287235045674,3.6135156054153397
-0.0007758193211492743,9.785727221777494e-08
-0.00077582000876,9.785744025836017e-08
-0.00077582000876,9.785744025836017e-08
-0.00077582000876,9.785744025836017e-08
-0.00077582000876,9.785744025836017e-08
-0.00077582000876,9.785744025836017e-08
-0.0007758200087599998,9.785744075452113e-08
-0.00077582000876,9.785744025836017e-08
-0.00077582000876,9.785744025836017e-08
-0.00077582000876,9.785744025836017e-08
-0.00077582000876,9.785744025836017e-08
-0.00077582000876,9.785744025836017e-08
-71.67989058684054,3.6323218914403954
-0.0007758192447516107,9.7857253547461e-08
-0.00077582000876,9.785744025836017e-08
-0.00077582000876,9.785744025836017e-08
-0.00077582000876,9.785744025836017e-08
-0.00077582000876,9.785744025836017e-08
-0.00077582000876,9.785744025836017e-08
-0.0007758200087599998,9.785744078227674e-08
-0.00077582000876,9.785744025836017e-08
-0.00077582000876,9.785744025836017e-08
-0.00077582000876,9.785744025836017e-08
-0.00077582000876,9.785744025836017e-08
-0.00077582000876,9.785744025836017e-08
5.848602975113718e+35,-1.429300954965351e+32
-0.00077582000876,9.785744025836017e-08
-0.00077582000876,9.785744025836017e-08
-0.00077582000876,9.785744025836017e-08
-0.00077582000876,9.785744025836017e-08
-0.00077582000876,9.785744025836017e-08
-0.00077582000876,9.785744025836017e-08
-0.0007758200087599998,9.785744071982661e-08
-0.00077582000876,9.785744025836017e-08
-0.00077582000876,9.785744025836017e-08
-0.00077582000876,9.785744025836017e-08
-0.00077582000876,9.785744025836017e-08
-0.00077582000876,9.785744025836017e-08
0.00010821271685470049,3.6174023049757906
-0.00077582000876,9.785744025836017e-08
-0.00077582000876,9.785744025836017e-08
-0.00077582000876,9.785744025836017e-08
-0.00077582000876,9.785744025836017e-08
-0.00077582000876,9.785744025836017e-08
-0.00077582000876,9.785744025836017e-08
-0.0007758200087599998,9.785744082044062e-08
-0.00077582000876,9.785744025836017e-08
-0.00077582000876,9.785744025836017e-08
-0.00077582000876,9.785744025836017e-08
-0.00077582000876,9.785744025836017e-08
-0.00077582000876,9.785744025836017e-08
-71.67988963221826,3.6362281413237487
-0.00077582000876,9.785744025836017e-08
-0.00077582000876,9.785744025836017e-08
-0.00077582000876,9.785744025836017e-08
-0.00077582000876,9.785744025836017e-08
-0.00077582000876,9.785744025836017e-08
-0.00077582000876,9.785744025836017e-08
-0.0007758200087599998,9.785744097656588e-08
-0.00077582000876,9.785744025836017e-08
-0.00077582000876,9.785744025836017e-08
-0.00077582000876,9.785744025836017e-08
-0.00077582000876,9.785744025836017e-08
-0.00077582000876,9.785744025836017e-08
5.848602975113718e+35,-1.429300954965351e+32
-0.00077582000876,9.785744025836017e-08
-0.00077582000876,9.785744025836017e-08
-0.00077582000876,9.785744025836017e-08
-0.00077582000876,9.785744025836017e-08
-0.00077582000876,9.785744025836017e-08
-0.00077582000876,9.785744025836017e-08
-0.0007758200087599997,9.785744111534365e-08
-0.00077582000876,9.785744025836017e-08
-0.00077582000876,9.785744025836017e-08
-0.00077582000876,9.785744025836017e-08
-0.00077582000876,9.785744025836017e-08
-0.00077582000876,9.785744025836017e-08
0.00010916733913157012,3.6213085548591435
-0.00077582000876,9.785744025836017e-08
-0.00077582000876,9.785744025836017e-08
-0.00077582000876,9.785744025836017e-08
-0.00077582000876,9.785744025836017e-08
-0.00077582000876,9.785744025836017e-08
-0.00077582000876,9.785744025836017e-08
-0.0007758200087599997,9.785744122292672e-08
-0.00077582000876,9.785744025836017e-08
-0.00077582000876,9.785744025836017e-08
-0.00077582000876,9.785744025836017e-08
-0.00077582000876,9.785744025836017e-08
-0.00077582000876,9.785744025836017e-08
-151996488924693.53,37145405102.21723
-0.00077582000876,9.785744025836017e-08
-0.00077582000876,9.785744025836017e-08
-0.00077582000876,9.785744025836017e-08
-0.00077582000876,9.785744025836017e-08
-0.00077582000876,9.785744025836017e-08
-0.00077582000876,9.785744025836017e-08
-0.0007758200087599997,9.785744129925456e-08
-0.00077582000876,9.785744025836017e-08
-0.00077582000876,9.785744025836017e-08
-0.00077582000876,9.785744025836017e-08
-0.00077582000876,9.785744025836017e-08
-0.00077582000876,9.785744025836017e-08
0.00010979736419747537,3.623886574877985
-0.00077582000876,9.785744025836017e-08
-0.00077582000876,9.785744025836017e-08
-0.00077582000876,9.785744025836017e-08
-0.00077582000876,9.785744025836017e-08
-0.00077582000876,9.785744025836017e-08
-0.00077582000876,9.785744025836017e-08
-0.0007758200087599997,9.785744141027696e-08
-0.00077582000876,9.785744025836017e-08
-0.00077582000876,9.785744025836017e-08
-0.00077582000876,9.785744025836017e-08
-0.00077582000876,9.785744025836017e-08
-0.00077582000876,9.785744025836017e-08
0.00011015890688520014,3.6251952544093977
-0.00077582000876,9.785744025836017e-08
-0.00077582000876,9.785744025836017e-08
-0.00077582000876,9.785744025836017e-08
-0.00077582000876,9.785744025836017e-08
-0.00077582000876,9.785744025836017e-08
-0.00077582000876,9.785744025836017e-08
-0.0007758200087599997,9.785744133394903e-08
-0.00077582000876,9.785744025836017e-08
-0.00077582000876,9.785744025836017e-08
-0.00077582000876,9.785744025836017e-08
-0.00077582000876,9.785744025836017e-08
-0.00077582000876,9.785744025836017e-08
-151996488924693.53,37145405102.22114
-0.00077582000876,9.785744025836017e-08
-0.00077582000876,9.785744025836017e-08
-3.0958147983355154e-05,3.047924525426743
-0.00077582000876,9.785744025836017e-08
-0.00077582000876,9.785744025836017e-08
-0.00077582000876,9.785744025836017e-08
-0.0007758200087599997,9.785744132701003e-08
-0.00077582000876,9.785744025836017e-08
-0.00077582000876,9.785744025836017e-08
83.03620137566715,-0.020292753496674438
-0.00077582000876,9.785744025836017e-08
-0.00077582000876,9.785744025836017e-08
0.0001107519864743451,3.6277928247613382
-0.00077582000876,9.785744025836017e-08
-0.00077582000876,9.785744025836017e-08
-0.00077582000876,9.785744025836017e-08
-0.00077582000876,9.785744025836017e-08
-0.00077582000876,9.785744025836017e-08
-0.00077582000876,9.785744025836017e-08
-0.0007758200087599994,9.785744171558816e-08
-0.00077582000876,9.785744025836017e-08
-0.00077582000876,9.785744025836017e-08
85.03624709230978,-0.020781531289411525
-0.00077582000876,9.785744025836017e-08
-0.00077582000876,9.785744025836017e-08
89128.95838703366,-18.1525479020676
-0.00077582000876,9.785744025836017e-08
-0.00077582000876,9.785744025836017e-08
0.006618828180237652,30.258401065020692
-0.00077582000876,9.785744025836017e-08
-0.00077582000876,9.785744025836017e-08
-0.00077582000876,9.785744025836017e-08
-0.0007758200087599995,9.785744160456619e-08
-0.00077582000876,9.785744025836017e-08
-0.0007736861790772827,0.008731584803818778
-0.00077582000876,9.785744025836017e-08
-0.00077582000876,9.785744025836017e-08
-0.00077582000876,9.785744025836017e-08
0.00011138206980577025,3.6303710831987512
-0.00077582000876,9.785744025836017e-08
-0.00077582000876,9.785744025836017e-08
0.0007139038293243295,6.09584942983319
-0.00077582000876,9.785744025836017e-08
-0.00077582000876,9.785744025836017e-08
-0.00077582000876,9.785744025836017e-08
-0.0007758200087599993,9.78574422152495e-08
-0.00077582000876,9.785744025836017e-08
-0.00077582000876,9.785744025836017e-08
-0.00077582000876,9.785744025836017e-08
-0.00077582000876,9.785744025836017e-08
-0.00077582000876,9.785744025836017e-08
0.00011170183097856555,3.6316795243217888
-0.00077582000876,9.785744025836017e-08
-0.00077582000876,9.785744025836017e-08
-0.0007756372253007543,0.0007480354277834173
-0.00077582000876,9.785744025836017e-08
-0.00077582000876,9.785744025836017e-08
-0.00077582000876,9.785744025836017e-08
-0.0007758200087599993,9.785744246504945e-08
-0.00077582000876,9.785744025836017e-08
-0.00077582000876,9.785744025836017e-08
10.69137302299904,-0.0026128848697118748
-0.00077582000876,9.785744025836017e-08
-0.00077582000876,9.785744025836017e-08
89128.95838798828,-18.148641652184246
-0.00077582000876,9.785744025836017e-08
-0.00077582000876,9.785744025836017e-08
-0.000775818340417844,6.9246008654634225e-06
-0.00077582000876,9.785744025836017e-08
-0.00077582000876,9.785744025836017e-08
-0.00077582000876,9.785744025836017e-08
-0.0007758200087599993,9.785744222912771e-08
-0.00077582000876,9.785744025836017e-08
-0.00077582000876,9.785744025836017e-08
-0.00077582000876,9.785744025836017e-08
-0.00077582000876,9.785744025836017e-08
-0.00077582000876,9.785744025836017e-08
0.00011233669208263988,3.6342773330821045
-0.00077582000876,9.785744025836017e-08
-0.00077582000876,9.785744025836017e-08
-0.00077582000876,9.785744025836017e-08
-0.00077582000876,9.785744025836017e-08
-0.00077582000876,9.785744025836017e-08
-0.00077582000876,9.785744025836017e-08
-0.0007758200087599991,9.785744286750592e-08
-0.00077582000876,9.785744025836017e-08
-0.0007758072000036605,9.78543100120867e-08
-0.0006780328657474099,7.395989455625843e-08
-0.00077582000876,9.785744025836017e-08
-0.00077582000876,9.785744025836017e-08
6.260284928892817e-05,3.635566236113337
-0.00077582000876,9.785744025836017e-08
-0.00077582000876,9.785744025836017e-08
-0.000775819527822858,2.065819743451363e-06
-0.00077582000876,9.785744025836017e-08
-0.00077582000876,9.785744025836017e-08
-0.00077582000876,9.785744025836017e-08
-0.000775820008759999,9.785744335322869e-08
-0.00077582000876,9.785744025836017e-08
-0.00077582000876,9.785744025836017e-08
-0.000764609896633339,9.51178759493991e-08
-0.00077582000876,9.785744025836017e-08
-0.00077582000876,9.785744025836017e-08
1.9023205013863866e+17,-46489538114504.13
-0.00077582000876,9.785744025836017e-08
-0.00077582000876,9.785744025836017e-08
-0.0007757797799125717,7.835541112935146e-07
-0.00077582000876,9.785744025836017e-08
-0.00077582000876,9.785744025836017e-08
-0.00077582000876,9.785744025836017e-08
-0.0007758200087599998,9.785744025836012e-08
-0.00077582000876,9.785744025836017e-08
-0.0007758181748352649,9.785699207776281e-08
-0.00077582000876,9.785744025836017e-08
-0.00077582000876,9.785744025836017e-08
-0.00077582000876,9.785744025836017e-08
0.00011328653658688364,3.638164032642555
-0.0007758091233948272,9.785478005678676e-08
-0.0007758200085652519,9.865433617269018e-08
-0.0007758199736941973,2.413443365570234e-07
-0.00077582000876,9.785744025836017e-08
-0.00077582000876,9.785744025836017e-08
-0.00077582000876,9.785744025836017e-08
-0.0007758200087599998,9.785744025836012e-08
-0.00077582000876,9.785744025836017e-08
-0.0007758192731381449,1.0014274191262494e-07
-0.0007731068831453547,9.719439763972898e-08
-0.00077582000876,9.785744025836017e-08
-0.00077582000876,9.785744025836017e-08
6.355747156579791e-05,3.6394724859966905
-0.0007758185535020183,9.785708461759744e-08
-0.000775820008518088,9.884732751205421e-08
-0.0007758200034948232,1.19402187822702e-07
-0.00077582000876,9.785744025836017e-08
-0.00077582000876,9.785744025836017e-08
-0.00077582000876,9.785744025836017e-08
-0.0007758200087599998,9.785744025836012e-08
-0.00077582000876,9.785744025836017e-08
-0.0007758200080244009,9.785744007859204e-08
-0.0007757263760345585,9.783455798297596e-08
-0.00077582000876,9.785744025836017e-08
-0.00077582000876,9.785744025836017e-08
1.9023205013863866e+17,-46489538114504.13
-0.00077582000876,9.785744025836017e-08
-0.00077582000876,9.785744025836017e-08
-0.0007758134585917879,9.785583950657029e-08
-0.00077582000876,9.785744025836017e-08
-0.00077582000876,9.785744025836017e-08
-0.00077582000876,9.785744025836017e-08
-0.0007758200087599997,9.78574402583601e-08
-0.00077582000876,9.785744025836017e-08
-0.0007758200086596001,9.785749020649606e-08
-0.0007754566535866873,9.776864231833632e-08
-0.00077582000876,9.785744025836017e-08
-0.00077582000876,9.785744025836017e-08
0.0001142363811184122,3.6420507322030056
-0.00077582000876,9.785744025836017e-08
-0.0007758200087486061,9.790406303552244e-08
-0.0007758200086787041,9.78574402384928e-08
-0.00077582000876,9.785744025836017e-08
-0.00077582000876,9.785744025836017e-08
-0.00077582000876,9.785744025836017e-08
-0.0007758200087599982,9.785744619829324e-08
-0.00077582000876,9.785744025836017e-08
-0.0007758200087162469,9.78574824488019e-08
-0.00077582000876,9.785744025836017e-08
-0.00077582000876,9.785744025836017e-08
-0.00077582000876,9.785744025836017e-08
-107374180.79352053,26244.101088992276
-0.00077582000876,9.785744025836017e-08
-0.0007758200087591281,9.786100788209755e-08
-0.0007758200086884741,9.78574402408851e-08
-0.00077582000876,9.785744025836017e-08
-0.00077582000876,9.785744025836017e-08
-0.00077582000876,9.785744025836017e-08
-0.0007758200087599985,9.78574450880749e-08
-0.00077582000876,9.785744025836017e-08
-0.0007758200087439995,9.785747024315089e-08
-0.00077582000876,9.785744025836666e-08
-0.00077582000876,9.785744025836017e-08
-0.00077582000876,9.785744025836017e-08
4.0564817089278606e+29,-9.913364276974772e+25
-0.00077582000876,9.785744025836017e-08
-0.0007758200087596856,9.785872669238866e-08
-0.00077582000876,9.785744025838262e-08
-0.00077582000876,9.785744025836017e-08
-0.00077582000876,9.785744025836017e-08
-0.00077582000876,9.785744025836017e-08
-0.0007758200087599984,9.785744539338578e-08
-0.00077582000876,9.785744025836017e-08
-0.0007758200087575283,9.785744320063963e-08
-0.00077582000876,9.785744025836491e-08
-0.00077582000876,9.785744025836017e-08
-0.00077582000876,9.785744025836017e-08
0.00011519100339528194,3.645956982086359
-0.00077582000876,9.785744025836017e-08
-0.00077582000876,9.785744025836017e-08
-0.00077582000876,9.785744025837018e-08
-0.0007758200087599999,9.78574402583843e-08
-0.00077582000876,9.785744025836017e-08
-0.00077582000876,9.785744025836017e-08
-0.0007758200087599987,9.785744419989734e-08
-0.00077582000876,9.785744025836017e-08
-0.0007758200087577788,9.785744025800459e-08
-0.00077582000876,9.785744025836265e-08
-0.00077582000876,9.785744025836017e-08
-0.00077582000876,9.785744025836017e-08
-107374180.79351957,26244.10499524216
-0.0007758195940136084,9.785733890126414e-08
-0.0007756847867788611,0.0005534170715929582
-0.00077582000876,9.785744025837065e-08
-0.00077582000876,9.785744025838221e-08
-0.00077582000876,9.785744025836017e-08
-0.00077582000876,9.785744025836017e-08
-0.0007758200087599994,9.785744109105803e-08
-0.00077582000876,9.785744025836017e-08
-0.0007758200087599998,9.785744025840333e-08
-0.00077582000876,9.785744025836302e-08
-0.00077582000876,9.785744025836017e-08
-0.00077582000876,9.785744025836017e-08
0.00011582580620652836,3.6485545524281027
-0.0007758198532279868,9.785740224893195e-08
-0.0007758200067678003,1.0600938668818158e-07
-0.00077582000876,9.785744025836307e-08
-0.00077582000876,9.78574402583623e-08
-0.00077582000876,9.785744025836017e-08
-0.00077582000876,9.785744025836017e-08
-0.0007758200087599994,9.785744061225902e-08
-0.0004610882852162291,2.0942259841235698e-08
-0.0007758200087599997,9.785744025836314e-08
-0.00077582000876,9.785744025836069e-08
-0.00077582000876,9.785744025836017e-08
-0.00077582000876,9.785744025836017e-08
0.00011614562567215157,3.649863231969712
-0.0007758199350867402,9.785742225384509e-08
-0.0007758200087599999,9.785744057590037e-08
-0.00077582000876,9.785744025853133e-08
-0.00077582000876,9.78574402583622e-08
-0.00077582000876,9.785744025836017e-08
-0.00077582000876,9.785744025836017e-08
-0.0007758200087599994,9.785744067123963e-08
-0.00077582000876,9.785744025836017e-08
-0.0007758200087599998,9.785744025836304e-08
-0.00077582000876,9.78574402583608e-08
-0.00077582000876,9.785744025836017e-08
-0.00077582000876,9.785744025836017e-08
-2.30215350721047e+20,5.626078946261142e+16
-0.0007758199963107625,9.785743721597431e-08
-0.00014621791102830274,-5.600680447926557e-08
-0.00077582000876,9.785744025836116e-08
-0.00077582000876,9.785744025836132e-08
-0.00077582000876,9.785744025836017e-08
-0.00077582000876,9.785744025836017e-08
-0.0007758200087599995,9.785744052899232e-08
-0.00077582000876,9.785744025836017e-08
-0.0007758200087599984,9.785744025835977e-08
-0.00077582000876,9.785744025836229e-08
-0.00077582000876,9.785744025836017e-08
-0.00077582000876,9.785744025836017e-08
0.00011678042848339799,3.652460802311456
-0.0007758199997782109,9.785743806336085e-08
-0.00077582000876,9.785744025836017e-08
-0.00077582000876,9.78574402583616e-08
-0.00077582000876,9.785744025836142e-08
-0.00077582000876,9.785744025836017e-08
-0.00077582000876,9.785744025836017e-08
-0.0007758200087599995,9.785744050470615e-08
-0.00077582000876,9.785744025836017e-08
-0.0007758200087599998,9.785744025836013e-08
-0.00077582000876,9.785744025836057e-08
-0.00077582000876,9.785744025836017e-08
-0.00077582000876,9.785744025836017e-08
0.00011710024794902131,3.653769481853065
-0.0007758200075875383,9.785743997183011e-08
-0.0007758196503256062,9.78921521328778e-08
-0.00077582000876,9.785744025836106e-08
-0.00077582000876,9.785744025836115e-08
-0.00077582000876,9.785744025836017e-08
-0.00077582000876,9.785744025836017e-08
-0.0007758200087599995,9.78574404543914e-08
-0.00077582000876,9.785744025836017e-08
-0.0007758200087599998,9.785744025836316e-08
-0.00077582000876,9.785744025837277e-08
-0.00077582000876,9.785744025836017e-08
-0.00077582000876,9.785744025836017e-08
-4.93268180641331e+32,1.2054651078977836e+29
-0.000775820007502278,9.785743995099391e-08
-0.0007758200087599997,9.785744155627888e-08
-0.00077582000876,9.785744025836206e-08
-0.00077582000876,9.785744025836172e-08
-0.00077582000876,9.785744025836017e-08
-0.00077582000876,9.785744025836017e-08
-0.0007758200087599998,9.785744045439078e-08
-0.00077582000876,9.785744025836017e-08
-0.00077582000876,9.785744025837383e-08
-0.00077582000876,9.785744025836721e-08
-0.00077582000876,9.785744025836017e-08
-0.00077582000876,9.785744025836017e-08
0.00011773027298764174,3.6563475018719065
-0.0007758200024501552,9.78574387163394e-08
-0.0007758200087599049,9.785782936861491e-08
-0.0007758200087559737,9.785744025908429e-08
-0.00077582000876,9.78574402583612e-08
-0.00077582000876,9.785744025836017e-08
-0.00077582000876,9.785744025836017e-08
-0.0007758200087599999,9.785744045525812e-08
-0.00077582000876,9.785744025836017e-08
-0.00077582000876,9.785744025836017e-08
-0.00077582000876,9.785744025836222e-08
-0.00077582000876,9.785744025836017e-08
-0.00077582000876,9.785744025836017e-08
0.058868048189045376,3.6576418238945076
-0.0007758199871585803,9.785743497933374e-08
-0.0007758199903374207,9.785747284865083e-08
-0.0007758200087599998,9.785744104616193e-08
-0.00077582000876,9.785744025836144e-08
-0.00077582000876,9.785744025836017e-08
-0.00077582000876,9.785744025836017e-08
-0.0007758200087599999,9.785744046219746e-08
-0.00077582000876,9.785744025836017e-08
-0.00077582000876,9.785744025837796e-08
-0.00077582000876,9.785744025836228e-08
-0.00077582000876,9.785744025836017e-08
-0.00077582000876,9.785744025836017e-08
-4.93268180641331e+32,1.2054651078977836e+29
-0.0007758199903417961,9.785743575725854e-08
-0.0007758200083868821,9.785744016717639e-08
-0.00077582000876,9.785744025854827e-08
-0.00077582000876,9.785744025838517e-08
-0.00077582000876,9.785744025836017e-08
-0.00077582000876,9.785744025836017e-08
-0.0007758200087599999,9.785744041449275e-08
-0.000562157037809797,4.5642326982692815e-08
-0.00077582000876,9.785744025836238e-08
-0.0007758200087599102,9.785744025834334e-08
-0.00077582000876,9.785744025836017e-08
-0.00077582000876,9.785744025836017e-08
0.00011868489526451148,3.66025375175526
-0.00077582000876,9.785744025836017e-08
-0.0007758200087593538,9.786008418567595e-08
-0.0007758200087599998,9.785744025836659e-08
-0.00077582000876,9.785744025840742e-08
-0.00077582000876,9.785744025836017e-08
-0.00077582000876,9.785744025836017e-08
-0.00077582000876,9.785744031083733e-08
-0.0007758200071112445,9.785743985543187e-08
-0.00077582000876,9.785744025836512e-08
-0.0007758200087599999,9.785744060024579e-08
-0.00077582000876,9.785744025836017e-08
-0.00077582000876,9.785744025836017e-08
126443835712.18478,-30900759.461191315
-0.0007758200087589233,9.786184591072075e-08
-0.00077582000876,9.785744025836017e-08
-0.0007758200087599998,9.785744025863805e-08
-0.00077582000876,9.785744025836017e-08
-0.00077582000876,9.785744025836017e-08
-0.00077582000876,9.785744025836017e-08
-0.0007758200087599999,9.785744055327773e-08
-0.0007758200025596575,9.787062892334497e-08
-0.0007758200087334568,9.785745235649893e-08
-0.0007758200087599384,9.785744025839405e-08
-0.00077582000876,9.785744025836017e-08
-0.00077582000876,9.785744025836017e-08
0.00011931497859593652,3.6628320101926732
-0.0007758200052771857,9.78616173986295e-08
-0.0007758200087592427,9.786053893301326e-08
-0.00077582000876,9.785744025836245e-08
-0.00077582000876,9.785744025836017e-08
-0.00077582000876,9.785744025836017e-08
-0.00077582000876,9.785744025836017e-08
-0.0007758200087599999,9.785744080306332e-08
-0.0007758200058169605,9.786070866313193e-08
-0.0007758200087599999,9.78574402583772e-08
-0.0007758200086511641,9.785744162012068e-08
-0.00077582000876,9.785744025836017e-08
-0.00077582000876,9.785744025836017e-08
0.00011963470600831385,3.6641404513157187
-0.00077582000876,9.785744025836017e-08
-0.0007758198104475655,9.785741034037563e-08
-0.00077582000876,9.785744025836017e-08
-0.00077582000876,9.785744025836017e-08
-0.00077582000876,9.785744025836017e-08
-0.00077582000876,9.785744025836017e-08
-0.0007758200087599998,9.785744090023488e-08
-0.0007757722687271746,9.784619446624434e-08
-0.00077582000876,9.785744025844828e-08
-0.000775820008746895,9.78574408452519e-08
-0.00077582000876,9.785744025836017e-08
-0.00077582000876,9.785744025836017e-08
126443835712.18478,-30900759.457285065
-0.0007758131399782175,9.785576164273128e-08
-0.00077582000876,9.785744025836017e-08
-0.0007758200087599853,9.785750024100331e-08
-0.00077582000876,9.785744025836017e-08
-0.00077582000876,9.785744025836017e-08
-0.00077582000876,9.785744025836017e-08
-0.00077582000876,9.785744032211465e-08
-0.00077582000876,9.785744025836017e-08
-0.00077582000876,9.785744025839744e-08
-0.0007758200087586319,9.78574423269706e-08
-0.00077582000876,9.785744025836017e-08
-0.00077582000876,9.785744025836017e-08
0.00012026960087280626,3.666738260076026
-0.0007758191136796836,9.785722151566956e-08
-0.0007756383573781589,9.781304769239e-08
-0.00077582000876,9.785744025836017e-08
-0.00077582000876,9.785744025836017e-08
-0.00077582000876,9.785744025836017e-08
-0.00077582000876,9.785744025836017e-08
-0.00077582000876,9.785744031951299e-08
-0.00077582000876,9.785744025836017e-08
-0.00077582000876,9.785744026980161e-08
-0.0007758200087580974,9.785744113942219e-08
-0.00077582000876,9.785744025836017e-08
-0.00077582000876,9.785744025836017e-08
-71.67987758011202,3.685544546101082
-0.0007758184226012875,9.785705262764354e-08
-0.00077582000876,9.785744025838145e-08
-0.00077582000876,9.785744025836017e-08
-0.00077582000876,9.785744025836017e-08
-0.00077582000876,9.785744025836017e-08
-0.00077582000876,9.785744025836017e-08
-0.00077582000876,9.785744030259759e-08
-0.0007758186114714236,9.78570987843526e-08
-0.00077582000876,9.785744025841016e-08
-0.00077582000876,9.785744025840698e-08
-0.00077582000876,9.785744025836017e-08
-0.00077582000876,9.785744025836017e-08
5.848602975113718e+35,-1.429300954965351e+32
-0.0007758189243672346,9.785717525086663e-08
-0.00077582000378487,9.78574390425708e-08
-0.0007758200087599644,9.785758591961665e-08
-0.00077582000876,9.785744040243316e-08
-0.00077582000876,9.785744025836017e-08
-0.00077582000876,9.785744025836017e-08
-0.00077582000876,9.785744028308097e-08
-0.0007758200087133144,9.804847434397918e-08
-0.00077582000876,9.78574402583602e-08
-0.0007758200086640421,9.785744445605316e-08
-0.00077582000876,9.785744025836017e-08
-0.00077582000876,9.785744025836017e-08
0.00012121944537705001,3.6706249596364766
-0.00077582000876,9.785744025836017e-08
-0.00077582000876,9.785744025844575e-08
-0.00077582000876,9.785744025836017e-08
-0.00077582000876,9.785744025836017e-08
-0.00077582000876,9.785744025836017e-08
4.114113469024865e+18,1.683467445488242e+22
-0.00077582000876,9.785744026494768e-08
-0.0007758199543963176,9.79058676284956e-08
-0.00077582000876,9.785744025836021e-08
-0.0007758200087599991,9.785744025835997e-08
-0.00077582000876,9.785744025836017e-08
-0.00077582000876,9.785744025836017e-08
-71.67987662548974,3.689450795984435
-0.0007758200087199834,9.802118553469357e-08
-0.00077582000876,9.785744025840741e-08
-0.00077582000876,9.785744025836017e-08
-0.00077582000876,9.785744025836017e-08
-0.00077582000876,9.785744025836017e-08
-0.00077582000876,9.785744025836017e-08
-0.00077582000876,9.785744026369987e-08
-0.000775819999605822,9.785743802123185e-08
-0.0007758200087599999,9.785744025836016e-08
-0.0007758200087599969,9.785744708852924e-08
-0.00077582000876,9.785744025836017e-08
-0.00077582000876,9.785744025836017e-08
5.848602975113718e+35,-1.429300954965351e+32
-0.0007758199423496594,9.785742402878132e-08
-0.00077582000876,9.785744025842711e-08
-0.0007758200087599902,9.785748000434326e-08
-0.00077582000876,9.785744025836017e-08
-0.00077582000876,9.785744025836017e-08
-0.00077582000876,9.785744025836017e-08
-0.00077582000876,9.785744026399802e-08
-0.00077582000876,9.785744025836017e-08
-0.00077582000876,9.785744025836017e-08
-0.00077582000876,9.785744026332038e-08
-0.00077582000876,9.785744025836017e-08
-0.00077582000876,9.785744025836017e-08
0.00012221101313068003,3.6745116591867313
-0.0007758170396195996,9.785671465000076e-08
-0.0007758200087541085,9.788154756059972e-08
-0.0007758200087599858,9.785749846453811e-08
-0.00077582000876,9.785744025836017e-08
-0.00077582000876,9.785744025836017e-08
-0.00077582000876,9.785744025836017e-08
-0.00077582000876,9.785744026337559e-08
4.781785339361366,-0.0011686802698073013
-0.00077582000876,9.785744025836028e-08
-0.0007758200087599998,9.785744026008864e-08
-0.00077582000876,9.785744025836017e-08
-0.00077582000876,9.785744025836017e-08
-151996488924693.53,37145405102.270454
-0.0007758188006760699,9.785714502281036e-08
-0.00077582000876,9.785744025836017e-08
-0.0007758200087599102,9.78574402586941e-08
-0.00077582000876,9.785744025836017e-08
-0.00077582000876,9.785744025836017e-08
1.682574043938841e+22,-4.111930144745272e+18
-0.00077582000876,9.785744026497478e-08
10.189349341090857,-0.00249019866054025
-0.00077582000876,9.785744029935553e-08
-0.0007758200087599999,9.785744025836015e-08
-0.00077582000876,9.785744025836017e-08
-0.00077582000876,9.785744025836017e-08
0.000122804092719825,3.6771092295386714
-0.0007758199250692884,9.785741980574704e-08
-0.00077582000876,9.785744025836017e-08
-0.0007758200087599614,9.785744025899811e-08
-0.00077582000876,9.785744025836017e-08
-0.00077582000876,9.785744025836093e-08
-0.00077582000876,9.785744025836017e-08
-0.00077582000876,9.785744027077626e-08
21.129474479794276,-0.005163782655679739
-0.0007757657466699115,9.784417960286743e-08
-0.00077582000876,9.785744025836017e-08
-0.00077582000876,9.785744025836017e-08
-0.00077582000876,9.785744025836017e-08
0.00012316563540754977,3.678417909070084
-0.0007758197303857125,9.785737222833032e-08
-0.00077582000876,9.785744025836073e-08
-0.0007758200087599994,9.785744025838143e-08
-0.00077582000876,9.785744025836017e-08
-0.00077582000876,9.785744025836017e-08
-0.00077582000876,9.785744025836017e-08
-0.00077582000876,9.785744035160462e-08
47.50972080812676,-0.011610674576664285
-0.0007757058966374368,9.782955320891861e-08
-0.0007758200087599538,9.785744025834888e-08
-0.00077582000876,9.785744025836017e-08
-0.00077582000876,9.785744025836017e-08
-151996488924693.53,37145405102.27436
-0.0007758196322292047,9.785734824051804e-08
-0.00077582000876,9.785744025836017e-08
-0.00077582000876,9.785744025842881e-08
-0.00077582000876,9.785744025836017e-08
-0.00077582000876,9.785744025836017e-08
-0.00077582000876,9.785744025836017e-08
-0.00077582000876,9.785744036678347e-08
-0.0007758200087599998,9.785744025836312e-08
-0.0007755908529791641,9.78014384101244e-08
-0.0007758200087599999,9.785744025836015e-08
-0.00077582000876,9.785744025836017e-08
-0.00077582000876,9.785744025836017e-08
0.00012375871499669463,3.6810154794220242
-0.0007758200085787349,9.785761699690424e-08
-0.0007758200087599972,9.785744026413422e-08
-0.0007758200087599999,9.785744025836016e-08
-0.00077582000876,9.785744025836017e-08
-0.00077582000876,9.785744025836017e-08
-0.00077582000876,9.785744025836017e-08
-0.0007758200087599998,9.78574409072732e-08
-0.00077582000876,9.785744025896679e-08
-0.0007758200087599757,9.78574402584254e-08
-0.0007758199871595015,9.785743497955884e-08
-0.00077582000876,9.785744025836017e-08
-0.00077582000876,9.785744025836017e-08
89128.9584000404,-18.099325247406913
-0.0007758188879881138,9.785716636071318e-08
-0.0007758030066345783,9.78532852226696e-08
-0.00077582000876,9.785744025836017e-08
-0.00077582000876,9.785744025836017e-08
-0.00077582000876,9.785744025836017e-08
-0.00077582000876,9.785744025836017e-08
-0.0007758200087599999,9.785744067822616e-08
-0.00077582000876,9.785744025836822e-08
-0.0007758200087599999,9.785744026931375e-08
-0.0007758200087591324,9.785744025814815e-08
-0.00077582000876,9.785744025836017e-08
-0.0002526560620443797,2.1407516341966755
0.00012438879832811977,3.6835937378594377
-0.00077582000876,9.785744025864823e-08
-0.00077582000876,9.785744025845591e-08
-0.00077582000876,9.785744025836017e-08
-0.00077582000876,9.785744025836017e-08
-0.00077582000876,9.785744025836017e-08
-0.0007752262499402935,0.0024297188461980582
-0.0007758200087599998,9.785744053244644e-08
-0.00077582000876,9.785744025855757e-08
-0.0007758200087599921,9.785744025836044e-08
-0.00077582000876,9.785744025836017e-08
-0.00077582000876,9.785744025836017e-08
-0.00077582000876,9.785744025836017e-08
0.00012470855950091507,3.684902178982475
-0.0007758200087599997,9.78574402586329e-08
-0.00077582000876,9.785744025836277e-08
-0.00077582000876,9.785744025836017e-08
-0.00077582000876,9.785744025836017e-08
-0.00077582000876,9.785744025836017e-08
-0.00077582000876,9.785744025836017e-08
-0.00077582000876,9.785744038762846e-08
-0.0007758200087599998,9.785744026001383e-08
-0.00077582000876,9.785744025836017e-08
-0.00077582000876,9.785744025836017e-08
-0.00077582000876,9.785744025836017e-08
-0.00077582000876,9.785744025836017e-08
1.9023205013863866e+17,-46489538114504.086
-0.0007758200087599998,9.785744025838725e-08
-0.00077582000876,9.785744025836017e-08
-0.0007758200087599542,9.785744025834899e-08
-0.00077582000876,9.785744025836017e-08
-0.00077582000876,9.785744025836066e-08
-0.00077582000876,9.785744025836017e-08
-0.00077582000876,9.785744025836017e-08
-0.0007758200087599989,9.785744025837065e-08
-0.00077582000876,9.785744025836127e-08
-0.00077582000876,9.785744025836017e-08
-0.00077582000876,9.785744025836017e-08
-0.00077582000876,9.785744025836017e-08
0.00012533864283236352,3.687480437419888
-0.0007758200087599999,9.785744025842665e-08
-0.00077582000876,9.785744025845251e-08
-0.00077582000876,9.785744025836017e-08
-0.00077582000876,9.785744025836017e-08
-0.00077582000876,9.785744025836017e-08
-0.00077582000876,9.785744025836017e-08
-0.00077582000876,9.785744025848895e-08
-0.00077582000876,9.785744025841905e-08
-0.0007758200087599999,9.785744029675345e-08
-0.00077582000876,9.785744025836017e-08
-0.00077582000876,9.785744025836017e-08
-0.00077582000876,9.785744025836017e-08
7.56095778112777e-05,3.6887888907740236
-0.0007758200087599999,9.785744025836015e-08
-0.0007758200087599992,9.785744025840382e-08
-0.0007758200087599988,9.785744025835988e-08
-0.00077582000876,9.785744025836017e-08
-0.00077582000876,9.785744025836017e-08
-0.00077582000876,9.785744025836017e-08
-0.00077582000876,9.785744025836017e-08
-0.00077582000876,9.785744025924817e-08
-0.00077582000876,9.785744025838347e-08
-0.00077582000876,9.785744025836017e-08
1.0921634094202439e+22,-2.669065092475723e+18
-0.00077582000876,9.785744025836017e-08
1.9023205013863866e+17,-46489538114504.086
-0.0007758200087599999,9.785744025837932e-08
-0.0007758200087599982,9.785744025835995e-08
-0.00077582000876,9.785744025836017e-08
-0.00077582000876,9.785744025836017e-08
-0.00077582000876,9.785744025836017e-08
-0.00077582000876,9.785744025836017e-08
-0.00077582000876,9.785744025836017e-08
-0.00077582000876,9.785744025917686e-08
-0.000775820008759999,9.785744026016321e-08
-0.00077582000876,9.785744025836017e-08
-0.00077582000876,9.785744025836017e-08
-0.00077582000876,9.785744025836017e-08
0.00012629326510923326,3.6913866873032415
-0.0007758194156318044,9.785729530776313e-08
-0.00077582000876,9.785744025836032e-08
-0.0007758200087599993,9.785744025836001e-08
-0.00077582000876,9.785744025836017e-08
-0.00077582000876,9.785744025836017e-08
-0.0007756225162120312,9.780917637575242e-08
-0.00077582000876,9.785744025836017e-08
-0.0007758200087598057,9.78574402583138e-08
-0.00077582000876,9.785744025836017e-08
-0.00077582000876,9.785744025836017e-08
-0.00077582000876,9.785744025836017e-08
-0.0007736123241169048,0.009033794313644167
7.656420008814743e-05,3.6926951406573765
-0.0007758200087597674,9.785744025843298e-08
-0.00077582000876,9.785744025836037e-08
-0.00077582000876,9.785744025836017e-08
-0.00077582000876,9.785744025836017e-08
-0.00077582000876,9.785744025836017e-08
9120183665556.998,3.6374476319161976e+16
-0.00077582000876,9.785744025836017e-08
-0.00077582000876,9.785744025896002e-08
-0.00077582000876,9.785744025836017e-08
-0.00077582000876,9.785744025836017e-08
-0.00077582000876,9.785744025836017e-08
-0.0007758199778184981,9.785743269677352e-08
4.0564817089278606e+29,-9.913364276974772e+25
-0.0007758199928395306,9.785743636766318e-08
-0.00077582000876,9.785744025836017e-08
-0.00077582000876,9.785744025836017e-08
-0.00077582000876,9.785744025836017e-08
-0.00077582000876,9.785744025836066e-08
-0.00077582000876,9.78574402601359e-08
-0.00077582000876,9.785744025836017e-08
-0.0007758200087599999,9.785744025869904e-08
-0.00077582000876,9.785744025836017e-08
-0.00077582000876,9.785744025836017e-08
-0.00077582000876,9.785744025836017e-08
-0.00077582000876,9.785744025836017e-08
0.00012724310964076183,3.695273386863692
-0.0007758200049788389,9.785743933430752e-08
-0.000775818691467431,9.785711833404173e-08
-0.00077582000876,9.785744025836017e-08
-0.00077582000876,9.785744025836017e-08
-0.00077582000876,9.785744025836017e-08
-0.00077582000876,9.785744025836017e-08
-0.00077582000876,9.785744025836017e-08
-0.00077582000876,9.785744025844108e-08
-0.00077582000876,9.785744025836017e-08
-0.00077582000876,9.785744025836017e-08
-0.00077582000876,9.785744025836017e-08
-0.00077582000876,9.785744025836017e-08
-107374180.79350752,26244.154311646937
-0.0007758200087599748,9.785744028177711e-08
-0.0007758200087599999,9.785744027159015e-08
-0.00077582000876,9.785744025836017e-08
-0.00077582000876,9.785744025836017e-08
-0.00077582000876,9.785744025836017e-08
-0.00077582000876,9.785744025836017e-08
-0.00077582000876,9.785744025836017e-08
-0.0007758188082270295,9.785714686815889e-08
-0.00077582000876,9.785744025836017e-08
-0.00077582000876,9.785744025836017e-08
2256.250621648463,-0.5513900872458478
-0.0007730155702560194,0.011475670808626008
4.0564817089278606e+29,-9.913364276974772e+25
-0.0007758200005169242,9.924743640200527e-08
-0.00077582000876,9.785744027077701e-08
-0.00077582000876,9.785744025836017e-08
-0.00077582000876,9.785744025836017e-08
-0.00077582000876,9.785744025836017e-08
-0.00077582000876,9.785744025836017e-08
-0.00077582000876,9.785744025836017e-08
-0.0007758190189240386,9.785719835898591e-08
-0.00077582000876,9.785744025836017e-08
-0.00077582000876,9.785744025836017e-08
0.13693491108081277,-3.3556346870212195e-05
-0.0007758199782874597,9.785743281137992e-08
0.00012819773191763146,3.6991796367470453
-0.0007758200027335223,9.785743878558959e-08
-0.00077582000876,9.785744025843218e-08
-0.00077582000876,9.785744025836017e-08
-0.00077582000876,9.785744025836017e-08
-0.00077582000876,9.785744025836017e-08
-0.00077582000876,9.785744025836017e-08
-0.00077582000876,9.785744025836017e-08
-0.00077582000876,9.785744025836017e-08
-0.00077582000876,9.785744025836017e-08
-0.00077582000876,9.785744025836017e-08
-0.0007421992248025848,8.96410817841242e-08
-0.00077582000876,9.785744025836017e-08
-2.30215350721047e+20,5.626078946261142e+16
-0.00077582000876,9.785744025836017e-08
-0.00077582000876,9.785744025836017e-08
-0.00077582000876,9.785744025836017e-08
-0.00077582000876,9.785744025836017e-08
-0.00077582000876,9.785744025836017e-08
-0.00077582000876,9.785744028677762e-08
-0.00077582000876,9.785744025836017e-08
-0.00077582000876,9.785744025836017e-08
-0.0007758200087599999,9.785744025836016e-08
-0.00077582000876,9.785744025836017e-08
-0.0007758198859638415,9.785741024902849e-08
-0.00077582000876,9.785744025836017e-08
0.00012883253472887788,3.701777207088789
-0.00077582000876,9.785744025836017e-08
-0.00077582000876,9.785744026005458e-08
-0.00077582000876,9.785744025836017e-08
-0.00077582000876,9.785744025836017e-08
-0.00077582000876,9.785744025836017e-08
-0.00077582000876,9.785744025836017e-08
-0.00077582000876,9.785744025836017e-08
-0.00077582000876,9.785744025836017e-08
-0.00077582000876,9.785744025836017e-08
-0.00077582000876,9.785744025836017e-08
-0.0007758194448584802,9.785730245024016e-08
-0.00077582000876,9.785744025836017e-08
0.058879145673013986,3.703051978788488
-0.000775820007743655,9.785744000998242e-08
-0.00077582000876,9.785744026058346e-08
-0.00077582000876,9.785744025836017e-08
-0.00077582000876,9.785744025836017e-08
-0.00077582000876,9.785744025836017e-08
-0.0007758200087599999,9.785744070954279e-08
-0.00077582000876,9.785744025836017e-08
-0.00077582000876,9.785744025836017e-08
-0.00077582000876,9.785744025836017e-08
-0.00077582000876,9.785744025836017e-08
-0.0007758200087580016,9.785744025787179e-08
2.4531044673254866e+18,1.0037937801708387e+22
-2.30215350721047e+20,5.626078946261142e+16
-0.000775820007786287,9.785744002040098e-08
-0.00077582000876,9.785744025836017e-08
-0.00077582000876,9.785744025836017e-08
-0.00077582000876,9.785744025836017e-08
-0.00077582000876,9.785744025836017e-08
-0.00077582000876,9.785744025836017e-08
-0.00077582000876,9.785744025836017e-08
-0.00077582000876,9.785744025836017e-08
-0.00077582000876,9.785744025836017e-08
-0.00077582000876,9.785744025836017e-08
-0.00077582000876,9.785744025836016e-08
-0.00077582000876,9.785744025836017e-08
0.00012978237923312163,3.7056639066492396
-0.000775820008759999,9.785744025835993e-08
-0.00077582000876,9.785744025836642e-08
-0.00077582000876,9.785744025836017e-08
-0.00077582000876,9.785744025836017e-08
-0.00077582000876,9.785744025836017e-08
-0.00077582000876,9.785744025836017e-08
-0.00077582000876,9.785744025836017e-08
-0.0007758200087599993,9.785744025836003e-08
-0.00077582000876,9.785744025836017e-08
-0.00077582000876,9.785744025836017e-08
-0.0007758200087599999,9.785744025836015e-08
-0.00077582000876,9.78574402583602e-08
126443835712.18478,-30900759.415781163
-0.0007758200087599993,9.785744025904455e-08
-0.00077582000876,9.785744025836017e-08
-0.00077582000876,9.785744025836017e-08
-0.00077582000876,9.785744025836017e-08
-0.00077582000876,9.785744025836017e-08
-0.00077582000876,9.785744025836019e-08
-0.00077582000876,9.785744025836017e-08
-0.00077582000876,9.785744025836017e-08
-0.00077582000876,9.785744025836017e-08
-0.00077582000876,9.785744025836017e-08
-0.00077582000876,9.785744025836017e-08
-0.00077582000876,9.785744025836017e-08
-4.93268180641331e+32,1.2054651078977836e+29
-0.0007758199848814627,9.785743442321017e-08
-0.00077582000876,9.785744025836017e-08
-0.00077582000876,9.785744025836017e-08
-0.00077582000876,9.785744025836017e-08
568.6117201869947,2326723.9305203967
0.22605165104683989,928.1626921079962
-0.00077582000876,9.785744025836017e-08
-0.00077582000876,9.785744025836017e-08
-0.00077582000876,9.785744025836017e-08
-0.00077582000876,9.785744025836017e-08
-0.00077582000876,9.785744025836017e-08
-0.00077582000876,9.785744025836017e-08
0.000130732189976924,3.7095506062096986
-0.0007758200087599998,9.78574402583601e-08
-0.00077582000876,9.785744025836017e-08
-0.00077582000876,9.785744025836017e-08
-0.00077582000876,9.785744025836017e-08
-0.00077582000876,9.785744025836017e-08
2.5343259232262675e+24,1.037029051369261e+28
-0.00077582000876,9.785744025836017e-08
-0.0007758200087599998,9.785744025836013e-08
-0.00077582000876,9.785744025836017e-08
-0.00077582000876,9.785744025836017e-08
-0.00077582000876,9.785744025836017e-08
9.968396985514615e+21,1.7427841544855906e+22
126443835712.18478,-30900759.411874913
-0.0007758199809319003,2.0916900119182214e-07
-0.000775715212975082,9.783182991755493e-08
-0.00077582000876,9.785744025836017e-08
-0.00077582000876,9.785744025836017e-08
-0.00077582000876,9.785744025836017e-08
-0.00077582000876,9.785744025836017e-08
-0.00077582000876,9.785744025836017e-08
-0.0007757165864018938,2.0448930875388521e-07
-0.00077582000876,9.785744025836017e-08
-0.00077582000876,9.785744025836017e-08
-0.00077582000876,9.785744025836017e-08
-0.00077582000876,9.785744025836017e-08
-4.93268180641331e+32,1.2054651078977836e+29
-0.0007758200087599999,9.785744025836015e-08
-0.00077582000876,9.785744025836692e-08
-0.00077582000876,9.785744025836017e-08
-0.00077582000876,9.785744025836017e-08
-0.00077582000876,9.785744025836017e-08
-0.00077582000876,9.78574402583619e-08
-0.00077582000876,9.785744025836017e-08
-0.00077582000876,9.785744025836017e-08
-0.00077582000876,9.785744025836017e-08
-0.00077582000876,9.785744025836017e-08
-0.00077582000876,9.785744025836017e-08
1.0507092900362924e+22,1.7414352219671395e+22
-71.67986648262806,3.730954700995062
-0.0007758200083051183,9.785744014727601e-08
-0.00077582000876,9.785744025836462e-08
-0.00077582000876,9.785744025836017e-08
-0.00077582000876,9.785744025836017e-08
-0.00077582000876,9.785744025836017e-08
-0.0007758200068955043,1.0548683048326907e-07
-0.00077582000876,9.785744025836017e-08
-0.00077582000876,9.785744025836016e-08
-0.00077582000876,9.785744025836017e-08
-0.00077582000876,9.785744025836017e-08
-0.00077582000876,9.785744025836017e-08
-0.00077582000876,9.785744025836017e-08
2.7200829408492907e+23,-6.64742873038883e+19
-0.0007758199954564876,9.785743700720377e-08
-0.00077582000876,9.785744025836017e-08
-0.00077582000876,9.785744025836017e-08
-0.00077582000876,9.785744025836017e-08
-0.00077582000876,9.785744025836017e-08
-0.0007758200068956711,1.054861483622631e-07
-0.00077582000876,9.785744025836017e-08
-0.00077582000876,9.785744025836017e-08
-0.00077582000876,9.785744025836017e-08
-0.00077582000876,9.785744025836017e-08
-0.00077582000876,9.785744025836017e-08
-0.00077582000876,9.785744025837251e-08
0.00013232170711828615,3.7160546648533592
-0.000775819999776595,9.785743806296594e-08
-0.0007758200087599998,9.78574410391593e-08
-0.00077582000876,9.785744025836017e-08
-0.00077582000876,9.785744025836017e-08
-0.00077582000876,9.785744025836017e-08
-0.00077582000876,9.785744025836017e-08
-0.00077582000876,9.785744025836017e-08
-0.00077582000876,9.785744025836016e-08
-0.0007758200087599999,9.785744025836016e-08
-0.00077582000876,9.785744025836017e-08
-0.00077582000876,9.785744025836017e-08
-0.00077582000876,9.785744025836017e-08
-71.67986552800578,3.734860950878415
-0.0007758200020798269,9.785743862583735e-08
-0.00077582000876,9.785744025836017e-08
-0.00077582000876,9.785744025836017e-08
-0.00077582000876,9.785744025836017e-08
-0.00077582000876,9.785744025836017e-08
-0.00077582000876,9.785744025836017e-08
-0.00077582000876,9.785744025836017e-08
-0.00077582000876,9.785744025836017e-08
-0.00077582000876,9.785744025836017e-08
-0.00077582000876,9.785744025836017e-08
2.4906017021783316e+21,-6.086614883091123e+17
4.1476461382062167e+18,1.697188787243192e+22
2.7200829408492907e+23,-6.64742873038883e+19
-0.00077582000876,9.785744025836017e-08
-0.00077582000876,9.785744025836017e-08
-0.00077582000876,9.785744025836017e-08
-0.00077582000876,9.785744025836017e-08
-0.00077582000876,9.785744025836017e-08
-0.000775820008292655,9.976978448418281e-08
-0.00077582000876,9.785744025836017e-08
-0.00077582000876,9.785744025836017e-08
-0.00077582000876,9.785744025836017e-08
-0.00077582000876,9.785744025836017e-08
-0.00077582000876,9.785744025836017e-08
-0.00077582000876,9.785744025836017e-08
0.00013330849709929018,3.719921814080711
-0.00077582000876,9.785744025836017e-08
-0.00077582000876,9.785744025840338e-08
-0.00077582000876,9.785744025836017e-08
-0.00077582000876,9.785744025836017e-08
-0.00077582000876,9.785744025836017e-08
-0.0007757761809622932,0.00017943824560017103
-0.00077582000876,9.785744030368766e-08
-0.00077582000876,9.785744025836017e-08
-0.00077582000876,9.785744025836017e-08
-0.00077582000876,9.785744025836017e-08
-0.00077582000876,9.785744025836017e-08
-0.00077582000876,9.785744025836107e-08
-151996488924693.53,37145405102.315865
-0.000775820006585202,9.785743972688658e-08
-0.0007758200087598699,9.785744025836353e-08
-0.00077582000876,9.785744025836017e-08
-0.00077582000876,9.785744025836017e-08
-0.00077582000876,9.785744025836017e-08
-0.0007758194404679755,2.4232700225891483e-06
-0.00077582000876,9.785744030433818e-08
-0.00077582000876,9.785744025836017e-08
-0.00077582000876,9.785744025836017e-08
-0.00077582000876,9.785744025836017e-08
-0.00077582000876,9.785744025836017e-08
3.6647869831914086e+18,1.4996060821613946e+22
0.00013390157668843514,3.722519384432651
-0.0007758200062015087,9.78574396331076e-08
-0.000775820008759856,9.785744025834118e-08
-0.00077582000876,9.785744025836017e-08
-0.00077582000876,9.785744025836017e-08
-0.00077582000876,9.785744025836017e-08
149453820395.74802,611554939197446.6
-0.00077582000876,9.78574402583687e-08
-0.00077582000876,9.785744025836017e-08
-0.00077582000876,9.785744025836017e-08
-0.00077582000876,9.785744025836017e-08
-0.00077582000876,9.785744025836017e-08
9.962119704245655e+21,-2.4345757896962734e+18
0.00013426311937615992,3.7238280639640644
-0.00077582000876,9.785744025836676e-08
-0.00077582000876,9.785744025837743e-08
-0.00077582000876,9.785744025836017e-08
-0.00077582000876,9.785744025836017e-08
-0.00077582000876,9.785744025836017e-08
-0.00077582000876,9.785744025836017e-08
-0.00077582000876,9.785744030042722e-08
-0.00077582000876,9.785744025836017e-08
-0.00077582000876,9.785744025836017e-08
-0.00077582000876,9.785744025836017e-08
-0.00077582000876,9.785744025836017e-08
-0.0007758088793504668,4.563864958816299e-05
-151996488924693.53,37145405102.31977
-0.0007758200071823274,9.785743987280819e-08
-0.00077582000876,9.785744025838347e-08
-0.00077582000876,9.785744025836017e-08
-0.00077582000876,9.785744025836017e-08
-0.00077582000876,9.785744025836017e-08
9012991.093331125,36880550834.68771
-0.0007758200087599999,9.785744030325398e-08
-0.00077582000876,9.785744025836017e-08
-0.00077582000876,9.785744025836019e-08
-0.00077582000876,9.785744025836017e-08
-0.00077582000876,9.785744025836017e-08
-0.00077582000876,9.785744025836017e-08
0.00013485619896530488,3.7264256343160045
-0.0007758200072178548,9.785743988148889e-08
-0.00077582000876,9.785744025836017e-08
-0.00077582000876,9.785744025836017e-08
-0.00077582000876,9.785744025836017e-08
-0.0007758199750689291,2.3571902672941028e-07
-0.00077582000876,9.785744026020379e-08
-0.0007758200087599999,9.785744029024354e-08
-0.00077582000876,9.785744025836017e-08
-0.00077582000876,9.785744025836017e-08
-0.00077582000876,9.785744025836017e-08
-0.00077582000876,9.785744025836017e-08
-0.00026007529379643143,-2.818196039037821e-08
89128.95841113788,-18.05391509251293
-0.00077582000876,9.785744025836265e-08
-0.00077582000876,9.7857440258377e-08
-0.00077582000876,9.785744025836017e-08
-0.00077582000876,9.785744025836017e-08
-0.00077582000876,9.785744025836017e-08
-0.0007758200087599999,9.785744090037328e-08
-0.0007758200087599999,9.785744028872565e-08
-0.00077582000876,9.785744025836017e-08
-0.00077582000876,9.78574402583602e-08
-0.00077582000876,9.785744025836017e-08
-0.00077582000876,9.785744025836017e-08
-0.00077582000876,9.785744025836017e-08
-3.218643887968968e+26,7.865828476206298e+22
-0.0007758200077152344,9.785744000303888e-08
-0.00077582000876,9.785744025837934e-08
-0.00077582000876,9.785744025836017e-08
-0.00077582000876,9.785744025836017e-08
-0.00077582000876,9.785744025836017e-08
-0.00077582000876,9.785744025836319e-08
-0.00077582000876,9.785744028438494e-08
-0.00077582000876,9.785744025836017e-08
-0.00077582000876,9.785744025836021e-08
-0.00077582000876,9.785744025836017e-08
-0.00077582000876,9.785744025836017e-08
-0.00077582000876,9.785744025836017e-08
0.00013581082124217451,3.730331884199358
-0.0007758200077436553,9.785744000998424e-08
-0.00077582000876,9.785744025836017e-08
-0.00077582000876,9.785744025836017e-08
-0.00077582000876,9.785744025836017e-08
-0.00077582000876,9.785744025836016e-08
2.1694710171971218e+29,8.877328879913651e+32
-0.00077582000876,9.785744025836241e-08
-0.00077582000876,9.785744025836017e-08
-0.00077582000876,9.785744025836017e-08
-0.00077582000876,9.785744025836017e-08
-0.00077582000876,9.785744025836017e-08
-0.00077582000876,9.785744025836017e-08
89128.9584120925,-18.05000884262958
-0.0007758200077223383,9.785744000477418e-08
-0.00077582000876,9.785744025836017e-08
-0.00077582000876,9.785744025836017e-08
-0.00077582000876,9.785744025836017e-08
-0.00077582000876,9.785744025836017e-08
2.5121953622010144e+21,1.0279733752638485e+25
-0.00077582000876,9.7857440281566e-08
-0.00077582000876,9.785744025836017e-08
-0.00077582000876,9.785744025836017e-08
-0.00077582000876,9.785744025836017e-08
-0.00077582000876,9.785744025836017e-08
-0.00077582000876,9.785744025836017e-08
0.00013644090457359966,3.732910142636771
-0.0007758200076370737,9.785743998393678e-08
-0.00077582000876,9.785744025836017e-08
-0.00077582000876,9.785744025836017e-08
-0.00077582000876,9.785744025836017e-08
-0.00077582000876,9.785744025836017e-08
-0.0007758200087212514,9.798121397996523e-08
-0.00077582000876,9.785744028178284e-08
-0.00077582000876,9.785744025836017e-08
-0.00077582000876,9.785744025836017e-08
-0.00077582000876,9.785744025836017e-08
-0.00077582000876,9.785744025836017e-08
-0.00077582000876,9.785744025836017e-08
0.00013676066574639495,3.7342185837598083
-0.00077582000876,9.785744025836017e-08
-0.00077582000876,9.785744025836017e-08
-0.00077582000876,9.785744025836017e-08
-0.00077582000876,9.785744025836017e-08
2347167.0366009674,9604448993.195778
2.6950795827850672e+23,1.1028055049496371e+27
-0.00077582000876,9.785744025836017e-08
-0.00077582000876,9.785744025836017e-08
-0.00077582000876,9.785744025836017e-08
-0.00077582000876,9.785744025836017e-08
1.0645231304825939e+22,-2.601516863865926e+18
-0.00077582000876,9.785744025836019e-08
1.9023205013863866e+17,-46489538114504.04
-0.00077582000876,9.785744025836017e-08
-0.00077582000876,9.785744025837293e-08
-0.00077582000876,9.785744025836017e-08
-0.00077582000876,9.785744025836017e-08
-0.00077582000876,9.785744025836016e-08
-0.0007758200005441717,1.3147605470149423e-07
-0.00077582000876,9.785744025836017e-08
-0.00077582000876,9.785744025836017e-08
-0.00077582000876,9.785744025836017e-08
-0.00077582000876,9.785744025836017e-08
-0.00077582000876,9.785744025836017e-08
-0.00077582000876,9.785744025836017e-08
0.0001373955268504693,3.736816392520124
-0.00077582000876,9.785744025836074e-08
-0.00077582000876,9.785744025836017e-08
-0.00077582000876,9.785744025836017e-08
-0.00077582000876,9.785744025836017e-08
-0.0007758200087599999,9.78574407510904e-08
-0.00077582000876,9.785744025836019e-08
-0.00077582000876,9.785744027451869e-08
-0.00077582000876,9.785744025836017e-08
-0.00077582000876,9.785744025836017e-08
-0.00077582000876,9.785744025836017e-08
-0.00077582000876,9.785744025836017e-08
9.961826970278616e+21,-2.4345042504004076e+18
0.0001377152880232647,3.738124833643161
-0.00077582000876,9.785744025836066e-08
-0.00077582000876,9.785744025836017e-08
-0.00077582000876,9.785744025836017e-08
-0.00077582000876,9.785744025836017e-08
-0.00077582000876,9.785744025836016e-08
-0.00077582000876,9.785744041048741e-08
-0.00077582000876,9.78574402766871e-08
-0.00077582000876,9.785744025836017e-08
-0.00077582000876,9.785744025836017e-08
-0.00077582000876,9.785744025836017e-08
-0.00077582000876,9.785744025836017e-08
-0.00077582000876,9.785744025836019e-08
4.0564817089278606e+29,-9.913364276974772e+25
-0.00077582000876,9.785744025836056e-08
-0.00077582000876,9.785744025836017e-08
-0.00077582000876,9.785744025836017e-08
-0.00077582000876,9.785744025836017e-08
-0.00077582000876,9.785744025836017e-08
-0.00077582000876,9.785744025836017e-08
-0.00077582000876,9.78574402750608e-08
-0.00077582000876,9.785744025836017e-08
-0.00077582000876,9.785744025836017e-08
-0.00077582000876,9.785744025836017e-08
-0.00077582000876,9.785744025836017e-08
2.4560843541494303e+18,1.0050131297335375e+22
0.00013834537135471304,3.7407030920805746
-0.000775820008408214,9.785744017238989e-08
-0.00077582000876,9.785744025836016e-08
-0.00077582000876,9.785744025836017e-08
-0.00077582000876,9.785744025836017e-08
-0.00077582000876,9.785744025836017e-08
-0.00077582000876,9.785744025836017e-08
-0.00077582000876,9.785744027386818e-08
-0.00077582000876,9.785744025836017e-08
-0.00077582000876,9.785744025836017e-08
-0.00077582000876,9.785744025836017e-08
-0.00077582000876,9.785744025836017e-08
-0.00077582000876,9.785744025836017e-08
-107374180.79349642,26244.199721801833
-0.0007758200083886741,9.785744016761458e-08
-0.00077582000876,9.785744025838463e-08
-0.00077582000876,9.785744025836017e-08
-0.00077582000876,9.785744025836017e-08
-0.00077582000876,9.785744025836017e-08
-0.00077582000876,9.785744025836017e-08
-0.00077582000876,9.785744026589734e-08
-0.00077582000876,9.785744025836017e-08
-0.00077582000876,9.785744025836017e-08
-0.00077582000876,9.785744025836017e-08
-0.00077582000876,9.785744025836017e-08
2.471636997070631e+18,1.0113771661769344e+22
4.0564817089278606e+29,-9.913364276974772e+25
-0.0007758200085627908,9.785744021016553e-08
-0.00077582000876,9.78574402583964e-08
-0.00077582000876,9.785744025836017e-08
-0.00077582000876,9.785744025836017e-08
-0.00077582000876,9.785744025836017e-08
1.1588604794200222e+22,-2.8320615999317965e+18
-0.00077582000876,9.785744026898733e-08
-0.00077582000876,9.785744025836017e-08
-0.00077582000876,9.785744025836017e-08
-0.00077582000876,9.785744025836017e-08
-0.00077582000876,9.785744025836017e-08
-0.00077582000876,9.785744025836062e-08
0.0001392952158862416,3.744589791641025
-0.0007758200085912125,9.785744021711152e-08
-0.00077582000876,9.785744025836017e-08
-0.00077582000876,9.785744025836017e-08
-0.00077582000876,9.785744025836017e-08
-0.00077582000876,9.785744026627551e-08
-0.0007758200008855756,1.3007905311771933e-07
-0.00077582000876,9.785744025836017e-08
-0.00077582000876,9.785744025836017e-08
-0.00077582000876,9.785744025836017e-08
-0.00077582000876,9.785744025836017e-08
-0.00077582000876,9.785744025836017e-08
-0.00077582000876,9.785744025836017e-08
-2.30215350721047e+20,5.626078946261142e+16
-0.00077582000876,9.785744025836017e-08
-0.00077582000876,9.785744025836017e-08
-0.00077582000876,9.785744025836017e-08
-0.00077582000876,9.785744025836017e-08
2.267413392189567,9281.277066694067
-0.00077582000876,9.785744025836029e-08
-0.00077582000876,9.785744026394479e-08
-0.00077582000876,9.785744025836298e-08
-0.00077582000876,9.785744025836017e-08
-0.00077582000876,9.785744025836017e-08
-0.00077582000876,9.785744025836017e-08
-0.00077582000876,9.785744025836017e-08
0.00013993001869748803,3.7471873619827694
-0.0007758200086875965,9.785744024066598e-08
-0.00077582000876,9.785744025836017e-08
-0.00077582000876,9.785744025836017e-08
-0.00077582000876,9.785744025836017e-08
-0.00077582000876,9.785744025836017e-08
37432432241123.7,1.5317098460658762e+17
-0.00077582000876,9.785744026389058e-08
-0.00077582000876,9.785744025836017e-08
-0.00077582000876,9.785744025836017e-08
-0.00077582000876,9.785744025836017e-08
-0.00077582000876,9.785744025836017e-08
-0.00077582000876,9.785744025836017e-08
0.00014024983816311135,3.7484960415243784
-0.00077582000876,9.785744025836017e-08
-0.00077582000876,9.785744025836017e-08
-0.00077582000876,9.785744025836017e-08
-0.00077582000876,9.785744025836017e-08
-0.00077582000876,9.785744025836017e-08
0.0451768884678154,188.03537961465597
-0.00077582000876,9.785744026313164e-08
-0.00077582000876,9.785744025836017e-08
-0.00077582000876,9.785744025836017e-08
-0.00077582000876,9.785744025836017e-08
-0.00077582000876,9.785744025836017e-08
-0.00077582000876,9.785744025836062e-08
-2.30215350721047e+20,5.626078946261142e+16
-0.00077582000876,9.785744025836029e-08
-0.00077582000876,9.785744025836017e-08
-0.00077582000876,9.785744025836017e-08
-0.00077582000876,9.785744025836017e-08
-0.00077582000876,9.785744025836017e-08
-0.00077582000876,9.785744025836017e-08
-0.00077582000876,9.785744025836029e-08
-0.00077582000876,9.785744025836017e-08
-0.00077582000876,9.785744025836017e-08
-0.00077582000876,9.785744025836017e-08
-0.00077582000876,9.785744025836017e-08
-0.00077582000876,9.785744025836017e-08
-71.67985741371642,3.7680640748869165
-0.00077582000876,9.785744025836026e-08
-0.00077582000876,9.785744025836017e-08
-0.00077582000876,9.785744025836017e-08
-0.00077582000876,9.785744025836017e-08
-0.00077582000876,9.785744025836017e-08
-0.00077582000876,9.785744025836017e-08
-0.00077582000876,9.785744026196612e-08
-0.00077582000876,9.785744025836017e-08
-0.00077582000876,9.785744025836017e-08
-0.00077582000876,9.785744025836017e-08
-0.00077582000876,9.785744025836017e-08
-0.00077582000876,9.785744025836063e-08
0.00014090614097845926,3.751181588319184
-0.00077582000876,9.785744025836026e-08
-0.00077582000876,9.785744025836019e-08
-0.00077582000876,9.785744025836017e-08
-0.00077582000876,9.785744025836017e-08
-0.00077582000876,9.785744025836017e-08
-0.00077582000876,9.785744025836198e-08
-0.00077582000876,9.785744026164037e-08
-0.00077582000876,9.785744025836236e-08
-0.00077582000876,9.785744025836017e-08
-0.00077582000876,9.785744025836017e-08
-0.00077582000876,9.785744025836017e-08
1.0184057087255065e+22,-2.4888135820079826e+18
5.848602975113718e+35,-1.429300954965351e+32
-0.00077582000866406,9.785744023491404e-08
-0.00077582000876,9.78574402583602e-08
-0.00077582000876,9.785744025836017e-08
-0.00077582000876,9.785744025836017e-08
-0.00077582000876,9.785744025836017e-08
-0.00077582000876,9.785744025838941e-08
-0.00077582000876,9.785744026150485e-08
-0.00077582000876,9.785744025836148e-08
-0.00077582000876,9.785744025836017e-08
-0.00077582000876,9.785744025836017e-08
-0.00077582000876,9.785744025836017e-08
-0.00077582000876,9.785744025836017e-08
-151996488924693.53,37145405102.347115
-0.00077582000876,9.785744025836017e-08
-0.00077582000876,9.785744025836041e-08
-0.00077582000876,9.785744025836017e-08
-0.00077582000876,9.785744025836017e-08
-0.00077582000876,9.785744025836017e-08
-0.00077582000876,9.785744037721594e-08
-0.00077582000876,9.785744026134222e-08
-0.00077582000876,9.785744025836017e-08
-0.00077582000876,9.785744025836017e-08
-0.00077582000876,9.785744025836017e-08
-0.00077582000876,9.785744025836017e-08
-0.0007758117316306312,3.396731179362783e-05
0.00014138345211689408,3.7531347132608603
-0.0007758200086498492,9.785744023144121e-08
-0.00077582000876,9.785744025836306e-08
-0.00077582000876,9.785744025836017e-08
-0.00077582000876,9.785744025836017e-08
-0.00077582000876,9.785744025836017e-08
-0.0007758200087599981,9.785744797774135e-08
-0.00077582000876,9.785744025836024e-08
-0.00077582000876,9.785744025836017e-08
-0.00077582000876,9.785744025836017e-08
-0.00077582000876,9.785744025836017e-08
-0.00077582000876,9.785744025836017e-08
-0.00077582000876,9.785744025836029e-08
5.848602975113718e+35,-1.429300954965351e+32
-0.00077582000876,9.785744025836022e-08
-0.00077582000876,9.785744025836029e-08
-0.00077582000876,9.785744025836017e-08
-0.00077582000876,9.785744025836017e-08
-0.00077582000876,9.785744025836017e-08
-0.00077582000876,9.785744025836201e-08
-0.00077582000876,9.785744026031223e-08
-0.00077582000876,9.785744025836017e-08
-0.00077582000876,9.785744025836017e-08
-0.00077582000876,9.785744025836017e-08
-0.00077582000876,9.785744025836017e-08
2.5797502078026716e+18,1.0556163617655137e+22
-2.30215350721047e+20,5.626078946261142e+16
-0.0007758200087113639,9.785744024647435e-08
-0.00077582000876,9.785744025836136e-08
-0.00077582000876,9.785744025836017e-08
-0.00077582000876,9.785744025836017e-08
-0.00077582000876,9.785744025836017e-08
-0.0007758200087599995,9.785744216027032e-08
-0.00077582000876,9.785744026059683e-08
-0.00077582000876,9.785744025836017e-08
-0.00077582000876,9.785744025836017e-08
-0.00077582000876,9.785744025836017e-08
-0.00077582000876,9.785744025836017e-08
-0.00077582000876,9.785744025836017e-08
0.0001419000975911174,3.755078063030889
-0.0007758200087126961,9.785744024679989e-08
-0.00077582000876,9.785744025836033e-08
-0.00077582000876,9.785744025836017e-08
-0.00077582000876,9.785744025836017e-08
-0.00077582000876,9.785744025836017e-08
1.2623363072684397e+22,-3.0849392532601073e+18
-0.00077582000876,9.78574402606917e-08
-0.00077582000876,9.785744025836017e-08
-0.00077582000876,9.785744025836017e-08
-0.00077582000876,9.785744025836017e-08
-0.00077582000876,9.785744025836017e-08
2.8804262037791624e+21,1.0284523758339425e+22
0.0001420182549281405,3.755732283602604
-0.00077582000876,9.785744025836017e-08
-0.00077582000876,9.785744025836026e-08
-0.00077582000876,9.785744025836017e-08
-0.00077582000876,9.785744025836017e-08
-0.00077582000876,9.785744025836017e-08
-0.00077582000876,9.785744025836017e-08
-0.00077582000876,9.785744025836021e-08
-0.00077582000876,9.785744025836017e-08
-0.00077582000876,9.785744025836017e-08
-0.00077582000876,9.785744025836017e-08
-0.00077582000876,9.785744025836017e-08
-0.00077582000876,9.785744025836017e-08
-2.30215350721047e+20,5.626078946261142e+16
-0.00077582000876,9.785744025836021e-08
-0.00077582000876,9.785744025836022e-08
-0.00077582000876,9.785744025836017e-08
-0.00077582000876,9.785744031170292e-08
-0.00077582000876,9.785744025836017e-08
-0.00077582000876,9.785744025836017e-08
-0.00077582000876,9.785744026056972e-08
-0.00077582000876,9.785744025836017e-08
-0.00077582000876,9.785744025836017e-08
-0.00077582000876,9.785744025836017e-08
-0.00077582000876,9.785744025836017e-08
-0.00077582000876,9.785744025836017e-08
0.00014237740872955233,3.757031187972566
-0.0007758200086995871,9.785744027157727e-08
-0.00077582000876,9.785744025836017e-08
-0.00077582000876,9.785744025836017e-08
-0.00077582000876,9.785744026031174e-08
-0.00077582000876,9.785744025836017e-08
-0.0007758200087594967,9.785744025823717e-08
-0.00077582000876,9.785744026050196e-08
-0.000775820008759979,9.785744027765856e-08
-0.00077582000876,9.785744025836017e-08
-0.00077582000876,9.785744025836017e-08
-0.00077582000876,9.785744025836017e-08
-0.00077582000876,9.785744025836017e-08
0.00014249317718026237,3.7576756333828296
-0.0007758200087599728,9.785744028361971e-08
-0.0007758200087599779,9.785744025835477e-08
-0.00077582000876,9.785744025836017e-08
-0.00077582000876,9.785744025836017e-08
-0.00077582000876,9.785744026746877e-08
3.877369852972232e+18,1.5865935567264332e+22
-0.00077582000876,9.785744026028512e-08
-0.00077582000876,9.785744025836017e-08
-0.00077582000876,9.785744025836017e-08
-0.00077582000876,9.785744025836017e-08
-0.00077582000876,9.785744025836017e-08
8.377235879033362e+17,-204725663424598.84
-2.30215350721047e+20,5.626078946261142e+16
-0.00077582000876,9.785744025836017e-08
-0.00077582000876,9.785744025836017e-08
-0.00077582000876,9.785744025836017e-08
-0.00077582000876,9.785744025836028e-08
-0.00077582000876,9.785744025836017e-08
-0.00077582000876,9.785744025836017e-08
-0.00077582000876,9.785744026027157e-08
-0.00077582000876,9.785744025836017e-08
-0.00077582000876,9.785744025836017e-08
-0.00077582000876,9.785744025836017e-08
-0.00077582000876,9.785744025836017e-08
-0.00077582000876,9.785744025836017e-08
89128.95841877486,-18.022665093446108
-0.00077582000876,9.78574402583602e-08
-0.00077582000876,9.785744025836017e-08
-0.00077582000876,9.785744025836017e-08
-0.00077582000876,9.785744025836066e-08
-0.00077582000876,9.785744025836017e-08
-0.00077582000876,9.785744025836017e-08
-0.00077582000876,9.785744025836017e-08
-0.00077582000876,9.785744025836017e-08
-0.0007758200087518924,9.785744025637883e-08
-0.0007758200087599991,9.785744372780702e-08
-0.00077582000876,9.785744025836017e-08
-0.00077582000876,9.785744025836017e-08
0.00014297048831869719,3.759628758324506
-0.0007758200087293495,9.785744025086969e-08
-0.00077582000876,9.785744025836017e-08
-0.00077582000876,9.785744025836017e-08
-0.00077582000876,9.785744025836017e-08
-0.00077582000876,9.785744025836017e-08
-0.00077582000876,9.785744025836019e-08
-0.00077582000876,9.78574402593904e-08
-0.00077582000876,9.785744025836017e-08
-0.00077582000876,9.785744025836017e-08
-0.00077582000876,9.785744025836017e-08
-0.00077582000876,9.785744025836017e-08
-0.00077582000876,9.785744025836063e-08
-3.218643887968968e+26,7.865828476206298e+22
-0.0007758200087202456,9.785744024864488e-08
-0.00077582000876,9.785744025836017e-08
-0.00077582000876,9.785744025836017e-08
-0.0007758200087599633,9.785744025841181e-08
-0.00077582000876,9.785744025836017e-08
-0.00077582000876,9.785744025836017e-08
-0.00077582000876,9.78574402583602e-08
-0.00077582000876,9.785744025836017e-08
-0.00077582000876,9.785744025836017e-08
-0.00077582000876,9.785744025836017e-08
-0.00077582000876,9.785744025836017e-08
-0.00077582000876,9.785744025836017e-08
89128.95841925217,-18.02071196850443
-0.00077582000876,9.78574402583602e-08
-0.00077582000876,9.785744025836017e-08
-0.00077582000876,9.785744025836017e-08
-0.00077582000876,9.785744025836017e-08
-0.00077582000876,9.785744025836017e-08
-0.00077582000876,9.785744025836017e-08
-0.00077582000876,9.785744025931562e-08
-0.00077582000876,9.785744025836017e-08
-0.00077582000876,9.785744025836017e-08
-0.00077582000876,9.785744025836017e-08
-0.00077582000876,9.785744025836017e-08
-0.0007758200086337253,9.837414764202017e-08
0.0001434430216844828,3.76156233294328
-0.0007758200087384574,9.785744025309557e-08
-0.00077582000876,9.785744025836017e-08
-0.00077582000876,9.785744025836017e-08
-0.00077582000876,9.785744025836017e-08
-0.00077582000876,9.785744025836017e-08
10562.561408764977,-2.581313812754637
-0.00077582000876,9.785744025932264e-08
-0.00077582000876,9.785744025836017e-08
-0.00077582000876,9.785744025836017e-08
-0.00077582000876,9.785744025836017e-08
-0.00077582000876,9.785744025836017e-08
-0.00077582000876,9.785744025836017e-08
-4.93268180641331e+32,1.2054651078977836e+29
-0.0007758200087306817,9.785744025119528e-08
-0.00077582000876,9.785744025836017e-08
-0.00077582000876,9.785744025836017e-08
-0.00077582000876,9.785744025836017e-08
-0.00077582000876,9.785744025836017e-08
41521418.75932815,-10147.141759713413
-0.00077582000876,9.785744025919377e-08
-0.00077582000876,9.785744025836017e-08
-0.00077582000876,9.785744025836021e-08
-0.00077582000876,9.785744025836017e-08
-0.00077582000876,9.785744025836017e-08
2263370.825159796,9261560555.434977
89128.95841972948,-18.018758843562754
-0.00077582000876,9.78574402583602e-08
-0.00077582000876,9.785744025836017e-08
-0.00077582000876,9.785744025836017e-08
-0.00077582000876,9.785744025836017e-08
-0.00077582000876,9.785744025836017e-08
2.1114328852604434,8643.015367003583
-0.00077582000876,9.785744025909213e-08
-0.00077582000876,9.785744025836017e-08
-0.00077582000876,9.785744025836017e-08
-0.00077582000876,9.785744025836017e-08
-0.00077582000876,9.785744025836017e-08
-0.00077582000876,9.785744025836017e-08
0.00014392033282291763,3.7635154578849566
-0.00077582000876,9.785744025836017e-08
-0.00077582000876,9.78574402583602e-08
-0.00077582000876,9.785744025836017e-08
-0.00077582000876,9.785744025836017e-08
-0.00077582000876,9.785744025836017e-08
-0.00077582000876,9.785744025836017e-08
-0.00077582000876,9.785744025879397e-08
-0.00077582000876,9.785744025836017e-08
-0.00077582000876,9.785744025836017e-08
-0.00077582000876,9.785744025836017e-08
-0.00077582000876,9.785744025836017e-08
8.874237266409573,-0.0021688072184767927
0.00014407788278855715,3.764160141703596
-0.0007758200087418992,9.785744025393667e-08
-0.00077582000876,9.785744025836017e-08
-0.00077582000876,9.785744025836017e-08
-0.00077582000876,9.785744025836017e-08
-0.00077582000876,9.785744025836017e-08
-0.00077582000876,9.785744025836074e-08
-0.00077582000876,9.785744025878884e-08
-0.00077582000876,9.785744025836017e-08
-0.00077582000876,9.785744025836017e-08
-0.00077582000876,9.785744025836017e-08
-0.00077582000876,9.785744025836017e-08
575225162.964315,2353782517104.286
126443835712.1848,-30900759.357919835
-0.0007758200087599716,9.785744025835326e-08
-0.00077582000876,9.785744025836017e-08
-0.00077582000876,9.785744025836017e-08
-0.00077582000876,9.785744025836017e-08
-0.00077582000876,9.785744025836017e-08
-0.00077582000876,9.785744025836029e-08
-0.00077582000876,9.785744025879053e-08
-0.00077582000876,9.78574402583602e-08
-0.00077582000876,9.785744025836017e-08
-0.00077582000876,9.785744025836017e-08
-0.00077582000876,9.785744025836017e-08
-0.00077582000876,9.785744025836017e-08
0.00014439522131462143,3.7654588076651905
-0.00077582000876,9.785744025836017e-08
-0.00077582000876,9.785744025836017e-08
-0.00077582000876,9.785744025836017e-08
-0.00077582000876,9.785744025836017e-08
-0.00077582000876,9.785744025836017e-08
-0.00077582000876,9.785744025836017e-08
-0.00077582000876,9.78574402583602e-08
-0.00077582000876,9.785744025836017e-08
-0.00077582000876,9.785744025836017e-08
-0.00077582000876,9.785744025836017e-08
-0.00077582000876,9.785744025836017e-08
-0.00077582000876,9.785744025836017e-08
0.00014455519392699197,3.7661132666452724
-0.00077582000876,9.785744025836019e-08
-0.00077582000876,9.785744025836017e-08
-0.00077582000876,9.785744025836017e-08
-0.00077582000876,9.785744025836017e-08
2.632932245040791e+18,1.0773780922851e+22
169685199924.92755,-41468230.84558416
-0.00077582000876,9.785744025836017e-08
-0.00077582000876,9.785744025836017e-08
-0.00077582000876,9.785744025836017e-08
-0.00077582000876,9.785744025836017e-08
-0.00077582000876,9.785744025836016e-08
-0.00077582000876,9.785744025836017e-08
1.9023205013863866e+17,-46489538114504.01
-0.00077582000876,9.785744025836017e-08
-0.00077582000876,9.785744025836017e-08
-0.00077582000876,9.785744025836017e-08
-0.00077582000876,9.785744025836017e-08
-0.00077582000876,9.785744025836017e-08
-0.00077582000876,9.785744025836017e-08
-0.00077582000876,9.785744025836019e-08
-0.00077582000876,9.785744025836017e-08
-0.00077582000876,9.785744025836017e-08
-0.00077582000876,9.785744025836021e-08
-0.00077582000876,9.785744025836017e-08
36970566.89522387,-9034.989517041542
9.482135113328025e-05,3.767402169676505
-0.0007758200087470083,9.785744025518524e-08
-0.00077582000876,9.785744025836017e-08
-0.00077582000876,9.785744025836017e-08
-0.00077582000876,9.785744025836017e-08
-0.00077582000876,9.785744025836017e-08
1.1515403288042856e+22,-2.814172373547167e+18
-0.00077582000876,9.785744025862282e-08
-0.00077582000876,9.785744025836017e-08
-0.00077582000876,9.785744025836017e-08
-0.00077582000876,9.785744025836017e-08
-0.00077582000876,9.785744025836017e-08
-0.00077582000876,9.785744025836017e-08
0.0001450277272928009,3.7680468412640464
-0.000775820008752949,9.785744025663704e-08
-0.00077582000876,9.785744025836017e-08
-0.00077582000876,9.785744025836017e-08
-0.00077582000876,9.785744025836017e-08
-0.00077582000876,9.785744025836017e-08
-0.0007758198159114075,9.785739312939014e-08
-0.00077582000876,9.785744025873124e-08
-0.00077582000876,9.785744025836017e-08
-0.0007758200087599557,9.785744025834936e-08
-0.00077582000876,9.785744025836017e-08
-0.00077582000876,9.785744025836017e-08
-0.00077582000876,9.785744025836017e-08
2.7200829408492907e+23,-6.64742873038883e+19
-0.00077582000876,9.785744025836021e-08
-0.00077582000876,9.785744025836017e-08
-0.00077582000876,9.785744025836017e-08
-0.00077582000876,9.785744025836017e-08
-0.00077582000876,9.785744025836017e-08
-0.0007758200087599695,9.785756475272472e-08
-0.00077582000876,9.78574402583602e-08
-0.00077582000876,9.785744025836017e-08
-0.0007758200087599605,9.785744025835052e-08
-0.00077582000876,9.785744025836017e-08
-0.00077582000876,9.785744025836017e-08
-0.00077582000876,9.785744025836017e-08
9.529866227171518e-05,3.769355294618182
-0.00077582000876,9.785744025836017e-08
-0.00077582000876,9.785744025836022e-08
-0.00077582000876,9.785744025836017e-08
-0.00077582000876,9.785744025836017e-08
-0.00077582000876,9.785744025836017e-08
-0.00077582000876,9.785744025836063e-08
-0.00077582000876,9.78574402583602e-08
-0.0007758199979574166,9.785743761838909e-08
-0.00077582000876,9.785744025836021e-08
-0.00077582000876,9.785744025836017e-08
-0.00077582000876,9.785744025836017e-08
-0.00077582000876,9.785744025836017e-08
0.00014550503843123572,3.7699999662057233
-0.0007758200087566376,9.787119858575969e-08
-0.00077582000876,9.785744025836033e-08
-0.00077582000876,9.785744025836017e-08
-0.00077582000876,9.785744025836017e-08
-0.00077582000876,9.785744025836017e-08
-0.00077582000876,9.785744025836017e-08
-0.00077582000876,9.785744025836021e-08
-0.00077582000876,9.785744025836017e-08
-0.00077582000876,9.78574402583602e-08
-0.00077582000876,9.785744025836017e-08
-0.00077582000876,9.785744025836017e-08
-0.00077582000876,9.785744025836017e-08
4.0564817089278606e+29,-9.913364276974772e+25
-0.00077582000876,9.785744025836017e-08
-0.00077582000876,9.785744025836017e-08
-0.00077582000876,9.785744025836017e-08
-0.00077582000876,9.785744025836017e-08
-0.00077582000876,9.785744025836017e-08
-0.0007758105775160516,9.785513542022288e-08
-0.00077582000876,9.785744025859063e-08
-0.0007758200086853748,9.785744024012304e-08
-0.00077582000876,9.785744025836017e-08
-0.00077582000876,9.785744025836017e-08
-0.00077582000876,9.785744025836017e-08
-0.00077582000876,9.785744025836017e-08
-107374180.79348926,26244.229018675956
-0.000775820008759984,9.785750555675832e-08
-0.0007758200087038126,9.785744024462891e-08
-0.00077582000876,9.785744025836017e-08
-0.00077582000876,9.785744025836017e-08
-0.00077582000876,9.785744025836017e-08
-0.00077582000876,9.785744025836017e-08
-0.00077582000876,9.78574402583602e-08
-0.00077582000876,9.785744025836017e-08
-0.00077582000876,9.785744025836017e-08
-0.00077582000876,9.785744025836017e-08
-0.00077582000876,9.785744025836017e-08
-0.00077582000876,9.785744025836017e-08
0.00014598234956967064,3.7719530911473997
-0.00077582000876,9.785744025836017e-08
-0.00077582000876,9.785744025836017e-08
-0.00077582000876,9.785744025836017e-08
-0.00077582000876,9.785744025836017e-08
-0.00077582000876,9.785744025836017e-08
1.0122341982916999e+22,4.141993974798821e+25
-0.00077582000876,9.78574402585296e-08
-0.00077582000876,9.78574402583602e-08
-0.00077582000876,9.785744025836017e-08
-0.00077582000876,9.785744025836017e-08
-0.00077582000876,9.785744025836017e-08
-0.00077582000876,9.785744025836017e-08
5.848602975113718e+35,-1.429300954965351e+32
-0.0007758200087591984,9.785744025816428e-08
-0.00077582000876,9.785744025836017e-08
-0.00077582000876,9.785744025836017e-08
-0.00077582000876,9.785744025836017e-08
580.6239537692144,2375877.179052602
-0.0007758200087474951,9.790860916968903e-08
-0.00077582000876,9.785744025851097e-08
-0.00077582000876,9.785744025836017e-08
-0.00077582000876,9.785744025836017e-08
-0.00077582000876,9.785744025836017e-08
-0.00077582000876,9.785744025836017e-08
-0.00077582000876,9.785744025836017e-08
-107374180.79348879,26244.2309718009
-0.00077582000876,9.785744025836019e-08
-0.00077582000876,9.785744025836017e-08
-0.00077582000876,9.785744025836029e-08
-0.00077582000876,9.785744025836017e-08
2.560804125739901e+18,1.0478637530084727e+22
2.2561165245241476e+29,9.231876444002675e+32
-0.00077582000876,9.785744025850758e-08
-0.00077582000876,9.785744025836017e-08
-0.00077582000876,9.785744025836017e-08
-0.00077582000876,9.785744025836017e-08
-0.00077582000876,9.785744025836017e-08
-0.0007758200087595029,9.785947459735948e-08
0.0001464548829627644,3.773886665766174
-0.0007758200087595107,9.78574402582406e-08
-0.00077582000876,9.785744025836017e-08
-0.00077582000876,9.785744025836033e-08
-0.00077582000876,9.785744025836017e-08
-0.00077582000876,9.785744025836017e-08
-0.00077582000876,9.785744025836019e-08
-0.00077582000876,9.78574402584898e-08
-0.00077582000876,9.78574402583602e-08
-0.00077582000876,9.785744025836017e-08
-0.00077582000876,9.785744025836017e-08
-0.00077582000876,9.785744025836017e-08
-0.00077582000876,9.785744025848134e-08
5.848602975113718e+35,-1.429300954965351e+32
-0.0007758200087540086,9.788018204346008e-08
-0.00077582000876,9.785744025836017e-08
-0.00077582000876,9.785744025836017e-08
-0.00077582000876,9.785744025836017e-08
-0.00077582000876,9.785744025836017e-08
-0.00077582000876,9.785744025836017e-08
-0.00077582000876,9.785744025847794e-08
-0.00077582000876,9.785744025836017e-08
-0.00077582000876,9.785744025836017e-08
-0.00077582000876,9.785744025836017e-08
-0.00077582000876,9.785744025836017e-08
0.14879942501411,612.0518006686672
-151996488924693.53,37145405102.36982
-0.0007758200087538311,9.7882683155656e-08
-0.00077582000876,9.785744025836017e-08
-0.00077582000876,9.785744025836017e-08
-0.00077582000876,9.785744025836017e-08
-0.00077582000876,9.785744025836017e-08
-0.00077582000876,9.785744025836017e-08
-0.00077582000876,9.785744025848387e-08
-0.00077582000876,9.785744025836017e-08
-0.00077582000876,9.785744025836017e-08
-0.00077582000876,9.785744025836017e-08
-0.00077582000876,9.785744025836017e-08
35.54369495127219,145445.57378186018
0.0001469321941011992,3.7758397907078503
-0.0007758200087594067,9.785744025821522e-08
-0.00077582000876,9.785744025836017e-08
-0.00077582000876,9.785744025836017e-08
-0.00077582000876,9.78574402583602e-08
-0.00077582000876,9.785744025836017e-08
-0.00077582000876,9.785744025836017e-08
-0.00077582000876,9.785744025846944e-08
-0.00077582000876,9.78574402583602e-08
-0.00077582000876,9.785744025836017e-08
-0.00077582000876,9.785744025836017e-08
-0.00077582000876,9.785744025836017e-08
-0.00077582000876,9.785744025836017e-08
5.848602975113718e+35,-1.429300954965351e+32
-0.0007758200087505591,9.789360152902635e-08
-0.00077582000876,9.785744025836017e-08
-0.00077582000876,9.785744025836017e-08
-0.00077582000876,9.785744025836017e-08
2476640.606642159,10134246097.375189
-0.00077582000876,9.785744025836019e-08
-0.00077582000876,9.785744025848895e-08
-0.00077582000876,9.785744025836017e-08
-0.00077582000876,9.785744025836017e-08
-0.00077582000876,9.785744025836017e-08
-0.00077582000876,9.785744025836017e-08
-0.00077582000876,9.785744025836017e-08
-2.30215350721047e+20,5.626078946261142e+16
-0.00077582000876,9.785744025836017e-08
-0.00077582000876,9.785744025836017e-08
-0.00077582000876,9.785744025836017e-08
-0.00077582000876,9.785744025836017e-08
-0.0007758200086131358,9.786596742337062e-08
-0.00077582000876,9.785744025836017e-08
-0.00077582000876,9.785744025848725e-08
-0.00077582000876,9.785744025836017e-08
-0.00077582000876,9.785744025836017e-08
-0.00077582000876,9.785744025836017e-08
-0.00077582000876,9.785744025836017e-08
-0.00077582000876,9.785744025836017e-08
0.00014744883957542253,3.7777831404778794
-0.0007758200087465025,9.791110926340302e-08
-0.00077582000876,9.785744025836017e-08
-0.00077582000876,9.785744025836017e-08
-0.00077582000876,9.785744025836017e-08
-0.00077582000876,9.785744025836017e-08
207101.89023357656,847446950.6938776
-0.00077582000876,9.785744025836017e-08
-0.00077582000876,9.785744025836017e-08
-0.00077582000876,9.785744025836017e-08
-0.00077582000876,9.785744025836017e-08
-0.0007757854498118931,0.000141510207641092
-0.00077582000876,9.785744025836017e-08
0.00014756460802613257,3.778427585888143
-0.00077582000876,9.785744025836017e-08
-0.00077582000876,9.785744025836017e-08
-0.00077582000876,9.785744025836017e-08
-0.00077582000876,9.785744025836017e-08
-0.00077582000876,9.785744025836017e-08
-0.00077582000876,9.785744025840847e-08
-0.00077582000876,9.785744025836017e-08
-0.00077582000876,9.785744025836017e-08
-0.00077582000876,9.785744025836017e-08
-0.00077582000876,9.785744025836017e-08
-0.00077582000876,9.785744025836017e-08
-0.00077582000876,9.785744025836017e-08
-2.30215350721047e+20,5.626078946261142e+16
-0.00077582000876,9.785744025836017e-08
-0.00077582000876,9.785744025836028e-08
-0.00077582000876,9.785744025836017e-08
-0.00077582000876,9.785744025836017e-08
-0.00077582000876,9.785744025836017e-08
2.7053024973430733e+18,1.1069915107505704e+22
-0.00077582000876,9.785744025836025e-08
-0.00077582000876,9.785744025836017e-08
-0.00077582000876,9.785744025836017e-08
-0.00077582000876,9.785744025836017e-08
-0.00077582000876,9.785744025836017e-08
-0.00077582000876,9.785744025836017e-08
0.058897880135197554,3.779712132749293
-0.0007758200087358853,9.795522860225153e-08
-0.00077582000876,9.785744025836036e-08
-0.00077582000876,9.785744025836017e-08
-0.00077582000876,9.785744025836017e-08
-0.00077582000876,9.785744025836017e-08
1.0405412380030024e+22,-2.5429091211813745e+18
-0.00077582000876,9.785744025850671e-08
-0.00077582000876,9.785744025836022e-08
-0.00077582000876,9.785744025836017e-08
-0.00077582000876,9.785744025836017e-08
-0.00077582000876,9.785744025836017e-08
-0.00077582000876,9.785744025836017e-08
0.00014803953027825445,3.780370935668368
-0.0007758200087364157,9.79538643047766e-08
-0.00077582000876,9.785744025836025e-08
-0.00077582000876,9.785744025836017e-08
-0.00077582000876,9.785744025836017e-08
-0.00077582000876,9.785744025836017e-08
-0.00077582000876,9.785744025836019e-08
-0.00077582000876,9.785744025852029e-08
-0.00077582000876,9.785744025836017e-08
-0.00077582000876,9.785744025836017e-08
-0.00077582000876,9.785744025836017e-08
-0.00077582000876,9.785744025836017e-08
-0.00077582000876,9.785744025836017e-08
-3.218643887968968e+26,7.865828476206298e+22
-0.0007758200087599942,9.785744025835884e-08
-0.00077582000876,9.785744025836028e-08
-0.00077582000876,9.785744025836017e-08
-0.00077582000876,9.785744025836022e-08
-0.00077582000876,9.785744025836017e-08
-0.00077582000876,9.785744025836017e-08
-0.00077582000876,9.785744025851012e-08
-0.00077582000876,9.785744025836017e-08
-0.00077582000876,9.785744025836017e-08
-0.00077582000876,9.785744025836017e-08
-0.00077582000876,9.785744025836017e-08
-0.00077582000876,9.785744025836017e-08
89128.9584243236,-17.999960015999118
-0.0007758200087378767,9.794795255470113e-08
-0.00077582000876,9.785744025836024e-08
-0.00077582000876,9.785744025836017e-08
-0.00077582000876,9.785744025836017e-08
-0.00077582000876,9.785744025836017e-08
146456915690.56128,-35791625.854673356
-0.00077582000876,9.785744025852283e-08
-0.0007758198877601545,9.785741068801742e-08
-0.00077582000876,9.785744025836017e-08
-0.00077582000876,9.785744025836017e-08
-0.00077582000876,9.785744025836017e-08
835841400.4963835,3420206559499.157
0.00014851684141668937,3.782324060610045
-0.0007758200087447668,9.791975823366585e-08
-0.00077582000876,9.785744025836017e-08
-0.00077582000876,9.785744025836017e-08
-0.00077582000876,9.785744025836017e-08
-0.00077582000876,9.785744025836017e-08
-0.00077582000876,9.785744025836019e-08
-0.00077582000876,9.785744025849403e-08
-0.00077582000876,9.785744025836017e-08
-0.00077582000876,9.785744025836025e-08
-0.00077582000876,9.785744025836017e-08
-0.00077582000876,9.785744025836017e-08
54208057381178.34,2.2181570968192666e+17
-4.93268180641331e+32,1.2054651078977836e+29
-0.0007758200087461063,9.791429246363242e-08
-0.00077582000876,9.785744025836017e-08
-0.00077582000876,9.785744025836017e-08
-0.00077582000876,9.785744025836017e-08
-0.00077582000876,9.785744025836017e-08
2.4975192309994037e+21,-6.103520169006461e+17
-0.00077582000876,9.785744025849403e-08
-0.00077582000876,9.785744025836017e-08
-0.00077582000876,9.785744025836017e-08
-0.00077582000876,9.785744025836017e-08
-0.00077582000876,9.785744025836017e-08
1.0109694778328408e+22,-2.470640674800132e+18
126443835712.18481,-30900759.339121006
-0.0007758200087599929,9.785744025835857e-08
-0.00077582000876,9.785744025836017e-08
-0.00077582000876,9.785744025836017e-08
-0.00077582000876,9.785744025836017e-08
-0.00077582000876,9.785744025836017e-08
-0.00077582000876,9.785744025836017e-08
-0.00077582000876,9.785744025852029e-08
-0.00077582000876,9.785744025836017e-08
-0.00077582000876,9.785744025836017e-08
-0.00077582000876,9.785744025836017e-08
-0.00077582000876,9.785744025836017e-08
3.4086020131849994e+18,1.394776922665365e+22
0.00014898934102205682,3.7842576352288275
-0.00077582000876,9.785744025836032e-08
-0.00077582000876,9.785744025836017e-08
-0.00077582000876,9.785744025836017e-08
-0.00077582000876,9.785744025836017e-08
-0.0007758116178245644,3.443299853288107e-05
-0.00077582000876,9.785744025836017e-08
-0.00077582000876,9.785744025836036e-08
-0.00077582000876,9.785744025836017e-08
-0.00077582000876,9.785744025836017e-08
-0.00077582000876,9.785744025836017e-08
-0.00077582000876,9.785744025836017e-08
-0.00077582000876,9.785744025836017e-08
0.00014914931363442735,3.7849120942089094
-0.0007758200087597223,9.785744025829249e-08
-0.00077582000876,9.785744025836017e-08
-0.00077582000876,9.785744025836017e-08
-0.00077582000876,9.785744025836017e-08
-0.00077582000876,9.785744025836017e-08
-0.00077582000876,9.785744025836017e-08
-0.00077582000876,9.785744025836033e-08
-0.00077582000876,9.785744025836033e-08
-0.00077582000876,9.785744025836017e-08
-0.00077582000876,9.785744025836017e-08
-0.00077582000876,9.785744025836017e-08
-0.00077582000876,9.785744025836017e-08
126443835712.18481,-30900759.33716788
-0.0007758200087597431,9.785744025829758e-08
-0.00077582000876,9.785744025836017e-08
-0.00077582000876,9.785744025836017e-08
-0.00077582000876,9.785744025836017e-08
-0.00077582000876,9.785744025836017e-08
-0.00077582000876,9.785744025836017e-08
-0.00077582000876,9.78574402584881e-08
-0.00077582000876,9.785744025836037e-08
-0.00077582000876,9.785744025836017e-08
-0.00077582000876,9.785744025836017e-08
-0.00077582000876,9.785744025836017e-08
-0.00077582000876,9.785744025836017e-08
0.00014946665216049174,3.786210760170504
-0.0007758200087597778,9.78574402583061e-08
-0.00077582000876,9.785744025836017e-08
-0.00077582000876,9.785744025836017e-08
-0.00077582000876,9.785744025836017e-08
-0.00077582000876,9.785744025836017e-08
-0.00077582000876,9.785744026589562e-08
-0.00077582000876,9.785744025850335e-08
-0.00077582000876,9.785744025836017e-08
-0.00077582000876,9.785744025836017e-08
-0.00077582000876,9.785744025836017e-08
-0.00077582000876,9.785744025836017e-08
-0.00077582000876,9.785744025836017e-08
0.00014962423588654934,3.786855443989135
-0.0007758200087528693,9.788575264115049e-08
-0.00077582000876,9.785744025836017e-08
-0.00077582000876,9.785744025836017e-08
-0.00077582000876,9.785744025836017e-08
-0.00077582000876,9.785744025836017e-08
-0.0007758200087599995,9.785744222055472e-08
-0.00077582000876,9.78574402583605e-08
-0.00077582000876,9.785744025836017e-08
-0.00077582000876,9.785744025836017e-08
-0.00077582000876,9.785744025836017e-08
-0.00077582000876,9.785744025836017e-08
-0.00077582000876,9.785744025836017e-08
2.7200829408492907e+23,-6.64742873038883e+19
-0.0007758200087530809,9.788575264467166e-08
-0.00077582000876,9.785744025836017e-08
-0.00077582000876,9.785744025836017e-08
-0.00077582000876,9.785744025836017e-08
-0.00077582000876,9.785744025836017e-08
-0.00077582000876,9.785744025836029e-08
-0.00077582000876,9.785744025836054e-08
-0.00077582000876,9.785744025836046e-08
-0.00077582000876,9.785744025836017e-08
-0.00077582000876,9.785744025836017e-08
-0.00077582000876,9.785744025836017e-08
2.437329502284826e+18,9.973387710176854e+21
9.989278197915057e-05,3.7881541221818185
-0.0007758200087534977,9.788404733521787e-08
-0.00077582000876,9.785744025836017e-08
-0.00077582000876,9.785744025836017e-08
-0.00077582000876,9.785744025836017e-08
-0.00077582000876,9.785744025836017e-08
1.5949146323294636e+23,-3.897705172973192e+19
-0.00077582000876,9.785744025846733e-08
-0.00077582000876,9.785744025836053e-08
-0.00077582000876,9.785744025836017e-08
-0.00077582000876,9.785744025836017e-08
-0.00077582000876,9.785744025836017e-08
-0.00077582000876,9.785744025836017e-08
0.0001500991581386712,3.78879879376936
-0.00077582000876,9.785744025836058e-08
-0.00077582000876,9.78574402583602e-08
-0.00077582000876,9.785744025836017e-08
-0.00077582000876,9.785744025836017e-08
-0.00077582000876,9.785744025836017e-08
2290.840729481985,9373968.720078388
-0.00077582000876,9.785744025845971e-08
-0.00077582000876,9.785744025836058e-08
-0.00077582000876,9.785744025836019e-08
-0.00077582000876,9.785744025836017e-08
-0.00077582000876,9.785744025836017e-08
-0.00077582000876,9.785744025836017e-08
2.7200829408492907e+23,-6.64742873038883e+19
-0.000775820008759993,9.785744025835902e-08
-0.00077582000876,9.78574402583602e-08
-0.00077582000876,9.785744025836017e-08
-0.00077582000876,9.785744025836017e-08
-0.00077582000876,9.785744025836017e-08
-0.00077582000876,9.78574402583602e-08
-0.00077582000876,9.785744025844277e-08
-0.00077582000876,9.785744025836073e-08
-0.00077582000876,9.785744025836017e-08
-0.00077582000876,9.785744025836017e-08
-0.00077582000876,9.785744025836017e-08
-0.00077582000876,9.785744025836017e-08
-71.67984774816587,3.807614854955867
-0.0007758200087599943,9.785744025835951e-08
-0.0007758168762972863,1.2915683303234357e-05
-0.00077582000876,9.785744025836017e-08
-0.00077582000876,9.785744025836017e-08
-0.00077582000876,9.785744025836017e-08
1.0113475550102688e+22,-2.4715646323213517e+18
-0.00077582000876,9.785744025845124e-08
-0.00077582000876,9.785744025836087e-08
-0.00077582000876,9.785744025836017e-08
-0.00077582000876,9.785744025836017e-08
-0.00077582000876,9.785744025836017e-08
8.499733188237395,-0.0020772846721785455
0.00015057646927710603,3.790751918711037
-0.0007758200087598846,9.785744025833284e-08
-0.00077582000876,9.785744025878038e-08
-0.00077582000876,9.785744025836017e-08
-0.00077582000876,9.785744025836017e-08
-0.00077582000876,9.785744025836017e-08
-0.00077582000876,9.785744025836017e-08
-0.00077582000876,9.785744025843811e-08
-0.0007758077828165521,9.785445244183121e-08
-0.0007758200087599995,9.785744025836005e-08
-0.00077582000876,9.785744025836017e-08
-0.00077582000876,9.785744025836017e-08
-0.00077582000876,9.785744025836017e-08
4.0564817089278606e+29,-9.913364276974772e+25
-0.0007758200087571986,9.786841321231925e-08
-0.00077582000876,9.785744025858048e-08
-0.00077582000876,9.785744025836017e-08
-0.00077582000876,9.785744025836017e-08
-0.00077582000876,9.785744025836017e-08
-0.00077582000876,9.785744025836017e-08
-0.00077582000876,9.785744025843218e-08
-0.00077582000876,9.785744025836131e-08
-0.0007758200087599995,9.785744025836007e-08
-0.00077582000876,9.785744025836017e-08
-0.00077582000876,9.785744025836017e-08
-0.00077582000876,9.785744025836063e-08
-71.67984727085474,3.8095679798975435
-0.0007758200087574235,9.786750371417583e-08
-0.0007758200087599988,9.785744025852933e-08
-0.00077582000876,9.785744025836017e-08
-0.00077582000876,9.785744025836017e-08
-0.00077582000876,9.785744025836017e-08
-0.00077582000876,9.785744025836017e-08
-0.00077582000876,9.785744025836183e-08
-0.00077582000876,9.785744025836017e-08
-0.0007758200087599986,9.785744025835983e-08
-0.00077582000876,9.785744025836017e-08
-0.00077582000876,9.785744025836017e-08
-0.00077582000876,9.785744025836017e-08
0.00015105378041554084,3.792705043652713
-0.0007758200087569182,9.786949322943508e-08
-0.0007758200087599994,9.785744025836004e-08
-0.00077582000876,9.785744025836017e-08
-0.00077582000876,9.785744025836017e-08
-0.00077582000876,9.785744025836017e-08
-0.0007758200087281721,9.785744025058197e-08
-0.00077582000876,9.785744025836017e-08
-0.00077582000876,9.785744025836017e-08
-0.00077582000876,9.785744025836019e-08
-0.00077582000876,9.785744025836017e-08
-0.00077582000876,9.785744025836017e-08
-0.00025647472594841794,2.125125919407547
5.848602975113718e+35,-1.429300954965351e+32
-0.00077582000876,9.785744025836236e-08
-0.0007758200087599997,9.78574402583601e-08
-0.00077582000876,9.785744025836017e-08
-0.00077582000876,9.785744025836017e-08
-0.00077582000876,9.785744025836017e-08
-0.00077582000876,9.785744025836017e-08
-0.00077582000876,9.785744025841101e-08
-0.00077582000876,9.78574402583623e-08
-0.00077582000876,9.785744025836019e-08
-0.00077582000876,9.785744025836017e-08
-0.00077582000876,9.785744025836017e-08
-0.0007758200087595276,9.785937310411294e-08
-151996488924693.53,37145405102.38862
-0.0007758200087598864,9.785744025833526e-08
-0.00077582000876,9.785744025836017e-08
-0.00077582000876,9.785744025836017e-08
-0.00077582000876,9.785744025836017e-08
-0.00077582000876,9.785744025839172e-08
2.815783968518056e+30,1.1521997825819292e+34
-0.00077582000876,9.785744025841609e-08
-0.00077582000876,9.785744025836017e-08
-0.00077582000876,9.785744025836019e-08
-0.00077582000876,9.785744025836017e-08
-0.00077582000876,9.785744025836017e-08
-0.0007758200087599978,9.785744914080987e-08
0.0001515263138086346,3.7946386182714873
-0.00077582000876,9.785744025836017e-08
-0.0007758200087599948,9.785744026162571e-08
-0.00077582000876,9.785744025836017e-08
-0.00077582000876,9.785744025836017e-08
-0.00077582000876,9.785744025836017e-08
-0.00077582000876,9.785744025836017e-08
-0.00077582000876,9.78574402583639e-08
-0.0007758098783056051,9.785496454438557e-08
-0.00077582000876,9.785744025836017e-08
-0.00077582000876,9.785744025836017e-08
-0.00077582000876,9.785744025836017e-08
-0.0007758200087595106,9.785744025824057e-08
5.848602975113718e+35,-1.429300954965351e+32
-0.0007758200087599741,9.785754641249684e-08
-0.0007758155836909322,9.785635885330506e-08
-0.00077582000876,9.785744025836017e-08
-0.00077582000876,9.785744025836017e-08
-0.00077582000876,9.785744025836017e-08
-0.00077582000876,9.785744025836017e-08
-0.00077582000876,9.785744025841863e-08
-0.0007758197427114325,9.950932220245564e-08
-0.00077582000876,9.785744025836017e-08
-0.00077582000876,9.785744025836017e-08
-0.00077582000876,9.785744025836017e-08
-0.00077582000876,9.785744025836017e-08
-151996488924693.53,37145405102.39057
-0.0007758200087598883,9.785753353386809e-08
-0.0007758200018806884,9.785743858346089e-08
-0.00077582000876,9.785744025836017e-08
-0.00077582000876,9.785744025836017e-08
-0.00077582000876,9.785744025836017e-08
2.475216713375295e+18,1.0128419619119955e+22
-0.00077582000876,9.785744025839788e-08
-0.0007758200085892631,9.855608415799122e-08
-0.00077582000876,9.785744025836017e-08
-0.00077582000876,9.785744025836017e-08
-0.00077582000876,9.785744025836017e-08
-0.0007737167953319557,0.008606305157467704
0.00015204295928285792,3.796581968041516
-0.0007758200087594616,9.7859643477889e-08
-0.0007758200083566885,9.785744015980025e-08
-0.00077582000876,9.785744025836017e-08
-0.00077582000876,9.785744025836017e-08
-0.00077582000876,9.785744025836017e-08
-0.0007737165459664723,0.008606774543998386
-0.00077582000876,9.785744025838983e-08
-0.00077582000876,9.785744025836017e-08
-0.00077582000876,9.785744025836017e-08
-0.00077582000876,9.785744025836017e-08
-0.00077582000876,9.785744025836017e-08
-0.00077582000876,9.785744025836017e-08
0.00015215872773356796,3.7972264134517797
-0.0007758200087594864,9.785922398900315e-08
-0.00077582000876,9.785744026600634e-08
-0.00077582000876,9.785744025836017e-08
-0.00077582000876,9.785744025836017e-08
-0.00077582000876,9.785744025836017e-08
-0.00077582000876,9.785744025836017e-08
-0.00077582000876,9.785744025840656e-08
-0.0007758199227946983,9.785741924988914e-08
-0.00077582000876,9.785744028210997e-08
-0.00077582000876,9.785744025836017e-08
-0.00077582000876,9.785744025836017e-08
-0.00077582000876,9.785744025836017e-08
-2.30215350721047e+20,5.626078946261142e+16
-0.0007758200087595325,9.785904635321673e-08
-0.00077582000876,9.78574402583634e-08
-0.00077582000876,9.785744025836017e-08
-0.00077582000876,9.785744025836017e-08
-0.00077582000876,9.785744025836017e-08
9.738576108713935e+18,3.984959570965685e+22
-0.00077582000876,9.785744025840487e-08
-0.00077582000876,9.785744025836017e-08
-0.0007758200087599785,9.785744025835538e-08
-0.00077582000876,9.785744025836017e-08
-0.00077582000876,9.785744025836017e-08
-0.00077582000876,9.785744025836017e-08
0.05890247425490499,3.79851096031293
-0.0007758200087595728,9.785891845498823e-08
-0.00077582000876,9.785744025836474e-08
-0.00077582000876,9.785744025836017e-08
-0.00077582000876,9.785744025836019e-08
-0.00077582000876,9.785744025836017e-08
-0.00077582000876,9.785744025836017e-08
-0.00077582000876,9.785744025839724e-08
-0.0007758200082411629,9.785744013160149e-08
-0.00077582000876,9.785744025836017e-08
-0.00077582000876,9.785744025836017e-08
-0.00077582000876,9.785744025836017e-08
-0.00077582000876,9.785744025836017e-08
0.0001526360388720029,3.7991795383934566
-0.0007758200087599423,9.785744025838716e-08
-0.0007758200038417901,9.785743905643179e-08
-0.00077582000876,9.785744025836017e-08
-0.00077582000876,9.785744025836019e-08
-0.00077582000876,9.785744025836073e-08
-0.00077582000876,9.785744025836017e-08
-0.00077582000876,9.785744025838685e-08
-0.0007758200057459379,9.786070860891232e-08
-0.00077582000876,9.785744025836017e-08
-0.00077582000876,9.785744025836017e-08
-0.00077582000876,9.785744025836017e-08
-0.00077582000876,9.785744025836017e-08
-3.218643887968968e+26,7.865828476206298e+22
-0.0007758200087596837,9.78585134447765e-08
-0.00077582000876,9.785744025836144e-08
-0.00077582000876,9.785744025836017e-08
-0.00077582000876,9.785744025836019e-08
-0.00077582000876,9.785744025836017e-08
-0.00077582000876,9.785744025836017e-08
-0.00077582000876,9.785744025837039e-08
-0.00077582000876,9.785744025836016e-08
-0.00077582000876,9.785744025836017e-08
-0.00077582000876,9.785744025836017e-08
-0.00077582000876,9.785744025836017e-08
-0.00077582000876,9.785744025836017e-08
89128.95842891771,-17.98116118843548
-0.00077582000876,9.78574402584002e-08
-0.0007758200087599999,9.785744027983242e-08
-0.00077582000876,9.785744025836017e-08
-0.00077582000876,9.785744025836019e-08
-0.00077582000876,9.785744025836017e-08
142837133142.6538,-34907011.41349726
-0.00077582000876,9.785744025836668e-08
-0.0007758200087599999,9.785744025844022e-08
-0.00077582000876,9.785744025836017e-08
-0.00077582000876,9.78574402583602e-08
-0.00077582000876,9.785744025836017e-08
-0.00077582000876,9.785744025836017e-08
0.00015311096112412476,3.8011228881736816
-0.0007758200087599999,9.785744025836016e-08
-0.0007758200087599999,9.785744028200082e-08
-0.00077582000876,9.785744025836017e-08
-0.00077582000876,9.785744025836019e-08
-0.00077582000876,9.785744025836017e-08
-0.0007756951750168326,9.782693297498323e-08
-0.00077582000876,9.785744025836716e-08
-0.0007758200086520688,9.785744023198359e-08
-0.00077582000876,9.785744025836017e-08
-0.00077582000876,9.785744025836017e-08
-0.00077582000876,9.785744025836017e-08
-0.00077582000876,9.785744025836017e-08
-4.93268180641331e+32,1.2054651078977836e+29
-0.0007758200087599999,9.785744025839023e-08
-0.000775820008756738,9.78574402792521e-08
-0.00077582000876,9.785744025836017e-08
-0.00077582000876,9.785744025836019e-08
-0.00077582000876,9.785744025836017e-08
2.114704301374671,-0.0005168901772356231
-0.00077582000876,9.785744025836367e-08
-0.0007758200086382846,9.785744022875133e-08
-0.00077582000876,9.785744025836017e-08
-0.00077582000876,9.785744025836017e-08
-0.00077582000876,9.785744025836017e-08
-0.00077582000876,9.785744025836017e-08
89128.95842939503,-17.979208063493804
-0.0007758200087599482,9.785749800658901e-08
-0.00077582000876,9.785744025836269e-08
-0.00077582000876,9.785744025836017e-08
-0.00077582000876,9.785744025836017e-08
-0.00077582000876,9.785744025836017e-08
144997199638.15076,-35434895.61386776
-0.00077582000876,9.785744025836224e-08
-0.0007758200087599998,9.785744025836012e-08
-0.0007758200087599805,9.785744025835541e-08
-0.00077582000876,9.785744025836017e-08
-0.00077582000876,9.785744025836017e-08
-0.00077582000876,9.785744025836017e-08
0.0001535834607294922,3.803056462792464
-0.0007758200087599997,9.785744025858718e-08
-0.00077582000876,9.785744025836017e-08
-0.00077582000876,9.785744025836017e-08
-0.00077582000876,9.785744025836019e-08
-0.00077582000876,9.78574402583607e-08
-0.00077582000876,9.785744025836017e-08
-0.00077582000876,9.785744025836228e-08
-0.0007758200087599997,9.785744025836009e-08
-0.00077582000876,9.785744025836017e-08
-0.00077582000876,9.785744025836017e-08
-0.00077582000876,9.785744025836017e-08
-0.00077582000876,9.785744025836017e-08
0.00015374343334186285,3.8037109217725464
-0.0007758200087599843,9.785744025835633e-08
-0.00077582000876,9.785744025836048e-08
-0.00077582000876,9.785744025836017e-08
-0.00077582000876,9.785744025836017e-08
-0.00077582000876,9.785744025836017e-08
-0.00077582000876,9.785744025836017e-08
-0.00077582000876,9.785744025836225e-08
-0.0007758200087599995,9.785744025885148e-08
-0.00077582000876,9.785744025836017e-08
-0.00077582000876,9.785744025836017e-08
-0.00077582000876,9.785744025836017e-08
-0.00077582000876,9.785744025836017e-08
126443835712.18481,-30900759.318369053
-0.0007758200087599993,9.785744025836003e-08
-0.00077582000876,9.785744025844531e-08
-0.00077582000876,9.785744025836017e-08
-0.00077582000876,9.785744025836017e-08
-0.00077582000876,9.785744025836017e-08
-0.00077582000876,9.785744025836017e-08
-0.00077582000876,9.785744025836208e-08
-0.0007758200087589172,9.785744025811113e-08
-0.00077582000876,9.785744025836017e-08
-0.00077582000876,9.785744025836017e-08
-0.00077582000876,9.785744025836017e-08
-0.00077582000876,9.785744025836017e-08
0.00015406077186792713,3.805009587734141
-0.0007758200087599988,9.785744186844197e-08
-0.0007758200087599998,9.785744125094205e-08
-0.00077582000876,9.785744025836017e-08
-0.00077582000876,9.785744025836019e-08
-0.00077582000876,9.785744025836017e-08
-0.00077582000876,9.785744025836017e-08
-0.00077582000876,9.785744025836242e-08
-0.00077582000876,9.785744025838304e-08
-0.00077582000876,9.78574402583602e-08
-0.00077582000876,9.785744025836017e-08
-0.00077582000876,9.785744025836017e-08
-0.00077582000876,9.785744025836017e-08
0.00015421835559398472,3.8056542715527715
-0.00077582000876,9.785744025837574e-08
-0.000775820008759996,9.785745669477822e-08
-0.00077582000876,9.785744025836017e-08
-0.00077582000876,9.785744025836017e-08
-0.00077582000876,9.785744025836017e-08
-0.0007758198856227116,9.785741016566203e-08
-0.00077582000876,9.78574402583622e-08
-0.00077582000876,9.78574402583687e-08
-0.00077582000876,9.785744025836019e-08
-0.00077582000876,9.785744025836017e-08
-0.00077582000876,9.785744025836017e-08
-0.00077582000876,9.785744025836017e-08
2.7200829408492907e+23,-6.64742873038883e+19
-0.00077582000876,9.785744025838029e-08
-0.00077582000876,9.785744025836017e-08
-0.00077582000876,9.785744025836017e-08
-0.00077582000876,9.785744025836019e-08
-0.00077582000876,9.785744025836017e-08
579939122266.0887,-141727442.40013516
-0.00077582000876,9.785744025836053e-08
-0.000775820008759188,9.785744025817143e-08
-0.00077582000876,9.785744025836082e-08
-0.00077582000876,9.785744025836017e-08
-0.00077582000876,9.785744025836017e-08
-0.00077582000876,9.785744025836017e-08
0.00010448690168658595,3.8069529497454555
-0.0007758200087599954,9.785744057240853e-08
-0.000775820008759994,9.78574402583587e-08
-0.00077582000876,9.785744025836017e-08
-0.00077582000876,9.785744025836017e-08
-0.00077582000876,9.785744025836067e-08
-0.0007758198859495613,9.785741024553864e-08
-0.00077582000876,9.785744025836082e-08
-0.00077582000876,9.785744025836017e-08
-0.00077582000876,9.785744025836017e-08
-0.00077582000876,9.785744025836017e-08
-0.00077582000876,9.785744025836017e-08
-0.0007737187668334524,9.73439318008692e-08
0.0001546932778461066,3.807597621332997
-0.0007758200087599948,9.785744025835889e-08
-0.00077582000876,9.78574402583606e-08
-0.00077582000876,9.785744025836017e-08
-0.00077582000876,9.78574402583602e-08
-0.00077582000876,9.785744025836017e-08
-0.00077582000876,9.785744025836017e-08
-0.00077582000876,9.785744025836124e-08
-0.0007758200087598829,9.785744025833154e-08
-0.00077582000876,9.78574402583602e-08
-0.00077582000876,9.785744025836017e-08
-0.00077582000876,9.785744025836017e-08
-0.00077582000876,9.785744025836017e-08
2.7200829408492907e+23,-6.64742873038883e+19
-0.0007758200087599973,9.78574402583595e-08
-0.00077582000876,9.785744025836246e-08
-0.00077582000876,9.785744025836017e-08
-0.00077582000876,9.785744025836019e-08
-0.00077582000876,9.785744025836017e-08
-0.00077582000876,9.785744025836017e-08
-0.00077582000876,9.785744025836146e-08
-0.000775820008759967,9.785744029912698e-08
-0.00077582000876,9.785744025836017e-08
-0.00077582000876,9.785744025836017e-08
-0.00077582000876,9.785744025836017e-08
-0.00077582000876,9.785744025836017e-08
0.00010496421282502077,3.808906074687132
-0.0007758200087599991,9.785744029891714e-08
-0.0007758200087599666,9.785744025835365e-08
-0.00077582000876,9.785744025836017e-08
-0.00077582000876,9.785744025836019e-08
-0.00077582000876,9.785744025836017e-08
-0.00077582000876,9.785744025836017e-08
-0.00077582000876,9.785744025836157e-08
-0.0007758200087599586,9.785744029999226e-08
-0.00077582000876,9.785744025836016e-08
-0.00077582000876,9.785744025836017e-08
-0.00077582000876,9.785744025836017e-08
-0.00077582000876,9.785744025836017e-08
0.00015516820009822848,3.8095409711132224
-0.0007758200087599991,9.785744025835997e-08
-0.00077582000876,9.785744025836017e-08
-0.00077582000876,9.785744025836017e-08
-0.00077582000876,9.785744025836026e-08
-0.00077582000876,9.785744025836017e-08
-0.00077582000876,9.785744025836017e-08
-0.00077582000876,9.785744025836078e-08
-0.00077582000876,9.785744025836017e-08
-0.00077582000876,9.785744025836017e-08
-0.00077582000876,9.785744025836017e-08
-0.00077582000876,9.785744025836017e-08
-0.00077582000876,9.785744025836017e-08
4.0564817089278606e+29,-9.913364276974772e+25
-0.0007758200087599991,9.785744025835997e-08
-0.00077582000876,9.785744025841651e-08
-0.00077582000876,9.785744025836017e-08
-0.00077582000876,9.785744025836021e-08
-0.00077582000876,9.785744025836017e-08
8704.764589241764,-2.127299276364519
-0.00077582000876,9.785744025836057e-08
-0.00077582000876,9.785744025836017e-08
-0.00077582000876,9.785744025836017e-08
-0.00077582000876,9.785744025836017e-08
-0.00077582000876,9.785744025836017e-08
-0.00077582000876,9.785744025836017e-08
-107374180.79347959,26244.268569456028
-0.0007758200087599992,9.785744025836e-08
-0.00077582000876,9.785744025836017e-08
-0.00077582000876,9.785744025836017e-08
-0.00077582000876,9.785744025836019e-08
-0.00077582000876,9.785744025836017e-08
-0.00077582000876,9.785744025836017e-08
-0.00077582000876,9.785744025836062e-08
-0.00077582000876,9.785744025836017e-08
-0.00077582000876,9.785744025836195e-08
-0.00077582000876,9.785744025836017e-08
-0.00077582000876,9.785744025836017e-08
-0.00077582000876,9.785744025836017e-08
0.0001556455112366633,3.811494096054899
-0.0007758200087599992,9.785744025835997e-08
-0.00077582000876,9.785744025836017e-08
-0.00077582000876,9.785744025836017e-08
-0.00077582000876,9.785744025836019e-08
-0.00077582000876,9.785744025836017e-08
-0.00077582000876,9.785744025836017e-08
-0.00077582000876,9.785744025836071e-08
-0.00077582000876,9.785744025836017e-08
-0.0007758200087599999,9.785744025836015e-08
-0.00077582000876,9.785744025836017e-08
-0.00077582000876,9.785744025836017e-08
2240.1917842373805,-0.5474655754017441
5.848602975113718e+35,-1.429300954965351e+32
-0.0007758200087599992,9.785744025836e-08
-0.00077582000876,9.785744025836017e-08
-0.00077582000876,9.785744025836017e-08
-0.00077582000876,9.785744025836019e-08
-0.00077582000876,9.785744025836017e-08
-0.00077582000876,9.785744025836017e-08
-0.00077582000876,9.785744025836081e-08
-0.00077582000876,9.785744025836017e-08
-0.00077582000876,9.785744025836016e-08
-0.00077582000876,9.785744025836017e-08
-0.00077582000876,9.785744025836017e-08
-0.00077582000876,9.785744025836017e-08
-151996488924693.53,37145405102.40742
-0.0007758200087599994,9.785744025836004e-08
-0.00077582000876,9.785744025836017e-08
-0.00077582000876,9.785744025836017e-08
-0.00077582000876,9.785744025836017e-08
-0.00077582000876,9.785744025836017e-08
-0.0007758193964882258,2.60323218860235e-06
-0.00077582000876,9.785744025836087e-08
-0.00077582000876,9.785744025836017e-08
-0.00077582000876,9.785744025836017e-08
-0.00077582000876,9.785744025836021e-08
-0.00077582000876,9.785744025836017e-08
-0.00021827416144879646,2.2814400493375353
0.00015612043351606998,3.8134374458351243
-0.0007758200087599991,9.785744025835996e-08
-0.00077582000876,9.785744025836017e-08
-0.00077582000876,9.785744025836017e-08
-0.00077582000876,9.785744025836017e-08
-0.00077582000876,9.785744025836017e-08
-0.0007758200087525535,9.788791101184215e-08
-0.00077582000876,9.785744025836098e-08
-0.00077582000876,9.785744025836017e-08
-0.00077582000876,9.785744025836019e-08
-0.00077582000876,9.785744025836017e-08
-0.00077582000876,9.785744025836017e-08
-0.00077582000876,9.785744025836017e-08
0.00015627792518888147,3.8140818912351917
-0.000775820008759999,9.785744025835992e-08
-0.00077582000876,9.785744025836017e-08
-0.00077582000876,9.785744025836017e-08
-0.00077582000876,9.785744025836017e-08
-0.00077582000876,9.785744025836017e-08
-0.00077582000876,9.785744025836017e-08
-0.00077582000876,9.78574402583611e-08
-0.00077582000876,9.785744025836017e-08
-0.00077582000876,9.785744025836155e-08
-0.00077582000876,9.785744025836017e-08
-0.00077582000876,9.785744025836017e-08
-0.00077582000876,9.785744025836017e-08
-151996488924693.53,37145405102.40937
-0.0007758200087599988,9.78574402583599e-08
-0.00077582000876,9.785744025836017e-08
-0.00077582000876,9.785744025836017e-08
-0.00077582000876,9.785744025836017e-08
-0.00077582000876,9.785744025836017e-08
2.1245929500661966,-0.0005193067979360289
-0.00077582000876,9.785744025836202e-08
-0.00077582000876,9.785744025836017e-08
-0.00077582000876,9.785744025848896e-08
-0.00077582000876,9.785744025836017e-08
-0.00077582000876,9.785744025836017e-08
-0.00077582000876,9.785744025836017e-08
0.0001566370789902933,3.815380795605153
-0.0007758200087599989,9.785744025835992e-08
-0.00077582000876,9.785744025836017e-08
-0.00077582000876,9.785744025836017e-08
-0.00077582000876,9.785744025836017e-08
-0.00077582000876,9.785744025836017e-08
-0.00077582000876,9.785744025836017e-08
-0.00077582000876,9.785744025836472e-08
-0.00077582000876,9.785744025836017e-08
-0.00077582000876,9.785744025836017e-08
-0.00077582000876,9.785744025836017e-08
-0.00077582000876,9.785744025836017e-08
-0.00077582000876,9.785744025836017e-08
0.00015675284744100335,3.8160252410154167
-0.000775820008759999,9.785744025835992e-08
-0.00077582000876,9.785744025836017e-08
-0.00077582000876,9.785744025836017e-08
-0.00077582000876,9.785744025836017e-08
-0.00077582000876,9.785744025836017e-08
-0.00077582000876,9.785744025836017e-08
-0.00077582000876,9.785744025836488e-08
-0.00077582000876,9.785744025836017e-08
-0.00077582000876,9.785744025851352e-08
-0.00077582000876,9.785744025836017e-08
-0.00077582000876,9.785744025836017e-08
-0.00077582000876,9.785744025836017e-08
-2.30215350721047e+20,5.626078946261142e+16
-0.0007758200087599989,9.785744025835991e-08
-0.00077582000876,9.785744025836017e-08
-0.00077582000876,9.785744025836017e-08
-0.00077582000876,9.785744025836019e-08
-0.00077582000876,9.785744025836017e-08
-0.00023782780259070171,-3.3618875934352966e-08
-0.00077582000876,9.785744025836288e-08
-0.00077582000876,9.785744025836017e-08
-0.0007758200087599989,9.785744025837865e-08
-0.00077582000876,9.785744025836017e-08
-0.00077582000876,9.785744025836017e-08
-0.00077582000876,9.785744025836017e-08
0.058907068374612424,3.817309787876567
-0.0007758200087599991,9.785744025835996e-08
-0.00077582000876,9.785744025836017e-08
-0.00077582000876,9.785744025836017e-08
-0.00077582000876,9.785744025836019e-08
-0.00077582000876,9.785744025836017e-08
-0.0007758198813914298,9.785740913160738e-08
-0.00077582000876,9.785744025836241e-08
-0.00077582000876,9.785744025836017e-08
-0.00077582000876,9.785744025836238e-08
-0.00077582000876,9.785744025836017e-08
-0.00077582000876,9.785744025836017e-08
-0.00077582000876,9.785744025836017e-08
0.00015722776969312523,3.817968590795642
-0.0007758200087599992,9.785744025835997e-08
-0.00077582000876,9.785744025836017e-08
-0.00077582000876,9.785744025836037e-08
-0.00077582000876,9.785744025836025e-08
-0.00077582000876,9.785744025836017e-08
1.0120644154595488e+22,-2.473316519616647e+18
-0.00077582000876,9.785744025836343e-08
-0.00077582000876,9.785744025836017e-08
-0.00077582000876,9.785744025836022e-08
-0.00077582000876,9.785744025836019e-08
-0.00077582000876,9.785744025836017e-08
-0.00077582000876,9.785744025836017e-08
-3.218643887968968e+26,7.865828476206298e+22
-0.0007758200087599982,9.785744025835976e-08
-0.00077582000876,9.785744025836017e-08
-0.00077582000876,9.785744025836021e-08
-0.00077582000876,9.785744025836022e-08
-0.00077582000876,9.785744025836017e-08
-0.00077582000876,9.785744025836017e-08
-0.00077582000876,9.785744025836326e-08
-0.00077582000876,9.785744025836017e-08
-0.00077582000876,9.785744025836019e-08
-0.00077582000876,9.785744025836045e-08
-0.00077582000876,9.785744025836017e-08
-0.00077582000876,9.785744025847792e-08
89128.95843351184,-17.962362360871843
-0.0007758200087599976,9.78574402583596e-08
-0.00077582000876,9.785744025836017e-08
-0.00077582000876,9.78574402583602e-08
-0.00077582000876,9.785744025836038e-08
-0.00077582000876,9.785744025836017e-08
-0.00077582000876,9.785744025836017e-08
-0.00077582000876,9.7857440258363e-08
-0.00077582000876,9.785744025836017e-08
-0.00077582000876,9.78574402583602e-08
-0.00077582000876,9.785744025836022e-08
-0.00077582000876,9.785744025836017e-08
-0.00077582000876,9.78574402584788e-08
0.0001577026919452239,3.8199119405758672
-0.000775820008759998,9.78574402583597e-08
-0.00077582000876,9.785744025836017e-08
-0.00077582000876,9.785744025836019e-08
-0.00077582000876,9.785744025836017e-08
-0.00077582000876,9.785744025836017e-08
-0.00077582000876,9.785744025836019e-08
-0.00077582000876,9.785744025836261e-08
-0.0007758199943764479,9.78574367432601e-08
-0.0007758200086636115,9.785744023480445e-08
-0.00077582000876,9.785744025836022e-08
-0.00077582000876,9.785744025836017e-08
-0.00077582000876,9.785744025836017e-08
-4.93268180641331e+32,1.2054651078977836e+29
-0.0007758200087599982,9.785744025835974e-08
-0.00077582000876,9.785744025836017e-08
-0.00077582000876,9.785744025836019e-08
-0.00077582000876,9.785744025836017e-08
-0.00077582000876,9.785744025836017e-08
-0.00077582000876,9.785744025836017e-08
-0.00077582000876,9.785744025836238e-08
-0.0007758200006274469,9.786471650468865e-08
-0.00077582000876,9.78574402583602e-08
-0.00077582000876,9.785744025836045e-08
-0.00077582000876,9.785744025836017e-08
-0.00077582000876,9.785744025836017e-08
89128.95843398914,-17.960409235930168
-0.0007758200087599982,9.785744025835976e-08
-0.0007758200020500328,9.78625273710443e-08
-0.00077582000876,9.785744025836238e-08
-0.00077582000876,9.785744025836017e-08
-0.00077582000876,9.785744025836017e-08
-0.00077582000876,9.785744025836017e-08
-0.00077582000876,9.785744025836201e-08
-0.0007758200016819121,9.785743852859363e-08
-0.0007758200052066125,9.785743938997157e-08
-0.00077582000876,9.785744025836017e-08
-0.00077582000876,9.785744025836017e-08
-0.00077582000876,9.785744025836017e-08
0.0001581775804369277,3.821855290356101
-0.0007758200087599986,9.785744025835983e-08
-0.00077582000876,9.785744025836017e-08
-0.00077582000876,9.785744025836021e-08
-0.00077582000876,9.785744025836017e-08
-0.00077582000876,9.785744025836017e-08
-0.00077582000876,9.785744025836017e-08
-0.00077582000876,9.785744025836183e-08
-0.00077582000876,9.785744025836017e-08
-0.00077582000876,9.785744025836017e-08
-0.00077582000876,9.785744025836017e-08
-0.00077582000876,9.785744025836017e-08
-0.00077582000876,9.785744025836017e-08
0.0001583351641629852,3.822499974174732
-0.0007758200087599987,9.785744025835987e-08
-0.00077582000876,9.785744025836017e-08
-0.00077582000876,9.785744025836022e-08
-0.00077582000876,9.785744025836017e-08
-0.00077582000876,9.785744025836017e-08
-0.00077582000876,9.785744025836017e-08
-0.00077582000876,9.785744025836197e-08
-0.00077582000876,9.785744025836017e-08
-0.00077582000876,9.785744025836017e-08
-0.00077582000876,9.785744025836017e-08
-0.00077582000876,9.785744025836017e-08
-0.00077582000876,9.785744025836017e-08
1.9023205013863866e+17,-46489538114503.95
-0.0007758200087599989,9.785744025835991e-08
-0.00077582000876,9.785744025836017e-08
-0.0007758200055049465,9.785743946287944e-08
-0.0007758200087588811,9.786201859116192e-08
-0.00077582000876,9.785744025836017e-08
-0.00077582000876,9.785744025836017e-08
-0.00077582000876,9.78574402583617e-08
-0.0007758181531148623,9.785698676965893e-08
-0.0007758200087599444,9.785766772128577e-08
-0.00077582000876,9.785744025836017e-08
-0.00077582000876,9.785744025836017e-08
-0.00077582000876,9.785744025836017e-08
0.00015865489157536252,3.8238084152977776
-0.0007758200087599989,9.78574402583599e-08
-0.00077582000876,9.785744025836017e-08
-0.00077582000876,9.785744025836017e-08
-0.0007758200079757266,9.786727885302653e-08
-0.00077582000876,9.785744025836017e-08
-0.00077582000876,9.785744025836017e-08
-0.00077582000876,9.785744025836161e-08
-0.00077582000876,9.785744025836017e-08
-0.00077582000876,9.785744025836017e-08
-0.0007758200071464425,9.78581542054557e-08
-0.00077582000876,9.785744025836017e-08
-0.00077582000876,9.785744025836017e-08
0.0001588124753014201,3.8244530991164085
-0.0007758200087599989,9.785744025835992e-08
-0.00077582000876,9.785744025836017e-08
-0.00077582000876,9.785744025836017e-08
-0.0007758199984668883,9.785787487877747e-08
-0.00077582000876,9.785744025836017e-08
-0.00077582000876,9.785744025836017e-08
-0.00077582000876,9.785744025836147e-08
-0.00077582000876,9.785744025836017e-08
-0.00077582000876,9.785744025836017e-08
-0.0007758200085254074,9.785744483812903e-08
-0.00077582000876,9.785744025836017e-08
-0.00077582000876,9.785744025836017e-08
1.9023205013863866e+17,-46489538114503.945
-0.000775820008759999,9.785744025835992e-08
-0.00077582000876,9.785744025836017e-08
-0.00077582000876,9.785744025836017e-08
-0.0007758200078483924,9.786386577591869e-08
-0.00077582000876,9.785744025836017e-08
-0.00077582000876,9.785744025836017e-08
-0.00077582000876,9.785744025836159e-08
-0.00077582000876,9.785744025836017e-08
-0.00077582000876,9.785744025836017e-08
-0.0007758200072176723,9.785744435200356e-08
-0.00077582000876,9.785744025836017e-08
-0.00077582000876,9.785744025836017e-08
-71.6798390372376,3.8432593851414643
-0.0007758200087599991,9.785744025835995e-08
-0.00077582000876,9.785744025836017e-08
-0.000775820008759637,9.785892570397985e-08
-0.000775820008758392,9.785745891921999e-08
-0.00077582000876,9.785744025836017e-08
-0.00077582000876,9.785744025836017e-08
-0.00077582000876,9.785744025836017e-08
-0.00077582000876,9.785744025836017e-08
-0.00077582000876,9.785744025836017e-08
-0.000775820008753835,9.78574462817254e-08
-0.00077582000876,9.785744025836017e-08
-0.00077582000876,9.785744025836017e-08
0.000159287397553542,3.826396448896634
-0.0007758200087599991,9.785744025835996e-08
-0.00077582000876,9.785744025836017e-08
-0.00077582000876,9.785744025836017e-08
-0.0007758200087574315,9.785744025773248e-08
-0.00077582000876,9.785744025836017e-08
-0.00077582000876,9.785744025836017e-08
-0.00077582000876,9.785744025836017e-08
-0.00077582000876,9.785744025836017e-08
-0.00077582000876,9.785744025836017e-08
-0.0007758200087599993,9.785744311813878e-08
-0.00077582000876,9.785744025836017e-08
-0.00077582000876,9.785744025836017e-08
4.0564817089278606e+29,-9.913364276974772e+25
-0.000775820008759999,9.785744025835995e-08
-0.00077582000876,9.785744025836017e-08
-0.0007758200087599988,9.785744503392374e-08
-0.0007758200087567782,9.78574447563462e-08
-0.00077582000876,9.785744025836017e-08
-0.00077582000876,9.785744025836017e-08
-0.00077582000876,9.785744025836017e-08
-0.0007758198668444554,9.785740557656964e-08
-0.0007758200087582072,9.786477588677343e-08
-0.0007758200087538338,9.785745119636203e-08
-0.00077582000876,9.785744025836017e-08
-0.00077582000876,9.785744025836017e-08
-71.67983855992645,3.8452125100831407
-0.0007758200087599985,9.785744647660588e-08
-0.00077582000876,9.785744025836017e-08
-0.0007758199468900135,9.785742513836808e-08
-0.0007758200087596266,9.785744170214746e-08
-0.00077582000876,9.785744025836017e-08
-0.00077582000876,9.785744025836017e-08
-0.00077582000876,9.785744025836099e-08
-0.00077582000876,9.785744025836017e-08
-0.00077582000876,9.785744025836017e-08
-0.0007758200087487831,9.785744083872344e-08
-0.00077582000876,9.785744025836017e-08
-0.00077582000876,9.785744025836017e-08
0.0001597647086919768,3.8283495738383104
-0.0007758200087599985,9.785744667089322e-08
0.004260855677727738,-1.133022036290091e-06
-0.0007758200087599987,9.785744545024889e-08
-0.0007758200087599993,9.785744313223912e-08
-0.00077582000876,9.785744025836017e-08
-0.00077582000876,9.785744025836017e-08
-0.00077582000876,9.785744025836086e-08
-0.0007758180000477523,9.785694936261191e-08
-0.00077582000876,9.785744025836017e-08
-0.0007758200087466182,9.785744064725571e-08
-0.00077582000876,9.785744025836017e-08
-0.00077582000876,9.785744025836017e-08
5.848602975113718e+35,-1.429300954965351e+32
-0.0007758200087599986,9.785744581046954e-08
0.0023376110558122197,-6.630131493075761e-07
-0.0007758200087597273,9.7858556218082e-08
-0.0007758200087595817,9.785744052555207e-08
-0.00077582000876,9.785744025836017e-08
-0.00077582000876,9.785744025836017e-08
-0.00077582000876,9.785744025836074e-08
-0.0007758200074523342,9.785743993878848e-08
-0.00077582000876,9.785744025836017e-08
-0.0007758200087501154,9.785744075925054e-08
-0.00077582000876,9.785744025836017e-08
-0.00077582000876,9.785744025836017e-08
-151996488924693.53,37145405102.42426
-0.0007758200087599982,9.785744730926931e-08
0.0009716291005432098,-3.2918995743781646e-07
-0.0007758200087202276,9.785749978204802e-08
-0.0007758200087596564,9.785744038498432e-08
-0.00077582000876,9.785744025836017e-08
-0.00077582000876,9.785744025836017e-08
-0.00077582000876,9.785744025836067e-08
-0.0007758200086951464,9.785744024251102e-08
-0.00077582000876,9.785744025836017e-08
-0.0007758200087106919,9.78574418843591e-08
-0.00077582000876,9.785744025836017e-08
-0.00077582000876,9.785744025836017e-08
0.00016023724208507055,3.8302831484570845
-0.0007758200087599985,9.785744661537444e-08
0.0004223120122047666,-1.9494602905325087e-07
-0.0007758200087599837,9.785750689714388e-08
-0.0007758200087598037,9.78574410912724e-08
-0.00077582000876,9.785744025836017e-08
-0.00077582000876,9.785744025836017e-08
-0.00077582000876,9.785744025836062e-08
-0.0007755822486570177,0.0009729953412261788
-0.0007758200087599535,9.7857630372704e-08
-0.0007758200087572786,9.785744186798846e-08
-0.00077582000876,9.785744025836017e-08
-0.00077582000876,9.785744025836017e-08
5.848602975113718e+35,-1.429300954965351e+32
-0.0007758200087599984,9.785744672639673e-08
0.00011316281062952053,-1.1939512383392656e-07
-0.00077582000876,9.785744025836017e-08
-0.0007758200087593993,9.785744077892289e-08
-0.00077582000876,9.785744025836017e-08
-0.00077582000876,9.785744025836017e-08
-0.00077582000876,9.78574402583606e-08
-0.0007756503030080597,0.0006945223327359296
-0.0007758200072457678,9.785925887776497e-08
-0.000775820008753612,9.785745053011638e-08
-0.00077582000876,9.785744025836017e-08
-0.00077582000876,9.785744025836017e-08
-151996488924693.53,37145405102.426216
-0.0007758200087599987,9.785744550515144e-08
-0.0007758200078075773,9.785744002560396e-08
-0.0007758200087599422,9.785767661513145e-08
-0.000775820008759802,9.785744070269282e-08
-0.00077582000876,9.785744025836017e-08
-0.00077582000876,9.785744025836017e-08
-0.00077582000876,9.785744025836057e-08
-0.0007758200084845144,9.785778487390611e-08
-0.0007758200087598384,9.785810123856282e-08
-0.0007758200087488412,9.785744478166446e-08
-0.00077582000876,9.785744025836017e-08
-0.00077582000876,9.785744025836017e-08
0.00016075388755929388,3.8322264982271137
-0.0007758200087599989,9.785744472799451e-08
-0.0003694754832708713,-1.4463799526982397e-09
-0.0007758200087155708,9.785747512117127e-08
-0.0007758200087596336,9.785744118866404e-08
-0.00077582000876,9.785744025836017e-08
-0.00077582000876,9.785744025836017e-08
-0.00077582000876,9.785744025836052e-08
-0.0007758200081025356,9.785776879331772e-08
-0.00077582000876,9.785744025836017e-08
-0.0007758200087493931,9.785744337920382e-08
-0.00077582000876,9.785744025836017e-08
-0.00077582000876,9.785744025836017e-08
0.00016087204489631686,3.8328807187988283
-0.000775820008759999,9.785744422838992e-08
-0.000775820008759875,9.785795200464343e-08
-0.0007758200085588443,9.785899670235469e-08
-0.0007758200087566112,9.785744686567837e-08
-0.00077582000876,9.785744025836017e-08
-0.00077582000876,9.785744025836017e-08
-0.00077582000876,9.78574402583605e-08
-0.0007757722219653156,0.0001956381938482245
-0.0007758200087598514,9.785804794807606e-08
-0.0007758200087465058,9.785744669435615e-08
-0.00077582000876,9.785744025836017e-08
-0.00077582000876,9.785744025836017e-08
-2.30215350721047e+20,5.626078946261142e+16
-0.0007758200087599991,9.785744372829914e-08
-0.00077582000876,9.785744025836017e-08
-0.0007758200087599769,9.785753487462096e-08
-0.0007758200087586031,9.785744717147268e-08
-0.00077582000876,9.785744025836017e-08
-0.00077582000876,9.785744025836017e-08
-0.00077582000876,9.785744025836044e-08
-0.0007758200063009955,9.785743965742051e-08
-0.00077582000876,9.785744025836017e-08
-0.0007758200086973555,9.785744245054969e-08
-0.00077582000876,9.785744025836017e-08
-0.00077582000876,9.785744025836017e-08
0.058911185183181426,3.834155490498527
-0.0007758200087599989,9.7857443325843e-08
-0.00077582000876,9.785744025836017e-08
-0.0007758200083957035,9.785764272458242e-08
-0.0007758200086596019,9.785744487131567e-08
-0.00077582000876,9.785744025836017e-08
-0.00077582000876,9.785744025836017e-08
-0.00077582000876,9.785744025836041e-08
-0.0007758200035009326,9.78574389731319e-08
-0.00077582000876,9.785744025836017e-08
-0.0007758200086871419,9.785744090692095e-08
-0.00077582000876,9.785744025836017e-08
-0.00077582000876,9.785744025836017e-08
0.00016134696714843885,3.834824068579054
-0.0007758200087599986,9.785744486631448e-08
-0.00077582000876,9.785744025836017e-08
-0.000775820008752054,9.788995469297762e-08
-0.0007758200087599976,9.785745019946296e-08
-0.00077582000876,9.785744025836017e-08
-0.00077582000876,9.785744025836017e-08
-0.00077582000876,9.785744025836037e-08
-0.0007758200015966808,9.785743850776452e-08
-0.00077582000876,9.785744025836017e-08
-0.0007758200087591973,9.785744445111317e-08
-0.00077582000876,9.785744025836017e-08
-0.00077582000876,9.785744025836017e-08
-3.218643887968968e+26,7.865828476206298e+22
-0.0007758200087599986,9.785744475529008e-08
-0.00077582000876,9.785744025836017e-08
-0.0007758200087599544,9.785762677582274e-08
-0.0007758200087593464,9.785744456261704e-08
-0.00077582000876,9.785744025836017e-08
-0.00077582000876,9.785744025836017e-08
-0.00077582000876,9.785744025836036e-08
-0.00077582000876,9.785744025836017e-08
-0.00077582000876,9.785744025836017e-08
-0.0007758200087459265,9.785778676285555e-08
-0.00077582000876,9.785744025836017e-08
-0.00077582000876,9.785744025836017e-08
89128.95843762865,-17.945516658249883
-0.0007758200087599998,9.785744025836012e-08
-0.00077582000876,9.785744025836017e-08
-0.0007758185222528853,6.179220866825821e-06
-0.000775820008759685,9.785744359009714e-08
-0.0007758200087594617,9.785964311598232e-08
-0.00077582000876,9.785744025836017e-08
-0.00077582000876,9.785744025836034e-08
-0.00077582000876,9.785744025836017e-08
-0.00077582000876,9.785744025836017e-08
-0.0007758200087586673,9.785744025803449e-08
-0.00077582000876,9.785744025836017e-08
-0.00077582000876,9.785744025836017e-08
0.00016181950051422436,3.836757643197828
-0.0007758200087599991,9.785744300642334e-08
-0.00077582000876,9.785744025836017e-08
-0.00077582000876,9.785744025836017e-08
-0.0007758200086551623,9.785744046533517e-08
-0.00077582000876,9.785744025836017e-08
-0.00077582000876,9.785744025836017e-08
-0.00077582000876,9.785744025836033e-08
-0.0007758199993808362,9.785743796624907e-08
-0.0007732559809537348,1.4983023486674162e-06
-0.0007758200087588451,9.785745097542266e-08
-0.00077582000876,9.785744025836017e-08
-0.00077582000876,9.785744025836017e-08
-4.93268180641331e+32,1.2054651078977836e+29
-0.0007758200087599994,9.785744193076374e-08
-0.0007758191928856364,3.4363602333676757e-06
-0.0007758200072461694,9.785745165990113e-08
-0.0007758200087596493,9.785744045603298e-08
-0.00077582000876,9.785744025836017e-08
-0.00077582000876,9.785744025836017e-08
-0.00077582000876,9.78574402583603e-08
-0.00077582000876,9.785744025836017e-08
-0.00077582000876,9.785744025836017e-08
-0.0007758200087579483,9.785964388648026e-08
-0.00077582000876,9.785744025836017e-08
-0.00077582000876,9.785744025836017e-08
89128.95843810595,-17.943563533308208
-0.0007758200087599995,9.785744150749135e-08
-0.00077582000876,9.785744025836017e-08
-0.0007758200087599967,9.785745341762902e-08
-0.0007758200087595377,9.785744279901534e-08
-0.00077582000876,9.785744025836017e-08
-0.00077582000876,9.785744025836017e-08
-0.00077582000876,9.785744025836029e-08
-0.0007758198786685385,9.785740846617819e-08
-0.00077582000876,9.785744025836017e-08
-0.0007758200087570356,9.785747158066769e-08
-0.00077582000876,9.785744025836017e-08
-0.00077582000876,9.785744025836017e-08
0.00016229438900592817,3.8387009929780613
-0.0007758200087599995,9.785744141728477e-08
-0.00077582000876,9.785744025836017e-08
-0.000775820008759689,9.785871252978137e-08
-0.0007758200087500594,9.785744060648656e-08
-0.00077582000876,9.785744025836017e-08
-0.00077582000876,9.785744025836017e-08
-0.00077582000876,9.785744025836028e-08
-0.00077582000876,9.785744025836017e-08
-0.00077582000876,9.785744025836017e-08
-0.0007758200087599986,9.78574460333544e-08
-0.00077582000876,9.785744025836017e-08
-0.00077582000876,9.785744025836017e-08
0.0001624543616182987,3.8393554519581437
-0.0007758200087599997,9.785744116748238e-08
-0.00077582000876,9.785744025836017e-08
-0.0007758200087599459,9.785766146458561e-08
-0.0007758200087551119,9.785744500562438e-08
-0.00077582000876,9.785744025836017e-08
-0.00077582000876,9.785744025836017e-08
-0.00077582000876,9.785744025836026e-08
-0.00077582000876,9.785744025836017e-08
-0.00077582000876,9.785744025836017e-08
-0.0007758200051779993,9.785743938297899e-08
-0.00077582000876,9.785744025836017e-08
-0.00077582000876,9.785744025836017e-08
1.9023205013863866e+17,-46489538114503.93
-0.0007758200087599997,9.785744101823175e-08
-0.00077582000876,9.785744025836017e-08
-0.0007758200087596977,9.785867700036883e-08
-0.0007758200087533901,9.785744858792313e-08
-0.00077582000876,9.785744025836017e-08
-0.00077582000876,9.785744025836017e-08
-0.00077582000876,9.785744025836025e-08
-0.00077582000876,9.785744025836017e-08
-0.00077582000876,9.785744025836017e-08
-0.0007758200085600951,9.785770500418415e-08
-0.00077582000876,9.785744025836017e-08
-0.00077582000876,9.785744025836017e-08
0.0001627717001443631,3.840654117919738
-0.0007758200087599998,9.785744091067873e-08
-0.00077582000876,9.785744025836017e-08
-0.0007758200087588397,9.786218827226629e-08
-0.0007758199951134382,9.785744046332952e-08
-0.00077582000876,9.785744025836017e-08
-0.00077582000876,9.785744025836017e-08
-0.00077582000876,9.785744025836025e-08
-0.00077582000876,9.785744025836017e-08
-0.00077582000876,9.785744025836017e-08
-0.00077582000876,9.785744025836017e-08
-0.00077582000876,9.785744025836017e-08
-0.00077582000876,9.785744025836017e-08
0.00016292928387042058,3.841298801738369
-0.00077582000876,9.785744025836016e-08
-0.00077582000876,9.785744025836017e-08
-0.00077582000876,9.785744025836017e-08
-0.0007758200087560283,9.785744254834759e-08
-0.00077582000876,9.785744025836017e-08
-0.00077582000876,9.785744025836017e-08
-0.00077582000876,9.785744025836024e-08
-0.00077582000876,9.785744025836017e-08
-0.00077582000876,9.785744025836017e-08
-0.000775820008759945,9.785766502585083e-08
-0.00077582000876,9.785744025836017e-08
-0.00077582000876,9.785744025836017e-08
2.7200829408492907e+23,-6.64742873038883e+19
-0.0007758200087599999,9.785744064523466e-08
-0.00077582000876,9.785744025836017e-08
-0.000774977256281201,0.0034485840825879393
-0.0007758200086875546,9.785754996663513e-08
-0.00077582000876,9.785744025836017e-08
-0.00077582000876,9.785744025836017e-08
-0.00077582000876,9.785744025836024e-08
-0.00077582000876,9.785744025836017e-08
-0.00077582000876,9.785744025836017e-08
0.0006818556571006215,-2.5837416412812667e-07
-0.00077582000876,9.785744025836017e-08
-0.00077582000876,9.785744025836017e-08
0.00011319782996302191,3.8425974799310527
-0.0007758200087599999,9.785744064696939e-08
-0.00077582000876,9.785744025836017e-08
-0.0007751896012697209,0.0025796827309909178
-0.0007758200087599802,9.785752111841329e-08
-0.00077582000876,9.785744025836017e-08
-0.00077582000876,9.785744025836017e-08
-0.00077582000876,9.785744025836022e-08
-0.00077582000876,9.785744025836017e-08
-0.00077582000876,9.785744025836017e-08
-0.00077582000876,9.785744025836017e-08
-0.00077582000876,9.785744025836017e-08
-0.00077582000876,9.785744025836017e-08
0.00016340420612254245,3.843242151518594
-0.0007758200087599999,9.78574405931929e-08
-0.00077582000876,9.785744025836017e-08
-0.00077582000876,9.785744025836017e-08
-0.0007758200087599774,9.78575326646172e-08
-0.00077582000876,9.785744025836017e-08
-0.00077582000876,9.785744025836017e-08
-0.00077582000876,9.785744025836021e-08
-0.00077582000876,9.785744025836017e-08
-0.00077582000876,9.785744025836017e-08
-6.987175572378173e-05,-7.466453063181967e-08
-0.00077582000876,9.785744025836017e-08
-0.00077582000876,9.785744025836017e-08
4.0564817089278606e+29,-9.913364276974772e+25
-0.0007758200087599999,9.785744045526681e-08
-0.00077582000876,9.785744025836017e-08
-0.00077582000876,9.785744025836017e-08
3210.5002259602556,13112464.606966428
-0.00077582000876,9.785744025836017e-08
-0.00077582000876,9.785744025836017e-08
-0.00077582000876,9.785744025836021e-08
-0.00077582000876,9.785744025836017e-08
-0.00077582000876,9.785744025836017e-08
-0.00077582000876,9.785744025836017e-08
-0.00077582000876,9.785744025836017e-08
-0.00077582000876,9.785744025836017e-08
-71.67983444311788,3.8620582127051013
-0.0007758200087599999,9.785744042924596e-08
-0.00077582000876,9.785744025836017e-08
-0.00077582000876,9.785744025836017e-08
-0.0006642059055207427,7.058081624638919e-08
-0.00077582000876,9.785744025836017e-08
-0.00077582000876,9.785744025836017e-08
-0.00077582000876,9.785744025836021e-08
-0.00077582000876,9.785744025836017e-08
-0.00077582000876,9.785744025836017e-08
0.0009259938300885065,-3.180374589833045e-07
-0.00077582000876,9.785744025836017e-08
-0.00077582000876,9.785744025836017e-08
0.00016387912837466433,3.8451855012988196
-0.0007758200087599999,9.785744041623552e-08
-0.00077582000876,9.785744025836017e-08
-0.00077582000876,9.785744025836017e-08
-0.0006894783614623236,7.67569826856779e-08
-0.00077582000876,9.785744025836017e-08
-0.00077582000876,9.785744025836017e-08
-0.00077582000876,9.785744025836021e-08
-0.00077582000876,9.785744025836017e-08
-0.00077582000876,9.785744025836017e-08
-0.00077582000876,9.785744025836017e-08
-0.00077582000876,9.785744025836017e-08
-0.00077582000876,9.785744025836017e-08
5.848602975113718e+35,-1.429300954965351e+32
-0.00077582000876,9.785744038587783e-08
-0.00077582000876,9.785744025836017e-08
-0.00077582000876,9.785744025836017e-08
-0.0006837562939068834,7.53586048754269e-08
-0.00077582000876,9.785744025836017e-08
-0.00077582000876,9.785744025836017e-08
-0.00077582000876,9.785744025836021e-08
-0.00077582000876,9.785744025836017e-08
-0.00077582000876,9.785744025836017e-08
-0.00077582000876,9.785744025836017e-08
-0.00077582000876,9.785744025836017e-08
-0.00077582000876,9.785744025836017e-08
-151996488924693.53,37145405102.44111
-0.00077582000876,9.785744035464507e-08
-0.00077582000876,9.785744025836017e-08
-0.00077582000876,9.785744025836017e-08
-0.00077582000876,9.785744025836017e-08
-0.00077582000876,9.785744025836017e-08
-0.00077582000876,9.785744025836017e-08
-0.00077582000876,9.78574402583602e-08
-0.00077582000876,9.785744025836017e-08
-0.00077582000876,9.785744025836017e-08
-0.00077582000876,9.785744025836017e-08
-0.00077582000876,9.785744025836017e-08
-0.00077582000876,9.785744025836017e-08
0.00016435405065407102,3.8471288510790447
-0.00077582000876,9.785744034120096e-08
-0.00077582000876,9.785744025836017e-08
-0.00077582000876,9.785744025836017e-08
-0.00077582000876,9.785744025836017e-08
-0.00077582000876,9.785744025836017e-08
-0.00077582000876,9.785744025836017e-08
-0.00077582000876,9.78574402583602e-08
-0.00077582000876,9.785744025836017e-08
-0.00077582000876,9.785744025836017e-08
-0.00077582000876,9.785744025836017e-08
-0.00077582000876,9.785744025836017e-08
-0.00077582000876,9.785744025836017e-08
5.848602975113718e+35,-1.429300954965351e+32
-0.00077582000876,9.785744032775683e-08
-0.00077582000876,9.785744025836017e-08
-0.00077582000876,9.785744025836017e-08
-0.00077582000876,9.785744025836017e-08
-0.00077582000876,9.785744025836017e-08
-0.00077582000876,9.785744025836017e-08
-0.00077582000876,9.785744025836017e-08
-0.00077582000876,9.785744025836017e-08
-0.00077582000876,9.785744025836017e-08
-0.00077582000876,9.785744025836017e-08
-0.00077582000876,9.785744025836017e-08
-0.00077582000876,9.785744025836017e-08
-2.30215350721047e+20,5.626078946261142e+16
-0.00077582000876,9.785744032081796e-08
-0.00077582000876,9.785744025836017e-08
-0.00077582000876,9.785744025836017e-08
-0.00077582000876,9.785744025836017e-08
-0.00077582000876,9.785744025836017e-08
-0.00077582000876,9.785744025836017e-08
-0.00077582000876,9.78574402583602e-08
-0.00077582000876,9.785744025836017e-08
-0.00077582000876,9.785744025836017e-08
-0.00077582000876,9.785744025836017e-08
-0.00077582000876,9.785744025836017e-08
-0.00077582000876,9.785744025836017e-08
0.00016487069612829445,3.849072200849074
-0.00077582000876,9.785744031148993e-08
-0.00077582000876,9.785744025836017e-08
-0.00077582000876,9.785744025836017e-08
-0.00077582000876,9.785744025836017e-08
-0.00077582000876,9.785744025836017e-08
-0.00077582000876,9.785744025836017e-08
-0.00077582000876,9.78574402583602e-08
-0.00077582000876,9.785744025836017e-08
-0.00077582000876,9.785744025836017e-08
-0.00077582000876,9.785744025836017e-08
-0.00077582000876,9.785744025836017e-08
-0.00077582000876,9.785744025836017e-08
0.00016498885346531743,3.849726421420789
-0.00077582000876,9.785744030520157e-08
-0.00077582000876,9.785744025836017e-08
-0.00077582000876,9.785744025836017e-08
-0.00077582000876,9.785744025836017e-08
-0.00077582000876,9.785744025836017e-08
-0.00077582000876,9.785744025836017e-08
-0.00077582000876,9.78574402583602e-08
-0.00077582000876,9.785744025836017e-08
-0.00077582000876,9.785744025836017e-08
-0.00077582000876,9.785744025836017e-08
-0.00077582000876,9.785744025836017e-08
-0.00077582000876,9.785744025836017e-08
-2.30215350721047e+20,5.626078946261142e+16
-0.00077582000876,9.785744030498472e-08
-0.00077582000876,9.785744025836017e-08
-0.00077582000876,9.785744025836017e-08
-0.00077582000876,9.785744025836017e-08
-0.00077582000876,9.785744025836017e-08
-0.00077582000876,9.785744025836017e-08
-0.00077582000876,9.78574402583602e-08
-0.0007758200028761651,9.785743882044912e-08
-0.00077582000876,9.785744025836017e-08
-0.00077582000876,9.785744025836017e-08
-0.00077582000876,9.785744025836017e-08
-0.00077582000876,9.785744025836017e-08
0.05891530199175042,3.8510011931204877
-0.00077582000876,9.785744030520157e-08
-0.00077582000876,9.785744025836017e-08
-0.00077582000876,9.785744025836017e-08
-0.00077582000876,9.785744025836017e-08
-0.00077582000876,9.785744025836017e-08
-0.00077582000876,9.785744025836017e-08
-0.00077582000876,9.78574402583602e-08
-0.00077582000876,9.785744025836017e-08
-0.00077582000876,9.785744025836017e-08
-0.00077582000876,9.785744025836017e-08
-0.00077582000876,9.785744025836017e-08
-0.00077582000876,9.785744025836017e-08
-0.00042146423706562616,1.4499999830325487
-0.00077582000876,9.785744030043108e-08
-0.00077582000876,9.785744025836017e-08
-0.00077582000876,9.785744025836017e-08
-0.00077582000876,9.785744025836017e-08
-0.00077582000876,9.785744025836017e-08
-0.00077582000876,9.785744025836017e-08
-0.00077582000876,9.78574402583602e-08
-0.00077582000876,9.785744025836017e-08
-0.00077582000876,9.785744025836017e-08
-0.00077582000876,9.785744025836017e-08
-0.00077582000876,9.785744025836017e-08
-0.00077582000876,9.785744025836017e-08
-0.00033165335694337997,1.817500038815611
-0.00077582000876,9.785744029978055e-08
-0.00077582000876,9.785744025836017e-08
-0.00077582000876,9.785744025836017e-08
-0.00077582000876,9.785744025836017e-08
-0.00077582000876,9.785744025836017e-08
-0.00077582000876,9.785744025836017e-08
-0.00077582000876,9.78574402583602e-08
-0.00077582000876,9.785744025836017e-08
-0.00077582000876,9.785744025836017e-08
-0.00077582000876,9.785744025836017e-08
-0.00077582000876,9.785744025836017e-08
-0.00077582000876,9.785744025836017e-08
-0.00030446576690353885,1.9287499591995731
-0.00077582000876,9.78574402930585e-08
-0.00077582000876,9.785744025836017e-08
-0.00077582000876,9.785744025836017e-08
-0.00077582000876,9.785744025836017e-08
-0.00077582000876,9.785744025836017e-08
-0.00077582000876,9.785744025836017e-08
-0.00077582000876,9.78574402583602e-08
-0.00077582000876,9.785744025836017e-08
-0.00077582000876,9.785744025836017e-08
-0.00077582000876,9.785744025836017e-08
-0.00077582000876,9.785744025836017e-08
-0.00077582000876,9.785744025836017e-08
-107374180.79391907,26242.470229665978
-0.00077582000876,9.785744029370904e-08
-0.00077582000876,9.785744025836017e-08
-0.00077582000876,9.785744025836017e-08
-0.00077582000876,9.785744025836017e-08
-0.00077582000876,9.785744025836017e-08
-0.00077582000876,9.785744025836017e-08
-0.00077582000876,9.78574402583602e-08
-0.00077582000876,9.785744025836017e-08
-0.00077582000876,9.785744025836017e-08
-0.00077582000876,9.785744025836017e-08
-0.00077582000876,9.785744025836017e-08
-0.00077582000876,9.785744025836017e-08
-2.30215350721047e+20,5.626078946261142e+16
-0.00077582000876,9.78574402872038e-08
-0.00077582000876,9.785744025836017e-08
-0.00077582000876,9.785744025836017e-08
-0.00077582000876,9.785744025836017e-08
-0.00077582000876,9.785744025836017e-08
-0.00077582000876,9.785744025836017e-08
-0.00077582000876,9.78574402583602e-08
-0.00077582000876,9.785744025836017e-08
-0.00077582000876,9.785744025836017e-08
-0.00077582000876,9.785744025836017e-08
-0.00077582000876,9.785744025836017e-08
-0.00077582000876,9.785744025836017e-08
-4.93268180641331e+32,1.2054651078977836e+29
-0.00077582000876,9.785744029002274e-08
-0.00077582000876,9.785744025836017e-08
-0.00077582000876,9.785744025836017e-08
-0.00077582000876,9.785744025836017e-08
-0.00077582000876,9.785744025836017e-08
-0.00077582000876,9.785744025836017e-08
-0.00077582000876,9.78574402583602e-08
-0.00077582000876,9.785744025836017e-08
-0.00077582000876,9.785744025836017e-08
-0.00077582000876,9.785744025836017e-08
-0.00077582000876,9.785744025836017e-08
-0.00077582000876,9.785744025836017e-08
-0.00022473569106673432,2.254999906541875
-0.00077582000876,9.785744028958905e-08
-0.00077582000876,9.785744025836017e-08
-0.00077582000876,9.785744025836017e-08
-0.00077582000876,9.785744025836017e-08
-0.00077582000876,9.785744025836017e-08
-0.00077582000876,9.785744025836017e-08
-0.00077582000876,9.78574402583602e-08
-0.00077582000876,9.785744025836017e-08
-0.00077582000876,9.785744025836017e-08
-0.00077582000876,9.785744025836017e-08
-0.00077582000876,9.785744025836017e-08
-0.00077582000876,9.785744025836017e-08
-0.000214502109960621,2.2968750292690783
-0.00077582000876,9.785744029501006e-08
-0.00077582000876,9.785744025836017e-08
-0.00077582000876,9.785744025836017e-08
-0.00077582000876,9.785744025836017e-08
-0.00077582000876,9.785744025836017e-08
-0.00077582000876,9.785744025836017e-08
-0.00077582000876,9.78574402583602e-08
-0.00077582000876,9.785744025836017e-08
-0.00077582000876,9.785744025836017e-08
-0.00077582000876,9.785744025836017e-08
-0.00077582000876,9.785744025836017e-08
-0.00077582000876,9.785744025836017e-08
-0.0002044213010474978,2.3381250185005444
-0.00077582000876,9.785744029501006e-08
-0.00077582000876,9.785744025836017e-08
-0.00077582000876,9.785744025836017e-08
-0.00077582000876,9.785744025836017e-08
-0.00077582000876,9.785744025836017e-08
-0.00077582000876,9.785744025836017e-08
-0.00077582000876,9.78574402583602e-08
-0.00077582000876,9.785744025836017e-08
-0.00077582000876,9.785744025836017e-08
-0.00077582000876,9.785744025836017e-08
-0.00077582000876,9.785744025836017e-08
-0.00077582000876,9.785744025836017e-08
-0.00019418777820690426,2.379999902809175
-0.00077582000876,9.785744029999739e-08
-0.00077582000876,9.785744025836017e-08
-0.00077582000876,9.785744025836017e-08
-0.00077582000876,9.785744025836017e-08
-0.00077582000876,9.785744025836017e-08
-0.00077582000876,9.785744025836017e-08
-0.00077582000876,9.78574402583602e-08
-0.00077582000876,9.785744025836017e-08
-0.00077582000876,9.785744025836017e-08
-0.00077582000876,9.785744025836017e-08
-0.00077582000876,9.785744025836017e-08
-0.00077582000876,9.785744025836017e-08
-0.00018425968322125148,2.4206249969634768
-0.00077582000876,9.785744030390051e-08
-0.00077582000876,9.785744025836017e-08
-0.00077582000876,9.785744025836017e-08
-0.00077582000876,9.785744025836017e-08
-0.00077582000876,9.785744025836017e-08
-0.00077582000876,9.785744025836017e-08
-0.00077582000876,9.78574402583602e-08
-0.00077582000876,9.785744025836017e-08
-0.00077582000876,9.785744025836017e-08
-0.00077582000876,9.785744025836017e-08
-0.00077582000876,9.785744025836017e-08
-0.00077582000876,9.785744025836017e-08
-0.00017402616038065795,2.4624998812721075
-0.00077582000876,9.785744031235729e-08
-0.00077582000876,9.785744025836017e-08
-0.00077582000876,9.785744025836017e-08
-0.00077582000876,9.785744025836017e-08
-0.00077582000876,9.785744025836017e-08
-0.00077582000876,9.785744025836017e-08
-0.00077582000876,9.78574402583602e-08
-0.00077582000876,9.785744025836017e-08
-0.00077582000876,9.785744025836017e-08
-0.00077582000876,9.785744025836017e-08
-0.00077582000876,9.785744025836017e-08
-0.00077582000876,9.785744025836017e-08
-0.00016432716541897076,2.502187513601376
-0.00077582000876,9.785744030476788e-08
-0.00077582000876,9.785744025836017e-08
-0.00077582000876,9.785744025836017e-08
-0.00077582000876,9.785744025836017e-08
-0.00077582000876,9.785744025836017e-08
-0.00077582000876,9.785744025836017e-08
-0.00077582000876,9.78574402583602e-08
-0.00077582000876,9.785744025836017e-08
-0.00077582000876,9.785744025836017e-08
-0.00077582000876,9.785744025836017e-08
-0.00077582000876,9.785744025836017e-08
-0.00077582000876,9.785744025836017e-08
-0.0001592867900951691,2.5228123890078225
-0.00077582000876,9.78574403075868e-08
1279574.0187607247,5235930467.646735
-0.00077582000876,9.785744025836017e-08
-0.00077582000876,9.785744025836017e-08
-0.00077582000876,9.785744025836017e-08
-0.00077582000876,9.785744025836017e-08
-0.00077582000876,9.78574402583602e-08
-0.00077582000876,9.785744025836017e-08
-0.00077582000876,9.785744025836017e-08
-0.00077582000876,9.785744025836017e-08
-0.00077582000876,9.785744025836017e-08
-0.00077582000876,9.785744025836017e-08
-0.00015424635650584755,2.5434375028328415
-0.00077582000876,9.785744033903253e-08
-0.00077582000876,9.785744025836017e-08
-0.00077582000876,9.785744025836017e-08
0.060583880461596115,251.0797502906439
-0.00077582000876,9.785744025836017e-08
-0.00077582000876,9.785744025836017e-08
-0.00077582000876,9.78574402583602e-08
-0.00077582000876,9.785744025836017e-08
-0.00077582000876,9.785744025836017e-08
-0.00077582000876,9.785744025836017e-08
-0.00077582000876,9.785744025836017e-08
-0.00077582000876,9.785744025836017e-08
-0.0001492059811820459,2.5640623782392886
-0.00077582000876,9.785744033859885e-08
635686.8749711385,2601187762.3243694
-0.00077582000876,9.785744025836017e-08
-0.00077582000876,9.785744025836017e-08
-0.00077582000876,9.785744025836017e-08
-0.00077582000876,9.785744025836017e-08
-0.00077582000876,9.78574402583602e-08
-0.00077582000876,9.785744025836017e-08
-0.00077582000876,9.785744025836017e-08
-0.00077582000876,9.785744025836017e-08
-0.00077582000876,9.785744025836017e-08
-0.00077582000876,9.785744025836017e-08
-151996488924693.53,37145405101.179634
-0.00077582000876,9.785744036678813e-08
787389.5815232343,3221944991.787565
-0.00077582000876,9.785744025836017e-08
-0.00077582000876,9.785744025836017e-08
-0.00077582000876,9.785744025836017e-08
-0.00077582000876,9.785744025836017e-08
-0.00077582000876,9.78574402583602e-08
-0.0007758196190386558,1.6925708596945278e-06
-0.00077582000876,9.785744025836017e-08
-0.00077582000876,9.785744025836017e-08
-0.00077582000876,9.785744025836017e-08
-0.00077582000876,9.785744025836017e-08
1.9023205013863866e+17,-46489538114505.164
-0.00077582000876,9.78574403559461e-08
-0.00077582000876,9.785744025836017e-08
-0.00077582000876,9.785744025836017e-08
-0.00077582000876,9.785744025836017e-08
-0.00077582000876,9.785744025836017e-08
-0.00077582000876,9.785744025836017e-08
-0.00077582000876,9.785744025836021e-08
-0.0007758198221094337,8.616189514684676e-07
-0.00077582000876,9.785744025836017e-08
-0.00077582000876,9.785744025836017e-08
-0.00077582000876,9.785744025836017e-08
-0.00077582000876,9.785744025836017e-08
-0.0001339320247521308,2.626562376372939
-0.00077582000876,9.785744038240839e-08
-0.00077582000876,9.785744025836017e-08
-0.00077582000876,9.785744025836017e-08
-0.00077582000876,9.785744025836017e-08
-0.00077582000876,9.785744025836017e-08
-0.00077582000876,9.785744025836017e-08
-0.00077582000876,9.785744025836021e-08
-0.0007758198424950388,7.722124413648128e-07
-0.00077582000876,9.785744025836017e-08
-0.00077582000876,9.785744025836017e-08
-0.00077582000876,9.785744025836017e-08
-0.00077582000876,9.785744025836017e-08
-151996488924693.53,37145405101.242134
-0.0007758200087599999,9.785744040062297e-08
-0.000775820006058774,9.78598276327286e-08
-0.00077582000876,9.785744025836017e-08
-0.00077582000876,9.785744025836017e-08
-0.00077582000876,9.785744025836017e-08
-0.00077582000876,9.785744025836017e-08
-0.00077582000876,9.785744025836021e-08
-0.0007758198547285756,7.275111763314261e-07
-0.00077582000876,9.785744025836017e-08
-0.00077582000876,9.785744025836017e-08
-0.00077582000876,9.785744025836017e-08
-0.00077582000876,9.785744025836017e-08
-0.00012385121583903102,2.667812365604405
-0.00077582000876,9.785744035984924e-08
-0.00077582000876,9.785744025836017e-08
-0.00077582000876,9.785744025836017e-08
0.2889555365931993,294.1600332912845
-0.00077582000876,9.785744025836017e-08
-0.00077582000876,9.785744025836017e-08
-0.00077582000876,9.785744025836021e-08
-0.000775819883994067,6.082221958972397e-07
-0.00077582000876,9.785744025836017e-08
-0.00077582000876,9.785744025836017e-08
-0.00077582000876,9.785744025836017e-08
-0.00077582000876,9.785744025836017e-08
-0.00011881078222240134,2.688437479429424
-0.0007758200087599999,9.785744041797022e-08
-0.00077582000876,9.785744025836017e-08
-0.00077582000876,9.785744025836017e-08
-0.00077582000876,9.785744025836017e-08
-0.00077582000876,9.785744025836017e-08
-0.00077582000876,9.785744025836017e-08
-0.00077582000876,9.785744025836021e-08
-0.0007758198648825173,6.865353148863674e-07
-0.00077582000876,9.785744025836017e-08
-0.00077582000876,9.785744025836017e-08
-0.00077582000876,9.785744025836017e-08
-0.00077582000876,9.785744025836017e-08
2.7200829408492907e+23,-6.64742873038883e+19
-0.00077582000876,9.785744027164261e-08
-0.00077582000876,9.785744025836017e-08
-0.00077582000876,9.785744025836017e-08
0.0061304624412567895,28.26004144451913
-0.00077582000876,9.785744025836017e-08
-0.00077582000876,9.785744025836017e-08
-0.00077582000876,9.785744025836021e-08
-0.0007758199095051815,5.039546568622677e-07
-0.00077582000876,9.785744025836017e-08
-0.00077582000876,9.785744025836017e-08
-0.00077582000876,9.785744025836017e-08
-0.00077582000876,9.785744025836017e-08
-0.00010857725940911593,2.730312363738055
-0.00077582000876,9.785744026130131e-08
-0.00077582000876,9.785744025836017e-08
-0.00077582000876,9.785744025836017e-08
0.02819342914411949,118.5402110966312
-0.00077582000876,9.785744025836017e-08
-0.00077582000876,9.785744025836017e-08
-0.00077582000876,9.785744025836021e-08
-0.0007758198935753892,5.691471498739997e-07
-0.00077582000876,9.785744025836017e-08
-0.00077582000876,9.785744025836017e-08
-0.00077582000876,9.785744025836017e-08
-0.00077582000876,9.785744025836017e-08
-0.00010365137583175392,2.7504687466505575
-0.00077582000876,9.785744025947836e-08
-0.00077582000876,9.785744025836017e-08
-0.00077582000876,9.785744025836017e-08
-0.00077582000876,9.785744025836017e-08
-0.00077582000876,9.785744025836017e-08
-0.00077582000876,9.785744025836017e-08
-0.00077582000876,9.785744025836022e-08
-0.0007758198749027336,6.455557585862921e-07
-0.00077582000876,9.785744025836017e-08
-0.00077582000876,9.785744025836017e-08
-0.00077582000876,9.785744025836017e-08
-0.00077582000876,9.785744025836017e-08
-151996488924693.53,37145405101.355415
-0.00077582000876,9.785744025859737e-08
-0.0007758200087599995,9.785744025893618e-08
-0.00077582000876,9.785744025836017e-08
-0.00077582000876,9.785744025836017e-08
-0.00077582000876,9.785744025836017e-08
-0.00077582000876,9.785744025836017e-08
-0.00077582000876,9.785744025836024e-08
-0.0007758200087345736,9.785744025277327e-08
-0.00077582000876,9.785744025836017e-08
-0.00077582000876,9.785744025836017e-08
-0.00077582000876,9.785744025836017e-08
-0.00077582000876,9.785744025836017e-08
-9.861100050795226e-05,2.7710936220570046
-0.00077582000876,9.785744025840824e-08
-0.00077582000876,9.785744025836017e-08
-0.00077582000876,9.785744025836017e-08
-0.00077582000876,9.785744025836017e-08
-0.00077582000876,9.785744025836017e-08
-0.00077582000876,9.785744025836017e-08
-0.00077582000876,9.785744025836024e-08
-0.0007758198147887267,8.914248540925445e-07
-0.00077582000876,9.785744025836017e-08
47.264382375511545,-0.011550717958388312
-0.00077582000876,9.785744025836017e-08
-0.00077582000876,9.785744025836017e-08
-0.00014610144599170823,2.78156235536526
-0.00077582000876,9.785744025836067e-08
-0.00077582000876,9.785744025836017e-08
-0.00077582000876,9.785744025836017e-08
-0.00077582000876,9.785744025836017e-08
-0.00077582000876,9.785744025836017e-08
-0.00077582000876,9.785744025836017e-08
-0.00077582000876,9.785744025836025e-08
-0.0007758198648482789,6.865336664188039e-07
-0.00077582000876,9.785744025836017e-08
91.02957882251899,-0.02224620153662481
-0.00077582000876,9.785744025836017e-08
-0.00077582000876,9.785744025836017e-08
5.848602975113718e+35,-1.429300954965351e+32
-0.00077582000876,9.785744025836488e-08
-0.00077582000876,9.785744025836017e-08
-0.00077582000876,9.785744025836017e-08
15.707381960940003,64276.72073694208
-0.00077582000876,9.785744025836017e-08
-0.00077582000876,9.785744025836017e-08
-0.00077582000876,9.785744025836017e-08
-0.0007758198421070647,7.795855445071874e-07
-0.00077582000876,9.785744025836017e-08
-0.00077582000876,9.785744025836017e-08
-0.00077582000876,9.785744025836017e-08
-0.00077582000876,9.785744025836017e-08
-9.097402229299467e-05,2.8023436211238293
-0.00077582000876,9.785744025836163e-08
-0.00077582000876,9.785744025836017e-08
-0.00077582000876,9.785744025836017e-08
-0.00077582000876,9.785744025836017e-08
-0.00077582000876,9.785744025836017e-08
-0.00077582000876,9.785744025836017e-08
-0.00077582000876,9.785744025836019e-08
-0.000775819861211445,7.013544505721732e-07
-0.00077582000876,9.785744025836017e-08
-0.00077582000876,9.785744025836017e-08
-0.00077582000876,9.785744025836017e-08
-0.00077582000876,9.785744025836017e-08
-8.849196941382157e-05,2.812500013871691
-0.00077582000876,9.785744025836026e-08
-0.00077582000876,9.785744025836017e-08
-0.00077582000876,9.785744025836017e-08
-0.00077582000876,9.785744025836017e-08
-0.00077582000876,9.785744025836017e-08
-0.00077582000876,9.785744025836017e-08
-0.00077582000876,9.785744025836017e-08
-0.0007758197755552696,1.051822880151607e-06
-0.00077582000876,9.785744025836017e-08
-0.00077582000876,9.785744025836017e-08
-0.00077582000876,9.785744025836017e-08
-0.00077582000876,9.785744025836017e-08
-8.593358870367322e-05,2.8229687349488484
-0.00077582000876,9.785744025836077e-08
-0.00077582000876,9.785744025836017e-08
-0.00077582000876,9.785744025836017e-08
-0.00077582000876,9.785744025836017e-08
-0.00077582000876,9.785744025836017e-08
-0.00077582000876,9.785744025836017e-08
-0.00077582000876,9.785744025836017e-08
-0.000775819720966761,1.275339836646025e-06
-0.00077582000876,9.785744025836017e-08
-0.00077582000876,9.785744025836017e-08
-0.00077582000876,9.785744025836017e-08
-0.00077582000876,9.785744025836017e-08
-2.30215350721047e+20,5.626078946261142e+16
-0.00077582000876,9.78574402583604e-08
-0.00077582000876,9.785744025836017e-08
-0.00077582000876,9.785744025836017e-08
-0.00077582000876,9.785744025836017e-08
-0.00077582000876,9.785744025836017e-08
-0.00077582000876,9.785744025836017e-08
-0.00077582000876,9.785744025836017e-08
-0.0007758196099250633,1.729825353180144e-06
-0.00077582000876,9.785744025836017e-08
-0.00077582000876,9.785744025836017e-08
-0.00077582000876,9.785744025836017e-08
-0.00077582000876,9.785744025836017e-08
-8.085499119886408e-05,2.8437500129385156
-0.00077582000876,9.785744025836017e-08
-0.00077582000876,9.785744025836017e-08
-0.00077582000876,9.785744025836017e-08
-0.00077582000876,9.785744025836017e-08
-0.00077582000876,9.785744025836017e-08
-0.00077582000876,9.785744025836017e-08
-0.00077582000876,9.785744025836017e-08
-0.0007758196008302641,1.7670783687414184e-06
-0.00077582000876,9.785744025836017e-08
-0.00077582000876,9.785744025836017e-08
-0.00077582000876,9.785744025836017e-08
-0.00077582000876,9.785744025836017e-08
-7.829661048871562e-05,2.8542187340156735
-0.00077582000876,9.78574402583607e-08
-0.00077582000876,9.785744025836017e-08
-0.00077582000876,9.785744025836017e-08
-0.00077582000876,9.785744025836017e-08
-0.00077582000876,9.785744025836017e-08
-0.00077582000876,9.785744025836017e-08
-0.00077582000876,9.785744025836017e-08
-0.0007758195480264912,1.9831455406604732e-06
-0.00077582000876,9.785744025836017e-08
-0.00077582000876,9.785744025836017e-08
-0.00077582000876,9.785744025836017e-08
-0.00077582000876,9.785744025836017e-08
-2.30215350721047e+20,5.626078946261142e+16
-0.00077582000876,9.78574402583609e-08
-0.00077582000876,9.785744025836017e-08
-0.00077582000876,9.785744025836017e-08
-0.00077582000876,9.785744025836017e-08
-0.00077582000876,9.785744025836017e-08
-0.00077582000876,9.785744025836017e-08
-0.00077582000876,9.785744025836017e-08
-0.0007758197009361759,1.3572972439459653e-06
-0.00077582000876,9.785744025836017e-08
-0.00077582000876,9.785744025836017e-08
-0.00077582000876,9.785744025836017e-08
-0.00077582000876,9.785744025836017e-08
89128.95820267223,-18.90694241079017
-0.00077582000876,9.785744025836102e-08
-0.00077582000876,9.785744025836017e-08
-0.00077582000876,9.785744025836017e-08
-0.00077582000876,9.785744025836017e-08
-0.00077582000876,9.785744025836017e-08
-0.00077582000876,9.785744025836017e-08
-0.00077582000876,9.785744025836017e-08
-0.000775819713790615,1.3048514609172002e-06
-0.00077582000876,9.785744025836017e-08
-0.00077582000876,9.785744025836017e-08
-0.00077582000876,9.785744025836017e-08
-0.00077582000876,9.785744025836017e-08
-71.68006886255075,2.9028297257241995
-0.00077582000876,9.785744025836176e-08
-0.00077582000876,9.785744025836017e-08
-0.00077582000876,9.785744025836017e-08
-0.00077582000876,9.785744025836017e-08
-0.00077582000876,9.785744025836017e-08
-0.00077582000876,9.785744025836017e-08
-0.00077582000876,9.785744025836017e-08
-0.0007758198302859957,8.281604045353158e-07
-0.00077582000876,9.785744025836017e-08
-0.00077582000876,9.785744025836017e-08
-0.00077582000876,9.785744025836017e-08
-0.00077582000876,9.785744025836017e-08
-6.817763766010483e-05,2.895624887411788
-0.00077582000876,9.785744025836017e-08
-0.00077582000876,9.785744025836017e-08
-0.00077582000876,9.785744025836017e-08
-0.00077582000876,9.785744025836017e-08
-0.00077582000876,9.785744025836017e-08
-0.00077582000876,9.785744025836017e-08
-0.00077582000876,9.785744025836017e-08
-0.0007758197902285558,9.920732296163886e-07
-0.00077582000876,9.785744025836017e-08
-0.00077582000876,9.785744025836017e-08
-0.00077582000876,9.785744025836017e-08
-0.00077582000876,9.785744025836017e-08
89128.95821030921,-18.875692411723346
-0.00077582000876,9.785744025836122e-08
-0.00077582000876,9.785744025836017e-08
-0.00077582000876,9.785744025836017e-08
-0.00077582000876,9.785744025836017e-08
-0.00077582000876,9.785744025836017e-08
-0.00077582000876,9.785744025836017e-08
-0.00077582000876,9.785744025836017e-08
-0.0007758198648812325,6.865996047947047e-07
-0.00077582000876,9.785744025836017e-08
-0.00077582000876,9.785744025836017e-08
-0.00077582000876,9.785744025836017e-08
-0.00077582000876,9.785744025836017e-08
-6.313720407078339e-05,2.916250001236807
-0.00077582000876,9.785744025836127e-08
-0.00077582000876,9.785744025836017e-08
-0.00077582000876,9.785744025836017e-08
-0.00077582000876,9.785744025836017e-08
-0.00077582000876,9.785744025836017e-08
-0.00077582000876,9.785744025836017e-08
-0.00077582000876,9.785744025836017e-08
-0.000775819933179088,4.071294274800314e-07
-0.00077582000876,9.785744025836017e-08
-0.00077582000876,9.785744025836017e-08
-0.00077582000876,9.785744025836017e-08
-0.00077582000876,9.785744025836017e-08
-6.057882333335011e-05,2.926718722313965
-0.00077582000876,9.78574402583612e-08
-0.00077582000876,9.785744025836017e-08
-0.00077582000876,9.785744025836017e-08
-0.00077582000876,9.785744025836017e-08
-0.00077582000876,9.785744025836017e-08
-0.00077582000876,9.785744025836017e-08
-0.00077582000876,9.785744025836017e-08
-0.0007758199673279212,2.673947083049053e-07
-0.00077582000876,9.785744025836017e-08
-0.00077582000876,9.785744025836017e-08
-0.00077582000876,9.785744025836017e-08
-0.00077582000876,9.785744025836017e-08
-3.218643887968968e+26,7.865828476206298e+22
-0.00077582000876,9.785744025836144e-08
-0.00077582000876,9.785744025836017e-08
-0.00077582000876,9.785744025836017e-08
-0.00077582000876,9.785744025836017e-08
-0.00077582000876,9.785744025836017e-08
-0.00077582000876,9.785744025836017e-08
-0.00077582000876,9.785744025836017e-08
-0.0007758199869059605,1.8728269412108336e-07
-0.00077582000876,9.785744025836017e-08
-0.00077582000876,9.785744025836017e-08
-0.00077582000876,9.785744025836017e-08
-0.00077582000876,9.785744025836017e-08
-5.550022585582579e-05,2.947500000303632
-0.00077582000876,9.785744025836091e-08
-0.00077582000876,9.785744025836017e-08
-0.00077582000876,9.785744025836017e-08
-0.0007690755554337562,0.027597945359292143
-0.00077582000876,9.785744025836017e-08
-0.00077582000876,9.785744025836017e-08
-0.00077582000876,9.785744025836017e-08
-0.0007758199933801914,1.6027436154919846e-07
-0.00077582000876,9.785744025836017e-08
356478.64482915704,-87.11743132225733
-0.00077582000876,9.785744025836017e-08
-0.00077582000876,9.785744025836017e-08
-107374180.79368806,26243.415542137747
-0.00077582000876,9.785744025836123e-08
-0.00077582000876,9.785744025836017e-08
-0.00077582000876,9.785744025836017e-08
-0.0007747609746715977,0.004333593821785132
-0.00077582000876,9.785744025836017e-08
-0.00077582000876,9.785744025836017e-08
-0.00077582000876,9.785744025836017e-08
-0.0007758200023576379,1.2405547344046463e-07
28941.700961958843,31743.22495433973
43535.896361628416,-10.639446556087885
-0.00077582000876,9.785744025836017e-08
-0.00077582000876,9.785744025836017e-08
-5.0459850532024136e-05,2.968124875710079
-0.00077582000876,9.785744025836465e-08
10.011898304101338,40971.186276632645
45325.51740193746,-11.076800069879797
-0.0007756176347003854,0.000828198841376654
-0.00077582000876,9.785744025836017e-08
-0.00077582000876,9.785744025836017e-08
-0.00077582000876,9.785744025836017e-08
-0.000775820002616681,1.2253748772133148e-07
-0.00077582000876,9.785744025836017e-08
3312.993265873686,-0.8096403526460827
-0.00077582000876,9.785744025836017e-08
-0.00077582000876,9.785744025836017e-08
-4.7901503582317164e-05,2.978593596787245
-0.00077582000876,9.785744025836172e-08
-0.00077582000876,9.785744025836017e-08
-0.00077582000876,9.785744025836017e-08
-0.0004208741563050446,0.00016030621363154624
-0.00077582000876,9.785744025836017e-08
-0.00077582000876,9.785744025836017e-08
-0.00077582000876,9.785744025836017e-08
-0.0007758200025282743,1.2335697620127496e-07
-0.00077582000876,9.785744025836017e-08
389.9992125339673,-0.0953093902652298
-0.00077582000876,9.785744025836017e-08
-0.00077582000876,9.785744025836017e-08
4.0564817089278606e+29,-9.913364276974772e+25
-0.00077582000876,9.785744025837182e-08
-0.0007758200087599757,9.785744028080195e-08
0.040050234960624216,167.05745970886366
-0.0007075898904148124,3.0489280836897265e-05
-0.00077582000876,9.785744025836017e-08
-0.00077582000876,9.785744025836017e-08
-0.00077582000876,9.785744025836017e-08
-0.00077582000875997,9.78574402850285e-08
177.08694898582579,169.00615107933763
255.05892420510187,-0.06233223592727494
-0.00077582000876,9.785744025836017e-08
-0.00077582000876,9.785744025836017e-08
-4.281931298316796e-05,2.9992187106020594
-0.00077582000876,9.785744025838262e-08
0.003028063797394405,15.565235724668357
0.004174700094858829,20.257194011988172
-0.0007627604923834497,7.160247608628158e-06
-0.00077582000876,9.785744025836017e-08
-0.00077582000876,9.785744025836017e-08
-0.00077582000876,9.785744025836017e-08
-0.0007758200058717076,1.0967589101207638e-07
-0.00077582000876,9.785744025836017e-08
7.907307382716508,-0.0019325056927914795
-0.00077582000876,9.785744025836017e-08
-0.00077582000876,9.785744025836017e-08
-4.148637779595628e-05,3.004843719981027
-0.00077582000876,9.785744025839449e-08
-3.486595813273095e-05,3.031934030222482
-6.5360558041918e-05,2.9071521869485455
-0.0007723465436868146,1.736744133488822e-06
-0.00077582000876,9.785744025836017e-08
-0.00077582000876,9.785744025836017e-08
-0.00077582000876,9.785744025836017e-08
-0.0007758200071801,1.0420322440419731e-07
0.9332422175854348,0.9921527265393808
1.3590542804520414,-0.0003322219237877471
-0.00077582000876,9.785744025836017e-08
-0.00077582000876,9.785744025836017e-08
-4.0226269425910704e-05,3.009999998437282
-0.00077582000876,9.785744025836017e-08
-0.0006693587148506009,0.4356325223163338
-0.0006560149130128536,0.4902344582182575
-0.0007758199081239034,5.096535504961936e-07
-0.00077582000876,9.785744025836017e-08
-0.00077582000876,9.785744025836017e-08
-0.00077582000876,9.785744025836017e-08
-0.0007758200076398374,1.0242789302612052e-07
0.17411862289133212,0.18066965952969583
0.2307259907814724,-5.6477321392470256e-05
-0.00077582000876,9.785744025836017e-08
-0.00077582000876,9.785744025836017e-08
-3.218643887968968e+26,7.865828476206298e+22
-0.00077582000876,9.785744025836017e-08
-0.0007562450336785516,0.08009957382953248
-0.0007550502828072914,0.0849884137032468
-0.0007758199821215709,2.0686009279375762e-07
-0.00077582000876,9.785744025836017e-08
-0.00077582000876,9.785744025836017e-08
-0.00077582000876,9.785744025836017e-08
-0.000775820008136198,1.00331839753929e-07
0.030494053669347456,0.0346724994736609
0.04367173852729368,-1.0764384044038091e-05
-0.00077582000876,9.785744025836017e-08
-0.00077582000876,9.785744025836017e-08
5.848602975113718e+35,-1.429300954965351e+32
-0.00077582000876,9.785744026267085e-08
-0.0007713439067733759,0.01831600487823744
0.02059865618909374,0.022950819739328873
-0.0007758200011354104,1.290567455763175e-07
-0.00077582000876,9.785744025836017e-08
-0.00077582000876,9.785744025836017e-08
-0.00077582000876,9.785744025836017e-08
-0.0007758200083336943,9.924743520366885e-08
0.024382575418258695,0.02539061588209112
0.031220321154953243,-7.721465450198624e-06
-0.00077582000876,9.785744025836017e-08
-0.00077582000876,9.785744025836017e-08
-3.640778031843196e-05,3.0256249979706946
-0.00077582000876,9.785744025838029e-08
-0.0007722096871056893,0.014773290231771702
-0.0007749956988545246,0.0033731183181284446
-0.0007758200064686171,1.0723362425180753e-07
-0.00077582000876,9.785744025836017e-08
-0.00077582000876,9.785744025836017e-08
-0.00077582000876,9.785744025836017e-08
-0.0007758200085238291,9.871978492204621e-08
0.0006283451231901374,-2.452970827217805e-07
0.0010327715898941219,-3.441321613778126e-07
-0.00077582000876,9.785744025836017e-08
2256.502818906557,-0.5514517200465981
-3.218643887968968e+26,7.865828476206298e+22
-0.00077582000876,9.785744025837155e-08
-5.0683142807071225e-05,0.0007592132373121058
7.526079232683073e-05,0.0008164401141058451
-0.0007758200086221955,9.842132695662082e-08
-0.00077582000876,9.785744025836017e-08
-0.00077582000876,9.785744025836017e-08
-0.00077582000876,9.785744025836017e-08
-0.0007758200085888876,9.850150642504639e-08
-0.00077582000876,9.785744025836017e-08
-0.0003388009377588041,0.0005380902230492837
-0.00077582000876,9.785744025836017e-08
-0.00077582000876,9.785744025836017e-08
-3.390667461427503e-05,3.0358593535915936
-0.00077582000876,9.785744026044775e-08
-0.0005917191428392674,0.00017080246896075584
-0.0005792648926788472,0.00019655758208988986
-0.0007758200086803928,9.81831874833746e-08
-0.00077582000876,9.785744025836017e-08
-0.00077582000876,9.785744025836017e-08
-0.00077582000876,9.785744025836017e-08
-0.0007758200086242841,9.834507339583156e-08
-0.0006995038085720821,7.920703463635827e-08
-0.0006684750805657554,0.00012410576495104728
-0.00077582000876,9.785744025836017e-08
-0.00077582000876,9.785744025836017e-08
-3.262754715240208e-05,3.0410935949208953
-0.00077582000876,9.785744025836177e-08
-0.0007331072813177785,0.00010596623347923036
-0.0006680300468651559,7.1515372566719e-08
-0.0007758200086336808,9.837432977410192e-08
-0.00077582000876,9.785744025836017e-08
-0.00077582000876,9.785744025836017e-08
-0.00077582000876,9.785744025836019e-08
-0.0007758200086183937,9.837053913577984e-08
-0.000669939891094399,7.198210662138258e-08
-0.00077582000876,9.785744025836017e-08
-0.00077582000876,9.785744025836017e-08
-0.00077582000876,9.785744025836017e-08
0.05871864980271527,3.0463137171497436
-0.00077582000876,9.785744025836017e-08
-0.0007628237136665191,9.468136264338709e-08
-0.00077582000876,9.785744025836017e-08
-0.0007758200085447745,9.873812858763706e-08
-0.00077582000876,9.785744025836017e-08
-0.00077582000876,9.785744025836017e-08
-0.00077582000876,9.785744025836019e-08
-0.0007758200086370237,9.831225961849365e-08
-0.00077582000876,9.785744025836017e-08
-0.0007677675769039712,1.0470650547336468e-05
-0.00077582000876,9.785744025836017e-08
-0.0007758200087593638,9.786004375426026e-08
-3.0088185506796177e-05,3.0514843531250064
-0.00077582000876,9.785744026120669e-08
-0.0007724806971232005,3.495163104445821e-06
-0.00077582000876,9.785744025836017e-08
-0.0007758200083811147,9.94078131532028e-08
-0.00077582000876,9.785744025836017e-08
-0.00077582000876,9.785744025836017e-08
-0.00077582000876,9.785744025836019e-08
-0.0007758200086353038,9.829952685840176e-08
-0.00077582000876,9.785744025836017e-08
-0.000773375410993287,9.726002136408124e-08
-0.00077582000876,9.785744025836017e-08
-0.00077582000876,9.785744025836017e-08
-2.8809058044923334e-05,3.0567185944543076
-0.00077582000876,9.785744026028512e-08
-0.0007747021106566557,9.758424461942505e-08
-0.0007758197282623896,1.2456347174004692e-06
-0.0007758200080804669,1.0063804370053672e-07
-0.00077582000876,9.785744026600572e-08
-0.00077582000876,9.785744025836017e-08
-0.00077582000876,9.785744025836019e-08
-0.0007758200086650896,9.816855970798142e-08
-0.00077582000876,9.785744025836017e-08
-0.0007750894356393396,9.621676237120316e-07
-0.00077582000876,9.785744025836017e-08
-0.00077582000876,9.785744025836017e-08
-2.7548915887151562e-05,3.061874872910554
-0.00077582000876,9.785744025867703e-08
-0.0007756223647479421,7.722508673156423e-07
-0.00077582000876,9.785744025836017e-08
-0.0007758200075005076,1.0301119796937817e-07
-0.00077582000876,9.785744025836017e-08
-0.00077582000876,9.785744025836017e-08
-0.00077582000876,9.785744025836019e-08
-0.0007758200086670946,9.814127486660346e-08
-0.00077582000876,9.785744025836017e-08
-0.0007758196499544836,1.5660653800501049e-06
-0.00077582000876,9.785744025836017e-08
-0.00077582000876,9.785744025836017e-08
4.0564817089278606e+29,-9.913364276974772e+25
-0.00077582000876,9.78574402699631e-08
-0.0007757668259482003,1.4094749950800885e-06
-0.00077582000876,9.785744025836017e-08
-0.0007758200065112903,1.070590083797088e-07
-0.00077582000876,9.785744025836017e-08
-0.00077582000876,9.785744025836017e-08
-0.00077582000876,9.785744025836019e-08
-0.0007758200086565295,9.821585329301605e-08
-0.000774091121683944,9.743492911179257e-08
-0.0007758193166390765,2.9299695146994274e-06
-0.00077582000876,9.785744025836017e-08
759944337.0791819,3109640901957.145
-2.5009588001987043e-05,3.0722656311146737
-0.00077582000876,9.785744026600577e-08
-0.0007757621143891474,2.586994168091312e-06
-0.00077582000876,9.785744025836017e-08
-0.0007758200044901764,1.1532926994146382e-07
-0.00077582000876,9.785744025836017e-08
47221014.58912909,-11540.027855267304
-0.00077582000876,9.785744025836019e-08
-0.0007758200086419699,9.828861292328364e-08
-0.0007725261469213784,9.705247539897439e-08
-0.00077582000876,9.785744025836017e-08
-0.00077582000876,9.785744025836017e-08
-0.00077582000876,9.785744025836017e-08
-2.30215350721047e+20,5.626078946261142e+16
-0.00077582000876,9.785744025860418e-08
-0.0007757177314482136,5.046339150572423e-06
-0.00077582000876,9.785744025836017e-08
-0.0007758200004479508,1.3186978418318992e-07
-0.00077582000876,9.785744025836017e-08
-0.00077582000876,9.785744025836017e-08
-0.00077582000876,9.785744025836019e-08
-0.0007758200086543018,9.825405212659793e-08
-0.0007756224950401965,2.1985615892081401e-07
-0.00077582000876,9.785744025836017e-08
-0.00077582000876,9.785744025836017e-08
-0.00077582000876,9.785744025836017e-08
4.0564817089278606e+29,-9.913364276974772e+25
-0.00077582000876,9.785744025989186e-08
-0.0007755928983505196,1.0829287676360624e-05
-0.00077582000876,9.785744025836017e-08
-0.00077582000876,9.785744025836017e-08
-0.00077582000876,9.785744025836017e-08
-0.00077582000876,9.785744025836017e-08
-0.00077582000876,9.785744025836019e-08
-0.000775820008633861,9.829770811839145e-08
-0.0007757924129560717,9.785069630444917e-08
-0.00077582000876,9.785744025836017e-08
-0.00077582000876,9.785744025836017e-08
-0.00077582000876,9.785744025836017e-08
-2.122932107553909e-05,3.087734228064866
-0.00077582000876,9.785744025979698e-08
-0.0007758199511772792,3.334820445999484e-07
-0.00077582000876,9.785744025836017e-08
-0.00077582000876,9.785744025836017e-08
-0.00077582000876,9.785744025836017e-08
-0.00077582000876,9.785744025836062e-08
-0.00077582000876,9.785744025836019e-08
-0.0007758200086479775,9.822858652244249e-08
-0.000775812314989077,3.158024843265733e-05
-0.00077582000876,9.785744025836017e-08
-0.00077582000876,9.785744025836017e-08
-0.00077582000876,9.785744025836017e-08
-1.9908378338295385e-05,3.0929687078025343
-0.00077582000876,9.785744025928198e-08
-0.0007758199814429636,2.0963690793304265e-07
-0.00077582000876,9.785744025836017e-08
-0.00077582000876,9.785744025836017e-08
-0.00077582000876,9.785744025836017e-08
7.883370797139925e+26,-1.9265642507523723e+23
-0.00077582000876,9.78574402583602e-08
-0.0007758200083503241,9.83632641116374e-08
-0.0007755824795885446,9.779939209317648e-08
-0.00077582000876,9.785744025836017e-08
-0.00077582000876,9.785744025836017e-08
-0.00077582000876,9.785744025836017e-08
-71.68001683563666,3.115720344366945
-0.00077582000876,9.785744025949882e-08
-0.00077582000876,9.785744025836017e-08
-0.00077582000876,9.785744025836017e-08
-0.00077582000876,9.785744025836017e-08
-0.00077582000876,9.785744025836017e-08
-0.00077582000876,9.785744025836017e-08
-0.00077582000876,9.78574402583602e-08
-0.000775820008453338,9.856335314371074e-08
-0.0007757911325723108,9.785038340002744e-08
-0.00077582000876,9.785744025836017e-08
-0.00077582000876,9.785744025836017e-08
-0.00077582000876,9.785744025836017e-08
-1.7410831968060346e-05,3.1033592275982786
-0.00077582000876,9.785744025943785e-08
-0.00077582000876,9.785744025836017e-08
-0.00077582000876,9.785744025836017e-08
-0.00077582000876,9.785744025836017e-08
-0.00077582000876,9.785744025836017e-08
7.974226396580993e+17,-194876784289183.4
-0.00077582000876,9.78574402583602e-08
-0.0007758200083476058,9.872342435669704e-08
-0.0007757790124209902,1.2975588581720957e-07
-0.00077582000876,9.785744025836017e-08
-0.00077582000876,9.785744025836017e-08
-0.00077582000876,9.785744025836017e-08
-1.608988923081664e-05,3.108593707335947
-0.00077582000876,9.78574402590989e-08
-0.000775819802970042,9.399360494902304e-07
-0.00077582000876,9.785744025836017e-08
-0.00077582000876,9.785744025836017e-08
-0.00077582000876,9.785744025836017e-08
-0.00077582000876,9.785744025836017e-08
-0.00077582000876,9.78574402583602e-08
-0.0007758200083022184,9.89491248106677e-08
-0.000775792295814758,1.0163548957939798e-07
-0.00077582000876,9.785744025836017e-08
-0.00077582000876,9.785744025836017e-08
3.3885286577287216e+27,1.3865630411847535e+31
2.7200829408492907e+23,-6.64742873038883e+19
-0.00077582000876,9.785744025983764e-08
-0.0007734350985144088,4.829227409511826e-07
-0.00077582000876,9.785744025836017e-08
-0.00077582000876,9.785744025836017e-08
-0.00077582000876,9.785744025836017e-08
4.291015314064328e+31,1.7558544852085005e+35
-0.00077582000876,9.785744025836021e-08
-0.0007758200080667518,9.921833530390976e-08
-0.0007757919327354504,1.5840772938383665e-07
-0.00077582000876,9.785744025836017e-08
-0.00077582000876,9.785744025836017e-08
-0.00077582000876,9.785744025836017e-08
-4.93268180641331e+32,1.2054651078977836e+29
-0.00077582000876,9.785744025971568e-08
-0.0007758199834915657,2.0125416657139726e-07
-0.000774738211516519,0.004426739114981257
-0.00077582000876,9.785744025836017e-08
-0.00077582000876,9.785744025836017e-08
7.706119427685896e+17,-188324697435191.1
-0.00077582000876,9.785744025836022e-08
-0.0007758200079269966,1.0034640072229566e-07
-0.0007758129258020235,1.3651614886227502e-07
-0.00077582000876,9.785744025836017e-08
-0.00077582000876,9.785744025836017e-08
-0.00077582000876,9.785744025836017e-08
-151996488924693.53,37145405101.7187
-0.00077582000876,9.785744025872616e-08
-0.0007733731580415898,0.010012445740954933
-0.0007729553608072657,0.01172204380648027
-0.00077582000876,9.785744025836017e-08
-0.00077582000876,9.785744025836017e-08
-0.00077582000876,9.785744025836017e-08
-0.00077582000876,9.785744025836022e-08
-0.000775820007278748,1.0277715490099818e-07
-0.0007758200067251877,1.0618375475850863e-07
-0.00077582000876,9.785744025836017e-08
-0.00077582000876,9.785744025836017e-08
-0.00077582000876,9.785744025836017e-08
2.7200829408492907e+23,-6.64742873038883e+19
-0.00077582000876,9.785744025836017e-08
-0.000775820003893859,1.1776936066468411e-07
-0.0007685096219844629,0.029913706811598426
-0.00077582000876,9.785744025836017e-08
-0.00077582000876,9.785744025836017e-08
-0.0007756941438714112,0.0005151284808410643
-0.00077582000876,9.785744025836024e-08
-0.0007758200071949664,1.0426145205449708e-07
-0.0007758070753525326,1.3372074064464225e-07
-0.00077582000876,9.785744025836017e-08
-0.00077582000876,9.785744025836017e-08
-0.00077582000876,9.785744025836017e-08
-4.93268180641331e+32,1.2054651078977836e+29
-0.00077582000876,9.785744026573472e-08
-0.0007758199570852859,3.09306880340869e-07
-0.00077582000876,9.785744025836017e-08
-0.00077582000876,9.785744025836017e-08
-0.00077582000876,9.785744025836017e-08
-0.00077582000876,9.785744025836017e-08
-0.00077582000876,9.785744025836025e-08
-0.0007758200057138754,1.0851178390575124e-07
-0.0007758200061846356,1.083956573534889e-07
-0.00077582000876,9.785744025836017e-08
-0.00077582000876,9.785744025836017e-08
-0.00077582000876,9.785744025836017e-08
-151996488924693.53,37145405101.73432
-0.00077582000876,9.785744025987153e-08
-0.0007758199798500593,2.1615496494348797e-07
-0.00077582000876,9.785744025836017e-08
-0.00077582000876,9.785744025836017e-08
-0.00077582000876,9.785744025836017e-08
1.1514842589905992e+22,-2.8140353482804705e+18
-0.00077582000876,9.785744025836026e-08
-0.0007758200080280051,9.785744007947285e-08
-0.0007757750624746496,9.784645613636613e-08
-0.00077582000876,9.785744025836017e-08
-0.00077582000876,9.785744025836017e-08
-0.00077582000876,9.785744025836017e-08
-5.7321574242826944e-05,3.1448435945171007
-0.00077582000876,9.785744026378218e-08
-0.00077582000876,9.785744025836017e-08
-0.0005705255573635252,0.8400511277267007
-0.00077582000876,9.785744025836017e-08
-0.00077582000876,9.785744025836017e-08
-0.00077582000876,9.785744025836017e-08
-0.00077582000876,9.785744025836026e-08
-0.0007758199988224909,1.3348997759127112e-07
0.9681409844585596,-0.00023668923852092526
-0.00077582000876,9.785744025836017e-08
-0.00077582000876,9.785744025836017e-08
-0.00077582000876,9.785744025836017e-08
-6.01263965159212e-06,3.1499998607422577
-0.00077582000876,9.785744026356533e-08
0.0010039121805667352,7.282544016436384
-0.00077582000876,9.785744025836017e-08
-0.00077582000876,9.785744025836017e-08
-0.00077582000876,9.785744025836017e-08
-0.00077582000876,9.785744025836017e-08
-0.00077582000876,9.785744025836026e-08
-0.0007758199963331644,1.4350167719543464e-07
7.877713881760322,8.813391189960731
-0.00077582000876,9.785744025836017e-08
-0.00077582000876,9.785744025836017e-08
-0.0007758199983441149,1.4047853852419046e-07
-4.733420136473175e-06,3.1552343404901224
-0.00077582000876,9.785744026294192e-08
0.0006526095512441333,5.845037383642419
6.156993676133578,-0.0015047582353297632
-0.00077582000876,9.785744025836017e-08
-0.00077582000876,9.785744025836017e-08
-0.00077582000876,9.785744025836017e-08
-0.00077582000876,9.785744025836026e-08
-0.0007758199822984483,1.9892461632392888e-07
10.066946553619756,10.43782952367708
-0.00077582000876,9.785744025836017e-08
-0.00077582000876,9.785744025836017e-08
-0.00077582000876,9.785744025836017e-08
-3.473311766427601e-06,3.1603906189463773
-0.00077582000876,9.785744026372797e-08
0.004143651564652632,20.130145523350404
-0.00077582000876,9.785744025836017e-08
-0.00077582000876,9.785744025836017e-08
-0.00077582000876,9.785744025836017e-08
-0.00077582000876,9.785744025836017e-08
-0.00077582000876,9.785744025836026e-08
-0.0007758200062441282,9.78574396435231e-08
38.019071386598256,37.751982239776645
-0.00077582000876,9.785744025836017e-08
-0.00077582000876,9.785744025836017e-08
-0.00077582000876,9.785744025836017e-08
-3.218643887968968e+26,7.865828476206298e+22
-0.00077582000876,9.785744025836017e-08
0.015480657161166957,66.52040674182271
-0.00077582000876,9.785744025836017e-08
-0.00077582000876,9.785744025836017e-08
-0.00077582000876,9.785744025836017e-08
-0.00077582000876,9.785744025836019e-08
-0.00077582000876,9.785744025836028e-08
-0.0007758200027903358,9.785743879947386e-08
125.55061694754014,123.49166761805267
-0.00077582000876,9.785744025836017e-08
-0.00077582000876,9.785744025836017e-08
-0.00077582000876,9.785744025836017e-08
5.848602975113718e+35,-1.429300954965351e+32
-0.00077582000876,9.785744025921071e-08
0.06327249579554095,262.0813826525472
0.09309344887556176,384.1067085985194
-0.00077582000876,9.785744025836017e-08
-0.00077582000876,9.785744025836017e-08
-0.0007758195166594712,2.1114995682311868e-06
-0.00077582000876,9.785744025836028e-08
-0.0007758198000191482,9.324680170195596e-07
568.1702887564625,-0.13885142765016023
-0.00077582000876,9.785744025836017e-08
-0.00077582000876,9.785744025836017e-08
-0.00077582000876,9.785744025836017e-08
3.451773410511434e-07,3.1760156184797896
-0.00077582000876,9.785744026004771e-08
0.261282582813639,1072.3252854593204
0.34341980494476104,1408.425251008775
-0.00077582000876,9.785744025836017e-08
-0.00077582000876,9.785744025836017e-08
-0.00077582000876,9.785744037459044e-08
-0.00077582000876,9.785744025836028e-08
-0.0007758199149712797,4.816345491034012e-07
0.47830494947183333,1960.3661524956863
-0.00077582000876,9.785744025836017e-08
-0.00077582000876,9.785744025836017e-08
-0.00077582000876,9.785744025836017e-08
-3.218643887968968e+26,7.865828476206298e+22
-0.00077582000876,9.785744026080013e-08
1.0083570594591762,4129.303587727742
1.4463913382622802,5921.710272484859
-0.00077582000876,9.785744025836017e-08
-0.00077582000876,9.785744025836017e-08
-0.00077582000876,9.785744025836017e-08
-0.00077582000876,9.785744025836028e-08
-0.0007758200087352377,9.785744025230869e-08
-0.00077582000876,9.785744025836017e-08
-0.00077582000876,9.785744025836017e-08
-0.00077582000876,9.785744025836017e-08
-0.00077582000876,9.785744025836017e-08
5.848602975113718e+35,-1.429300954965351e+32
-0.00077582000876,9.785744025946495e-08
22.651828490520145,92692.92691963869
18.023829238478648,73755.46654764157
-0.00077582000876,9.785744025836017e-08
-0.00077582000876,9.785744025836017e-08
-0.00077582000876,9.785744025836019e-08
-0.00077582000876,9.785744025836028e-08
-0.0007758197859092303,1.0069705248470398e-06
87081.91280572853,81921.94764325622
-0.00077582000876,9.785744025836017e-08
-0.00077582000876,9.785744025836017e-08
-0.00077582000876,9.785744025836017e-08
1.9023205013863866e+17,-46489538114504.58
-0.00077582000876,9.785744026397192e-08
22.276480557477754,91157.02852800307
-0.00077582000876,9.785744025836017e-08
-0.00077582000876,9.785744025836017e-08
-0.00077582000876,9.785744025836017e-08
11667255.65082125,-2851.282556712786
-0.00077582000876,9.785744025836029e-08
-0.00077582000876,9.785744025836017e-08
-0.00077582000876,9.785744025836017e-08
-0.00077582000876,9.785744025836017e-08
-0.00077582000876,9.785744025836017e-08
-0.00077582000876,9.785744025836017e-08
0.058755402760374754,3.196704337658839
-0.00077582000876,9.785744027104734e-08
105.62455155097058,432211.7058435645
-0.00077582000876,9.785744025836017e-08
-0.00077582000876,9.785744025836017e-08
-0.00077582000876,9.785744025836017e-08
-0.00077582000876,9.78574402583894e-08
-0.00077582000876,9.785744025836029e-08
-0.00077582000876,9.785744025836017e-08
-0.00077582000876,9.785744025836017e-08
-0.00077582000876,9.785744025836017e-08
-0.00077582000876,9.785744025836017e-08
-0.00077582000876,9.785744025836017e-08
6.664772152686926e-06,3.201874973634102
-0.00077582000876,9.785744027365143e-08
-0.00077582000876,9.785744025836017e-08
-0.00077582000876,9.785744025836017e-08
-0.00077582000876,9.785744025836017e-08
-0.00077582000876,9.785744025836017e-08
1.2635209791150433e+22,-3.0878343935335644e+18
-0.00077582000876,9.78574402583603e-08
-0.0007758200045525202,9.785743923012235e-08
-0.00077582000876,9.785744025836017e-08
-0.00077582000876,9.785744025836017e-08
-0.00077582000876,9.785744025836017e-08
-0.00077582000876,9.785744025836017e-08
7.943899614559877e-06,3.207109214963403
-0.00077582000876,9.785744026844525e-08
-0.00077582000876,9.785744025836017e-08
-0.00077582000876,9.785744025836017e-08
-0.00077582000876,9.785744025836017e-08
-0.00077582000876,9.785744025836017e-08
-0.00077582000876,9.785744025836019e-08
-0.00077582000876,9.78574402583603e-08
-0.0007758149968087555,2.060637118126157e-05
-0.00077582000876,9.785744025836017e-08
-0.00077582000876,9.785744025836017e-08
-0.00077582000876,9.785744025836017e-08
3.230551711820819e+18,1.3219199418692048e+22
0.05875922124948223,3.2123293371922514
-0.00077582000876,9.785744028221663e-08
-0.00077582000876,9.785744025836017e-08
-0.00077582000876,9.785744025836017e-08
-0.00077582000876,9.785744025836017e-08
-0.00077582000876,9.785744025836017e-08
-0.00077582000876,9.785744025836017e-08
-0.00077582000876,9.785744025836032e-08
-0.00077582000876,9.785744025836017e-08
-0.00077582000876,9.785744025836017e-08
-0.00077582000876,9.785744025836017e-08
-0.00077582000876,9.785744025836017e-08
-0.00077582000876,9.785744025836017e-08
4.0564817089278606e+29,-9.913364276974772e+25
-0.00077582000876,9.785744025836017e-08
-0.00077582000876,9.785744025836017e-08
-0.00077582000876,9.785744025836017e-08
-0.00077582000876,9.785744025836017e-08
-0.00077582000876,9.785744025836017e-08
1.2768098627286888e+22,-3.120310207194069e+18
-0.00077582000876,9.785744025836032e-08
-0.0007758200087534764,9.785744025676592e-08
-0.00077582000876,9.785744025836017e-08
-0.00077582000876,9.785744025836017e-08
-0.00077582000876,9.785744025836017e-08
-0.00077582000876,9.785744025836017e-08
1.174336965749606e-05,3.222656251623769
-0.00077582000876,9.785744028112842e-08
-0.00077582000876,9.785744025836017e-08
-0.00077582000876,9.785744025836017e-08
-0.00077582000876,9.785744025836017e-08
-0.00077582000876,9.785744025836017e-08
2.813187057322186e+18,1.151137144059685e+22
-0.00077582000876,9.785744025836034e-08
-0.00077582000876,9.785744025836017e-08
-0.00013032078609868198,2.641339321045811
-0.00077582000876,9.785744025836017e-08
-0.00077582000876,9.785744025836017e-08
-0.00077582000876,9.78574402583608e-08
1.3022530879810393e-05,3.227890492953062
-0.00077582000876,9.785744026942102e-08
-0.00077582000876,9.785744025836017e-08
-0.00077582000876,9.785744025836017e-08
-0.00077582000876,9.785744025836017e-08
-0.00077582000876,9.785744025836017e-08
-0.00077582000876,9.785744025836017e-08
-0.00077582000876,9.785744025836034e-08
-0.00077582000876,9.785744025836017e-08
-0.00077582000876,9.785744025836017e-08
-0.00077582000876,9.785744025836017e-08
-0.00077582000876,9.785744025836017e-08
-0.0007757778178627971,0.00017274015929163685
4.0564817089278606e+29,-9.913364276974772e+25
-0.00077582000876,9.785744026530104e-08
-0.00077582000876,9.785744025836017e-08
-0.00077582000876,9.785744025836017e-08
-0.00077582000876,9.785744025836017e-08
-0.00077582000876,9.785744025836017e-08
1.2912835307789252e+22,-3.155681436279169e+18
-0.00077582000876,9.785744025836037e-08
-0.0007758199856081162,1.490888676717884e-07
-0.00077582000876,9.785744025836017e-08
-0.00077582000876,9.785744025836017e-08
-0.00077582000876,9.785744025836017e-08
-0.00077582000876,9.785744025836017e-08
126443835712.18468,-30900759.884531148
-0.00077582000876,9.785744026866204e-08
-0.00077582000876,9.785744025836017e-08
-0.00077582000876,9.785744025836017e-08
-0.00077582000876,9.785744025836017e-08
-0.00077582000876,9.785744025836017e-08
-0.0007758200087599994,9.785744025836004e-08
-0.00077582000876,9.78574402583604e-08
-0.000775820001190191,1.2883258711344732e-07
-0.00077582000876,9.785744025836017e-08
-0.00077582000876,9.785744025836017e-08
-0.00077582000876,9.785744025836017e-08
7.386457047298674e+17,-180512682369404.06
1.6844579321187718e-05,3.2433593283116298
-0.00077582000876,9.785744026996307e-08
-0.00077582000876,9.785744025836017e-08
-0.00077582000876,9.785744025836017e-08
-0.00077582000876,9.785744025836017e-08
-0.00077582000876,9.785744025836017e-08
-0.00077582000876,9.785744025836017e-08
-0.00077582000876,9.78574402583604e-08
-0.0007758199666455627,2.701868001125486e-07
-0.00077582000876,9.785744025836017e-08
-0.00077582000876,9.785744025836017e-08
-0.00077582000876,9.785744025836017e-08
-0.00077582000876,9.785744029892144e-08
-71.679980082679,3.26611096487604
-0.0007758200087599999,9.785744027158936e-08
-8.833919722083135e-05,2.8131251473674275
-0.00077582000876,9.785744025836017e-08
-0.00077582000876,9.785744025836017e-08
-0.00077582000876,9.785744025836017e-08
2.85582829769551e+30,1.168585651628618e+34
-0.00077582000876,9.78574402583604e-08
-0.0007758200087599727,9.785744025835349e-08
-0.00077582000876,9.785744025836017e-08
-0.00077582000876,9.785744025836017e-08
-0.00077582000876,9.785744025836017e-08
3.192092186363425e+18,1.3061825638012646e+22
126443835712.18468,-30900759.870859273
-0.0007758200087599999,9.785744027169775e-08
0.6556243044902708,-0.0001603153777849619
-0.00077582000876,9.785744025836017e-08
-0.00077582000876,9.785744025836017e-08
-0.00077582000876,9.785744025836017e-08
-0.0007664597005716376,9.556993715901768e-08
-0.00077582000876,9.785744025836042e-08
-0.0007758200087599449,9.785744025834671e-08
-0.00077582000876,9.785744025836017e-08
-0.00077582000876,9.785744025836017e-08
-0.00077582000876,9.785744025836017e-08
-0.00077582000876,9.785744025836017e-08
1.9523506254672213e-05,3.2544920451219537
-0.0007758200087599998,9.785744026909564e-08
-0.00077582000876,9.785744025836017e-08
-0.00077582000876,9.785744025836017e-08
-0.00077582000876,9.785744025836017e-08
11823762498.595798,48382037587042.91
-0.00077582000876,9.785744025836017e-08
-0.00077582000876,9.785744025836017e-08
-0.00077582000876,9.785744025836017e-08
-0.00077582000876,9.785744025836017e-08
-0.00077582000876,9.785744025836017e-08
-0.00077582000876,9.785744025836017e-08
1.2028186504002454e+22,-2.9394880332662313e+18
-2.30215350721047e+20,5.626078946261142e+16
-0.00077582000876,9.785744025836017e-08
-0.00077582000876,9.785744025836017e-08
-0.00077582000876,9.785744025836017e-08
-0.00077582000876,9.785744025836017e-08
-0.0007756261400082971,9.781006197107929e-08
-0.00077582000876,9.785744025836017e-08
-0.00077582000876,9.785744025836017e-08
-0.00077582000876,9.785744025836017e-08
-0.00077582000876,9.785744025836017e-08
-0.00077582000876,9.785744025836017e-08
9.458855971714148e+21,-2.311586517253063e+18
1.2322459576166724e+22,-3.0114034607374904e+18
126443835712.18468,-30900759.863046773
-0.00077582000876,9.785744025836017e-08
-0.00077582000876,9.785744025836017e-08
-0.00077582000876,9.785744025836017e-08
-0.00077582000876,9.785744025836017e-08
1.5135842142015342e+22,1.3871781580876701e+22
-0.000775820008720656,9.801843287556409e-08
-0.00077582000876,9.785744025836017e-08
-0.00077582000876,9.785744025836017e-08
-0.00077582000876,9.785744025836017e-08
-0.00077582000876,9.785744025836017e-08
-0.0007758200087599999,9.785744025836015e-08
-0.00077582000876,9.785744025836017e-08
-71.67997674150104,3.279782839467776
-0.00077582000876,9.78574403099682e-08
-0.00077582000876,9.785744025836017e-08
-0.00077582000876,9.785744025836017e-08
-0.00077582000876,9.785744025836017e-08
-0.00077582000876,9.785744025836017e-08
-0.0007758180129307891,8.26465577600768e-06
-0.00077582000876,9.785744025836017e-08
-0.00077582000876,9.785744025836017e-08
-0.00077582000876,9.785744025836017e-08
-0.00077582000876,9.785744025836017e-08
-0.00077582000876,9.785744025836017e-08
1.2479893018157064e+22,1.320547792508289e+22
2.209500184397102e-05,3.264843702670072
-0.0007758200087599998,9.785744033816781e-08
-0.00077582000876,9.785744025836017e-08
-0.00077582000876,9.785744025836017e-08
-0.00077582000876,9.785744025836017e-08
-0.00077582000876,9.785744025836017e-08
-0.00077582000876,9.785744025836019e-08
-0.00077582000876,9.785744025836052e-08
-0.000775819982494275,9.785743383945537e-08
-0.00077582000876,9.785744025836017e-08
-0.00077582000876,9.785744025836017e-08
-0.00077582000876,9.785744025836017e-08
1.2122584573261518e+22,1.359413132915651e+22
5.848602975113718e+35,-1.429300954965351e+32
-0.0007758200087599998,9.785744027224049e-08
-0.00077582000876,9.785744025836017e-08
-0.00077582000876,9.785744025836017e-08
-0.00077582000876,9.785744025836017e-08
-0.00077582000876,9.785744025836017e-08
-0.0007758200087518315,9.789086516603624e-08
-0.00077582000876,9.785744025836054e-08
-0.0007758200087599841,9.78574402721819e-08
-0.00077582000876,9.785744025836017e-08
-0.00077582000876,9.785744025836017e-08
-0.00077582000876,9.785744025836017e-08
-0.00077582000876,9.785744025836017e-08
-3.218643887968968e+26,7.865828476206298e+22
-0.0007758200087599998,9.785744028438354e-08
-0.00077582000876,9.785744025836017e-08
-0.00077582000876,9.785744025836017e-08
-0.00077582000876,9.785744025836017e-08
-0.00077582000876,9.785744025836017e-08
-0.00077582000876,9.785744025836017e-08
-0.00077582000876,9.785744025836058e-08
-0.00077582000876,9.785744025836017e-08
-0.00077582000876,9.785744025836017e-08
-0.00077582000876,9.785744025836017e-08
-0.00077582000876,9.785744025836017e-08
3.228156796316146e+18,1.3209399586195528e+22
1.9023205013863866e+17,-46489538114504.5
-0.0007758200087599995,9.785744110498599e-08
-0.00077582000876,9.785744025836017e-08
-0.00077582000876,9.785744025836017e-08
-0.00077582000876,9.785744025836017e-08
-0.00077582000876,9.785744025836017e-08
-0.00077582000876,9.785744025836017e-08
-0.00077582000876,9.785744025836062e-08
-0.00077582000876,9.785744025836017e-08
-0.00077582000876,9.785744025836017e-08
-0.00077582000876,9.785744025836017e-08
-0.00077582000876,9.785744025836017e-08
-0.00077582000876,9.785744025836017e-08
2.4592548214206165e-05,3.2752342224658157
-0.0007758200087599998,9.785744025836012e-08
-0.00077582000876,9.785744025836017e-08
-0.00077582000876,9.785744025836017e-08
-0.00077582000876,9.785744025836017e-08
-0.00077582000876,9.785744025836017e-08
0.7032065717842929,-0.00017194368977196936
-0.00077582000876,9.785744025836071e-08
-0.0007758199905638662,9.787147823282005e-08
-0.00077582000876,9.785744025836017e-08
-0.00077582000876,9.785744025836017e-08
-0.00077582000876,9.785744025836017e-08
-0.00077582000876,9.785744025836017e-08
-3.218643887968968e+26,7.865828476206298e+22
-0.0007758200087599993,9.785744190303695e-08
-0.00077582000876,9.785744025836017e-08
-0.00077582000876,9.785744025836017e-08
-0.00077582000876,9.785744025836017e-08
-0.00077582000876,9.785744025836017e-08
-0.00077582000876,9.785744025836017e-08
-0.00077582000876,9.785744025836074e-08
-0.0007758199967621047,9.786783967223696e-08
-0.00077582000876,9.785744025836017e-08
-0.00077582000876,9.785744025836017e-08
-0.00077582000876,9.785744025836017e-08
-0.00077582000876,9.785744025836017e-08
1.9023205013863866e+17,-46489538114504.49
-0.0007758200087599993,9.78574416393577e-08
-0.00077582000876,9.785744025836017e-08
-0.00077582000876,9.785744025836017e-08
-0.00077582000876,9.785744025836017e-08
-0.00077582000876,9.785744025836017e-08
-0.0007758200087594274,9.785744038486221e-08
-0.00077582000876,9.785744025836077e-08
-0.0007758200004576358,9.786499991267728e-08
-0.00077582000876,9.785744025836017e-08
-0.00077582000876,9.785744025836017e-08
-0.00077582000876,9.785744025836017e-08
-0.0007758200086097408,9.847229035526562e-08
2.6501792767945538e-05,3.2830467222325224
-0.0007758200087599993,9.78574416046625e-08
0.020596116224821097,0.019775319484884202
-0.00077582000876,9.785744025836017e-08
-0.00077582000876,9.785744025836017e-08
-0.00077582000876,9.785744025836017e-08
-0.0006184257125466074,5.939290114685941e-08
-0.00077582000876,9.78574402583608e-08
-0.0007758199584949097,9.789858854711912e-08
-0.0007157278766189064,8.3171926090167e-08
-0.00077582000876,9.785744025836017e-08
-0.00077582000876,9.785744025836017e-08
-0.00077582000876,9.785744025836017e-08
2.7131876099393886e-05,3.2856249806699354
-0.0007758200087599992,9.785744201405679e-08
0.013325695094235522,-3.348317499113025e-06
-0.00077582000876,9.785744025836017e-08
-0.00077582000876,9.785744025836017e-08
-0.00077582000876,9.785744025836017e-08
-0.0007758200066545297,1.0647288258266136e-07
-0.00077582000876,9.785744025836085e-08
-0.00077582000876,9.785744025836017e-08
-0.00077582000876,9.785744025836017e-08
-0.00077582000876,9.785744025836017e-08
-0.00077582000876,9.785744025836017e-08
-0.00077582000876,9.785744025836017e-08
2.7761901165299237e-05,3.288203000688777
-0.0007758200087599991,9.785744240972779e-08
-0.0007734924962957841,0.009524121664698638
-0.0007758188503206024,4.8381132162747275e-06
-0.00077582000876,9.785744025836017e-08
-0.00077582000876,9.785744025836017e-08
-0.00077582000876,9.785744025836017e-08
-0.00077582000876,9.785744025836075e-08
-0.0007758163522267809,1.5060144416719633e-05
-0.00077582000876,9.785744025836017e-08
-0.00077582000876,9.785744025836017e-08
-0.00077582000876,9.785744025836017e-08
-0.00077582000876,9.785744025836017e-08
-107374180.79360668,26243.748549940305
-0.0007758200087599991,9.785744222931357e-08
-0.0007757193067380128,0.00041216373016504497
-0.00077582000876,9.785744025836017e-08
-0.00077582000876,9.785744025836017e-08
-0.00077582000876,9.785744025836017e-08
-0.00077582000876,9.785744025836017e-08
-0.00077582000876,9.78574402583608e-08
-0.0007758162109147245,1.2377918916292571e-05
-0.0004456781656280803,0.00035106063392016803
-0.00077582000876,9.785744025836017e-08
-0.00077582000876,9.785744025836017e-08
-0.00077582000876,9.785744025836017e-08
2.9041120653133367e-05,3.293437480436642
-0.0007758200087599991,9.785744239584617e-08
-0.000752024126762635,0.0002862739445678709
-0.00046100766760827133,2.0922558243344485e-08
-0.00077582000876,9.785744025836017e-08
-0.00077582000876,9.785744025836017e-08
-0.00077582000876,9.785744025836017e-08
-0.00077582000876,9.785744025836077e-08
-0.00077581514285784,2.0008800438235034e-05
-0.0005392052531908234,0.0002480871267931939
-0.00077582000876,9.785744025836017e-08
-0.00077582000876,9.785744025836017e-08
-0.00077582000876,9.785744025836017e-08
2.967114571903861e-05,3.2960155004554834
-0.000775820008759999,9.785744246523489e-08
-0.000775767561385191,0.00021470897295063304
-0.0005440431067226085,1.4645374499579455e-06
-0.00077582000876,9.785744025836017e-08
-0.00077582000876,9.785744025836017e-08
36907.75879865528,151024059.49017993
-0.00077582000876,9.785744025836024e-08
-0.00077582000876,9.785744025836017e-08
-0.000772463637192243,0.00019563380551407256
-0.00077582000876,9.785744025836017e-08
-0.00077582000876,9.785744025836017e-08
-0.00077582000876,9.785744025836017e-08
3.0291673505211778e-05,3.2985546582470917
-0.00077582000876,9.785744025836017e-08
-0.00077582000876,9.785744025836017e-08
-0.00077582000876,9.785744025836017e-08
-0.00077582000876,9.785744025836017e-08
9.473556846358796e+21,-2.315179181256681e+18
-0.00077582000876,9.785744025836036e-08
-0.00077582000876,9.785744025836017e-08
-0.00077582000876,9.785744025836017e-08
-0.00077582000876,9.785744025836017e-08
-0.00077582000876,9.785744025836017e-08
1.0419453797434363e+34,-2.546340609246069e+30
-0.0007289964519387805,1.4118195091705968e-07
2.7200829408492907e+23,-6.64742873038883e+19
-0.00077582000876,9.785744025836017e-08
-0.00077582000876,9.785744025836017e-08
-0.00077582000876,9.785744025836017e-08
-0.00077582000876,9.785744025836017e-08
3.879778588475831e+25,-9.481531342029257e+21
-0.0007758200087599487,9.785764991851043e-08
-0.00077582000876,9.785744025836017e-08
-0.00077582000876,9.785744025836017e-08
-0.00077582000876,9.785744025836017e-08
-0.00077582000876,9.785744025836017e-08
1.026962603522258e+31,4.202261614270322e+34
1.4205589751106142e+19,-3471609046381152.5
3.157080096708473e-05,3.303788899576393
-0.00077582000876,9.785744025836017e-08
-0.00077582000876,9.785744025836017e-08
-0.00077582000876,9.785744025836017e-08
-0.00077582000876,9.785744025836017e-08
2286.37553446643,955215.5947721694
0.9067470101336159,-0.00022146755023932374
-0.00077582000876,9.785744025836017e-08
-0.00077582000876,9.785744025836017e-08
-0.00077582000876,9.785744025836017e-08
-0.00077582000876,9.785744025836017e-08
141192854201643.3,35538562514305.67
14669.851325177226,-3.5850669183804498
3.220091805895126e-05,3.306367158013798
-0.00077582000876,9.785744025836017e-08
-0.00077582000876,9.785744025836017e-08
-0.00077582000876,9.785744025836017e-08
-0.00077582000876,9.785744025836017e-08
3825687.4892267263,15654454828.53292
243051.06083918095,994548514.3011886
-0.00077582000876,9.785744025836017e-08
-0.00077582000876,9.785744025836017e-08
-0.00077582000876,9.785744025836017e-08
-0.00077582000876,9.785744025836017e-08
2259086184322081.5,8341989269541.007
52026.41173310179,-12.714330502307982
2.7200829408492907e+23,-6.64742873038883e+19
-0.00077582000876,9.785744025836017e-08
-0.00077582000876,9.785744025836017e-08
-0.00077582000876,9.785744025836017e-08
-0.00077582000876,9.785744025836017e-08
1.6609163858263593e+19,6.796357675276708e+22
16178864370687.602,6.618666811963484e+16
-0.00077582000876,9.785744025836017e-08
-0.00077582000876,9.785744025836017e-08
-0.00077582000876,9.785744025836017e-08
-0.00077582000876,9.785744025836017e-08
3.61453528656139e+16,26739746710598.93
835688935.0442289,-204228.3708018414
-151996488924693.53,37145405101.9062
-0.00077582000876,9.785744025836017e-08
-0.00077582000876,9.785744025836017e-08
-0.00077582000876,9.785744025836017e-08
-0.00077582000876,9.785744025836017e-08
944041.5778270426,3862954380.6459985
3957577073.0725026,248169339636.977
-0.00077582000876,9.785744025836017e-08
-0.00077582000876,9.785744025836017e-08
-0.00077582000876,9.785744025836017e-08
-0.00077582000876,9.785744025836017e-08
142275116355526.1,104179243170.5524
183521.58749393158,-44.84961312897047
3.411016261269063e-05,3.314179657780504
-0.00077582000876,9.785744025836017e-08
-0.00077582000876,9.785744025836017e-08
-0.00077582000876,9.785744025836017e-08
-0.00077582000876,9.785744025836017e-08
0.017631542979444272,43.29590295918472
-0.0006365230434457932,0.011115167176216202
-0.00077582000876,9.785744025836017e-08
-0.00077582000876,9.785744025836017e-08
-0.00077582000876,9.785744025836017e-08
-0.00077582000876,9.785744025836017e-08
-0.00077582000876,9.785744025836017e-08
-0.00077582000876,9.785744025836017e-08
3.474018767859587e-05,3.3167576777993455
-0.00077582000876,9.785744025836017e-08
-0.00077582000876,9.785744025836017e-08
-0.00077582000876,9.785744025836017e-08
-0.00077582000876,9.785744025836017e-08
-0.00077582000876,9.785744025836017e-08
-0.00077582000876,9.785744025836017e-08
-0.00077582000876,9.785744025836026e-08
-0.0007758087976236207,1.834114389562779e-05
-0.00077582000876,9.785744025836017e-08
-0.00077582000876,9.785744025836017e-08
-0.00077582000876,9.785744025836017e-08
168846266.95720437,-41263.20963000758
-151996488924693.53,37145405101.91401
-0.0007758200087599982,9.7857443644841e-08
-0.0007597181755062961,2.2748808567278477e-05
-0.0007758131317394438,2.8238161093661698e-05
-0.00077582000876,9.785744025836017e-08
-0.00077582000876,9.785744025836017e-08
1.8659976336935554e+32,7.635536290703625e+35
-0.00077582000876,9.785744025836028e-08
-0.0007758146767385726,2.191612900520821e-05
-0.0007758148216946794,2.1322978406297174e-05
-0.00077582000876,9.785744025836017e-08
-0.00077582000876,9.785744025836017e-08
-0.00077582000876,9.785744025836017e-08
89128.95831197649,-18.459676799146237
-0.0007758200087599989,9.785744472761121e-08
-0.0007599576865494223,1.833809415085792e-05
-0.0007544751764669098,9.264111948741642e-08
-0.00077582000876,9.785744025836017e-08
-0.00077582000876,9.785744025836017e-08
-0.00077582000876,9.785744025836017e-08
-0.00077582000876,9.785744025836026e-08
-0.0007758083912319712,1.8336876447044306e-05
-0.00077582000876,9.785744025836017e-08
-0.00077582000876,9.785744025836017e-08
-0.00077582000876,9.785744025836017e-08
-0.00077582000876,9.785744025836017e-08
-1.340894950682106e-05,3.3245310891513444
-0.0007758200087599988,9.785744481087243e-08
-0.0007596008495810175,1.4937990049998003e-05
-0.0007581656900737923,2.0366000447354547e-05
-0.00077582000876,9.785744025836017e-08
-0.00077582000876,9.785744025836017e-08
-0.00077582000876,9.785744025836017e-08
-0.00077582000876,9.785744025836025e-08
-0.0007758163959430351,1.4881260456643185e-05
-0.00077582000876,9.785744025836017e-08
-0.00077582000876,9.785744025836017e-08
-0.00077582000876,9.785744025836017e-08
-0.00077582000876,9.785744025836017e-08
3.7269960045793337e-05,3.32710933535766
-0.0007758200087599985,9.78574460315197e-08
-0.0007624041799862322,1.3150565753829579e-05
-0.0007613328963712375,9.431703177789806e-08
-0.00077582000876,9.785744025836017e-08
-0.00077582000876,9.785744025836017e-08
-0.00077582000876,9.785744025836017e-08
-0.00077582000876,9.785744025836026e-08
-0.000775816745551935,1.3450684450629274e-05
-0.0007758169636715614,1.2558153670686213e-05
-0.00077582000876,9.785744025836017e-08
-0.00077582000876,9.785744025836017e-08
-0.00077582000876,9.785744025836017e-08
4.0564817089278606e+29,-9.913364276974772e+25
-0.0007758200087599999,9.785744025836015e-08
-0.0007646695679073437,1.1482227472059328e-05
-0.00077582000876,9.785744025836017e-08
-0.00077582000876,9.785744025836017e-08
-0.00077582000876,9.785744025836017e-08
-0.00077582000876,9.785744025836017e-08
-0.00077582000876,9.785744025836026e-08
-0.0007758172114978369,1.1544065289502296e-05
-0.0007758174297970537,1.0650799637862146e-05
-0.00077582000876,9.785744025836017e-08
-0.00077582000876,9.785744025836017e-08
-0.00077582000876,9.785744025836017e-08
-1.1499704953081688e-05,3.3323435889180506
-0.0007758200087599974,9.785745058343396e-08
-0.0007663985760991207,9.991527038257612e-06
-0.0007647303719359171,9.514731810263762e-08
-0.00077582000876,9.785744025836017e-08
-0.00077582000876,9.785744025836017e-08
1.19085754050709e+22,-2.910257076975511e+18
-0.00077582000876,9.785744025836029e-08
-0.0007758022630823091,9.338677890382165e-06
-0.0007672915305528791,9.277816455569e-06
-0.00077582000876,9.785744025836017e-08
-0.00077582000876,9.785744025836017e-08
-0.00077582000876,9.785744025836017e-08
3.917920459953271e-05,3.334921835124366
-0.0007758200087599998,9.785744025836013e-08
-0.0007665792931115677,8.263031904902531e-06
-0.0007663993419575569,9.555518652111097e-08
-0.00077582000876,9.785744025836017e-08
-0.00077582000876,9.785744025836017e-08
-0.00077582000876,9.785744025836017e-08
-0.00077582000876,9.78574402583603e-08
-0.000775817954385215,8.504220311279696e-06
-0.0007683363333600047,7.907151274745096e-06
-0.00077582000876,9.785744025836017e-08
-0.00077582000876,9.785744025836017e-08
-0.00077582000876,9.785744025836017e-08
3.9809229638153136e-05,3.3374998551432076
-0.0007758200087599964,9.785745430268098e-08
-0.0007683378851892892,7.219571365176939e-06
-0.0007674721618668486,9.581736580176676e-08
-0.00077582000876,9.785744025836017e-08
-0.00077582000876,9.785744025836017e-08
-0.00077582000876,9.785744025836017e-08
-0.00077582000876,9.785744025836033e-08
-0.0007757983348064079,7.31106984532773e-06
-0.0007691412185258569,7.011839001508494e-06
-0.00077582000876,9.785744025836017e-08
-0.00077582000876,9.785744025836017e-08
-0.0007733141075304415,0.010254076444400864
-2.30215350721047e+20,5.626078946261142e+16
-0.0007758200087599957,9.78574571337496e-08
-0.0007690234769713483,6.65346612100694e-06
-0.00077582000876,9.785744025836017e-08
-0.00077582000876,9.785744025836017e-08
-0.00077582000876,9.785744025836017e-08
7.316614696398413e+17,-178805851879053.88
-0.00077582000876,9.785744025836036e-08
-0.0007758183843500291,6.744833331310588e-06
-0.0007697969952328044,6.5053565834394375e-06
-0.00077582000876,9.785744025836017e-08
-0.00077582000876,9.785744025836017e-08
-0.00077582000876,9.785744025836017e-08
126443835712.18471,-30900759.780038964
-0.0007758200087599952,9.78574592431733e-08
-0.000770126308715934,6.056930650522513e-06
-0.00077582000876,9.785744025836017e-08
-0.00077582000876,9.785744025836017e-08
-0.00077582000876,9.785744025836017e-08
-0.00077582000876,9.785744025836017e-08
-0.00077582000876,9.785744025836034e-08
-0.0007758137559159,6.267998665735204e-06
-0.0007701845510582922,5.939213974550249e-06
-0.00077582000876,9.785744025836017e-08
-0.00077582000876,9.785744025836017e-08
-0.0007733082816612577,0.010277915507631423
4.171847419189251e-05,3.3453123549099137
-0.0007758200087599939,9.785746435019905e-08
-0.0007758186905026138,5.492077631351162e-06
-0.00077582000876,9.785744025836017e-08
-0.00077582000876,9.785744025836017e-08
-0.00077582000876,9.785744025836017e-08
-0.00077582000876,9.785744025836017e-08
-0.00077582000876,9.785744025836034e-08
-0.0007758187275255643,9.951630598994878e-08
-0.0007708416295430235,9.664080746600248e-08
-0.00077582000876,9.785744025836017e-08
-0.00077582000876,9.785744025836017e-08
-0.00077582000876,9.785744025836017e-08
-2.30215350721047e+20,5.626078946261142e+16
-0.0007758200087599934,9.785746668166732e-08
-0.0007757937704570182,5.045036692143324e-06
-0.00077582000876,9.785744025836017e-08
-0.00077582000876,9.785744025836017e-08
-0.00077582000876,9.785744025836017e-08
-0.00077582000876,9.785744025836017e-08
-0.00077582000876,9.785744025836033e-08
-0.0007758186756741831,5.552754568568033e-06
-0.00077582000876,9.785744025836017e-08
-0.00077582000876,9.785744025836017e-08
-0.00077582000876,9.785744025836017e-08
-0.0007758200087594128,9.785984290689801e-08
126443835712.18471,-30900759.772226464
-0.0007758200087599924,9.785747067847011e-08
-0.0007710505375586732,4.596842676022084e-06
-0.00077582000876,9.785744025836017e-08
-0.00077582000876,9.785744025836017e-08
-0.00077582000876,9.785744025836017e-08
-0.00077582000876,9.785744025836017e-08
-0.00077582000876,9.785744025836033e-08
-0.00077582000876,9.785744025836017e-08
-0.0007717072883933105,9.685236004131902e-08
-0.00077582000876,9.785744025836017e-08
-0.00077582000876,9.785744025836017e-08
3.434075925909743e+30,1.405200675705769e+34
-71.6799545465331,3.3706031492557362
-0.0007758200087599928,9.785746912415791e-08
-0.0007755533857412649,0.0010911012428299009
-0.00077582000876,9.785744025836017e-08
3543836.6052337443,14501140046.972746
-0.00077582000876,9.785744025836017e-08
-0.00077582000876,9.785744025836017e-08
-0.00077582000876,9.785744025836038e-08
-0.00077582000876,9.785744025836017e-08
0.6476616606278589,-0.00015836944052011054
-0.00077582000876,9.785744025836017e-08
-0.00077582000876,9.785744025836017e-08
-0.00077582000876,9.785744025836017e-08
4.425780207705703e-05,3.3557031131140334
-0.0007758200087599894,9.78574833350122e-08
-0.00077582000876,9.785744025836017e-08
-0.00077582000876,9.785744025836017e-08
3494639.251202514,14299827796.984251
-0.00077582000876,9.785744025836017e-08
-0.00077582000876,9.785744025836017e-08
-0.00077582000876,9.785744025836044e-08
-0.00077582000876,9.785744025836017e-08
-0.00077582000876,9.785744025836017e-08
-0.00077582000876,9.785744025836017e-08
-0.00077582000876,9.785744025836017e-08
9.962107319347048e+21,-2.4345727630337556e+18
126443835712.18471,-30900759.764413964
-0.000775820008759987,9.785749266088532e-08
3378458.8815954095,13824425571.180523
-0.00077582000876,9.785744025836017e-08
-0.00077582000876,9.785744025836017e-08
-0.00077582000876,9.785744025836017e-08
-0.00077582000876,9.785744025836017e-08
-0.00077582000876,9.78574402583604e-08
-0.00077582000876,9.785744025836017e-08
-0.00077582000876,9.785744025836017e-08
-0.00077582000876,9.785744025836017e-08
-0.00077582000876,9.785744025836017e-08
-0.00077582000876,9.785744025836017e-08
-71.67995263728854,3.3784156490224424
-0.0007758200087599864,9.78574948813313e-08
3099654.022370599,12683574917.24815
-0.00077582000876,9.785744025836017e-08
226615.04846960847,927293476.3095325
-0.00077582000876,9.785744025836017e-08
-0.00077582000876,9.785744025836017e-08
-0.00077582000876,9.785744025836045e-08
-0.00077582000876,9.785744025836017e-08
-0.00077582000876,9.785744025836017e-08
-0.00077582000876,9.785744025836017e-08
-0.00077582000876,9.785744025836017e-08
-0.00077582000876,9.785744025836017e-08
4.6199214334930795e-05,3.3634765122247385
-0.0007758200087599832,9.78575082040072e-08
-0.00077582000876,9.785744025836017e-08
-0.00077582000876,9.785744025836017e-08
-0.00077582000876,9.785744025836017e-08
-0.00077582000876,9.785744025836017e-08
-0.00077582000876,9.785744025836017e-08
-0.00077582000876,9.785744025836045e-08
-0.00077582000876,9.785744025836017e-08
-0.00077582000876,9.785744025836017e-08
-0.00077582000876,9.785744025836017e-08
-0.00077582000876,9.785744025836017e-08
-0.0007731340707157664,0.010990774930664502
5.848602975113718e+35,-1.429300954965351e+32
-0.0007758200087599784,9.785752774393185e-08
-0.00077582000876,9.785744025836017e-08
-0.00077582000876,9.785744025836017e-08
-0.0007757082150743656,9.783011974740802e-08
-0.00077582000876,9.785744025836017e-08
-0.00077582000876,9.785744025836017e-08
-0.00077582000876,9.785744025836044e-08
-0.000775813722332809,9.785590396047406e-08
-0.00077582000876,9.785744025836017e-08
-0.0007758192882096798,9.78572641678878e-08
-0.00077582000876,9.785744025836017e-08
9.666672318513613e+21,-2.3623733795881375e+18
-3.218643887968968e+26,7.865828476206298e+22
-0.000775820008759973,9.78575499483917e-08
-0.0007758001984832583,8.116017191413914e-05
-0.0007757947148813285,0.00010359870065728221
185614.2556750677,759521001.3194872
-0.00077582000876,9.785744025836017e-08
-0.00077582000876,9.785744025836017e-08
-0.00077582000876,9.785744025836045e-08
-0.0007758190473789228,4.031763877961398e-06
-0.00077582000876,9.785744025836017e-08
-0.0007758197558052948,9.785737844045199e-08
-0.00077582000876,9.785744025836017e-08
-0.00077582000876,9.785744025836017e-08
4.810845888867017e-05,3.3712890119914447
-0.0007758200087599668,9.785757528626346e-08
-0.0007758177509711066,9.336577104560949e-06
-0.0007758199117756532,4.94710837209372e-07
-0.0007758166159906863,3.258157981277969e-06
-0.00077582000876,9.785744025836017e-08
-0.00077582000876,9.785744025836017e-08
-0.00077582000876,9.785744025836042e-08
-0.0007757262512530136,4.509386458645879e-06
-0.00077582000876,9.785744025836017e-08
-0.0007758035838257978,1.1008103490295841e-07
-0.00077582000876,9.785744025836017e-08
-0.00077582000876,9.785744025836017e-08
4.869676070516583e-05,3.3738670320204824
-0.0007758200087599811,9.785751620519537e-08
-0.0006761401866154244,8.542735122252687e-05
-0.00077582000876,9.785744025836017e-08
29992.534413507725,122727428.33516264
-0.00077582000876,9.785744025836017e-08
-0.00077582000876,9.785744025836017e-08
-0.00077582000876,9.785744025836048e-08
-0.0007756850475593011,9.498842177400031e-05
-0.00077582000876,9.785744025836017e-08
-0.0007758077750162207,1.2417232364732946e-07
-0.00077582000876,9.785744025836017e-08
-0.00077582000876,9.785744025836017e-08
4.932684403661429e-05,3.376445290457896
-0.0007758200087599444,9.785766675886655e-08
-0.0007651298020766672,8.592593597176686e-05
-0.00077582000876,9.785744025836017e-08
-0.0007758086490950108,3.4518663607589672e-06
-0.00077582000876,9.785744025836017e-08
-0.00077582000876,9.785744025836017e-08
-0.00077582000876,9.785744025836048e-08
-0.0007756813208236148,0.00010071046693255525
-0.000679022068535307,7.420163920800037e-08
-0.0007756225054769735,1.1388252488271791e-07
-0.00077582000876,9.785744025836017e-08
-0.00077582000876,9.785744025836017e-08
4.995686910251953e-05,3.3790233104767373
-0.0007758200087599154,9.785778487157664e-08
-0.00077582000876,9.785744025836017e-08
-0.0007757937863368406,0.00010739824198973648
-0.0007758057643741881,2.632308814230383e-06
-0.00077582000876,9.785744025836017e-08
-0.00077582000876,9.785744025836017e-08
-0.00077582000876,9.785744025836054e-08
0.0016377016889572251,9.874999802916324
-0.00077582000876,9.785744025836017e-08
-0.0006422448380033098,7.196800068369054e-08
-0.00077582000876,9.785744025836017e-08
-0.00077582000876,9.785744025836017e-08
-107374180.79358448,26243.839370250094
-0.0007758200087599936,9.785746479615165e-08
-0.00077582000876,9.785744025836017e-08
-0.0007758197847789315,1.0143728453261698e-06
-0.000774470423052972,2.0061339176413236e-06
-0.00077582000876,9.785744025836017e-08
-0.00077582000876,9.785744025836017e-08
-0.00077582000876,9.785744025836062e-08
-0.0007753524521565392,9.774317722791162e-08
-0.00077582000876,9.785744025836017e-08
-0.0007758200075930601,1.0263247959070559e-07
-0.00077582000876,9.785744025836017e-08
-0.00077582000876,9.785744025836017e-08
5.123608859035366e-05,3.384257790224602
-0.0007758200087599967,9.785745108396932e-08
-0.00077582000876,9.785744025836017e-08
-0.00077582000876,9.785744025836017e-08
586655.6859461799,2400555448.315572
-0.00077582000876,9.785744025836017e-08
-0.00077582000876,9.785744025836017e-08
-0.00077582000876,9.785744025836082e-08
-0.00077582000876,9.785744025836017e-08
-0.00077582000876,9.785744025836017e-08
-0.0007758175622319741,1.0145217051039353e-07
-0.00077582000876,9.785744025836017e-08
-0.00077582000876,9.785744025836017e-08
5.1866113656258905e-05,3.3868358102434435
-0.0007758200087599865,9.785749333076293e-08
-0.00077582000876,9.785744025836017e-08
-0.0007742163613953685,0.006562114565842031
762957.882821415,3121972130.772915
-0.00077582000876,9.785744025836017e-08
-0.00077582000876,9.785744025836017e-08
-0.00077582000876,9.78574402583607e-08
-0.0007704853932119027,9.65537492521981e-08
-0.00077582000876,9.785744025836017e-08
-0.0007758173739317232,9.785679635030414e-08
-0.00077582000876,9.785744025836017e-08
-0.00077582000876,9.785744025836017e-08
-4.93268180641331e+32,1.2054651078977836e+29
-0.0007758200087599867,9.785749155440269e-08
-0.00077582000876,9.785744025836017e-08
-0.0007753821378360475,7.087862800928686e-07
-0.000775234863135311,9.771444043366348e-08
-0.00077582000876,9.785744025836017e-08
-0.00077582000876,9.785744025836017e-08
-0.00077582000876,9.785744025836077e-08
-0.00077582000876,9.785744025836017e-08
-0.00077582000876,9.785744025836017e-08
-0.0007758199509340028,3.3447751494302195e-07
-0.00077582000876,9.785744025836017e-08
-0.00077582000876,9.785744025836017e-08
0.05880313387421823,3.392016831826495
-0.0007758200087599918,9.785747090425168e-08
-0.00077582000876,9.785744025836017e-08
-0.00077582000876,9.785744025836017e-08
-0.00077582000876,9.785744025836017e-08
-0.00077582000876,9.785744025836017e-08
-0.00077582000876,9.785744025836017e-08
-0.00077582000876,9.78574402583607e-08
-0.0007624675582804243,9.459432421119612e-08
-0.000727850239347298,0.19628915449593481
-0.0007756253020084305,9.780985717789793e-08
-0.00077582000876,9.785744025836017e-08
-0.00077582000876,9.785744025836017e-08
5.377535820999828e-05,3.3946483100101497
-0.000775820008759994,9.785746124347016e-08
-0.00077582000876,9.785744025836017e-08
-0.0007607983645230947,9.418640111545425e-08
-0.00077582000876,9.785744025836017e-08
-0.00077582000876,9.785744025836017e-08
-0.00077582000876,9.785744025836017e-08
-0.00077582000876,9.785744025836087e-08
-0.0007501879986507251,9.159340478138275e-08
-0.0007758196245352771,1.6700790563913245e-06
-0.0007757049786659877,9.782932882321555e-08
-0.00077582000876,9.785744025836017e-08
-0.00077582000876,9.785744025836017e-08
-4.93268180641331e+32,1.2054651078977836e+29
-0.0007758200087599934,9.785746435019889e-08
-0.00077582000876,9.785744025836017e-08
0.00021616155457849834,-1.4456629782418073e-07
-0.00077582000876,9.785744025836017e-08
-0.00077582000876,9.785744025836017e-08
-0.00077582000876,9.785744025836017e-08
-0.00077582000876,9.785744025836074e-08
-0.0007480422296838977,9.106901465839586e-08
-0.000775818850588321,4.837017729939155e-06
0.004383112263335815,0.0028227709109984287
-0.00077582000876,9.785744025836017e-08
-0.00077582000876,9.785744025836017e-08
0.05880504311877197,3.3998293315932013
-0.0007758200087599931,9.785746435344978e-08
-0.00077582000876,9.785744025836017e-08
-0.00077582000876,9.785744025836017e-08
-0.00077582000876,9.785744025836017e-08
-0.00077582000876,9.785744025836017e-08
-0.00077582000876,9.785744025836017e-08
-0.00077582000876,9.785744025836083e-08
-0.0007312316903670529,8.696079941429616e-08
-0.0007603083819484256,4.992823325663115e-05
-0.000775688497009381,0.0005382350588885623
-0.00077582000876,9.785744025836017e-08
-0.00077582000876,9.785744025836017e-08
5.5675013458044505e-05,3.402421709131059
-0.000775820008759989,9.785748222865832e-08
-0.0007757815493383252,0.00015747121344826263
-0.00077582000876,9.785744025836017e-08
-0.00077582000876,9.785744025836017e-08
-0.00077582000876,9.785744025836017e-08
-0.00077582000876,9.785744025836017e-08
-0.00077582000876,9.785744025836091e-08
-0.0007362384403609093,8.818436555102004e-08
-0.0007716061908730646,4.563943423474127e-05
1.2103529747347246,-0.0002958818064690086
-0.00077582000876,9.785744025836017e-08
-0.00077582000876,9.785744025836017e-08
5.6305130549910926e-05,3.404999967568464
-0.0007758200087599753,9.785753929798259e-08
-0.00077582000876,9.785744025836017e-08
-0.0006287945781772662,0.000572350818505067
-0.00077582000876,9.785744025836017e-08
-0.00077582000876,9.785744025836017e-08
-0.00077582000876,9.785744025836017e-08
-0.00077582000876,9.785744025836094e-08
-0.0007154933725120039,8.311461720027223e-08
-0.00077582000876,9.785744025836017e-08
-0.0002913072536111861,-2.0549390667554732e-08
-0.00077582000876,9.785744025836017e-08
-0.00077582000876,9.785744025836017e-08
2.7200829408492907e+23,-6.64742873038883e+19
-0.0007758200087599604,9.785759926724258e-08
-0.00077582000876,9.785744025836017e-08
-0.0006050476509440096,0.00018413616863976752
-0.00077582000876,9.785744025836017e-08
-0.00077582000876,9.785744025836017e-08
-0.00077582000876,9.785744025836017e-08
-0.00077582000876,9.785744025836097e-08
-0.0006732917063884343,7.280123433803853e-08
-0.0007693821575269551,9.628413686360597e-08
-0.0005392859242957126,4.005245772745287e-08
-0.00077582000876,9.785744025836017e-08
-0.00077582000876,9.785744025836017e-08
5.758425801178388e-05,3.4102342088977657
-0.0007758200087599648,9.785758061496776e-08
-0.00077582000876,9.785744025836017e-08
-0.00077582000876,9.785744025836017e-08
0.029416009419314583,123.54292701169523
-0.00077582000876,9.785744025836017e-08
-0.00077582000876,9.785744025836017e-08
-0.00077582000876,9.785744025836099e-08
-0.0006880819742706232,7.641572896148233e-08
-0.0007613911266832175,1.4281382196314828e-05
0.0007578608901453527,-2.769485745703206e-07
-0.00077582000876,9.785744025836017e-08
-0.00077582000876,9.785744025836017e-08
5.82143751036503e-05,3.4128124673351703
-0.000775820008759957,9.785761258932214e-08
-0.00077582000876,9.785744025836017e-08
-0.00077582000876,9.785744025836017e-08
0.005733493861175503,26.635672825422834
-0.00077582000876,9.785744025836017e-08
-0.00077582000876,9.785744025836017e-08
-0.00077582000876,9.785744025836115e-08
-0.0006847441142628751,7.560001168388371e-08
-0.0007548048228177924,0.00013171792751244535
1.7962844967733937,-0.0004390736913614667
-0.00077582000876,9.785744025836017e-08
-0.00077582000876,9.785744025836017e-08
5.884440016955554e-05,3.4153904873540117
-0.0007758200087599557,9.785761434132481e-08
-0.00077582000876,9.785744025836017e-08
-0.0007703601180518384,0.022341601883318497
0.0027995960708500304,14.630361217978272
-0.00077582000876,9.785744025836017e-08
-0.00077582000876,9.785744025836017e-08
-0.00077582000876,9.785744025836142e-08
-0.000679498905679271,7.431817024765732e-08
-0.000775814880842148,2.1080950959446305e-05
-0.00077582000876,9.785744025836017e-08
-0.00077582000876,9.785744025836017e-08
-0.00077582000876,9.785744025836017e-08
5.947448350098069e-05,3.417968745791425
-0.0007758200087599544,9.785761790966437e-08
-0.0007757949525665265,0.00010262610888012223
-0.0007605434740808325,0.06251064601290048
-0.00077582000876,9.785744025836017e-08
-0.00077582000876,9.785744025836017e-08
-0.00077582000876,9.785744025836017e-08
-0.00077582000876,9.785744025836157e-08
-0.000673300022807739,7.280326673211703e-08
-0.0007118617319664414,0.00021849171101074864
-0.00077582000876,9.785744025836017e-08
-0.00077582000876,9.785744025836017e-08
-0.00077582000876,9.785744025836017e-08
6.012361965738967e-05,3.420624967101877
-0.000775820008759947,9.78576454275683e-08
-0.00077582000876,9.785744025836017e-08
-0.0007650792281245772,0.04395064680316615
-0.00077582000876,9.785744025836017e-08
-0.00077582000876,9.785744025836017e-08
-0.00077582000876,9.785744025836017e-08
-0.00077582000876,9.785744025836181e-08
-0.00077582000876,9.785744025836017e-08
-0.0007754489385379809,0.0015184921444776772
0.2238563470599905,-5.479849512008254e-05
-0.00077582000876,9.785744025836017e-08
-0.00077582000876,9.785744025836017e-08
6.075364472329502e-05,3.423202987120718
-0.000775820008759947,9.785764542756829e-08
-0.00077582000876,9.785744025836017e-08
-0.0007725381758160991,0.0134291366143547
-0.00077582000876,9.785744025836017e-08
-0.00077582000876,9.785744025836017e-08
-0.00077582000876,9.785744025836017e-08
-0.00077582000876,9.785744025836175e-08
-0.00077582000876,9.785744025836017e-08
-0.0006737260566040516,0.00017270587721455555
0.2648946504018581,-6.4827571534788e-05
-0.00077582000876,9.785744025836017e-08
-0.00077582000876,9.785744025836017e-08
6.138372805472006e-05,3.4257812455581313
-0.0007758200087599375,9.785768361923918e-08
-0.00077582000876,9.785744025836017e-08
-0.00077582000876,9.785744025836017e-08
-0.00077582000876,9.785744025836017e-08
-0.00077582000876,9.785744025836017e-08
-0.00077582000876,9.785744025836017e-08
-0.00077582000876,9.785744025836185e-08
-0.00037718415640609215,4.374911051542834e-10
-0.00077582000876,9.785744025836017e-08
0.043419309138917554,-1.0702694514520948e-05
-0.00077582000876,9.785744025836017e-08
-0.00077582000876,9.785744025836017e-08
89128.95833798994,-18.353231489824864
-0.0007758200087599186,9.785775826989026e-08
-0.00077582000876,9.785744025836017e-08
-0.00077582000876,9.785744025836017e-08
0.15962408091918545,656.3455615530158
-0.00077582000876,9.785744025836017e-08
-0.00077582000876,9.785744025836017e-08
-0.00077582000876,9.785744025836212e-08
-0.0003065652564146354,-1.6820589435768256e-08
-0.00077582000876,9.785744025836017e-08
-0.00077582000876,9.785744025836017e-08
-0.00077582000876,9.785744025836017e-08
-0.00077582000876,9.785744025836017e-08
1.2604507537878088e-05,3.4309763984727173
-0.000775820008759911,9.785778667945562e-08
-0.00077582000876,9.785744025836017e-08
-0.00077582000876,9.785744025836017e-08
-0.00077582000876,9.785744025836017e-08
-0.00077582000876,9.785744025836017e-08
-0.00077582000876,9.785744025836017e-08
-0.00077582000876,9.785744025836258e-08
-0.00018063458649951523,-4.759594340234658e-08
-0.00077582000876,9.785744025836017e-08
-0.00077582000876,9.785744025836017e-08
-0.00077582000876,9.785744025836017e-08
-0.00077582000876,9.785744025836017e-08
6.328341709049238e-05,3.433554644679033
-0.0007758200087599127,9.785777424490359e-08
-0.0007758200082411789,9.785759024932532e-08
-0.00077582000876,9.785744025836017e-08
-0.00077582000876,9.785744025836017e-08
-0.00077582000876,9.785744025836017e-08
-0.00077582000876,9.785744025836017e-08
-0.00077582000876,9.785744025836296e-08
-0.0007758200081097663,9.785744009945392e-08
-0.00077582000876,9.785744025836017e-08
-0.0005991477219611246,0.7229311632866208
-0.00077582000876,9.785744025836017e-08
-0.00077582000876,9.785744025836017e-08
4.0564817089278606e+29,-9.913364276974772e+25
-0.0007758200087599009,9.785782039871094e-08
-0.00077582000876,9.785744025836017e-08
-0.00077582000876,9.785744025836017e-08
0.0385911059974087,161.08680253852424
-0.00077582000876,9.785744025836017e-08
-0.00077582000876,9.785744025836017e-08
-0.00077582000876,9.785744025836348e-08
0.0004603294134725627,-2.0423684741937626e-07
-0.00077582000876,9.785744025836017e-08
-0.00077582000876,9.785744025836017e-08
-0.00077582000876,9.785744025836017e-08
-0.00077582000876,9.785744025836017e-08
1.451375209161746e-05,3.4387888982394235
-0.0007758200087597934,9.78582610139071e-08
-0.00077582000876,9.785744025836017e-08
-0.00077582000876,9.785744025836017e-08
-0.00077582000876,9.785744025836017e-08
-0.00077582000876,9.785744025836017e-08
-0.00077582000876,9.785744025836017e-08
-0.00077582000876,9.785744025836385e-08
0.0013149879329459819,-4.131011254786814e-07
-0.00077582000876,9.785744025836017e-08
-0.00077582000876,9.785744025836017e-08
-0.00077582000876,9.785744025836017e-08
-0.00077582000876,9.785744025836017e-08
126443835712.18472,-30900759.681406155
-0.0007758200087596918,9.78586696556564e-08
-0.00077582000876,9.785744025836017e-08
-0.00077582000876,9.785744025836017e-08
3248685.7640971467,13293402739.037714
-0.00077582000876,9.785744025836017e-08
-0.00077582000876,9.785744025836017e-08
-0.00077582000876,9.78574402583652e-08
-0.00077582000876,9.785744025836017e-08
-0.00077582000876,9.785744025836017e-08
-0.00077582000876,9.785744025836017e-08
-0.00077582000876,9.785744025836017e-08
-0.00077582000876,9.785744025836017e-08
6.582268668285228e-05,3.4439451644645804
-0.000775820008759604,9.785902492224292e-08
-0.00077582000876,9.785744025836017e-08
-0.00077582000876,9.785744025836017e-08
-0.00077582000876,9.785744025836017e-08
-0.00077582000876,9.785744025836017e-08
-0.00077582000876,9.785744025836017e-08
-0.00077582000876,9.785744025836544e-08
0.004260239142201753,-1.1328713652423272e-06
-0.00077582000876,9.785744025836017e-08
-0.00077582000876,9.785744025836017e-08
-0.00077582000876,9.785744025836017e-08
-0.00077582000876,9.785744025836017e-08
-2.30215350721047e+20,5.626078946261142e+16
-0.000775820008759991,9.785744033729704e-08
-0.00077582000876,9.785744025836017e-08
-0.00077582000876,9.785744025836017e-08
0.012914996057784955,56.021894787258674
-0.00077582000876,9.785744025836017e-08
-0.00077582000876,9.785744025836017e-08
-0.00077582000876,9.785744025836666e-08
0.0031921164891420078,-8.718400156683584e-07
-0.00077582000876,9.785744025836017e-08
-0.00077582000876,9.785744025836017e-08
-0.00077582000876,9.785744025836017e-08
-0.00077582000876,9.785744025836017e-08
126443835712.18472,-30900759.673593655
-0.0007758200087592338,9.786053822459334e-08
-0.00077582000876,9.785744025836017e-08
-0.00077582000876,9.785744025836017e-08
0.012059646107474856,52.521860559499906
-0.00077582000876,9.785744025836017e-08
-0.00077582000876,9.785744025836017e-08
-0.00077582000876,9.785744025836637e-08
-0.00077582000876,9.785744025836017e-08
-0.00077582000876,9.785744025836017e-08
-0.00077582000876,9.785744025836017e-08
-0.00077582000876,9.785744025836017e-08
-0.00077582000876,9.785744025836017e-08
6.773193123659166e-05,3.4517576642312866
-0.0007758200087593872,9.785989901327165e-08
-0.00077582000876,9.785744025836017e-08
-0.00077582000876,9.785744025836017e-08
0.24271579108341954,996.3512276694336
-0.00077582000876,9.785744025836017e-08
-0.00077582000876,9.785744025836017e-08
-0.00077582000876,9.785744025836822e-08
0.008563777719844833,-2.1845843683733084e-06
-0.00077582000876,9.785744025836017e-08
-0.00077582000876,9.785744025836017e-08
-0.00077582000876,9.785744025836017e-08
-0.00077582000876,9.785744025836017e-08
6.83620145680167e-05,3.4543359226687
-0.0007758200087593861,9.785988478810477e-08
-0.00077582000876,9.785744025836017e-08
-0.00077582000876,9.785744025836017e-08
-0.00077582000876,9.785744025836017e-08
-0.00077582000876,9.785744025836017e-08
-0.00077582000876,9.785744025836017e-08
-0.00077582000876,9.785744025836991e-08
-0.00077582000876,9.785744025836017e-08
-0.00077582000876,9.785744025836017e-08
-0.00077582000876,9.785744025836017e-08
-0.00077582000876,9.785744025836017e-08
-0.00077582000876,9.785744025836017e-08
126443835712.18472,-30900759.665781155
-0.0007758200087589926,9.78614766587886e-08
-0.00077582000876,9.785744025836017e-08
-0.00077582000876,9.785744025836017e-08
0.06280687877999776,260.1761092719417
-0.00077582000876,9.785744025836017e-08
-0.00077582000876,9.785744025836017e-08
-0.00077582000876,9.785744025836991e-08
-0.00077582000876,9.785744025836017e-08
-0.00077582000876,9.785744025836017e-08
-0.00077582000876,9.785744025836017e-08
-0.00077582000876,9.785744025836017e-08
-0.00077582000876,9.785744025836017e-08
-71.67992853307605,3.4770484585771086
-0.0007758200087589954,9.786144823621162e-08
-0.00077582000876,9.785744025836017e-08
-0.00077582000876,9.785744025836017e-08
0.09750943457453597,402.17662383040715
-0.00077582000876,9.785744025836017e-08
-0.00077582000876,9.785744025836017e-08
-0.00077582000876,9.785744025836981e-08
-0.00077582000876,9.785744025836017e-08
-0.00077582000876,9.785744025836017e-08
-0.00077582000876,9.785744025836017e-08
-0.00077582000876,9.785744025836017e-08
-0.00077582000876,9.785744025836017e-08
7.027125912175607e-05,3.462148422435406
-0.0007758200087585243,9.786338091890068e-08
-0.00077582000876,9.785744025836017e-08
-0.00077582000876,9.785744025836017e-08
0.08089134014684221,334.1765037906871
-0.00077582000876,9.785744025836017e-08
-0.00077582000876,9.785744025836017e-08
-0.00077582000876,9.785744025837118e-08
-0.00077582000876,9.785744025836017e-08
-0.00077582000876,9.785744025836017e-08
-0.00077582000876,9.785744025836017e-08
-0.00077582000876,9.785744025836017e-08
-0.00077582000876,9.785744025836017e-08
126443835712.18472,-30900759.657968655
-0.0007758200087581803,9.786477411040993e-08
-0.00077582000876,9.785744025836017e-08
-0.00077582000876,9.785744025836017e-08
-0.00077582000876,9.785744025836017e-08
-0.00077582000876,9.785744025836017e-08
-0.00077582000876,9.785744025836017e-08
-0.00077582000876,9.785744025837087e-08
-0.00077582000876,9.785744025836017e-08
-0.00077582000876,9.785744025836017e-08
-0.00077582000876,9.785744025836017e-08
-0.00077582000876,9.785744025836017e-08
-0.00077582000876,9.785744025836017e-08
-3.218643887968968e+26,7.865828476206298e+22
-0.0007758200087580751,9.786517202473648e-08
-0.00077582000876,9.785744025836017e-08
-0.00077582000876,9.785744025836017e-08
54348.74213291862,222391385.35903734
-0.00077582000876,9.785744025836017e-08
-0.00077582000876,9.785744025836017e-08
-0.00077582000876,9.785744025837102e-08
-0.00077582000876,9.785744025836017e-08
-0.00077582000876,9.785744025836017e-08
-0.00077582000876,9.785744025836017e-08
-0.00077582000876,9.785744025836017e-08
-0.00077582000876,9.785744025836017e-08
7.221267137962994e-05,3.469921821546111
-0.0007758200087576094,9.786704844297028e-08
-0.00077582000876,9.785744025836017e-08
-0.00077582000876,9.785744025836017e-08
-0.00077582000876,9.785744025836017e-08
-0.00077582000876,9.785744025836017e-08
-0.00077582000876,9.785744025836017e-08
-0.00077582000876,9.78574402583715e-08
-0.00077582000876,9.785744025836017e-08
-0.00077582000876,9.785744025836017e-08
-0.00077582000876,9.785744025836017e-08
-0.00077582000876,9.785744025836017e-08
-0.00077582000876,9.785744025836017e-08
5.848602975113718e+35,-1.429300954965351e+32
-0.0007758200087570616,9.786920845812314e-08
-0.00077582000876,9.785744025836017e-08
-0.00077582000876,9.785744025836017e-08
-0.00077582000876,9.785744025836017e-08
-0.00077582000876,9.785744025836017e-08
-0.00077582000876,9.785744025836017e-08
-0.00077582000876,9.78574402583732e-08
-0.00077582000876,9.785744025836017e-08
-0.00077582000876,9.785744025836017e-08
6095619.31719923,-1489.6676264035939
-0.00077582000876,9.785744025836017e-08
-0.00077582000876,9.785744025836017e-08
-3.218643887968968e+26,7.865828476206298e+22
-0.0007758200087561296,9.78730185343955e-08
-0.00077582000876,9.785744025836017e-08
-0.00077582000876,9.785744025836017e-08
-0.00077582000876,9.785744025836017e-08
-0.00077582000876,9.785744025836017e-08
-0.00077582000876,9.785744025836017e-08
-0.00077582000876,9.78574402583768e-08
-0.00077582000876,9.785744025836017e-08
-0.00077582000876,9.785744025836017e-08
-0.00077582000876,9.785744025836017e-08
-0.00077582000876,9.785744025836017e-08
-0.00077582000876,9.785744025836017e-08
7.412191593336932e-05,3.4777343213128176
-0.0007758200087541655,9.78810902580014e-08
-0.00077582000876,9.785744025836017e-08
-0.00077582000876,9.785744025836017e-08
-0.00077582000876,9.785744025836017e-08
-0.00077582000876,9.785744025836017e-08
-0.00077582000876,9.785744025836017e-08
-0.00077582000876,9.785744025838209e-08
-0.00077582000876,9.785744025836017e-08
-0.00077582000876,9.785744025836017e-08
-0.00077582000876,9.785744025836017e-08
-0.00077582000876,9.785744025836017e-08
-0.00077582000876,9.785744025836017e-08
7.471021774986498e-05,3.480312341341855
-0.0007758200087491604,9.790155698119128e-08
-0.00077582000876,9.785744025836017e-08
-0.00077582000876,9.785744025836017e-08
-0.00077582000876,9.785744025836017e-08
-0.00077582000876,9.785744025836017e-08
-0.00077582000876,9.785744025836017e-08
-0.00077582000876,9.785744025838463e-08
-0.00077582000876,9.785744025836017e-08
-0.00077582000876,9.785744025836017e-08
-0.00077582000876,9.785744025836017e-08
-0.00077582000876,9.785744025836017e-08
-0.00077582000876,9.785744025836017e-08
-3.218643887968968e+26,7.865828476206298e+22
-0.0007758200087468958,9.791065186200766e-08
-0.00077582000876,9.785744025836017e-08
-0.00077582000876,9.785744025836017e-08
-0.00077582000876,9.785744025836017e-08
-0.00077582000876,9.785744025836017e-08
-0.00077582000876,9.785744025836017e-08
-0.00077582000876,9.785744025839342e-08
-0.00077582000876,9.785744025836017e-08
-0.00077582000876,9.785744025836017e-08
-0.00077582000876,9.785744025836017e-08
-0.00077582000876,9.785744025836017e-08
-0.00077582000876,9.785744025836017e-08
1.9023205013863866e+17,-46489538114504.29
-0.0007758200087412413,9.793384989162079e-08
-0.00077582000876,9.785744025836017e-08
-0.00077582000876,9.785744025836017e-08
-0.00077582000876,9.785744025836017e-08
-0.00077582000876,9.785744025836017e-08
-0.00077582000876,9.785744025836017e-08
-0.00077582000876,9.785744025839342e-08
-0.00077582000876,9.785744025836017e-08
-0.00077582000876,9.785744025836017e-08
-0.00077582000876,9.785744025836017e-08
-0.00077582000876,9.785744025836017e-08
-0.00077582000876,9.785744025836017e-08
7.661946230360435e-05,3.4881248411085615
-0.00077582000873367,9.796477253708182e-08
-0.00077582000876,9.785744025836017e-08
-0.00077582000876,9.785744025836017e-08
-0.00077582000876,9.785744025836017e-08
-0.00077582000876,9.785744025836017e-08
-0.00077582000876,9.785744025836017e-08
-0.00077582000876,9.785744025839511e-08
-0.00077582000876,9.785744025836017e-08
-0.00077582000876,9.785744025836017e-08
-0.00077582000876,9.785744025836017e-08
-0.00077582000876,9.785744025836017e-08
-0.00077582000876,9.785744025836017e-08
-3.218643887968968e+26,7.865828476206298e+22
-0.0007758200086993769,9.81048703828724e-08
-0.00077582000876,9.785744025836017e-08
-0.00077582000876,9.785744025836017e-08
-0.00077582000876,9.785744025836017e-08
-0.00077582000876,9.785744025836017e-08
-0.00077582000876,9.785744025836017e-08
-0.00077582000876,9.785744025839935e-08
-0.00077582000876,9.785744025836017e-08
-0.00077582000876,9.785744025836017e-08
-0.00077582000876,9.785744025836017e-08
-0.00077582000876,9.785744025836017e-08
-0.00077582000876,9.785744025836017e-08
7.787957070095805e-05,3.493281119564816
-0.0007758200086762103,9.819945688533021e-08
-0.00077582000876,9.785744025836017e-08
-0.00077582000876,9.785744025836017e-08
-0.00077582000876,9.785744025836017e-08
-0.00077582000876,9.785744025836017e-08
-0.00077582000876,9.785744025836017e-08
-0.00077582000876,9.785744025840062e-08
-0.00077582000876,9.785744025836017e-08
-0.00077582000876,9.785744025836017e-08
-0.00077582000876,9.785744025836017e-08
-0.00077582000876,9.785744025836017e-08
-0.00077582000876,9.785744025836017e-08
-107374180.79355656,26243.953628059182
-0.0007758200086748795,9.820491335377819e-08
-0.00077582000876,9.785744025836017e-08
-0.00077582000876,9.785744025836017e-08
-0.00077582000876,9.785744025836017e-08
-0.00077582000876,9.785744025836017e-08
-0.00077582000876,9.785744025836017e-08
-0.00077582000876,9.785744025840295e-08
-0.00077582000876,9.785744025836017e-08
-0.00077582000876,9.785744025836017e-08
-0.00077582000876,9.785744025836017e-08
-0.00077582000876,9.785744025836017e-08
-0.00077582000876,9.785744025836017e-08
7.915879018879218e-05,3.498515599312681
-0.000775820008615712,9.844688428982643e-08
-0.00077582000876,9.785744025836017e-08
-0.00077582000876,9.785744025836017e-08
-0.00077582000876,9.785744025836017e-08
-0.00077582000876,9.785744025836017e-08
-0.00077582000876,9.785744025836017e-08
-0.00077582000876,9.785744025840845e-08
-0.00077582000876,9.785744025836017e-08
-0.00077582000876,9.785744025836017e-08
-0.00077582000876,9.785744025836017e-08
-0.00077582000876,9.785744025836017e-08
-0.00077582000876,9.785744025836017e-08
-71.67991850954215,3.518064082352317
-0.0007758200086156932,9.844688306857647e-08
-0.00077582000876,9.785744025836017e-08
-0.00077582000876,9.785744025836017e-08
-0.00077582000876,9.785744025836017e-08
-0.00077582000876,9.785744025836017e-08
-0.00077582000876,9.785744025836017e-08
-0.00077582000876,9.785744025840993e-08
-0.00077582000876,9.785744025836017e-08
-0.00077582000876,9.785744025836017e-08
-0.00077582000876,9.785744025836017e-08
-0.00077582000876,9.785744025836017e-08
-0.00077582000876,9.785744025836017e-08
2.7200829408492907e+23,-6.64742873038883e+19
-0.0007758200086094145,9.847234792025141e-08
-0.00077582000876,9.785744025836017e-08
-0.00077582000876,9.785744025836017e-08
-0.00077582000876,9.785744025836017e-08
-0.00077582000876,9.785744025836017e-08
-0.00077582000876,9.785744025836017e-08
-0.00077582000876,9.785744025841375e-08
-0.00077582000876,9.785744025836017e-08
-0.00077582000876,9.785744025836017e-08
-0.00077582000876,9.785744025836017e-08
-0.00077582000876,9.785744025836017e-08
-0.00077582000876,9.785744025836017e-08
8.029001525626197e-05,3.5031444958877116
-0.0007758200085329659,9.878521320014275e-08
-0.00077582000876,9.785744025836017e-08
-0.00077582000876,9.785744025836017e-08
-0.00077582000876,9.785744025836017e-08
-0.00077582000876,9.785744025836017e-08
-0.00077582000876,9.785744025836017e-08
-0.00077582000876,9.785744025842582e-08
-0.00077582000876,9.785744025836017e-08
-0.00077582000876,9.785744025836017e-08
-0.00077582000876,9.785744025836017e-08
-0.00077582000876,9.785744025836017e-08
-0.00077582000876,9.785744025836017e-08
-71.67991755491987,3.5219703322356697
-0.000775820008332792,9.960382824029267e-08
-0.00077582000876,9.785744025836017e-08
-0.00077582000876,9.785744025836017e-08
-0.00077582000876,9.785744025836017e-08
-0.00077582000876,9.785744025836017e-08
-0.00077582000876,9.785744025836017e-08
-0.00077582000876,9.785744025843768e-08
-0.00077582000876,9.785744025836017e-08
-0.00077582000876,9.785744025836017e-08
-0.00077582000876,9.785744025836017e-08
-0.00077582000876,9.785744025836017e-08
-0.00077582000876,9.785744025836017e-08
5.848602975113718e+35,-1.429300954965351e+32
-0.0007758200082401128,9.998232712783573e-08
-0.00077582000876,9.785744025836017e-08
-0.00077582000876,9.785744025836017e-08
-0.00077582000876,9.785744025836017e-08
-0.00077582000876,9.785744025836017e-08
-0.00077582000876,9.785744025836017e-08
-0.00077582000876,9.78574402584508e-08
-0.00077582000876,9.785744025836017e-08
-0.00077582000876,9.785744025836017e-08
-0.00077582000876,9.785744025836017e-08
-0.00077582000876,9.785744025836017e-08
-0.00077582000876,9.785744025836017e-08
8.12446375331316e-05,3.5070507457710645
-0.0007758200081403988,1.0038978207429645e-07
-0.00077582000876,9.785744025836017e-08
-0.00077582000876,9.785744025836017e-08
-0.00077582000876,9.785744025836017e-08
-0.00077582000876,9.785744025836017e-08
-0.00077582000876,9.785744025836017e-08
-0.00077582000876,9.785744025846817e-08
-0.00077582000876,9.785744025836017e-08
-0.00077582000876,9.785744025836017e-08
-0.00077582000876,9.785744025836017e-08
-0.00077582000876,9.785744025836017e-08
-0.00077582000876,9.785744025836017e-08
-71.67991660029759,3.525876582119023
-0.0007758200079620898,1.0111737981226774e-07
-0.00077582000876,9.785744025836017e-08
-0.00077582000876,9.785744025836017e-08
-0.00077582000876,9.785744025836017e-08
-0.00077582000876,9.785744025836017e-08
-0.00077582000876,9.785744025836017e-08
-0.00077582000876,9.785744025848807e-08
-0.00077582000876,9.785744025836017e-08
-0.00077582000876,9.785744025836017e-08
-0.00077582000876,9.785744025836017e-08
-0.00077582000876,9.785744025836017e-08
-0.00077582000876,9.785744025836017e-08
8.187466259903695e-05,3.509628765789906
-0.0007758200079156295,1.0130655537066528e-07
-0.00077582000876,9.785744025836017e-08
-0.00077582000876,9.785744025836017e-08
-0.00077582000876,9.785744025836017e-08
-0.00077582000876,9.785744025836017e-08
-0.00077582000876,9.785744025836017e-08
-0.00077582000876,9.785744025852365e-08
-0.00077582000876,9.785744025836017e-08
-0.00077582000876,9.785744025836017e-08
-0.00077582000876,9.785744025836017e-08
-0.00077582000876,9.785744025836017e-08
-0.00077582000876,9.785744025836017e-08
8.223620528676162e-05,3.510937445321319
-0.0007758200077629111,1.0193260478655388e-07
-0.00077582000876,9.785744025836017e-08
-0.00077582000876,9.785744025836017e-08
-0.00077582000876,9.785744025836017e-08
-0.00077582000876,9.785744025836017e-08
-0.00077582000876,9.785744025836017e-08
-0.00077582000876,9.78574402585516e-08
-0.00077582000876,9.785744025836017e-08
-0.00077582000876,9.785744025836017e-08
-0.00077582000876,9.785744025836017e-08
-0.00077582000876,9.785744025836017e-08
-0.00077582000876,9.785744025836017e-08
-151996488924693.53,37145405102.10688
-0.0007758200076690248,1.0231095989991599e-07
-0.00077582000876,9.785744025836017e-08
-0.00077582000876,9.785744025836017e-08
-0.00077582000876,9.785744025836017e-08
-0.00077582000876,9.785744025836017e-08
-0.00077582000876,9.785744025836017e-08
-0.00077582000876,9.785744025851857e-08
-0.00077582000876,9.785744025836017e-08
-0.00077582000876,9.785744025836017e-08
-0.00077582000876,9.785744025836017e-08
-0.00077582000876,9.785744025836017e-08
-0.00077582000876,9.785744025836017e-08
8.282928487590659e-05,3.513535015673259
-0.0007758200073038435,1.0379526142553774e-07
-0.00077582000876,9.785744025836017e-08
-0.00077582000876,9.785744025836017e-08
-0.00077582000876,9.785744025836017e-08
-0.00077582000876,9.785744025836017e-08
-0.00077582000876,9.785744025836017e-08
-0.00077582000876,9.785744025853891e-08
-0.00077582000876,9.785744025836017e-08
-0.00077582000876,9.785744025836017e-08
-0.00077582000876,9.785744025836017e-08
-0.00077582000876,9.785744025836017e-08
-0.00077582000876,9.785744025836017e-08
8.319082756363136e-05,3.514843695204672
-0.0007758200061230384,1.0862714950412367e-07
-0.00077582000876,9.785744025836017e-08
-0.00077582000876,9.785744025836017e-08
-0.00077582000876,9.785744025836017e-08
-0.00077582000876,9.785744025836017e-08
-0.00077582000876,9.785744025836017e-08
-0.00077582000876,9.785744025869055e-08
-0.00077582000876,9.785744025836017e-08
-0.00077582000876,9.785744025836017e-08
-0.00077582000876,9.785744025836017e-08
-0.00077582000876,9.785744025836017e-08
-0.00077582000876,9.785744025836017e-08
-3.218643887968968e+26,7.865828476206298e+22
-0.0007758200057079843,1.1031518494226568e-07
-0.00077582000876,9.785744025836017e-08
-0.00077582000876,9.785744025836017e-08
-0.00077582000876,9.785744025836017e-08
-0.00077582000876,9.785744025836017e-08
-0.00077582000876,9.785744025836017e-08
-0.00077582000876,9.785744025902433e-08
-0.00077582000876,9.785744025836017e-08
-0.00077582000876,9.785744025836017e-08
-0.00077582000876,9.785744025836017e-08
-0.00077582000876,9.785744025836017e-08
-0.00077582000876,9.785744025836017e-08
8.378390715277633e-05,3.517441265556612
-0.0007758200043386185,1.159044542661993e-07
-0.00077582000876,9.785744025836017e-08
-0.00077582000876,9.785744025836017e-08
-0.00077582000876,9.785744025836017e-08
-0.00077582000876,9.785744025836017e-08
-0.00077582000876,9.785744025836017e-08
-0.00077582000876,9.78574402590311e-08
-0.00077582000876,9.785744025836017e-08
-0.00077582000876,9.785744025836017e-08
-0.00077582000876,9.785744025836017e-08
-0.00077582000876,9.785744025836017e-08
-0.00077582000876,9.785744025836017e-08
89128.95836006559,-18.262899461272323
-0.0007758200032532894,1.2032827899505317e-07
-0.00077582000876,9.785744025836017e-08
-0.00077582000876,9.785744025836017e-08
-0.00077582000876,9.785744025836017e-08
-0.00077582000876,9.785744025836017e-08
-0.00077582000876,9.785744025836017e-08
-0.00077582000876,9.785744025918696e-08
-0.00077582000876,9.785744025836017e-08
-0.00077582000876,9.785744025836017e-08
-0.00077582000876,9.785744025836017e-08
-0.00077582000876,9.785744025836017e-08
-0.00077582000876,9.785744025836017e-08
-3.218643887968968e+26,7.865828476206298e+22
-0.0007758200021739612,1.2475209129087526e-07
-0.00077582000876,9.785744025836017e-08
-0.00077582000876,9.785744025836017e-08
-0.00077582000876,9.785744025836017e-08
-0.00077582000876,9.785744025836017e-08
-0.00077582000876,9.785744025836017e-08
-0.00077582000876,9.78574402592548e-08
-0.00077582000876,9.785744025836017e-08
-0.00077582000876,9.785744025836017e-08
-0.00077582000876,9.785744025836017e-08
-0.00077582000876,9.785744025836017e-08
-0.00077582000876,9.785744025836017e-08
8.473852942964596e-05,3.5213475154399654
-0.0007758199981593917,1.411694382815086e-07
-0.00077582000876,9.785744025836017e-08
-0.00077582000876,9.785744025836017e-08
-0.00077582000876,9.785744025836017e-08
-0.00077582000876,9.785744025836017e-08
-0.00077582000876,9.785744025836017e-08
-0.00077582000876,9.785744025903449e-08
-0.00077582000876,9.785744025836017e-08
-0.00077582000876,9.785744025836017e-08
-0.00077582000876,9.785744025836017e-08
-0.00077582000876,9.785744025836017e-08
-0.00077582000876,9.785744025836017e-08
1.9023205013863866e+17,-46489538114504.25
-0.0007758199978763154,1.4233367317777937e-07
-0.00077582000876,9.785744025836017e-08
-0.00077582000876,9.785744025836017e-08
-0.00077582000876,9.785744025836017e-08
-0.00077582000876,9.785744025836017e-08
-0.00077582000876,9.785744025836017e-08
-0.00077582000876,9.785744025909209e-08
-0.00077582000876,9.785744025836017e-08
-0.00077582000876,9.785744025836017e-08
-0.00077582000876,9.785744025836017e-08
-0.00077582000876,9.785744025836017e-08
-0.00077582000876,9.785744025836017e-08
8.53686127610711e-05,3.523925773877379
-0.0007758199979306495,1.4210089227844415e-07
-0.00077582000876,9.785744025836017e-08
-0.00077582000876,9.785744025836017e-08
-0.00077582000876,9.785744025836017e-08
-0.00077582000876,9.785744025836017e-08
-0.00077582000876,9.785744025836017e-08
-0.00077582000876,9.785744025909209e-08
-0.00077582000876,9.785744025836017e-08
-0.00077582000876,9.785744025836017e-08
-0.00077582000876,9.785744025836017e-08
-0.00077582000876,9.785744025836017e-08
-0.00077582000876,9.785744025836017e-08
8.56883739338664e-05,3.525234215000416
-0.0007758199944542908,1.5630365703915274e-07
-0.00077582000876,9.785744025836017e-08
-0.00077582000876,9.785744025836017e-08
-0.00077582000876,9.785744025836017e-08
-0.00077582000876,9.785744025836017e-08
-0.00077582000876,9.785744025836017e-08
-0.00077582000876,9.78574402592039e-08
-0.00077582000876,9.785744025836017e-08
-0.00077582000876,9.785744025836017e-08
-0.00077582000876,9.785744025836017e-08
-0.00077582000876,9.785744025836017e-08
-0.00077582000876,9.785744025836017e-08
1.9023205013863866e+17,-46489538114504.25
-0.0007758199944557045,1.5630377783176693e-07
-0.00077582000876,9.785744025836017e-08
-0.00077582000876,9.785744025836017e-08
-0.00077582000876,9.785744025836017e-08
-0.00077582000876,9.785744025836017e-08
-0.00077582000876,9.785744025836017e-08
-0.00077582000876,9.785744025919034e-08
-0.00077582000876,9.785744025836017e-08
-0.00077582000876,9.785744025836017e-08
-0.00077582000876,9.785744025836017e-08
-0.00077582000876,9.785744025836017e-08
-0.00077582000876,9.785744025836017e-08
8.632323503794074e-05,3.5278320237607317
-0.0007758199952399466,1.5304427325991319e-07
-0.00077582000876,9.785744025836017e-08
-0.00077582000876,9.785744025836017e-08
-0.00077582000876,9.785744025836017e-08
-0.00077582000876,9.785744025836017e-08
-0.00077582000876,9.785744025836017e-08
-0.00077582000876,9.785744025921069e-08
-0.00077582000876,9.785744025836017e-08
-0.00077582000876,9.785744025836017e-08
-0.00077582000876,9.785744025836017e-08
-0.00077582000876,9.785744025836017e-08
-0.00077582000876,9.785744025836017e-08
3.6589392244229025e-05,3.5291209267919643
-0.0007758199959891015,1.5001150287323636e-07
-0.00077582000876,9.785744025836017e-08
-0.00077582000876,9.785744025836017e-08
-0.00077582000876,9.785744025836017e-08
-0.00077582000876,9.785744025836017e-08
-0.00077582000876,9.785744025836017e-08
-0.00077582000876,9.785744025936311e-08
-0.00077582000876,9.785744025836017e-08
-0.00077582000876,9.785744025836017e-08
-0.00077582000876,9.785744025836017e-08
-0.00077582000876,9.785744025836017e-08
-0.00077582000876,9.785744025836017e-08
1.9023205013863866e+17,-46489538114504.24
-0.0007758199967748036,1.4676103995832194e-07
-0.00077582000876,9.785744025836017e-08
-0.00077582000876,9.785744025836017e-08
-0.00077582000876,9.785744025836017e-08
-0.00077582000876,9.785744025836017e-08
-0.00077582000876,9.785744025836017e-08
-0.00077582000876,9.78574402591294e-08
-0.00077582000876,9.785744025836017e-08
-0.00077582000876,9.785744025836017e-08
-0.00077582000876,9.785744025836017e-08
-0.00077582000876,9.785744025836017e-08
-0.00077582000876,9.785744025836017e-08
8.72730795421846e-05,3.5317187233211826
-0.0007758199830032574,2.030968880380097e-07
-0.00077582000876,9.785744025836017e-08
-0.00077582000876,9.785744025836017e-08
-0.00077582000876,9.785744025836017e-08
-0.00077582000876,9.785744025836017e-08
-0.00077582000876,9.785744025836017e-08
-0.00077582000876,9.785744025917344e-08
-0.00077582000876,9.785744025836017e-08
-0.00077582000876,9.785744025836017e-08
-0.00077582000876,9.785744025836017e-08
-0.00077582000876,9.785744025836017e-08
-0.00077582000876,9.785744025836017e-08
3.7544014521098765e-05,3.5330271766753176
-0.000775819970018024,2.562188661549166e-07
-0.00077582000876,9.785744025836017e-08
-0.00077582000876,9.785744025836017e-08
-0.00077582000876,9.785744025836017e-08
-0.00077582000876,9.785744025836017e-08
-0.00077582000876,9.785744025836017e-08
-0.00077582000876,9.785744025964112e-08
-0.00077582000876,9.785744025836017e-08
-0.00077582000876,9.785744025836017e-08
-0.00077582000876,9.785744025836017e-08
-0.00077582000876,9.785744025836017e-08
-0.00077582000876,9.785744025836017e-08
1.9023205013863866e+17,-46489538114504.24
-0.0007758199413126525,3.7360204315407567e-07
-0.00077582000876,9.785744025836017e-08
-0.00077582000876,9.785744025836017e-08
-0.00077582000876,9.785744025836017e-08
-0.00077582000876,9.785744025836017e-08
-0.00077582000876,9.785744025836017e-08
-0.00077582000876,9.785744025941751e-08
-0.00077582000876,9.785744025836017e-08
-0.00077582000876,9.785744025836017e-08
-0.00077582000876,9.785744025836017e-08
-0.00077582000876,9.785744025836017e-08
-0.00077582000876,9.785744025836017e-08
8.822292407371316e-05,3.535605422881633
-0.0007758198948814421,5.635917858585995e-07
-0.00077582000876,9.785744025836017e-08
-0.00077582000876,9.785744025836017e-08
-0.00077582000876,9.785744025836017e-08
-0.00077582000876,9.785744025836017e-08
-0.00077582000876,9.785744025836017e-08
-0.00077582000876,9.785744025953247e-08
-0.00077582000876,9.785744025836017e-08
-0.00077582000876,9.785744025836017e-08
-0.00077582000876,9.785744025836017e-08
-0.00077582000876,9.785744025836017e-08
-0.00077582000876,9.785744025836017e-08
-107374180.79354654,26243.994643682956
-0.0007758198211314944,8.65413420082e-07
-0.00077582000876,9.785744025836017e-08
-0.00077582000876,9.785744025836017e-08
-0.00077582000876,9.785744025836017e-08
-0.00077582000876,9.785744025836017e-08
-0.00077582000876,9.785744025836017e-08
-0.00077582000876,9.785744026006125e-08
-0.00077582000876,9.785744025836017e-08
-0.00077582000876,9.785744025836017e-08
-0.00077582000876,9.785744025836017e-08
-0.00077582000876,9.785744025836017e-08
-0.00077582000876,9.785744025836017e-08
4.0564817089278606e+29,-9.913364276974772e+25
-0.000775819753717229,1.1412316636371335e-06
-0.00077582000876,9.785744025836017e-08
-0.00077582000876,9.785744025836017e-08
-0.00077582000876,9.785744025836017e-08
-0.00077582000876,9.785744025836017e-08
-0.00077582000876,9.785744025836017e-08
-0.00077582000876,9.785744026077301e-08
-0.00077582000876,9.785744025836017e-08
-0.00077582000876,9.785744025836017e-08
-0.00077582000876,9.785744025836017e-08
-0.00077582000876,9.785744025836017e-08
-0.00077582000876,9.785744025836017e-08
8.91775463505828e-05,3.539511672764986
-0.0007758196972636805,1.3721994278688592e-06
-0.00077582000876,9.785744025836017e-08
-0.00077582000876,9.785744025836017e-08
-0.00077582000876,9.785744025836017e-08
-0.00077582000876,9.785744025836017e-08
-0.00077582000876,9.785744025836017e-08
-0.00077582000876,9.785744026094882e-08
-0.00077582000876,9.785744025836017e-08
-0.00077582000876,9.785744025836017e-08
-0.00077582000876,9.785744025836017e-08
-0.00077582000876,9.785744025836017e-08
-0.00077582000876,9.785744025836017e-08
-107374180.79354559,26243.99854993284
-0.0007758193312097886,2.8700581446076534e-06
-0.00077582000876,9.785744025836017e-08
-0.00077582000876,9.785744025836017e-08
-0.00077582000876,9.785744025836017e-08
-0.00077582000876,9.785744025836017e-08
-0.00077582000876,9.785744025836017e-08
-0.00077582000876,9.785744026166711e-08
-0.00077582000876,9.785744025836017e-08
-0.00077582000876,9.785744025836017e-08
-0.00077582000876,9.785744025836017e-08
-0.00077582000876,9.785744025836017e-08
-0.00077582000876,9.785744025836017e-08
8.981234916182921e-05,3.5421092431067303
-0.000775819269285132,3.123378786828973e-06
-0.00077582000876,9.785744025836017e-08
-0.00077582000876,9.785744025836017e-08
-0.00077582000876,9.785744025836017e-08
-0.00077582000876,9.785744025836017e-08
-0.00077582000876,9.785744025836017e-08
-0.00077582000876,9.785744026123343e-08
-0.00077582000876,9.785744025836017e-08
-0.00077582000876,9.785744025836017e-08
-0.00077582000876,9.785744025836017e-08
-0.00077582000876,9.785744025836017e-08
-0.00077582000876,9.785744025836017e-08
9.013216862745253e-05,3.5434179226483393
-0.000775819167307094,3.5406115151678895e-06
-0.00077582000876,9.785744025836017e-08
-0.00077582000876,9.785744025836017e-08
-0.00077582000876,9.785744025836017e-08
-0.00077582000876,9.785744025836017e-08
-0.00077582000876,9.785744025836017e-08
-0.00077582000876,9.78574402626972e-08
-0.00077582000876,9.785744025836017e-08
-0.00077582000876,9.785744025836017e-08
-0.00077582000876,9.785744025836017e-08
-0.00077582000876,9.785744025836017e-08
-0.00077582000876,9.785744025836017e-08
-2.30215350721047e+20,5.626078946261142e+16
-0.0007758189013132628,4.6289821917764255e-06
-0.00077582000876,9.785744025836017e-08
-0.00077582000876,9.785744025836017e-08
-0.00077582000876,9.785744025836017e-08
-0.00077582000876,9.785744025836017e-08
-0.00077582000876,9.785744025836017e-08
-0.00077582000876,9.785744026459455e-08
-0.00077582000876,9.785744025836017e-08
-0.00077582000876,9.785744025836017e-08
-0.00077582000876,9.785744025836017e-08
-0.00077582000876,9.785744025836017e-08
-0.00077582000876,9.785744025836017e-08
9.076697143869884e-05,3.546015492990083
-0.000775818617263858,5.791271365945372e-06
-0.00077582000876,9.785744025836017e-08
-0.00077582000876,9.785744025836017e-08
-0.00077582000876,9.785744025836017e-08
-0.00077582000876,9.785744025836017e-08
-0.00077582000876,9.785744025836017e-08
-0.00077582000876,9.785744026692579e-08
-0.00077582000876,9.785744025836017e-08
-0.00077582000876,9.785744025836017e-08
-0.00077582000876,9.785744025836017e-08
-0.00077582000876,9.785744025836017e-08
-0.00077582000876,9.785744025836017e-08
9.108679090432217e-05,3.5473241725316926
-0.0007758174297958539,1.0650219380224795e-05
-0.00077582000876,9.785744025836017e-08
-0.00077582000876,9.785744025836017e-08
-0.00077582000876,9.785744025836017e-08
-0.00077582000876,9.785744025836017e-08
-0.00077582000876,9.785744025836017e-08
-0.00077582000876,9.78574402679558e-08
-0.00077582000876,9.785744025836017e-08
-0.00077582000876,9.785744025836017e-08
-0.00077582000876,9.785744025836017e-08
-0.00077582000876,9.785744025836017e-08
-0.00077582000876,9.785744025836017e-08
-4.93268180641331e+32,1.2054651078977836e+29
-0.0007758175758264522,1.0052424901490421e-05
-0.00077582000876,9.785744025836017e-08
-0.00077582000876,9.785744025836017e-08
-0.00077582000876,9.785744025836017e-08
-0.00077582000876,9.785744025836017e-08
-0.00077582000876,9.785744025836017e-08
-0.00077582000876,9.785744026180262e-08
-0.00077582000876,9.785744025836017e-08
-0.00077582000876,9.785744025836017e-08
-0.00077582000876,9.785744025836017e-08
-0.00077582000876,9.785744025836017e-08
-0.00077582000876,9.785744025836017e-08
9.17168159429427e-05,3.549902192550534
-0.000775818180265893,7.578536176626916e-06
-0.00077582000876,9.785744025836017e-08
-0.00077582000876,9.785744025836017e-08
-0.00077582000876,9.785744025836017e-08
-0.00077582000876,9.785744025836017e-08
-0.00077582000876,9.785744025836017e-08
-0.00077582000876,9.785744026154513e-08
-0.00077582000876,9.785744025836017e-08
-0.00077582000876,9.785744025836017e-08
-0.00077582000876,9.785744025836017e-08
-0.00077582000876,9.785744025836017e-08
-0.00077582000876,9.785744025836017e-08
0.05884203473200068,3.5511965145731352
-0.000775817896042112,8.741117298561235e-06
-0.00077582000876,9.785744025836017e-08
-0.00077582000876,9.785744025836017e-08
-0.00077582000876,9.785744025836017e-08
-0.00077582000876,9.785744025836017e-08
-0.00077582000876,9.785744025836017e-08
-0.00077582000876,9.785744026181619e-08
-0.00077582000876,9.785744025836017e-08
-0.00077582000876,9.785744025836017e-08
-0.00077582000876,9.785744025836017e-08
-0.00077582000876,9.785744025836017e-08
-0.00077582000876,9.785744025836017e-08
-4.93268180641331e+32,1.2054651078977836e+29
-0.0007758167015314546,1.3628632540555301e-05
-0.00077582000876,9.785744025836017e-08
-0.00077582000876,9.785744025836017e-08
-0.00077582000876,9.785744025836017e-08
-0.00077582000876,9.785744025836017e-08
-0.00077582000876,9.785744025836017e-08
-0.00077582000876,9.785744026326642e-08
-0.00077582000876,9.785744025836017e-08
-0.00077582000876,9.785744025836017e-08
-0.00077582000876,9.785744025836017e-08
-0.00077582000876,9.785744025836017e-08
-0.00077582000876,9.785744025836017e-08
9.267143821981233e-05,3.553808442433887
-0.000775816570305914,1.4165075236978227e-05
-0.00077582000876,9.785744025836017e-08
-0.00077582000876,9.785744025836017e-08
-0.00077582000876,9.785744025836017e-08
-0.00077582000876,9.785744025836017e-08
-0.00077582000876,9.785744025836017e-08
-0.00077582000876,9.785744026383539e-08
-0.00077582000876,9.785744025836017e-08
-0.00077582000876,9.785744025836017e-08
-0.00077582000876,9.785744025836017e-08
-0.00077582000876,9.785744025836017e-08
-0.00077582000876,9.785744025836017e-08
126443835712.18475,-30900759.567636624
-0.0007758156668616002,1.7861094247540616e-05
-0.00077582000876,9.785744025836017e-08
-0.00077582000876,9.785744025836017e-08
-0.00077582000876,9.785744025836017e-08
-0.00077582000876,9.785744025836017e-08
-0.00077582000876,9.785744025836017e-08
-0.00077582000876,9.785744028188831e-08
-0.00077582000876,9.785744025836017e-08
-0.00077582000876,9.785744025836017e-08
-0.00077582000876,9.785744025836017e-08
-0.00077582000876,9.785744025836017e-08
-0.00077582000876,9.785744025836017e-08
-4.93268180641331e+32,1.2054651078977836e+29
-0.0007758200076017493,9.785743997619758e-08
-0.00077582000876,9.785744025836017e-08
-0.00077582000876,9.785744025836017e-08
-0.00077582000876,9.785744025836017e-08
-0.00077582000876,9.785744025836017e-08
-0.00077582000876,9.785744025836017e-08
-0.00077582000876,9.785744029674283e-08
-0.00077582000876,9.785744025836017e-08
-0.00077582000876,9.785744025836017e-08
-0.00077582000876,9.785744025836017e-08
-0.00077582000876,9.785744025836017e-08
-0.00077582000876,9.785744025836017e-08
9.36212489636147e-05,3.557695141994346
-0.00077582000876,9.785744026229066e-08
-0.00077582000876,9.785744025836017e-08
-0.00077582000876,9.785744025836017e-08
-0.00077582000876,9.785744025836017e-08
-0.00077582000876,9.785744025836017e-08
-0.00077582000876,9.785744025836017e-08
-0.0007758200087599999,9.785744030953642e-08
-0.00077582000876,9.785744025866342e-08
-0.00077582000876,9.785744025836017e-08
-0.00077582000876,9.785744025836017e-08
-0.00077582000876,9.785744025836017e-08
-0.00077582000876,9.785744025836017e-08
2.7200829408492907e+23,-6.64742873038883e+19
-0.0007758114407853526,3.5147719465378395e-05
-0.00077582000876,9.785744025836017e-08
-0.00077582000876,9.785744025836017e-08
-0.00077582000876,9.785744025836017e-08
-0.00077582000876,9.785744025836017e-08
-0.00077582000876,9.785744025836017e-08
-0.0007758200087599999,9.78574403394623e-08
-0.00077582000876,9.785744025874135e-08
-0.00077582000876,9.785744025836017e-08
-0.00077582000876,9.785744025836017e-08
-0.00077582000876,9.785744025836017e-08
-0.00077582000876,9.785744025836017e-08
-4.93268180641331e+32,1.2054651078977836e+29
-0.0007758200068556144,9.785743979298287e-08
-0.00077582000876,9.785744025836017e-08
-0.00077582000876,9.785744025836017e-08
-0.00077582000876,9.785744025836017e-08
-0.00077582000876,9.785744025836017e-08
-0.00077582000876,9.785744025836017e-08
-0.0007758200087599999,9.785744039801305e-08
-0.00077582000876,9.785744025865665e-08
-0.00077582000876,9.785744025845634e-08
-0.00077582000876,9.785744025836017e-08
-0.00077582000876,9.785744025836017e-08
-0.00077582000876,9.785744025836017e-08
-71.67990359356907,3.579099236779709
-0.0007758200058466432,9.785743954644666e-08
-0.00077582000876,9.785744025849912e-08
-0.00077582000876,9.785744025836017e-08
-0.00077582000876,9.785744025836017e-08
-0.00077582000876,9.785744025836017e-08
-0.00077582000876,9.785744025836017e-08
-0.0007758200087599999,9.785744025836016e-08
-0.00077582000876,9.785744025871424e-08
-0.00077582000876,9.785744025844446e-08
-0.00077582000876,9.785744025836017e-08
-0.00077582000876,9.785744025836017e-08
-0.00077582000876,9.785744025836017e-08
5.848602975113718e+35,-1.429300954965351e+32
-0.0007758200033027695,9.785743892622886e-08
-0.00077582000876,9.785744025850929e-08
-0.00077582000876,9.785744025836017e-08
-0.00077582000876,9.785744025836017e-08
-0.00077582000876,9.785744025836017e-08
-0.00077582000876,9.785744025836017e-08
-0.0007758200087599999,9.785744025838894e-08
-0.00077582000876,9.785744025836345e-08
-0.00077582000876,9.785744025836017e-08
-0.00077582000876,9.785744025836017e-08
-0.00077582000876,9.785744025836017e-08
-0.00077582000876,9.785744025836017e-08
9.521076610497685e-05,3.5641992006380065
-0.00077582000876,9.785744025840464e-08
-0.00077582000876,9.785744025838114e-08
-0.00077582000876,9.785744025836017e-08
-0.00077582000876,9.785744025836017e-08
-0.00077582000876,9.785744025836017e-08
-0.00077582000876,9.785744025836017e-08
-0.0007758200087599999,9.785744025868881e-08
-0.00077582000876,9.785744025836462e-08
-0.0007758200087599999,9.785744025836015e-08
-0.00077582000876,9.785744025836017e-08
-0.00077582000876,9.785744025836017e-08
-0.00077582000876,9.785744025836017e-08
-71.67990263894679,3.5830054866630623
-0.0007758200087599999,9.785744025839658e-08
-0.00077582000876,9.785744025836153e-08
-0.00077582000876,9.785744025836017e-08
-0.00077582000876,9.785744025836017e-08
-0.00077582000876,9.785744025836017e-08
-0.00077582000876,9.785744025836017e-08
-0.0007758200087599999,9.785744025844444e-08
-0.00077582000876,9.785744025836928e-08
-0.00077582000876,9.785744025837007e-08
-0.00077582000876,9.785744025836017e-08
-0.00077582000876,9.785744025836017e-08
-0.00077582000876,9.785744025836017e-08
5.848602975113718e+35,-1.429300954965351e+32
-0.00077582000876,9.785744025837309e-08
-0.00077582000876,9.78574402583624e-08
-0.00077582000876,9.785744025836017e-08
-0.00077582000876,9.785744025836017e-08
-0.00077582000876,9.785744025836017e-08
-0.00077582000876,9.785744025836017e-08
-0.00077582000876,9.785744025839108e-08
-0.00077582000876,9.78574402583634e-08
-0.00077582000876,9.785744025836017e-08
-0.00077582000876,9.785744025836017e-08
-0.00077582000876,9.785744025836017e-08
-0.00077582000876,9.785744025836017e-08
9.61606106092206e-05,3.568085900198457
-0.00077582000876,9.785744025841522e-08
-0.00077582000876,9.785744025836209e-08
-0.00077582000876,9.785744025836017e-08
-0.00077582000876,9.785744025836017e-08
-0.00077582000876,9.785744025836017e-08
-0.00077582000876,9.785744025836017e-08
-0.00077582000876,9.785744025836949e-08
-0.00077582000876,9.785744025837277e-08
-0.0007758200087599999,9.785744025836015e-08
-0.00077582000876,9.785744025836017e-08
-0.00077582000876,9.785744025836017e-08
-0.00077582000876,9.785744025836017e-08
-151996488924693.53,37145405102.16401
-0.00077582000876,9.785744025836017e-08
-0.00077582000876,9.785744025836201e-08
-0.00077582000876,9.785744025836017e-08
-0.00077582000876,9.785744025836017e-08
-0.00077582000876,9.785744025836017e-08
-0.00077582000876,9.785744025836017e-08
-0.00077582000876,9.785744025839194e-08
-0.00077582000876,9.785744025837235e-08
-0.00077582000876,9.785744025995298e-08
-0.00077582000876,9.785744025836017e-08
-0.00077582000876,9.785744025836017e-08
-0.00077582000876,9.785744025836017e-08
9.679063567512585e-05,3.5706639202172985
-0.0007758200087599999,9.785744025836598e-08
-0.00077582000876,9.785744025840422e-08
-0.00077582000876,9.785744025836017e-08
-0.00077582000876,9.785744025836017e-08
-0.00077582000876,9.785744025836017e-08
-0.00077582000876,9.785744025836017e-08
-0.00077582000876,9.785744025851857e-08
-0.00077582000876,9.785744025836116e-08
-0.0007758200087599939,9.785744025836066e-08
-0.00077582000876,9.785744025836017e-08
-0.00077582000876,9.785744025836017e-08
-0.00077582000876,9.785744025836017e-08
9.715217836285062e-05,3.5719725997487117
-0.0007758200087599999,9.78574402692569e-08
-0.00077582000876,9.785744025839068e-08
-0.00077582000876,9.785744025836017e-08
-0.00077582000876,9.785744025836017e-08
-0.00077582000876,9.785744025836017e-08
-0.00077582000876,9.785744025836017e-08
-0.00077582000876,9.785744026174842e-08
-0.00077582000876,9.785744025836102e-08
-0.0007758200087599879,9.785744025835995e-08
-0.00077582000876,9.785744025836017e-08
-0.00077582000876,9.785744025836017e-08
-0.00077582000876,9.785744025836017e-08
-151996488924693.53,37145405102.167915
-0.00077582000876,9.785744025841057e-08
-0.00077582000876,9.785744025862961e-08
-0.00077582000876,9.785744025836017e-08
-0.00077582000876,9.785744025836017e-08
-0.00077582000876,9.785744025836017e-08
-0.00077582000876,9.785744025836017e-08
-0.00077582000876,9.785744025900394e-08
-0.00077582000876,9.785744025836443e-08
-0.00077582000876,9.785744025836302e-08
-0.00077582000876,9.785744025836017e-08
-0.00077582000876,9.785744025836017e-08
-0.00077582000876,9.785744025836017e-08
9.774525795199559e-05,3.574570170100652
-0.0007758200087599997,9.785744025841177e-08
-0.00077582000876,9.785744025839343e-08
-0.0007758200087547245,9.785744122204118e-08
-0.00077582000876,9.785744025836017e-08
-0.00077582000876,9.785744025836017e-08
-0.00077582000876,9.785744025836017e-08
-0.00077582000876,9.785744025875151e-08
-0.00077582000876,9.785744025836382e-08
-0.00077582000876,9.785744025836017e-08
-0.00077582000876,9.785744025836017e-08
-0.00077582000876,9.785744025836017e-08
-0.00077582000876,9.785744025836017e-08
89128.95837402694,-18.205770556728286
-0.00077582000876,9.78574402583949e-08
-0.0007758200087599998,9.785744025836012e-08
-0.0007758200087599998,9.785744106350461e-08
-0.00077582000876,9.785744025836017e-08
-0.00077582000876,9.785744025836017e-08
-0.00077582000876,9.785744025836017e-08
-0.00077582000876,9.785744025852111e-08
-0.00077582000876,9.785744025836454e-08
-0.0007758200087599988,9.78574445882298e-08
-0.00077582000876,9.785744025836017e-08
-0.00077582000876,9.785744025836017e-08
-0.00077582000876,9.785744025836017e-08
-3.218643887968968e+26,7.865828476206298e+22
-0.00077582000876,9.785744025836843e-08
-0.00077582000876,9.785744025879402e-08
-0.00077582000876,9.785744025836017e-08
-0.00077582000876,9.785744025836017e-08
-0.00077582000876,9.785744025836017e-08
-0.00077582000876,9.785744025836017e-08
-0.00077582000876,9.785744025841311e-08
-0.00077582000876,9.785744025836425e-08
-0.0007758200087599988,9.78574450338907e-08
-0.00077582000876,9.785744025836017e-08
-0.00077582000876,9.785744025836017e-08
-0.00077582000876,9.785744025836017e-08
9.869988022886522e-05,3.5784764199840047
-0.00077582000876,9.785744025837447e-08
-0.0007758200087599997,9.78574402583837e-08
-0.0007758200087038226,9.785744065240796e-08
-0.00077582000876,9.785744025836017e-08
-0.00077582000876,9.785744025836017e-08
-0.00077582000876,9.785744025836017e-08
-0.00077582000876,9.785744025843937e-08
-0.00077582000876,9.785744025836647e-08
-0.00077582000876,9.785744025836017e-08
-0.00077582000876,9.785744025836017e-08
-0.00077582000876,9.785744025836017e-08
-0.00077582000876,9.785744025836017e-08
89128.95837498156,-18.201864306844932
-0.0007758200087599999,9.785744025838292e-08
-0.0007758200087599999,9.78574402583827e-08
-0.00077582000876,9.785744025836017e-08
-0.00077582000876,9.785744025836017e-08
-0.00077582000876,9.785744025836017e-08
-0.00077582000876,9.785744025836017e-08
-0.00077582000876,9.785744025840993e-08
-0.00077582000876,9.78574402583644e-08
-0.00077582000876,9.785744025836017e-08
-0.00077582000876,9.785744025836017e-08
-0.00077582000876,9.785744025836017e-08
-0.00077582000876,9.785744025836017e-08
9.932996356029036e-05,3.581054678421418
-0.0007758200087599989,9.785744025838544e-08
-0.0007758200087599999,9.785744025839045e-08
-0.0007758200087593406,9.785744025819902e-08
-0.00077582000876,9.785744025836017e-08
-0.00077582000876,9.785744025836017e-08
-0.00077582000876,9.785744025836017e-08
-0.0007758200087599999,9.785744025842453e-08
-0.00077582000876,9.785744025836611e-08
-0.00077582000876,9.785744025836017e-08
-0.00077582000876,9.785744025836017e-08
-0.00077582000876,9.785744025836017e-08
-0.00077582000876,9.785744025836017e-08
9.964972473308566e-05,3.5823631195444556
-0.00077582000876,9.78574402584182e-08
-0.0007758200087599995,9.785744116735521e-08
-0.00077582000876,9.785744025836017e-08
-0.00077582000876,9.785744025836017e-08
-0.00077582000876,9.785744025836017e-08
-0.00077582000876,9.785744025836017e-08
-0.0007758200087599998,9.785744034900317e-08
-0.0007758200087599999,9.785744025836603e-08
-0.00077582000876,9.785744025836017e-08
-0.00077582000876,9.785744025836017e-08
-0.00077582000876,9.785744025836017e-08
-0.00077582000876,9.785744025836017e-08
1.9023205013863866e+17,-46489538114504.19
-0.0007758198714180607,9.785740669514643e-08
-0.0007758200087599997,9.785744025855664e-08
-0.00077582000876,9.785744025836017e-08
-0.00077582000876,9.785744025836017e-08
-0.00077582000876,9.785744025836017e-08
-0.00077582000876,9.785744025836017e-08
-0.0007758200087599998,9.785744025838077e-08
-0.0007758200087599999,9.785744025836278e-08
-0.00077582000876,9.785744025836017e-08
-0.00077582000876,9.785744025836017e-08
-0.00077582000876,9.785744025836017e-08
-0.00077582000876,9.785744025836017e-08
0.00010028458583716,3.5849609283047714
-0.0007758198168483664,9.785739335837662e-08
-0.0007758200087599939,9.785744025835869e-08
-0.00077582000876,9.785744025836017e-08
-0.00077582000876,9.785744025836017e-08
-0.00077582000876,9.785744025836017e-08
-0.00077582000876,9.785744025836017e-08
-0.0007758200087599998,9.785744047867752e-08
-0.0007758200087599998,9.785744025836013e-08
-0.00077582000876,9.785744025836017e-08
-0.00077582000876,9.785744025836017e-08
-0.00077582000876,9.785744025836017e-08
-0.00077582000876,9.785744025836017e-08
0.0001006043470099554,3.5862693694278085
-0.000775819919625421,9.785741847535671e-08
-0.00077582000876,9.785744025850505e-08
-0.00077582000876,9.785744025836017e-08
-0.00077582000876,9.785744025836017e-08
-0.00077582000876,9.785744025836017e-08
-0.00077582000876,9.785744025836017e-08
-0.0007758200087599992,9.785744265933764e-08
-0.0007758200087599995,9.785744025836007e-08
-0.00077582000876,9.785744025836017e-08
-0.00077582000876,9.785744025836017e-08
-0.00077582000876,9.785744025836017e-08
-0.00077582000876,9.785744025836017e-08
1.9023205013863866e+17,-46489538114504.19
-0.00077582000876,9.785744025836017e-08
-0.00077582000876,9.78574402585059e-08
-0.00077582000876,9.785744025836017e-08
-0.00077582000876,9.785744025836017e-08
-0.00077582000876,9.785744025836017e-08
-0.00077582000876,9.785744025836017e-08
-0.0007758200087599994,9.785744200008239e-08
-0.0007758200087599998,9.785744025836012e-08
-0.00077582000876,9.785744025836017e-08
-0.00077582000876,9.785744025836017e-08
-0.00077582000876,9.785744025836017e-08
-0.00077582000876,9.785744025836017e-08
0.00010123443034140375,3.588847627865222
-0.0007758199892048357,9.785743547940441e-08
-0.00077582000876,9.785744025836017e-08
-0.00077582000876,9.785744025836017e-08
-0.00077582000876,9.785744025836017e-08
-0.00077582000876,9.785744025836017e-08
-0.00077582000876,9.785744025836017e-08
-0.0007758200087599995,9.785744175722122e-08
-0.00077582000876,9.785744025836017e-08
-0.00077582000876,9.785744025836017e-08
-0.00077582000876,9.785744025836017e-08
-0.00077582000876,9.785744025836017e-08
-0.00077582000876,9.785744025836017e-08
5.1505365320318026e-05,3.590156081219357
-0.0007758199337225954,9.785742192047084e-08
-0.00077582000876,9.785744025836017e-08
-0.00077582000876,9.785744025836017e-08
-0.00077582000876,9.785744025836017e-08
-0.00077582000876,9.785744025836017e-08
-0.00077582000876,9.785744025836017e-08
-0.0007758200087599999,9.785744025836015e-08
-0.00077582000876,9.785744025836017e-08
-0.00077582000876,9.785744025836017e-08
-0.00077582000876,9.785744025836017e-08
-0.00077582000876,9.785744025836017e-08
-0.00077582000876,9.785744025836017e-08
1.9023205013863866e+17,-46489538114504.18
-0.00077582000876,9.785744025836017e-08
-0.00077582000876,9.785744025836017e-08
-0.00077582000876,9.785744025836017e-08
-0.00077582000876,9.785744025836017e-08
-0.00077582000876,9.785744025836017e-08
-0.00077582000876,9.785744025836017e-08
-0.0007758200087599997,9.785744138945965e-08
-0.00077582000876,9.785744025836017e-08
-0.00077582000876,9.785744025836017e-08
-0.00077582000876,9.785744025836017e-08
-0.00077582000876,9.785744025836017e-08
-0.00077582000876,9.785744025836017e-08
0.00010218905261827349,3.5927538777485752
-0.00077582000876,9.785744025836017e-08
-0.00077582000876,9.785744025836017e-08
-0.00077582000876,9.785744025836017e-08
-0.00077582000876,9.785744025836017e-08
-0.00077582000876,9.785744025836017e-08
-0.00077582000876,9.785744025836017e-08
-0.0007758200087599997,9.785744118823172e-08
-0.00077582000876,9.785744025836017e-08
-0.00077582000876,9.785744025836017e-08
-0.00077582000876,9.785744025836017e-08
-0.00077582000876,9.785744025836017e-08
-0.00077582000876,9.785744025836017e-08
-107374180.79353258,26244.0517725875
-0.00077582000876,9.785744025836017e-08
-0.00077582000876,9.785744025836017e-08
-0.00077582000876,9.785744025836017e-08
-0.00077582000876,9.785744025836017e-08
-0.00077582000876,9.785744025836017e-08
-0.00077582000876,9.785744025836017e-08
-0.0007758200087599997,9.785744118129315e-08
-0.00077582000876,9.785744025836017e-08
-0.00077582000876,9.785744025836017e-08
-0.00077582000876,9.785744025836017e-08
-0.00077582000876,9.785744025836017e-08
-0.00077582000876,9.785744025836017e-08
4.0564817089278606e+29,-9.913364276974772e+25
-0.00077582000876,9.785744025836017e-08
-0.00077582000876,9.785744025836017e-08
-0.00077582000876,9.785744025836017e-08
-0.00077582000876,9.785744025836017e-08
-0.00077582000876,9.785744025836017e-08
-0.00077582000876,9.785744025836017e-08
-0.0007758200087599997,9.785744120210962e-08
-0.00077582000876,9.785744025836017e-08
-0.00077582000876,9.785744025836017e-08
-0.00077582000876,9.785744025836017e-08
-0.00077582000876,9.785744025836017e-08
-0.00077582000876,9.785744025836017e-08
0.00010313889714980205,3.5966405773090258
-0.00077582000876,9.785744025836017e-08
-0.00077582000876,9.785744025836017e-08
-0.00077582000876,9.785744025836017e-08
-0.00077582000876,9.785744025836017e-08
-0.00077582000876,9.785744025836017e-08
-0.00077582000876,9.785744025836017e-08
-0.0007758200087599997,9.785744123680409e-08
-0.00077582000876,9.785744025836017e-08
-0.00077582000876,9.785744025836017e-08
-0.00077582000876,9.785744025836017e-08
-0.00077582000876,9.785744025836017e-08
-0.00077582000876,9.785744025836017e-08
-107374180.79353163,26244.055678837383
-0.00077582000876,9.785744025836017e-08
-0.00077582000876,9.785744025836017e-08
-0.00077582000876,9.785744025836017e-08
-0.00077582000876,9.785744025836017e-08
-0.00077582000876,9.785744025836017e-08
-0.00077582000876,9.785744025836017e-08
-0.0007758200087599997,9.785744116741515e-08
-0.00077582000876,9.785744025836017e-08
-0.00077582000876,9.785744025836017e-08
-0.00077582000876,9.785744025836017e-08
-0.00077582000876,9.785744025836017e-08
-0.00077582000876,9.785744025836017e-08
4.0564817089278606e+29,-9.913364276974772e+25
-0.00077582000876,9.785744025836017e-08
-0.00077582000876,9.785744025836017e-08
-0.00077582000876,9.785744025836017e-08
-0.00077582000876,9.785744025836017e-08
-0.00077582000876,9.785744025836017e-08
-0.00077582000876,9.785744025836017e-08
-0.0007758200087599998,9.785744104248511e-08
-0.00077582000876,9.785744025836017e-08
-0.00077582000876,9.785744025836017e-08
-0.00077582000876,9.785744025836017e-08
-0.00077582000876,9.785744025836017e-08
-0.00077582000876,9.785744025836017e-08
0.0001040935194266718,3.6005468271923786
-0.00077582000876,9.785744025836017e-08
-0.00077582000876,9.785744025836017e-08
-0.00077582000876,9.785744025836017e-08
-0.00077582000876,9.785744025836017e-08
-0.00077582000876,9.785744025836017e-08
-0.00077582000876,9.785744025836017e-08
-0.0007758200087599998,9.78574410112603e-08
-0.00077582000876,9.785744025836017e-08
-0.00077582000876,9.785744025836017e-08
-0.00077582000876,9.785744025836017e-08
-0.00077582000876,9.785744025836017e-08
-0.00077582000876,9.785744025836017e-08
