x,y
2.7200830219953198e+23,-2.086202075841726e+18
-2.4348020552872756e-05,1.8674022303473479e-10
-2.4348020552872756e-05,1.8674022303473479e-10
-2.4348020552872756e-05,1.8674022303473479e-10
-2.4348020552872756e-05,1.8674022303473479e-10
-2.4348020552872756e-05,1.8674022303473479e-10
-2.4348020552872756e-05,1.8674022303473479e-10
-2.4348020552872685e-05,1.8674096899584564e-10
-2.4348020552872756e-05,1.8674022303473479e-10
-2.4348020552872756e-05,1.8674022303473479e-10
-2.4348020552872756e-05,1.8674022303473479e-10
-2.4348020552872756e-05,1.8674022303473479e-10
-2.4348020552872756e-05,1.8674022303473479e-10
3.287650845959813e-06,3.60326170929402
-2.4348020552872756e-05,1.8674022303473479e-10
-2.4348020552872756e-05,1.8674022303473479e-10
-2.4348020552872756e-05,1.8674022303473479e-10
-2.4348020552872756e-05,1.8674022303473479e-10
-2.4348020552872756e-05,1.8674022303473479e-10
-2.4348020552872756e-05,1.8674022303473479e-10
-2.4348020552872685e-05,1.8674090307645944e-10
-2.4348020552872756e-05,1.8674022303473479e-10
-2.4348020552872756e-05,1.8674022303473479e-10
-2.4348020552872756e-05,1.8674022303473479e-10
-2.4348020552872756e-05,1.8674022303473479e-10
-2.4348020552872756e-05,1.8674022303473479e-10
-71.6799970055314,3.6051003589606236
-2.4348020552872756e-05,1.8674022303473479e-10
-2.4348020552872756e-05,1.8674022303473479e-10
-2.4348020552872756e-05,1.8674022303473479e-10
-2.4348020552872756e-05,1.8674022303473479e-10
-2.4348020552872756e-05,1.8674022303473479e-10
-2.4348020552872756e-05,1.8674022303473479e-10
-2.434802055287269e-05,1.8674077470676345e-10
-2.4348020552872756e-05,1.8674022303473479e-10
-2.4348020552872756e-05,1.8674022303473479e-10
-2.4348020552872756e-05,1.8674022303473479e-10
-2.4348020552872756e-05,1.8674022303473479e-10
-2.4348020552872756e-05,1.8674022303473479e-10
5.848603149590348e+35,-4.4856601555122813e+30
-2.4348020552872756e-05,1.8674022303473479e-10
-2.4348020552872756e-05,1.8674022303473479e-10
-2.4348020552872756e-05,1.8674022303473479e-10
-2.4348020552872756e-05,1.8674022303473479e-10
-2.4348020552872756e-05,1.8674022303473479e-10
-2.4348020552872756e-05,1.8674022303473479e-10
-2.43480205528727e-05,1.8674072960411197e-10
-2.4348020552872756e-05,1.8674022303473479e-10
-2.4348020552872756e-05,1.8674022303473479e-10
-2.4348020552872756e-05,1.8674022303473479e-10
-2.4348020552872756e-05,1.8674022303473479e-10
-2.4348020552872756e-05,1.8674022303473479e-10
3.3174603806964956e-06,3.607148408970419
-2.4348020552872756e-05,1.8674022303473479e-10
-2.4348020552872756e-05,1.8674022303473479e-10
-2.4348020552872756e-05,1.8674022303473479e-10
-2.4348020552872756e-05,1.8674022303473479e-10
-2.4348020552872756e-05,1.8674022303473479e-10
-2.4348020552872756e-05,1.8674022303473479e-10
-2.4348020552872692e-05,1.8674064458754735e-10
-2.4348020552872756e-05,1.8674022303473479e-10
-2.4348020552872756e-05,1.8674022303473479e-10
-2.4348020552872756e-05,1.8674022303473479e-10
-2.4348020552872756e-05,1.8674022303473479e-10
-2.4348020552872756e-05,1.8674022303473479e-10
-71.67999697557192,3.609006608960509
-2.4348020552872756e-05,1.8674022303473479e-10
-2.4348020552872756e-05,1.8674022303473479e-10
-2.4348020552872756e-05,1.8674022303473479e-10
-2.4348020552872756e-05,1.8674022303473479e-10
-2.4348020552872756e-05,1.8674022303473479e-10
-2.4348020552872756e-05,1.8674022303473479e-10
-2.43480205528727e-05,1.8674074001245282e-10
-2.4348020552872756e-05,1.8674022303473479e-10
-2.4348020552872756e-05,1.8674022303473479e-10
-2.4348020552872756e-05,1.8674022303473479e-10
-2.4348020552872756e-05,1.8674022303473479e-10
-2.4348020552872756e-05,1.8674022303473479e-10
5.848603149590348e+35,-4.4856601555122813e+30
-2.4348020552872756e-05,1.8674022303473479e-10
-2.4348020552872756e-05,1.8674022303473479e-10
-2.4348020552872756e-05,1.8674022303473479e-10
-2.4348020552872756e-05,1.8674022303473479e-10
-2.4348020552872756e-05,1.8674022303473479e-10
-2.4348020552872756e-05,1.8674022303473479e-10
-2.434802055287268e-05,1.8674079205415697e-10
-2.4348020552872756e-05,1.8674022303473479e-10
-2.4348020552872756e-05,1.8674022303473479e-10
-2.4348020552872756e-05,1.8674022303473479e-10
-2.4348020552872756e-05,1.8674022303473479e-10
-2.4348020552872756e-05,1.8674022303473479e-10
3.3889931660641416e-06,3.6110351086464982
-2.4348020552872756e-05,1.8674022303473479e-10
-2.4348020552872756e-05,1.8674022303473479e-10
-2.4348020552872756e-05,1.8674022303473479e-10
-2.4348020552872756e-05,1.8674022303473479e-10
-2.4348020552872756e-05,1.8674022303473479e-10
-2.4348020552872756e-05,1.8674022303473479e-10
-2.434802055287267e-05,1.867408371569143e-10
-2.4348020552872756e-05,1.8674022303473479e-10
-2.4348020552872756e-05,1.8674022303473479e-10
-2.4348020552872756e-05,1.8674022303473479e-10
-2.4348020552872756e-05,1.8674022303473479e-10
-2.4348020552872756e-05,1.8674022303473479e-10
-151996493459081.53,1165756333.8819747
-2.4348020552872756e-05,1.8674022303473479e-10
-2.4348020552872756e-05,1.8674022303473479e-10
-2.4348020552872756e-05,1.8674022303473479e-10
-2.4348020552872756e-05,1.8674022303473479e-10
-2.4348020552872756e-05,1.8674022303473479e-10
-2.4348020552872756e-05,1.8674022303473479e-10
-2.4348020552872675e-05,1.8674087185143682e-10
-2.4348020552872756e-05,1.8674022303473479e-10
-2.4348020552872756e-05,1.8674022303473479e-10
-2.4348020552872756e-05,1.8674022303473479e-10
-2.4348020552872756e-05,1.8674022303473479e-10
-2.4348020552872756e-05,1.8674022303473479e-10
3.367192310289963e-06,3.6136326790660536
-2.4347332942071146e-05,1.8673494931672657e-10
-2.4348020552872756e-05,1.8674022303473479e-10
-2.4348020552872756e-05,1.8674022303473479e-10
-2.4348020552872756e-05,1.8674022303473479e-10
-2.4348020552872756e-05,1.8674022303473479e-10
-2.4348020552872756e-05,1.8674022303473479e-10
-2.4348020552872685e-05,1.867407469513466e-10
-2.4348020552872756e-05,1.8674022303473479e-10
-2.4348020552872756e-05,1.8674022303473479e-10
-2.4348020552872756e-05,1.8674022303473479e-10
-2.4348020552872756e-05,1.8674022303473479e-10
-2.4348020552872756e-05,1.8674022303473479e-10
89128.96093825565,2.9313359698896444
-2.4348020552872756e-05,1.8674022303473479e-10
-2.4348020552872756e-05,1.8674022303473479e-10
-2.4348020552872756e-05,1.8674022303473479e-10
-2.4348020552872756e-05,1.8674022303473479e-10
-2.4348020552872756e-05,1.8674022303473479e-10
-2.4348020552872756e-05,1.8674022303473479e-10
-2.4348020552872678e-05,1.8674078164576313e-10
-2.4348020552872756e-05,1.8674022303473479e-10
-2.4348020552872756e-05,1.8674022303473479e-10
-2.4348020552872756e-05,1.8674022303473479e-10
-2.4348020552872756e-05,1.8674022303473479e-10
-2.4348020552872756e-05,1.8674022303473479e-10
-3.2186439839881614e+26,2.4685797111685144e+21
-2.4348020552872756e-05,1.8674022303473479e-10
-2.4348020552872756e-05,1.8674022303473479e-10
-2.4348020552872756e-05,1.8674022303473479e-10
-2.4348020552872756e-05,1.8674022303473479e-10
-2.4348020552872756e-05,1.8674022303473479e-10
-2.4348020552872756e-05,1.8674022303473479e-10
-2.4348020552872685e-05,1.8674073307361176e-10
-2.4348020552872756e-05,1.8674022303473479e-10
-2.4348020552872756e-05,1.8674022303473479e-10
-2.4348020552872756e-05,1.8674022303473479e-10
-2.4348020552872756e-05,1.8674022303473479e-10
-2.4348020552872756e-05,1.8674022303473479e-10
3.3970018450033115e-06,3.6175193787424527
-2.4348020552872756e-05,1.8674022303473479e-10
-2.4348020552872756e-05,1.8674022303473479e-10
-2.4348020552872756e-05,1.8674022303473479e-10
-2.4348020552872756e-05,1.8674022303473479e-10
-2.4348020552872756e-05,1.8674022303473479e-10
-2.4348020552872756e-05,1.8674022303473479e-10
-2.434802055287269e-05,1.8674084062630845e-10
-2.4348020552872756e-05,1.8674022303473479e-10
-2.4348020552872756e-05,1.8674022303473479e-10
-2.4348020552872756e-05,1.8674022303473479e-10
-2.4348020552872756e-05,1.8674022303473479e-10
-2.4348020552872756e-05,1.8674022303473479e-10
1.9023205581367715e+17,-1459008811569.3953
-2.4348020552872756e-05,1.8674022303473479e-10
-2.4348020552872756e-05,1.8674022303473479e-10
-2.4348020552872756e-05,1.8674022303473479e-10
-2.4348020552872756e-05,1.8674022303473479e-10
-2.4348020552872756e-05,1.8674022303473479e-10
-2.4348020552872756e-05,1.8674022303473479e-10
-2.434802055287268e-05,1.8674095858771655e-10
-2.4348020552872756e-05,1.8674022303473479e-10
-2.4348020552872756e-05,1.8674022303473479e-10
-2.4348020552872756e-05,1.8674022303473479e-10
-2.4348020552872756e-05,1.8674022303473479e-10
-2.4348020552872756e-05,1.8674022303473479e-10
3.416926068464896e-06,3.620117187580267
-2.4348020552872756e-05,1.8674022303473479e-10
-2.4348020552872756e-05,1.8674022303473479e-10
-2.4348020552872756e-05,1.8674022303473479e-10
-2.4348020552872756e-05,1.8674022303473479e-10
-2.4348020552872756e-05,1.8674022303473479e-10
-2.4348020552872756e-05,1.8674022303473479e-10
-2.434802055287268e-05,1.8674113209018675e-10
-2.4348020552872756e-05,1.8674022303473479e-10
-2.4348020552872756e-05,1.8674022303473479e-10
-2.4348020552872756e-05,1.8674022303473479e-10
-2.4348020552872756e-05,1.8674022303473479e-10
-2.4348020552872756e-05,1.8674022303473479e-10
3.426961323418568e-06,3.621425628742338
-2.4348020552872756e-05,1.8674022303473479e-10
-2.4348020552872756e-05,1.8674022303473479e-10
-2.4348020552872756e-05,1.8674022303473479e-10
-2.4348020552872756e-05,1.8674022303473479e-10
-2.4348020552872756e-05,1.8674022303473479e-10
-2.4348020552872756e-05,1.8674022303473479e-10
-2.434802055287266e-05,1.867411806625498e-10
-2.4348020552872756e-05,1.8674022303473479e-10
-2.4348020552872756e-05,1.8674022303473479e-10
-2.4348020552872756e-05,1.8674022303473479e-10
-2.4348020552872756e-05,1.8674022303473479e-10
-2.4348020552872756e-05,1.8674022303473479e-10
1.9023205581367715e+17,-1459008811569.3914
-2.4348020552872756e-05,1.8674022303473479e-10
-2.4348020552872756e-05,1.8674022303473479e-10
-2.4348020552872756e-05,1.8674022303473479e-10
-2.4348020552872756e-05,1.8674022303473479e-10
-2.4348020552872756e-05,1.8674022303473479e-10
-2.4348020552872756e-05,1.8674022303473479e-10
-2.4348020552872658e-05,1.867411806624439e-10
-2.4348020552872756e-05,1.8674022303473479e-10
-2.4348020552872756e-05,1.8674022303473479e-10
-2.4348020552872756e-05,1.8674022303473479e-10
-2.4348020552872756e-05,1.8674022303473479e-10
-2.4348020552872756e-05,1.8674022303473479e-10
3.4467356032015583e-06,3.6240038872566664
-2.4348020552872756e-05,1.8674022303473479e-10
-2.4348020552872756e-05,1.8674022303473479e-10
-2.4348020552872756e-05,1.8674022303473479e-10
-2.4348020552872756e-05,1.8674022303473479e-10
-2.4348020552872756e-05,1.8674022303473479e-10
-2.4348020552872756e-05,1.8674022303473479e-10
-2.4348020552872658e-05,1.8674129862374614e-10
-2.4348020552872756e-05,1.8674022303473479e-10
-2.4348020552872756e-05,1.8674022303473479e-10
-2.4348020552872756e-05,1.8674022303473479e-10
-2.4348020552872756e-05,1.8674022303473479e-10
-2.4348020552872756e-05,1.8674022303473479e-10
-107374183.9968385,827.1451770414241
-2.4348020552872756e-05,1.8674022303473479e-10
-2.4348020552872756e-05,1.8674022303473479e-10
-2.4348020552872756e-05,1.8674022303473479e-10
-2.4348020552872756e-05,1.8674022303473479e-10
-2.4348020552872756e-05,1.8674022303473479e-10
-2.4348020552872756e-05,1.8674022303473479e-10
-2.4348020552872648e-05,1.8674128474595826e-10
-2.4348020552872756e-05,1.8674022303473479e-10
-2.4348020552872756e-05,1.8674022303473479e-10
-2.4348020552872756e-05,1.8674022303473479e-10
-2.4348020552872756e-05,1.8674022303473479e-10
-2.4348020552872756e-05,1.8674022303473479e-10
4.05648182994159e+29,-3.1111700436373484e+24
-2.4348020552872756e-05,1.8674022303473479e-10
-2.4348020552872756e-05,1.8674022303473479e-10
-2.4348020552872756e-05,1.8674022303473479e-10
-2.4348020552872756e-05,1.8674022303473479e-10
-2.4348020552872756e-05,1.8674022303473479e-10
-2.4348020552872756e-05,1.8674022303473479e-10
-2.434802055287264e-05,1.8674132637932163e-10
-2.4348020552872756e-05,1.8674022303473479e-10
-2.4348020552872756e-05,1.8674022303473479e-10
72.53696295453351,-0.0005563314114581558
-2.4348020552872756e-05,1.8674022303473479e-10
-2.4348020552872756e-05,1.8674022303473479e-10
3.4765451652230627e-06,3.6278905869330655
-2.4348020552872756e-05,1.8674022303473479e-10
-2.4348020552872756e-05,1.8674022303473479e-10
-2.4348020552872756e-05,1.8674022303473479e-10
-2.4348020552872756e-05,1.8674022303473479e-10
-2.4348020552872756e-05,1.8674022303473479e-10
-2.4348020552872756e-05,1.8674022303473479e-10
-2.434802055287262e-05,1.8674154842382052e-10
-2.4348020552872756e-05,1.8674022303473479e-10
-2.4348020552872756e-05,1.8674022303473479e-10
-2.4348020552872756e-05,1.8674022303473479e-10
-2.4348020552872756e-05,1.8674022303473479e-10
-2.4348020552872756e-05,1.8674022303473479e-10
-107374183.99683847,827.149083291424
-2.4348020552872756e-05,1.8674022303473479e-10
-2.4348020552872756e-05,1.8674022303473479e-10
-2.4348020552872756e-05,1.8674022303473479e-10
-2.4348020552872756e-05,1.8674022303473479e-10
-2.4348020552872756e-05,1.8674022303473479e-10
-2.4348020552872756e-05,1.8674022303473479e-10
-2.4348020552872617e-05,1.867415484239264e-10
-2.4348020552872756e-05,1.8674022303473479e-10
-2.4280585190578772e-05,0.008792522549846317
32.26850745034678,-0.0002474873990347766
-2.4348020552872756e-05,1.8674022303473479e-10
-2.4348020552872756e-05,1.8674022303473479e-10
3.496467532795046e-06,3.6304881573523007
-2.4348020552872756e-05,1.8674022303473479e-10
-2.4348020552872756e-05,1.8674022303473479e-10
2.7677743778551484e-05,6.783350467669116
-2.4348020552872756e-05,1.8674022303473479e-10
-2.4348020552872756e-05,1.8674022303473479e-10
-2.4348020552872756e-05,1.8674022303473479e-10
-2.4348020552872614e-05,1.8674213829100046e-10
-2.4348020552872756e-05,1.8674022303473479e-10
-2.4348020552872756e-05,1.8674022303473479e-10
-2.4348020552872756e-05,1.8674022303473479e-10
-2.4348020552872756e-05,1.8674022303473479e-10
-2.4348020552872756e-05,1.8674022303473479e-10
3.506504643638316e-06,3.631796836932951
-2.4348020552872756e-05,1.8674022303473479e-10
-2.4348020552872756e-05,1.8674022303473479e-10
-2.4341962320576286e-05,0.0007898994493166379
-2.4348020552872756e-05,1.8674022303473479e-10
-2.4348020552872756e-05,1.8674022303473479e-10
-2.4348020552872756e-05,1.8674022303473479e-10
-2.4348020552872583e-05,1.8674261013620923e-10
-2.4348020552872756e-05,1.8674022303473479e-10
-2.4347548571548222e-05,6.153921032915289e-05
12.254627674934449,-9.398841685119603e-05
-2.4348020552872756e-05,1.8674022303473479e-10
-2.4348020552872756e-05,1.8674022303473479e-10
-2.3021535758887492e+20,1765665801407231.8
-2.4348020552872756e-05,1.8674022303473479e-10
-2.4348020552872756e-05,1.8674022303473479e-10
-2.4347971851451514e-05,6.35009457513775e-06
-2.4348020552872756e-05,1.8674022303473479e-10
-2.4348020552872756e-05,1.8674022303473479e-10
-2.4348020552872756e-05,1.8674022303473479e-10
-2.4348020552872594e-05,1.8674217992457549e-10
-2.4348020552872756e-05,1.8674022303473479e-10
-2.4348018709195053e-05,2.4057363638242023e-07
-2.4348020552872756e-05,1.8674022303473479e-10
-2.4348020552872756e-05,1.8674022303473479e-10
-2.4348020552872756e-05,1.8674022303473479e-10
3.5262770675317084e-06,3.6343748570287002
-2.4348020552872756e-05,1.8674022303473479e-10
-2.4348020552872756e-05,1.8674022303473479e-10
-2.4347991051542748e-05,3.846701313634376e-06
-2.4348020552872756e-05,1.8674022303473479e-10
-2.4348020552872756e-05,1.8674022303473479e-10
-2.4348020552872756e-05,1.8674022303473479e-10
-2.434802055287255e-05,1.8674274891324e-10
-2.4348020552872756e-05,1.8674022303473479e-10
-2.4334629719542076e-05,1.8663752034490578e-10
7.72537862626466e-05,-5.925076843777442e-10
-2.4348020552872756e-05,1.8674022303473479e-10
-2.4348020552872756e-05,1.8674022303473479e-10
0.05875353616341155,3.635683086018796
-2.4348020552872756e-05,1.8674022303473479e-10
-2.4348020552872756e-05,1.8674022303473479e-10
-2.4293043924830755e-05,1.8558855431340915e-06
-2.4348020552872756e-05,1.8674022303473479e-10
-2.4348020552872756e-05,1.8674022303473479e-10
-2.4348020552872756e-05,1.8674022303473479e-10
-2.4348020552872573e-05,1.867402230347334e-10
-2.4348020552872756e-05,1.8674022303473479e-10
-2.4348020515136632e-05,5.10694402283076e-09
-9.26360527200853e-06,7.104839224380038e-11
-2.4348020552872756e-05,1.8674022303473479e-10
-2.4348020552872756e-05,1.8674022303473479e-10
-4.9326819535660064e+32,3.7831828101510535e+27
-2.4348020552872756e-05,1.8674022303473479e-10
-2.4348020552872756e-05,1.8674022303473479e-10
-2.4348020552872756e-05,1.8674022303473479e-10
-2.4348020552872756e-05,1.8674022303473479e-10
-2.4348020552872756e-05,1.8674022303473479e-10
-2.4348020552872756e-05,1.8674022303473479e-10
-2.4348020552872546e-05,1.8674022303473316e-10
-2.4348020552872756e-05,1.8674022303473479e-10
-2.4346906933487383e-05,2.0352386961682497e-09
-1.8891968658307695e-05,1.4489434297776423e-10
-2.4348020552872756e-05,1.8674022303473479e-10
-2.4348020552872756e-05,1.8674022303473479e-10
3.5560528418260156e-06,3.6382615567051
-2.4338765000992556e-05,1.8666923640899802e-10
-2.4348020545756392e-05,1.1146032871670402e-09
-2.4348019438095923e-05,1.455363001622571e-07
-2.4348020552872756e-05,1.8674022303473479e-10
-2.4348020552872756e-05,1.8674022303473479e-10
-2.4348020552872756e-05,1.8674022303473479e-10
-2.434802055287252e-05,1.8674022303473298e-10
-2.4348020552872756e-05,1.8674022303473479e-10
-2.4348020540815937e-05,1.758762069018724e-09
-2.4348020552872756e-05,1.8674022303473479e-10
-2.4348020552872756e-05,1.8674022303473479e-10
-2.4348020552872756e-05,1.8674022303473479e-10
126443839484.28108,-969773.3792797386
-2.434676902143875e-05,1.8673062425611482e-10
-2.4348020224211843e-05,4.303901128670478e-08
-2.433905281703584e-05,1.951952498469618e-08
-2.4348020552872756e-05,1.8674022303473479e-10
-2.4348020552872756e-05,1.8674022303473479e-10
-2.4348020552872756e-05,1.8674022303473479e-10
-2.434802055287251e-05,1.867402230347329e-10
-2.4348020552872756e-05,1.8674022303473479e-10
-2.434801951510397e-05,1.8696053386090173e-10
-2.4225016354049882e-05,1.857968267749644e-10
-2.4348020552872756e-05,1.8674022303473479e-10
-2.4348020552872756e-05,1.8674022303473479e-10
-4.9326819535660064e+32,3.7831828101510535e+27
-2.4348020552872756e-05,1.8674022303473479e-10
-2.4348020552872756e-05,1.8674022303473479e-10
-2.4348020552872756e-05,1.8674022303473479e-10
-2.4348020552872756e-05,1.8674022303473479e-10
-2.4348020552872756e-05,1.8674022303473479e-10
-2.4348020552872756e-05,1.8674022303473479e-10
-2.4348020552872455e-05,1.8674022303473249e-10
-2.4348020552872756e-05,1.8674022303473479e-10
-2.4348020468916043e-05,1.8678442190154297e-10
-2.3930648773081088e-05,1.8353913738272254e-10
-2.4348020552872756e-05,1.8674022303473479e-10
-2.4348020552872756e-05,1.8674022303473479e-10
3.5860123202412687e-06,3.642167806704985
-2.4348020552872756e-05,1.8674022303473479e-10
-2.4348020552567492e-05,2.26541791324762e-10
-2.4348020478238176e-05,1.8674022246231544e-10
-2.4348020552872756e-05,1.8674022303473479e-10
-2.4348020552872756e-05,1.8674022303473479e-10
-2.4348020552872756e-05,1.8674022303473479e-10
-2.434802055287241e-05,1.867456356125347e-10
-2.4348020552872756e-05,1.8674022303473479e-10
-2.4348020520886224e-05,1.8678797503753067e-10
-2.4348020552872746e-05,1.867402230347347e-10
-2.4348020552872756e-05,1.8674022303473479e-10
-2.4348020552872756e-05,1.8674022303473479e-10
2.7200830219953198e+23,-2.086202075841726e+18
-2.4348020552872756e-05,1.8674022303473479e-10
-2.4348020552845177e-05,1.9033626837113594e-10
-2.43480204928932e-05,1.8674022257937447e-10
-2.4348020552872756e-05,1.8674022303473479e-10
-2.4348020552872756e-05,1.8674022303473479e-10
-2.4348020552872756e-05,1.8674022303473479e-10
-2.4348020552872346e-05,1.8674558010561813e-10
-2.4348020552872756e-05,1.8674022303473479e-10
-2.4348020538433765e-05,1.8676853995709272e-10
-2.434802055287274e-05,1.867402230410102e-10
-2.4348020552872756e-05,1.8674022303473479e-10
-2.4348020552872756e-05,1.8674022303473479e-10
3.6058203604433273e-06,3.644746065219313
-2.4348020552872756e-05,1.8674022303473479e-10
-2.4348020552863107e-05,1.879982352837577e-10
-2.4348020552872736e-05,1.8674022304236152e-10
-2.4348020552872732e-05,1.867402230347346e-10
-2.4348020552872756e-05,1.8674022303473479e-10
-2.4348020552872756e-05,1.8674022303473479e-10
-2.4348020552872302e-05,1.867460519508268e-10
-2.4348020552872756e-05,1.8674022303473479e-10
-2.4348020550318477e-05,1.8674377731277495e-10
-2.434802055287275e-05,1.867402230395015e-10
-2.4348020552872756e-05,1.8674022303473479e-10
-2.4348020552872756e-05,1.8674022303473479e-10
-71.67999668721195,3.646604265209403
-2.4348020552872756e-05,1.8674022303473479e-10
-2.4348020552872756e-05,1.8674022303473479e-10
-2.4348020552872736e-05,1.8674022304426735e-10
-2.4348020552872685e-05,1.8674022305899204e-10
-2.4348020552872756e-05,1.8674022303473479e-10
-2.4348020552872756e-05,1.8674022303473479e-10
-2.434802055287234e-05,1.867439147710811e-10
-2.4348020552872756e-05,1.8674022303473479e-10
-2.4348020549999315e-05,1.8674022321010367e-10
-2.4348020552872753e-05,1.8674022303768723e-10
-2.4348020552872756e-05,1.8674022303473479e-10
-2.4348020552872756e-05,1.8674022303473479e-10
5.848603149590348e+35,-4.4856601555122813e+30
-2.434763491027158e-05,1.867372653000311e-10
-2.4348020552872756e-05,1.8674022303473479e-10
-2.434802055287274e-05,1.8674022304702025e-10
-2.434802055287274e-05,1.8674022305518083e-10
-2.4348020552872756e-05,1.8674022303473479e-10
-2.4348020552872756e-05,1.8674022303473479e-10
-2.4348020552872377e-05,1.8674099675210715e-10
-2.4348020552872756e-05,1.8674022303473479e-10
-2.434802055248582e-05,1.8674022307582496e-10
-2.4348020552872753e-05,1.867402230378328e-10
-2.4348020552872756e-05,1.8674022303473479e-10
-2.4348020552872756e-05,1.8674022303473479e-10
3.6357798388585805e-06,3.648652315219198
-2.4347863201865536e-05,1.8673901621128402e-10
-2.4348020552872756e-05,1.8674022303473479e-10
-2.4348020552872756e-05,1.8674022303763413e-10
-2.434802055287274e-05,1.8674022303711836e-10
-2.4348020552872756e-05,1.8674022303473479e-10
-2.4348020552872756e-05,1.8674022303473479e-10
-2.434802055287234e-05,1.8674060121982829e-10
-2.4348020552872756e-05,1.8674022303473479e-10
-2.4348020552872428e-05,1.8674022303777705e-10
-2.4348020552872756e-05,1.867402230352115e-10
-2.4348020552872756e-05,1.8674022303473479e-10
-2.4348020552872756e-05,1.8674022303473479e-10
-151996493459081.53,1165756333.9195724
-2.4347965753731837e-05,1.8673980274579283e-10
-2.4348020552872753e-05,1.8674054577911634e-10
-2.4348020552872756e-05,1.8674022318217627e-10
-2.4348020552872756e-05,1.8674022303685382e-10
-2.4348020552872756e-05,1.8674022303473479e-10
-2.4348020552872756e-05,1.8674022303473479e-10
-2.4348020552872367e-05,1.8674064111852138e-10
-2.4348020552872756e-05,1.8674022303473479e-10
-2.4348020552872577e-05,1.867402230378576e-10
-2.4348020552872712e-05,1.867402230353336e-10
-2.4348020552872756e-05,1.8674022303473479e-10
-2.4348020552872756e-05,1.8674022303473479e-10
3.6555522900367914e-06,3.651230335314948
-2.434800918366076e-05,1.8674013583712547e-10
0.0006395863131431877,-4.90538812003059e-09
-2.4348020552872756e-05,1.8674022303595945e-10
-2.4348020552872756e-05,1.867402230358274e-10
-2.4348020552872756e-05,1.8674022303473479e-10
-2.4348020552872753e-05,1.8674022303473476e-10
-2.434802055287236e-05,1.867405335656129e-10
-2.4348020552872756e-05,1.8674022303473479e-10
-2.434802055287144e-05,1.867402230347247e-10
-2.4348020552872756e-05,1.8674022303512204e-10
-2.4348020552872756e-05,1.8674022303473479e-10
-2.4348020552872756e-05,1.8674022303473479e-10
3.7073126242262265e-06,3.6525390148952774
-2.434801213951854e-05,1.8674015850745056e-10
-2.4348020552872756e-05,1.8674022303473479e-10
-2.4348020552872756e-05,1.8674022382101246e-10
-2.4348020552872756e-05,1.8674022303473479e-10
-2.4348020552872756e-05,1.8674022303473479e-10
-2.4348020552872756e-05,1.8674022303473479e-10
-2.434802055287234e-05,1.8674046938084414e-10
-2.4348020552872756e-05,1.8674022303473479e-10
-2.434802055287258e-05,1.8674022303754e-10
-2.4348020552872306e-05,1.8674022303517828e-10
-2.4348020552872756e-05,1.8674022303473479e-10
-2.4348020552872756e-05,1.8674022303473479e-10
-3.2186439839881614e+26,2.4685797111685144e+21
-2.4348019302252055e-05,1.8674021344294116e-10
-2.434802055259714e-05,2.2267655333409015e-10
-2.4348020552872756e-05,1.8674022303558226e-10
-2.4348020552872756e-05,1.8674022303565534e-10
-2.4348020552872756e-05,1.8674022303473479e-10
-2.4348020552872756e-05,1.8674022303473479e-10
-2.434802055287234e-05,1.867404190660812e-10
-2.4348020552872756e-05,1.8674022303473479e-10
-2.4348020552872556e-05,1.8674022303473324e-10
-2.4348020552872756e-05,1.8674022304829618e-10
-2.4348020552872756e-05,1.8674022303473479e-10
-2.4348020552872756e-05,1.8674022303473479e-10
3.685511768452048e-06,3.6551365853148328
-2.434801933778483e-05,1.8674021371546427e-10
-2.4348020552872746e-05,1.8674176381455909e-10
-2.4348020552713975e-05,1.86740223033517e-10
-2.4348020552872756e-05,1.8674022303620458e-10
-2.4348020552872756e-05,1.8674022303473479e-10
-2.4348020552872756e-05,1.8674022303473479e-10
-2.4348020552872543e-05,1.8674041906539456e-10
-2.4348020552872756e-05,1.8674022303473479e-10
-2.4348020552872753e-05,1.8674022304924627e-10
-2.4348020552872753e-05,1.8674022304241544e-10
-2.4348020552872756e-05,1.8674022303473479e-10
-2.4348020552872756e-05,1.8674022303473479e-10
1.9023205581367715e+17,-1459008811569.3577
-2.434801483988538e-05,1.8674017921825556e-10
-2.4348020552869744e-05,1.871328859876572e-10
-2.4348020552872753e-05,1.8674022481104143e-10
-2.4348020552872756e-05,1.8674022303590018e-10
-2.4348020552872756e-05,1.8674022303473479e-10
-2.4348020552872756e-05,1.8674022303473479e-10
-2.4348020552872675e-05,1.8674041386127808e-10
-2.4348020552872756e-05,1.8674022303473479e-10
-2.4348020552872753e-05,1.8674022303632334e-10
-2.4348020552872753e-05,1.867402230366417e-10
-2.4348020552872756e-05,1.8674022303473479e-10
-2.4348020552872756e-05,1.8674022303473479e-10
3.705286048211728e-06,3.657714843829161
-2.4348002589429523e-05,1.8674008526183499e-10
-2.4348008442571913e-05,1.867707833303241e-10
-2.4348020552872753e-05,1.8674022303473476e-10
-2.4348020552872756e-05,1.8674022303562887e-10
-2.4348020552872756e-05,1.8674022303473479e-10
-2.4348020552872756e-05,1.8674022303473479e-10
-2.4348020552872712e-05,1.867404268721015e-10
-2.4348020552872756e-05,1.8674022303473479e-10
-2.4348020552872756e-05,1.8674022307454533e-10
-2.4348020552475372e-05,1.867402230340307e-10
-2.4348020552872756e-05,1.8674022303473479e-10
-2.4348020552872756e-05,1.8674022303473479e-10
3.7153213031653964e-06,3.6590232849912323
-2.434800020198338e-05,1.8674006695101484e-10
-2.434802017620211e-05,1.8674022014581164e-10
-2.4348020552872753e-05,1.8674022303607857e-10
-2.4348020552872753e-05,1.8674022303473476e-10
-2.4348020552872756e-05,1.8674022303473479e-10
-2.4348020552872756e-05,1.8674022303474156e-10
-2.43480205528727e-05,1.8674037309576626e-10
0.00020552743470157863,-1.5757607216606317e-09
-2.4348020552872756e-05,1.8674022303689282e-10
-2.4348020552792058e-05,1.8674022303893557e-10
-2.4348020552872756e-05,1.8674022303473479e-10
-2.4348020552872756e-05,1.8674022303473479e-10
1.9023205581367715e+17,-1459008811569.3538
-2.4348020552872756e-05,1.8674022303473479e-10
-2.4348020552854115e-05,1.8917098782550277e-10
-2.4348020552872475e-05,1.8674022304129896e-10
-2.4348020552872746e-05,1.8674022308430932e-10
-2.4348020552872756e-05,1.8674022303473479e-10
-2.4348020552872756e-05,1.8674022303473479e-10
-2.4348020552872715e-05,1.8674027377716962e-10
-2.434801879023478e-05,2.1221107278247314e-10
-2.4348020552872756e-05,1.8674022303989792e-10
-2.434802055281831e-05,1.867405631850935e-10
-2.4348020552872756e-05,1.8674022303473479e-10
-2.4348020552872756e-05,1.8674022303473479e-10
3.735245526626981e-06,3.661621093829046
-2.434802055284049e-05,1.9094692616281222e-10
-2.4348019309652728e-05,1.6228329506371505e-07
-2.4348020552872756e-05,1.8674022333470082e-10
-2.4348020552872743e-05,1.8674022303473468e-10
-2.4348020552872756e-05,1.8674022303473479e-10
-2.4348020552872756e-05,1.8674022303473479e-10
-2.4348020552872726e-05,1.8674052834606633e-10
-2.4348014696712466e-05,1.9993035710432923e-10
-2.4348020527886697e-05,1.8675266053175033e-10
-2.434802055213003e-05,1.867402230783957e-10
-2.4348020552872756e-05,1.8674022303473479e-10
-2.4348020552872756e-05,1.8674022303473479e-10
-107374183.99683821,827.1827746976729
-2.4348017170523285e-05,1.908329232514763e-10
-2.4348017312107756e-05,1.900378248910011e-10
-2.434802055287275e-05,1.867402230369988e-10
-2.4348020552872756e-05,1.8674022303473947e-10
-2.4348020552872756e-05,1.8674022303473479e-10
-2.4348020552872756e-05,1.8674022303473479e-10
-2.434802055287273e-05,1.8674072610454264e-10
-2.4348017738529163e-05,1.8674020144977067e-10
-2.4348020552872756e-05,1.8674022305168152e-10
-2.4348020438230333e-05,1.8674162439162114e-10
-2.4348020552872756e-05,1.8674022303473479e-10
-2.4348020552872756e-05,1.8674022303473479e-10
1.9023205581367715e+17,-1459008811569.3499
-2.4348020552872756e-05,1.8674022303473479e-10
-2.4347828606885718e-05,1.8675996168007735e-10
-2.4348020426917713e-05,1.6609317298565742e-08
-2.4348020552872756e-05,1.867402230347368e-10
-2.4348020552872756e-05,1.8674022303473479e-10
-2.4348020552872756e-05,1.8674022303473479e-10
-2.434802055287273e-05,1.8674085103131445e-10
-2.4299814864541094e-05,1.867755912398107e-10
-2.4348020552872726e-05,1.8674022313259126e-10
-2.434802054004548e-05,1.8674086507229638e-10
-2.4348020552872756e-05,1.8674022303473479e-10
-2.4348020552872756e-05,1.8674022303473479e-10
3.764905144969891e-06,3.6654882431819598
-2.4341559223179438e-05,1.8669066704945825e-10
-2.3658667793129025e-05,1.8145314485831335e-10
-2.4348020552872743e-05,1.8674022303473468e-10
-2.4348020552872756e-05,1.867402230347368e-10
-2.4348020552872756e-05,1.8674022303473479e-10
-2.4348020552872756e-05,1.8674022303473479e-10
-2.4348020552872736e-05,1.8674028635554287e-10
-2.4348020552872756e-05,1.8674022303473479e-10
-2.434802055287272e-05,1.867402230722279e-10
-2.4348020551553828e-05,1.8674186811972735e-10
-2.4348020552872756e-05,1.8674022303473479e-10
-2.4348020552872756e-05,1.8674022303473479e-10
-107374183.99683818,827.1866809476728
-2.4347227335991712e-05,1.8673413935754389e-10
-2.416730048818724e-05,1.8535416766681895e-10
-2.434802055287274e-05,1.8674022303473466e-10
-2.4348020552872756e-05,1.86740223034738e-10
-2.4348020552872756e-05,1.8674022303473479e-10
-2.4348020552872756e-05,1.8674022303473479e-10
-2.4348020552872736e-05,1.8674028461741803e-10
-2.4348020552872756e-05,1.8674022303473479e-10
-2.4348020552872732e-05,1.8674023463881715e-10
-2.434802055105371e-05,1.867411881022773e-10
-2.4348020552872756e-05,1.8674022303473479e-10
-2.4348020552872756e-05,1.8674022303473479e-10
4.05648182994159e+29,-3.1111700436373484e+24
-2.434646349794337e-05,1.8672828100502605e-10
-2.4348020552872756e-05,1.8674022305538651e-10
-2.4348020552872756e-05,1.8674022303473479e-10
-2.4348020552872756e-05,1.867402230347408e-10
-2.4348020552872756e-05,1.8674022303473479e-10
-2.4348020552872753e-05,1.8674022303473476e-10
-2.434802055287274e-05,1.8674026423639914e-10
-2.434661598829704e-05,1.867294505490797e-10
-2.4348020552872743e-05,1.8674022308556883e-10
-2.4348020552872756e-05,1.867402230783745e-10
-2.4348020552872756e-05,1.8674022303473479e-10
-2.4348020552872756e-05,1.8674022303473479e-10
3.7948646233851475e-06,3.669394493181845
-2.4346899780508985e-05,1.8673162712934168e-10
-2.43480156630082e-05,1.8674018559569581e-10
-2.4348020552871672e-05,1.8688150452536042e-10
-2.4348020552872756e-05,1.867402929027967e-10
-2.4348020552872756e-05,1.8674022303473479e-10
-2.4348020552872756e-05,1.8674022303473479e-10
-2.434802055287274e-05,1.867402486229002e-10
-2.4347773092583375e-05,3.7686292173416105e-10
-2.434802055287271e-05,1.8674022303477454e-10
-2.434802046535354e-05,1.8674519290783676e-10
-2.4348020552872756e-05,1.8674022303473479e-10
-2.4348020552872756e-05,1.8674022303473479e-10
-2.3021535758887492e+20,1765665801407231.8
-2.4347593021556864e-05,1.8673694402923573e-10
-2.4348020552872756e-05,1.8674022312324973e-10
-2.4348020552422595e-05,2.4543396734223245e-10
-2.4348020552872756e-05,1.8674022303473479e-10
-2.4348020552872756e-05,1.8674022303473479e-10
-2.4348020515564912e-05,1.8674022274859755e-10
-2.4348020552872743e-05,1.8674022945961607e-10
-2.434802055265299e-05,2.153943368378196e-10
-2.4348020552872712e-05,1.8674022303479194e-10
-2.4348020551158324e-05,1.8674022302159407e-10
-2.4348020552872756e-05,1.8674022303473479e-10
-2.4348020552872756e-05,1.8674022303473479e-10
3.814786990957131e-06,3.6719920636010803
-2.4347850441788334e-05,3.3957024927478343e-10
-2.4348020552872756e-05,1.867402230883202e-10
-2.4348020552872526e-05,1.8677021435042568e-10
-2.4348020552872756e-05,1.8674022303473678e-10
-2.4348020552872756e-05,1.8674022303473479e-10
-2.4348020552872756e-05,1.8674022303473479e-10
-2.4348020552872746e-05,1.8674022856514724e-10
-2.434801191028611e-05,1.8674015674932343e-10
-2.434802050977923e-05,5.805456381875477e-09
-2.4348020552871428e-05,1.8674022303473437e-10
-2.4348020552872756e-05,1.8674022303473479e-10
-2.4348020552872756e-05,1.8674022303473479e-10
0.05875382452339129,3.67328074226769
-9.186096364167568e-06,1.9768728019092974
-2.4348020552872756e-05,1.8674022310378914e-10
-2.4348020552872468e-05,1.8677797061757093e-10
-2.4348020552872756e-05,1.8674022303473693e-10
-2.4348020552872756e-05,1.8674022303473479e-10
-2.4348020552872756e-05,1.8674022303473479e-10
-2.434802055287275e-05,1.8674022894363657e-10
2.6568817798309907,-2.0377290838290488e-05
-2.4348020552872756e-05,1.8674022303473479e-10
-2.4348020552872722e-05,1.8674022693786235e-10
-2.4348020552872756e-05,1.8674022303473479e-10
-2.4348020552872756e-05,1.8674022303473479e-10
-4.9326819535660064e+32,3.7831828101510535e+27
-2.4345240587503822e-05,1.8671890173874294e-10
-2.4348020552714015e-05,2.0743691912718483e-10
-2.4348020552739552e-05,1.8679798511062895e-10
-2.4348020552872756e-05,1.8674022303473517e-10
-2.4348020552872756e-05,1.8674022303473479e-10
-2.4348020552872756e-05,1.8674022303473479e-10
-2.4348020552872753e-05,1.8674022821278282e-10
5.657538384509583,-4.339120617450935e-05
-2.4348020552872756e-05,1.8674022303484028e-10
-2.434802055287258e-05,1.8674022490610426e-10
-2.4348020552872756e-05,1.8674022303473479e-10
-2.4348020552872756e-05,1.8674022303473479e-10
3.844412821572844e-06,3.6758592129539944
-2.4346885228482734e-05,1.8673151552073588e-10
-2.434802055287275e-05,1.8674022314912663e-10
-2.4348020552776452e-05,1.8674022303399617e-10
-2.4348020552872756e-05,1.8674022303473515e-10
-2.4348020552872756e-05,1.8674022303473479e-10
14594.004858035247,-0.11193056602861938
-2.4348020552872746e-05,1.8674022959514096e-10
10.940100163376432,-8.390648184705147e-05
-2.4348020552872756e-05,1.8674025730805357e-10
-2.4348020552872665e-05,1.867402230347341e-10
-2.4348020552872756e-05,1.8674022303473479e-10
-2.4348020552872756e-05,1.8674022303473479e-10
126443839484.28108,-969773.3416820824
-2.434793322418681e-05,1.8673955325633307e-10
-2.434802055287275e-05,1.8674022303942123e-10
-2.4348020552833278e-05,1.8674022385120385e-10
-2.4348020552872756e-05,1.8674022303473536e-10
-2.4348020552872756e-05,1.8674022303473479e-10
-2.4348020552872756e-05,1.8674022303473479e-10
-2.4348020552872746e-05,1.8674023566766284e-10
25.255230396720048,-0.00019369818367106107
-2.429143015117639e-05,1.8630627518035914e-10
-2.4348020552872756e-05,1.8674022303473479e-10
-2.4348020552872756e-05,1.8674022303473479e-10
-2.4348020552872756e-05,1.8674022303473479e-10
-4.9326819535660064e+32,3.7831828101510535e+27
-2.4347720350648576e-05,1.8673792059580848e-10
-2.4348020552872753e-05,1.8674022303532387e-10
-2.434802055287273e-05,1.8674022305623518e-10
-2.4348020552872756e-05,1.8674022303473479e-10
-2.4348020552872756e-05,1.8674022303473479e-10
-2.4348020552872756e-05,1.8674025149441316e-10
-2.4348020552872736e-05,1.8674031801387573e-10
51.26046988264953,-0.0003931486569088613
-2.4230183136607082e-05,1.858365061215373e-10
-2.4348020552824604e-05,1.8674022303436548e-10
-2.4348020552872756e-05,1.8674022303473479e-10
-2.4348020552872756e-05,1.8674022303473479e-10
3.8743722999881005e-06,3.6797654629538794
-2.4347636746108618e-05,1.8673727938021546e-10
-2.4348020552872753e-05,1.8674022303473476e-10
-2.4348020552872746e-05,1.8674022310337242e-10
-2.4348020552872756e-05,1.8674022303473484e-10
-2.4348020552872756e-05,1.8674022303473479e-10
-2.4348020552872756e-05,1.8674022303473543e-10
-2.434802055287275e-05,1.867403427368882e-10
-2.4348020552872505e-05,1.867402230377113e-10
-2.4107638459982265e-05,1.848965822020277e-10
-2.4348020552872756e-05,1.8674022303473479e-10
-2.4348020552872756e-05,1.8674022303473479e-10
-2.4348020552872756e-05,1.8674022303473479e-10
126443839484.28108,-969773.3377758324
-2.434802036632047e-05,1.869152280840728e-10
-2.4348020552869978e-05,1.8674022889076508e-10
-2.4348020552872695e-05,1.8674022303473432e-10
-2.4348020552872756e-05,1.8674022303473484e-10
-2.4348020552872756e-05,1.8674022303473479e-10
-2.4348020552872756e-05,1.8674022303473479e-10
-2.4348020552872746e-05,1.8674085460055257e-10
-2.4348020552872756e-05,1.8674022364136056e-10
-2.4348020552872617e-05,1.8674022310590905e-10
-2.43479974744447e-05,1.8674004603181198e-10
-2.4348020552872756e-05,1.8674022303473479e-10
-2.4348020552872756e-05,1.8674022303473479e-10
3.894180340190156e-06,3.6823437214682073
-2.4348020552872756e-05,1.8674022332787558e-10
-2.4331833335973013e-05,1.8661607312745152e-10
-2.4348020552872756e-05,1.8674022303473479e-10
-2.4348020552872756e-05,1.8674022303473484e-10
-2.4348020552872756e-05,1.8674022303473479e-10
-2.4348020552872756e-05,1.8674022303473479e-10
-2.4348020552872753e-05,1.8674066371731045e-10
-2.434802055287275e-05,1.867402230430486e-10
-2.4348020552872692e-05,1.867402230347343e-10
-2.4348020551970256e-05,1.8674022302781296e-10
-2.4348020552872756e-05,1.8674022303473479e-10
-2.4347768193817246e-05,3.2903882422017475e-05
-71.67999639885197,3.684201921458297
-2.4348020552872756e-05,1.867402233312637e-10
-2.4348020552872753e-05,1.867402231325883e-10
-2.4348020552872756e-05,1.867402230347348e-10
-2.4348020552872756e-05,1.867402230347348e-10
-2.4348020552872756e-05,1.8674022303473479e-10
-2.4348020552872756e-05,1.8674022304316422e-10
-2.4348020552872753e-05,1.8674049018215009e-10
-2.4348020552872746e-05,1.867402232287427e-10
-2.4348020552863374e-05,1.8674022303684735e-10
-2.4348020552872756e-05,1.867402230347348e-10
-2.4348020552872756e-05,1.8674022303473479e-10
-2.4348020552857825e-05,1.8868722397188832e-10
5.848603149590348e+35,-4.4856601555122813e+30
-2.434802055287246e-05,1.867402233058505e-10
-2.4348020552872753e-05,1.8674022303735594e-10
-2.4348020552872756e-05,1.8674022303473479e-10
-2.4348020552872756e-05,1.8674022303473484e-10
-2.4348020552872756e-05,1.8674022303473479e-10
-2.4348020552872756e-05,1.8674022303473479e-10
-2.4348020552872756e-05,1.8674034102736402e-10
-2.4348020552872543e-05,1.867402246342312e-10
-2.4348020552872756e-05,1.8674022303473479e-10
-2.4348020552872756e-05,1.8674022303473479e-10
-2.4348020552872756e-05,1.8674022303473479e-10
-2.4348020552872756e-05,1.8674022303473479e-10
3.924139818605412e-06,3.6862499714680923
-2.4348020552872597e-05,1.867402230615252e-10
-2.4348020552872753e-05,1.8674022303473476e-10
-2.4348020552872756e-05,1.867402230347348e-10
-2.4348020552872756e-05,1.8674022303473484e-10
-2.4348020552872756e-05,1.8674022303473673e-10
-2.4348020552872756e-05,1.8674022303473479e-10
-2.4348020552872756e-05,1.8674022303473479e-10
-2.4348020552871625e-05,1.8674022304547518e-10
-2.4348020552872756e-05,1.8674022303591308e-10
-2.4348020552872756e-05,1.8674022303473479e-10
-2.4348020552872756e-05,1.8674022303473479e-10
-2.4348020552872756e-05,1.8674022303517823e-10
-71.67999636889249,3.6881081714581825
-2.4348020552872655e-05,1.8674022309023152e-10
-2.434802055287275e-05,1.8674022312538846e-10
-2.4348020552798136e-05,1.8674022303416248e-10
-2.4348020552872756e-05,1.867402230347348e-10
-2.4348020552872756e-05,1.8674022303473479e-10
-2.4348020552872756e-05,1.8674022303473479e-10
-2.4348020552872756e-05,1.8674022316436154e-10
-2.4348020552872743e-05,1.8674022309573982e-10
-2.4348020552872624e-05,1.8674026164486787e-10
-2.4348020552872756e-05,1.867402230347348e-10
-2.4348020552872756e-05,1.8674022303473479e-10
-2.4348020552872756e-05,1.8674022303473479e-10
3.943912269783623e-06,3.688827991563842
-2.4348020552872658e-05,1.86740223034734e-10
-2.4348020552871953e-05,1.867402230785732e-10
-2.434802055287153e-05,1.867402230347254e-10
-2.4348020552872756e-05,1.8674022303473479e-10
-2.4348020552872756e-05,1.8674022303473479e-10
-2.4348020552872756e-05,1.867402230347348e-10
-2.4348020552872756e-05,1.8674022303473479e-10
-2.4348020552872756e-05,1.8674022390917378e-10
-2.4348020552872712e-05,1.8674022305697517e-10
-2.4348020552872756e-05,1.867402230347348e-10
1.0774060467433358e+22,-8.263301939922341e+16
-2.4348020552872756e-05,1.8674022303473479e-10
3.995672603973058e-06,3.6901366711441717
-2.434802055287267e-05,1.8674022305390247e-10
-2.4348020552871008e-05,1.8674022303491333e-10
-2.4348020552872746e-05,1.867402230347347e-10
-2.4348020552872756e-05,1.8674022303473486e-10
-2.4348020552872756e-05,1.8674022303473479e-10
-2.4348020552872756e-05,1.8674022303473479e-10
-2.4348020552872756e-05,1.8674022303473479e-10
-2.4348020552872753e-05,1.8674022408535567e-10
-2.4348020552871807e-05,1.867402249193086e-10
-2.4348020552872756e-05,1.8674022303473492e-10
-2.4348020552872756e-05,1.8674022303473479e-10
-2.4348020552872756e-05,1.8674022303473479e-10
-3.2186439839881614e+26,2.4685797111685144e+21
-2.4348020552872756e-05,1.8674022306798926e-10
-2.4348020552872756e-05,1.8674022303487794e-10
-2.4348020552872126e-05,1.8674022303472995e-10
-2.4348020552872756e-05,1.8674022303473484e-10
-2.4348020552872756e-05,1.8674022303473479e-10
0.0007845822949663014,-6.017453140921741e-09
-2.4348020552872756e-05,1.8674022303473479e-10
-2.434802055267843e-05,1.8674022303440273e-10
-2.4348020552872712e-05,1.8674022303473442e-10
-2.4348020552872756e-05,1.8674022303473492e-10
-2.4348020552872756e-05,1.8674022303473479e-10
-2.4278735451873765e-05,0.009033699706406797
3.97387174819888e-06,3.692734241563727
-2.43480205526333e-05,1.867402231659162e-10
-2.4348020552872756e-05,1.867402230349408e-10
-2.4348020552872756e-05,1.8674022303473479e-10
-2.4348020552872756e-05,1.8674022303473479e-10
-2.4348020552872756e-05,1.8674022303473479e-10
272481269.08918935,35527319354347.086
-2.4348020552872756e-05,1.8674022303473479e-10
-2.4348020552872736e-05,1.8674022358037403e-10
-2.4348020552872756e-05,1.8674022303473479e-10
-2.4348020552872756e-05,1.8674022303473497e-10
-2.4348020552872756e-05,1.8674022303473479e-10
-2.4348020552872726e-05,1.8674022303473455e-10
89128.96093886234,3.0104375323873183
-2.4348005769266126e-05,1.86740109649994e-10
-2.4348020552872756e-05,1.8674022303473479e-10
-2.4348020552872756e-05,1.867402230347348e-10
-2.4348020552872756e-05,1.8674022303473479e-10
-2.4348020552872756e-05,1.8674022306565488e-10
-2.4348020552872756e-05,1.867402230347349e-10
-2.4348020552872756e-05,1.8674022303473479e-10
-2.4348020552872668e-05,1.8674022336684638e-10
-2.4348020552872756e-05,1.8674022303473678e-10
-2.4348020552872756e-05,1.8674022303473497e-10
-2.4348020552872756e-05,1.8674022303473479e-10
-2.4348020552872756e-05,1.8674022303473479e-10
3.993646027958556e-06,3.6953125000780553
-2.4348016118012725e-05,1.8674018902101488e-10
-2.4346717812068672e-05,1.8673023149941158e-10
-2.4348020552872756e-05,1.8674022303473492e-10
-2.4348020552872756e-05,1.8674022303473492e-10
-2.4348020552872756e-05,1.8674022303473479e-10
-2.4348020552872756e-05,1.8674022303473479e-10
-2.4348020552872756e-05,1.8674022303473479e-10
-2.4348020552872756e-05,1.867402231139512e-10
-2.4348020552872756e-05,1.867402230347364e-10
-2.4348020552872756e-05,1.8674022303473479e-10
-2.4348020552872756e-05,1.8674022303473479e-10
-2.4348020552872756e-05,1.8674022303473479e-10
4.003681282912228e-06,3.696620941240126
-2.4348020552872756e-05,1.8674025556943573e-10
-2.434802055287268e-05,1.867402381106104e-10
-2.4348020552872756e-05,1.8674022303473479e-10
-2.4348020552872756e-05,1.8674022303473492e-10
-2.4348020552872756e-05,1.8674022303473479e-10
-2.4348020552872756e-05,1.8674022303473479e-10
-2.4348020552872756e-05,1.8674022303473479e-10
-2.434674726029031e-05,1.8673045735623465e-10
-2.4348020552872756e-05,1.8674022303473479e-10
-2.4348020552872756e-05,1.8674022303473479e-10
1.0405123334170204e+22,-7.98034093945108e+16
-2.4348019202780565e-05,1.7621776286515125e-07
1.9023205581367715e+17,-1459008811569.3162
-2.4348013322470864e-05,1.518530845358232e-09
-2.434802055287274e-05,1.8674023593947517e-10
-2.4348020552872756e-05,1.8674022303473479e-10
-2.4348020552872756e-05,1.8674022303473479e-10
-2.4348020552872756e-05,1.8674022303473479e-10
-2.4348020552872756e-05,1.8674022303473479e-10
-2.4348020552872756e-05,1.8674022303473479e-10
-2.4347045268797062e-05,1.8673274298488958e-10
-2.4348020552872756e-05,1.8674022303473479e-10
-2.4348020552872756e-05,1.8674022303473479e-10
0.13768637227607128,-1.0560030459906705e-06
0.0004868964427007582,-3.7343138472926425e-09
4.0234555626952184e-06,3.699199199754455
-2.4348014952721337e-05,1.867401800836652e-10
-2.434802055287274e-05,1.8674022310760087e-10
-2.4348020552872756e-05,1.8674022303473479e-10
-2.4348020552872756e-05,1.8674022303473479e-10
-2.4348020552872756e-05,1.8674022303473479e-10
-2.4348020552872756e-05,1.8674022303473479e-10
-2.4348020552872756e-05,1.8674022303473479e-10
-2.434802053009981e-05,3.155978189557599e-09
-2.4348020552872756e-05,1.8674022303473479e-10
-2.4348020552872756e-05,1.8674022303473479e-10
-2.224672126547428e-05,1.7062404238919057e-10
-2.4348020552872756e-05,1.8674022303473479e-10
-4.6015336869298325e-05,3.7005076413003812
-2.4347996560637474e-05,1.867400390232519e-10
-2.434802055287275e-05,1.8674022303473473e-10
-2.4348020552872756e-05,1.8674022303473479e-10
-2.4348020552872756e-05,1.8674022303473479e-10
-2.4348020552872756e-05,1.8674022303473479e-10
-2.4348020552872756e-05,1.867402230351684e-10
-2.4348020552872756e-05,1.8674022303473479e-10
-2.4348020552867715e-05,1.8674022303469612e-10
-2.4348020552872692e-05,1.867402230347343e-10
-2.4348020552872756e-05,1.8674022303473479e-10
-2.434752936822426e-05,1.867364558319508e-10
-2.4348020552872756e-05,1.8674022303473479e-10
4.05648182994159e+29,-3.1111700436373484e+24
-2.4348020552869124e-05,1.8674022303470692e-10
-2.4348020552872746e-05,1.8674022478369686e-10
-2.4348020552872756e-05,1.8674022303473479e-10
-2.4348020552872756e-05,1.8674022303473479e-10
-2.4348020552872756e-05,1.8674022303473479e-10
-2.4348020552872756e-05,1.8674022303473479e-10
-2.4348020552872756e-05,1.8674022303473479e-10
-2.4348020552870154e-05,1.8674022303471483e-10
-2.4348020552872756e-05,1.8674022303473479e-10
-2.4348020552872756e-05,1.8674022303473479e-10
-2.4347442099420968e-05,1.8673578651282668e-10
12.824940174917675,-9.836250069982327e-05
4.053265124716723e-06,3.703085899430854
-2.4348019579160326e-05,1.8674021556672415e-10
-2.4348020552872722e-05,1.8674022525803389e-10
-2.4348020552872756e-05,1.8674022303473479e-10
-2.4348020552872756e-05,1.8674022303473479e-10
-2.4348020552872756e-05,1.8674022303473479e-10
-2.4348020552872756e-05,1.8674023008446345e-10
-2.4348020552872756e-05,1.8674022303473479e-10
-2.4348020552872756e-05,1.8674022303473479e-10
-2.4348020552872756e-05,1.8674022303473479e-10
-2.4348020552872756e-05,1.8674022303473479e-10
-2.434802055088823e-05,1.8674022301951422e-10
7.698504246151448e+16,1.0037652122585717e+22
-107374183.99683788,827.2242786039218
-2.4348019593370855e-05,1.867402156757136e-10
-2.4348020552872756e-05,1.8674022303473479e-10
-2.4348020552872756e-05,1.8674022303473479e-10
-2.4348020552872756e-05,1.8674022303473479e-10
-2.4348020552872756e-05,1.8674022303473479e-10
-2.4348020552872756e-05,1.8674022303473778e-10
-2.4348020552872756e-05,1.8674022303473479e-10
-2.4348020552872756e-05,1.8674022303473479e-10
-2.4348020552872756e-05,1.8674022303473479e-10
-2.4348020552872756e-05,1.8674022303473479e-10
-2.434802055287275e-05,1.8674022303473473e-10
-2.4348020552872756e-05,1.8674022303473479e-10
4.05648182994159e+29,-3.1111700436373484e+24
-2.4347981663366557e-05,1.8673992476674848e-10
-2.4348020552872743e-05,1.8674022304092996e-10
-2.4348020552872756e-05,1.8674022303473479e-10
-2.4348020552872756e-05,1.8674022303473479e-10
-2.4348020552872756e-05,1.8674022303473479e-10
-2.4348020552872756e-05,1.8674022303474766e-10
-2.4348020552872756e-05,1.8674022303473479e-10
-2.434802055287214e-05,1.8674022303473006e-10
-2.4348020552872756e-05,1.8674022303473479e-10
-2.4348020552872756e-05,1.8674022303473479e-10
-2.4348020552872638e-05,1.8674022303473386e-10
-2.4348020552872756e-05,1.867402230348432e-10
4.083224603131976e-06,3.7069921494307394
-2.4348020552872065e-05,1.8674022372943139e-10
-2.4348020552872756e-05,1.8674022303473479e-10
-2.4348020552872756e-05,1.8674022303473479e-10
-2.4348020552872756e-05,1.8674022303473479e-10
84417.00698325211,11006664703.676277
-2.4348020552872756e-05,1.8674022303492592e-10
-2.4348020552872756e-05,1.8674022303473479e-10
-2.4348020552872756e-05,1.8674022303473479e-10
-2.4348020552872756e-05,1.8674022303473479e-10
-2.4348020552872756e-05,1.8674022303473479e-10
-2.4348020552872756e-05,1.8674022303473479e-10
-2.4348020552872756e-05,1.8674022303473484e-10
-2.3021535758887492e+20,1765665801407231.8
-2.4347996788023293e-05,1.8674004115014247e-10
-2.4348020552872756e-05,1.8674022303473479e-10
-2.4348020552872756e-05,1.8674022303473479e-10
-2.4348020552872756e-05,1.8674022303473479e-10
8.036721230958606e+16,1.0478634464985704e+22
8.812475933162691e+24,1.149009793687732e+30
-2.4348020552872756e-05,1.8674022303473479e-10
-2.4348020552872756e-05,1.8674022303473479e-10
-2.4348020552872756e-05,1.8674022303473479e-10
-2.4348020552872756e-05,1.8674022303473479e-10
-2.4348020552872756e-05,1.8674022303473479e-10
-2.4348020552872756e-05,1.8674022303473497e-10
4.1029970270253685e-06,3.7095701695264887
-2.434802055287248e-05,1.8674022303473267e-10
-2.4348020552872756e-05,1.8674022303473479e-10
-2.4348020552872756e-05,1.8674022303473479e-10
-2.4348020552872756e-05,1.8674022303473479e-10
-2.4348020552872756e-05,1.8674022303473479e-10
7.953393904276597e+22,1.0369988591606184e+28
-2.4348020552872756e-05,1.8674022303473479e-10
-2.4348020552872756e-05,1.8674022303473479e-10
-2.4348020552872756e-05,1.8674022303473479e-10
-2.4348020552872756e-05,1.8674022303473479e-10
-2.4348020552872756e-05,1.8674022303473479e-10
9.96427129778546e+21,1.743020071248611e+22
0.05875411288337104,3.7108783985165843
-2.434801913415756e-05,1.1103264333834972e-07
-2.4245553071264966e-05,1.8595433573049777e-10
-2.4348020552872756e-05,1.8674022303473479e-10
-2.4348020552872756e-05,1.8674022303473479e-10
-2.4348020552872756e-05,1.8674022303473479e-10
-2.4348020552872756e-05,1.867402230347352e-10
-2.4348020552872756e-05,1.8674022303473479e-10
-2.4239035467761272e-05,1.105683346586414e-07
-2.4348020552872753e-05,1.8674022303473476e-10
-2.4348020552872756e-05,1.8674022303473479e-10
-2.4348020552872756e-05,1.8674022303473479e-10
-2.4348020552872756e-05,1.8674022303473479e-10
-4.9326819535660064e+32,3.7831828101510535e+27
-2.4348020552872638e-05,1.8674022303473388e-10
-2.4348020552872756e-05,1.867402230418843e-10
-2.4348020552872756e-05,1.8674022303473479e-10
-2.4348020552872756e-05,1.8674022303473479e-10
-2.4348020552872756e-05,1.8674022303473479e-10
-2.4348020552872756e-05,1.867402230364692e-10
-2.4348020552872756e-05,1.8674022303473479e-10
-2.4348020552872756e-05,1.8674022303473479e-10
-2.4348020552872756e-05,1.8674022303473479e-10
-2.4348020552872756e-05,1.8674022303473479e-10
-2.4348020552872756e-05,1.8674022303473479e-10
1.335812320328273e+17,1.7416914953605736e+22
4.132956505440625e-06,3.7134764195263736
-2.434802009799102e-05,1.8674021954596177e-10
-2.4348020552872756e-05,1.8674022303939479e-10
-2.4348020552872756e-05,1.8674022303473479e-10
-2.4348020552872756e-05,1.8674022303473479e-10
-2.4348020552872756e-05,1.8674022303473479e-10
-2.4348020494358182e-05,7.81613067554504e-09
-2.4348020552872756e-05,1.8674022303473479e-10
-2.43480205528727e-05,1.8674022303473435e-10
-2.4348020552872756e-05,1.8674022303473479e-10
-2.4348020552872756e-05,1.8674022303473479e-10
-2.4348020552872756e-05,1.8674022303473479e-10
-2.4348020552872756e-05,1.8674022303473479e-10
126443839484.28108,-969773.3040844261
-2.4348020552872705e-05,1.867402230347344e-10
-2.4348020552872756e-05,1.8674022303473479e-10
-2.4348020552872756e-05,1.8674022303473479e-10
-2.4348020552872756e-05,1.8674022303473479e-10
-2.4348020552872756e-05,1.8674022303473479e-10
-2.4348020494363413e-05,7.81544855451873e-09
-2.4348020552872756e-05,1.8674022303473479e-10
-2.4348020552872756e-05,1.8674022303473479e-10
-2.4348020552872756e-05,1.8674022303473479e-10
-2.4348020552872756e-05,1.8674022303473479e-10
-2.4348020552872756e-05,1.8674022303473479e-10
-2.4348020552872756e-05,1.8674022304707074e-10
4.1527307852003015e-06,3.716054678040702
-2.434801145578162e-05,1.8674015326344376e-10
-2.434802055287275e-05,1.8674103158946338e-10
-2.4348020552872756e-05,1.8674022303473479e-10
-2.4348020552872756e-05,1.8674022303473479e-10
-2.4348020552872756e-05,1.8674022303473479e-10
-2.4348020552872756e-05,1.8674022303473479e-10
-2.4348020552872756e-05,1.8674022303473479e-10
-2.4348020552872756e-05,1.8674022303473479e-10
-2.4348020552872675e-05,1.8674022303473417e-10
-2.4348020552872756e-05,1.8674022303473479e-10
-2.4348020552872756e-05,1.8674022303473479e-10
-2.4348020552872756e-05,1.8674022303473479e-10
4.162732279734929e-06,3.7173631192027736
-2.4348013929542833e-05,1.8674017223626826e-10
-2.4348020552872756e-05,1.8674022303473479e-10
-2.4348020552872756e-05,1.8674022303473479e-10
-2.4348020552872756e-05,1.8674022303473479e-10
-2.4348020552872756e-05,1.8674022303473479e-10
-2.4348020552872756e-05,1.8674022303473479e-10
-2.4348020552872756e-05,1.8674022303473479e-10
-2.4348020552872756e-05,1.8674022303473479e-10
-2.4348020552872756e-05,1.8674022303473515e-10
-2.4348020552872756e-05,1.8674022303473479e-10
1.0035041160701824e+22,-7.69650173591258e+16
1.3016803579713926e+17,1.6971887252840582e+22
2.7200830219953198e+23,-2.086202075841726e+18
-2.4348020552872736e-05,1.8674022303473463e-10
-2.4348020552872756e-05,1.8674022303473479e-10
-2.4348020552872756e-05,1.8674022303473479e-10
-2.4348020552872756e-05,1.8674022303473479e-10
-2.4348020552872756e-05,1.8674022303473479e-10
-2.4348020318347236e-05,3.076522041452455e-08
-2.4348020552872756e-05,1.8674022303473479e-10
-2.4348020552872756e-05,1.8674022303473479e-10
-2.4348020552872756e-05,1.8674022303473507e-10
-2.4348020552872756e-05,1.8674022303473479e-10
-2.4348020552872756e-05,1.8674022303473479e-10
-2.4348020552872756e-05,1.8674022303473479e-10
4.182690263615558e-06,3.7199609280405874
-2.4348020552872736e-05,1.8674022304770694e-10
-2.4348020552872756e-05,1.8674022307815585e-10
-2.4348020552872756e-05,1.8674022303473479e-10
-2.4348020552872756e-05,1.8674022303473479e-10
-2.4348020552872756e-05,1.8674022303473479e-10
-2.4346645050247937e-05,0.00017934433464438087
-2.4348020552872743e-05,1.8674026857906098e-10
-2.4348020552872756e-05,1.8674022303473479e-10
-2.4348020552872756e-05,1.8674022303473479e-10
-2.4348020552872756e-05,1.8674022303473479e-10
-2.4348020552872756e-05,1.8674022303473479e-10
-2.4348020552872756e-05,1.8674022303564396e-10
-71.67999611049198,3.7217995777071913
-2.4348018434918507e-05,1.8674020680167152e-10
-2.4348020552754754e-05,1.8674022306878048e-10
-2.4348020552872756e-05,1.8674022303473479e-10
-2.4348020552872756e-05,1.8674022303473479e-10
-2.4348020552872756e-05,1.8674022303473479e-10
-2.4348002717383374e-05,2.3256571448395316e-06
-2.4348020552872743e-05,1.8674026814539004e-10
-2.4348020552872756e-05,1.8674022303473479e-10
-2.4348020552872756e-05,1.8674022303473479e-10
-2.4348020552872756e-05,1.8674022303473479e-10
-2.4348020552872756e-05,1.8674022303473479e-10
1.1501418852225053e+17,1.4996061268979269e+22
5.848603149590348e+35,-4.4856601555122813e+30
-2.4348017852272596e-05,1.8674020232214031e-10
-2.434802055272006e-05,1.8674022304987434e-10
-2.4348020552872756e-05,1.8674022303473479e-10
-2.4348020552872756e-05,1.8674022303473479e-10
-2.4348020552872756e-05,1.8674022303473479e-10
19211870585748.26,2.504929105680258e+18
-2.4348020552872746e-05,1.8674022304331283e-10
-2.434802055287275e-05,1.8674022303473473e-10
-2.4348020552872756e-05,1.8674022303473479e-10
-2.4348020552872756e-05,1.8674022303473479e-10
-2.4348020552872756e-05,1.8674022303473479e-10
-2.4348020552872756e-05,1.8674022303473479e-10
4.2124997983522406e-06,3.7238476277169865
-2.434802055287275e-05,1.8674022304132677e-10
-2.4348020552872756e-05,1.8674022305210426e-10
-2.4348020552872756e-05,1.8674022303473479e-10
-2.4348020552872756e-05,1.8674022303473479e-10
-2.4348020552872756e-05,1.8674022303473479e-10
-2.4348020552872756e-05,1.8674022303484488e-10
-2.4348020552872756e-05,1.867402646759498e-10
-2.4348020552872756e-05,1.8674022303473479e-10
-2.4348020552872756e-05,1.8674022303473479e-10
-2.4348020552872756e-05,1.8674022303473479e-10
-2.4348020552872756e-05,1.8674022303473479e-10
1.0809718656430074e+17,1.4094191799726808e+22
-71.67999608053252,3.7257058277070767
-2.434801901072722e-05,1.86740211211979e-10
-2.4348020552872756e-05,1.867402230575041e-10
-2.4348020552872756e-05,1.8674022303473479e-10
-2.4348020552872756e-05,1.8674022303473479e-10
-2.4348020552872756e-05,1.8674022303473479e-10
4419.688374329124,576258623.9830513
-2.4348020552872695e-05,1.8674026814538968e-10
-2.4348020552872753e-05,1.8674022303473476e-10
-2.4348020552872756e-05,1.8674022303474575e-10
-2.4348020552872756e-05,1.8674022303473479e-10
-2.4348020552872756e-05,1.8674022303473479e-10
-2.4348020552872756e-05,1.867402230347349e-10
4.232272249530455e-06,3.726425647812736
-2.434801906046543e-05,1.8674021158852804e-10
-2.4348020552872743e-05,1.8674022303473468e-10
-2.4348020552872756e-05,1.8674022303473479e-10
-2.4348020552872756e-05,1.8674022303473479e-10
-2.4348019488382955e-05,1.3897965338138588e-07
-2.4347456552082258e-05,1.8673592707414617e-10
-2.4348020552872702e-05,1.8674025318338651e-10
-2.4348020552872756e-05,1.8674022303473479e-10
-2.4348020552872756e-05,1.8674022303473479e-10
-2.4348020552872756e-05,1.8674022303473479e-10
-2.4348020552872756e-05,1.8674022303473479e-10
0.0004913967097964897,-3.768829214952496e-09
89128.96093912073,3.044128938636327
-2.4348020552872753e-05,1.8674022303715726e-10
-2.4348020552872756e-05,1.8674022305178662e-10
-2.4348020552872756e-05,1.8674022303473479e-10
-2.4348020552872756e-05,1.8674022303473479e-10
-2.4348020552872756e-05,1.8674022303473479e-10
-2.4348020552872736e-05,1.8674279108722364e-10
-2.4348020552872702e-05,1.8674025274970234e-10
-2.4348020552872756e-05,1.8674022303473479e-10
-2.4348020552872756e-05,1.8674022303475536e-10
-2.4348020552872756e-05,1.8674022303473479e-10
-2.4348020552872756e-05,1.8674022303473479e-10
-2.4348020552872756e-05,1.867402230347366e-10
-3.2186439839881614e+26,2.4685797111685144e+21
-2.4348019529423527e-05,1.8674021518724724e-10
-2.4348020552872756e-05,1.8674022305358657e-10
-2.4348020552872756e-05,1.8674022303473479e-10
-2.4348020552872756e-05,1.8674022303473479e-10
-2.4348020552872756e-05,1.8674022303473479e-10
-2.4348020552872756e-05,1.8674022303775322e-10
-2.4348020552872753e-05,1.8674024884266068e-10
-2.4348020552872756e-05,1.8674022303473479e-10
-2.4348020552872756e-05,1.8674022303477904e-10
-2.4348020552872756e-05,1.8674022303473479e-10
-2.4348020552872756e-05,1.8674022303473479e-10
-2.4348020552872756e-05,1.8674022303473479e-10
4.262231727945708e-06,3.730331897812621
-2.4348019508106486e-05,1.8674021502338928e-10
-2.4348020552872756e-05,1.867402230347348e-10
-2.4348020552872756e-05,1.8674022303473479e-10
-2.4348020552872756e-05,1.8674022303473479e-10
-2.4348020552872722e-05,1.8674022303473453e-10
7.080047091643672e+27,9.231280187053346e+32
-2.4348020552872756e-05,1.8674022303703812e-10
-2.4348020552872756e-05,1.8674022303473479e-10
-2.4348020552872756e-05,1.8674022303473486e-10
-2.4348020552872756e-05,1.8674022303473479e-10
-2.4348020552872756e-05,1.8674022303473479e-10
-2.4348020552872756e-05,1.8674022303473479e-10
89128.9609391507,3.048035188636212
-2.4348019515211263e-05,1.8674021507752292e-10
-2.4348020552872756e-05,1.867402230347362e-10
-2.4348020552872756e-05,1.8674022303473479e-10
-2.4348020552872756e-05,1.8674022303473479e-10
-2.4348020552872756e-05,1.8674022303473479e-10
1.2228471859439314e+18,1.594402530559649e+23
-2.4348020552872756e-05,1.867402459153132e-10
-2.4348020552872756e-05,1.867402230347359e-10
-2.4348020552872732e-05,1.867402230347346e-10
-2.4348020552872756e-05,1.8674022303473479e-10
-2.4348020552872756e-05,1.8674022303473479e-10
-2.4348020552872756e-05,1.8674022303473479e-10
-3.2186439839881614e+26,2.4685797111685144e+21
-2.4348019543633298e-05,1.867402152953108e-10
-2.4348020552872756e-05,1.8674022303473479e-10
-2.4348020552872756e-05,1.8674022303473479e-10
-2.4348020552872756e-05,1.8674022303473479e-10
-2.4348020552872756e-05,1.8674022303473479e-10
-2.434802054907556e-05,6.818351325341111e-10
-2.4348020552872756e-05,1.8674024634899406e-10
-2.4348020552872756e-05,1.8674022303473479e-10
-2.4348020552872756e-05,1.8674022303473479e-10
-2.4348020552872756e-05,1.8674022303473479e-10
-2.4348020552872756e-05,1.8674022303473492e-10
-2.4348020552872756e-05,1.8674022303473479e-10
4.2920412626590566e-06,3.7342185974890203
-2.4348020552872756e-05,1.8674022303473515e-10
-2.4348020552872756e-05,1.8674022303473479e-10
-2.4348020552872756e-05,1.8674022303473479e-10
-2.4348020552872756e-05,1.8674022303473479e-10
74177.23051095993,9671557119.715544
3.464499853322262e+25,4.517168854281589e+30
-2.4348020552872756e-05,1.8674022303473479e-10
-2.4348020552872756e-05,1.8674022303473592e-10
-2.4348020552872756e-05,1.8674022303473479e-10
-2.4348020552872756e-05,1.8674022303473479e-10
1.0719018598689162e+22,-8.221086882549526e+16
-2.4348020552872756e-05,1.867402230347366e-10
1.9023205581367715e+17,-1459008811569.2786
-2.4348020552872756e-05,1.8674022303473515e-10
-2.4348020552872746e-05,1.867402230477075e-10
-2.4348020552872756e-05,1.8674022303473479e-10
-2.4348020552872756e-05,1.8674022303473479e-10
-2.434802055287272e-05,1.867402230347345e-10
-2.4348020295030506e-05,3.380535922179934e-08
-2.4348020552872756e-05,1.8674022303473525e-10
-2.4348020552872756e-05,1.8674022303473479e-10
-2.4348020552872756e-05,1.8674022303473479e-10
-2.4348020552872756e-05,1.8674022303473479e-10
-2.4348020552872756e-05,1.8674022303473479e-10
-2.4348020552872756e-05,1.8674022303473479e-10
4.31181554244205e-06,3.736796856003349
-2.4348020552872756e-05,1.867402230353404e-10
-2.4348020552872756e-05,1.8674022303473479e-10
-2.4348020552872756e-05,1.8674022303473479e-10
-2.4348020552872756e-05,1.8674022303473479e-10
-2.4348020552872753e-05,1.8674071576497043e-10
-2.4348020552872756e-05,1.8674022303474218e-10
-2.4348020552872732e-05,1.867402393016814e-10
-2.4348020552872756e-05,1.867402230347351e-10
-2.434802055287273e-05,1.8674022303473458e-10
-2.4348020552872756e-05,1.8674022303473479e-10
-2.4348020552872756e-05,1.8674022303473479e-10
9.961827267461723e+21,-7.640349414522803e+16
-4.572697688955149e-05,3.7381052975492755
-2.4348020552872756e-05,1.867402230352246e-10
-2.4348020552872756e-05,1.86740223034735e-10
-2.4348020552872756e-05,1.8674022303473479e-10
-2.4348020552872756e-05,1.8674022303473479e-10
-2.434802055287272e-05,1.867402230347345e-10
-2.4348020552872756e-05,1.8674025282660739e-10
-2.4348020552872736e-05,1.867402402774667e-10
-2.4348020552872756e-05,1.867402230347349e-10
-2.4348020552872756e-05,1.8674022303473479e-10
-2.4348020552872756e-05,1.8674022303473479e-10
-2.4348020552872756e-05,1.8674022303473479e-10
-2.4348020552872756e-05,1.8674022303476332e-10
1.9023205581367715e+17,-1459008811569.2747
-2.4348020552872756e-05,1.8674022303512196e-10
-2.4348020552872756e-05,1.8674022303473502e-10
-2.4348020552872756e-05,1.8674022303473479e-10
-2.4348020552872756e-05,1.8674022303473479e-10
-2.4348020552872756e-05,1.8674022303473479e-10
-2.4348020552872756e-05,1.867402230347348e-10
-2.4348020552872743e-05,1.8674023886800724e-10
-2.4348020552872756e-05,1.8674022303473556e-10
-2.4348020552872753e-05,1.8674022303473538e-10
-2.4348020552872756e-05,1.8674022303473479e-10
-2.4348020552872756e-05,1.8674022303473479e-10
7.708075537004235e+16,1.0050131597152794e+22
4.341625104463551e-06,3.740683555679748
-2.434802019753414e-05,1.8674022030975788e-10
-2.4348020552872715e-05,1.867402230347345e-10
-2.4348020552872756e-05,1.8674022303473479e-10
-2.4348020552872756e-05,1.8674022303473479e-10
-2.4348020552872756e-05,1.8674022303473479e-10
-2.4348020552872756e-05,1.867402230347365e-10
-2.434802055287275e-05,1.86740237892227e-10
-2.4348020552872756e-05,1.8674022303473479e-10
-2.4348020552872756e-05,1.8674022303473479e-10
-2.4348020552872756e-05,1.8674022303473479e-10
-2.4348020552872756e-05,1.8674022303473479e-10
-2.4348020552872756e-05,1.8674022303473479e-10
-107374183.9968376,827.2618762601707
-2.434802018154693e-05,1.8674022018709729e-10
-2.4348020552872736e-05,1.867402230594097e-10
-2.4348020552872756e-05,1.8674022303473479e-10
-2.4348020552872756e-05,1.8674022303473479e-10
-2.4348020552872756e-05,1.8674022303473479e-10
-2.4348020552872756e-05,1.8674022303473479e-10
-2.434802055287275e-05,1.8674023062611367e-10
-2.4348020552872756e-05,1.8674022303473479e-10
-2.4348020552872756e-05,1.8674022303473479e-10
-2.4348020552872756e-05,1.8674022303473479e-10
-2.4348020552872756e-05,1.8674022303473479e-10
553057.1249593857,-4.241741567516437
4.361547472035538e-06,3.7432811260989833
-2.434802035743988e-05,1.8674022153583763e-10
-2.4348020552872756e-05,1.867402230698971e-10
-2.4348020552872756e-05,1.8674022303473479e-10
-2.4348020552872756e-05,1.8674022303473479e-10
-2.4348020552872756e-05,1.8674022303473479e-10
1.166239211620634e+22,-8.944619133081634e+16
-2.434802055287275e-05,1.8674023366188637e-10
-2.4348020552872756e-05,1.8674022303473479e-10
-2.4348020552872732e-05,1.867402230347346e-10
-2.4348020552872756e-05,1.8674022303473479e-10
-2.4348020552872756e-05,1.8674022303473479e-10
-2.4348020552872756e-05,1.867402230351883e-10
4.371584582878808e-06,3.7445898056796336
-2.4348020389414303e-05,1.867402217812664e-10
-2.434802055287274e-05,1.8674022303473466e-10
-2.4348020552872756e-05,1.8674022303473479e-10
-2.4348020552872756e-05,1.8674022303473479e-10
-2.4348020552872756e-05,1.8674023100470602e-10
-2.4348020221815956e-05,4.3351397847758834e-08
-2.4348020552872756e-05,1.8674022303473479e-10
-2.4348020552872756e-05,1.8674022303473479e-10
-2.4348020552872756e-05,1.8674022303473479e-10
-2.4348020552872756e-05,1.8674022303473479e-10
-2.4348020552872756e-05,1.8674022303473479e-10
9.986331353033524e+21,-7.65914313286637e+16
-2.3021535758887492e+20,1765665801407231.8
-2.4348020552872756e-05,1.8674022303473479e-10
-2.4348020552872743e-05,1.8674022303473468e-10
-2.4348020552872756e-05,1.8674022303473479e-10
-2.4348020552872756e-05,1.8674022303473479e-10
0.07115958241044212,9281.27734347721
-2.4348020552872756e-05,1.867402230348498e-10
-2.4348020552872756e-05,1.8674022861935867e-10
-2.4348020552872756e-05,1.8674022303751468e-10
-2.4348020552872756e-05,1.8674022303473479e-10
-2.4348020552872756e-05,1.8674022303473479e-10
-2.4348020552872756e-05,1.8674022303473479e-10
-2.4348020552872756e-05,1.8674022303473479e-10
4.3913570067722e-06,3.747167825775383
-2.434802048002526e-05,1.867402224760217e-10
-2.4348020552872753e-05,1.867402230347348e-10
-2.4348020552872756e-05,1.8674022303473479e-10
-2.4348020552872756e-05,1.8674022303473479e-10
-2.4348020552872756e-05,1.8674022303473479e-10
1120374.6843937503,146079432699.70358
-2.434802055287275e-05,1.8674022853804345e-10
-2.4348020552872756e-05,1.8674022303473479e-10
-2.4348020552872756e-05,1.8674022303473479e-10
-2.4348020552872756e-05,1.8674022303473479e-10
-2.4348020552872756e-05,1.8674022303473479e-10
-2.4348020552872756e-05,1.8674022303473479e-10
126443839484.28108,-969773.2703930199
-2.4348020552872756e-05,1.8674022303473479e-10
-2.4348020552872746e-05,1.8674022303473735e-10
-2.4348020552872756e-05,1.8674022303473479e-10
-2.4348020552872756e-05,1.8674022303473479e-10
-2.4348020552872756e-05,1.8674022303473479e-10
0.0014715304921590021,195.03929137628626
-2.4348020552872756e-05,1.867402277791024e-10
-2.4348020552872756e-05,1.8674022303473479e-10
-2.4348020552872756e-05,1.8674022303473479e-10
-2.4348020552872756e-05,1.8674022303473479e-10
-2.4348020552872756e-05,1.8674022303473479e-10
-2.4348020552872756e-05,1.8674022304199022e-10
-4.9326819535660064e+32,3.7831828101510535e+27
-2.4348020552872756e-05,1.867402230348531e-10
-2.4348020552872753e-05,1.867402230347412e-10
-2.4348020552872756e-05,1.8674022303473479e-10
-2.4348020552872756e-05,1.8674022303473479e-10
-2.4348020552872756e-05,1.8674022303473479e-10
-2.4348020552872756e-05,1.867402230347349e-10
-2.4348020552872756e-05,1.867402230348473e-10
-2.4348020552872756e-05,1.8674022303473479e-10
-2.4348020552872756e-05,1.8674022303473479e-10
-2.4348020552872756e-05,1.8674022303473479e-10
-2.4348020552872756e-05,1.8674022303473479e-10
-2.4348020552872756e-05,1.8674022303473479e-10
-151996493459081.53,1165756334.0201583
-2.4348020552872756e-05,1.867402230348349e-10
-2.4348020552872753e-05,1.8674022303473476e-10
-2.4348020552872756e-05,1.8674022303473479e-10
-2.4348020552872756e-05,1.8674022303473479e-10
-2.4348020552872756e-05,1.8674022303473662e-10
-2.4348020552872756e-05,1.8674022303473479e-10
-2.434802055287275e-05,1.8674022664068675e-10
-2.4348020552872756e-05,1.8674022303473479e-10
-2.4348020552872756e-05,1.8674022303473479e-10
-2.4348020552872756e-05,1.8674022303473479e-10
-2.4348020552872756e-05,1.8674022303473479e-10
-2.4348020552872756e-05,1.8674022303656192e-10
4.422141202704551e-06,3.7511816025544396
-2.4348020552872756e-05,1.8674022303483077e-10
-2.4348020552872753e-05,1.867402230347505e-10
-2.4348020552872756e-05,1.8674022303473479e-10
-2.4348020552872756e-05,1.8674022303473479e-10
-2.4348020552872756e-05,1.8674022303473479e-10
-2.4348020552872756e-05,1.8674022303654817e-10
-2.434802055287275e-05,1.867402262471742e-10
-2.4348020552872756e-05,1.8674022303699852e-10
-2.4348020552872756e-05,1.8674022303473479e-10
-2.4348020552872756e-05,1.8674022303473479e-10
-2.4348020552872756e-05,1.8674022303473479e-10
1.0184057391067783e+22,-7.810791618467534e+16
4.427083831068908e-06,3.751826047973732
-2.4348020460041367e-05,1.867402223227527e-10
-2.4348020552872756e-05,1.867402230347567e-10
-2.4348020552872756e-05,1.8674022303473479e-10
-2.4348020552872756e-05,1.8674022303473479e-10
-2.4348020552872756e-05,1.8674022303473479e-10
-2.4348020552872756e-05,1.8674022350247358e-10
-2.434802055287275e-05,1.8674022613875376e-10
-2.4348020552872756e-05,1.867402230360321e-10
-2.4348020552872756e-05,1.8674022303473479e-10
-2.4348020552872756e-05,1.8674022303473479e-10
-2.4348020552872756e-05,1.8674022303473479e-10
-2.4348020552872756e-05,1.8674022303473479e-10
-2.3021535758887492e+20,1765665801407231.8
-2.4348020552872756e-05,1.8674022303473479e-10
-2.4348020552872756e-05,1.8674022303497806e-10
-2.4348020552872756e-05,1.8674022303473479e-10
-2.4348020552872756e-05,1.8674022303473479e-10
-2.4348020552872756e-05,1.8674022303473479e-10
-2.4348020552872743e-05,1.8674212478124945e-10
-2.434802055287275e-05,1.8674022597612365e-10
-2.4348020552872756e-05,1.8674022303473479e-10
-2.4348020552872756e-05,1.8674022303473479e-10
-2.4348020552872756e-05,1.8674022303473479e-10
-2.4348020552872756e-05,1.8674022303473479e-10
1.0626498899746996e+22,-8.150127729307282e+16
4.4787691934190456e-06,3.753124952392319
-2.4348020442721888e-05,1.867402221899829e-10
-2.4348020552872756e-05,1.867402230376074e-10
-2.4348020552872756e-05,1.8674022303473479e-10
-2.4348020552872756e-05,1.8674022303473479e-10
-2.4348020552872756e-05,1.8674022303473479e-10
-2.434802055287274e-05,1.8674215313271274e-10
-2.434802055287275e-05,1.8674022303480174e-10
-2.4348020552872756e-05,1.8674022303473479e-10
-2.4348020552872756e-05,1.8674022303473479e-10
-2.4348020552872756e-05,1.8674022303473479e-10
-2.4348020552872756e-05,1.8674022303473479e-10
-2.4348020552872756e-05,1.867402230352015e-10
4.442063570276534e-06,3.7537791729736747
-2.4348020552872756e-05,1.8674022303478752e-10
-2.4348020552872756e-05,1.8674022303473479e-10
-2.4348020552872756e-05,1.8674022303473479e-10
-2.4348020552872756e-05,1.8674022303473479e-10
-2.4348020552872756e-05,1.8674022303473479e-10
-2.4348020552872756e-05,1.867402230351982e-10
-2.434802055287275e-05,1.8674022501389194e-10
-2.4348020552872756e-05,1.8674022303473479e-10
-2.4348020552872756e-05,1.8674022303473479e-10
-2.4348020552872756e-05,1.8674022303473479e-10
-2.4348020552872756e-05,1.8674022303473479e-10
2400.129614253263,-0.01840809763178241
-2.3021535758887492e+20,1765665801407231.8
-2.4348020506012972e-05,1.867402226753876e-10
-2.4348020552872756e-05,1.8674022303593285e-10
-2.4348020552872756e-05,1.8674022303473479e-10
-2.4348020552872756e-05,1.8674022303473479e-10
-2.4348020552872756e-05,1.8674022303473479e-10
-2.4348020552555288e-05,2.2813293520803237e-10
-2.434802055287275e-05,1.8674022529849501e-10
-2.4348020552872756e-05,1.8674022303473479e-10
-2.4348020552872756e-05,1.8674022303473479e-10
-2.4348020552872756e-05,1.8674022303473479e-10
-2.4348020552872756e-05,1.8674022303473479e-10
-2.4348020552872756e-05,1.8674022303473479e-10
89128.96093933046,3.071472688635523
-2.4348020504458667e-05,1.867402226634168e-10
-2.4348020552872756e-05,1.8674022303496978e-10
-2.4348020552872756e-05,1.8674022303473479e-10
-2.4348020552872756e-05,1.8674022303473479e-10
-2.4348020552872756e-05,1.8674022303473479e-10
10294294.99967288,-78.95339746609072
-2.4348020552872753e-05,1.8674022529849442e-10
-2.4348020552872756e-05,1.8674022303473479e-10
-2.4348020552872756e-05,1.8674022303473479e-10
-2.4348020552872756e-05,1.8674022303473479e-10
-2.4348020552872756e-05,1.8674022303473479e-10
9984.76657692081,-0.07657943008036291
4.45689336580557e-06,3.7557127476501315
-2.4348020552872756e-05,1.8674022303473479e-10
-2.4348020552872756e-05,1.867402230348225e-10
-2.4348020552872756e-05,1.8674022303473479e-10
-2.4348020552872756e-05,1.8674022303474192e-10
-2.4348020552872756e-05,1.8674022303473479e-10
-2.4348020552872756e-05,1.8674022303473479e-10
-2.4348020552872756e-05,1.8674022303477945e-10
-2.4348020552872756e-05,1.8674022303473479e-10
-2.4348020552872756e-05,1.8674022303473479e-10
-2.4348020552872756e-05,1.8674022303473479e-10
-2.4348020552872756e-05,1.8674022303473479e-10
-2.4348020552872756e-05,1.8674022303473479e-10
-3.2186439839881614e+26,2.4685797111685144e+21
-2.4348020497131195e-05,1.8674022260725837e-10
-2.4348020552872756e-05,1.8674022303478817e-10
-2.4348020552872756e-05,1.8674022303473479e-10
-2.4348020552872756e-05,1.867402815816521e-10
-2.4348020552872756e-05,1.8674022303473479e-10
-2.4348020552872756e-05,1.8674022303473479e-10
-2.4348020552872753e-05,1.8674022524428534e-10
-2.4348020552872756e-05,1.8674022303473479e-10
-2.4348020552872756e-05,1.8674022303473479e-10
-2.4348020552872756e-05,1.8674022303473479e-10
-2.4348020552872756e-05,1.8674022303473479e-10
-2.4348020552872756e-05,1.8674022303473479e-10
89128.96093934543,3.0734258136354655
-2.4348020497353253e-05,1.867402499351005e-10
-2.4348020552872756e-05,1.867402230347348e-10
-2.4348020552872756e-05,1.8674022303473479e-10
-2.4348020552872756e-05,1.8674022497274617e-10
-2.4348020552872756e-05,1.8674022303473479e-10
-2.4348020552872756e-05,1.8674022303473479e-10
-2.4348020552872753e-05,1.867402251765225e-10
-2.4348020552852153e-05,1.8674024201282145e-10
-2.4348020552872756e-05,1.8674022303473502e-10
-2.4348020552872756e-05,1.8674022303473479e-10
-2.4348020552872756e-05,1.8674022303473479e-10
-2.4348020552872756e-05,1.867402230347348e-10
4.471873105013196e-06,3.7576658726500742
-2.434802055284554e-05,1.8674024819229626e-10
-2.434802055285107e-05,1.8674022303456845e-10
-2.4348020552872756e-05,1.8674022303473479e-10
-2.4348020552872756e-05,1.8674022303473479e-10
-2.4348020552872756e-05,1.8674022307031524e-10
2.7496680955150074e+21,9.962380388072994e+21
-2.4348020552872753e-05,1.8674022502744553e-10
-2.4348020552872756e-05,1.8674022303473479e-10
-2.4348020552872756e-05,1.8674022303473479e-10
-2.4348020552872756e-05,1.8674022303473479e-10
-2.4348020552872756e-05,1.8674022303473479e-10
0.0006852315384693072,-5.255469948627723e-09
4.4767426174045435e-06,3.7583007813262026
-2.4348020552872756e-05,1.8674022303473479e-10
-2.4348020552872756e-05,1.8674022303473479e-10
-2.4348020552872756e-05,1.8674022303473479e-10
-2.4348020552872756e-05,1.8674022303483824e-10
-2.4348020552872756e-05,1.8674022303473479e-10
-2.4348020552872756e-05,1.8674022303473479e-10
-2.4348020552872753e-05,1.8674022481060592e-10
-2.4348020552872756e-05,1.8674022303473479e-10
-2.4348020552872756e-05,1.8674022303473479e-10
-2.4348020552872756e-05,1.8674022303473479e-10
-2.4348020552872756e-05,1.8674022303473479e-10
-2.4348020552872756e-05,1.8674022303473479e-10
126443839484.28108,-969773.259894973
-2.4348020520001776e-05,1.8674022278265354e-10
-2.4348020552872756e-05,1.8674022303473479e-10
-2.4348020552872756e-05,1.8674022303473479e-10
-2.4348020552872756e-05,1.8674022303519173e-10
-2.4348020552872756e-05,1.8674022303473479e-10
-2.4348020552872756e-05,1.8674022303473479e-10
-2.4348020552872756e-05,1.8674022303473479e-10
-2.4348020552872756e-05,1.867402230347658e-10
-2.4348020544210133e-05,1.8674022296829572e-10
-2.434802055287273e-05,1.867436230927476e-10
-2.4348020552872756e-05,1.8674022303484744e-10
-2.4348020552872756e-05,1.8674022303473479e-10
4.486669140099874e-06,3.759599447326531
-2.4348020523332445e-05,1.8674022280817165e-10
-2.4348020552872756e-05,1.8674022303473479e-10
-2.4348020552872736e-05,1.8674286067818004e-10
-2.4348020552872756e-05,1.8674022303473479e-10
-2.4348020552872756e-05,1.8674022303473479e-10
-2.4348020552872753e-05,1.8674022303474195e-10
-2.4348020552872753e-05,1.8674022411918168e-10
-2.4348020552872756e-05,1.8674022303473479e-10
-2.4348020552872756e-05,1.8674022303473479e-10
-2.4348020552872756e-05,1.8674022303473479e-10
-2.4348020552872756e-05,1.8674022303473479e-10
-2.4348020552872756e-05,1.8674022303519142e-10
4.4917223566121735e-06,3.7602539063261453
-2.43480205151168e-05,1.8674022274516072e-10
-2.4348020552872756e-05,1.8674022303473479e-10
-2.4348020552872756e-05,1.8674022303473479e-10
-2.4348020552835226e-05,1.8674022309547655e-10
-2.4348020552872756e-05,1.8674022303473479e-10
-2.4348020552872756e-05,1.8674022303473479e-10
-2.4348020552872753e-05,1.8674022303476477e-10
-2.4348020552872756e-05,1.8674022303473479e-10
-2.4348020552872756e-05,1.8674022303473479e-10
-2.4348020552872756e-05,1.8674022303473479e-10
-2.4348020552872756e-05,1.8674022303473479e-10
-2.4348020552872756e-05,1.867402230351948e-10
1.9023205581367715e+17,-1459008811569.2532
-2.4348020527444468e-05,1.8674022283973807e-10
-2.4348020552872756e-05,1.8674022303473479e-10
-2.4348020552872756e-05,1.8674022303473479e-10
-2.4348020552872756e-05,1.8674022303473525e-10
-2.4348020552872756e-05,1.8674022303473479e-10
-2.4348020552872756e-05,1.8674022303473479e-10
-2.4348020552872753e-05,1.867402239766354e-10
-2.4348020552872756e-05,1.8674022303473479e-10
-2.4348020552872756e-05,1.8674022303473479e-10
-2.4348020552872756e-05,1.8674022303473479e-10
-2.4348020552872756e-05,1.8674022303473479e-10
-2.4348020552872756e-05,1.8674022303473479e-10
-4.554722001905997e-05,3.7615427975485862
-2.4348020532218427e-05,1.867402228763511e-10
-2.4348020552872756e-05,1.8674022303473479e-10
-2.4348020552872756e-05,1.8674022303473479e-10
-2.4348020552872756e-05,1.8674022303473497e-10
-2.4348020552872756e-05,1.8674022303473479e-10
-2.4348020552872756e-05,1.8674022303473479e-10
-2.4348020552872756e-05,1.8674022395655065e-10
-2.4348020552872756e-05,1.8674022303473479e-10
-2.4348020552872756e-05,1.8674022303473479e-10
-2.4348020552872756e-05,1.8674022303473479e-10
-2.4348020552872756e-05,1.8674022303473479e-10
-2.4348020552872756e-05,1.8674022303473479e-10
4.506552152141209e-06,3.762187481002602
-2.4348020524890965e-05,1.867402228201249e-10
-2.4348020552872756e-05,1.8674022303473479e-10
-2.4348020552872756e-05,1.8674022303473479e-10
-2.4348020552872756e-05,1.8674022303473479e-10
-2.4348020552872756e-05,1.8674022303473479e-10
-2.4348020552872756e-05,1.8674022303476332e-10
-2.4348020552872756e-05,1.8674022303476519e-10
-2.4348020552872756e-05,1.8674022303473479e-10
-2.4348020552872756e-05,1.8674022303477304e-10
-2.4348020552872756e-05,1.867402230347348e-10
-2.4348020552872756e-05,1.8674022303473479e-10
-2.4348020552872756e-05,1.8674022303473479e-10
2.7200830219953198e+23,-2.086202075841726e+18
-2.4348020552872756e-05,1.867402230347656e-10
-2.4348020552872756e-05,1.8674022303473479e-10
-2.4348020552872756e-05,1.8674022303473479e-10
-2.4348020552872756e-05,1.8674022303473479e-10
-2.4348020552872756e-05,1.8674022303473479e-10
0.06639857938795146,8660.516601307967
-2.4348020552872756e-05,1.8674022375314058e-10
-2.4348020552872756e-05,1.8674022303473479e-10
-2.4348020552872756e-05,1.8674022303473479e-10
-2.4348020552872756e-05,1.8674022303473479e-10
-2.4348020552872756e-05,1.8674022303473479e-10
-2.4348020552872756e-05,1.8674022303473479e-10
-4.553224027985234e-05,3.7634959225485285
-2.4348020528887778e-05,1.8674022285077897e-10
-2.4348020552872756e-05,1.8674022303475898e-10
-2.4348020552872756e-05,1.8674022303473479e-10
-2.4348020552872756e-05,1.8674022303473479e-10
-2.4348020552872756e-05,1.8674022303473479e-10
-2.4348020552872756e-05,1.8674022303473479e-10
-2.4348020552872756e-05,1.867402234549239e-10
-2.4348020552872756e-05,1.8674022303473479e-10
-2.4348020552872756e-05,1.8674022303473479e-10
-2.4348020552872756e-05,1.8674022303473479e-10
-2.4348020552872756e-05,1.8674022303473479e-10
8.875722378708144,-6.807347533632616e-05
4.521531891348836e-06,3.764140606002545
-2.4348020533328674e-05,1.8674022288487124e-10
-2.4348020552872756e-05,1.8674022303473479e-10
-2.4348020552872756e-05,1.8674022303473479e-10
-2.4348020552872756e-05,1.8674022303473479e-10
-2.4348020552872756e-05,1.8674022303473479e-10
-2.4348020552872756e-05,1.8674022304452925e-10
-2.4348020552872756e-05,1.8674022345153585e-10
-2.4348020552872756e-05,1.8674022303473479e-10
-2.4348020552872756e-05,1.8674022303473479e-10
-2.4348020552872756e-05,1.8674022303473479e-10
-2.4348020552872756e-05,1.8674022303473479e-10
71038.83015650827,9262358527.72758
5.848603149590348e+35,-4.4856601555122813e+30
-2.4348020552845322e-05,1.8674022303455808e-10
-2.4348020552872756e-05,1.8674022303473479e-10
-2.4348020552872756e-05,1.8674022303473479e-10
-2.4348020552872756e-05,1.8674022303473479e-10
-2.4348020552872756e-05,1.8674022303473479e-10
-2.4348020552872756e-05,1.8674022304230783e-10
-2.4348020552872756e-05,1.8674022345153623e-10
-2.4348020552872756e-05,1.8674022303475588e-10
-2.4348020552872756e-05,1.8674022303473479e-10
-2.4348020552872756e-05,1.8674022303473479e-10
-2.4348020552872756e-05,1.8674022303473479e-10
-2.4348020552872756e-05,1.8674022303473479e-10
-107374183.99683742,827.28531376017
-2.4348020552872756e-05,1.8674022303473479e-10
-2.4348020552872756e-05,1.8674022303473479e-10
-2.4348020552872756e-05,1.8674022303473479e-10
-2.4348020552872756e-05,1.8674022303473479e-10
-2.4348020552872756e-05,1.8674022303473479e-10
-2.4348020552872756e-05,1.8674022303473479e-10
-2.4348020552872756e-05,1.8674022344475969e-10
-2.4348020552872756e-05,1.8674022303473479e-10
-2.4348020552872756e-05,1.8674022303473479e-10
-2.4348020552872756e-05,1.8674022303473479e-10
-2.4348020552872756e-05,1.8674022303473479e-10
-2.4348020552872756e-05,1.8674022303473479e-10
4.536436658717189e-06,3.7660839558407444
-2.4348020552872756e-05,1.8674022303475143e-10
-2.4348020552872756e-05,1.8674022303473479e-10
-2.4348020552872756e-05,1.8674022303473479e-10
-2.4348020552872756e-05,1.8674022303473479e-10
8.263086059129018e+16,1.0773778992456656e+22
1.1513964731491643e+22,-8.830780873146312e+16
-2.4348020552872756e-05,1.8674022303473479e-10
-2.4348020552872756e-05,1.8674022303473479e-10
-2.4348020552872756e-05,1.8674022303473479e-10
-2.4348020552872756e-05,1.8674022303473479e-10
-2.4348020552872265e-05,1.86740223034731e-10
-2.4348020552872756e-05,1.8674022303473479e-10
5.848603149590348e+35,-4.4856601555122813e+30
-2.4348020552872756e-05,1.8674022303473479e-10
-2.4348020552872756e-05,1.8674022303473479e-10
-2.4348020552872756e-05,1.8674022303473479e-10
-2.4348020552872756e-05,1.867402230347348e-10
-2.4348020552872756e-05,1.8674022303473479e-10
-2.4348020552872756e-05,1.867402230347366e-10
-2.4348020552872756e-05,1.8674022303475164e-10
-2.4348020552872756e-05,1.8674022303473479e-10
-2.4348020552872756e-05,1.8674022303473479e-10
-2.4348020552872756e-05,1.8674022303473479e-10
-2.4348020552872756e-05,1.8674022303473479e-10
37855764478.88658,-290339.57346087415
-107374183.9968374,827.2872668851699
-2.4348020539270444e-05,1.8674022293043527e-10
-2.4348020552872756e-05,1.8674022303473479e-10
-2.4348020552872756e-05,1.8674022303473479e-10
-2.4348020552872756e-05,1.8674022303473479e-10
-2.4348020552872756e-05,1.8674022303473479e-10
1.1441328424903734e+22,-8.775071539144435e+16
-2.4348020552872756e-05,1.8674022331092822e-10
-2.4348020552872756e-05,1.8674022303473479e-10
-2.4348020552872756e-05,1.867402230347348e-10
-2.4348020552872756e-05,1.8674022303473657e-10
-2.4348020552872756e-05,1.8674022303473479e-10
-2.4348020552872756e-05,1.8674022303473479e-10
4.551341453370337e-06,3.768027305678944
-2.434802054621038e-05,1.8674022298363687e-10
-2.4348020552872756e-05,1.8674022303473479e-10
-2.4348020552872756e-05,1.8674022303473479e-10
-2.4348020552872756e-05,1.8674022303473479e-10
-2.4348020552872756e-05,1.8674022303473479e-10
-2.4348020514894408e-05,1.8674022274528214e-10
-2.4348020552872756e-05,1.8674022338546707e-10
-2.4348020552872756e-05,1.8674022303473479e-10
-2.4348020552829378e-05,1.867402230344021e-10
-2.4348020552872756e-05,1.867402230347349e-10
-2.4348020552872756e-05,1.8674022303473479e-10
-2.4348020552872756e-05,1.8674022303473479e-10
4.5562840817346936e-06,3.768671751098237
-2.4348020552872756e-05,1.8674022303476002e-10
-2.4348020552872756e-05,1.8674022303473479e-10
-2.4348020552872756e-05,1.8674022303473479e-10
-2.4348020552872756e-05,1.8674022303473479e-10
-2.4348020552872756e-05,1.8674022303473479e-10
-2.4348020552872756e-05,1.8674025317814922e-10
-2.4348020552872756e-05,1.8674022303475495e-10
-2.4348020552872756e-05,1.8674022303473479e-10
-2.4348020552833064e-05,1.8674022303448123e-10
-2.4348020552872756e-05,1.8674022303473479e-10
-2.4348020552872756e-05,1.8674022303473479e-10
-2.4348020552872756e-05,1.8674022303473479e-10
-2.3021535758887492e+20,1765665801407231.8
-2.4348020547736938e-05,1.86740222995345e-10
-2.4348020552872756e-05,1.867402230347838e-10
-2.4348020552872756e-05,1.8674022303473479e-10
-2.4348020552872756e-05,1.8674022303473479e-10
-2.4348020552872756e-05,1.8674022303473479e-10
-2.4348020552872756e-05,1.8674022303473523e-10
-2.4348020552872756e-05,1.867402230347562e-10
-2.434801083031059e-05,1.8674014846631462e-10
-2.4348020552872756e-05,1.8674022303476643e-10
-2.4348020552872756e-05,1.8674022303473479e-10
-2.4348020552872756e-05,1.8674022303473479e-10
-2.4348020552872756e-05,1.8674022303473479e-10
4.607969444084835e-06,3.7699706555168238
-2.434802055278206e-05,1.9856587373612256e-10
-2.4348020552872756e-05,1.8674022303484154e-10
-2.4348020552872756e-05,1.8674022303473479e-10
-2.4348020552872756e-05,1.8674022303473479e-10
-2.4348020552872756e-05,1.8674022303473479e-10
-2.4348020552872756e-05,1.86740223034764e-10
-2.4348020552872756e-05,1.8674022303473479e-10
-2.4348020552872756e-05,1.8674022303473479e-10
-2.4348020552872756e-05,1.8674022303476188e-10
-2.4348020552872756e-05,1.8674022303473479e-10
-2.4348020552872756e-05,1.8674022303473479e-10
-2.4348020552872756e-05,1.8674022303473479e-10
4.5712638209423235e-06,3.770624876098179
-2.4348020552872756e-05,1.8674022303473479e-10
-2.4348020552872756e-05,1.8674022303473479e-10
-2.4348020552872756e-05,1.8674022303473479e-10
-2.4348020552872756e-05,1.8674022303473479e-10
-2.4348020552872756e-05,1.8674022303473479e-10
1.1019412071525659e+22,-8.451477455753834e+16
-2.4348020552872756e-05,1.8674022327196465e-10
-2.4348020473806662e-05,1.867402224283489e-10
-2.4348020552872756e-05,1.8674022303473479e-10
-2.4348020552872756e-05,1.8674022303473479e-10
-2.4348020552872756e-05,1.8674022303473479e-10
6.277603914241979e+17,-4814687717728.8955
-3.2186439839881614e+26,2.4685797111685144e+21
-2.434802055287223e-05,1.868086300525218e-10
-2.434802049646331e-05,1.867402226020954e-10
-2.4348020552872756e-05,1.8674022303473479e-10
-2.4348020552872756e-05,1.8674022303473479e-10
-2.4348020552872756e-05,1.8674022303473479e-10
-2.4348020552872756e-05,1.8674022303473479e-10
-2.4348020552872756e-05,1.8674022303475712e-10
-2.4348020552872756e-05,1.8674022303473479e-10
-2.4348020552872756e-05,1.8674022303473479e-10
-2.4348020552872756e-05,1.8674022303473479e-10
-2.4348020552872756e-05,1.8674022303473479e-10
-2.4348020552872756e-05,1.8674022303473479e-10
89128.96093945965,3.0883183917600276
-2.4348020552872756e-05,1.8674022303473479e-10
-2.4348020552872756e-05,1.8674022303473479e-10
-2.4348020552872756e-05,1.86740223034778e-10
-2.4348020552872756e-05,1.8674022303473479e-10
-2.4348020552872756e-05,1.867402230347348e-10
-2.4348020552872756e-05,1.8674022303473654e-10
-2.4348020552872756e-05,1.867402230347654e-10
-2.4348020552872756e-05,1.8674022303475733e-10
-2.4348020552872756e-05,1.8674022303473479e-10
-2.4348020552872756e-05,1.8674022303473479e-10
-2.4348020552872756e-05,1.8674022303473479e-10
-2.4348020552872756e-05,1.8674022303473479e-10
4.586093616471359e-06,3.772558450774636
-2.434802055210935e-05,1.8674022302889443e-10
-2.4348020552872756e-05,1.8674022303473479e-10
-2.4348020552872756e-05,1.8674022303473479e-10
-2.4348020552872756e-05,1.8674022303473479e-10
8.263092967314403e+16,1.077378799965591e+22
-2.4348020552872756e-05,1.8674022303478015e-10
-2.4348020552872756e-05,1.8674022318807805e-10
-2.4348020552872756e-05,1.8674022303473479e-10
-2.4348020552872756e-05,1.8674022303473479e-10
-2.4348020552872756e-05,1.8674022303473479e-10
-2.4348020552872756e-05,1.8674022303473479e-10
-2.4348020552872756e-05,1.8674022303473479e-10
-3.2186439839881614e+26,2.4685797111685144e+21
-2.4348020552872756e-05,1.8674022303473479e-10
-2.4348020552872756e-05,1.8674022303473479e-10
-2.4348020552872756e-05,1.8674022303486801e-10
-2.4348020552872756e-05,1.8674022303473479e-10
8.036723821528125e+16,1.0478637842685424e+22
5.408402586449356e+27,7.051715757487613e+32
-2.4348020552872756e-05,1.867402231770666e-10
-2.4348020552872756e-05,1.8674022303476074e-10
-2.4348020552872756e-05,1.8674022303473536e-10
-2.4348020552872756e-05,1.8674022303473479e-10
-2.4348020552872756e-05,1.8674022303473479e-10
-2.4348020552872756e-05,1.8674022303473479e-10
89128.96093947464,3.09027151675997
-2.4348020552240185e-05,2.1084625443771505e-10
-2.4348020552872756e-05,1.8674022303473479e-10
-2.4348020552872756e-05,1.8674022303490193e-10
-2.4348020552872756e-05,1.8674022303473479e-10
-2.4348020552872756e-05,1.8674022303473479e-10
-2.4348020552872756e-05,1.8674022303474192e-10
-2.4348020552872756e-05,1.8674022317367849e-10
-2.4348020552872756e-05,1.8674022303476002e-10
-2.4348020552872756e-05,1.8674022303473479e-10
-2.4348020552872756e-05,1.8674022303473479e-10
-2.4348020552872756e-05,1.8674022303473479e-10
2165.442602608902,-0.00780896576988518
4.600998383816375e-06,3.774501800612836
-2.4348020552274988e-05,2.0970938085656199e-10
-2.4348020552872756e-05,1.8674022303473479e-10
-2.4348020552872756e-05,1.8674022303473479e-10
-2.4348020552872756e-05,1.8674022303473479e-10
-2.4348020552872756e-05,1.8674022303473479e-10
-2.4348020552872756e-05,1.8674022303473479e-10
-2.4348020552872756e-05,1.8674022315419662e-10
-2.4348020552872756e-05,1.8674022303473479e-10
-2.4348020552872756e-05,1.8674022303473479e-10
-2.4348020552872756e-05,1.8674022303473479e-10
-2.4348020552872756e-05,1.8674022303473479e-10
-2.434775353486417e-05,3.481518189975827e-05
4.605942868070333e-06,3.7751464844507074
-2.434802055267392e-05,2.12665243844641e-10
-2.4348020552872756e-05,1.8674022303473479e-10
-2.4348020552872756e-05,1.8674022303473479e-10
-2.4348020552872756e-05,1.8674022303473479e-10
-2.4348020552872756e-05,1.8674022303473479e-10
174100.1093455314,-1.3352828078552086
-2.4348020552872756e-05,1.867402231575848e-10
-2.4348020552872756e-05,1.8674022303476787e-10
-2.4348020552872756e-05,1.8674022303473479e-10
-2.4348020552872756e-05,1.8674022303473479e-10
-2.4348020552872756e-05,1.8674022303473479e-10
-2.428013008094265e-05,0.008851861767686197
126443839484.28108,-969773.2430492699
-2.434802055201547e-05,2.15734778049824e-10
-2.4348020552872756e-05,1.8674022303473479e-10
-2.4348020552872756e-05,1.8674022303473479e-10
-2.4348020552872756e-05,1.8674022303476394e-10
-2.4348020552872756e-05,1.8674022303473479e-10
-2.4348020552872756e-05,1.8674022303473479e-10
-2.4348020552872756e-05,1.8674022314189952e-10
-2.4348020552872756e-05,1.8674022303476746e-10
-2.4348020552872756e-05,1.867402230347361e-10
-2.4348020552872756e-05,1.8674022303473479e-10
-2.4348020552872756e-05,1.8674022303473479e-10
-2.4348020552872756e-05,1.8674022303473479e-10
4.615869390765663e-06,3.776445150451036
-2.434802055199867e-05,2.2290149492263666e-10
-2.4348020552872756e-05,1.8674022303473479e-10
-2.4348020552872756e-05,1.8674022303473479e-10
-2.4348020552872756e-05,1.8674022303473479e-10
79269.99207590756,10335574015.696014
-2.4348020552872756e-05,1.867404008551672e-10
-2.4348020552872756e-05,1.8674022316436094e-10
-2.4348020552872756e-05,1.8674022303473479e-10
-2.4348020552872756e-05,1.8674022303473479e-10
-2.4348020552872756e-05,1.8674022303473479e-10
-2.4348020552872756e-05,1.8674022303473479e-10
-2.4348020552872756e-05,1.8674022303473479e-10
4.620922607277959e-06,3.7770996094506497
-2.4348020552404252e-05,1.8674022303118683e-10
-2.4348020552872756e-05,1.8674022303486801e-10
-2.4348020552872756e-05,1.8674022303476126e-10
-2.4348020552872756e-05,1.8674022303473479e-10
-2.4348018250654227e-05,1.867402053775786e-10
1.254524063243316e+22,-9.621730968386987e+16
-2.4348020552872756e-05,1.8674022303477573e-10
-2.4348020552872756e-05,1.8674022303473486e-10
-2.4348020552872756e-05,1.8674022303473517e-10
-2.4348020552872756e-05,1.8674022303473479e-10
-2.4348020552872756e-05,1.8674022303473479e-10
-2.4348020552872756e-05,1.8674022303473479e-10
2.7200830219953198e+23,-2.086202075841726e+18
-2.4348020552497758e-05,2.3563438258774347e-10
-2.4348020552872756e-05,1.8674022303473479e-10
-2.4348020552872756e-05,1.8674022303474518e-10
-2.4348020552872756e-05,1.8674022303473479e-10
4.776014078388629,622721.1249816851
5.368902935987483e+27,7.000214357004757e+32
-2.4348020552872756e-05,1.8674022303473479e-10
-2.4348020552872756e-05,1.867402230347351e-10
-2.4348020552872756e-05,1.867402230347348e-10
-2.4348020552872756e-05,1.8674022303473479e-10
-2.434693597315869e-05,0.00014141251205589792
-2.4348020552872756e-05,1.8674022303473479e-10
-4.5418019768394174e-05,3.7783885006730906
-2.4348020552872756e-05,1.8674022303473479e-10
-2.4348020552872756e-05,1.8674022303473598e-10
-2.4348020552872756e-05,1.8674022303473479e-10
-2.4348020552872756e-05,1.8674022303473479e-10
-2.4348020552872756e-05,1.8674022303473479e-10
-2.4348020552872756e-05,1.8674022356350027e-10
-2.4348020552872756e-05,1.8674022303473494e-10
-2.4348020552872756e-05,1.8674022303473479e-10
-2.4348020552872756e-05,1.8674022303473484e-10
-2.4348020552872756e-05,1.8674022303473479e-10
-2.4348020552872756e-05,1.8674022303473479e-10
-2.4348020552872756e-05,1.8674022303473479e-10
4.635752402806995e-06,3.7790331841271065
-2.4348020552872756e-05,1.8674022303473492e-10
-2.4348020552872756e-05,1.8674022303482746e-10
-2.4348020552872756e-05,1.8674022303473773e-10
-2.4348020552872756e-05,1.8674022303473479e-10
-2.4348020552872756e-05,1.8674022303473479e-10
0.0011185296609133074,149.0134735065462
-2.4348020552872756e-05,1.8674022303473479e-10
-2.4348020552872756e-05,1.8674022303478607e-10
-2.4348020552872756e-05,1.8674022303473641e-10
-2.4348020552872756e-05,1.8674022303473479e-10
-2.4348020552872756e-05,1.8674022303473479e-10
-2.4348020552872756e-05,1.8674022303473479e-10
2.7200830219953198e+23,-2.086202075841726e+18
-2.4348020551848568e-05,2.854380437793429e-10
-2.4348020552872756e-05,1.8674022303488781e-10
-2.4348020552872756e-05,1.8674022303473479e-10
-2.4348020552872756e-05,1.8674022303473479e-10
-2.4348020552872756e-05,1.8674022303473479e-10
1.0479199666738922e+22,-8.037154719591598e+16
-2.4348020552872756e-05,1.8674022318211852e-10
-2.4348020552872756e-05,1.8674022303479106e-10
-2.4348020552872756e-05,1.8674022303473479e-10
-2.4348020552872756e-05,1.8674022303473479e-10
-2.4348020552872756e-05,1.8674022303473479e-10
-2.4348020552872756e-05,1.8674022303473479e-10
-4.540304002918655e-05,3.7803416256730333
-2.4348020552157633e-05,2.799810269986579e-10
-2.4348020552872756e-05,1.867402230348109e-10
-2.4348020552872756e-05,1.8674022303473479e-10
-2.4347387863692355e-05,8.249301510693741e-05
-2.4348020552872756e-05,1.8674022303473479e-10
-2.4348020552872756e-05,1.8674022303473479e-10
-2.4348020552872756e-05,1.867402231914658e-10
-2.4348020552872756e-05,1.8674022303473479e-10
-2.4348020552872756e-05,1.8674022303473479e-10
-2.4348020552872756e-05,1.867402230347355e-10
-2.4348020552872756e-05,1.8674022303473479e-10
-2.4348020552872756e-05,1.8674022303473479e-10
4.650732142014622e-06,3.7809863091270492
-2.4348020552866983e-05,1.8674022303476413e-10
-2.4348020552872756e-05,1.8674022303483862e-10
-2.4348020552872756e-05,1.8674022303473479e-10
-2.4348020552872756e-05,1.8674022303474135e-10
-2.4348020552872756e-05,1.8674022303473479e-10
-2.4348020552872756e-05,1.8674022303473479e-10
-2.4348020552872756e-05,1.8674022318299543e-10
-2.4348020552872756e-05,1.8674022303473479e-10
-2.4348020552872756e-05,1.867402230347352e-10
-2.4348020552872756e-05,1.8674022303473479e-10
-2.4348020552872756e-05,1.8674022303473479e-10
-2.4348020552872756e-05,1.8674022303473479e-10
5.848603149590348e+35,-4.4856601555122813e+30
-2.4348020552188906e-05,2.7543352573432373e-10
-2.4348020552872756e-05,1.8674022303480595e-10
-2.4348020552872756e-05,1.8674022303473479e-10
-2.4348020552872756e-05,1.8674022303473479e-10
-2.4348020552872756e-05,1.8674022303473479e-10
147375496354.39258,955204021.0195905
-2.4348020552872756e-05,1.8674022320755934e-10
-2.4347909575999235e-05,1.8673937188356757e-10
-2.4348020552872756e-05,1.8674022303473479e-10
-2.4348020552872756e-05,1.8674022303473479e-10
-2.4348020552872756e-05,1.8674022303473479e-10
1.1266435199261995e+17,1.4689679134538452e+22
-107374183.99683729,827.3021594632945
-2.434802055243149e-05,2.442745683765444e-10
-2.4348020552872756e-05,1.8674022303473479e-10
-2.4348020552872756e-05,1.8674022303473479e-10
-2.4348020552872756e-05,1.8674022303473983e-10
-2.4348020552872756e-05,1.8674022303473479e-10
589802894244925.0,-4523567892.455812
-2.4348020552872756e-05,1.867402231728309e-10
-2.4348020552872756e-05,1.8674022303473479e-10
-2.4348020552872756e-05,1.8674022303481712e-10
-2.4348020552872756e-05,1.8674022303473479e-10
-2.4348020552872756e-05,1.8674022303473479e-10
-2.4348020552872756e-05,1.8674022303473479e-10
4.665636909382975e-06,3.782929658965249
-2.4348020552866956e-05,1.8674022303479328e-10
-2.4348020552872756e-05,1.8674022303473479e-10
-2.4348020552872756e-05,1.8674022303473479e-10
-2.4348020552872756e-05,1.8674022303473479e-10
-2.4348020552872756e-05,1.8674022303473479e-10
-2.4348020552872756e-05,1.8674022303474192e-10
-2.4348020552872756e-05,1.8674022317198385e-10
-2.4348020552872756e-05,1.8674022303473479e-10
-2.4348020552872756e-05,1.8674022303473479e-10
-2.4348020552872756e-05,1.8674022303473479e-10
-2.4348020552872756e-05,1.8674022303473479e-10
6.170469562818939e+17,-4732519671928.311
5.848603149590348e+35,-4.4856601555122813e+30
-2.434802055286625e-05,1.867402230347966e-10
-2.4348020552872756e-05,1.8674022303473479e-10
-2.4348020552872756e-05,1.8674022303473479e-10
-2.4348020552872756e-05,1.8674022303473577e-10
-2.4348020552872756e-05,1.8674022303473479e-10
-2.4348020552872756e-05,1.8674022303473479e-10
-2.4348020552872756e-05,1.8674022319824192e-10
-2.4348020552872756e-05,1.8674022303484814e-10
-2.4348020552872756e-05,1.8674022303473479e-10
-2.4348020552872756e-05,1.8674022303473479e-10
-2.4348020552872756e-05,1.8674022303473479e-10
1.0697638529675578e+17,1.3948056747222376e+22
-151996493459081.53,1165756334.0538497
-2.4348020552872756e-05,1.8674022303473479e-10
-2.4348020552872756e-05,1.8674022303473479e-10
-2.4348020552872756e-05,1.8674022303473479e-10
-2.4348020552872756e-05,1.867402230347348e-10
8.149907530898091e+16,1.062621179527076e+22
-2.4348020552872756e-05,1.8674022303473479e-10
-2.4348020552872756e-05,1.8674022316263676e-10
-2.4348020552872756e-05,1.867402230348713e-10
-2.4348020552872756e-05,1.8674022303473479e-10
-2.4348020552872756e-05,1.8674022303473479e-10
-2.4348020552872756e-05,1.8674022303473479e-10
-2.4348020552872756e-05,1.8674022303473479e-10
4.722189955542994e-06,3.7848632336413854
-2.434802055248206e-05,2.376806519916047e-10
-2.4348020552872756e-05,1.8674022303473479e-10
-2.4348020552872756e-05,1.8674022303473479e-10
-2.4348020552872756e-05,1.867402230347355e-10
-2.4348020552872756e-05,1.8674022303473479e-10
-2.4348020552872756e-05,1.8674022303473479e-10
-2.4348020552872756e-05,1.8674022303488867e-10
-2.4348020552872756e-05,1.867402230348837e-10
-2.4348020552872756e-05,1.8674022303473479e-10
-2.4348020552872756e-05,1.8674022303473479e-10
-2.4348020552872756e-05,1.8674022303473479e-10
-2.4348020552872756e-05,1.8674022303473479e-10
4.685484332400483e-06,3.785517454222741
-2.4348020552624626e-05,1.867402230330154e-10
-2.4348020552872756e-05,1.8674022303473479e-10
-2.4348020552872756e-05,1.8674022303473479e-10
-2.4348020552872756e-05,1.8674022303473479e-10
-2.4348020552872756e-05,1.8674022303473479e-10
-2.4348020552872743e-05,1.8674201614525056e-10
-2.4348020552872756e-05,1.8674022315589017e-10
-2.4348020552872756e-05,1.8674022303473479e-10
-2.4348020552872756e-05,1.8674022303473479e-10
-2.4348020552872756e-05,1.8674022303473479e-10
-2.4348020552872756e-05,1.8674022303473479e-10
8.563222378717334,-6.567671706310575e-05
-2.3021535758887492e+20,1765665801407231.8
-2.4348020552624626e-05,1.867402230330468e-10
-2.4348020552872756e-05,1.8674022303473479e-10
-2.4348020552872756e-05,1.8674022303473479e-10
-2.4348020552872756e-05,1.8674022303473479e-10
-2.4348020552872756e-05,1.8674022303473479e-10
9.999309601259318e+21,-7.669096964484926e+16
-2.4348020552872756e-05,1.867402231736778e-10
-2.4348020552872756e-05,1.8674022303473479e-10
-2.4348020552872756e-05,1.8674022303473479e-10
-2.4348020552872756e-05,1.8674022303473479e-10
-2.4348020552872756e-05,1.8674022303473479e-10
-2.4348020552872756e-05,1.8674022303473479e-10
4.737169694750621e-06,3.786816358641328
-2.4348020552429077e-05,2.1721702120070556e-10
-2.4348020552872756e-05,1.8674022303473479e-10
-2.4348020552872756e-05,1.8674022303473479e-10
-2.4348020552872756e-05,1.8674022303473479e-10
-2.4348020552872756e-05,1.8674022303473479e-10
-2.4348020552872756e-05,1.8674022303473662e-10
-2.4348020552872756e-05,1.8674022315927823e-10
-2.4348020552872756e-05,1.8674022303473479e-10
-2.4348020552872756e-05,1.8674022303473479e-10
-2.4348020552872756e-05,1.8674022303473479e-10
-2.4348020552872756e-05,1.8674022303473479e-10
-2.4348020552872756e-05,1.8674022303473479e-10
4.7003141279295185e-06,3.787451028899198
-2.43480205526425e-05,2.1676227038199564e-10
-2.4348020552872756e-05,1.8674022303473479e-10
-2.4348020552872756e-05,1.8674022303473479e-10
-2.4348020552872756e-05,1.8674022303473479e-10
-2.4348020552872756e-05,1.8674022303473479e-10
-2.4348020552872756e-05,1.8674022303473525e-10
-2.4348020552872756e-05,1.8674022316012526e-10
-2.4348020552872756e-05,1.8674022303503265e-10
-2.4348020552872756e-05,1.86740223034766e-10
-2.4348020552872756e-05,1.8674022303473479e-10
-2.4348020552872756e-05,1.8674022303473479e-10
7.365594474767352e+16,9.60358956101298e+21
-3.2186439839881614e+26,2.4685797111685144e+21
-2.4348020552676536e-05,2.1232411567727062e-10
-2.4348020552872756e-05,1.8674022303473479e-10
-2.4348020552872756e-05,1.8674022303473479e-10
-2.4348020552872756e-05,1.8674022303473479e-10
-2.4348020552872756e-05,1.8674022303473479e-10
-2.4348020552872756e-05,1.8674022303485478e-10
-2.4348020552872756e-05,1.8674022314996092e-10
-2.4348020552872756e-05,1.8674022303509882e-10
-2.4348020552872756e-05,1.8674022303473479e-10
-2.4348020552872756e-05,1.8674022303473479e-10
-2.4348020552872756e-05,1.8674022303473479e-10
-2.4348020552872756e-05,1.8674022303473479e-10
89128.96093958885,3.105164094884532
-2.4348020552677153e-05,2.103914342317806e-10
-2.4348020552872756e-05,1.8674022303475743e-10
-2.4348020552872756e-05,1.8674022303473479e-10
-2.4348020552872756e-05,1.8674022303473479e-10
-2.4348020552872756e-05,1.8674022303473479e-10
0.0010574008560833561,141.0432281454525
-2.4348020552872756e-05,1.8674022313427592e-10
-2.4348020552872756e-05,1.8674022303473479e-10
-2.4348020552872756e-05,1.8674022303473479e-10
-2.4348020552872756e-05,1.8674022303473479e-10
-2.4348020552872756e-05,1.8674022303473479e-10
-2.4348020552872756e-05,1.867402230348531e-10
4.715293867137145e-06,3.7894041538991408
-2.434802055286549e-05,1.8674022303522843e-10
-2.4348020552872756e-05,1.8674022303475557e-10
-2.4348020552872756e-05,1.8674022303473479e-10
-2.4348020552872756e-05,1.8674022303473479e-10
-2.4348020552872756e-05,1.8674022303473479e-10
-2.4348020552872756e-05,1.8674022303473479e-10
-2.4348020552872756e-05,1.8674022311691174e-10
-2.4348020552872756e-05,1.8674022303473479e-10
-2.4348020552872756e-05,1.8674022303473608e-10
-2.4348020552872756e-05,1.8674022303473479e-10
-2.4348020552872756e-05,1.8674022303473479e-10
-2.4348020552872756e-05,1.867402230347348e-10
-4.9326819535660064e+32,3.7831828101510535e+27
-2.434802055286709e-05,1.8674022303533997e-10
-2.4348020552872756e-05,1.8674022303473479e-10
-2.4348020552872756e-05,1.8674022303473479e-10
-2.4348020552872756e-05,1.8674022303473479e-10
-2.4348020552872756e-05,1.8674022303473479e-10
2.552869107874579e+21,-1.9579552495766896e+16
-2.4348020552872756e-05,1.8674022312411152e-10
-2.4348020552872756e-05,1.8674022303540328e-10
-2.4348020552872756e-05,1.8674022303473479e-10
-2.4348020552872756e-05,1.8674022303473479e-10
-2.4348020552872756e-05,1.8674022303473479e-10
0.0004944967334013279,-3.792605238063863e-09
126443839484.28108,-969773.2281566918
-2.4348020552768656e-05,1.8674022303475045e-10
-2.4348020552872756e-05,1.8674022340581545e-10
-2.4348020552872756e-05,1.8674022303473479e-10
-2.4348020552872756e-05,1.8674022303473479e-10
-2.4348020552872756e-05,1.8674022303473479e-10
-2.4348020552872756e-05,1.8674022303473479e-10
-2.4348020552872756e-05,1.867402231139471e-10
-2.4348020552872756e-05,1.8674022303555217e-10
-2.434802055287229e-05,1.867402230347312e-10
-2.4348020552872756e-05,1.8674022303473479e-10
-2.4348020552872756e-05,1.8674022303473479e-10
-2.4348020552872756e-05,1.8674022303473479e-10
4.730089902223822e-06,3.7913377285755976
-2.4348020552663722e-05,1.9714474489556607e-10
-2.4348020552872756e-05,1.8674022341428565e-10
-2.4348020552872756e-05,1.8674022303473479e-10
-2.4348020552872756e-05,1.8674022303473494e-10
-2.4348020552872756e-05,1.8674022303473479e-10
-2.4348020552872756e-05,1.8674022303473479e-10
-2.4348020552872756e-05,1.8674022310717084e-10
-2.4348020552872756e-05,1.8674022303473479e-10
-2.4348020552872756e-05,1.8674022303473479e-10
-2.4348020552872756e-05,1.8674022303473479e-10
-2.4348020552872756e-05,1.8674022303473479e-10
1.091703838947889,142344.3749958136
4.735143118736119e-06,3.791992187575212
-2.4348020552651572e-05,1.9646261953231443e-10
-2.4348020552871503e-05,1.867402232067128e-10
-2.4348020552872756e-05,1.8674022303473479e-10
-2.4348020552872756e-05,1.8674022303473479e-10
-2.4348020552872756e-05,1.8674022303473479e-10
-2.4348020552872756e-05,1.8674022303474223e-10
-2.4348020552872756e-05,1.8674022309446532e-10
-2.4348020552872756e-05,1.8674022303473479e-10
-2.43480205528714e-05,1.867402230347244e-10
-2.4348020552872756e-05,1.8674022303473479e-10
-2.4348020552872756e-05,1.8674022303473479e-10
-2.4282946732087632e-05,0.008484614268171452
126443839484.28108,-969773.2262035668
-2.434802055267015e-05,1.9822476204774684e-10
-2.434802055287232e-05,1.8674022316860257e-10
-2.4348020552872756e-05,1.8674022303473479e-10
-2.4348020552872756e-05,1.8674022303473479e-10
-2.4348020552872756e-05,1.8674022303473479e-10
1.057662716337487e+22,-8.111877970346232e+16
-2.4348020552872756e-05,1.867402230368793e-10
-2.4348020552872753e-05,1.8674022303473476e-10
-2.4348020552872756e-05,1.8674022369560246e-10
-2.4348020552872756e-05,1.8674022303473479e-10
-2.4348020552872756e-05,1.8674022303473479e-10
70001.32530068836,9127084031.731558
4.745069641431449e-06,3.7932908535755403
-2.4348020552752162e-05,1.8674022303595444e-10
-2.4348020552872465e-05,1.8674022303475128e-10
-2.4348020552872756e-05,1.8674022303473479e-10
-2.4348020552872756e-05,1.8674022303473479e-10
-2.4348020552872756e-05,1.8674022303473479e-10
1.1586004311128943e+22,-8.886032539866342e+16
-2.4348020552872756e-05,1.867402230855641e-10
-2.4348020552872753e-05,1.8674022303473476e-10
-2.4348020552872756e-05,1.867402230347593e-10
-2.4348020552872756e-05,1.8674022303473479e-10
-2.4348020552872756e-05,1.8674022303473479e-10
-2.4348020552872756e-05,1.8674022303473479e-10
4.749972914265154e-06,3.7939257622516687
-2.4348020552763018e-05,1.867402230367519e-10
-2.4347970520581946e-05,1.8673983930575262e-10
-2.4348020552872756e-05,1.8674022303473502e-10
-2.4348020552872756e-05,1.8674022303473479e-10
-2.4348020552872756e-05,1.8674022303521463e-10
-2.4348020552872756e-05,1.8674022303520276e-10
-2.4348020552872756e-05,1.8674022303473479e-10
-2.4348020552872753e-05,1.867402230373823e-10
-2.4348020552872756e-05,1.8674022303474316e-10
-2.4348020552872756e-05,1.8674022303473479e-10
-2.4348020552872756e-05,1.8674022303473479e-10
-2.4348020548436015e-05,7.65222540621322e-10
2.7200830219953198e+23,-2.086202075841726e+18
-2.4348020552872756e-05,1.8674022303473479e-10
-2.4348020552867335e-05,1.8674022550189027e-10
-2.4348020552872756e-05,1.867402230347348e-10
-2.4348020552872756e-05,1.8674022303473538e-10
-2.4348020552872756e-05,1.8674022303473479e-10
-2.4348020552872756e-05,1.8674022303473479e-10
-2.4348020552872756e-05,1.8674022303905027e-10
-2.4348020487228665e-05,8.745707979538467e-09
-2.4348020552872756e-05,1.8674022303473479e-10
-2.4348020552872756e-05,1.8674022303473479e-10
-2.4348020552872756e-05,1.8674022303473479e-10
-2.434802055238351e-05,1.8674022303098244e-10
-4.528881951772839e-05,3.795234203797595
-2.4348020552774236e-05,1.8686104893643434e-10
-2.4348020552872756e-05,1.8674022745413084e-10
-2.4348020552872756e-05,1.8674022303473479e-10
-2.4348020552872756e-05,1.867402230347349e-10
-2.4348020552872756e-05,1.8674022303473479e-10
175028469754.8521,-1342402.9854284409
-2.4348020552872756e-05,1.8674022308217595e-10
-2.4347747631909156e-05,1.8673812983733494e-10
-2.4348020552872753e-05,1.8674022303473484e-10
-2.4348020552872756e-05,1.8674022303473479e-10
-2.4348020552872756e-05,1.8674022303473479e-10
-2.4348020552872756e-05,1.8674022303473479e-10
4.764952653472784e-06,3.7958788872516114
-2.434802055278451e-05,1.8682195224025393e-10
-2.4348020552872756e-05,1.8674023149405697e-10
-2.4348020552872756e-05,1.8674022303473479e-10
-2.4348020552872756e-05,1.8674022303473479e-10
-2.4348020552872756e-05,1.8674022303473479e-10
7.87909284738238e+16,1.0273111570096788e+22
-2.4348020552872756e-05,1.8674022303473479e-10
-2.43480205472633e-05,9.181258972595778e-10
-2.4348020552872756e-05,1.8674022303473479e-10
-2.4348020552872756e-05,1.8674022303473479e-10
-2.4348020552872756e-05,1.8674022303473479e-10
0.13767878758502383,-1.055944874243412e-06
4.05648182994159e+29,-3.1111700436373484e+24
-2.4348020552789472e-05,1.86740223042886e-10
-2.4348020552872756e-05,1.867402230382565e-10
-2.4348020552872756e-05,1.8674022303473479e-10
-2.4348020552872756e-05,1.8674022303473479e-10
-2.4348020552872756e-05,1.8674022303473479e-10
1206061837.6295118,157251704712686.97
-2.4348020552872756e-05,1.8674022308535232e-10
-2.4348020552872756e-05,1.8674022304468962e-10
-2.434802055287275e-05,1.8674022303473484e-10
-2.4348020552872756e-05,1.867402230347375e-10
-2.4348020552872756e-05,1.8674022303473479e-10
-2.4348020552872756e-05,1.8674022303473479e-10
-107374183.99683718,827.3170520414191
-2.4348020552771404e-05,1.8847421554088056e-10
-2.434802055284507e-05,1.903504458324238e-10
-2.4348020552872756e-05,1.8674022303473479e-10
-2.4348020552872756e-05,1.867402230347348e-10
-2.4348020552872756e-05,1.8674022303473479e-10
-2.4348020552872756e-05,1.8674022303473479e-10
-2.4348020552872756e-05,1.867402230764585e-10
-2.434794459201016e-05,1.8673964045822535e-10
-2.4348020552872756e-05,1.8674022390923334e-10
-2.4348020552872756e-05,1.8674022303473693e-10
-2.4348020552872756e-05,1.8674022303473479e-10
-2.4348020552872756e-05,1.8674022303473479e-10
4.779857420841134e-06,3.797822237089811
-2.4348020552785397e-05,1.8834631817380795e-10
-2.4348014810434547e-05,1.867401789955689e-10
-2.4348020552872756e-05,1.8674022303473479e-10
-2.4348020552872756e-05,1.8674022303473479e-10
-2.4348020552872756e-05,1.8674022303473479e-10
7.641009146227198e+16,9.962687454990526e+21
-2.4348020552872756e-05,1.8674022307645845e-10
-2.4348020552872756e-05,1.8674022303473479e-10
-2.434802055283828e-05,1.86740223035417e-10
-2.4348020552872756e-05,1.8674022303473654e-10
-2.4348020552872756e-05,1.8674022303473479e-10
-2.4348020552872756e-05,1.8674022303473479e-10
5.848603149590348e+35,-4.4856601555122813e+30
-2.4348020552790767e-05,1.8821131429510926e-10
-2.4348011682797075e-05,1.8674015500906863e-10
-2.4348020552872756e-05,1.8674022303473479e-10
-2.4348020552872756e-05,1.8674022303474117e-10
-2.4348020552872756e-05,1.8674022303473479e-10
-2.4348020552872756e-05,1.8674022303473479e-10
-2.4348020552872756e-05,1.8674022306248243e-10
-2.4348020552817597e-05,1.9393209903550696e-10
-2.4348020552872756e-05,1.8674022303473479e-10
-2.4348020552872756e-05,1.8674022303473634e-10
-2.4348020552872756e-05,1.8674022303473479e-10
-2.4348020426744184e-05,1.8674022206737575e-10
-151996493459081.53,1165756334.0687423
-2.4348020552806447e-05,1.8828947345406433e-10
-2.4348014611483015e-05,1.8674017749975064e-10
-2.4348020552872756e-05,1.867402230347351e-10
-2.4348020552872756e-05,1.8674022303474306e-10
-2.4348020552872756e-05,1.8674022303473479e-10
-2.4348020552872756e-05,1.8674022303473479e-10
-2.4348020552872756e-05,1.8674022306375295e-10
-2.4348020552852214e-05,1.8941245417761695e-10
-2.4348020552849547e-05,1.867402230346474e-10
-2.4348020552872756e-05,1.8674022303473536e-10
-2.4348020552872756e-05,1.8674022303473479e-10
-2.4348020552872756e-05,1.8674022303473479e-10
4.794762215494285e-06,3.7997655869280105
-2.434802055280824e-05,1.8785604227683144e-10
-2.4348020552872726e-05,1.867402230361113e-10
-2.4348020552872756e-05,1.8674022303473502e-10
-2.4348020552872756e-05,1.8674022303474812e-10
-2.4348020552872756e-05,1.8674022303473479e-10
2.4145088428274094e+18,-18518380943938.01
-2.4348020552872756e-05,1.8674022304442456e-10
-2.434802055287272e-05,1.867402230347345e-10
-2.4348020552872756e-05,1.8674022303473479e-10
-2.4348020552872756e-05,1.8674022303473706e-10
-2.4348020552872756e-05,1.8674022303473479e-10
0.5313335363708626,-4.075129757356082e-06
4.799704843858642e-06,3.8004100323473033
-2.434802055281789e-05,1.8674022307413247e-10
-2.4348020552872692e-05,1.8674024450699635e-10
-2.4348020552872756e-05,1.8674022303473492e-10
-2.4348020552872756e-05,1.8674022303474575e-10
-2.4348020552872756e-05,1.8674022303473479e-10
2.0782849494799662,-1.593966927015062e-05
-2.4348020552872756e-05,1.867402230418287e-10
-2.434802055287268e-05,1.8674022303473422e-10
-2.4348020552872756e-05,1.8674022303473497e-10
-2.4348020552872756e-05,1.8674022303473479e-10
-2.4348020552872756e-05,1.8674022303473479e-10
-2.4348020552872756e-05,1.8674022303473479e-10
-2.3021535758887492e+20,1765665801407231.8
-2.4348020552872756e-05,1.8674022303473479e-10
-2.4348020552872692e-05,1.867402230347343e-10
-2.4348020552872756e-05,1.8674022303473479e-10
-2.4348020552872756e-05,1.867402230347502e-10
-2.4348020552872756e-05,1.8674022303473479e-10
9.891249105903462e+21,-7.586218600881707e+16
-2.4348020552872756e-05,1.8674022304114138e-10
-2.4348020369872996e-05,1.86740221631195e-10
-2.4348020552872756e-05,1.8674022303473486e-10
-2.4348020552872756e-05,1.8674022303473479e-10
-2.4348020552872756e-05,1.8674022303473479e-10
-2.4348020552872756e-05,1.8674022303473479e-10
0.0587548094412442,3.801698711013913
-2.4348020552872678e-05,1.8674022308429358e-10
-2.4348020552872644e-05,1.8674024613327443e-10
-2.4348020552872756e-05,1.867402230347349e-10
-2.4348020552872756e-05,1.8674022303474833e-10
-2.4348020552872756e-05,1.8674022303473479e-10
-2.4348020552872756e-05,1.8674022303473479e-10
-2.4348020552872756e-05,1.8674022303852087e-10
-2.4348020398294746e-05,1.8674022184917918e-10
-2.4348020552872756e-05,1.867402230347349e-10
-2.4348020552872756e-05,1.8674022303473479e-10
-2.4348020552872756e-05,1.8674022303473479e-10
-2.4348020552872756e-05,1.8674022303473479e-10
4.814609611226975e-06,3.802353382185503
-2.4348020552838922e-05,1.8674022311961797e-10
-2.4348020552872736e-05,1.8674022303719692e-10
-2.4348020552872756e-05,1.8674022303473512e-10
-2.4348020552872756e-05,1.8674022303473479e-10
-2.4348020552872756e-05,1.8674022303473479e-10
-2.4348020552872753e-05,1.867402230347349e-10
-2.4348020552872756e-05,1.8674022303693224e-10
-2.434802055287255e-05,1.8674022321518628e-10
-2.434802055284879e-05,1.867402230345511e-10
-2.4348020552872756e-05,1.8674022303473582e-10
-2.4348020552872756e-05,1.8674022303473479e-10
-2.4348020552872756e-05,1.8674022303473479e-10
-2.3021535758887492e+20,1765665801407231.8
-2.434802055287246e-05,1.867402232567185e-10
-2.4348020552872732e-05,1.8674022303478385e-10
-2.4348020552872756e-05,1.8674022303473497e-10
-2.4348020552872756e-05,1.8674022303474383e-10
-2.4348020552872756e-05,1.8674022303473479e-10
-2.4348020552872756e-05,1.8674022303473479e-10
-2.4348020552872756e-05,1.8674022303681313e-10
-2.4348020526889167e-05,1.8674022283545036e-10
-2.4348020552872743e-05,1.8674022303473484e-10
-2.4348020552872756e-05,1.8674022303473533e-10
-2.4348020552872756e-05,1.8674022303473479e-10
-2.4348020552872756e-05,1.8674022303473479e-10
89128.96093970307,3.120056673009094
-2.4348020552872756e-05,1.8674022303473479e-10
-2.4348020552872736e-05,1.8674022303501264e-10
-2.4348020552872756e-05,1.8674022303473479e-10
-2.4348020552872756e-05,1.8674022303474823e-10
-2.4348020552872756e-05,1.8674022303473479e-10
-2.4348020552872756e-05,1.8674022303473479e-10
-2.4348020552872756e-05,1.867402230368396e-10
-2.4348020552872756e-05,1.8674022345832118e-10
-2.4348020552872753e-05,1.8674022303473486e-10
-2.4348020552872756e-05,1.8674022303473507e-10
-2.4348020552872756e-05,1.8674022303473479e-10
-2.4348020552872756e-05,1.8674022303473479e-10
4.829439406732697e-06,3.8042869568619597
-2.43480205528722e-05,1.8674022303473052e-10
-2.4348020552872756e-05,1.8674022312453985e-10
-2.4348020552872756e-05,1.8674022303473494e-10
-2.4348020552872756e-05,1.8674022303473479e-10
-2.4348020552872756e-05,1.8674022303473479e-10
-2.4348020552872756e-05,1.867402230347348e-10
-2.4348020552872756e-05,1.8674022303642247e-10
-2.4348020551803895e-05,1.86740223041788e-10
-2.4348020552808117e-05,1.8674022303423915e-10
-2.4348020552872756e-05,1.8674022303473479e-10
-2.4348020552872756e-05,1.8674022303473479e-10
-2.4348020552872756e-05,1.8674022303473479e-10
-4.9326819535660064e+32,3.7831828101510535e+27
-2.4348020552871923e-05,1.8674181923888316e-10
-2.434802055287202e-05,1.8683572269949453e-10
-2.4348020552872756e-05,1.8674022303473497e-10
-2.4348020552872756e-05,1.8674022303473479e-10
-2.4348020552872756e-05,1.8674022303473479e-10
-2.4348020552872756e-05,1.8674022303473479e-10
-2.4348020552872756e-05,1.8674022303678666e-10
-2.434802055287274e-05,1.8674022305750304e-10
-2.4348020552872756e-05,1.8674022303475609e-10
-2.4348020552872756e-05,1.8674022303473504e-10
-2.4348020552872756e-05,1.8674022303473479e-10
-2.4348020552872756e-05,1.8674022303473479e-10
89128.96093971806,3.1220097980090364
-2.434802055287274e-05,1.8674022305030282e-10
-2.4348020552872648e-05,1.8675404786943043e-10
-2.4348020552872756e-05,1.86740223034735e-10
-2.4348020552872756e-05,1.8674022303474564e-10
-2.4348020552872756e-05,1.8674022303473479e-10
-2.4348020552872756e-05,1.8674022303473479e-10
-2.4348020552872756e-05,1.8674022303662782e-10
-2.4348020552872743e-05,1.8674022304580122e-10
-2.4348020552872756e-05,1.8674022303474999e-10
-2.4348020552872756e-05,1.8674022303473507e-10
-2.4348020552872756e-05,1.8674022303473479e-10
-2.4348020552872756e-05,1.8674022303473479e-10
4.8444191459403235e-06,3.8062400818619024
-2.434802055287274e-05,1.867402230529498e-10
-2.4348020552872722e-05,1.8674022303578037e-10
-2.4348020552872756e-05,1.8674022303473479e-10
-2.4348020552872756e-05,1.8674022303474533e-10
-2.4348020552872756e-05,1.8674022303473479e-10
-2.4348020552872756e-05,1.8674022303473479e-10
-2.4348020552872756e-05,1.8674022303507895e-10
-2.434802055159573e-05,1.8674022302494045e-10
-2.4348020552872756e-05,1.8674022303473479e-10
-2.4348020552872756e-05,1.867402230347351e-10
-2.4348020552872756e-05,1.8674022303473479e-10
-2.4348020552872756e-05,1.8674022303473479e-10
4.8493636301942815e-06,3.806884765699774
-2.434802055286847e-05,1.8674054749252526e-10
-2.4348020552872756e-05,1.8674022303473479e-10
-2.4348020552872756e-05,1.8674022303473479e-10
-2.4348020552872756e-05,1.8674022303474626e-10
-2.4348020552872756e-05,1.8674022303473479e-10
-2.4348020552872756e-05,1.8674022303473479e-10
-2.4348020552872756e-05,1.8674022303536013e-10
-2.434802055225506e-05,1.867402230299973e-10
-2.4348020552872756e-05,1.86740223034735e-10
-2.4348020552872756e-05,1.8674022303473479e-10
-2.4348020552872756e-05,1.8674022303473479e-10
-2.4348020552872756e-05,1.8674022303473479e-10
1.9023205581367715e+17,-1459008811569.2065
-2.434802055286752e-05,1.867404451439917e-10
-2.4348020552872753e-05,1.8674022303510707e-10
-2.4348020552872756e-05,1.8674022303473479e-10
-2.4348020552870073e-05,1.8674022303474275e-10
-2.4348020552872756e-05,1.8674022303473479e-10
-2.4348020552872756e-05,1.8674022303473479e-10
-2.4348020552872756e-05,1.8674022303580705e-10
-2.4348020552849442e-05,1.8674022303455596e-10
-2.4348020552872756e-05,1.8674022303473479e-10
-2.4348020552872756e-05,1.867402230347355e-10
-2.4348020552872756e-05,1.8674022303473479e-10
-2.2217033312046207e-05,1.7039634687560397e-10
4.859290152889612e-06,3.8081834317001024
-2.434802055286949e-05,1.8674022303470974e-10
-2.4348020552872715e-05,1.8674022370573993e-10
-2.4348020552872756e-05,1.8674022303473479e-10
-2.4348020552872756e-05,1.8674022303474208e-10
-2.4348020552872756e-05,1.8674022303473479e-10
8642.010717585305,-0.06628099419277185
-2.4348020552872756e-05,1.8674022303599233e-10
-2.4348020552844557e-05,1.8674025665364994e-10
-2.4348020552872756e-05,1.8674022303758099e-10
-2.4348020552872756e-05,1.867402230347352e-10
-2.4348020552872756e-05,1.8674022303473479e-10
-2.4348020552872756e-05,1.8674022303473479e-10
4.864268397562611e-06,3.8088281155379735
-2.434802055287147e-05,1.8674025903827723e-10
-2.4348020552837618e-05,1.8674022303610672e-10
-2.4348020552872756e-05,1.8674022303473486e-10
-2.4348020552872756e-05,1.8674022303474239e-10
-2.4348020552872756e-05,1.8674022303473479e-10
-2.4348020552872756e-05,1.8674022303473479e-10
-2.4348020552872756e-05,1.867402230361313e-10
-2.434802055283264e-05,1.8674025795458791e-10
-2.4348020552872668e-05,1.8674022303473411e-10
-2.4348020552872756e-05,1.8674022303473494e-10
-2.4348020552872756e-05,1.8674022303473479e-10
-2.4348020552355754e-05,1.8674022303076957e-10
1.9023205581367715e+17,-1459008811569.2046
-2.43480205528719e-05,1.8674022303472822e-10
-2.4348020552872756e-05,1.8674022303473479e-10
-2.4348020552872756e-05,1.8674022303473486e-10
-2.4348020552872756e-05,1.8674022303473479e-10
-2.4348020552872756e-05,1.8674022303473479e-10
-2.4348020552872756e-05,1.867402230347365e-10
-2.4348020552872756e-05,1.8674022303532715e-10
-2.4348020552872756e-05,1.8674022303473479e-10
-2.4348020552872756e-05,1.8674022303473492e-10
-2.4348020552872756e-05,1.8674022303473479e-10
-2.4348020552872756e-05,1.8674022303473479e-10
-2.4348020552872756e-05,1.8674022303473479e-10
-71.67999542891386,3.810666765204578
-2.4348020552871916e-05,1.8674022303472835e-10
-2.4348020552872756e-05,1.867402230902347e-10
-2.4348020552872756e-05,1.8674022303473479e-10
-2.4348020552872756e-05,1.86740223034784e-10
-2.4348020552872756e-05,1.8674022303473479e-10
-2.4348020552872756e-05,1.8674022303473479e-10
-2.4348020552872756e-05,1.8674022303511534e-10
-2.4348020552872756e-05,1.8674022303473479e-10
-2.4348020552872756e-05,1.86740223034735e-10
-2.4348020552872756e-05,1.8674022303473492e-10
-2.4348020552872756e-05,1.8674022303473479e-10
-2.4348020552872756e-05,1.8674022303473479e-10
4.879173164930944e-06,3.810771465376173
-2.434802055287205e-05,1.8674022303472938e-10
-2.4348020552872756e-05,1.8674022303473479e-10
-2.4348020552872756e-05,1.8674022303473479e-10
-2.4348020552872756e-05,1.8674022303474456e-10
-2.4348020552872756e-05,1.8674022303473479e-10
-2.4348020552872756e-05,1.8674022303473479e-10
-2.4348020552872756e-05,1.8674022303518157e-10
-2.4348020552872756e-05,1.8674022303473479e-10
-2.4348020552872756e-05,1.8674022303627037e-10
-2.4348020552872756e-05,1.8674022303473492e-10
-2.4348020552872756e-05,1.8674022303473479e-10
-2.4348020552872756e-05,1.8674022303473479e-10
4.05648182994159e+29,-3.1111700436373484e+24
-2.434802055287196e-05,1.8674022303472869e-10
-2.4348020552872756e-05,1.8674022303473479e-10
-2.4348020552872756e-05,1.86740223034735e-10
-2.4348020552872756e-05,1.8674022303474073e-10
-2.4348020552872756e-05,1.8674022303473479e-10
-2.4348020552872756e-05,1.8674022303473479e-10
-2.4348020552872756e-05,1.8674022303526429e-10
-2.4348020552872756e-05,1.8674022303473479e-10
-2.4348020552872655e-05,1.86740223034734e-10
-2.4348020552872756e-05,1.867402230347352e-10
-2.4348020552872756e-05,1.8674022303473479e-10
-2.4348020552872756e-05,1.8674022303473479e-10
-107374183.99683706,827.3319446195436
-2.434802055287215e-05,1.8674022303473013e-10
-2.4310560565509687e-05,0.00488419989157146
-2.4348020552872756e-05,1.8674022303473479e-10
-2.4348020552872756e-05,1.8674022303722416e-10
-2.4348020552872756e-05,1.8674022303473479e-10
-2.4348020552872756e-05,1.8674022303473479e-10
-2.4348020552872756e-05,1.8674022303533046e-10
-2.4348020552872756e-05,1.8674022303473479e-10
-2.4348020552872678e-05,1.867402230347355e-10
-2.4348020552872756e-05,1.8674022303473479e-10
-2.4348020552872756e-05,1.8674022303473479e-10
-2.4348020552872756e-05,1.8674022303473479e-10
4.8940779322992934e-06,3.812714815214373
-2.4348020552872292e-05,1.8674022303473122e-10
-2.4348020552872756e-05,1.8674022303473479e-10
-2.4348020552872756e-05,1.8674022303473512e-10
-2.4348020552872756e-05,1.8674022303473479e-10
-2.4348020552872756e-05,1.8674022303473479e-10
-2.434802055286538e-05,1.8674022303467872e-10
-2.4348020552872756e-05,1.8674022303542972e-10
-2.4348020552872756e-05,1.8674022303473479e-10
-2.4348020552872756e-05,1.8674022303473479e-10
-2.4348020552872756e-05,1.8674022303477948e-10
-2.4348020552872756e-05,1.8674022303473479e-10
-2.4348020552872756e-05,1.8674022303473479e-10
5.848603149590348e+35,-4.4856601555122813e+30
-2.434802055287192e-05,1.8674022303472838e-10
-2.4348020552872756e-05,1.8674022303473479e-10
-2.4348020552872756e-05,1.8674022303473502e-10
-2.4348020552872756e-05,1.8674022303473595e-10
-2.4348020552872756e-05,1.8674022303473479e-10
-2.4348020552872756e-05,1.867402230347349e-10
-2.4348020552872756e-05,1.867402230355323e-10
-2.4348020552872756e-05,1.8674022303473479e-10
-2.4348020552872756e-05,1.8674022303474192e-10
-2.4348020552872756e-05,1.8674022303473479e-10
-2.4348020552872756e-05,1.8674022303473479e-10
-2.4348020552872756e-05,1.8674022303473479e-10
-151996493459081.53,1165756334.0836349
-2.4348020552871726e-05,1.8674022303472688e-10
-2.4348020552872756e-05,1.8674022303473479e-10
-2.4348020552872756e-05,1.8674022303473502e-10
-2.4348020552872756e-05,1.8674022303473567e-10
-2.4348020552872756e-05,1.8674022303473479e-10
-2.4348020552872756e-05,1.8674022303473479e-10
-2.4348020552872756e-05,1.86740223035635e-10
-2.4348020552872756e-05,1.8674022303473479e-10
-2.4348020552872756e-05,1.8674022303637625e-10
-2.4348020552872756e-05,1.8674022303473533e-10
-2.4348020552872756e-05,1.8674022303473479e-10
-2.4348019517093723e-05,1.3523621582156274e-07
4.950630978459313e-06,3.8146483898905097
-2.434802055287172e-05,1.8674022303472682e-10
-2.4348020552872756e-05,1.8674022303473479e-10
-2.4348020552872756e-05,1.8674022303473497e-10
-2.4348020552872756e-05,1.8674022303473595e-10
-2.4348020552872756e-05,1.8674022303473479e-10
0.0004945559305924752,-3.793059258408304e-09
-2.4348020552872756e-05,1.867402230363629e-10
-2.4348020552872756e-05,1.8674022303473479e-10
-2.4348020552872756e-05,1.867402230355522e-10
-2.4348020552872756e-05,1.867402230347351e-10
-2.4348020552872756e-05,1.8674022303473479e-10
-2.4348020552872756e-05,1.8674022303473479e-10
4.913925355316802e-06,3.815302610471865
-2.4348020552871726e-05,1.8674022303472688e-10
-2.4348020552872756e-05,1.8674022303473479e-10
-2.4348020552869856e-05,1.8674022303471253e-10
-2.4348020552872756e-05,1.867402230347354e-10
-2.4348020552872756e-05,1.8674022303473479e-10
-2.4348020552872756e-05,1.8674022303473479e-10
-2.4348020552872756e-05,1.8674022303886498e-10
-2.4348020552872756e-05,1.8674022303473479e-10
-2.4348020552872756e-05,1.8674022333975358e-10
-2.4348020552872756e-05,1.8674022303473538e-10
-2.4348020552872756e-05,1.8674022303473479e-10
-2.4348020552872756e-05,1.8674022303473479e-10
-2.3021535758887492e+20,1765665801407231.8
-2.4348020552871855e-05,1.8674022303472788e-10
-2.4348020552872756e-05,1.8674022303473479e-10
-2.4348020552872756e-05,1.8674022303473554e-10
-2.4348020552872756e-05,1.867402230347355e-10
-2.4348020552872756e-05,1.8674022303473479e-10
-2.4348020552872756e-05,1.8674022303473479e-10
-2.4348020552872756e-05,1.8674022303939437e-10
-2.4348020552872756e-05,1.8674022303473479e-10
-2.4348020552872756e-05,1.8674022319486744e-10
-2.4348020552872756e-05,1.867402230347361e-10
-2.4348020552872756e-05,1.8674022303473479e-10
-2.4348020552872756e-05,1.8674022303473479e-10
0.05875492366175566,3.8165912891384752
-2.4348020552871713e-05,1.8674022303472677e-10
-2.4348020552872756e-05,1.8674022303473479e-10
-2.4348020552872756e-05,1.86740223034736e-10
-2.4348020552872756e-05,1.8674022303474875e-10
-2.4348020552872756e-05,1.8674022303473479e-10
-2.4348020552872756e-05,1.8674022303473479e-10
-2.4348020552872756e-05,1.8674022303781896e-10
-2.4348020552872756e-05,1.8674022303473479e-10
-2.4348020552872756e-05,1.8674022305157497e-10
-2.4348020552872756e-05,1.8674022303473629e-10
-2.4348020552872756e-05,1.8674022303473479e-10
-2.4348020552872756e-05,1.8674022303473479e-10
4.928830122685134e-06,3.817245960310065
-2.43480205528719e-05,1.8674022303472822e-10
-2.4348020552872756e-05,1.8674022303473479e-10
-2.4348020552872756e-05,1.867402230347392e-10
-2.4348020552872756e-05,1.8674022303474637e-10
-2.4348020552872756e-05,1.8674022303473479e-10
-2.4348020552872756e-05,1.8674022303473479e-10
-2.4348020552872756e-05,1.8674022303653517e-10
-2.4348020552872756e-05,1.8674022303473479e-10
-2.4348020552872756e-05,1.8674022303734273e-10
-2.4348020552872756e-05,1.867402230347357e-10
-2.4348020552872756e-05,1.8674022303473479e-10
-2.4348020552872756e-05,1.8674022303473479e-10
-3.2186439839881614e+26,2.4685797111685144e+21
-2.434802055287197e-05,1.8674022303472876e-10
-2.4348020552872756e-05,1.8674022303473479e-10
-2.4348020552872756e-05,1.867402230349408e-10
-2.4348020552872756e-05,1.8674022303480016e-10
-2.4348020552872756e-05,1.8674022303473479e-10
-2.4348020552872756e-05,1.8674022303473479e-10
-2.4348020552872756e-05,1.8674022303800424e-10
-2.4348020552872756e-05,1.8674022303473479e-10
-2.4348020552872756e-05,1.8674022303473479e-10
-2.4348020552872756e-05,1.8674022303473479e-10
-2.4348020552872756e-05,1.8674022303473479e-10
-2.4348020552872756e-05,1.8674022303473479e-10
89128.96093981729,3.134949251133656
-2.4348020552871157e-05,1.8674022303472253e-10
-2.4348020552872756e-05,1.8674022303473479e-10
-2.4348020552872756e-05,1.8674022303484982e-10
-2.4348020552872756e-05,1.867402230347985e-10
-2.4348020552872756e-05,1.8674022303473479e-10
-2.4348020552872756e-05,1.8674022303473479e-10
-2.4348020552872756e-05,1.867402230377263e-10
-2.4348020552872756e-05,1.8674022303473479e-10
-2.4348020552872756e-05,1.8674022303474787e-10
-2.4348020552872756e-05,1.8674022303501944e-10
-2.4348020552872756e-05,1.8674022303473479e-10
-2.4348020552872756e-05,1.867402230347366e-10
4.943734890053467e-06,3.8191893101482646
-2.4348020552870547e-05,1.8674022303471783e-10
-2.4348020552872756e-05,1.8674022303473479e-10
-2.4348020552872756e-05,1.8674022303476074e-10
-2.4348020552872756e-05,1.8674022303473479e-10
-2.4348020552872756e-05,1.8674022303473479e-10
-2.4348020552872753e-05,1.8674022303473479e-10
-2.4348020552872756e-05,1.8674022303767337e-10
-2.4348020552872756e-05,1.8674022303473479e-10
-2.4348020552872753e-05,1.8674022303475968e-10
-2.4348020552872756e-05,1.8674022303483118e-10
-2.4348020552872756e-05,1.8674022303473479e-10
-2.4348020552872756e-05,1.8674022303521794e-10
-4.9326819535660064e+32,3.7831828101510535e+27
-2.434802055287075e-05,1.867402230347194e-10
-2.4348020552872756e-05,1.8674022303473479e-10
-2.4348020552872756e-05,1.8674022303474616e-10
-2.4348020552872756e-05,1.8674022303473479e-10
-2.4348020552872756e-05,1.8674022303473479e-10
-2.4348020552872756e-05,1.8674022303474171e-10
-2.4348020552872756e-05,1.867402230373425e-10
-2.4348006169320247e-05,1.8674011271825967e-10
-2.434802044893474e-05,1.8674022223758003e-10
-2.4348020552872756e-05,1.8674022303478424e-10
-2.4348020552872756e-05,1.8674022303473479e-10
-2.4348020552872756e-05,1.8674022303473479e-10
126443839484.28108,-969773.1983715355
-2.4348020552871042e-05,1.8674022303472163e-10
-2.4348020552872756e-05,1.8674022303473479e-10
-2.4348020552872756e-05,1.8674022303474823e-10
-2.4348020552872756e-05,1.8674022303473479e-10
-2.4348020552872756e-05,1.8674022303473479e-10
-2.4348020552872756e-05,1.8674022303473479e-10
-2.4348020552872756e-05,1.8674022303713074e-10
-2.4348010716793756e-05,1.8674014759568288e-10
-2.4348010488890123e-05,1.8674014584776319e-10
-2.4348020552872756e-05,1.8674022303473479e-10
-2.4348020552872756e-05,1.8674022303473479e-10
-2.4348020552872756e-05,1.8674022303473479e-10
4.9585309251401445e-06,3.821122884824722
-2.4348020552871103e-05,1.867402230347221e-10
-2.4348020552872756e-05,1.8674022303473479e-10
-2.4348020552872756e-05,1.8674022303632998e-10
-2.4348020552872756e-05,1.8674022303473479e-10
-2.4348020552872756e-05,1.8674022303473479e-10
-2.4348020552872756e-05,1.8674022303473479e-10
-2.4348020552872756e-05,1.867402230365484e-10
-2.4348020552872756e-05,1.8674022303473479e-10
-2.4348016799859665e-05,1.8674019425055354e-10
-2.4348020552872756e-05,1.8674022303611168e-10
-2.4348020552872756e-05,1.8674022303473479e-10
-2.4348020552872756e-05,1.8674022303473479e-10
4.963584141652441e-06,3.821777343824336
-2.434802055287134e-05,1.8674022303472393e-10
-2.4348020552872756e-05,1.8674022303473479e-10
-2.4348020552872756e-05,1.8674022303476146e-10
-2.4348020552872756e-05,1.8674022303473479e-10
-2.4348020552872756e-05,1.8674022303473479e-10
-2.4348020552872756e-05,1.8674022303473479e-10
-2.4348020552872756e-05,1.8674022303641585e-10
-2.4345386101327032e-05,1.8672001777541382e-10
-2.4348020552872756e-05,1.8674022303473479e-10
-2.4348020552872756e-05,1.8674022303473479e-10
-2.4348020552872756e-05,1.8674022303473479e-10
-2.4348020552872756e-05,1.8674022303473479e-10
1.9023205581367715e+17,-1459008811569.1917
-2.434802055287149e-05,1.8674022303472507e-10
-2.4348020552872756e-05,1.8674022303473479e-10
-2.4348020552872756e-05,1.8674022303478297e-10
-2.4348020552872756e-05,1.8674022303473479e-10
-2.4348020552872756e-05,1.8674022303473479e-10
-2.4348020552872756e-05,1.8674022303473479e-10
-2.4348020552872756e-05,1.8674022303662738e-10
-2.4348020552872756e-05,1.8674022303473479e-10
-2.4348020552872756e-05,1.8674022303473479e-10
-2.4348020552872756e-05,1.8674022303473479e-10
-2.4348020552872756e-05,1.8674022303473479e-10
-2.4348020552872756e-05,1.8674022303473479e-10
-4.5075358234019696e-05,3.8230662350467766
-2.4348020552871713e-05,1.8674022303472677e-10
-2.4348020552872756e-05,1.8674022303473479e-10
-2.434801755361393e-05,1.8674020003161808e-10
-2.4348020552872756e-05,1.8674022303473479e-10
-2.4348020552872756e-05,1.8674022303473479e-10
-2.4348020552872756e-05,1.8674022303473479e-10
-2.4348020552872756e-05,1.8674022303629674e-10
-2.4346113700197054e-05,1.8672559818697018e-10
-2.43480205528711e-05,1.8695609501918748e-10
-2.4348020552872756e-05,1.8674022303473479e-10
-2.4348020552872756e-05,1.8674022303473479e-10
-2.4348020552872756e-05,1.8674022303473479e-10
4.9784139371814765e-06,3.8237109185007925
-2.434802055287165e-05,1.867402230347263e-10
-2.4348020552872756e-05,1.8674022303473479e-10
-2.4348020552872756e-05,1.8674022303473479e-10
-2.4348020552869334e-05,1.8718624087760627e-10
-2.4348020552872756e-05,1.8674022303473479e-10
-2.4348020552872756e-05,1.8674022303473479e-10
-2.4348020552872756e-05,1.8674022303611807e-10
-2.4348020552872756e-05,1.8674022303473479e-10
-2.4348020552870195e-05,1.870742669980053e-10
-2.4348019945127945e-05,1.8739061092806153e-10
-2.4348020552872756e-05,1.8674022303473479e-10
-2.4348020552872756e-05,1.8674022303473479e-10
2.7200830219953198e+23,-2.086202075841726e+18
-2.434802055287166e-05,1.8674022303472636e-10
-2.4348020552872756e-05,1.8674022303473479e-10
-2.4348020552872756e-05,1.8674022303473479e-10
-2.4348015605322574e-05,1.8674018508887292e-10
-2.4348020552872756e-05,1.8674022303473479e-10
-2.4348020552872756e-05,1.8674022303473479e-10
-2.4348020552872756e-05,1.8674022303600557e-10
-2.4348020552872756e-05,1.8674022303473479e-10
-2.4348020552872756e-05,1.8674022303473479e-10
-2.4348020375180775e-05,1.8674713472833828e-10
-2.4348020552872756e-05,1.8674022303473479e-10
-2.4348020552872756e-05,1.8674022303473479e-10
-71.67999531469334,3.8255593433291395
-2.43480205528717e-05,1.8674022303472667e-10
-2.4348020552872756e-05,1.8674022303473479e-10
-2.4348020552872756e-05,1.8674022303473479e-10
-2.4348019600202708e-05,1.8678664206473766e-10
-2.4348020552872756e-05,1.8674022303473479e-10
-2.4348020552872756e-05,1.8674022303473479e-10
-2.4348020552872756e-05,1.8674022303613792e-10
-2.4348020552872756e-05,1.8674022303473479e-10
-2.4348020552872756e-05,1.8674022303473479e-10
-2.4348019003440824e-05,1.86742210509974e-10
-2.4348020552872756e-05,1.8674022303473479e-10
-2.4348020552872756e-05,1.8674022303473479e-10
4.993393676389103e-06,3.825664043500735
-2.4348020552871882e-05,1.867402230347281e-10
-2.4348020552872756e-05,1.8674022303473479e-10
-2.4348020552872756e-05,1.8674022303473479e-10
-2.4348020552872624e-05,1.8675755201932216e-10
-2.4348020552872756e-05,1.8674022303473479e-10
-2.4348020552872756e-05,1.8674022303473479e-10
-2.4348020552872756e-05,1.8674022303473479e-10
-2.4348020552872756e-05,1.8674022303473479e-10
-2.4348020552872756e-05,1.8674022303473479e-10
-2.434802055287273e-05,1.8674377766101388e-10
-2.4348020552872756e-05,1.8674022303473479e-10
-2.4348020552872756e-05,1.8674022303473479e-10
5.848603149590348e+35,-4.4856601555122813e+30
-2.4348020552871835e-05,1.867402230347277e-10
-2.4348020552872756e-05,1.8674022303473479e-10
-2.4348020552872756e-05,1.8674022303473479e-10
-2.4348020549859484e-05,1.868361841738205e-10
-2.4348020552872756e-05,1.8674022303473479e-10
-2.4348020552872756e-05,1.8674022303473479e-10
-2.4348020552872756e-05,1.8674022303473479e-10
-2.4348020552872756e-05,1.8674022303473479e-10
-2.4348020552872756e-05,1.8674022303473479e-10
-2.4348020552872736e-05,1.867430689349944e-10
-2.4348020552872756e-05,1.8674022303473479e-10
-2.4348020552872756e-05,1.8674022303473479e-10
-107374183.99683695,827.3468371976682
-2.4348020552871933e-05,1.8674022303472848e-10
-2.4348020552872756e-05,1.8674022303473479e-10
-2.4348020552866895e-05,1.8750426209459644e-10
-2.4348020549582633e-05,1.8674461076298747e-10
-2.4348020552872756e-05,1.8674022303473479e-10
-2.4348020552872756e-05,1.8674022303473479e-10
-2.4348020552872756e-05,1.8674022303473479e-10
-2.4348020552872756e-05,1.8674022303473479e-10
-2.4348020552847355e-05,1.9005205908309591e-10
-2.4348020167291703e-05,1.8674022007747212e-10
-2.4348020552872756e-05,1.8674022303473479e-10
-2.4348020552872756e-05,1.8674022303473479e-10
5.0082234992029774e-06,3.827597618177192
-2.4348020552872705e-05,1.8674688536899308e-10
-2.4348020552872756e-05,1.8674022303473479e-10
-2.4348020552872563e-05,1.8676520946821567e-10
-2.4348020552513526e-05,1.8674166691102308e-10
-2.4348020552872756e-05,1.8674022303473479e-10
-2.4348020552872756e-05,1.8674022303473479e-10
-2.4348020552872756e-05,1.8674022303473479e-10
-2.4348020552872756e-05,1.8674022303473479e-10
-2.4348020552872756e-05,1.8674022303473479e-10
-2.434802054526424e-05,1.8674080955024325e-10
-2.4348020552872756e-05,1.8674022303473479e-10
-2.4348020552872756e-05,1.8674022303473479e-10
5.848603149590348e+35,-4.4856601555122813e+30
-2.4348020552872705e-05,1.8674666332438818e-10
0.006019408359946595,-4.616661371845889e-08
-2.4348020552872702e-05,1.867472190360233e-10
-2.434802055237288e-05,1.8674161139847554e-10
-2.4348020552872756e-05,1.8674022303473479e-10
-2.4348020552872756e-05,1.8674022303473479e-10
-2.4348020552872756e-05,1.8674022303541318e-10
-2.4348020552872756e-05,1.8674022303473479e-10
-2.4348020552872756e-05,1.8674022303473479e-10
-2.4348020539713137e-05,1.8674061163026336e-10
-2.4348020552872756e-05,1.8674022303473479e-10
-2.4348020552872756e-05,1.8674022303473479e-10
-151996493459081.53,1165756334.0985274
-2.434802055287273e-05,1.8674388776513263e-10
0.0033027061837685285,-2.533052278462795e-08
-2.4348020503948818e-05,2.2381518381727696e-10
-2.4348020552470168e-05,1.8674030286562735e-10
-2.4348020552872756e-05,1.8674022303473479e-10
-2.4348020552872756e-05,1.8674022303473479e-10
-2.4348020552872756e-05,1.8674022303532053e-10
-2.434801725541995e-05,1.8674019774450344e-10
-2.4348020552872756e-05,1.8674022303473479e-10
-2.4348020543321372e-05,1.8674065837707173e-10
-2.4348020552872756e-05,1.8674022303473479e-10
-2.4348020552872756e-05,1.8674022303473479e-10
5.064851489917476e-06,3.8295409680150714
-2.4348020552871896e-05,1.8674724618977584e-10
0.0019440357684517339,-1.49100281971524e-08
-2.4348020509339806e-05,1.8679419226228656e-10
-2.4348020552517006e-05,1.8674040004712217e-10
-2.4348020552872756e-05,1.8674022303473479e-10
-2.4348020552872756e-05,1.8674022303473479e-10
-2.4348020552872756e-05,1.8674022303521796e-10
-2.434802049757531e-05,1.8674022261062404e-10
-2.4348020552870168e-05,1.8707781889853237e-10
-2.4348020520440386e-05,1.8674209722818657e-10
-2.4348020552872756e-05,1.8674022303473479e-10
-2.4348020552872756e-05,1.8674022303473479e-10
5.028070894935667e-06,3.8301854134346844
-2.4348020552872702e-05,1.8674724618385278e-10
0.001250077981465051,-9.587631181872475e-09
-2.4348020275666503e-05,1.8679552272417667e-10
-2.4348020552659317e-05,1.8674056318527697e-10
-2.4348020552872756e-05,1.8674022303473479e-10
-2.4348020552872756e-05,1.8674022303473479e-10
-2.4348020552872756e-05,1.8674022303517164e-10
-2.4339357834394963e-05,0.001129450113955063
-2.4348020552871584e-05,1.8689303376863197e-10
-2.4348020177950946e-05,1.8674161534668492e-10
-2.4348020552872756e-05,1.8674022303473479e-10
-2.4348020552872756e-05,1.8674022303473479e-10
-2.3021535758887492e+20,1765665801407231.8
-2.4348020552872705e-05,1.8674682984852448e-10
0.0008989671589542276,-6.894742322049152e-09
-2.4348020527226083e-05,1.8680819384392175e-10
-2.4348020551977117e-05,1.8674070210435364e-10
-2.4348020552872756e-05,1.8674022303473479e-10
-2.4348020552872756e-05,1.8674022303473479e-10
-2.4348020552872756e-05,1.8674022303521455e-10
-2.4342255667744024e-05,0.0007516451999424491
-2.434801904617295e-05,1.8907079165227174e-10
-2.434802054740314e-05,1.8674608129584144e-10
-2.4348020552872756e-05,1.8674022303473479e-10
-2.4348020552872756e-05,1.8674022303473479e-10
0.05875503788226711,3.8314838672630374
-2.4348020552872756e-05,1.8674022303473479e-10
-2.434801963596628e-05,1.8820424661359978e-10
-2.4348020401835343e-05,1.8674022187633425e-10
-2.4348020552610674e-05,1.867414934341266e-10
-2.4348020552872756e-05,1.8674022303473479e-10
-2.4348020552872756e-05,1.8674022303473479e-10
-2.4348020552872756e-05,1.8674022303512855e-10
-2.4348020272142375e-05,1.8674022088163763e-10
-2.4348020552872756e-05,1.8674022303473479e-10
-2.4348020548707665e-05,1.8674441596749804e-10
-2.4348020552872756e-05,1.8674022303473479e-10
-2.4348020552872756e-05,1.8674022303473479e-10
5.043050634143294e-06,3.8321385384346267
-2.434802055287272e-05,1.8674488695823147e-10
0.00040488464244381857,-3.1053139728180794e-09
-2.4348020552872756e-05,1.8674022303473479e-10
-2.434802055214044e-05,1.867411187280258e-10
-2.4348020552872756e-05,1.8674022303473479e-10
-2.4348020552872756e-05,1.8674022303473479e-10
-2.4348020552872756e-05,1.8674022303507727e-10
-2.4348020156675992e-05,1.8715595715647506e-10
-2.4348020552872756e-05,1.8674022303473479e-10
-2.4348020541434e-05,1.8674347128320473e-10
-2.4348020552872756e-05,1.8674022303473479e-10
-2.4348020552872756e-05,1.8674022303473479e-10
-4.9326819535660064e+32,3.7831828101510535e+27
-2.4348020552872726e-05,1.8674416530987735e-10
-2.434802015489177e-05,1.8723065005306993e-10
-2.434802035476179e-05,1.8675299224205522e-10
-2.4348020552872732e-05,1.867433466978501e-10
-2.4348020552872756e-05,1.8674022303473479e-10
-2.4348020552872756e-05,1.8674022303473479e-10
-2.4348020552872756e-05,1.867402230350574e-10
-2.4348020517781452e-05,1.867402227655976e-10
-2.4348019906106438e-05,1.8765716970178054e-10
-2.4348020539324508e-05,1.8675310525756127e-10
-2.4348020552872756e-05,1.8674022303473479e-10
-2.4348020552872756e-05,1.8674022303473479e-10
89128.96093993151,3.149841829258218
-2.434802055287273e-05,1.8674388775369768e-10
-2.4348020552872756e-05,1.8674022303473479e-10
-2.4348020500691657e-05,1.8682062805019736e-10
-2.4348020551524188e-05,1.9060794730771298e-10
-2.4348020552872756e-05,1.8674022303473479e-10
-2.4348020552872756e-05,1.8674022303473479e-10
-2.4348020552872756e-05,1.867402230349995e-10
-2.434801735490439e-05,1.8674019850751195e-10
-2.4348020552872756e-05,1.8674022303473479e-10
-2.4348020489784702e-05,1.8674173569540042e-10
-2.4348020552872756e-05,1.8674022303473479e-10
-2.4348020552872756e-05,1.8674022303473479e-10
5.057880429649016e-06,3.8340721131110835
-2.434802055287234e-05,1.8674363746181152e-10
-2.4348020552872756e-05,1.8674022303473479e-10
-2.434802022948057e-05,1.8692678858705885e-10
-2.4348020467574726e-05,1.8674505416181742e-10
-2.4348020552872756e-05,1.8674022303473479e-10
-2.4348020552872756e-05,1.8674022303473479e-10
-2.4348020552872756e-05,1.8674022303498297e-10
-2.4348020204641113e-05,1.8674022036392816e-10
-2.4348020552872756e-05,1.8674022303473479e-10
-2.4348020408933158e-05,1.8674342862895066e-10
-2.4348020552872756e-05,1.8674022303473479e-10
-2.4348020552872756e-05,1.8674022303473479e-10
5.062824913902974e-06,3.8347167969489555
-2.434802055287242e-05,1.867447477204122e-10
-2.4348020552872756e-05,1.8674022303473479e-10
-2.434802055283243e-05,1.9199823927920487e-10
-2.4348020514442573e-05,1.867485540205338e-10
-2.4348020552872756e-05,1.8674022303473479e-10
-2.4348020552872756e-05,1.8674022303473479e-10
-2.4348020552872756e-05,1.8674022303493995e-10
-2.4348008272595267e-05,1.8674012884959345e-10
-2.4348020552872756e-05,1.8674022303473479e-10
-2.434802054321037e-05,1.8674449917554552e-10
-2.4348020552872756e-05,1.8674022303473479e-10
-2.4348020552872756e-05,1.8674022303473479e-10
126443839484.28108,-969773.1834789574
-2.4348020552872448e-05,1.867444701659268e-10
-2.4348020552872756e-05,1.8674022303473479e-10
-2.3729622363344795e-05,1.8218923686259107e-10
-2.4348020552519828e-05,1.8682508085944678e-10
-2.4348020552872756e-05,1.8674022303473479e-10
-2.4348020552872756e-05,1.8674022303473479e-10
-2.4348020552872756e-05,1.8674022303493168e-10
-2.4348020552872756e-05,1.8674022303473479e-10
-2.4348020552872756e-05,1.8674022303473479e-10
-2.434802055205713e-05,1.8675216162922236e-10
-2.4348020552872756e-05,1.8674022303473479e-10
-2.4348020552872756e-05,1.8674022303473479e-10
5.072751436598304e-06,3.836015462949284
-2.434802055287251e-05,1.867402230347329e-10
-2.4348020552872756e-05,1.8674022303473479e-10
-2.434802025790436e-05,1.8674022077243738e-10
-2.4348020552651484e-05,1.8674433314987658e-10
-2.4348020552872756e-05,1.8674022303473479e-10
-2.4348020552872756e-05,1.8674022303473479e-10
-2.4348020552872756e-05,1.8674022303491348e-10
-2.4348020552872756e-05,1.8674022303473479e-10
-2.4348020552872756e-05,1.8674022303473479e-10
-2.4348020543537643e-05,1.87500740425968e-10
-2.4348020552872756e-05,1.8674022303473479e-10
-2.4348020552872756e-05,1.8674022303473479e-10
5.077729681271303e-06,3.836660146787155
-2.4348020552872546e-05,1.8674304048760316e-10
-2.4348020552872756e-05,1.8674022303473479e-10
-2.4348020552870046e-05,1.8709381852420138e-10
-2.4348020552551704e-05,1.867404442808914e-10
-2.4348020552872756e-05,1.8674022303473479e-10
-2.4348020552872756e-05,1.8674022303473479e-10
-2.4348020552872756e-05,1.867402230348961e-10
-2.4348010036840267e-05,1.867401423806936e-10
-2.4348020552872756e-05,1.8674022303473479e-10
-2.4348020551949368e-05,1.8675199508477776e-10
-2.4348020552872756e-05,1.8674022303473479e-10
-2.4348020552872756e-05,1.8674022303473479e-10
2.7200830219953198e+23,-2.086202075841726e+18
-2.4348020552872587e-05,1.8674201353067042e-10
-2.032347158343888e-05,3.0108339021829904e-06
-2.434801853418725e-05,1.8678884784657422e-10
-2.434802055253956e-05,1.8674042259662246e-10
-2.4348020552872756e-05,1.8674022303473479e-10
-2.4348020552872756e-05,1.8674022303473479e-10
-2.4348020552872756e-05,1.8674022303487378e-10
-2.434799190378965e-05,1.8674000330696854e-10
-2.4348020552872756e-05,1.8674022303473479e-10
-2.4348020551845376e-05,1.8674022302685517e-10
-2.4348020552872756e-05,1.8674022303473479e-10
-2.4348020552872756e-05,1.8674022303473479e-10
-4.496113772256154e-05,3.8379588131713387
-2.4348020552872597e-05,1.867417289048362e-10
-2.4348020552872756e-05,1.8674022303473479e-10
-2.4348020552872668e-05,1.867518279942815e-10
-2.434802055239022e-05,1.8674419434585427e-10
-2.4348020552872756e-05,1.8674022303473479e-10
-2.4348020552872756e-05,1.8674022303473479e-10
-2.4348020552872756e-05,1.8674022303485972e-10
-2.4347923220098974e-05,1.8673947652871614e-10
-2.4348020552872756e-05,1.8674022303473479e-10
-2.4348020381399762e-05,1.8677887223617298e-10
-2.4348020552872756e-05,1.8674022303473479e-10
-2.4348020552872756e-05,1.8674022303473479e-10
5.092634448639636e-06,3.8386034966253546
-2.4348020552872634e-05,1.8674141665397552e-10
-2.4348020552872756e-05,1.8674022303473479e-10
-2.4348020552862507e-05,1.880764432316857e-10
-2.4348020545208165e-05,1.8674055791914148e-10
-2.4348020552872756e-05,1.8674022303473479e-10
-2.4348020552872756e-05,1.8674022303473479e-10
-2.4348020552872756e-05,1.8674022303484235e-10
-2.4348020552872756e-05,1.8674022303473479e-10
-2.4348020552872756e-05,1.8674022303473479e-10
-2.4348020494225892e-05,1.867458865574579e-10
-2.4348020552872756e-05,1.8674022303473479e-10
-2.4348020552872756e-05,1.8674022303473479e-10
4.05648182994159e+29,-3.1111700436373484e+24
-2.4348020552872655e-05,1.8674122930278147e-10
-2.4348020552872756e-05,1.8674022303473479e-10
-2.434802055287101e-05,1.8696769634835097e-10
-2.43480205494562e-05,1.8875931948714373e-10
-2.4348020552872756e-05,1.8674022303473479e-10
-2.4348020552872756e-05,1.8674022303473479e-10
-2.4348020552872756e-05,1.8674022303483612e-10
-2.4252974746461004e-05,0.012392495013884666
-2.4348020552872756e-05,1.8674022303473479e-10
-2.4348015605762208e-05,1.8698188706861062e-10
-2.4348020552872756e-05,1.8674022303473479e-10
-2.4348020552872756e-05,1.8674022303473479e-10
-71.67999520047283,3.8404519214537016
-2.4348020552872668e-05,1.8674108005086465e-10
-2.4348020552872756e-05,1.8674022303473479e-10
-2.4348020552859837e-05,1.884246074374744e-10
-2.4348020545652224e-05,1.867469420813393e-10
-2.4348020552872756e-05,1.8674022303473479e-10
-2.4348020552872756e-05,1.8674022303473479e-10
-2.4348020552872756e-05,1.8674022303481833e-10
-2.4348020552872756e-05,1.8674022303473479e-10
-2.4348020552872756e-05,1.8674022303473479e-10
-2.4348020446262354e-05,1.870014643355131e-10
-2.4348020552872756e-05,1.8674022303473479e-10
-2.4348020552872756e-05,1.8674022303473479e-10
5.107539216007989e-06,3.840546846463554
-2.4348020552872685e-05,1.8674093086432818e-10
-2.4348020552872756e-05,1.8674022303473479e-10
-2.434802055283961e-05,1.910619118747331e-10
-2.4348020552872715e-05,1.8674538782363623e-10
-2.4348020552872756e-05,1.8674022303473479e-10
-2.4348020552872756e-05,1.8674022303473479e-10
-2.4348020552872756e-05,1.8674022303481254e-10
-2.4348020552872756e-05,1.8674022303473479e-10
-2.4348020552872756e-05,1.8674022303473479e-10
-2.4348020552872756e-05,1.8674022303473479e-10
-2.4348020552872756e-05,1.8674022303473479e-10
-2.4348020552872756e-05,1.8674022303473479e-10
5.848603149590348e+35,-4.4856601555122813e+30
-2.43480205528727e-05,1.8674022303473435e-10
-2.4348020552872756e-05,1.8674022303473479e-10
-2.4348020552872756e-05,1.8674022303473479e-10
-2.434802054793013e-05,1.8675621919540134e-10
-2.4348020552872756e-05,1.8674022303473479e-10
-2.4348020552872756e-05,1.8674022303473479e-10
-2.4348020552872756e-05,1.867402230348022e-10
-2.4348020552872756e-05,1.8674022303473479e-10
-2.4348020552872756e-05,1.8674022303473479e-10
-2.4348020552872756e-05,1.8674022303473479e-10
-2.4348020552872756e-05,1.8674022303473479e-10
-2.4348020552872756e-05,1.8674022303473479e-10
-107374183.99683684,827.3617297757927
-2.434802055287271e-05,1.8674062725648573e-10
-2.4348020552872756e-05,1.8674022303473479e-10
-2.4315707447277714e-05,0.004213126562887556
-2.4348020515108212e-05,1.8686108683857154e-10
-2.4348020552872756e-05,1.8674022303473479e-10
-2.4348020552872756e-05,1.8674022303473479e-10
-2.4348020552872756e-05,1.8674022303479724e-10
-2.4348020552872756e-05,1.8674022303473479e-10
-2.4348020552872756e-05,1.8674022303473479e-10
0.003348765673017357,-2.5683781862774138e-08
-2.4348020552872756e-05,1.8674022303473479e-10
-2.4348020552872756e-05,1.8674022303473479e-10
5.1640922621680085e-06,3.842480421139691
-2.4348020552872712e-05,1.8674063939949717e-10
-2.4348020552872756e-05,1.8674022303473479e-10
-2.4348020552872756e-05,1.8674022303473479e-10
-2.434802048045342e-05,1.8683262888816766e-10
-2.4348020552872756e-05,1.8674022303473479e-10
-2.4348020552872756e-05,1.8674022303473479e-10
-2.4348020552872756e-05,1.8674022303478586e-10
-2.4348020552872756e-05,1.8674022303473479e-10
-2.4348020552872756e-05,1.8674022303473479e-10
0.002952035294758876,-2.2641008050432242e-08
-2.4348020552872756e-05,1.8674022303473479e-10
-2.4348020552872756e-05,1.8674022303473479e-10
5.127386639025494e-06,3.8431346417210466
-2.4348020552872715e-05,1.8674052317302428e-10
-2.4348020552872756e-05,1.8674022303473479e-10
-2.4348020552872756e-05,1.8674022303473479e-10
-2.434802055287233e-05,1.8679575205158334e-10
-2.4348020552872756e-05,1.8674022303473479e-10
-2.4348020552872756e-05,1.8674022303473479e-10
-2.4348020552872756e-05,1.867402230347809e-10
-2.4348020552872756e-05,1.8674022303473479e-10
-2.4348020552872756e-05,1.8674022303473479e-10
0.05907235714619464,-4.5306291428139773e-07
-2.4348020552872756e-05,1.8674022303473479e-10
-2.4348020552872756e-05,1.8674022303473479e-10
-2.3021535758887492e+20,1765665801407231.8
-2.434802055287272e-05,1.8674045031461185e-10
-2.4348020552872756e-05,1.8674022303473479e-10
-2.4348020552872756e-05,1.8674022303473479e-10
144.84021203135828,18884913.999444563
-2.4348020552872756e-05,1.8674022303473479e-10
-2.4348020552872756e-05,1.8674022303473479e-10
-2.4348020552872756e-05,1.8674022303477718e-10
-2.4348020552872756e-05,1.8674022303473479e-10
-2.4348020552872756e-05,1.8674022303473479e-10
-2.4348020552872756e-05,1.8674022303473479e-10
-2.4348020552872756e-05,1.8674022303473479e-10
-2.4348020552872756e-05,1.8674022303473479e-10
5.179072001375635e-06,3.8444335461396335
-2.434802055287273e-05,1.8674041126775625e-10
-2.4348020552872756e-05,1.8674022303473479e-10
-2.4348020552872756e-05,1.8674022303473479e-10
8.821973850458298e-05,-6.766124420109409e-10
-2.4348020552872756e-05,1.8674022303473479e-10
-2.4348020552872756e-05,1.8674022303473479e-10
-2.4348020552872756e-05,1.8674022303477718e-10
-2.4348020552872756e-05,1.8674022303473479e-10
-2.4348020552872756e-05,1.8674022303473479e-10
0.0012502198917423537,-9.588719580692285e-09
-2.4348020552872756e-05,1.8674022303473479e-10
-2.4348020552872756e-05,1.8674022303473479e-10
5.1422914063938265e-06,3.845077991559246
-2.4348020552872732e-05,1.8674039045107456e-10
-2.4348020552872756e-05,1.8674022303473479e-10
-2.4348020552872756e-05,1.8674022303473479e-10
1424.1107764606782,185681887.9945388
-2.4348020552872756e-05,1.8674022303473479e-10
-2.4348020552872756e-05,1.8674022303473479e-10
-2.4348020552872756e-05,1.8674022303477635e-10
-2.4348020552872756e-05,1.8674022303473479e-10
-2.4348020552872756e-05,1.8674022303473479e-10
0.0067829089349003445,-5.2022377941443715e-08
-2.4348020552872756e-05,1.8674022303473479e-10
-2.4348020552872756e-05,1.8674022303473479e-10
-3.2186439839881614e+26,2.4685797111685144e+21
-2.4348020552872736e-05,1.867403566239668e-10
-2.4348020552872756e-05,1.8674022303473479e-10
-2.4348020552872756e-05,1.8674022303473479e-10
347.8245309610695,45350911.99866616
-2.4348020552872756e-05,1.8674022303473479e-10
-2.4348020552872756e-05,1.8674022303473479e-10
-2.4348020552872756e-05,1.86740223034772e-10
-2.4348020552872756e-05,1.8674022303473479e-10
-2.4348020552872756e-05,1.8674022303473479e-10
0.013895336083659138,-1.0657203749973633e-07
-2.4348020552872756e-05,1.8674022303473479e-10
-2.4348020552872756e-05,1.8674022303473479e-10
89128.96094003075,3.1627812823828374
-2.4348020552872736e-05,1.867403271258856e-10
-2.4348020552872756e-05,1.8674022303473479e-10
-2.4348020552872756e-05,1.8674022303473479e-10
-2.4348020552872756e-05,1.8674022303473479e-10
-2.4348020552872756e-05,1.8674022303473479e-10
-2.4348020552872756e-05,1.8674022303473479e-10
-2.4348020552872756e-05,1.8674022303476643e-10
-2.4348020552872756e-05,1.8674022303473479e-10
-2.4348020552872756e-05,1.8674022303473479e-10
-2.4348020552872756e-05,1.8674022303473479e-10
-2.4348020552872756e-05,1.8674022303473479e-10
-2.4348020552872756e-05,1.8674022303473479e-10
5.1571212018995484e-06,3.847011566235703
-2.434802055287274e-05,1.867403084776215e-10
-2.4348020552872756e-05,1.8674022303473479e-10
-2.4348020552872756e-05,1.8674022303473479e-10
-2.4348020552872756e-05,1.8674022303473479e-10
-2.4348020552872756e-05,1.8674022303473479e-10
-2.4348020552872756e-05,1.8674022303473479e-10
-2.4348020552872756e-05,1.8674022303476188e-10
-2.4348020552872756e-05,1.8674022303473479e-10
-2.4348020552872756e-05,1.8674022303473479e-10
-2.4348020552872756e-05,1.8674022303473479e-10
-2.4348020552872756e-05,1.8674022303473479e-10
-2.4348020552872756e-05,1.8674022303473479e-10
-4.9326819535660064e+32,3.7831828101510535e+27
-2.434802055287274e-05,1.8674030327343121e-10
-2.4348020552872756e-05,1.8674022303473479e-10
-2.4348020552872756e-05,1.8674022303473479e-10
-2.4348020552872756e-05,1.8674022303473479e-10
-2.4348020552872756e-05,1.8674022303473479e-10
-2.4348020552872756e-05,1.8674022303473479e-10
-2.4348020552872756e-05,1.8674022303473479e-10
-2.4348020552872756e-05,1.8674022303473479e-10
-2.4348020552872756e-05,1.8674022303473479e-10
-2.4348020552872756e-05,1.8674022303473479e-10
-2.4348020552872756e-05,1.8674022303473479e-10
-2.4348020552872756e-05,1.8674022303473479e-10
89128.96094004574,3.16473440738278
-2.4348020552872743e-05,1.8674029590084985e-10
-2.4348020552872756e-05,1.8674022303473479e-10
-2.4348020552872756e-05,1.8674022303473479e-10
-2.4348020552872756e-05,1.8674022303473479e-10
-2.4348020552872756e-05,1.8674022303473479e-10
-2.4348020552872756e-05,1.8674022303473479e-10
-2.4348020552872756e-05,1.867402230347599e-10
-2.4348020552872756e-05,1.8674022303473479e-10
-2.4348020552872756e-05,1.8674022303473479e-10
-2.4348020552872756e-05,1.8674022303473479e-10
-2.4348020552872756e-05,1.8674022303473479e-10
-2.4348020552872756e-05,1.8674022303473479e-10
5.171992208848837e-06,3.8489549160739034
-2.4348020552872746e-05,1.8674027594766531e-10
-2.4348020552872756e-05,1.8674022303473479e-10
-2.4348020552872756e-05,1.8674022303473479e-10
-2.4348020552872756e-05,1.8674022303473479e-10
-2.4348020552872756e-05,1.8674022303473479e-10
-2.4348020552872756e-05,1.8674022303473479e-10
-2.4348020552872756e-05,1.8674022303475846e-10
-2.4348020552872756e-05,1.8674022303473479e-10
-2.4348020552872756e-05,1.8674022303473479e-10
-2.4348020552872756e-05,1.8674022303473479e-10
-2.4348020552872756e-05,1.8674022303473479e-10
-2.4348020552872756e-05,1.8674022303473479e-10
5.176970453521836e-06,3.8495995999117745
-2.4348020552872743e-05,1.8674027204453418e-10
-2.4348020552872756e-05,1.8674022303473479e-10
-2.4348020552872756e-05,1.8674022303473479e-10
-2.4348020552872756e-05,1.8674022303473479e-10
-2.4348020552872756e-05,1.8674022303473479e-10
-2.4348020552872756e-05,1.8674022303473479e-10
-2.4348020552872756e-05,1.8674022303475898e-10
-2.4348020552872756e-05,1.8674022303473479e-10
-2.4348020552872756e-05,1.8674022303473479e-10
-2.4348020552872756e-05,1.8674022303473479e-10
-2.4348020552872756e-05,1.8674022303473479e-10
-2.4348020552872756e-05,1.8674022303473479e-10
1.9023205581367715e+17,-1459008811569.1638
-2.4348020552872746e-05,1.8674027117331117e-10
-2.4348020552872756e-05,1.8674022303473479e-10
-2.4348020552872756e-05,1.8674022303473479e-10
-2.4348020552872756e-05,1.8674022303473479e-10
-2.4348020552872756e-05,1.8674022303473479e-10
-2.4348020552872756e-05,1.8674022303473479e-10
-2.4348020552872756e-05,1.8674022303475784e-10
-2.4348013617434855e-05,1.8674016984251665e-10
-2.4348020552872756e-05,1.8674022303473479e-10
-2.4348020552872756e-05,1.8674022303473479e-10
-2.4348020552872756e-05,1.8674022303473479e-10
-2.4348020552872756e-05,1.8674022303473479e-10
5.186971948056463e-06,3.8509080410738457
-2.4348020552872746e-05,1.86740270526671e-10
-2.4348020552872756e-05,1.8674022303473479e-10
-2.4348020552872756e-05,1.8674022303473479e-10
-2.4348020552872756e-05,1.8674022303473479e-10
-2.4348020552872756e-05,1.8674022303473479e-10
-2.4348020552872756e-05,1.8674022303473479e-10
-2.4348020552872756e-05,1.867402230347593e-10
-2.4348020552872756e-05,1.8674022303473479e-10
-2.4348020552872756e-05,1.8674022303473479e-10
-2.4348020552872756e-05,1.8674022303473479e-10
-2.4348020552872756e-05,1.8674022303473479e-10
-2.4348020552872756e-05,1.8674022303473479e-10
5.191950192729462e-06,3.851552724911717
-2.4348020552872746e-05,1.867402642382984e-10
-2.4348020552872756e-05,1.8674022303473479e-10
-2.4348020552872756e-05,1.8674022303473479e-10
-2.4348020552872756e-05,1.8674022303473479e-10
-2.4348020552872756e-05,1.8674022303473479e-10
-2.4348020552872756e-05,1.8674022303473479e-10
-2.4348020552872756e-05,1.8674022303475743e-10
-2.4348020552872756e-05,1.8674022303473479e-10
-2.4348020552872756e-05,1.8674022303473479e-10
-2.4348020552872756e-05,1.8674022303473479e-10
-2.4348020552872756e-05,1.8674022303473479e-10
-2.4348020552872756e-05,1.8674022303473479e-10
89128.96092422084,1.1014141283220662
-2.4348020552872746e-05,1.867402685750773e-10
-2.4348020552872756e-05,1.8674022303473479e-10
-2.4348020552872756e-05,1.8674022303473479e-10
-2.4348020552872756e-05,1.8674022303473479e-10
-2.4348020552872756e-05,1.8674022303473479e-10
-2.4348020552872756e-05,1.8674022303473479e-10
-2.4348020552872756e-05,1.8674022303475857e-10
-2.4348020552872756e-05,1.8674022303473479e-10
-2.4348020552872756e-05,1.8674022303473479e-10
-2.4348020552872756e-05,1.8674022303473479e-10
-2.4348020552872756e-05,1.8674022303473479e-10
-2.4348020552872756e-05,1.8674022303473479e-10
-9.67027339967379e-06,1.9137499333732517
-2.4348020552872746e-05,1.8674026076884483e-10
-2.4348020552872756e-05,1.8674022303473479e-10
-2.4348020552872756e-05,1.8674022303473479e-10
-2.4348020552872756e-05,1.8674022303473479e-10
-2.4348020552872756e-05,1.8674022303473479e-10
-2.4348020552872756e-05,1.8674022303473479e-10
-2.4348020552872756e-05,1.8674022303475588e-10
-2.4348020552872756e-05,1.8674022303473479e-10
-2.4348020552872756e-05,1.8674022303473479e-10
-2.4348020552872756e-05,1.8674022303473479e-10
-2.4348020552872756e-05,1.8674022303473479e-10
-2.4348020552872756e-05,1.8674022303473479e-10
5.848603149590348e+35,-4.4856601555122813e+30
-2.4348020552872746e-05,1.867402629372227e-10
-2.4348020552872756e-05,1.8674022303473479e-10
-2.4348020552872756e-05,1.8674022303473479e-10
-2.4348020552872756e-05,1.8674022303473479e-10
-2.4348020552872756e-05,1.8674022303473479e-10
-2.4348020552872756e-05,1.8674022303473479e-10
-2.4348020552872756e-05,1.8674022303475733e-10
-2.4348020552872756e-05,1.8674022303473479e-10
-2.4348020552872756e-05,1.8674022303473479e-10
-2.4348020552872756e-05,1.8674022303473479e-10
-2.4348020552872756e-05,1.8674022303473479e-10
-2.4348020552872756e-05,1.8674022303473479e-10
126443839484.28107,-969774.9388500511
-2.4348020552872746e-05,1.867402533962502e-10
-2.4348020552872756e-05,1.8674022303473479e-10
-2.4348020552872756e-05,1.8674022303473479e-10
-2.4348020552872756e-05,1.8674022303473479e-10
-2.4348020552872756e-05,1.8674022303473479e-10
-2.4348020552872756e-05,1.8674022303473479e-10
-2.4348020552872756e-05,1.8674022303475774e-10
-2.4348020552872756e-05,1.8674022303473479e-10
-2.4348020552872756e-05,1.8674022303473479e-10
-2.4348020552872756e-05,1.8674022303473479e-10
-2.4348020552872756e-05,1.8674022303473479e-10
-2.4348020552872756e-05,1.8674022303473479e-10
2.7200830219953198e+23,-2.086202075841726e+18
-2.4348020552872746e-05,1.8674025425975728e-10
-2.4348020552872756e-05,1.8674022303473479e-10
-2.4348020552872756e-05,1.8674022303473479e-10
-2.4348020552872756e-05,1.8674022303473479e-10
-2.4348020552872756e-05,1.8674022303473479e-10
-2.4348020552872756e-05,1.8674022303473479e-10
-2.4348020552872756e-05,1.8674022303475908e-10
-2.4348020552872756e-05,1.8674022303473479e-10
-2.4348020552872756e-05,1.8674022303473479e-10
-2.4348020552872756e-05,1.8674022303473479e-10
-2.4348020552872756e-05,1.8674022303473479e-10
-2.4348020552872756e-05,1.8674022303473479e-10
5.848603149590348e+35,-4.4856601555122813e+30
-2.4348020552872746e-05,1.867402551309803e-10
-2.4348020552872756e-05,1.8674022303473479e-10
-2.4348020552872756e-05,1.8674022303473479e-10
-2.4348020552872756e-05,1.8674022303473479e-10
-2.4348020552872756e-05,1.8674022303473479e-10
-2.4348020552872756e-05,1.8674022303473479e-10
-2.4348020552872756e-05,1.8674022303475857e-10
-2.4348020552872756e-05,1.8674022303473479e-10
-2.4348020552872756e-05,1.8674022303473479e-10
-2.4348020552872756e-05,1.8674022303473479e-10
-2.4348020552872756e-05,1.8674022303473479e-10
-2.4348020552872756e-05,1.8674022303473479e-10
89128.96092808442,1.605164094928649
-2.4348020552872746e-05,1.8674025946777244e-10
-2.4348020552872756e-05,1.8674022303473479e-10
-2.4348020552872756e-05,1.8674022303473479e-10
-2.4348020552872756e-05,1.8674022303473479e-10
-2.4348020552872756e-05,1.8674022303473479e-10
-2.4348020552872756e-05,1.8674022303473479e-10
-2.4348020552872756e-05,1.8674022303476095e-10
-2.4348020552872756e-05,1.8674022303473479e-10
-2.4348020552872756e-05,1.8674022303473479e-10
-2.4348020552872756e-05,1.8674022303473479e-10
-2.4348020552872756e-05,1.8674022303473479e-10
-2.4348020552872756e-05,1.8674022303473479e-10
126443839484.28107,-969774.6888500511
-2.4348020552872746e-05,1.8674026011830367e-10
-2.4348020552872756e-05,1.8674022303473479e-10
-2.4348020552872756e-05,1.8674022303473479e-10
-2.4348020552872756e-05,1.8674022303473479e-10
-2.4348020552872756e-05,1.8674022303473479e-10
-2.4348020552872756e-05,1.8674022303473479e-10
-2.4348020552872756e-05,1.867402230347592e-10
-2.4348020552872756e-05,1.8674022303473479e-10
-2.4348020552872756e-05,1.8674022303473479e-10
-2.4348020552872756e-05,1.8674022303473479e-10
-2.4348020552872756e-05,1.8674022303473479e-10
-2.4348020552872756e-05,1.8674022303473479e-10
-107374183.9968481,825.8917590727109
-2.4348020552872743e-05,1.8674026597299207e-10
-2.4348020552872756e-05,1.8674022303473479e-10
-2.4348020552872756e-05,1.8674022303473479e-10
-2.4348020552872756e-05,1.8674022303473479e-10
-2.4348020552872756e-05,1.8674022303473479e-10
-2.4348020552872756e-05,1.8674022303473479e-10
-2.4348020552872756e-05,1.8674022303476022e-10
-2.4348020552872756e-05,1.8674022303473479e-10
-2.4348020552872756e-05,1.8674022303473479e-10
-2.4348020552872756e-05,1.8674022303473479e-10
-2.4348020552872756e-05,1.8674022303473479e-10
-2.4348020552872756e-05,1.8674022303473479e-10
-151996493459081.53,1165756332.682756
-2.4348020552872746e-05,1.8674027030980078e-10
-2.4348020552872756e-05,1.8674022303473479e-10
-2.4348020552872756e-05,1.8674022303473479e-10
-2.4348020552872756e-05,1.8674022303473479e-10
-2.4348020552872756e-05,1.8674022303473479e-10
-2.4348020552872756e-05,1.8674022303473479e-10
-2.4348020552872756e-05,1.867402230347597e-10
-2.4348020552872756e-05,1.8674022303473479e-10
-2.4348020552872756e-05,1.8674022303473479e-10
-2.4348020552872756e-05,1.8674022303473479e-10
-2.4348020552872756e-05,1.8674022303473479e-10
-2.4348020552872756e-05,1.8674022303473479e-10
-2.3021535758887492e+20,1765665801407230.5
-2.4348020552872746e-05,1.8674027009296035e-10
-2.4348020552872756e-05,1.8674022303473479e-10
-2.4348020552872756e-05,1.8674022303473479e-10
-2.4348020552872756e-05,1.8674022303473479e-10
-2.4348020552872756e-05,1.8674022303473479e-10
-2.4348020552872756e-05,1.8674022303473479e-10
-2.4348020552872756e-05,1.867402230347597e-10
-2.4348020552872756e-05,1.8674022303473479e-10
-2.4348020552872756e-05,1.8674022303473479e-10
-2.4348020552872756e-05,1.8674022303473479e-10
-2.4348020552872756e-05,1.8674022303473479e-10
-2.4348020552872756e-05,1.8674022303473479e-10
-3.2186439839881614e+26,2.4685797111685144e+21
-2.4348020552872746e-05,1.8674027204453088e-10
-2.4348020552872756e-05,1.8674022303473479e-10
-2.4348020552872756e-05,1.8674022303473479e-10
-2.4348020552872756e-05,1.8674022303473479e-10
-2.4348020552872756e-05,1.8674022303473479e-10
-2.4348020552872756e-05,1.8674022303473479e-10
-2.4348020552872756e-05,1.867402230347593e-10
-2.4348020552872756e-05,1.8674022303473479e-10
-2.4348020552872756e-05,1.8674022303473479e-10
-2.4348020552872756e-05,1.8674022303473479e-10
-2.4348020552872756e-05,1.8674022303473479e-10
-2.4348020552872756e-05,1.8674022303473479e-10
-4.988425985801562e-06,2.518749952428624
-2.4348020552872746e-05,1.8674026900875818e-10
42731.12385338553,5571473919.836134
-2.4348020552872756e-05,1.8674022303473479e-10
-2.4348020552872756e-05,1.8674022303473479e-10
-2.4348020552872756e-05,1.8674022303473479e-10
-2.4348020552872756e-05,1.8674022303473479e-10
-2.4348020552872756e-05,1.867402230347596e-10
-2.4348020552872756e-05,1.8674022303473479e-10
-2.4348020552872756e-05,1.8674022303473479e-10
-2.4348020552872756e-05,1.8674022303473479e-10
-2.4348020552872756e-05,1.8674022303473479e-10
-2.4348020552872756e-05,1.8674022303473479e-10
4.05648182994159e+29,-3.1111700436373484e+24
-2.4348020552872746e-05,1.8674028158936135e-10
-2.4348020552872756e-05,1.8674022303473479e-10
-2.4348020552872756e-05,1.8674022303473479e-10
-2.4348020552872756e-05,1.8674022303473479e-10
-2.4348020552872756e-05,1.8674022303473479e-10
-2.4348020552872756e-05,1.8674022303473479e-10
-2.4348020552872756e-05,1.8674022303476064e-10
-2.4348020552872756e-05,1.8674022303473479e-10
-2.4348020552872756e-05,1.8674022303473479e-10
-2.4348020552872756e-05,1.8674022303473479e-10
-2.4348020552872756e-05,1.8674022303473479e-10
-2.4348020552872756e-05,1.8674022303473479e-10
-4.9326819535660064e+32,3.7831828101510535e+27
-2.4348020552872746e-05,1.8674029763556673e-10
19306.777941933953,2517303551.925962
-2.4348020552872756e-05,1.8674022303473479e-10
0.0015862735390512407,209.9999999940103
-2.4348020552872756e-05,1.8674022303473479e-10
-2.4348020552872756e-05,1.8674022303473479e-10
-2.4348020552872756e-05,1.8674022303476053e-10
-2.4347329273136998e-05,9.013231221627563e-05
-2.4348020552872756e-05,1.8674022303473479e-10
-2.4348020552872756e-05,1.8674022303473479e-10
-2.4348020552872756e-05,1.8674022303473479e-10
-2.4348020552872756e-05,1.8674022303473479e-10
-71.68000485865969,2.581174577740739
-2.434802055287274e-05,1.867403245237938e-10
24839.796191606576,3238723071.904744
-2.4348020552872756e-05,1.8674022303473479e-10
-2.4348020552872756e-05,1.8674022303473479e-10
-2.4348020552872756e-05,1.8674022303473479e-10
-2.4348020552872756e-05,1.8674022303473479e-10
-2.4348020552872756e-05,1.8674022303476332e-10
-2.4348004093276795e-05,2.146262043404203e-06
-2.4348020552872756e-05,1.8674022303473479e-10
-2.4348020552872756e-05,1.8674022303473479e-10
-2.4348020552872756e-05,1.8674022303473479e-10
-2.4348020552872756e-05,1.8674022303473479e-10
-4.395007928312867e-06,2.6015625001102243
-2.4348020552872743e-05,1.8674032409009972e-10
-2.4348020552872756e-05,1.8674022303473479e-10
-2.4348020552872756e-05,1.8674022303473479e-10
-2.4348020552872756e-05,1.8674022303473479e-10
-2.4348020552872756e-05,1.8674022303473479e-10
-2.4348020552872756e-05,1.8674022303473479e-10
-2.4348020552872756e-05,1.8674022303476746e-10
-2.4348014609391447e-05,7.751242587997148e-07
-2.4348020552872756e-05,1.8674022303473479e-10
-2.4348020552872756e-05,1.8674022303473479e-10
-2.4348020552872756e-05,1.8674022303473479e-10
-2.4348020552872756e-05,1.8674022303473479e-10
0.05874576542369759,2.622499492298595
-2.434802055287274e-05,1.8674035141974347e-10
-2.4348020552872756e-05,1.8674022303473479e-10
-2.4348020552872756e-05,1.8674022303473479e-10
0.0008733047764485412,117.03996276529911
-2.4348020552872756e-05,1.8674022303473479e-10
-2.4348020552872756e-05,1.8674022303473479e-10
-2.4348020552872756e-05,1.8674022303477077e-10
-2.434801246972294e-05,6.149370601618251e-07
-2.4348020552872756e-05,1.8674022303473479e-10
-2.4348020552872756e-05,1.8674022303473479e-10
-2.4348020552872756e-05,1.8674022303473479e-10
-2.4348020552872756e-05,1.8674022303473479e-10
-71.68000437930803,2.6436745777389006
-2.4348020552872736e-05,1.8674035488920363e-10
-2.4348020552855202e-05,1.8902878213384028e-10
-2.4348020552872756e-05,1.8674022303473479e-10
0.0015408691303084338,204.07997130766097
-2.4348020552872756e-05,1.8674022303473479e-10
-2.4348020552872756e-05,1.8674022303473479e-10
-2.4348020552872756e-05,1.8674022303477408e-10
-2.4348015089158392e-05,6.819932518943224e-07
-2.4348020552872756e-05,1.8674022303473479e-10
-2.4348020552872756e-05,1.8674022303473479e-10
-2.4348020552872756e-05,1.8674022303473479e-10
-2.4348020552872756e-05,1.8674022303473479e-10
89128.96093096053,1.98016409491762
-2.4348020552872736e-05,1.8674032886060908e-10
-2.4348020552872756e-05,1.8674022303473479e-10
-2.4348020552872756e-05,1.8674022303473479e-10
0.1188126093485552,274.16015534681515
-2.4348020552872756e-05,1.8674022303473479e-10
-2.4348020552872756e-05,1.8674022303473479e-10
-2.4348020552872756e-05,1.8674022303477366e-10
-2.4348016988603508e-05,4.583974469199902e-07
-2.4348020552872756e-05,1.8674022303473479e-10
-2.4348020552872756e-05,1.8674022303473479e-10
-2.4348020552872756e-05,1.8674022303473479e-10
-2.4348020552872756e-05,1.8674022303473479e-10
-107374183.9968457,826.2042590727018
-2.434802055287273e-05,1.867404329517865e-10
-2.4348020552872756e-05,1.8674022303473479e-10
-2.4348020552872756e-05,1.8674022303473479e-10
-2.4348020552872756e-05,1.8674022303473479e-10
-2.4348020552872756e-05,1.8674022303473479e-10
-2.4348020552872756e-05,1.8674022303473479e-10
-2.4348020552872756e-05,1.8674022303477677e-10
-2.4348015535006554e-05,6.521944538011395e-07
-2.4348020552872756e-05,1.8674022303473479e-10
-2.4348020552872756e-05,1.8674022303473479e-10
-2.4348020552872756e-05,1.8674022303473479e-10
-2.4348020552872756e-05,1.8674022303473479e-10
126443839484.28107,-969774.3138500511
-2.434802055287273e-05,1.8674024753964093e-10
-2.4348020552872756e-05,1.8674022303473479e-10
-2.4348020552872756e-05,1.8674022303473479e-10
-2.4348020552872756e-05,1.8674022303473479e-10
-2.4348020552872756e-05,1.8674022303473479e-10
-2.4348020552872756e-05,1.8674022303473479e-10
-2.4348020552872756e-05,1.8674022303477635e-10
-2.434801717023166e-05,4.398117805815597e-07
-2.4348020552872756e-05,1.8674022303473479e-10
-2.4348020552872756e-05,1.8674022303473479e-10
-2.4348020552872756e-05,1.8674022303473479e-10
-2.4348020552872756e-05,1.8674022303473479e-10
-3.4410991595767557e-06,2.725937366592162
-2.4348020552872726e-05,1.867402270196635e-10
-2.4348020552872756e-05,1.8674022303473479e-10
-2.4348020552872756e-05,1.8674022303473479e-10
0.0004588384473283613,62.999999998333806
-2.4348020552872756e-05,1.8674022303473479e-10
-2.4348020552872756e-05,1.8674022303473479e-10
-2.4348020552872756e-05,1.8674022303477925e-10
-2.4348017113533204e-05,4.472622759131395e-07
-2.4348020552872756e-05,1.8674022303473479e-10
-2.4348020552872756e-05,1.8674022303473479e-10
-2.4348020552872756e-05,1.8674022303473479e-10
-2.4348020552872756e-05,1.8674022303473479e-10
-3.2829122358251142e-06,2.7465624810324734
-2.4348020552872715e-05,1.8674022435622706e-10
-2.4348020552872756e-05,1.8674022303473479e-10
-2.4348020552872756e-05,1.8674022303473479e-10
-2.4348020552872756e-05,1.8674022303473479e-10
-2.4348020552872756e-05,1.8674022303473479e-10
-2.4348020552872756e-05,1.8674022303473479e-10
-2.4348020552872756e-05,1.8674022303478276e-10
-2.4348016372027335e-05,5.441602393411223e-07
-2.4348020552872756e-05,1.8674022303473479e-10
-2.4348020552872756e-05,1.8674022303473479e-10
-2.4348020552872756e-05,1.8674022303473479e-10
-2.4348020552872756e-05,1.8674022303473479e-10
-3.189438782171197e-06,2.7587499619586286
-2.4348020552872736e-05,1.8674022331089775e-10
-2.4348020552872265e-05,1.86740223034731e-10
-2.4348020552872756e-05,1.8674022303473479e-10
-2.4348020552872756e-05,1.8674022303473479e-10
-2.4348020552872756e-05,1.8674022303473479e-10
-2.4348020552872756e-05,1.8674022303473479e-10
-2.4348020552872756e-05,1.867402230347898e-10
-2.4348020552872756e-05,1.8674022358368534e-10
-2.4348020552872756e-05,1.8674022303473479e-10
-2.4348020552872756e-05,1.8674022303473479e-10
-2.4348020552872756e-05,1.8674022303473479e-10
-2.4348020552872756e-05,1.8674022303473479e-10
-3.111544897008951e-06,2.768906116590898
-2.4348020552872753e-05,1.867402231177516e-10
-2.4348020552872075e-05,1.8674022303472956e-10
-2.4348020552872756e-05,1.8674022303473479e-10
-2.4348020552872756e-05,1.8674022303473479e-10
-2.4348020552872756e-05,1.8674022303473479e-10
-2.4348020552872756e-05,1.8674022303473479e-10
-2.4348020552872756e-05,1.8674022303479476e-10
-2.434801503253248e-05,7.155231383177861e-07
-2.4348020552872756e-05,1.8674022303473479e-10
44.01513525761848,-0.0003375796466518882
-2.4348020552872756e-05,1.8674022303473479e-10
-2.4348020552872756e-05,1.8674022303473479e-10
-3.031287474728198e-06,2.7793748379803613
-2.4348020552872756e-05,1.8674022305167738e-10
-2.4348020552872756e-05,1.8674022303473479e-10
-2.4348020552872756e-05,1.8674022303473479e-10
0.20915987561036017,27274.369139823004
-2.4348020552872756e-05,1.8674022303473479e-10
-2.4348020552872756e-05,1.8674022303473479e-10
-2.4348020552872756e-05,1.8674022303480303e-10
-2.434801603783566e-05,5.888637229214168e-07
-2.4348020552872756e-05,1.8674022303473479e-10
-2.4348020552872756e-05,1.8674022303473479e-10
-2.4348020552872756e-05,1.8674022303473479e-10
-2.4348020552872756e-05,1.8674022303473479e-10
4.05648182994159e+29,-3.1111700436373484e+24
-2.4348020552872756e-05,1.8674022303981748e-10
-2.4348020552872756e-05,1.8674022303473479e-10
-2.4348020552872756e-05,1.8674022303473479e-10
0.4399416775144817,57364.726560813004
-2.4348020552872756e-05,1.8674022303473479e-10
-2.4348020552872756e-05,1.8674022303473479e-10
-2.4348020552872756e-05,1.8674022303473479e-10
-2.4348015386421535e-05,6.670943644390709e-07
-2.4348020552872756e-05,1.8674022303473479e-10
0.44150054501188657,-3.3861442685429775e-06
-2.4348020552872756e-05,1.8674022303473479e-10
-2.4348020552872756e-05,1.8674022303473479e-10
-2.8313435399031937e-06,2.799999952420352
-2.4348020552872756e-05,1.8674022303539658e-10
-2.4348020552872756e-05,1.8674022303473479e-10
-2.4348020552872756e-05,1.8674022303473479e-10
-2.4348020552872756e-05,1.8674022303473479e-10
-2.4348020552872756e-05,1.8674022303473479e-10
-2.4348020552872756e-05,1.8674022303473479e-10
-2.4348020552872756e-05,1.8674022303474756e-10
-2.4348015813171462e-05,6.111343491524058e-07
-2.4348020552872756e-05,1.8674022303473479e-10
-2.4348020552872756e-05,1.8674022303473479e-10
-2.4348020552872756e-05,1.8674022303473479e-10
-2.4348020552872756e-05,1.8674022303473479e-10
126443839484.28107,-969774.2083813011
-2.4348020552872756e-05,1.8674022303532048e-10
-2.4348020552872756e-05,1.8674022303473479e-10
-2.4348020552872756e-05,1.8674022303473479e-10
-2.4348020552872756e-05,1.8674022303473479e-10
-2.4348020552872756e-05,1.8674022303473479e-10
-2.4348020552872756e-05,1.8674022303473479e-10
-2.4348020552872756e-05,1.8674022303474086e-10
-2.4348013368150585e-05,9.279299984118682e-07
-2.4348020552872756e-05,1.8674022303473479e-10
-2.4348020552872756e-05,1.8674022303473479e-10
-2.4348020552872756e-05,1.8674022303473479e-10
-2.4348020552872756e-05,1.8674022303473479e-10
-2.7136821459352674e-06,2.82078123103029
-2.4348020552872756e-05,1.8674022303527747e-10
-2.4348020552872756e-05,1.8674022303473479e-10
-2.4348020552872756e-05,1.8674022303473479e-10
-2.4348020552872756e-05,1.8674022303473479e-10
-2.4348020552872756e-05,1.8674022303473479e-10
-2.4348020552872756e-05,1.8674022303473479e-10
-2.4348020552872756e-05,1.867402230347397e-10
-2.4348011418018587e-05,1.1851198660296052e-06
-2.4348020552872756e-05,1.8674022303473479e-10
-2.4348020552872756e-05,1.8674022303473479e-10
-2.4348020552872756e-05,1.8674022303473479e-10
-2.4348020552872756e-05,1.8674022303473479e-10
-151996493459081.53,1165756333.1007247
-2.4348020552872756e-05,1.867402230351749e-10
-2.4348020552872756e-05,1.8674022303473479e-10
-2.4348020552872756e-05,1.8674022303473479e-10
-2.4348020552872756e-05,1.8674022303473479e-10
-2.4348020552872756e-05,1.8674022303473479e-10
-2.4348020552872756e-05,1.8674022303473479e-10
-2.4348020552872756e-05,1.8674022303473802e-10
-2.4348007796722152e-05,1.6619571379058185e-06
-2.4348020552872756e-05,1.8674022303473479e-10
-2.4348020552872756e-05,1.8674022303473479e-10
-2.4348020552872756e-05,1.8674022303473479e-10
-2.4348020552872756e-05,1.8674022303473479e-10
-4.9326819535660064e+32,3.7831828101510535e+27
-2.4348020552872756e-05,1.8674022303519806e-10
-2.4348020552872756e-05,1.8674022303473479e-10
-2.4348020552872756e-05,1.8674022303473479e-10
-2.4348020552872756e-05,1.8674022303473479e-10
-2.4348020552872756e-05,1.8674022303473479e-10
-2.4348020552872756e-05,1.8674022303473479e-10
-2.4348020552872756e-05,1.867402230347377e-10
-2.4348006893422053e-05,1.7811666548268534e-06
-2.4348020552872756e-05,1.8674022303473479e-10
-2.4348020552872756e-05,1.8674022303473479e-10
-2.4348020552872756e-05,1.8674022303473479e-10
-2.4348020552872756e-05,1.8674022303473479e-10
-5.252403355501249e-05,2.851874828825341
-2.4348020552872756e-05,1.8674022303508223e-10
-2.4348020552872756e-05,1.8674022303473479e-10
-2.4348020552872756e-05,1.8674022303473479e-10
-2.4348020552872756e-05,1.8674022303473479e-10
-2.4348020552872756e-05,1.8674022303473479e-10
-2.4348020552872756e-05,1.8674022303473479e-10
-2.4348020552872756e-05,1.867402230347373e-10
-2.4348006035615175e-05,1.8929253637774186e-06
-2.4348020552872756e-05,1.8674022303473479e-10
-2.4348020552872756e-05,1.8674022303473479e-10
-2.4348020552872756e-05,1.8674022303473479e-10
-2.4348020552872756e-05,1.8674022303473479e-10
5.848603149590348e+35,-4.4856601555122813e+30
-2.4348020552872756e-05,1.8674022303556528e-10
-2.4348020552872756e-05,1.8674022303473479e-10
-2.4348020552872756e-05,1.8674022303473479e-10
-2.4348020552872756e-05,1.8674022303473479e-10
-2.4348020552872756e-05,1.8674022303473479e-10
-2.4348020552872756e-05,1.8674022303473479e-10
-2.4348020552872756e-05,1.8674022303473716e-10
-2.4348009693004565e-05,1.416088546648833e-06
-2.4348020552872756e-05,1.8674022303473479e-10
-2.4348020552872756e-05,1.8674022303473479e-10
-2.4348020552872756e-05,1.8674022303473479e-10
-2.4348020552872756e-05,1.8674022303473479e-10
0.058747682830316166,2.8724994922912424
-2.4348020552872756e-05,1.8674022303669402e-10
-2.4348020552872756e-05,1.8674022303473479e-10
-2.4348020552872756e-05,1.8674022303473479e-10
-2.4348020552872756e-05,1.8674022303473479e-10
-2.4348020552872756e-05,1.8674022303473479e-10
-2.4348020552872756e-05,1.8674022303473479e-10
-2.4348020552872756e-05,1.8674022303473704e-10
-2.4348010836292948e-05,1.267077616835769e-06
-2.4348020552872756e-05,1.8674022303473479e-10
-2.4348020552872756e-05,1.8674022303473479e-10
-2.4348020552872756e-05,1.8674022303473479e-10
-2.4348020552872756e-05,1.8674022303473479e-10
-2.2379254824145025e-06,2.8828125001019522
-2.4348020552872756e-05,1.8674022303632982e-10
-2.4348020552872756e-05,1.8674022303473479e-10
-2.4348020552872756e-05,1.8674022303473479e-10
-2.4348020552872756e-05,1.8674022303473479e-10
-2.4348020552872756e-05,1.8674022303473479e-10
-2.4348020552872756e-05,1.8674022303473479e-10
-2.4348020552872756e-05,1.867402230347371e-10
-2.4348020552694913e-05,1.8674022303337082e-10
-2.4348020552872756e-05,1.8674022303473479e-10
-2.4348020552872756e-05,1.8674022303473479e-10
-2.4348020552872756e-05,1.8674022303473479e-10
-2.4348020552872756e-05,1.8674022303473479e-10
-2.1576342996913706e-06,2.893281221491415
-2.4348020552872756e-05,1.8674022303473479e-10
-2.4348020552872756e-05,1.8674022303473479e-10
-2.4348020552872756e-05,1.8674022303473479e-10
-2.4348020552872756e-05,1.8674022303473479e-10
-2.4348020552872756e-05,1.8674022303473479e-10
-2.4348020552872756e-05,1.8674022303473479e-10
-2.4348020552872756e-05,1.8674022303473737e-10
-2.434801360873264e-05,9.05578427152541e-07
-2.4348020552872756e-05,1.8674022303473479e-10
-2.4348020552872756e-05,1.8674022303473479e-10
-2.4348020552872756e-05,1.8674022303473479e-10
-2.4348020552872756e-05,1.8674022303473479e-10
-2.3021535758887492e+20,1765665801407231.0
-2.4348020552872756e-05,1.867402230528439e-10
-2.4348020552872756e-05,1.8674022303473479e-10
-2.4348020552872756e-05,1.8674022303473479e-10
-2.4348020552872756e-05,1.8674022303473479e-10
-2.4348020552872756e-05,1.8674022303473479e-10
-2.4348020552872756e-05,1.8674022303473479e-10
-2.4348020552872756e-05,1.8674022303473727e-10
-2.4348016154085253e-05,5.591266567785907e-07
-2.4348020552872756e-05,1.8674022303473479e-10
-2.4348020552872756e-05,1.8674022303473479e-10
-2.4348020552872756e-05,1.8674022303473479e-10
-2.4348020552872756e-05,1.8674022303473479e-10
-1.9982496550924604e-06,2.9140625001010334
-2.4348020552872756e-05,1.8674022303894444e-10
-2.4348020552872756e-05,1.8674022303473479e-10
-2.4348020552872756e-05,1.8674022303473479e-10
-2.4348020552872756e-05,1.8674022303473479e-10
-2.4348020552872756e-05,1.8674022303473479e-10
-2.4348020552872756e-05,1.8674022303473479e-10
-2.4348020552872756e-05,1.867402230347374e-10
-2.4348017952858507e-05,3.391881573730983e-07
-2.4348020552872756e-05,1.8674022303473479e-10
-2.4348020552872756e-05,1.8674022303473479e-10
-2.4348020552872756e-05,1.8674022303473479e-10
-2.4348020552872756e-05,1.8674022303473479e-10
2.7200830219953198e+23,-2.086202075841726e+18
-2.4348020552872756e-05,1.8674022303638938e-10
-2.4348020552872756e-05,1.8674022303473479e-10
-2.4348020552872756e-05,1.8674022303473479e-10
-2.4348020552872756e-05,1.8674022303473479e-10
-2.4348020552872756e-05,1.8674022303473479e-10
-2.4348020552872756e-05,1.8674022303473479e-10
-2.4348020552872756e-05,1.8674022303473766e-10
-2.4348019138298857e-05,1.8462517452065707e-07
-2.4348020552872756e-05,1.8674022303473479e-10
-2.4348020552872756e-05,1.8674022303473479e-10
-2.4348020552872756e-05,1.8674022303473479e-10
-2.4348020552872756e-05,1.8674022303473479e-10
-1.8400645599222675e-06,2.9346873761227656
-2.4348020552872756e-05,1.8674022303670725e-10
-2.4348020552872756e-05,1.8674022303473479e-10
-2.4348020552872756e-05,1.8674022303473479e-10
-2.4348020552872756e-05,1.8674022303473479e-10
-2.4348020552872756e-05,1.8674022303473479e-10
-2.4348020552872756e-05,1.8674022303473479e-10
-2.4348020552872756e-05,1.8674022303473745e-10
-2.434801963479183e-05,9.8925229603584e-08
-2.4348020552872756e-05,1.8674022303473479e-10
-2.4348020552872756e-05,1.8674022303473479e-10
-2.4348020552872756e-05,1.8674022303473479e-10
-2.4348020552872756e-05,1.8674022303473479e-10
89128.9609331176,2.261414094909348
-2.4348020552872756e-05,1.8674022303548269e-10
-2.4348020552872756e-05,1.8674022303473479e-10
-2.4348020552872756e-05,1.8674022303473479e-10
-2.4348020552872756e-05,1.8674022303473479e-10
-2.4348020552872756e-05,1.8674022303473479e-10
-2.4348020552872756e-05,1.8674022303473479e-10
-2.4348020552872756e-05,1.867402230347376e-10
-2.4348019903444786e-05,6.632895370399873e-08
-2.4348020552872756e-05,1.8674022303473479e-10
598269.1249580559,-4.588500719672727
-2.4348020552872756e-05,1.8674022303473479e-10
-2.4348020552872756e-05,1.8674022303473479e-10
2.7200830219953198e+23,-2.086202075841726e+18
-2.4348020552872756e-05,1.8674022303619086e-10
-2.4348020552872756e-05,1.8674022303473479e-10
-2.4348020552872756e-05,1.8674022303473479e-10
-2.4297912971221302e-05,0.0065332494678948675
-2.4348020552872756e-05,1.8674022303473479e-10
-2.4348020552872756e-05,1.8674022303473479e-10
-2.4348020552872756e-05,1.867402230347379e-10
-2.4348020299229638e-05,3.325785762220286e-08
-2.4348020552872756e-05,1.8674022303473479e-10
55055.890599032704,-0.42225811611721686
-2.4348020552872756e-05,1.8674022303473479e-10
-2.4348020552872756e-05,1.8674022303473479e-10
-1.6015864261626758e-06,2.9657812119525393
-2.4348020552872756e-05,1.8674022303473479e-10
0.2533431406941299,33035.17968652857
0.34565039085501986,45070.60937367459
-2.4338828982874946e-05,0.0011984379500829994
-2.4348020552872756e-05,1.8674022303473479e-10
-2.4348020552872756e-05,1.8674022303473479e-10
-2.4348020552872756e-05,1.867402230347379e-10
-2.434802020804407e-05,2.5919111121901942e-08
-2.4348020552872756e-05,1.8674022303473479e-10
5665.988256735333,-0.04345601353823838
-2.4348020552872756e-05,1.8674022303473479e-10
-2.4348020552872756e-05,1.8674022303473479e-10
-3.2186439839881614e+26,2.4685797111685144e+21
-2.4348020552872756e-05,1.8674022303697195e-10
-2.4348020552872756e-05,1.8674022303473479e-10
-2.4348020552872756e-05,1.8674022303473479e-10
0.0004259279877616838,0.0002308636978554271
-2.4348020552872756e-05,1.8674022303473479e-10
-2.4348020552872756e-05,1.8674022303473479e-10
-2.4348020552872756e-05,1.867402230347381e-10
-2.434802035367495e-05,2.6151938213965917e-08
-2.4348020552872756e-05,1.8674022303473479e-10
635.9999756332736,-0.004877882250917949
-2.4348020552872756e-05,1.8674022303473479e-10
-2.4348020552872756e-05,1.8674022303473479e-10
-1.44343511871968e-06,2.986406087974272
-2.4348020552872756e-05,1.8674022303524446e-10
-2.4348020552872756e-05,1.8674022303473479e-10
0.0016327315617947217,216.05740355828527
7.486938966944136e-05,4.6510482788706996e-05
-2.4348020552872756e-05,1.8674022303473479e-10
-2.4348020552872756e-05,1.8674022303473479e-10
-2.4348020552872756e-05,1.867402230347383e-10
-2.4348020552840006e-05,1.8674024884276522e-10
158.04758972386162,156.0481347624394
215.06000372182606,-0.0016494298981576264
-2.4348020552872756e-05,1.8674022303473479e-10
-2.4348020552872756e-05,1.8674022303473479e-10
4.05648182994159e+29,-3.1111700436373484e+24
-2.4348020552872756e-05,1.8674022303614453e-10
0.0014792339400757372,196.04370116629576
-2.4348020552872756e-05,1.8674022303473479e-10
-4.073614705533213e-06,9.839660699502424e-06
-2.4348020552872756e-05,1.8674022303473479e-10
-2.4348020552872756e-05,1.8674022303473479e-10
-2.4348020552872756e-05,1.8674022303473848e-10
-2.4348020389337816e-05,1.3111134221630039e-08
-2.4348020552872756e-05,1.8674022303473479e-10
12.878655880787676,-9.877448009966196e-05
-2.4348020552872756e-05,1.8674022303473479e-10
-2.4348020552872756e-05,1.8674022303473479e-10
89128.960933567,2.3200078449076247
-2.4348020552872756e-05,1.867402230585614e-10
5.976215974953218e-06,3.953808784555316
9.699771002590625e-06,4.4393024445141815
-2.0203290754148076e-05,2.206744167106316e-06
-2.4348020552872756e-05,1.8674022303473479e-10
-2.4348020552872756e-05,1.8674022303473479e-10
-2.4348020552872756e-05,1.8674022303473833e-10
-2.434802045888929e-05,6.736250934057514e-09
1.500339478687028,-1.1507043386521886e-05
2.016512602985201,-1.5465898446080474e-05
-2.4348020552872756e-05,1.8674022303473479e-10
-2.4348020552872756e-05,1.8674022303473479e-10
-151996493459081.53,1165756333.278459
-2.4348020552872756e-05,1.8674022305273806e-10
-1.90438799518942e-05,0.6915774347061947
-1.907515235178786e-05,0.6875000001665197
-2.4348016321954016e-05,5.518327366451202e-07
-2.4348020552872756e-05,1.8674022303473479e-10
-2.4348020552872756e-05,1.8674022303473479e-10
-2.4348020552872756e-05,1.8674022303473872e-10
-2.434802050989132e-05,5.164645422006466e-09
0.28913166983407196,0.30673487759468104
0.3575109248056166,-2.7419752538231755e-06
-2.4348020552872756e-05,1.8674022303473479e-10
-2.4348020552872756e-05,1.8674022303473479e-10
-1.2324854599417985e-06,3.0139062405613535
-2.4348020552872756e-05,1.8674022308195687e-10
-2.3426602876421053e-05,0.12013853359661694
-2.3434045488623115e-05,0.11916813272679914
-2.4348019387999193e-05,1.5206813479079628e-07
-2.4348020552872756e-05,1.8674022303473479e-10
-2.4348020552872756e-05,1.8674022303473479e-10
-2.4348020552872756e-05,1.8674022303473884e-10
-2.4348020491238878e-05,3.039489148620354e-09
0.04954799718907528,0.05250192430248019
0.06126894476829572,-4.69909920861491e-07
-2.4348020552872756e-05,1.8674022303473479e-10
-2.4348020552872756e-05,1.8674022303473479e-10
-1.1923407828709654e-06,3.019140482046795
-2.4348020552872756e-05,1.8674022303473479e-10
-2.4163541456511055e-05,0.02405320499069167
-2.4158849530806885e-05,0.024664959124971048
-2.4348020218942356e-05,4.3726070585027796e-08
-2.4348020552872756e-05,1.8674022303473479e-10
-2.4348020552872756e-05,1.8674022303473479e-10
-2.4348020552872756e-05,1.8674022303473918e-10
-2.4348020470752715e-05,1.5694593838368942e-09
-2.4177579690560757e-05,0.02222283761930557
0.028547024830336193,-2.189450174078368e-07
-2.4348020552872756e-05,1.8674022303473479e-10
-2.4348020552872756e-05,1.8674022303473479e-10
5.848603149590348e+35,-4.4856601555122813e+30
-2.4348020552872756e-05,1.8674022559665066e-10
0.004585278407064843,0.02649458892658152
0.029157050429917133,-2.2362368589652435e-07
-2.434802045863937e-05,1.2473308429960387e-08
-2.4348020552872756e-05,1.8674022303473479e-10
-2.4348020552872756e-05,1.8674022303473479e-10
-2.4348020552872756e-05,1.8674022303473998e-10
-2.434802051585596e-05,1.1036545450242958e-09
0.0019905250630687346,-1.5266583721929215e-08
0.002768859743990524,-2.1236119996772514e-08
-2.4348020552872756e-05,1.8674022303473479e-10
-2.4348020552872756e-05,1.8674022303473479e-10
-1.1126475462807792e-06,3.029531240560894
-2.4348020552872756e-05,1.86740223044107e-10
0.000952540138007913,0.0010531849979198862
0.001234510272259463,0.0010685162465985216
-2.4348020546871555e-05,9.69203428351644e-10
-2.4348020552872756e-05,1.8674022303473479e-10
-2.4348020552872756e-05,1.8674022303473479e-10
-2.4348020552872756e-05,1.867402230347402e-10
-2.4348020521890866e-05,9.108420013559569e-10
0.0004143421649810997,-3.177849638053483e-09
0.0006129244456643989,0.0008318247995075387
-2.4348020552872756e-05,1.8674022303473479e-10
-2.4348020552872756e-05,1.8674022303473479e-10
-3.2186439839881614e+26,2.4685797111685144e+21
-2.4348020552872756e-05,1.8674022529849548e-10
0.00020262839837000696,0.0002518522844862442
0.00024469073827141974,0.00024424058262338737
-2.4348020550696403e-05,4.705025699795425e-10
-2.4348020552872756e-05,1.8674022303473479e-10
-2.4348020552872756e-05,1.8674022303473479e-10
-2.4348020552872756e-05,1.867402230347408e-10
-2.4348020524614812e-05,9.18117958991246e-10
8.77309760518646e-05,-6.728638165638153e-10
0.0001302013598567654,0.00018888321031992604
-2.4348020552872756e-05,1.8674022303473479e-10
2208.443579102651,-0.016937937341793417
-107374183.99684298,826.5597278226913
-2.4348020552872756e-05,1.8674022340749055e-10
3.598181164019152e-05,-2.759670551571963e-10
7.390613016110988e-05,0.00011255819914805344
-2.434802054941178e-05,6.379978931413493e-10
-2.4348020552872756e-05,1.8674022303473479e-10
-2.4348020552872756e-05,1.8674022303473479e-10
-2.4348020552872756e-05,1.867402230347416e-10
-2.434802052847553e-05,7.471328440602144e-10
9.4406696266512e-05,-7.24064097058636e-10
-2.4346542624686812e-05,0.00019269903470268675
-2.4348020552872756e-05,1.8674022303473479e-10
-2.4348020552872756e-05,1.8674022303473479e-10
-9.940429424908525e-07,3.044999837972549
-2.4348020552872756e-05,1.8674022306025548e-10
-5.745734301800802e-06,8.728221333121898e-05
6.0076581836308116e-05,-4.6076494255106973e-10
-2.4348020546815752e-05,9.764791639210087e-10
-2.4348020552872756e-05,1.8674022303473479e-10
-2.4348020552872756e-05,1.8674022303473479e-10
-2.4348020552872756e-05,1.867402230347429e-10
-2.4348020537517516e-05,6.251886671475596e-10
-1.6239002171891896e-05,1.245470809775065e-10
-1.2840973445078039e-05,1.2818640503913997e-05
-2.4348020552872756e-05,1.8674022303473479e-10
-2.4348020552872756e-05,1.8674022303473479e-10
0.058749045986584064,3.050233867286015
-2.4348020552872753e-05,1.8674022328212951e-10
-1.9548605188327047e-05,1.4993049989254476e-10
-2.4348020552872756e-05,1.8674022303473479e-10
-2.434802054237707e-05,1.5552146678683543e-09
-2.4348020552872756e-05,1.8674022303473479e-10
-2.4348020552872756e-05,1.8674022303473479e-10
-2.4348020552872756e-05,1.8674022303474358e-10
-2.4348020529314303e-05,6.088178457189767e-10
-2.434800169562659e-05,2.4588783371355837e-06
-2.1068952684180356e-05,1.61590997297228e-10
-2.4348020552872756e-05,1.8674022303473479e-10
-2.4348020552872756e-05,1.8674022303473479e-10
-9.143159454582842e-07,3.0553905964866472
-2.4348020552872756e-05,1.867402230519969e-10
-2.2820330136126344e-05,1.393762377408604e-06
-2.4348020552872756e-05,1.8674022303473479e-10
-2.434802053444837e-05,2.5889937301917504e-09
-2.4348020552872756e-05,1.8674022303473479e-10
-2.4348020552872756e-05,1.8674022303473479e-10
-2.4348020552872756e-05,1.8674022303474316e-10
-2.434802053692494e-05,5.215064654268809e-10
-2.4348014694287455e-05,7.640551398452753e-07
-2.4348020552872756e-05,1.8674022303473479e-10
-2.4348020552872756e-05,1.8674022303473479e-10
-2.4348020552872756e-05,1.8674022303473479e-10
-8.742050288298332e-07,3.0606248379720893
-2.4348020552872756e-05,1.8674022310335976e-10
-2.3695939454440774e-05,1.8173900457865966e-10
-2.4348020552872756e-05,1.8674022303473479e-10
-2.434802052093466e-05,4.350970960925233e-09
-2.4348020552872756e-05,1.8674022303473479e-10
-2.4348020552872756e-05,1.8674022303473479e-10
-2.4348020552872756e-05,1.8674022303474342e-10
-2.4348020524795545e-05,4.742128241069965e-10
-2.4348020552872756e-05,1.8674022303473479e-10
-2.4348010949428333e-05,1.2523265222681475e-06
-2.4348020552872756e-05,1.8674022303473479e-10
-2.4348020552872756e-05,1.8674022303473479e-10
-2.3021535758887492e+20,1765665801407231.0
-2.4348020552872756e-05,1.8674022346000664e-10
-2.4271167028441698e-05,1.8615078520909733e-10
-2.4348020552872756e-05,1.8674022303473479e-10
-2.4348020495934558e-05,7.610595531091439e-09
-2.4348020552872756e-05,1.8674022303473479e-10
-2.4348020552872756e-05,1.8674022303473479e-10
-2.4348020552872756e-05,1.8674022303474466e-10
-2.4348020529886864e-05,5.196873927025752e-10
-2.4348020552872756e-05,1.8674022303473479e-10
-2.4348002260238015e-05,2.3852617896131693e-06
-2.4348020552872756e-05,1.8674022303473479e-10
6.884722495058752e+27,8.976607293616426e+32
4.05648182994159e+29,-3.1111700436373484e+24
-2.4348020552872756e-05,1.86740240711156e-10
-2.429816894483923e-05,2.1019067414488363e-06
-2.4348020552872756e-05,1.8674022303473479e-10
-2.4348020441674915e-05,1.4685209314569709e-08
-2.4348020552872756e-05,1.8674022303473479e-10
-2.4348020552872756e-05,1.8674022303473479e-10
-2.4348020552872756e-05,1.867402230347455e-10
-2.4348020544195605e-05,5.797140986422479e-10
-2.4348020552872756e-05,1.8674022303473479e-10
-2.4348020552872756e-05,1.8674022303473479e-10
-2.4348020552872756e-05,1.8674022303473479e-10
-2.4348020552872756e-05,1.8674022303473479e-10
126443839484.28108,-969773.9427563011
-2.4348020552872753e-05,1.867402327945139e-10
-2.4259031651536707e-05,3.66652973092249e-06
-2.4348020552872756e-05,1.8674022303473479e-10
-2.4348020552872756e-05,1.8674022303473479e-10
-2.4348020552872756e-05,1.8674022303473479e-10
1.3578328106324734e+22,-1.0414070472413491e+17
-2.4348020552872756e-05,1.8674022303474652e-10
-2.434802053639567e-05,5.688002176719804e-10
-1.7880916594933083e-05,1.3713995130537723e-10
-2.4348020552872756e-05,1.8674022303473479e-10
-2.4348020552872756e-05,1.8674022303473479e-10
-2.1397155898110263e-05,1.6410819335581094e-10
-2.3021535758887492e+20,1765665801407231.0
-2.4348020552872753e-05,1.8674022555599533e-10
-2.4172824722484832e-05,8.883921369428999e-06
-2.4348020552872756e-05,1.8674022303473479e-10
-2.4348020552872756e-05,1.8674022303473479e-10
-2.4348020552872756e-05,1.8674022303473479e-10
-2.434802055287517e-05,1.867402230347533e-10
-2.4348020552872756e-05,1.8674022303474797e-10
-2.4348020536477624e-05,6.015421102041243e-10
-2.4171957456331547e-05,1.8538988484831446e-10
-2.4348020552872756e-05,1.8674022303473479e-10
-2.4348020552872756e-05,1.8674022303473479e-10
-2.4348020552872756e-05,1.8674022303473479e-10
4.05648182994159e+29,-3.1111700436373484e+24
-2.4348020552872756e-05,1.867402249596852e-10
-2.434789068293695e-05,1.6933206391057875e-05
-2.4348020552872756e-05,1.8674022303473479e-10
-2.4348020552872756e-05,1.8674022303473479e-10
-2.4348020552872756e-05,1.8674022303473479e-10
-2.4348020552871838e-05,1.868601341687049e-10
-2.4348020552872756e-05,1.867402230347507e-10
-2.4348020530688977e-05,5.888093508679857e-10
-2.430962541448119e-05,2.611259969863644e-05
-2.4348020552872756e-05,1.8674022303473479e-10
-2.4348020552872756e-05,1.8674022303473479e-10
-2.4348020552872756e-05,1.8674022303473479e-10
-6.362929366504027e-07,3.09164047250792
-2.4348020552872753e-05,1.8674022441056266e-10
-2.4348019791995392e-05,9.939331384284014e-08
-2.4348020552872756e-05,1.8674022303473479e-10
-2.4348020552872756e-05,1.8674022303473479e-10
-2.4348020552872756e-05,1.8674022303473479e-10
-2.4348020552872756e-05,1.8674022303652687e-10
-2.4348020552872756e-05,1.8674022303475391e-10
-2.4348020268680514e-05,6.379220627556612e-10
-2.4124461085052515e-05,1.8502560542170861e-10
-2.4348020552872756e-05,1.8674022303473479e-10
-2.4348020552872756e-05,1.8674022303473479e-10
1.8637586093071876e+30,2.430051340174538e+35
-5.967462056891811e-07,3.0967967511179975
-2.4348020552872756e-05,1.8674022387511462e-10
-2.434801769507686e-05,3.727988751366415e-07
-2.4348020552872756e-05,1.8674022303473479e-10
-2.4348020552872756e-05,1.8674022303473479e-10
-2.4348020552872756e-05,1.8674022303473479e-10
-2.4348020552872756e-05,1.8674034017072254e-10
-2.4348020552872756e-05,1.8674022303475753e-10
-2.4348020378061822e-05,8.562732618344322e-10
-2.425486621170287e-05,1.6972962270856763e-07
-2.4348020552872756e-05,1.8674022303473479e-10
-2.4348020552872756e-05,1.8674022303473479e-10
-2.4348020552872756e-05,1.8674022303473479e-10
-5.565997000369028e-07,3.1020312310220186
-2.434802055287275e-05,1.867402241191832e-10
0.00018550049233636055,-1.4227194870614632e-09
-2.4346732358321763e-05,1.8673034306370214e-10
-2.4348020552872756e-05,1.8674022303473479e-10
-2.4348020552872756e-05,1.8674022303473479e-10
1.0605129061318532,138277.5624959332
-2.4348020552872756e-05,1.8674022303476064e-10
-2.4348020294171882e-05,1.0199825850707259e-09
-2.4309360313419692e-05,1.8644371343871385e-10
-2.4348020552872756e-05,1.8674022303473479e-10
-2.4348020552872756e-05,1.8674022303473479e-10
-2.4348020552872756e-05,1.8674022303473479e-10
-5.164550229893833e-07,3.10726547250746
-2.4348020552872756e-05,1.8674022422760388e-10
-2.4348009921735415e-05,1.3863216945553858e-06
-2.4348020552872756e-05,1.8674022303473479e-10
-2.4348020552872756e-05,1.8674022303473479e-10
-2.4348020552872756e-05,1.8674022303473479e-10
-2.4348020552872756e-05,1.8674022303473479e-10
-2.4348020552872756e-05,1.867402230347656e-10
-2.434802035827884e-05,1.3511845403229251e-09
-2.4348020552872756e-05,1.8674022303473479e-10
-2.4348020552872756e-05,1.8674022303473479e-10
-2.4348020552872756e-05,1.8674022303473479e-10
-3.375264741767646e-06,2.734521150695303
-151996493459081.53,1165756333.3819747
-2.4348020552872756e-05,1.867402241666175e-10
-2.1873794684532394e-05,3.9885468554529123e-07
-2.4348020552872756e-05,1.8674022303473479e-10
-2.4348020552872756e-05,1.8674022303473479e-10
-2.4348020552872756e-05,1.8674022303473479e-10
5.651060117651457e+37,-4.334152028750519e+32
-2.4348020552872756e-05,1.8674022303477304e-10
-2.4348020264205022e-05,1.453048168247583e-09
-2.431145521724367e-05,8.402667277738049e-08
-2.4348020552872756e-05,1.8674022303473479e-10
-2.4348020552872756e-05,1.8674022303473479e-10
-2.4348020552872756e-05,1.8674022303473479e-10
-5.0486789022775146e-05,3.1174998288175284
-2.4348020552872756e-05,1.8674022392944818e-10
-2.43480048907421e-05,2.042284971121773e-06
-2.4341599684674822e-05,5.962204585642417e-06
-2.4348020552872756e-05,1.8674022303473479e-10
-2.4348020552872756e-05,1.8674022303473479e-10
11342407.999642054,-86.99203267898551
-2.4348020552872756e-05,1.8674022303478007e-10
-2.434802028899929e-05,1.9259855243958807e-09
-2.434176194812737e-05,1.8669222187408595e-10
-2.4348020552872756e-05,1.8674022303473479e-10
-2.4348020552872756e-05,1.8674022303473479e-10
-2.4348020552872756e-05,1.8674022303473479e-10
89128.96093448077,2.4391484699041204
-2.4348020552872753e-05,1.8674022331601145e-10
-2.4288081738790604e-05,0.007815089263267799
-2.4348020552872756e-05,1.8674022303473479e-10
-2.4348020552872756e-05,1.8674022303473479e-10
-2.4348020552872756e-05,1.8674022303473479e-10
-1.4604487397744122e-05,1.1201096319269083e-10
-2.4348020552872756e-05,1.867402230347873e-10
-2.4348020273525688e-05,4.1751329482039745e-09
-2.4348020510005327e-05,5.775986177821484e-09
-2.4348020552872756e-05,1.8674022303473479e-10
-2.4348020552872756e-05,1.8674022303473479e-10
-2.4348020552872756e-05,1.8674022303473479e-10
-3.5826807192958937e-07,3.1278905869477716
-2.434802055287275e-05,1.8674022343798433e-10
-2.434802036979845e-05,2.405678216537422e-08
-2.416353339932406e-05,0.024054255522555808
-2.4348020552872756e-05,1.8674022303473479e-10
-2.4348020552872756e-05,1.8674022303473479e-10
-2.4348020552872756e-05,1.8674022303473479e-10
-2.4348020552872756e-05,1.8674022303480016e-10
-2.4348020107142688e-05,5.95046704893006e-09
-2.4339228344219206e-05,4.024399558336524e-08
-2.4348020552872756e-05,1.8674022303473479e-10
-2.4348020552872756e-05,1.8674022303473479e-10
-2.4348020552872756e-05,1.8674022303473479e-10
-5.036695110911413e-05,3.1331248288170688
-2.4348020552872756e-05,1.8674023414978236e-10
-2.3937871391632253e-05,0.05347707141081053
-2.387793229183425e-05,0.06129219774024109
-2.4348020552872756e-05,1.8674022303473479e-10
-2.4348020552872756e-05,1.8674022303473479e-10
-2.4348020552872756e-05,1.8674022303473479e-10
-2.4348020552872756e-05,1.8674022303481546e-10
-2.434801995414924e-05,9.676929297752967e-09
-2.434802042247457e-05,1.7188635225511787e-08
-2.4348020552872756e-05,1.8674022303473479e-10
-2.4348020552872756e-05,1.8674022303473479e-10
-2.4348020552872756e-05,1.8674022303473479e-10
-2.7857669120568714e-07,3.138281107043291
-2.4348020552872756e-05,1.8674023198137967e-10
-2.4348019223993885e-05,1.734518757903034e-07
-2.4348020552872756e-05,1.8674022303473479e-10
-2.4348020552872756e-05,1.8674022303473479e-10
-2.4348020552872756e-05,1.8674022303473479e-10
0.00013115367281330573,-1.0058996812408903e-09
-2.4348020552872756e-05,1.8674022303482622e-10
-2.43480199475461e-05,8.221747544785457e-09
-2.4348020552872756e-05,1.8674022303473479e-10
-2.4348020552872756e-05,1.8674022303473479e-10
-2.4348020552872756e-05,1.8674022303473479e-10
-2.4348020552872756e-05,1.8674022303473479e-10
5.848603149590348e+35,-4.4856601555122813e+30
-2.4348020552872756e-05,1.8674023268611026e-10
-2.43480196097117e-05,1.2316027202143542e-07
-2.4348020552872756e-05,1.8674022303473479e-10
-2.4348020552872756e-05,1.8674022303473479e-10
-2.4348020552872756e-05,1.8674022303473479e-10
-2.4348020552872756e-05,1.8674022303473479e-10
-2.4348020552872756e-05,1.8674022303483242e-10
-2.4348019394415745e-05,1.8674021414980223e-10
0.7774871890366806,-5.303492030337845e-06
-2.4348020552872756e-05,1.8674022303473479e-10
-2.4348020552872756e-05,1.8674022303473479e-10
-2.4348020552872756e-05,1.8674022303473479e-10
1.9023205581367715e+17,-1459008811569.8655
-2.4348020552872756e-05,1.8674022872778426e-10
1.6167123461805222e-05,5.282544612915894
-2.4348020552872756e-05,1.8674022303473479e-10
-2.4348020552872756e-05,1.8674022303473479e-10
-2.4348020552872756e-05,1.8674022303473479e-10
-2.4348020552872756e-05,1.8674033754387485e-10
-2.4348020552872756e-05,1.867402230348225e-10
-2.434801889166649e-05,4.3502690149573256e-08
9.190197806742058,8.627737132056852
-2.4348020552872756e-05,1.8674022303473479e-10
-2.4348020552872756e-05,1.8674022303473479e-10
-2.4348020552872756e-05,1.8674022303473479e-10
-3.2186439839881614e+26,2.4685797111685144e+21
-2.4348020552872756e-05,1.867402268846414e-10
2.815088557060412e-05,6.845040798172673
-2.4348020552872756e-05,1.8674022303473479e-10
-2.4348020552872756e-05,1.8674022303473479e-10
-2.4348020552872756e-05,1.8674022303473479e-10
-2.4348020552872756e-05,1.867402230351815e-10
-2.4348020552872756e-05,1.8674022303482332e-10
-2.4348018432002196e-05,7.564260576478347e-08
7.501367854502887,7.563853905521256
-2.4348020552872756e-05,1.8674022303473479e-10
-2.4348020552872756e-05,1.8674022303473479e-10
-2.4348020552872756e-05,1.8674022303473479e-10
-107374183.99684207,826.6788684476878
-2.4348020552872756e-05,1.867402274267491e-10
8.640193840655212e-05,14.440072059393382
-2.4348020552872756e-05,1.8674022303473479e-10
-2.4348020552872756e-05,1.8674022303473479e-10
-2.4348020552872756e-05,1.8674022303473479e-10
-2.4348020552872756e-05,1.8674022303473479e-10
-2.4348020552872756e-05,1.8674022303483035e-10
-2.434801778120553e-05,1.8674020177708244e-10
25.00551089726851,25.630417730154555
-2.4348020552872756e-05,1.8674022303473479e-10
-2.4348020552872756e-05,1.8674022303473479e-10
-2.4348020552872756e-05,1.8674022303473479e-10
1.9023205581367715e+17,-1459008811569.8499
-2.4348020552872753e-05,1.8674022805016615e-10
0.0003572943353735341,49.76022720209235
0.00046277548558268475,63.5133285505648
-2.4348020552872756e-05,1.8674022303473479e-10
-2.4348020552872756e-05,1.8674022303473479e-10
-2.4348020552872756e-05,1.8674022303473479e-10
-2.4348020552872756e-05,1.8674022303483283e-10
-2.4348015862186982e-05,1.8674018705892698e-10
97.52194487230568,100.02182742446956
-2.4348020552872756e-05,1.8674022303473479e-10
-2.4348020552872756e-05,1.8674022303473479e-10
-2.4348020552872756e-05,1.8674022303473479e-10
0.05874995975067573,3.1693744922825107
-2.4348020552872756e-05,1.867402239430035e-10
0.001479211119379288,196.0407257024287
0.0017477442439926977,231.0532684260083
-2.4348020552872756e-05,1.8674022303473479e-10
-2.4348020552872756e-05,1.8674022303473479e-10
0.06730369268022433,8778.529296616996
-2.4348020552872756e-05,1.8674022303484152e-10
-2.434800946582274e-05,7.155884513633643e-07
408.0878811213064,352.0874463006135
-2.4348020552872756e-05,1.8674022303473479e-10
-2.4348020552872756e-05,1.8674022303473479e-10
-2.4348020552872756e-05,1.8674022303473479e-10
-5.518537930059963e-10,3.174531221483143
-2.4348020552872753e-05,1.8674022519008682e-10
0.005345635234165623,700.1622924600626
0.0072787780687795615,952.2140502651495
-2.4348020552872756e-05,1.8674022303473479e-10
-2.4348020552872756e-05,1.8674022303473479e-10
1157226067467.7769,1.508842798682135e+17
-2.4348020552872756e-05,1.8674022303483614e-10
-2.434801620888141e-05,5.665756457604258e-07
-2.4348020552872756e-05,1.8674022303473479e-10
-2.4348020552872756e-05,1.8674022303473479e-10
-2.4348020552872756e-05,1.8674022303473479e-10
-2.4348020552872756e-05,1.8674022303473479e-10
3.8994877144884896e-08,3.1796875000932205
-2.4348020552872756e-05,1.8674022458674906e-10
0.02194644483761145,2864.649658119058
0.02710202168070062,3536.8566893492875
-2.4348020552872756e-05,1.8674022303473479e-10
-2.4348020552872756e-05,1.8674022303473479e-10
7.583782602009845e+16,9.888072942266352e+21
-2.4348020552872756e-05,1.8674022303483945e-10
-2.43480161688811e-05,5.702997991903131e-07
-2.4348020552872756e-05,1.8674022303473479e-10
-2.4348020552872756e-05,1.8674022303473479e-10
-2.4348020552872756e-05,1.8674022303473479e-10
-2.4348020552872756e-05,1.8674022303473479e-10
7.913955421571804e-08,3.1849217415786626
-2.4348020552872756e-05,1.8674022627429025e-10
0.420228999825769,54794.499998388594
0.33779004234112303,44045.742186204734
-2.4348020552872756e-05,1.8674022303473479e-10
-2.4348020552872756e-05,1.8674022303473479e-10
-2.4348020552872756e-05,1.8674022303474166e-10
-2.4348020552872756e-05,1.867402230348407e-10
-2.4348014151652087e-05,7.453873631827431e-07
99862.62555166111,107030.71065661122
-2.4348020552872756e-05,1.8674022303473479e-10
-2.4348020552872756e-05,1.8674022303473479e-10
-2.4348020552872756e-05,1.8674022303473479e-10
4.05648182994159e+29,-3.1111700436373484e+24
-2.4348020552872756e-05,1.8674022303473479e-10
0.47520455283932683,61962.45702942777
0.6795318806472117,88603.56249739422
-2.4348020552872756e-05,1.8674022303473479e-10
-2.4348020552872756e-05,1.8674022303473479e-10
11977154559.647709,-91860.30170022229
-2.4348020552872756e-05,1.8674022303485393e-10
-2.434802019575724e-05,1.8674022029579218e-10
-2.4348020552872756e-05,1.8674022303473479e-10
-2.4348020552872756e-05,1.8674022303473479e-10
-2.4348020552872756e-05,1.8674022303473479e-10
-2.4348020552872756e-05,1.8674022303473479e-10
126443839484.28108,-969773.8236156761
-2.4348020552872753e-05,1.8674022304760104e-10
2.1839463702417636,284755.8124916251
-2.4348020552872756e-05,1.8674022303473479e-10
-2.4348020552872756e-05,1.8674022303473479e-10
-2.4348020552872756e-05,1.8674022303473479e-10
-2.4348020552872756e-05,1.867402230347349e-10
-2.4348020552872756e-05,1.8674022303485475e-10
-2.4348020529220808e-05,1.8674022285333317e-10
-2.4348020552872756e-05,1.8674022303473479e-10
-2.4348020552872756e-05,1.8674022303473479e-10
-2.4348020552872756e-05,1.8674022303473479e-10
-2.4348020552872756e-05,1.8674022303473479e-10
-2.3021535758887492e+20,1765665801407231.2
-2.4348020552872753e-05,1.867402230452717e-10
12.12865968402744,1581391.749953489
-2.4348020552872756e-05,1.8674022303473479e-10
-2.4348020552872756e-05,1.8674022303473479e-10
-2.4348020552872756e-05,1.8674022303473479e-10
1.2323067929722347e+22,-9.451332804124093e+16
-2.4348020552872756e-05,1.8674022303486303e-10
-2.4348020552872756e-05,1.8674022303473479e-10
-2.4348020552872756e-05,1.8674022303473479e-10
-2.4348020552872756e-05,1.8674022303473479e-10
-2.4348020552872756e-05,1.8674022303473479e-10
-2.4348020552872756e-05,1.8674022303473479e-10
-71.68000006514315,3.206174577722357
-2.4348020552872753e-05,1.867402230428894e-10
-2.4348020552872756e-05,1.8674022303473479e-10
-2.4348020552872756e-05,1.8674022303473479e-10
-2.4348020552872756e-05,1.8674022303473479e-10
-2.4348020552872756e-05,1.8674022303473479e-10
-2.4348020552872756e-05,1.8674022303473479e-10
-2.4348020552872756e-05,1.867402230348622e-10
-2.4348012990577348e-05,1.8674016503475371e-10
-2.4348020552872756e-05,1.8674022303473479e-10
-2.4348020552872756e-05,1.8674022303473479e-10
-2.4348020552872756e-05,1.8674022303473479e-10
-2.4348020552872756e-05,1.8674022303473479e-10
2.7747115501487556e-07,3.2107810975044155
-2.434802055287275e-05,1.8674023875967806e-10
-2.4348020552872756e-05,1.8674022303473479e-10
-2.4348020552872756e-05,1.8674022303473479e-10
-2.4348020552872756e-05,1.8674022303473479e-10
-2.4348020552872756e-05,1.8674022303473479e-10
-2.4348020552872756e-05,1.8674022303473479e-10
-2.4348020552872756e-05,1.867402230348746e-10
-2.4348020552872756e-05,1.8674022303473479e-10
3024.5948537712075,394360127.98840123
-2.4348020552872756e-05,1.8674022303473479e-10
-2.4348020552872756e-05,1.8674022303473479e-10
6.883815766708506e+27,8.975425060878943e+32
3.5934091132147183e-07,3.2160155774081165
-2.434802055287275e-05,1.8674024645752176e-10
-2.4348020552872756e-05,1.8674022303473479e-10
-2.4348020552872756e-05,1.8674022303473479e-10
-2.4348020552872756e-05,1.8674022303473479e-10
-2.4348020552872756e-05,1.8674022303473479e-10
1.23236387609751e+22,-9.451770610372954e+16
-2.4348020552872756e-05,1.8674022303488205e-10
-2.434802055006893e-05,1.867402230132305e-10
-2.4348020552872756e-05,1.8674022303473479e-10
-2.4348020552872756e-05,1.8674022303473479e-10
-2.4348020552872756e-05,1.8674022303473479e-10
-2.4348020552872756e-05,1.8674022303473479e-10
3.5716439162837885e-07,3.2211718560185143
-2.4348020552872746e-05,1.8674024200827273e-10
-2.4348020552872756e-05,1.8674022303473479e-10
-2.4348020552872756e-05,1.8674022303473479e-10
-2.4348020552872756e-05,1.8674022303473479e-10
-2.4348020552872756e-05,1.8674022303473479e-10
-2.4348020552872756e-05,1.8674022303473479e-10
-2.4348020552872756e-05,1.8674022303489694e-10
-2.4348020552872756e-05,1.8674022303473479e-10
-9.185814517050349e-06,1.9769158364628245
-2.4348020552872756e-05,1.8674022303473479e-10
-2.4348020552872756e-05,1.8674022303473479e-10
-2.4348020552872756e-05,1.8674022303473479e-10
-4.9326819535660064e+32,3.7831828101510535e+27
-2.4348020552872743e-05,1.8674023496294878e-10
-2.4348020552872756e-05,1.8674022303473479e-10
-2.4348020552872756e-05,1.8674022303473479e-10
-2.4348020552872756e-05,1.8674022303473479e-10
-2.4348020552872756e-05,1.8674022303473479e-10
-2.4348020552605446e-05,2.2159331566788916e-10
-2.4348020552872756e-05,1.8674022303491183e-10
-2.4348020204384347e-05,4.559740211914681e-08
-2.4348020552872756e-05,1.8674022303473479e-10
-2.4348020552872756e-05,1.8674022303473479e-10
-2.4348020552872756e-05,1.8674022303473479e-10
9.961336498456802e+16,1.2988033421883298e+22
4.3685579963711983e-07,3.231562376114034
-2.4348020552872736e-05,1.8674023382452404e-10
-2.4348020552872756e-05,1.8674022303473479e-10
-2.4348020552872756e-05,1.8674022303473479e-10
-2.4348020552872756e-05,1.8674022303473479e-10
-2.4348020552872756e-05,1.8674022303473479e-10
187910373370.47324,-1441202.3744411636
-2.4348020552872756e-05,1.86740223034935e-10
-2.434801083059075e-05,1.8674014846846332e-10
-2.4348020552872756e-05,1.8674022303473479e-10
-2.4348020552872756e-05,1.8674022303473479e-10
-2.4348020552872756e-05,1.8674022303473479e-10
-2.4348020552872756e-05,1.8674022303473479e-10
2.7200830219953198e+23,-2.086202075841726e+18
-2.434802055287273e-05,1.8674023512555088e-10
-2.4348020552872756e-05,1.8674022303473479e-10
-2.4348020552872756e-05,1.8674022303473479e-10
-2.4348020552872756e-05,1.8674022303473479e-10
-2.4348020552872756e-05,1.8674022303473479e-10
-2.4348020552872756e-05,1.8674022303474223e-10
-2.4348020552872756e-05,1.8674022303495818e-10
-2.434800915083991e-05,2.6500956719859982e-08
-2.4348020552872756e-05,1.8674022303473479e-10
-2.4348020552872756e-05,1.8674022303473479e-10
-2.4348020552872756e-05,1.8674022303473479e-10
4.669683057631973e+19,-358147248064824.9
-4.9326819535660064e+32,3.7831828101510535e+27
-2.4348020552872715e-05,1.8674023691642658e-10
-2.4348020552872756e-05,1.8674022303473479e-10
-2.4348020552872756e-05,1.8674022303473479e-10
-2.4348020552872756e-05,1.8674022303473479e-10
-2.4348020552872756e-05,1.8674022303473479e-10
-2.4348020552872756e-05,1.8674022303473479e-10
-2.4348020552872756e-05,1.867402230349714e-10
-2.4348019216867536e-05,1.743787077348015e-07
-2.4348020552872756e-05,1.8674022303473479e-10
-2.4348020552872756e-05,1.8674022303473479e-10
-2.4348020552872756e-05,1.8674022303473479e-10
-2.4348020552872756e-05,1.8674022303473479e-10
-151996493459081.53,1165756333.5167403
-2.434802055287269e-05,1.8674023187292171e-10
8.736836355835857e-06,4.313750743925833
-2.4348020552872756e-05,1.8674022303473479e-10
-2.4348020552872756e-05,1.8674022303473479e-10
-2.4348020552872756e-05,1.8674022303473479e-10
-2.4348020552872756e-05,1.8674022303473479e-10
-2.4348020552872756e-05,1.867402230349532e-10
-2.4348020552872756e-05,1.8674022303473479e-10
-2.4348020552872756e-05,1.8674022303473479e-10
-2.4348020552872756e-05,1.8674022303473479e-10
-2.4348020552872756e-05,1.8674022303473479e-10
-2.4348020552872756e-05,1.8674022303473479e-10
1.9023205581367715e+17,-1459008811569.763
-2.4348020552872655e-05,1.8674023555919974e-10
-2.1696008538417078e-05,0.34578111785425886
-2.4348020552872756e-05,1.8674022303473479e-10
-2.4348020552872756e-05,1.8674022303473479e-10
-2.4348020552872756e-05,1.8674022303473479e-10
-2.4348020552872756e-05,1.8674022303474244e-10
-2.4348020552872756e-05,1.8674022303496973e-10
-2.4348015323210665e-05,6.820533353898552e-07
-2.2894634419236185e-05,0.18949894625183786
-2.4348020552872756e-05,1.8674022303473479e-10
-2.4348020552872756e-05,1.8674022303473479e-10
-2.4348020552852373e-05,1.8939766977995328e-10
-107374183.99684134,826.773595010185
-2.4348020552872594e-05,1.867402350712967e-10
-2.4348020552872756e-05,1.8674022303473479e-10
-2.4348020552872756e-05,1.8674022303473479e-10
-2.4348020552872756e-05,1.8674022303473479e-10
1.0866356277843242e+17,1.4168038448714538e+22
-2.4348020552872756e-05,1.867402230348572e-10
-2.4348020552872756e-05,1.867402230350111e-10
-2.4348020552872756e-05,1.8674022303473479e-10
-2.4348020552872756e-05,1.8674022303473479e-10
-2.4348020552872756e-05,1.8674022303473479e-10
-2.4348020552872756e-05,1.8674022303473479e-10
-2.4348020552872756e-05,1.8674022303473479e-10
6.26799697365674e-07,3.2563281060174805
-2.4348020552872546e-05,1.8674022303473318e-10
-2.4348020552872756e-05,1.8674022303473479e-10
-2.4348020552872756e-05,1.8674022303473479e-10
-2.4348020552872756e-05,1.8674022303473479e-10
-2.4348020552872756e-05,1.8674022303473479e-10
-2.4348020552872756e-05,1.8674022303473479e-10
-2.4348020552872756e-05,1.8674022303473479e-10
-2.4348020552872756e-05,1.8674022303473479e-10
-2.4348020552872756e-05,1.8674022303473479e-10
-2.4348020552872756e-05,1.8674022303473479e-10
9.47355600307583e+21,-7.265863592912645e+16
659505.9374562548,-5.058164198024798
6.465721485439053e-07,3.2589061261132297
-2.4348020552872756e-05,1.8674022303473479e-10
-2.4348020552872756e-05,1.8674022303473479e-10
-2.4348020552872756e-05,1.8674022303473479e-10
-2.4348020552872756e-05,1.8674022303473479e-10
3663932715588366.0,-28100995356.376347
-2.4348020552872756e-05,1.8674022303473479e-10
-2.4348020552872756e-05,1.8674022303473479e-10
-2.4348020552872756e-05,1.8674022303473479e-10
-2.4348020552872756e-05,1.8674022303473479e-10
-2.4348020552872756e-05,1.8674022303473479e-10
-2.4348020552427813e-05,1.8674022303132225e-10
-2.4348020552872756e-05,1.8674022303532707e-10
-4.9326819535660064e+32,3.7831828101510535e+27
-2.4348020552872756e-05,1.8674022303473479e-10
-2.4348020552872756e-05,1.8674022303473479e-10
-2.4348020552872756e-05,1.8674022303473479e-10
-2.4348020552872756e-05,1.8674022303473479e-10
1.0473087100169083e+17,1.3655276609555724e+22
-2.4348020552871804e-05,1.8686457205214225e-10
-2.4348020552872756e-05,1.8674022303473479e-10
-2.4348020552872756e-05,1.8674022303473479e-10
-2.4348020552872756e-05,1.8674022303473479e-10
-2.4348020552872756e-05,1.8674022303473479e-10
-2.4348020552872648e-05,1.8674022303473396e-10
-2.6562756600118963e-06,2.828266143902385
2.7200830219953198e+23,-2.086202075841726e+18
-2.4348020552872566e-05,1.8674028895422543e-10
-2.4348020552872756e-05,1.8674022303473479e-10
-2.4348020552872756e-05,1.8674022303473479e-10
-2.4348020552872756e-05,1.8674022303473479e-10
-2.4348020552872756e-05,1.8674022303473479e-10
-2.4348020552872753e-05,1.8674072959283623e-10
-2.4348020552872756e-05,1.8674022303507396e-10
-2.4347998607222598e-05,1.8674005471979534e-10
-2.4348020552872756e-05,1.8674022303473479e-10
-2.4348020552872756e-05,1.8674022303473479e-10
-2.4348020552872756e-05,1.8674022303473479e-10
1.269515307912494e+22,-9.736708215387883e+16
7.061574575748748e-07,3.266679525466029
-2.4348020552872563e-05,1.8674024233611113e-10
0.00010607473189596384,17.0050983425821
-2.4348020552872756e-05,1.8674022303473479e-10
-2.4348020552872756e-05,1.8674022303473479e-10
-2.4348020552872756e-05,1.8674022303473479e-10
-2.4348020552872756e-05,1.8674022303473479e-10
-2.4348020552872756e-05,1.867402230350905e-10
-2.4347984619664958e-05,1.8673994744045294e-10
-2.4348020552872756e-05,1.8674022303473479e-10
-2.4348020552872756e-05,1.8674022303473479e-10
-2.4348020552872756e-05,1.8674022303473479e-10
-2.4348020552872756e-05,1.8674022303473479e-10
7.2596549777693e-07,3.2692577839803567
-2.434802055287256e-05,1.8674024699815398e-10
-2.4348020552872756e-05,1.8674022303473479e-10
-2.4348020552872756e-05,1.8674022303473479e-10
-2.4348020552872756e-05,1.8674022303473479e-10
-2.4348020552872756e-05,1.8674022303473479e-10
-2.4348020552872756e-05,1.8674022303473479e-10
-2.4348020552872756e-05,1.8674022303513517e-10
-2.4348020552872756e-05,1.8674022303473479e-10
-2.4348020552872756e-05,1.8674022303473479e-10
-2.4348020552872756e-05,1.8674022303473479e-10
-2.4348020552872756e-05,1.8674022303473479e-10
-2.4348020552872756e-05,1.8674022303473479e-10
2.7200830219953198e+23,-2.086202075841726e+18
-2.434802055287255e-05,1.8674104884415824e-10
-2.4348020552872756e-05,1.8674022303473479e-10
-2.4348020552872756e-05,1.8674022303473479e-10
-2.4348020552872756e-05,1.8674022303473479e-10
-2.4348020552872756e-05,1.8674022303473479e-10
-2.4348020552872756e-05,1.8674022303474233e-10
-2.4348020552872756e-05,1.8674022303518485e-10
-2.4348020552872756e-05,1.8674022303473479e-10
-2.4348020552872756e-05,1.8674022303473479e-10
-2.4348020552872756e-05,1.867402230347348e-10
-2.4348020552872756e-05,1.8674022303473479e-10
-2.4348020552872756e-05,1.8674022304399967e-10
-151996493459081.53,1165756333.544084
-2.4348020552872546e-05,1.8674022303473316e-10
-2.4348020552872756e-05,1.8674022303473479e-10
-2.4348020552872756e-05,1.8674022303473479e-10
-2.4348020552872756e-05,1.8674022303473479e-10
-2.4348020552872756e-05,1.8674022303473479e-10
777660268521.1278,-5964363.783640433
-2.4348020552872756e-05,1.86740223035208e-10
-2.434800349691566e-05,2.0140990446231083e-10
-2.4348020552872756e-05,1.8674022303473479e-10
-2.4348020552872756e-05,1.8674022303473479e-10
-2.4348020552872756e-05,1.8674022303473479e-10
-2.4348020552872756e-05,1.8674022303473479e-10
7.858844546074396e-07,3.277070283980127
-2.4348020552872502e-05,1.8674193710023996e-10
-2.4348020552872756e-05,1.8674022303473479e-10
-2.4348020552872756e-05,1.8674022303473479e-10
-2.4348020552872756e-05,1.8674022303473479e-10
-2.4348020552872756e-05,1.8674022303473479e-10
-2.4348020552872756e-05,1.8674022303473479e-10
-2.4348020552872756e-05,1.8674022303528742e-10
-2.4348007875299257e-05,1.9953200186820106e-10
-2.4348020552872756e-05,1.8674022303473479e-10
-2.4348020552872756e-05,1.8674022303473479e-10
-2.4348020552872756e-05,1.8674022303473479e-10
-2.4348020552872756e-05,1.8674022303473479e-10
-4.924347066854206e-05,3.2796092038127607
-2.4348020552872482e-05,1.8674174975010438e-10
-2.4348020552872756e-05,1.8674022303473479e-10
-2.4348020552872756e-05,1.8674022303473479e-10
-2.4348020552872756e-05,1.8674022303473479e-10
-2.4348020552872756e-05,1.8674022303473479e-10
-2.4348020552872756e-05,1.8674022303473479e-10
-2.4348020552872756e-05,1.8674022303529404e-10
-2.4348011172270667e-05,1.9452922689720104e-10
-2.4348020552872756e-05,1.8674022303473479e-10
-2.4348020552872756e-05,1.8674022303473479e-10
-2.4348020552872756e-05,1.8674022303473479e-10
-2.427264413278889e-05,0.009827912971564025
8.254311855453305e-07,3.2822265625902047
-2.4348020552872458e-05,1.8674154158233417e-10
-2.4348020552872756e-05,1.8674022303473479e-10
-2.4348020552872756e-05,1.8674022303473479e-10
-2.4348020552872756e-05,1.8674022303473479e-10
-2.4348020552872756e-05,1.8674022303473479e-10
675907.9999557724,-5.183961890808008
-2.4348020552872756e-05,1.867402230353569e-10
-2.434799337880939e-05,2.0822980026587428e-10
-2.4348020552872756e-05,1.8674022303473479e-10
-2.4348020552872756e-05,1.8674022303473479e-10
-2.4348020552872756e-05,1.8674022303473479e-10
-2.4348020552872756e-05,1.8674022303473479e-10
89128.96093572408,2.6012578448993526
-2.4348020552872438e-05,1.8674183301418394e-10
0.015420056574929229,0.014833942068031332
-2.4348020552872756e-05,1.8674022303473479e-10
-2.4348020552872756e-05,1.8674022303473479e-10
-2.4348020552872756e-05,1.8674022303473479e-10
-2.4348020552872756e-05,1.8674022303473479e-10
-2.4348020552872756e-05,1.8674022303537345e-10
-2.434782862764705e-05,1.867387510399426e-10
-2.4348020552872756e-05,1.8674022303473479e-10
-2.4348020552872756e-05,1.8674022303473479e-10
-2.4348020552872756e-05,1.8674022303473479e-10
-2.4348020552872756e-05,1.8674022303473479e-10
-4.918355171171155e-05,3.2874217038125306
-2.434802055287239e-05,1.8674213848136938e-10
-2.4266549085112164e-05,0.01062261238710519
-2.4348020552872756e-05,1.8674022303473479e-10
-2.4348020552872756e-05,1.8674022303473479e-10
-2.4348020552872756e-05,1.8674022303473479e-10
2.3259800487584897e+31,3.032716203954067e+36
-2.4348020552872756e-05,1.8674022303534367e-10
-2.4347950140782213e-05,9.180828167472749e-06
-2.4348020552872756e-05,1.8674022303473479e-10
-2.4348020552872756e-05,1.8674022303473479e-10
-2.4348020552872756e-05,1.8674022303473479e-10
-2.4348020552872756e-05,1.8674022303473479e-10
8.850502823034971e-07,3.289999961943004
-2.4348020552872363e-05,1.8674212460104027e-10
-2.4290900647090808e-05,0.007447547465819484
-2.434799506056304e-05,3.3239874236997946e-06
-2.4348020552872756e-05,1.8674022303473479e-10
-2.4348020552872756e-05,1.8674022303473479e-10
-2.4348020552872756e-05,1.8674022303473479e-10
-2.4348020552872756e-05,1.8674022303530066e-10
-2.434791402645211e-05,1.3889575095706678e-05
0.00034767046988850496,-2.666502640269468e-09
-2.4348020552872756e-05,1.8674022303473479e-10
-2.4348020552872756e-05,1.8674022303473479e-10
-2.4348020552872756e-05,1.8674022303473479e-10
4.05648182994159e+29,-3.1111700436373484e+24
-2.4348020552872373e-05,1.8674238827710287e-10
-2.434785868538442e-05,2.1105189555204648e-05
0.00034768403315941956,1.128438603071326e-07
-2.4348020552872756e-05,1.8674022303473479e-10
-2.4348020552872756e-05,1.8674022303473479e-10
725852895554715.5,-5567020584.3613405
-2.4348020552872756e-05,1.8674022303532713e-10
-2.4347914026521865e-05,1.388956600075966e-05
0.00022751018070578198,0.0002728413105169941
-2.4348020552872756e-05,1.8674022303473479e-10
-2.4348020552872756e-05,1.8674022303473479e-10
-2.4348020552872756e-05,1.8674022303473479e-10
-2.3021535758887492e+20,1765665801407231.2
-2.434802055287234e-05,1.8674248542098202e-10
-2.434626481557558e-05,0.00022892102180380213
0.0002389658147225455,1.8537847051858304e-06
-2.4348020552872756e-05,1.8674022303473479e-10
-2.4348020552872756e-05,1.8674022303473479e-10
-2.4348020552872756e-05,1.8674022303473525e-10
-2.4348020552872756e-05,1.8674022303473479e-10
-2.4347704162550093e-05,4.1252563570844876e-05
0.00017500554328139407,0.00020793336099119913
-2.4348020552872756e-05,1.8674022303473479e-10
-2.4348020552872756e-05,1.8674022303473479e-10
-2.4348020552872756e-05,1.8674022303473479e-10
126443839484.28108,-969773.7210766136
-2.4348020552872756e-05,1.8674022303473479e-10
0.00016832118516418184,0.00017455507311700278
-2.4346184404867204e-05,0.0002394053274795666
-2.4348020552872756e-05,1.8674022303473479e-10
-2.4348020552872756e-05,1.8674022303473479e-10
-2.4348020552872756e-05,1.8674022303473479e-10
-2.4348020552872756e-05,1.8674022303473479e-10
-2.4348020552872756e-05,1.8674022303473479e-10
-2.4348020552872756e-05,1.8674022303473479e-10
-2.4348020552872756e-05,1.8674022303473479e-10
1.5161841953227978e+23,2.3860331763082545e+21
1.3827103572033643e+22,-1.0604871962214971e+17
-71.67999933862579,3.3009011402195707
-2.4348020552872756e-05,1.8674022303473479e-10
-2.4348020552872756e-05,1.8674022303473479e-10
-2.4348020552872756e-05,1.8674022303473479e-10
-2.4348020552872756e-05,1.8674022303473479e-10
9.473556003076318e+21,-7.259503175006811e+16
1.7073733906610757e+22,-1.3094916158923738e+17
-2.4348020552872756e-05,1.8674022303473479e-10
-2.4348020552872756e-05,1.8674022303473479e-10
-2.4348020552872756e-05,1.8674022303473479e-10
-2.4348020552872756e-05,1.8674022303473479e-10
2259221790103126.0,35577214079393.68
0.007197320374509745,941.569030734211
9.845159427870792e-07,3.302968740552852
-2.4348020552872756e-05,1.8674022303473479e-10
-2.4348020552872756e-05,1.8674022303473479e-10
-2.4348020552872756e-05,1.8674022303473479e-10
-2.4348020552872756e-05,1.8674022303473479e-10
2101056.000357167,41.686474156283246
0.22855650368097113,236.09541146200874
-2.4348020552872756e-05,1.8674022303473479e-10
-2.4348020552872756e-05,1.8674022303473479e-10
-2.4348020552872756e-05,1.8674022303473479e-10
-2.4348020552872756e-05,1.8674022303473479e-10
141180142823032.47,35573057573029.22
788.8813232850272,-0.006050425082277363
5.848603149590348e+35,-4.4856601555122813e+30
-2.4348020552872756e-05,1.8674022303473479e-10
-2.4348020552872756e-05,1.8674022303473479e-10
-2.4348020552872756e-05,1.8674022303473479e-10
-2.4348020552872756e-05,1.8674022303473479e-10
138790.11615971642,965640318.9639326
59.31582052418689,0.9140413128394764
-2.4348020552872756e-05,1.8674022303473479e-10
-2.4348020552872756e-05,1.8674022303473479e-10
-2.4348020552872756e-05,1.8674022303473479e-10
-2.4348020552872756e-05,1.8674022303473479e-10
35298461561506.62,35573869645974.99
58685.41794267595,-0.4500952342629764
-71.67999927870683,3.308713640219341
-2.4348020552872756e-05,1.8674022303473479e-10
-2.4348020552872756e-05,1.8674022303473479e-10
-2.4348020552872756e-05,1.8674022303473479e-10
-2.4348020552872756e-05,1.8674022303473479e-10
5.2575608405993395e+17,6.8550415826096985e+22
3878502.981678951,986258146.2823383
-2.4348020552872756e-05,1.8674022303473479e-10
-2.4348020552872756e-05,1.8674022303473479e-10
-2.4348020552872756e-05,1.8674022303473479e-10
-2.4348020552872756e-05,1.8674022303473479e-10
564754112501155.4,35568735177073.42
5.998582583938624e+22,-4.6006887795435514e+17
1.0858582628914078e-06,3.3107421399053303
-2.4348020552872756e-05,1.8674022303473479e-10
-2.4348020552872756e-05,1.8674022303473479e-10
-2.4348020552872756e-05,1.8674022303473479e-10
-2.4348020552872756e-05,1.8674022303473479e-10
118509.67226188516,15451817983.545538
1002056959206.2511,4022659627867.73
-2.4348020552872756e-05,1.8674022303473479e-10
-2.4348020552872756e-05,1.8674022303473479e-10
-2.4348020552872756e-05,1.8674022303473479e-10
-2.4348020552872756e-05,1.8674022303473479e-10
2258946656118569.0,2188677300394.5623
50129303.99850127,-384.47298222001353
1.0639074634153212e-06,3.3133201600013997
-2.4348020552872756e-05,1.8674022303473479e-10
-2.4348020552872756e-05,1.8674022303473479e-10
-2.4348020552872756e-05,1.8674022303473479e-10
-2.4348020552872756e-05,1.8674022303473479e-10
8.111150949716926,11917.001891266002
3280.9414863228544,3754009.7249468155
-2.4348020552872756e-05,1.8674022303473479e-10
-2.4348020552872756e-05,1.8674022303473479e-10
-2.4348020552872756e-05,1.8674022303473479e-10
-2.4348020552872756e-05,1.8674022303473479e-10
138701455355.93652,-1061703.1038096515
-2.4347405205544126e-05,1.8673550356010644e-10
-3.2186439839881614e+26,2.4685797111685144e+21
-2.4348020552872756e-05,1.8674022303473479e-10
-2.4348020552872756e-05,1.8674022303473479e-10
-2.4348020552872756e-05,1.8674022303473479e-10
-2.4348020552872756e-05,1.8674022303473479e-10
-2.4348020552872756e-05,1.8674022303473479e-10
-2.4348020552872753e-05,1.8674022303473476e-10
-2.4348020552872756e-05,1.8674022303482164e-10
-2.4348020552872756e-05,1.8674022303473479e-10
-2.4348020552872756e-05,1.8674022303473479e-10
-2.4348020552872756e-05,1.8674022303473479e-10
-2.4348020552872756e-05,1.8674022303473479e-10
-2.4348020552872756e-05,1.8674022303473479e-10
1.9023205581367715e+17,-1459008811569.6956
-2.4348020552871913e-05,1.8674377633836568e-10
-9.445154877257282e-06,2.384707081572195e-05
-2.4347791927485214e-05,2.9809381269008205e-05
-2.4348020552872756e-05,1.8674022303473479e-10
-2.4348020552872756e-05,1.8674022303473479e-10
1.1216620101725202e+22,1.0997661478879266e+22
-2.4348020552872756e-05,1.8674022303483363e-10
-2.4347834929115882e-05,2.4202637471047574e-05
-3.24228645262763e-06,2.277486359383211e-05
-2.4348020552872756e-05,1.8674022303473479e-10
-2.4348020552872756e-05,1.8674022303473479e-10
-2.4348020552872756e-05,1.8674022303473479e-10
-107374183.99684083,826.840977822683
-2.4348020552871807e-05,1.8674452574144762e-10
-1.66573534425581e-05,1.9674795539222736e-05
-2.4071047954950348e-06,1.84615946664989e-11
-2.4348020552872756e-05,1.8674022303473479e-10
-2.4348020552872756e-05,1.8674022303473479e-10
-2.4348020552872756e-05,1.8674022303473479e-10
-2.4348020552872756e-05,1.8674022303483198e-10
-2.4340126707267214e-05,1.9672737159558175e-05
-2.4347881535816524e-05,1.812584862133048e-05
-2.4348020552872756e-05,1.8674022303473479e-10
-2.4348020552872756e-05,1.8674022303473479e-10
-2.4348020552872756e-05,1.8674022303473479e-10
1.1436007000288245e-06,3.3237109185154985
-2.4348020552872665e-05,1.8674472003387163e-10
-7.417145713764849e-06,1.609837140508674e-05
-6.460317046540774e-06,4.9548218654012204e-11
-2.4348020552872756e-05,1.8674022303473479e-10
-2.4348020552872756e-05,1.8674022303473479e-10
-2.4348020552872756e-05,1.8674022303485822e-10
-2.4348020552872756e-05,1.8674022303481957e-10
-2.434790442690175e-05,1.5141207152334541e-05
-2.4348020552872756e-05,1.8674022303473479e-10
-2.4348020552872756e-05,1.8674022303473479e-10
-2.4348020552872756e-05,1.8674022303473479e-10
-2.4348020552872756e-05,1.8674022303473479e-10
1.1633731512070558e-06,3.3262889386112477
-2.4348020552872634e-05,1.8674588575407123e-10
-1.0100814135354726e-05,1.353286113864883e-05
-9.384072392728319e-06,7.197233006218339e-11
-2.4348020552872756e-05,1.8674022303473479e-10
-2.4348020552872756e-05,1.8674022303473479e-10
-2.4348020552324512e-05,1.8674022303052997e-10
-2.4348020552872756e-05,1.8674022303482578e-10
-2.4347914484092732e-05,1.3829905876809216e-05
-1.2126180635734913e-05,1.30564369634209e-05
-2.4348020552872756e-05,1.8674022303473479e-10
-2.4348020552872756e-05,1.8674022303473479e-10
-2.4348020552872756e-05,1.8674022303473479e-10
-4.9326819535660064e+32,3.7831828101510535e+27
-2.4348020552872607e-05,1.8674699539518407e-10
-1.2842656508485452e-05,1.1923594047855578e-05
-1.1350920009552019e-05,1.4606687474046571e-05
-2.4348020552872756e-05,1.8674022303473479e-10
-2.4348020552872756e-05,1.8674022303473479e-10
-2.4348020552872756e-05,1.8674022303473479e-10
-2.4348020552872756e-05,1.8674022303482164e-10
-2.4347948770371525e-05,9.359508406072505e-06
-2.4347935958498882e-05,1.1029977324769711e-05
-2.4348020552872756e-05,1.8674022303473479e-10
-2.4348020552872756e-05,1.8674022303473479e-10
-2.4348020552872756e-05,1.8674022303473479e-10
0.05875120306902996,3.331483867277743
-2.434802055287256e-05,1.8675027055310643e-10
-1.4452093395081407e-05,1.031429917254649e-05
-1.2423805054002074e-05,1.2758958990540274e-05
-2.4348020552872756e-05,1.8674022303473479e-10
-2.4348020552872756e-05,1.8674022303473479e-10
163272.68747084987,-1.2522405263942362
-2.4348020552872756e-05,1.867402230348589e-10
-2.4331641005849818e-05,1.0075477062169976e-05
-2.4347945558544497e-05,9.778280694018024e-06
-2.4348020552872756e-05,1.8674022303473479e-10
-2.4348020552872756e-05,1.8674022303473479e-10
-2.4348020552872756e-05,1.8674022303473479e-10
1.2232921080375654e-06,3.334101438611018
-2.434802055287248e-05,1.867531571329699e-10
-1.4869349182490596e-05,8.465575220878424e-06
-1.4510041395585971e-05,1.0136380625441148e-05
-2.4348020552872756e-05,1.8674022303473479e-10
-2.4348020552872756e-05,1.8674022303473479e-10
-2.4348020552872756e-05,1.8674022303474244e-10
-2.4348020552872756e-05,1.86740223034868e-10
-2.4330720199380953e-05,8.704572044222836e-06
-1.6836397046884428e-05,8.228498681062151e-06
-2.4348020552872756e-05,1.8674022303473479e-10
-2.4348020552872756e-05,1.8674022303473479e-10
-2.4267019344831282e-05,0.010561297834084608
-4.9326819535660064e+32,3.7831828101510535e+27
-2.4348020552872607e-05,1.8674022303473365e-10
-1.6718569558280982e-05,7.362099027267074e-06
-1.582136038586065e-05,1.2134392447849085e-10
-2.4348020552872756e-05,1.8674022303473479e-10
-2.4348020552872756e-05,1.8674022303473479e-10
8.433095637963928e+16,1.0995445040209405e+22
-2.4348020552872756e-05,1.8674022303489363e-10
-2.432806823741935e-05,5.36566054048795e-06
-1.740263622189474e-05,7.213774782886358e-06
-2.4348020552872756e-05,1.8674022303473479e-10
-2.4348020552872756e-05,1.8674022303473479e-10
-2.4348020552872756e-05,1.8674022303473479e-10
2.7200830219953198e+23,-2.086202075841726e+18
-2.4348020552872492e-05,1.867556551347755e-10
-1.7404028001993033e-05,6.706424997592965e-06
-2.4348020552872756e-05,1.8674022303473479e-10
-2.4348020552872756e-05,1.8674022303473479e-10
-2.4348020552872756e-05,1.8674022303473479e-10
-2.4348020552872756e-05,1.8674022303473479e-10
-2.4348020552872756e-05,1.867402230349143e-10
-2.4347967973047175e-05,6.855778176782134e-06
-1.805831803752572e-05,6.528313663857993e-06
-2.4348020552872756e-05,1.8674022303473479e-10
-2.4348020552872756e-05,1.8674022303473479e-10
-2.4348020552872756e-05,1.8674022303473479e-10
-151996493459081.53,1165756333.611467
-2.4348020552872492e-05,1.8675776455852234e-10
-1.8596125703389852e-05,6.0798163926066755e-06
-2.4348020552872756e-05,1.8674022303473479e-10
-2.4348020552872756e-05,1.8674022303473479e-10
-2.4348020552872756e-05,1.8674022303473479e-10
-2.4348020552872756e-05,1.8674022303473479e-10
-2.4348020552872756e-05,1.8674022303491015e-10
-2.4343554806590064e-05,5.3358656128331935e-06
-2.4347975055626435e-05,5.932320002880046e-06
-2.4348020552872756e-05,1.8674022303473479e-10
-2.4348020552872756e-05,1.8674022303473479e-10
-2.4348020552872756e-05,1.8674022303473479e-10
1.30268545727059e-06,3.344453096478145
-2.4348020552872407e-05,1.8676697940962637e-10
-1.901336255968625e-05,5.51357546727465e-06
-2.4348020552872756e-05,1.8674022303473479e-10
-2.4348020552872756e-05,1.8674022303473479e-10
-2.4348020552872756e-05,1.8674022303473479e-10
-2.4348020552872756e-05,1.8674022303473479e-10
-2.4348020552872756e-05,1.8674022303491428e-10
-2.4346492326129345e-05,2.2536204930600623e-09
-1.910142619761454e-05,1.465008040665221e-10
-2.4348020552872756e-05,1.8674022303473479e-10
-2.4348020552872756e-05,1.8674022303473479e-10
1.374504418042071,179217.17186972912
1.3224579084488045e-06,3.3470311165738944
-2.434802055287235e-05,1.867657581642988e-10
-2.431375536232823e-05,5.096383605867608e-06
-2.4348020552872756e-05,1.8674022303473479e-10
-2.4348020552872756e-05,1.8674022303473479e-10
-2.4348020552872756e-05,1.8674022303473479e-10
-2.4348020552872756e-05,1.8674022303473479e-10
-2.4348020552872756e-05,1.8674022303490767e-10
-2.4348020539812647e-05,1.889575429158965e-09
-1.9549060845172625e-05,1.499339946103509e-10
-2.4348020552872756e-05,1.8674022303473479e-10
-2.4348020552872756e-05,1.8674022303473479e-10
-2.4348020552872756e-05,1.8674022303473479e-10
-151996493459081.53,1165756333.6192794
-2.4348020552872356e-05,1.8676842269955802e-10
-2.4347986952688682e-05,4.381128131085395e-06
-2.4348020552872756e-05,1.8674022303473479e-10
-2.4348020552872756e-05,1.8674022303473479e-10
-2.4348020552872756e-05,1.8674022303473479e-10
-2.434802051662644e-05,1.8674022275673908e-10
-2.4348020552872756e-05,1.8674022303490519e-10
-2.434699308458616e-05,1.1180430323459136e-06
-1.9937276839623578e-05,1.5291146627922826e-10
-2.4348020552872756e-05,1.8674022303473479e-10
-2.4348020552872756e-05,1.8674022303473479e-10
-2.4348020552872756e-05,1.8674022303473479e-10
89128.96093624088,2.6686406573973707
-2.4348020552872367e-05,1.8677308563626165e-10
-2.4347911295131342e-05,1.4245696841122411e-05
-2.4348020552872756e-05,1.8674022303473479e-10
-2.4348020552872756e-05,1.8674022303473479e-10
-2.4348020552872756e-05,1.8674022303473479e-10
-2.4348020552872756e-05,1.8674022303473479e-10
-2.4348020552872756e-05,1.867402230349085e-10
-2.4348020552872756e-05,1.8674022303473479e-10
-2.4348020552872756e-05,1.8674022303473479e-10
-2.4348020552872756e-05,1.8674022303473479e-10
-2.4348020552872756e-05,1.8674022303473479e-10
0.0006089066848911069,-4.670086830959666e-09
-4.86667507090484e-05,3.354804516310549
-2.4348020552872268e-05,1.867828555988779e-10
-2.4348020552872756e-05,1.8674022303473479e-10
-2.4348020552872756e-05,1.8674022303473479e-10
-2.4348020552872756e-05,1.8674022303473479e-10
-2.4348020552872756e-05,1.8674022303473479e-10
-2.4348020552872756e-05,1.8674022303473479e-10
-2.4348020552872756e-05,1.8674022303499786e-10
-2.4348020552872756e-05,1.8674022303473479e-10
-2.4348020552872756e-05,1.8674022303473479e-10
-2.4348020552872756e-05,1.8674022303473479e-10
-2.4348020552872756e-05,1.8674022303473479e-10
88517927536.75777,1.154136095554407e+16
1.4021511450389906e-06,3.357421875087993
-2.434802055287228e-05,1.8677974697440893e-10
-2.4348020552872756e-05,1.8674022303473479e-10
-2.4348020552872756e-05,1.8674022303473479e-10
142143.58427426088,18533312511.454906
-2.4348020552872756e-05,1.8674022303473479e-10
-2.4348020552872756e-05,1.8674022303473479e-10
-2.4348020552872756e-05,1.8674022303499124e-10
-2.4348020552872756e-05,1.8674022303473479e-10
-2.4348020552872756e-05,1.8674022303473479e-10
-2.4348020552872756e-05,1.8674022303473479e-10
-2.4348020552872756e-05,1.8674022303473479e-10
-2.4348020552872756e-05,1.8674022303473479e-10
4.05648182994159e+29,-3.1111700436373484e+24
-2.4348020552872153e-05,1.867910712492595e-10
106028.18349461252,13824425983.593401
-2.4348020552872756e-05,1.8674022303473479e-10
-2.4348020552872756e-05,1.8674022303473479e-10
-2.4348020552872756e-05,1.8674022303473479e-10
-2.4348020552872756e-05,1.8674022303473479e-10
-2.4348020552872756e-05,1.867402230349879e-10
-2.4348020552872756e-05,1.8674022303473479e-10
-2.4348020552872756e-05,1.8674022303473479e-10
-2.4348020552872756e-05,1.8674022303473479e-10
-2.4348020552872756e-05,1.8674022303473479e-10
-2.4348020552872756e-05,1.8674022303473479e-10
-4.860683175221789e-05,3.362617016310319
-2.434802055287208e-05,1.8680461597015974e-10
-2.4348020552872756e-05,1.8674022303473479e-10
-2.4348020552872756e-05,1.8674022303473479e-10
-2.4348020552872756e-05,1.8674022303473479e-10
-2.4348020552872756e-05,1.8674022303473479e-10
-2.4348020552872756e-05,1.8674022303473479e-10
-2.4348020552872756e-05,1.8674022303504415e-10
-2.4346317978791088e-05,1.8672716492748317e-10
-2.4348020552872756e-05,1.8674022303473479e-10
-2.4348020552872756e-05,1.8674022303473479e-10
-2.4348020552872756e-05,1.8674022303473479e-10
-2.4348020552872756e-05,1.8674022303473479e-10
126443839484.28108,-969773.6536938011
-2.4348020552871994e-05,1.868188268248747e-10
-2.4348020552872756e-05,1.8674022303473479e-10
-2.4348020552872756e-05,1.8674022303473479e-10
-2.4239486542652355e-05,1.859078077165614e-10
-2.4348020552872756e-05,1.8674022303473479e-10
-2.4348020552872756e-05,1.8674022303473479e-10
-2.4348020552872756e-05,1.8674022303497304e-10
-2.4343072901695257e-05,1.867022763982771e-10
-2.4348020552872756e-05,1.8674022303473479e-10
-2.4348020552872756e-05,1.8674022303473479e-10
-2.4348020552872756e-05,1.8674022303473479e-10
-2.4348020552872756e-05,1.8674022303473479e-10
1.4815426656905497e-06,3.3677732945365415
-2.4348020552871777e-05,1.8684636035588456e-10
-2.434738054936657e-05,8.344668942331561e-05
-2.4348020552872756e-05,1.8674022303473479e-10
-2.4281861627425556e-05,1.8623280878859843e-10
-2.4348020552872756e-05,1.8674022303473479e-10
-2.4348020552872756e-05,1.8674022303473479e-10
-2.4348020552872756e-05,1.8674022303498462e-10
-2.4342074492794486e-05,8.642860187304811e-06
-2.4348020552872756e-05,1.8674022303473479e-10
-2.4347727570398368e-05,1.5405671358975416e-09
-2.4348020552872756e-05,1.8674022303473479e-10
-2.4348020552872756e-05,1.8674022303473479e-10
-2.3021535758887492e+20,1765665801407231.2
-2.4348020552871543e-05,1.8687433797610415e-10
7.531161111229567e-05,8.678378518359478e-05
-2.4348019545321983e-05,1.3155568971556197e-07
-2.434715101853154e-05,2.817758346104773e-06
-2.4348020552872756e-05,1.8674022303473479e-10
-2.4348020552872756e-05,1.8674022303473479e-10
-2.4348020552872756e-05,1.8674022303501936e-10
-2.4315185001706768e-05,1.864883866222063e-10
-2.4347307406108722e-05,9.298343258709763e-05
-2.433218069011845e-05,1.8661873720400141e-10
-2.4348020552872756e-05,1.8674022303473479e-10
-2.4348020552872756e-05,1.8674022303473479e-10
126443839484.28108,-969773.6458813011
-2.4348020552871896e-05,1.868250518394101e-10
-2.434799312415106e-05,3.576465426641288e-06
-2.434802030633755e-05,3.2331096731978216e-08
-2.4347995857430196e-05,3.220088340588039e-06
-2.4348020552872756e-05,1.8674022303473479e-10
-2.4348020552872756e-05,1.8674022303473479e-10
-2.4348020552872756e-05,1.8674022303500447e-10
-2.420913864027194e-05,1.1624710307162864e-05
-2.4348020552872756e-05,1.8674022303473479e-10
-2.433538566522747e-05,1.684204038018266e-08
-2.4348020552872756e-05,1.8674022303473479e-10
-2.4348020552872756e-05,1.8674022303473479e-10
-71.67999876190584,3.376096452717359
-2.434802055287071e-05,1.8697473219703206e-10
7.531162208378436e-05,8.821429665816209e-05
-2.4341467263122088e-05,9.921053176275749e-05
-2.4338791787122788e-05,3.592620483084862e-06
-2.4348020552872756e-05,1.8674022303473479e-10
-2.4348020552872756e-05,1.8674022303473479e-10
-2.4348020552872756e-05,1.8674022303499455e-10
-2.424021070660033e-05,9.05992459746202e-05
-2.4348020552872756e-05,1.8674022303473479e-10
-2.424507922462816e-05,7.9846147365121e-08
-2.4348020552872756e-05,1.8674022303473479e-10
2096.0004638715827,-0.016075540648338493
1.6026592655545583e-06,3.3781249524033483
-2.4348020552869385e-05,1.8713102153938847e-10
-2.4348020552872756e-05,1.8674022303473479e-10
7.436976113373985e-05,0.00010397810261093264
-2.433512936713964e-05,2.981671936535044e-06
-2.4348020552872756e-05,1.8674022303473479e-10
-2.4348020552872756e-05,1.8674022303473479e-10
-2.4348020552872756e-05,1.867402230350541e-10
5.111321754750822e-05,9.81249999989658
-2.4348020552872756e-05,1.8674022303473479e-10
9.155378605901659e-05,5.673564588395794e-09
-2.4348020552872756e-05,1.8674022303473479e-10
-2.4348020552872756e-05,1.8674022303473479e-10
5.848603149590348e+35,-4.4856601555122813e+30
-2.4348020552871123e-05,1.8690631239921106e-10
-2.4348020552872756e-05,1.8674022303473479e-10
-2.434801666641522e-05,5.069203535005847e-07
-2.4001414350154058e-05,1.7218939321777884e-06
-2.4348020552872756e-05,1.8674022303473479e-10
-2.4348020552872756e-05,1.8674022303473479e-10
-2.4348020552872756e-05,1.867402230351037e-10
-2.394196391035235e-05,1.8362592025910116e-10
-2.4348020552872756e-05,1.8674022303473479e-10
-2.4348020513571464e-05,5.311017225605577e-09
-2.4348020552872756e-05,1.8674022303473479e-10
-2.4348020552872756e-05,1.8674022303473479e-10
-3.2186439839881614e+26,2.4685797111685144e+21
-2.434802055287212e-05,1.8674749592727764e-10
-2.4348020552872756e-05,1.8674022303473479e-10
-2.4348020552872756e-05,1.8674022303473479e-10
27675.972521928335,3608516351.893868
-2.4348020552872756e-05,1.8674022303473479e-10
-2.4348020552872756e-05,1.8674022303473479e-10
-2.4348020552872756e-05,1.8674022303531712e-10
-2.4348020552872756e-05,1.8674022303473479e-10
-2.4348020552872756e-05,1.8674022303473479e-10
-2.2201304248240293e-05,4.7415857081692116e-09
-2.4348020552872756e-05,1.8674022303473479e-10
-2.4348020552872756e-05,1.8674022303473479e-10
1.662578222385068e-06,3.3859374524031187
-2.4348020552872038e-05,1.8677664210059994e-10
-2.4348020552872756e-05,1.8674022303473479e-10
-2.4348020552872756e-05,1.8674022303473479e-10
196701.77579452723,25646852095.245686
-2.4348020552872756e-05,1.8674022303473479e-10
-2.4348020552872756e-05,1.8674022303473479e-10
-2.4348020552872756e-05,1.8674022303524438e-10
-1.957964897098175e-05,1.5016859410986286e-10
-2.4348020552872756e-05,1.8674022303473479e-10
-2.4348020552872756e-05,1.8674022303473479e-10
-2.4348020552872756e-05,1.8674022303473479e-10
-2.4348020552872756e-05,1.8674022303473479e-10
5.848603149590348e+35,-4.4856601555122813e+30
-2.434802055287168e-05,1.8678441364482915e-10
-2.4348020552872756e-05,1.8674022303473479e-10
-2.4348020552872756e-05,1.8674022303473479e-10
-2.357288300230511e-05,1.8079520755549815e-10
-2.4348020552872756e-05,1.8674022303473479e-10
-2.4348020552872756e-05,1.8674022303473479e-10
-2.4348020552872756e-05,1.8674022303530058e-10
-1.6360998153205325e-05,1.2548274458557428e-10
-2.4348020552872756e-05,1.8674022303473479e-10
-2.4348020552872756e-05,1.8674022303473479e-10
-2.4348020552872756e-05,1.8674022303473479e-10
-2.4348020552872756e-05,1.8674022303473479e-10
-3.2186439839881614e+26,2.4685797111685144e+21
-2.4348020552871777e-05,1.8678863249571173e-10
-2.4348020552872756e-05,1.8674022303473479e-10
-2.4348020552872756e-05,1.8674022303473479e-10
-2.4138404960439773e-05,1.8513254973753629e-10
-2.4348020552872756e-05,1.8674022303473479e-10
-2.4348020552872756e-05,1.8674022303473479e-10
-2.4348020552872756e-05,1.8674022303531712e-10
-9.863085062243997e-06,7.564617831393653e-11
-2.270773910963754e-05,0.21386718768045007
0.00010827440954426363,-8.304242779548833e-10
-2.4348020552872756e-05,1.8674022303473479e-10
-2.4348020552872756e-05,1.8674022303473479e-10
1.6801741538702063e-06,3.393671751109266
-2.4348020552871835e-05,1.8676176325028955e-10
-2.4348020552872756e-05,1.8674022303473479e-10
-2.4348020552872756e-05,1.8674022303473479e-10
23488404965.758183,3062522672226342.5
-2.4348020552872756e-05,1.8674022303473479e-10
-2.4348020552872756e-05,1.8674022303473479e-10
-2.4348020552872756e-05,1.8674022303538006e-10
1.2839903210610582e-06,-9.847726159451357e-12
-2.4348020552872756e-05,1.8674022303473479e-10
-2.417663372281656e-05,1.8542575006554987e-10
-2.4348020552872756e-05,1.8674022303473479e-10
-2.4348020552872756e-05,1.8674022303473479e-10
-107374183.99684025,826.9161731351808
-2.434802055287176e-05,1.8676298260673265e-10
-2.4348020552872756e-05,1.8674022303473479e-10
-2.4348020552872756e-05,1.8674022303473479e-10
-2.4348020552872756e-05,1.8674022303473479e-10
-2.4348020552872756e-05,1.8674022303473479e-10
-2.4348020552872756e-05,1.8674022303473479e-10
-2.4348020552872756e-05,1.8674022303532713e-10
4.264226197721746e-06,-3.270502213943488e-11
-2.4348020552872756e-05,1.8674022303473479e-10
-2.4348020552872756e-05,1.8674022303473479e-10
-2.4348020552872756e-05,1.8674022303473479e-10
-2.4348020552872756e-05,1.8674022303473479e-10
1.7203206595224846e-06,3.398906231013287
-2.4348020552871753e-05,1.8676253851752272e-10
-2.4348020552872756e-05,1.8674022303473479e-10
-2.432660156410273e-05,0.002792703174448193
-2.4348020552872756e-05,1.8674022303473479e-10
-2.4348020552872756e-05,1.8674022303473479e-10
-2.4348020552872756e-05,1.8674022303473479e-10
-2.4348020552872756e-05,1.8674022303538006e-10
1.332616037649955e-05,-1.0220667242744534e-10
-2.4348020552872756e-05,1.8674022303473479e-10
-2.4348020552872756e-05,1.8674022303473479e-10
-2.4348020552872756e-05,1.8674022303473479e-10
-2.4348020552872756e-05,1.8674022303473479e-10
1.740093110700716e-06,3.401484251109036
-2.4348020552871706e-05,1.8677486584540188e-10
-2.4346784431815094e-05,0.00016117114620813899
-2.4335497148550446e-05,0.0016328573231205543
-2.4348020552872756e-05,1.8674022303473479e-10
-2.4348020552872756e-05,1.8674022303473479e-10
-2.4348020552872756e-05,1.8674022303473479e-10
-2.4348020552872756e-05,1.8674022303543631e-10
1.7140915849673262e-05,-1.3146442199836005e-10
-1.7402792250490428e-05,9.49000630117482e-05
-2.4337249809937914e-05,0.0014043375388406573
-2.4348020552872756e-05,1.8674022303473479e-10
-2.4348020552872756e-05,1.8674022303473479e-10
-4.9326819535660064e+32,3.7831828101510535e+27
-2.434802055287128e-05,1.8683215715834296e-10
-2.4347354883768374e-05,8.67930842289205e-05
-2.4344363073014246e-05,0.0004768786723685709
-2.4348020552872756e-05,1.8674022303473479e-10
-2.4348020552872756e-05,1.8674022303473479e-10
-2.4348020552872756e-05,1.8674022303473479e-10
-2.4348020552872756e-05,1.8674022303547933e-10
3.216389476343454e-05,-2.4668505880166264e-10
-2.148672066260147e-05,1.6479512164473785e-10
0.0003075770621563183,-2.359001178872528e-09
-2.4348020552872756e-05,1.8674022303473479e-10
-2.4348020552872756e-05,1.8674022303473479e-10
0.058751779788989454,3.4066791797755314
-2.434802055287109e-05,1.8687344979768094e-10
0.00198536679378038,262.03555297099547
0.00014066105531900783,0.00048069265707716146
-2.4348020552872756e-05,1.8674022303473479e-10
-2.4348020552872756e-05,1.8674022303473479e-10
-2.4348020552872756e-05,1.8674022303473479e-10
-2.4348020552872756e-05,1.8674022303557528e-10
7.532444241002315e-05,-5.777103376871901e-10
-1.8178390029254063e-05,1.3942146143271506e-10
0.00013112388504283413,-1.005671220167864e-09
-2.4348020552872756e-05,1.8674022303473479e-10
-2.4348020552872756e-05,1.8674022303473479e-10
1.8000120675312256e-06,3.4092967511088066
-2.434802055287082e-05,1.8688946151220306e-10
-2.4348020552872756e-05,1.8674022303473479e-10
-2.4348020552872756e-05,1.8674022303473479e-10
-2.4348020552872756e-05,1.8674022303473479e-10
-2.4348020552872756e-05,1.8674022303473479e-10
-2.4348020552872756e-05,1.8674022303473479e-10
-2.4348020552872756e-05,1.867402230356548e-10
6.768999108845583e-05,-5.191569477127802e-10
-2.4347897106074816e-05,1.6095729117774766e-05
-2.4348020552872756e-05,1.8674022303473479e-10
-2.4348020552872756e-05,1.8674022303473479e-10
-2.4348020552872756e-05,1.8674022303473479e-10
-4.9326819535660064e+32,3.7831828101510535e+27
-2.434802055287071e-05,1.8690098332868955e-10
-2.4348020552872756e-05,1.8674022303473479e-10
-2.4315715379464024e-05,0.004212092329168476
0.0002749308432403735,39.02130889796484
-2.4348020552872756e-05,1.8674022303473479e-10
-2.4348020552872756e-05,1.8674022303473479e-10
-2.4348020552872756e-05,1.8674022303572758e-10
7.292675971770374e-05,-5.593210070326527e-10
-3.9597764206966365e-06,0.0001659575658755253
2.875347346459697,-2.2052840131879404e-05
-2.4348020552872756e-05,1.8674022303473479e-10
-2.4348020552872756e-05,1.8674022303473479e-10
0.058751839707946285,3.4144916797753018
-2.434802055286974e-05,1.8690986511287936e-10
-2.4344465535852363e-05,0.0004635191119705789
-2.4348020552872756e-05,1.8674022303473479e-10
0.0002691800569924984,38.27149581815291
-2.4348020552872756e-05,1.8674022303473479e-10
-2.4348020552872756e-05,1.8674022303473479e-10
-2.4348020552872756e-05,1.8674022303582685e-10
6.912050256302314e-05,-5.301284363902418e-10
-1.2485607577760892e-05,9.575994642899823e-11
-2.4348020552872756e-05,1.8674022303473479e-10
-2.4348020552872756e-05,1.8674022303473479e-10
-2.4348020552872756e-05,1.8674022303473479e-10
-151996493459081.53,1165756333.6866622
-2.4348020552869354e-05,1.8690453604235806e-10
-2.4348020552872756e-05,1.8674022303473479e-10
-2.4348020552872756e-05,1.8674022303473479e-10
-2.4348020552872756e-05,1.8674022303473479e-10
-2.4348020552872756e-05,1.8674022303473479e-10
-2.4348020552872756e-05,1.8674022303473479e-10
-2.4348020552872756e-05,1.8674022303610475e-10
8.198666572329665e-05,-6.288071019899093e-10
0.00011490755296378446,0.00022985262968179375
-2.4348020552872756e-05,1.8674022303473479e-10
-2.4348020552872756e-05,1.8674022303473479e-10
-2.4348020552872756e-05,1.8674022303473479e-10
1.8794054167642502e-06,3.4196484089759336
-2.4348020552868596e-05,1.8693120469173818e-10
-2.4348020552872756e-05,1.8674022303473479e-10
-2.4348020552872756e-05,1.8674022303473479e-10
-2.4348020552872756e-05,1.8674022303473479e-10
-2.4348020552872756e-05,1.8674022303473479e-10
-2.4348020552872756e-05,1.8674022303473479e-10
-2.4348020552872756e-05,1.867402230364292e-10
0.00011774945258747919,-9.030943189264488e-10
-2.4348020552872756e-05,1.8674022303473479e-10
-2.4348020552872756e-05,1.8674022303473479e-10
-2.4348020552872756e-05,1.8674022303473479e-10
-2.4348020552872756e-05,1.8674022303473479e-10
1.8991778679424646e-06,3.422226429071683
-2.4348020552867962e-05,1.8695160949859286e-10
-2.4348020552872756e-05,1.8674022303473479e-10
-2.4206629121133276e-05,0.01843524370335843
-2.4348020552872756e-05,1.8674022303473479e-10
-2.4348020552872756e-05,1.8674022303473479e-10
-2.4348020552872756e-05,1.8674022303473479e-10
-2.4348020552872756e-05,1.8674022303630974e-10
-2.4348020552872756e-05,1.8674022303473479e-10
-2.4340676419781627e-05,0.00095756091222218
0.14257662045536318,-1.0935094228935942e-06
-2.4348020552872756e-05,1.8674022303473479e-10
-2.4348020552872756e-05,1.8674022303473479e-10
-151996493459081.53,1165756333.6944747
-2.434802055286757e-05,1.8699957113325507e-10
-2.4348020552872756e-05,1.8674022303473479e-10
-2.4348020552872756e-05,1.8674022303473479e-10
-2.4348020552872756e-05,1.8674022303473479e-10
-2.4348020552872756e-05,1.8674022303473479e-10
-2.4348020552872756e-05,1.8674022303473479e-10
-2.4348020552872756e-05,1.8674022303649503e-10
0.00033237515551923165,-2.5491932922466167e-09
0.00012253641446930585,0.0001831224569064188
-2.4348020552872756e-05,1.8674022303473479e-10
-2.4348020552872756e-05,1.8674022303473479e-10
-2.4348020552872756e-05,1.8674022303473479e-10
1.9393243735947633e-06,3.427460908975704
-2.4348020552867254e-05,1.8703687462688115e-10
-2.4348020552872756e-05,1.8674022303473479e-10
-2.4348020552872756e-05,1.8674022303473479e-10
-2.4348020552872756e-05,1.8674022303473479e-10
-2.4348020552872756e-05,1.8674022303473479e-10
-2.4348020552872756e-05,1.8674022303473479e-10
-2.4348020552872756e-05,1.8674022303649534e-10
0.00040485370507204393,-3.1050766947324646e-09
-2.434301700358639e-05,0.0006523851891888166
-2.4348020552872756e-05,1.8674022303473479e-10
-2.4348020552872756e-05,1.8674022303473479e-10
-2.4348020552872756e-05,1.8674022303473479e-10
-4.809003074955474e-05,3.4299998288083375
-2.4348020552866414e-05,1.8706529633630595e-10
-2.4348020552872756e-05,1.8674022303473479e-10
-2.4348020552872756e-05,1.8674022303473479e-10
0.0006467442959488412,87.49999999761323
-2.4348020552872756e-05,1.8674022303473479e-10
-2.4348020552872756e-05,1.8674022303473479e-10
-2.4348020552872756e-05,1.8674022303664092e-10
0.000608984508533746,-4.670683709229595e-09
-2.4348020552872756e-05,1.8674022303473479e-10
-2.4348020552872756e-05,1.8674022303473479e-10
-2.4348020552872756e-05,1.8674022303473479e-10
-2.4348020552872756e-05,1.8674022303473479e-10
1.9788711045326508e-06,3.4326171875857816
-2.4348020552864977e-05,1.8709374986705993e-10
-2.4348020044742082e-05,1.8709729800599965e-10
-2.4348020552872756e-05,1.8674022303473479e-10
0.0003075287159954814,43.27156448255663
-2.4348020552872756e-05,1.8674022303473479e-10
-2.4348020552872756e-05,1.8674022303473479e-10
-2.4348020552872756e-05,1.867402230373159e-10
-2.434801994526811e-05,1.8724479012795176e-10
-2.4348020552872756e-05,1.8674022303473479e-10
-2.4348020552872756e-05,1.8674022303473479e-10
-2.4348020552872756e-05,1.8674022303473479e-10
-2.4348020552872756e-05,1.8674022303473479e-10
4.05648182994159e+29,-3.1111700436373484e+24
-2.4348020552863564e-05,1.8711503432778879e-10
-2.4348020552872428e-05,1.8678285950539508e-10
-2.4348020552872756e-05,1.8674022303473479e-10
-2.4348020552872756e-05,1.8674022303473479e-10
-2.4348020552872756e-05,1.8674022303473479e-10
-2.4348020552872756e-05,1.8674022303473479e-10
-2.4348020552872756e-05,1.867402230378585e-10
0.0007920906757702915,-6.075039617116882e-09
-2.4348020552872756e-05,1.8674022303473479e-10
-2.4348020552872756e-05,1.8674022303473479e-10
-2.4348020552872756e-05,1.8674022303473479e-10
-2.4348020552872756e-05,1.8674022303473479e-10
-4.803011179272423e-05,3.4378123288081075
-2.4348020552862487e-05,1.8734773707374877e-10
-2.4348020552872756e-05,1.8674022303473479e-10
-2.4348020552872756e-05,1.8674022303473479e-10
-2.4348020552872756e-05,1.8674022303473479e-10
-2.4348020552872756e-05,1.8674022303473479e-10
-2.4348020552872756e-05,1.8674022303473479e-10
-2.4348020552872756e-05,1.8674022303833527e-10
0.0018526709284088499,-1.4209294001118215e-08
-2.4348020552872756e-05,1.8674022303473479e-10
-2.4348020552872756e-05,1.8674022303473479e-10
-2.4348020552872756e-05,1.8674022303473479e-10
-2.4348020552872756e-05,1.8674022303473479e-10
2.0384902012908173e-06,3.4403905869385802
-2.434802055285625e-05,1.8801935857779183e-10
-2.4348020552872756e-05,1.8674022303473479e-10
-2.4348020552872756e-05,1.8674022303473479e-10
856.8423621647755,111718919.99671417
-2.4348020552872756e-05,1.8674022303473479e-10
-2.4348020552872756e-05,1.8674022303473479e-10
-2.4348020552872756e-05,1.867402230391558e-10
0.00292093843399338,-2.2402506743830394e-08
-2.4348020552872756e-05,1.8674022303473479e-10
-2.4348020552872756e-05,1.8674022303473479e-10
-2.4348020552872756e-05,1.8674022303473479e-10
-2.4348020552872756e-05,1.8674022303473479e-10
2.05826262518421e-06,3.44296860703433
-2.4348020552853396e-05,1.882040953522643e-10
-2.4348020552872756e-05,1.8674022303473479e-10
-2.4348020552872756e-05,1.8674022303473479e-10
-2.4348020552872756e-05,1.8674022303473479e-10
-2.4348020552872756e-05,1.8674022303473479e-10
-2.4348020552872756e-05,1.8674022303473479e-10
-2.4348020552872756e-05,1.8674022303965873e-10
-2.4348020552872756e-05,1.8674022303473479e-10
-2.4348020552872756e-05,1.8674022303473479e-10
-2.4348020552872756e-05,1.8674022303473479e-10
-2.4348020552872756e-05,1.8674022303473479e-10
-2.4348020552872756e-05,1.8674022303473479e-10
-2.3021535758887492e+20,1765665801407231.5
-2.4348020552848118e-05,1.8867320523772322e-10
-2.434802055282266e-05,1.8674022303435056e-10
-2.4348020552872756e-05,1.8674022303473479e-10
-2.4348020552872756e-05,1.8674022303473479e-10
-2.4348020552872756e-05,1.8674022303473479e-10
-2.4348020552872756e-05,1.8674022303473479e-10
-2.4348020552872756e-05,1.8674022304092871e-10
-2.4348020552802923e-05,1.867402230341992e-10
-2.4348020552872756e-05,1.8674022303473479e-10
-2.4348020552872756e-05,1.8674022303473479e-10
-2.4348020552872756e-05,1.8674022303473479e-10
-2.4348020552872756e-05,1.8674022303473479e-10
126443839484.28108,-969773.5706859886
-2.4348020552841958e-05,1.8953976141347573e-10
-2.4348020552872756e-05,1.8674022303473479e-10
-2.4348020552872756e-05,1.8674022303473479e-10
0.00037464037600181343,52.021881102172316
-2.4348020552872756e-05,1.8674022303473479e-10
-2.4348020552872756e-05,1.8674022303473479e-10
-2.4348020552872756e-05,1.8674022304082335e-10
-2.4348020552872756e-05,1.8674022303473479e-10
-2.4348020552872756e-05,1.8674022303473479e-10
-2.4348020552872756e-05,1.8674022303473479e-10
-2.4348020552872756e-05,1.8674022303473479e-10
-2.4348020552872756e-05,1.8674022303473479e-10
2.1181815820147195e-06,3.4507811070341
-2.434802055283995e-05,1.8965344825118527e-10
-2.4348020552872756e-05,1.8674022303473479e-10
-2.4348020552872756e-05,1.8674022303473479e-10
-2.4348020552872756e-05,1.8674022303473479e-10
-2.4348020552872756e-05,1.8674022303473479e-10
-2.4348020552872756e-05,1.8674022303473479e-10
-2.4348020552872756e-05,1.8674022304161796e-10
-2.4348020552872756e-05,1.8674022303473479e-10
-2.4348020552872756e-05,1.8674022303473479e-10
-2.4348020552872756e-05,1.8674022303473479e-10
-2.4348020552872756e-05,1.8674022303473479e-10
-2.4348020552872756e-05,1.8674022303473479e-10
-2.3021535758887492e+20,1765665801407231.5
-2.434802055283545e-05,1.8959688477328923e-10
-2.4348020552872756e-05,1.8674022303473479e-10
-2.4348020552872756e-05,1.8674022303473479e-10
-2.4348020552872756e-05,1.8674022303473479e-10
-2.4348020552872756e-05,1.8674022303473479e-10
-2.4348020552872756e-05,1.8674022303473479e-10
-2.4348020552872756e-05,1.867402230426767e-10
-2.4348020552872756e-05,1.8674022303473479e-10
-2.4348020552872756e-05,1.8674022303473479e-10
-2.4348020552872756e-05,1.8674022303473479e-10
-2.4348020552872756e-05,1.8674022303473479e-10
-2.4348020552872756e-05,1.8674022303473479e-10
126443839484.28108,-969773.5628734886
-2.4348020552836435e-05,1.8931264621178138e-10
-2.4348020552872756e-05,1.8674022303473479e-10
-2.4348020552872756e-05,1.8674022303473479e-10
-2.4348020552872756e-05,1.8674022303473479e-10
-2.4348020552872756e-05,1.8674022303473479e-10
-2.4348020552872756e-05,1.8674022303473479e-10
-2.4348020552872756e-05,1.8674022304479428e-10
-2.4348020552872756e-05,1.8674022303473479e-10
-2.4348020552872756e-05,1.8674022303473479e-10
-2.4348020552872756e-05,1.8674022303473479e-10
-2.4348020552872756e-05,1.8674022303473479e-10
-2.4348020552872756e-05,1.8674022303473479e-10
-3.2186439839881614e+26,2.4685797111685144e+21
-2.4348020552820457e-05,1.9032161798067002e-10
-2.4348020552872756e-05,1.8674022303473479e-10
-2.4348020552872756e-05,1.8674022303473479e-10
0.0029221467866213297,384.1770934947468
-2.4348020552872756e-05,1.8674022303473479e-10
-2.4348020552872756e-05,1.8674022303473479e-10
-2.4348020552872756e-05,1.8674022304384137e-10
-2.4348020552872756e-05,1.8674022303473479e-10
-2.4348020552872756e-05,1.8674022303473479e-10
-2.4348020552872756e-05,1.8674022303473479e-10
-2.4348020552872756e-05,1.8674022303473479e-10
-2.4348020552872756e-05,1.8674022303473479e-10
2.239298181878728e-06,3.461132764900907
-2.434802055281108e-05,1.9162928007556304e-10
-2.4348020552872756e-05,1.8674022303473479e-10
-2.4348020552872756e-05,1.8674022303473479e-10
-2.4348020552872756e-05,1.8674022303473479e-10
-2.4348020552872756e-05,1.8674022303473479e-10
-2.4348020552872756e-05,1.8674022303473479e-10
-2.4348020552872756e-05,1.8674022304527074e-10
-2.4348020552872756e-05,1.8674022303473479e-10
-2.4348020552872756e-05,1.8674022303473479e-10
-2.4348020552872756e-05,1.8674022303473479e-10
-2.4348020552872756e-05,1.8674022303473479e-10
-2.4348020552872756e-05,1.8674022303473479e-10
5.848603149590348e+35,-4.4856601555122813e+30
-2.434802055278942e-05,1.936472223123767e-10
-2.4348020552872756e-05,1.8674022303473479e-10
-2.4348020552872756e-05,1.8674022303473479e-10
-2.4348020552872756e-05,1.8674022303473479e-10
-2.4348020552872756e-05,1.8674022303473479e-10
-2.4348020552872756e-05,1.8674022303473479e-10
-2.4348020552872756e-05,1.8674022304484722e-10
-2.4348020552872756e-05,1.8674022303473479e-10
-2.4348020552872756e-05,1.8674022303473479e-10
-2.4348020552872756e-05,1.8674022303473479e-10
-2.4348020552872756e-05,1.8674022303473479e-10
-2.4348020552872756e-05,1.8674022303473479e-10
-3.2186439839881614e+26,2.4685797111685144e+21
-2.4348020552779193e-05,1.9447198531327308e-10
-2.4348020552872756e-05,1.8674022303473479e-10
-2.4348020552872756e-05,1.8674022303473479e-10
1544.8131949699873,201419615.99407592
-2.4348020552872756e-05,1.8674022303473479e-10
-2.4348020552872756e-05,1.8674022303473479e-10
-2.4348020552872756e-05,1.867402230454825e-10
-2.4348020552872756e-05,1.8674022303473479e-10
-2.4348020552872756e-05,1.8674022303473479e-10
-2.4348020552872756e-05,1.8674022303473479e-10
-2.4348020552872756e-05,1.8674022303473479e-10
-2.4348020552872756e-05,1.8674022303473479e-10
1.9023205581367715e+17,-1459008811569.5452
-2.434802055275221e-05,1.968025654864278e-10
-2.4348020552872756e-05,1.8674022303473479e-10
-2.4348020552872756e-05,1.8674022303473479e-10
-2.4348020552872756e-05,1.8674022303473479e-10
-2.4348020552872756e-05,1.8674022303473479e-10
-2.4348020552872756e-05,1.8674022303473479e-10
-2.4348020552872756e-05,1.867402230463299e-10
-2.4348020552872756e-05,1.8674022303473479e-10
-2.4348020552872756e-05,1.8674022303473479e-10
5866238.9998031175,-44.991861938815525
-2.4348020552872756e-05,1.8674022303473479e-10
-2.4348020552872756e-05,1.8674022303473479e-10
2.2772663392331545e-06,3.4715232849967466
-2.434802055273373e-05,1.9794000632228278e-10
-2.4348020552872756e-05,1.8674022303473479e-10
-2.4348020552872756e-05,1.8674022303473479e-10
-2.4348020552872756e-05,1.8674022303473479e-10
-2.4348020552872756e-05,1.8674022303473479e-10
-2.4348020552872756e-05,1.8674022303473479e-10
-2.4348020552872756e-05,1.8674022304521816e-10
-2.4348020552872756e-05,1.8674022303473479e-10
-2.4348020552872756e-05,1.8674022303473479e-10
-2.4348020552872756e-05,1.8674022303473479e-10
-2.4348020552872756e-05,1.8674022303473479e-10
-2.4348020552872756e-05,1.8674022303473479e-10
-3.2186439839881614e+26,2.4685797111685144e+21
-2.434802055269654e-05,2.0044108639428583e-10
-2.4348020552872756e-05,1.8674022303473479e-10
-2.4348020552872756e-05,1.8674022303473479e-10
-2.4348020552872756e-05,1.8674022303473479e-10
-2.4348020552872756e-05,1.8674022303473479e-10
-2.4348020552872756e-05,1.8674022303473479e-10
-2.4348020552872756e-05,1.867402230498782e-10
-2.4348020552872756e-05,1.8674022303473479e-10
-2.4348020552872756e-05,1.8674022303473479e-10
-2.4348020552872756e-05,1.8674022303473479e-10
-2.4348020552872756e-05,1.8674022303473479e-10
-2.4348020552872756e-05,1.8674022303473479e-10
1.9023205581367715e+17,-1459008811569.5374
-2.4348020552658975e-05,2.0686594703769245e-10
-2.4348020552872756e-05,1.8674022303473479e-10
-2.4348020552872756e-05,1.8674022303473479e-10
-2.4348020552872756e-05,1.8674022303473479e-10
-2.4348020552872756e-05,1.8674022303473479e-10
-2.4348020552872756e-05,1.8674022303473479e-10
-2.4348020552872756e-05,1.8674022305771056e-10
-2.4348020552872756e-05,1.8674022303473479e-10
-2.4348020552872756e-05,1.8674022303473479e-10
-2.4348020552872756e-05,1.8674022303473479e-10
-2.4348020552872756e-05,1.8674022303473479e-10
-2.4348020552872756e-05,1.8674022303473479e-10
2.337185296063664e-06,3.479335784996517
-2.4348020552495935e-05,2.2721898920533797e-10
-2.4348020552872756e-05,1.8674022303473479e-10
-2.4348020552872756e-05,1.8674022303473479e-10
-2.4348020552872756e-05,1.8674022303473479e-10
-2.4348020552872756e-05,1.8674022303473479e-10
-2.4348020552872756e-05,1.8674022303473479e-10
-2.4348020552872756e-05,1.8674022306067724e-10
-2.4348020552872756e-05,1.8674022303473479e-10
-2.4348020552872756e-05,1.8674022303473479e-10
-2.4348020552872756e-05,1.8674022303473479e-10
-2.4348020552872756e-05,1.8674022303473479e-10
-2.4348020552872756e-05,1.8674022303473479e-10
0.05875235650894895,3.48187449227332
-2.434802055234177e-05,2.431350875050518e-10
-2.4348020552872756e-05,1.8674022303473479e-10
-2.4348020552872756e-05,1.8674022303473479e-10
-2.4348020552872756e-05,1.8674022303473479e-10
-2.4348020552872756e-05,1.8674022303473479e-10
-2.4348020552872756e-05,1.8674022303473479e-10
-2.4348020552872756e-05,1.867402230614184e-10
-2.4348020552872756e-05,1.8674022303473479e-10
-2.4348020552872756e-05,1.8674022303473479e-10
-2.4348020552872756e-05,1.8674022303473479e-10
-2.4348020552872756e-05,1.8674022303473479e-10
-2.4348020552872756e-05,1.8674022303473479e-10
2.3767320270248857e-06,3.484492063606595
-2.4348020552210512e-05,2.599666618332863e-10
-2.4348020552872756e-05,1.8674022303473479e-10
-2.4348020552872756e-05,1.8674022303473479e-10
-2.4348020552872756e-05,1.8674022303473479e-10
-2.4348020552872756e-05,1.8674022303473479e-10
-2.4348020552872756e-05,1.8674022303473479e-10
-2.4348020552872756e-05,1.8674022307306716e-10
-2.4348020552872756e-05,1.8674022303473479e-10
-2.4348020552872756e-05,1.8674022303473479e-10
116513849340.57312,-893617.7035519617
-2.4348020552872756e-05,1.8674022303473479e-10
-2.4348020552872756e-05,1.8674022303473479e-10
-4.9326819535660064e+32,3.7831828101510535e+27
-2.4348020551830736e-05,3.0863671592983727e-10
-2.4348020552872756e-05,1.8674022303473479e-10
-2.4348020552872756e-05,1.8674022303473479e-10
-2.4348020552872756e-05,1.8674022303473479e-10
-2.4348020552872756e-05,1.8674022303473479e-10
-2.4348020552872756e-05,1.8674022303473479e-10
-2.4348020552872756e-05,1.8674022307116136e-10
-2.4348020552872756e-05,1.8674022303473479e-10
-2.4348020552872756e-05,1.8674022303473479e-10
-2.4348020552872756e-05,1.8674022303473479e-10
-2.4348020552872756e-05,1.8674022303473479e-10
-2.4348020552872756e-05,1.8674022303473479e-10
0.058752416427905775,3.4896869922730898
-2.4348020551452777e-05,3.5683951878868717e-10
-2.4348020552872756e-05,1.8674022303473479e-10
-2.4348020552872756e-05,1.8674022303473479e-10
-2.4348020552872756e-05,1.8674022303473479e-10
-2.4348020552872756e-05,1.8674022303473479e-10
-2.4348020552872756e-05,1.8674022303473479e-10
-2.4348020552872756e-05,1.8674022307222018e-10
-2.4348020552872756e-05,1.8674022303473479e-10
-2.4348020552872756e-05,1.8674022303473479e-10
-2.4348020552872756e-05,1.8674022303473479e-10
-2.4348020552872756e-05,1.8674022303473479e-10
-2.4348020552872756e-05,1.8674022303473479e-10
2.4366509838553987e-06,3.492304563606365
-2.434802055072661e-05,4.432648023820293e-10
-2.4348020552872756e-05,1.8674022303473479e-10
-2.4348020552872756e-05,1.8674022303473479e-10
-2.4348020552872756e-05,1.8674022303473479e-10
-2.4348020552872756e-05,1.8674022303473479e-10
-2.4348020552872756e-05,1.8674022303473479e-10
-2.4348020552872756e-05,1.8674022307560831e-10
-2.4348020552872756e-05,1.8674022303473479e-10
-2.4348020552872756e-05,1.8674022303473479e-10
-2.4348020552872756e-05,1.8674022303473479e-10
-2.4348020552872756e-05,1.8674022303473479e-10
-2.4348020552872756e-05,1.8674022303473479e-10
2.4561253762579137e-06,3.494843721473722
-2.4348020550198382e-05,5.087476715070132e-10
-2.4348020552872756e-05,1.8674022303473479e-10
-2.4348020552872756e-05,1.8674022303473479e-10
-2.4348020552872756e-05,1.8674022303473479e-10
-2.4348020552872756e-05,1.8674022303473479e-10
-2.4348020552872756e-05,1.8674022303473479e-10
-2.4348020552872756e-05,1.8674022307709065e-10
-2.4348020552872756e-05,1.8674022303473479e-10
-2.4348020552872756e-05,1.8674022303473479e-10
-2.4348020552872756e-05,1.8674022303473479e-10
-2.4348020552872756e-05,1.8674022303473479e-10
-2.4348020552872756e-05,1.8674022303473479e-10
2.7200830219953198e+23,-2.086202075841726e+18
-2.4348020549300303e-05,6.251625214856985e-10
-2.4348020552872756e-05,1.8674022303473479e-10
-2.4348020552872756e-05,1.8674022303473479e-10
-2.4348020552872756e-05,1.8674022303473479e-10
-2.4348020552872756e-05,1.8674022303473479e-10
-2.4348020552872756e-05,1.8674022303473479e-10
-2.4348020552872756e-05,1.8674022308407872e-10
-2.4348020552872756e-05,1.8674022303473479e-10
-2.4348020552872756e-05,1.8674022303473479e-10
-2.4348020552872756e-05,1.8674022303473479e-10
-2.4348020552872756e-05,1.8674022303473479e-10
-2.4348020552872756e-05,1.8674022303473479e-10
-151996493459081.53,1165756333.76967
-2.4348020547985894e-05,7.980110902719962e-10
-2.4348020552872756e-05,1.8674022303473479e-10
-2.4348020552872756e-05,1.8674022303473479e-10
-2.4348020552872756e-05,1.8674022303473479e-10
-2.4348020552872756e-05,1.8674022303473479e-10
-2.4348020552872756e-05,1.8674022303473479e-10
-2.4348020552872756e-05,1.8674022307772603e-10
-2.4348020552872756e-05,1.8674022303473479e-10
-2.4348020552872756e-05,1.8674022303473479e-10
-2.4348020552872756e-05,1.8674022303473479e-10
-2.4348020552872756e-05,1.8674022303473479e-10
-2.4348020552872756e-05,1.8674022303473479e-10
2.505857305851378e-06,3.5013279915693567
-2.434802054795452e-05,7.798204190796449e-10
-2.4348020552872756e-05,1.8674022303473479e-10
-2.4348020552872756e-05,1.8674022303473479e-10
-2.4348020552872756e-05,1.8674022303473479e-10
-2.4348020552872756e-05,1.8674022303473479e-10
-2.4348020552872756e-05,1.8674022303473479e-10
-2.4348020552872756e-05,1.8674022308429058e-10
-2.4348020552872756e-05,1.8674022303473479e-10
-2.4348020552872756e-05,1.8674022303473479e-10
-2.4348020552872756e-05,1.8674022303473479e-10
-2.4348020552872756e-05,1.8674022303473479e-10
-2.4348020552872756e-05,1.8674022303473479e-10
2.557617640040813e-06,3.5026366711496864
-2.434802054756911e-05,8.525793290868483e-10
-2.4348020552872756e-05,1.8674022303473479e-10
-2.4348020552872756e-05,1.8674022303473479e-10
-2.4348020552872756e-05,1.8674022303473479e-10
-2.4348020552872756e-05,1.8674022303473479e-10
-2.4348020552872756e-05,1.8674022303473479e-10
-2.4348020552872756e-05,1.8674022309826226e-10
-2.4348020552872756e-05,1.8674022303473479e-10
-2.4348020552872756e-05,1.8674022303473479e-10
-2.4348020552872756e-05,1.8674022303473479e-10
-2.4348020552872756e-05,1.8674022303473479e-10
-2.4348020552872756e-05,1.8674022303473479e-10
2.5256315856110577e-06,3.503906250083685
-2.4348020541392868e-05,1.6493812312993246e-09
-2.4348020552872756e-05,1.8674022303473479e-10
-2.4348020552872756e-05,1.8674022303473479e-10
-2.4348020552872756e-05,1.8674022303473479e-10
-2.4348020552872756e-05,1.8674022303473479e-10
-2.4348020552872756e-05,1.8674022303473479e-10
-2.4348020552872756e-05,1.8674022310376797e-10
-2.4348020552872756e-05,1.8674022303473479e-10
-2.4348020552872756e-05,1.8674022303473479e-10
-2.4348020552872756e-05,1.8674022303473479e-10
-2.4348020552872756e-05,1.8674022303473479e-10
-2.4348020552872756e-05,1.8674022303473479e-10
2.5356668405647297e-06,3.505214691245756
-2.4348020538467213e-05,1.9767792288880235e-09
-2.4348020552872756e-05,1.8674022303473479e-10
-2.4348020552872756e-05,1.8674022303473479e-10
-2.4348020552872756e-05,1.8674022303473479e-10
-2.4348020552872756e-05,1.8674022303473479e-10
-2.4348020552872756e-05,1.8674022303473479e-10
-2.4348020552872756e-05,1.8674022312917896e-10
-2.4348020552872756e-05,1.8674022303473479e-10
-2.4348020552872756e-05,1.8674022303473479e-10
-2.4348020552872756e-05,1.8674022303473479e-10
-2.4348020552872756e-05,1.8674022303473479e-10
-2.4348020552872756e-05,1.8674022303473479e-10
1.9023205581367715e+17,-1459008811569.5076
-2.4348020533977433e-05,2.5590097149166e-09
-2.4348020552872756e-05,1.8674022303473479e-10
-2.4348020552872756e-05,1.8674022303473479e-10
-2.4348020552872756e-05,1.8674022303473479e-10
-2.4348020552872756e-05,1.8674022303473479e-10
-2.4348020552872756e-05,1.8674022303473479e-10
-2.4348020552872756e-05,1.8674022313595522e-10
-2.4348020552872756e-05,1.8674022303473479e-10
-2.4348020552872756e-05,1.8674022303473479e-10
-2.4348020552872756e-05,1.8674022303473479e-10
-2.4348020552872756e-05,1.8674022303473479e-10
-2.4348020552872756e-05,1.8674022303473479e-10
2.555591064026311e-06,3.50781250008357
-2.4348020529591107e-05,3.0974339090174417e-09
-2.4348020552872756e-05,1.8674022303473479e-10
-2.4348020552872756e-05,1.8674022303473479e-10
-2.4348020552872756e-05,1.8674022303473479e-10
-2.4348020552872756e-05,1.8674022303473479e-10
-2.4348020552872756e-05,1.8674022303473479e-10
-2.4348020552872756e-05,1.8674022315418453e-10
-2.4348020552872756e-05,1.8674022303473479e-10
-2.4348020552872756e-05,1.8674022303473479e-10
-2.4348020552872756e-05,1.8674022303473479e-10
-2.4348020552872756e-05,1.8674022303473479e-10
-2.4348020552872756e-05,1.8674022303473479e-10
2.565626318979983e-06,3.509120941245641
-2.4348020529153946e-05,3.0974352412817187e-09
-2.4348020552872756e-05,1.8674022303473479e-10
-2.4348020552872756e-05,1.8674022303473479e-10
-2.4348020552872756e-05,1.8674022303473479e-10
-2.4348020552872756e-05,1.8674022303473479e-10
-2.4348020552872756e-05,1.8674022303473479e-10
-2.4348020552872756e-05,1.8674022318127149e-10
-2.4348020552872756e-05,1.8674022303473479e-10
-2.4348020552872756e-05,1.8674022303473479e-10
-2.4348020552872756e-05,1.8674022303473479e-10
-2.4348020552872756e-05,1.8674022303473479e-10
-2.4348020552872756e-05,1.8674022303473479e-10
1.9023205581367715e+17,-1459008811569.5037
-2.4348020524960832e-05,3.664960601306373e-09
-2.4348020552872756e-05,1.8674022303473479e-10
-2.4348020552872756e-05,1.8674022303473479e-10
-2.4348020552872756e-05,1.8674022303473479e-10
-2.4348020552872756e-05,1.8674022303473479e-10
-2.4348020552872756e-05,1.8674022303473479e-10
-2.4348020552872756e-05,1.867402232151528e-10
-2.4348020552872756e-05,1.8674022303473479e-10
-2.4348020552872756e-05,1.8674022303473479e-10
-2.4348020552872756e-05,1.8674022303473479e-10
-2.4348020552872756e-05,1.8674022303473479e-10
-2.4348020552872756e-05,1.8674022303473479e-10
2.5854005987629765e-06,3.5116991997599696
-2.4348020512368708e-05,5.280540715391076e-09
-2.4348020552872756e-05,1.8674022303473479e-10
-2.4348020552872756e-05,1.8674022303473479e-10
-2.4348020552872756e-05,1.8674022303473479e-10
-2.4348020552872756e-05,1.8674022303473479e-10
-2.4348020552872756e-05,1.8674022303473479e-10
-2.4348020552872756e-05,1.8674022322870533e-10
-2.4348020552872756e-05,1.8674022303473479e-10
-2.4348020552872756e-05,1.8674022303473479e-10
-2.4348020552872756e-05,1.8674022303473479e-10
-2.4348020552872756e-05,1.8674022303473479e-10
-2.4348020552872756e-05,1.8674022303473479e-10
-4.745339183323057e-05,3.513007641305896
-2.4348020510988834e-05,5.25144354626105e-09
-2.4348020552872756e-05,1.8674022303473479e-10
-2.4348020552872756e-05,1.8674022303473479e-10
-2.4348020552872756e-05,1.8674022303473479e-10
-2.4348020552872756e-05,1.8674022303473479e-10
-2.4348020552872756e-05,1.8674022303473479e-10
-2.4348020552872756e-05,1.8674022323126535e-10
-2.4348020552872756e-05,1.8674022303473479e-10
-2.4348020552872756e-05,1.8674022303473479e-10
-2.4348020552872756e-05,1.8674022303473479e-10
-2.4348020552872756e-05,1.8674022303473479e-10
-2.4348020552872756e-05,1.8674022303473479e-10
1.9023205581367715e+17,-1459008811569.4998
-2.4348020478449785e-05,9.152003421218069e-09
-2.4348020552872756e-05,1.8674022303473479e-10
-2.4348020552872756e-05,1.8674022303473479e-10
-2.4348020552872756e-05,1.8674022303473479e-10
-2.4348020552872756e-05,1.8674022303473479e-10
-2.4348020552872756e-05,1.8674022303473479e-10
-2.4348020552872756e-05,1.8674022329057702e-10
-2.4348020552872756e-05,1.8674022303473479e-10
-2.4348020552872756e-05,1.8674022303473479e-10
-2.4348020552872756e-05,1.8674022303473479e-10
-2.4348020552872756e-05,1.8674022303473479e-10
-2.4348020552872756e-05,1.8674022303473479e-10
2.6152101607844774e-06,3.5155858994363687
-2.4348020454869747e-05,1.2295231321311621e-08
-2.4348020552872756e-05,1.8674022303473479e-10
-2.4348020552872756e-05,1.8674022303473479e-10
-2.4348020552872756e-05,1.8674022303473479e-10
-2.4348020552872756e-05,1.8674022303473479e-10
-2.4348020552872756e-05,1.8674022303473479e-10
-2.4348020552872756e-05,1.8674022344812548e-10
-2.4348020552872756e-05,1.8674022303473479e-10
-2.4348020552872756e-05,1.8674022303473479e-10
-2.4348020552872756e-05,1.8674022303473479e-10
-2.4348020552872756e-05,1.8674022303473479e-10
-2.4348020552872756e-05,1.8674022303473479e-10
-107374183.99683933,827.0367786039272
-2.4348020428785665e-05,1.5323361068152063e-08
-2.4348020552872756e-05,1.8674022303473479e-10
-2.4348020552872756e-05,1.8674022303473479e-10
-2.4348020552872756e-05,1.8674022303473479e-10
-2.4348020552872756e-05,1.8674022303473479e-10
-2.4348020552872756e-05,1.8674022303473479e-10
-2.4348020552872756e-05,1.8674022362096043e-10
-2.4348020552872756e-05,1.8674022303473479e-10
-2.4348020552872756e-05,1.8674022303473479e-10
-2.4348020552872756e-05,1.8674022303473479e-10
-2.4348020552872756e-05,1.8674022303473479e-10
-2.4348020552872756e-05,1.8674022303473479e-10
2.635132528356461e-06,3.518183469855604
-2.434802034237234e-05,2.59171979866161e-08
-2.4348020552872756e-05,1.8674022303473479e-10
-2.4348020552872756e-05,1.8674022303473479e-10
-2.4348020552872756e-05,1.8674022303473479e-10
-2.4348020552872756e-05,1.8674022303473479e-10
-2.4348020552872756e-05,1.8674022303473479e-10
-2.4348020552872756e-05,1.8674022372938137e-10
-2.4348020552872756e-05,1.8674022303473479e-10
-2.4348020552872756e-05,1.8674022303473479e-10
-2.4348020552872756e-05,1.8674022303473479e-10
-2.4348020552872756e-05,1.8674022303473479e-10
-2.4348020552872756e-05,1.8674022303473479e-10
2.645169639199734e-06,3.519492149436254
-2.434802027483177e-05,3.465105784391201e-08
-2.4348020552872756e-05,1.8674022303473479e-10
-2.4348020552872756e-05,1.8674022303473479e-10
-2.4348020552872756e-05,1.8674022303473479e-10
-2.4348020552872756e-05,1.8674022303473479e-10
-2.4348020552872756e-05,1.8674022303473479e-10
-2.4348020552872756e-05,1.8674022381069617e-10
-2.4348020552872756e-05,1.8674022303473479e-10
-2.4348020552872756e-05,1.8674022303473479e-10
-2.4348020552872756e-05,1.8674022303473479e-10
-2.4348020552872756e-05,1.8674022303473479e-10
-2.4348020552872756e-05,1.8674022303473479e-10
-2.3021535758887492e+20,1765665801407231.5
-2.434802024592656e-05,3.837641919653537e-08
-2.4348020552872756e-05,1.8674022303473479e-10
-2.4348020552872756e-05,1.8674022303473479e-10
-2.4348020552872756e-05,1.8674022303473479e-10
-2.4348020552872756e-05,1.8674022303473479e-10
-2.4348020552872756e-05,1.8674022303473479e-10
-2.4348020552872756e-05,1.8674022385135453e-10
-2.4348020552872756e-05,1.8674022303473479e-10
-2.4348020552872756e-05,1.8674022303473479e-10
-2.4348020552872756e-05,1.8674022303473479e-10
-2.4348020552872756e-05,1.8674022303473479e-10
-2.4348020552872756e-05,1.8674022303473479e-10
2.6650920067717174e-06,3.5220897198554892
-2.4348020206703404e-05,4.326596218909262e-08
-2.4348020552872756e-05,1.8674022303473479e-10
-2.4348020552872756e-05,1.8674022303473479e-10
-2.4348020552872756e-05,1.8674022303473479e-10
-2.4348020552872756e-05,1.8674022303473479e-10
-2.4348020552872756e-05,1.8674022303473479e-10
-2.4348020552872756e-05,1.8674022377342863e-10
-2.4348020552872756e-05,1.8674022303473479e-10
-2.4348020552872756e-05,1.8674022303473479e-10
-2.4348020552872756e-05,1.8674022303473479e-10
-2.4348020552872756e-05,1.8674022303473479e-10
-2.4348020552872756e-05,1.8674022303473479e-10
0.05875267482840711,3.523378398522099
-2.434802017010986e-05,4.768977284007503e-08
-2.4348020552872756e-05,1.8674022303473479e-10
-2.4348020552872756e-05,1.8674022303473479e-10
-2.4348020552872756e-05,1.8674022303473479e-10
-2.4348020552872756e-05,1.8674022303473479e-10
-2.4348020552872756e-05,1.8674022303473479e-10
-2.4348020552872756e-05,1.8674022376665366e-10
-2.4348020552872756e-05,1.8674022303473479e-10
-2.4348020552872756e-05,1.8674022303473479e-10
-2.4348020552872756e-05,1.8674022303473479e-10
-2.4348020552872756e-05,1.8674022303473479e-10
-2.4348020552872756e-05,1.8674022303473479e-10
-4.9326819535660064e+32,3.7831828101510535e+27
-2.4348020100687832e-05,5.677027097100726e-08
-2.4348020552872756e-05,1.8674022303473479e-10
-2.4348020552872756e-05,1.8674022303473479e-10
-2.4348020552872756e-05,1.8674022303473479e-10
-2.4348020552872756e-05,1.8674022303473479e-10
-2.4348020552872756e-05,1.8674022303473479e-10
-2.4348020552872756e-05,1.8674022378359566e-10
-2.4348020552872756e-05,1.8674022303473479e-10
-2.4348020552872756e-05,1.8674022303473479e-10
-2.4348020552872756e-05,1.8674022303473479e-10
-2.4348020552872756e-05,1.8674022303473479e-10
-2.4348020552872756e-05,1.8674022303473479e-10
2.6949015415083796e-06,3.5259764195318883
-2.4348020046395606e-05,6.399388290164328e-08
-2.4348020552872756e-05,1.8674022303473479e-10
-2.4348020552872756e-05,1.8674022303473479e-10
-2.4348020552872756e-05,1.8674022303473479e-10
-2.4348020552872756e-05,1.8674022303473479e-10
-2.4348020552872756e-05,1.8674022303473479e-10
-2.4348020552872756e-05,1.8674022378698462e-10
-2.4348020552872756e-05,1.8674022303473479e-10
-2.4348020552872756e-05,1.8674022303473479e-10
-2.4348020552872756e-05,1.8674022303473479e-10
-2.4348020552872756e-05,1.8674022303473479e-10
-2.4348020552872756e-05,1.8674022303473479e-10
126443839484.28108,-969773.4915844261
-2.4348020034828354e-05,6.445982130054296e-08
-2.4348020552872756e-05,1.8674022303473479e-10
-2.4348020552872756e-05,1.8674022303473479e-10
-2.4348020552872756e-05,1.8674022303473479e-10
-2.4348020552872756e-05,1.8674022303473479e-10
-2.4348020552872756e-05,1.8674022303473479e-10
-2.4348020552872756e-05,1.8674022367179114e-10
-2.4348020552872756e-05,1.8674022303473479e-10
-2.4348020552872756e-05,1.8674022303473479e-10
-2.4348020552872756e-05,1.8674022303473479e-10
-2.4348020552872756e-05,1.8674022303473479e-10
-2.4348020552872756e-05,1.8674022303473479e-10
-4.9326819535660064e+32,3.7831828101510535e+27
-2.4348020096485827e-05,5.560963138649988e-08
-2.4348020552872756e-05,1.8674022303473479e-10
-2.4348020552872756e-05,1.8674022303473479e-10
-2.4348020552872756e-05,1.8674022303473479e-10
-2.4348020552872756e-05,1.8674022303473479e-10
-2.4348020552872756e-05,1.8674022303473479e-10
-2.4348020552872756e-05,1.867402238648508e-10
-2.4348020552872756e-05,1.8674022303473479e-10
-2.4348020552872756e-05,1.8674022303473479e-10
-2.4348020552872756e-05,1.8674022303473479e-10
-2.4348020552872756e-05,1.8674022303473479e-10
-2.4348020552872756e-05,1.8674022303473479e-10
-71.67999757850643,3.530393327712821
-2.4348020191871647e-05,4.326040929749874e-08
-2.4348020552872756e-05,1.8674022303473479e-10
-2.4348020552872756e-05,1.8674022303473479e-10
-2.4348020552872756e-05,1.8674022303473479e-10
-2.4348020552872756e-05,1.8674022303473479e-10
-2.4348020552872756e-05,1.8674022303473479e-10
-2.4348020552872756e-05,1.8674022378702143e-10
-2.4348020552872756e-05,1.8674022303473479e-10
-2.4348020552872756e-05,1.8674022303473479e-10
-2.4348020552872756e-05,1.8674022303473479e-10
-2.4348020552872756e-05,1.8674022303473479e-10
-2.4348020552872756e-05,1.8674022303473479e-10
2.7200830219953198e+23,-2.086202075841726e+18
-2.434801997366009e-05,7.145124207592776e-08
-2.4348020552872756e-05,1.8674022303473479e-10
-2.4348020552872756e-05,1.8674022303473479e-10
-2.4348020552872756e-05,1.8674022303473479e-10
-2.4348020552872756e-05,1.8674022303473479e-10
-2.4348020552872756e-05,1.8674022303473479e-10
-2.4348020552872756e-05,1.8674022389205372e-10
-2.4348020552872756e-05,1.8674022303473479e-10
-2.4348020552872756e-05,1.8674022303473479e-10
-2.4348020552872756e-05,1.8674022303473479e-10
-2.4348020552872756e-05,1.8674022303473479e-10
-2.4348020552872756e-05,1.8674022303473479e-10
2.7446352996833127e-06,3.532460928046102
-2.4348019535186895e-05,1.2688317489584312e-07
-2.4348020552872756e-05,1.8674022303473479e-10
-2.4348020552872756e-05,1.8674022303473479e-10
-2.4348020552872756e-05,1.8674022303473479e-10
-2.4348020552872756e-05,1.8674022303473479e-10
-2.4348020552872756e-05,1.8674022303473479e-10
-2.4348020552872756e-05,1.8674022394977335e-10
-2.4348020552872756e-05,1.8674022303473479e-10
-2.4348020552872756e-05,1.8674022303473479e-10
-2.4348020552872756e-05,1.8674022303473479e-10
-2.4348020552872756e-05,1.8674022303473479e-10
-2.4348020552872756e-05,1.8674022303473479e-10
-71.67999754854695,3.534299577712706
-2.434801891179388e-05,2.0697693052120349e-07
-2.4348020552872756e-05,1.8674022303473479e-10
-2.4348020552872756e-05,1.8674022303473479e-10
-2.4348020552872756e-05,1.8674022303473479e-10
-2.4348020552872756e-05,1.8674022303473479e-10
-2.4348020552872756e-05,1.8674022303473479e-10
-2.4348020552872756e-05,1.867402240514171e-10
-2.4348020552872756e-05,1.8674022303473479e-10
-2.4348020552872756e-05,1.8674022303473479e-10
-2.4348020552872756e-05,1.8674022303473479e-10
-2.4348020552872756e-05,1.8674022303473479e-10
-2.4348020552872756e-05,1.8674022303473479e-10
2.7200830219953198e+23,-2.086202075841726e+18
-2.4348017757473194e-05,3.578877095011143e-07
-2.4348020552872756e-05,1.8674022303473479e-10
-2.4348020552872756e-05,1.8674022303473479e-10
-2.4348020552872756e-05,1.8674022303473479e-10
-2.4348020552872756e-05,1.8674022303473479e-10
-2.4348020552872756e-05,1.8674022303473479e-10
-2.4348020552872756e-05,1.867402244103163e-10
-2.4348020552872756e-05,1.8674022303473479e-10
-2.4348020552872756e-05,1.8674022303473479e-10
-2.4348020552872756e-05,1.8674022303473479e-10
-2.4348020552872756e-05,1.8674022303473479e-10
-2.4348020552872756e-05,1.8674022303473479e-10
2.7744448344199986e-06,3.536347627722501
-2.434801566274081e-05,6.299070019174238e-07
-2.4348020552872756e-05,1.8674022303473479e-10
-2.4348020552872756e-05,1.8674022303473479e-10
-2.4348020552872756e-05,1.8674022303473479e-10
-2.4348020552872756e-05,1.8674022303473479e-10
-2.4348020552872756e-05,1.8674022303473479e-10
-2.4348020552872756e-05,1.8674022467483273e-10
-2.4348020552872756e-05,1.8674022303473479e-10
-2.4348020552872756e-05,1.8674022303473479e-10
-2.4348020552872756e-05,1.8674022303473479e-10
-2.4348020552872756e-05,1.8674022303473479e-10
-2.4348020552872756e-05,1.8674022303473479e-10
-71.67999751858747,3.5382058277125914
-2.4348013428401072e-05,9.204795883454439e-07
-2.4348020552872756e-05,1.8674022303473479e-10
-2.4348020552872756e-05,1.8674022303473479e-10
-2.4348020552872756e-05,1.8674022303473479e-10
-2.4348020552872756e-05,1.8674022303473479e-10
-2.4348020552872756e-05,1.8674022303473479e-10
-2.4348020552872756e-05,1.8674022544756976e-10
-2.4348020552872756e-05,1.8674022303473479e-10
-2.4348020552872756e-05,1.8674022303473479e-10
-2.4348020552872756e-05,1.8674022303473479e-10
-2.4348020552872756e-05,1.8674022303473479e-10
-2.4348020552872756e-05,1.8674022303473479e-10
5.848603149590348e+35,-4.4856601555122813e+30
-2.4348011287080575e-05,1.1997302162919865e-06
-2.4348020552872756e-05,1.8674022303473479e-10
-2.4348020552872756e-05,1.8674022303473479e-10
-2.4348020552872756e-05,1.8674022303473479e-10
-2.4348020552872756e-05,1.8674022303473479e-10
-2.4348020552872756e-05,1.8674022303473479e-10
-2.4348020552872756e-05,1.8674022566404748e-10
-2.4348020552872756e-05,1.8674022303473479e-10
-2.4348020552872756e-05,1.8674022303473479e-10
-2.4348020552872756e-05,1.8674022303473479e-10
-2.4348020552872756e-05,1.8674022303473479e-10
-2.4348020552872756e-05,1.8674022303473479e-10
2.8459776197876447e-06,3.5402343273985806
-2.4348006542398044e-05,1.8184209220519285e-06
-2.4348020552872756e-05,1.8674022303473479e-10
-2.4348020552872756e-05,1.8674022303473479e-10
-2.4348020552872756e-05,1.8674022303473479e-10
-2.4348020552872756e-05,1.8674022303473479e-10
-2.4348020552872756e-05,1.8674022303473479e-10
-2.4348020552872756e-05,1.8674022710073778e-10
-2.4348020552872756e-05,1.8674022303473479e-10
-2.4348020552872756e-05,1.8674022303473479e-10
-2.4348020552872756e-05,1.8674022303473479e-10
-2.4348020552872756e-05,1.8674022303473479e-10
-2.4348020552872756e-05,1.8674022303473479e-10
-151996493459081.53,1165756333.811174
-2.434799818037805e-05,2.906497978030458e-06
-2.4348020552872756e-05,1.8674022303473479e-10
-2.4348020552872756e-05,1.8674022303473479e-10
-2.4348020552872756e-05,1.8674022303473479e-10
-2.4348020552872756e-05,1.8674022303473479e-10
-2.4348020552872756e-05,1.8674022303473479e-10
-2.4348020552872756e-05,1.8674022639588374e-10
-2.4348020552872756e-05,1.8674022303473479e-10
-2.4348020552872756e-05,1.8674022303473479e-10
-2.4348020552872756e-05,1.8674022303473479e-10
-2.4348020552872756e-05,1.8674022303473479e-10
-2.4348020552872756e-05,1.8674022303473479e-10
2.8241767640134627e-06,3.542831897818136
-2.4347995324994163e-05,3.2790272352393818e-06
-2.4348020552872756e-05,1.8674022303473479e-10
-2.4348020552872756e-05,1.8674022303473479e-10
-2.4348020552872756e-05,1.8674022303473479e-10
-2.4348020552872756e-05,1.8674022303473479e-10
-2.4348020552872756e-05,1.8674022303473479e-10
-2.4348020552872753e-05,1.8674022764283512e-10
-2.4348020552872756e-05,1.8674022303473479e-10
-2.4348020552872756e-05,1.8674022303473479e-10
-2.4348020552872756e-05,1.8674022303473479e-10
-2.4348020552872756e-05,1.8674022303473479e-10
-2.4348020552872756e-05,1.8674022303473479e-10
89128.96093771265,2.8605351886417267
-2.434799302194807e-05,3.5770520507231653e-06
-2.4348020552872756e-05,1.8674022303473479e-10
-2.4348020552872756e-05,1.8674022303473479e-10
-2.4348020552872756e-05,1.8674022303473479e-10
-2.4348020552872756e-05,1.8674022303473479e-10
-2.4348020552872756e-05,1.8674022303473479e-10
-2.4348020552872753e-05,1.8674022883543145e-10
-2.4348020552872756e-05,1.8674022303473479e-10
-2.4348020552872756e-05,1.8674022303473479e-10
-2.4348020552872756e-05,1.8674022303473479e-10
-2.4348020552872756e-05,1.8674022303473479e-10
-2.4348020552872756e-05,1.8674022303473479e-10
-3.2186439839881614e+26,2.4685797111685144e+21
-2.434797586652513e-05,5.812810125333034e-06
-2.4348020552872756e-05,1.8674022303473479e-10
-2.4348020552872756e-05,1.8674022303473479e-10
-2.4348020552872756e-05,1.8674022303473479e-10
-2.4348020552872756e-05,1.8674022303473479e-10
-2.4348020552872756e-05,1.8674022303473479e-10
-2.4348020552872753e-05,1.8674023165456472e-10
-2.4348020552872756e-05,1.8674022303473479e-10
-2.4348020552872756e-05,1.8674022303473479e-10
-2.4348020552872756e-05,1.8674022303473479e-10
-2.4348020552872756e-05,1.8674022303473479e-10
-2.4348020552872756e-05,1.8674022303473479e-10
2.8541362424287193e-06,3.546738147818021
-2.4347966009474045e-05,7.094309987966023e-06
-2.4348020552872756e-05,1.8674022303473479e-10
-2.4348020552872756e-05,1.8674022303473479e-10
-2.4348020552872756e-05,1.8674022303473479e-10
-2.4348020552872756e-05,1.8674022303473479e-10
-2.4348020552872756e-05,1.8674022303473479e-10
-2.434802055287275e-05,1.8674023067882906e-10
-2.4348020552872756e-05,1.8674022303473479e-10
-2.4348020552872756e-05,1.8674022303473479e-10
-2.4348020552872756e-05,1.8674022303473479e-10
-2.4348020552872756e-05,1.8674022303473479e-10
-2.4348020552872756e-05,1.8674022303473479e-10
89128.9609377426,2.864441438641612
-2.4347930310268284e-05,1.1744646437969455e-05
-2.4348020552872756e-05,1.8674022303473479e-10
-2.4348020552872756e-05,1.8674022303473479e-10
-2.4348020552872756e-05,1.8674022303473479e-10
-2.4348020552872756e-05,1.8674022303473479e-10
-2.4348020552872756e-05,1.8674022303473479e-10
-2.4348020552872746e-05,1.8674022707360494e-10
-2.4348020552872756e-05,1.8674022303473479e-10
-2.4348020552872756e-05,1.8674022303473479e-10
-2.4348020552872756e-05,1.8674022303473479e-10
-2.4348020552872756e-05,1.8674022303473479e-10
-2.4348020552872756e-05,1.8674022303473479e-10
2.873910522188399e-06,3.5493164063323492
-2.4347963351773125e-05,7.4212610550641495e-06
-2.4348020552872756e-05,1.8674022303473479e-10
-2.4348020552872756e-05,1.8674022303473479e-10
-2.4348020552872756e-05,1.8674022303473479e-10
-2.4348020552872756e-05,1.8674022303473479e-10
-2.4348020552872756e-05,1.8674022303473479e-10
-2.4348020552872746e-05,1.8674022628745496e-10
-2.4348020552872756e-05,1.8674022303473479e-10
-2.4348020552872756e-05,1.8674022303473479e-10
-2.4348020552872756e-05,1.8674022303473479e-10
-2.4348020552872756e-05,1.8674022303473479e-10
-2.4348020552872756e-05,1.8674022303473479e-10
2.8839457771420677e-06,3.5506248474944204
-2.4347958430487815e-05,8.047402227733042e-06
-2.4348020552872756e-05,1.8674022303473479e-10
-2.4348020552872756e-05,1.8674022303473479e-10
-2.4348020552872756e-05,1.8674022303473479e-10
-2.4348020552872756e-05,1.8674022303473479e-10
-2.4348020552872756e-05,1.8674022303473479e-10
-2.4348020552872743e-05,1.8674022624680129e-10
-2.4348020552872756e-05,1.8674022303473479e-10
-2.4348020552872756e-05,1.8674022303473479e-10
-2.4348020552872756e-05,1.8674022303473479e-10
-2.4348020552872756e-05,1.8674022303473479e-10
-2.4348020552872756e-05,1.8674022303473479e-10
1.9023205581367715e+17,-1459008811569.4622
-2.434794142566788e-05,1.0252752256484095e-05
-2.4348020552872756e-05,1.8674022303473479e-10
-2.4348020552872756e-05,1.8674022303473479e-10
-2.4348020552872756e-05,1.8674022303473479e-10
-2.4348020552872756e-05,1.8674022303473479e-10
-2.4348020552872756e-05,1.8674022303473479e-10
-2.4348020552872736e-05,1.8674022777836274e-10
-2.4348020552872756e-05,1.8674022303473479e-10
-2.4348020552872756e-05,1.8674022303473479e-10
-2.4348020552872756e-05,1.8674022303473479e-10
-2.4348020552872756e-05,1.8674022303473479e-10
-2.4348020552872756e-05,1.8674022303473479e-10
2.9038700006036523e-06,3.5532226563322347
-2.434791849782602e-05,1.3232921740031006e-05
-2.4348020552872756e-05,1.8674022303473479e-10
-2.4348020552872756e-05,1.8674022303473479e-10
-2.4348020552872756e-05,1.8674022303473479e-10
-2.4348020552872756e-05,1.8674022303473479e-10
-2.4348020552872756e-05,1.8674022303473479e-10
-2.4348020552872732e-05,1.8674022813048482e-10
-2.4348020552872756e-05,1.8674022303473479e-10
-2.4348020552872756e-05,1.8674022303473479e-10
-2.4348020552872756e-05,1.8674022303473479e-10
-2.4348020552872756e-05,1.8674022303473479e-10
-2.4348020552872756e-05,1.8674022303473479e-10
-4.713507237506848e-05,3.554511547554675
-2.434790594156962e-05,1.4842268976790429e-05
-2.4348020552872756e-05,1.8674022303473479e-10
-2.4348020552872756e-05,1.8674022303473479e-10
-2.4348020552872756e-05,1.8674022303473479e-10
-2.4348020552872756e-05,1.8674022303473479e-10
-2.4348020552872756e-05,1.8674022303473479e-10
-2.4348020552872726e-05,1.86740230624632e-10
-2.4348020552872756e-05,1.8674022303473479e-10
-2.4348020552872756e-05,1.8674022303473479e-10
-2.4348020552872756e-05,1.8674022303473479e-10
-2.4348020552872756e-05,1.8674022303473479e-10
-2.4348020552872756e-05,1.8674022303473479e-10
4.05648182994159e+29,-3.1111700436373484e+24
-2.4348019401727496e-05,1.8674021490725384e-10
-2.4348020552872756e-05,1.8674022303473479e-10
-2.4348020552872756e-05,1.8674022303473479e-10
-2.4348020552872756e-05,1.8674022303473479e-10
-2.4348020552872756e-05,1.8674022303473479e-10
-2.4348020552872756e-05,1.8674022303473479e-10
-2.4348020552872715e-05,1.8674025989953402e-10
-2.4348020552872756e-05,1.8674022303473479e-10
-2.4348020552872756e-05,1.8674022303473479e-10
-2.4348020552872756e-05,1.8674022303473479e-10
-2.4348020552872756e-05,1.8674022303473479e-10
-2.4348020552872756e-05,1.8674022303473479e-10
2.9335296189465623e-06,3.557089805685148
-2.434778343398534e-05,3.075838078261012e-05
-2.4348020552872756e-05,1.8674022303473479e-10
-2.4348020552872756e-05,1.8674022303473479e-10
-2.4348020552872756e-05,1.8674022303473479e-10
-2.4348020552872756e-05,1.8674022303473479e-10
-2.4348020552872756e-05,1.8674022303473479e-10
-2.4348020552872712e-05,1.8674027074154248e-10
-2.4348020552872756e-05,1.8674022303473479e-10
-2.4348020552872756e-05,1.8674022303473479e-10
-2.4348020552872756e-05,1.8674022303473479e-10
-2.4348020552872756e-05,1.8674022303473479e-10
-2.4348020552872756e-05,1.8674022303473479e-10
-107374183.996839,827.078282510176
-2.4348020552872743e-05,1.867402286186356e-10
-2.4348020552872756e-05,1.8674022303473479e-10
-2.4348020552872756e-05,1.8674022303473479e-10
-2.4348020552872756e-05,1.8674022303473479e-10
-2.4348020552872756e-05,1.8674022303473479e-10
-2.4348020552872756e-05,1.8674022303473479e-10
-2.4348020552872712e-05,1.867402876570022e-10
-2.4348020552872756e-05,1.8674022340914204e-10
-2.4348020552872756e-05,1.8674022303473479e-10
-2.4348020552872756e-05,1.8674022303473479e-10
-2.4348020552872756e-05,1.8674022303473479e-10
-2.4348020552872756e-05,1.8674022303473479e-10
4.05648182994159e+29,-3.1111700436373484e+24
-2.434801822216096e-05,1.8674020517566892e-10
-2.4348020552872756e-05,1.8674022303473479e-10
-2.4348020552872756e-05,1.8674022303473479e-10
-2.4348020552872756e-05,1.8674022303473479e-10
-2.4348020552872756e-05,1.8674022303473479e-10
-2.4348020552872756e-05,1.8674022303473479e-10
-2.4348020552872695e-05,1.8674033015772723e-10
-2.4348020552872756e-05,1.867402233769536e-10
-2.4348020552872756e-05,1.867402231330146e-10
-2.4348020552872756e-05,1.8674022303473479e-10
-2.4348020552872756e-05,1.8674022303473479e-10
-2.4348020552872756e-05,1.8674022303473479e-10
2.963489097361819e-06,3.5609960556850333
-2.4348017440564168e-05,1.8674019919816206e-10
-2.4348020552872756e-05,1.8674022303473479e-10
-2.434802055287255e-05,1.867402230347332e-10
-2.4348020552872756e-05,1.8674022303473479e-10
-2.4348020552872756e-05,1.8674022303473479e-10
-2.4348020552872756e-05,1.8674022303473479e-10
-2.4348020552872675e-05,1.867403765654248e-10
-2.4348020552872756e-05,1.8674022338881216e-10
-2.4348020552872756e-05,1.8674022312666188e-10
-2.4348020552872756e-05,1.8674022303473479e-10
-2.4348020552872756e-05,1.8674022303473479e-10
-2.4348020552872756e-05,1.8674022303473479e-10
-2.3021535758887492e+20,1765665801407231.5
-2.4348017142136436e-05,1.8674019768884582e-10
-2.4348020552872753e-05,1.8674022316776078e-10
-2.4348020552872756e-05,1.8674022303473479e-10
-2.4348020552872756e-05,1.8674022303473479e-10
-2.4348020552872756e-05,1.8674022303473479e-10
-2.4348020552872756e-05,1.8674022303473479e-10
-2.4348020552872668e-05,1.8674044075018012e-10
-2.4348020552872756e-05,1.8674022324565537e-10
-2.4348020552872722e-05,1.8674022318640145e-10
-2.4348020552872756e-05,1.8674022303473479e-10
-2.4348020552872756e-05,1.8674022303473479e-10
-2.4348020552872756e-05,1.8674022303473479e-10
2.9832615212552114e-06,3.5635740757807826
-2.434802055287273e-05,1.8674022308577036e-10
-2.434802055287265e-05,1.8674022310421162e-10
-2.4348020552872756e-05,1.8674022303473479e-10
-2.4348020552872756e-05,1.8674022303473479e-10
-2.4348020552872756e-05,1.8674022303473479e-10
-2.4348020552872756e-05,1.8674022303473479e-10
-2.434802055287264e-05,1.8674057519892553e-10
-2.4348020552872753e-05,1.867402230386526e-10
-2.4348020552872712e-05,1.8674022303473445e-10
-2.4348020552872756e-05,1.8674022303473479e-10
-2.4348020552872756e-05,1.8674022303473479e-10
-2.4348020552872756e-05,1.8674022303473479e-10
0.05875299314786527,3.564882304770878
-2.4348020552872732e-05,1.8674022307327667e-10
-2.434802055287275e-05,1.8674022303473473e-10
-2.4348020552872746e-05,1.867402230347347e-10
-2.4348020552872756e-05,1.8674022303473479e-10
-2.4348020552872756e-05,1.8674022303522455e-10
-2.4348020552872756e-05,1.8674022303473479e-10
-2.434802055287266e-05,1.8674022303473404e-10
-2.4348020552872756e-05,1.8674022304082312e-10
-2.4348020552872655e-05,1.867402230456955e-10
-2.4348020552872756e-05,1.8674022303473479e-10
-2.4348020552872756e-05,1.8674022303473479e-10
-2.4348020552872756e-05,1.8674022303473479e-10
-4.9326819535660064e+32,3.7831828101510535e+27
-2.434802055287275e-05,1.8674022305781742e-10
-2.4348020552872736e-05,1.8674022303681316e-10
-2.4348020552872756e-05,1.8674022303473479e-10
-2.4348020552872756e-05,1.8674022303473479e-10
-2.4348020552872756e-05,1.8674022303473479e-10
-2.4348020552872756e-05,1.8674022303473479e-10
-2.434802055287273e-05,1.8674022306861776e-10
-2.4348020552872753e-05,1.8674022303473476e-10
-2.4348020552872743e-05,1.8674022303473468e-10
-2.4348020552872756e-05,1.8674022303473479e-10
-2.4348020552872756e-05,1.8674022303473479e-10
-2.4348020552872756e-05,1.8674022303473479e-10
3.0132209996704645e-06,3.5674803257806675
-2.4348020552872756e-05,1.8674022305675868e-10
-2.4348020552872743e-05,1.867402230369191e-10
-2.4348020552872756e-05,1.8674022303473479e-10
-2.4348020552872756e-05,1.8674022303473479e-10
-2.4348020552872756e-05,1.8674022303473479e-10
-2.4348020552872756e-05,1.8674022303473479e-10
-2.434802055287272e-05,1.8674022306088757e-10
-2.4348020552872756e-05,1.8674022304617033e-10
-2.434802055287262e-05,1.8674022377014984e-10
-2.4348020552872756e-05,1.8674022303473479e-10
-2.4348020552872756e-05,1.8674022303473479e-10
-2.4348020552872756e-05,1.8674022303473479e-10
126443839484.28108,-969773.4500805199
-2.434802055287275e-05,1.867402230410348e-10
-2.4348020552872746e-05,1.8674022303658824e-10
-2.4348020552872756e-05,1.8674022303473479e-10
-2.4348020552872756e-05,1.8674022303473479e-10
-2.4348020552872756e-05,1.8674022303473479e-10
-2.4348020552872756e-05,1.8674022303473479e-10
-2.434802055287271e-05,1.8674022303473442e-10
-2.4348020552872756e-05,1.867402230459056e-10
-2.4348020552872753e-05,1.8674022474951212e-10
-2.4348020552872756e-05,1.8674022303473479e-10
-2.4348020552872756e-05,1.8674022303473479e-10
-2.4348020552872756e-05,1.8674022303473479e-10
-4.9326819535660064e+32,3.7831828101510535e+27
-2.434802055287274e-05,1.8674022304024063e-10
-2.4348020552872743e-05,1.8674022304691342e-10
-2.4348020552872756e-05,1.8674022303473479e-10
-2.4348020552872756e-05,1.8674022303473479e-10
-2.4348020552872756e-05,1.8674022303473479e-10
-2.4348020552872756e-05,1.8674022303473479e-10
-2.434802055287275e-05,1.8674022306819437e-10
-2.4348020552872756e-05,1.867402230361907e-10
-2.434802055287275e-05,1.8674022303473473e-10
-2.4348020552872756e-05,1.8674022303473479e-10
-2.4348020552872756e-05,1.8674022303473479e-10
-2.4348020552872756e-05,1.8674022303473479e-10
3.0429967739647718e-06,3.5713670254570675
-2.4348020552872736e-05,1.8674022307115912e-10
-2.4348020552872753e-05,1.8674022307264995e-10
-2.4348020552872756e-05,1.8674022303473479e-10
-2.4348020552872756e-05,1.8674022303473479e-10
-2.4348020552872756e-05,1.8674022303473479e-10
-2.4348020552872756e-05,1.8674022303473479e-10
-2.434802055287275e-05,1.8674022314739754e-10
-2.434802055287275e-05,1.8674022303545278e-10
-2.4348020552872756e-05,1.8674022303743545e-10
-2.4348020552872756e-05,1.8674022303473479e-10
-2.4348020552872756e-05,1.8674022303473479e-10
-2.4348020552872756e-05,1.8674022303473479e-10
126443839484.28108,-969773.4461742699
-2.4348020552869924e-05,1.867402230870194e-10
-2.434802055287272e-05,1.8674022306566167e-10
-2.4348020552872756e-05,1.8674022303473479e-10
-2.4348020552872756e-05,1.8674022303473479e-10
-2.4348020552872756e-05,1.8674022303473479e-10
-2.4348020552872756e-05,1.8674022303473479e-10
-2.434802055287275e-05,1.867402236785094e-10
-2.4348020552872753e-05,1.867402230351153e-10
-2.434802055285703e-05,1.867402230374332e-10
-2.4348020552872756e-05,1.8674022303473479e-10
-2.4348020552872756e-05,1.8674022303473479e-10
-2.4348020552872756e-05,1.8674022303473479e-10
-4.9326819535660064e+32,3.7831828101510535e+27
-2.4348020552872756e-05,1.8674022308682935e-10
-2.434802055287275e-05,1.8674022303473473e-10
-2.4348020546931362e-05,1.8674022298916652e-10
-2.4348020552872756e-05,1.8674022303473479e-10
-2.4348020552872756e-05,1.8674022303473479e-10
-2.4348020552872756e-05,1.8674022303473479e-10
-2.434802055287275e-05,1.8674022344810162e-10
-2.4348020552872753e-05,1.8674022303886433e-10
-2.4348020552872756e-05,1.8674022303473479e-10
-2.4348020552872756e-05,1.8674022303473479e-10
-2.4348020552872756e-05,1.8674022303473479e-10
-2.4348020552872756e-05,1.8674022303473479e-10
-71.6799972302275,3.5758034839614856
-2.434802055287274e-05,1.8674022308894885e-10
-2.434802055287275e-05,1.8674022307455575e-10
-2.434802054831913e-05,1.8674124348138814e-10
-2.4348020552872756e-05,1.8674022303473479e-10
-2.4348020552872756e-05,1.8674022303473479e-10
-2.4348020552872756e-05,1.8674022303473479e-10
-2.434802055287275e-05,1.8674022350571463e-10
-2.434802055287274e-05,1.8674022303852015e-10
-2.4348020552872563e-05,1.8674497081406854e-10
-2.4348020552872756e-05,1.8674022303473479e-10
-2.4348020552872756e-05,1.8674022303473479e-10
-2.4348020552872756e-05,1.8674022303473479e-10
5.848603149590348e+35,-4.4856601555122813e+30
-2.4348020552872732e-05,1.8674022304410542e-10
-2.4348020552872746e-05,1.8674093097333123e-10
-2.434802055287275e-05,1.8674096225918137e-10
-2.4348020552872756e-05,1.8674022303473479e-10
-2.4348020552872756e-05,1.8674022303473479e-10
-2.4348020552872756e-05,1.8674022303473479e-10
-2.434802055287275e-05,1.8674022308704085e-10
-2.4348020552872743e-05,1.8674022303867896e-10
-2.4348020552776872e-05,1.867426663107002e-10
-2.4348020552872756e-05,1.8674022303473479e-10
-2.4348020552872756e-05,1.8674022303473479e-10
-2.4348020552872756e-05,1.8674022303473479e-10
3.0927642925820835e-06,3.5778515339712804
-2.4348020552872743e-05,1.8674022304717597e-10
-2.4348020552872753e-05,1.8674022361427275e-10
-2.4348020551831495e-05,1.867402230267487e-10
-2.4348020552872756e-05,1.8674022303473479e-10
-2.4348020552872756e-05,1.8674022303473479e-10
-2.4348020552872756e-05,1.8674022303473479e-10
-2.434802055287275e-05,1.8674022311774763e-10
-2.4348020552872743e-05,1.867402230660772e-10
-2.4348020552746924e-05,1.8674244426544209e-10
-2.4348020552872756e-05,1.8674022303473479e-10
-2.4348020552872756e-05,1.8674022303473479e-10
-2.4348020552872756e-05,1.8674022303473479e-10
-71.67999720026802,3.5797097339613706
-2.434802055287274e-05,1.8674022306904153e-10
-2.4348020552872312e-05,1.867402230550654e-10
-2.4348020551769045e-05,1.8674022302626973e-10
-2.4348020552872756e-05,1.8674022303473479e-10
-2.4348020552872756e-05,1.8674022303473479e-10
-2.4348020552872756e-05,1.8674022303473479e-10
-2.434802055287275e-05,1.8674022337186858e-10
-2.4348020552872743e-05,1.8674022304008186e-10
-2.4348020552872756e-05,1.8674022303473479e-10
-2.4348020552872756e-05,1.8674022303473479e-10
-2.4348020552872756e-05,1.8674022303473479e-10
-2.4348020552872756e-05,1.8674022303473479e-10
5.848603149590348e+35,-4.4856601555122813e+30
-2.4348020552872604e-05,1.867402230618407e-10
-2.434802055287265e-05,1.8674022306671995e-10
-2.434802055268882e-05,1.8674022303332408e-10
-2.4348020552872756e-05,1.8674022303473479e-10
-2.4348020552872756e-05,1.8674022303473479e-10
-2.4348020552872756e-05,1.8674022303473479e-10
-2.4348020552872756e-05,1.8674022377337698e-10
-2.4348020552872712e-05,1.8674022304084925e-10
-2.4348020539713676e-05,1.8674022293380955e-10
-2.4348020552872756e-05,1.8674022303473479e-10
-2.4348020552872756e-05,1.8674022303473479e-10
-2.4348020552872756e-05,1.8674022303473479e-10
3.1642970779497296e-06,3.5817382336473598
-2.4348020552872736e-05,1.867402231020778e-10
-2.4348020552872665e-05,1.8674583103447252e-10
-2.4348020552032937e-05,1.8674022302829369e-10
-2.4348020552872756e-05,1.8674022303473479e-10
-2.4348020552872756e-05,1.8674022303473479e-10
-2.4348020552872756e-05,1.8674022303473479e-10
-2.434802055287273e-05,1.867402231033479e-10
-2.4348020552872702e-05,1.867402230384669e-10
-2.434802053999123e-05,1.867402229359383e-10
-2.4348020552872756e-05,1.8674022303473479e-10
-2.4348020552872756e-05,1.8674022303473479e-10
-2.4348020552872756e-05,1.8674022303473479e-10
-151996493459081.53,1165756333.8526778
-2.434802055287275e-05,1.867402238174257e-10
-2.434802055287262e-05,1.8674022323467538e-10
-2.4348020552872756e-05,1.8674022303473479e-10
-2.4348020552872756e-05,1.8674022303473479e-10
-2.4348020552872756e-05,1.8674022303473479e-10
-2.4348020552872756e-05,1.8674022303473479e-10
-2.4348020552872533e-05,1.867402230510394e-10
-2.4348020552872715e-05,1.8674022303947288e-10
-2.4348020551991334e-05,1.867402230279746e-10
-2.4348020552872756e-05,1.8674022303473479e-10
-2.4348020552872756e-05,1.8674022303473479e-10
-2.4348020552872756e-05,1.8674022303473479e-10
3.142496222175551e-06,3.584335804066915
-2.434786411154065e-05,1.8673902320975272e-10
-2.4348020552867416e-05,1.8674022323548253e-10
-2.4348020552872756e-05,1.8674022303473479e-10
-2.4348020552872756e-05,1.8674022303473479e-10
-2.4348020552872756e-05,1.8674022303473479e-10
-2.4348020552872756e-05,1.8674022303473479e-10
-2.434802055287258e-05,1.8674022303473344e-10
-2.434802055287269e-05,1.8674022303473427e-10
-2.4348020552872756e-05,1.8674022303473479e-10
-2.4348020552872756e-05,1.8674022303473479e-10
-2.4348020552872756e-05,1.8674022303473479e-10
-2.4348020552872756e-05,1.8674022303473479e-10
3.194256556364986e-06,3.5856444836472448
-2.4347807722910775e-05,1.867385907318241e-10
-2.434802055287273e-05,1.867436099004212e-10
-2.4348020552872756e-05,1.8674022303473479e-10
-2.4348020552872756e-05,1.8674022303473479e-10
-2.4348020552872756e-05,1.8674022303473479e-10
-2.4348020552872756e-05,1.8674022303473479e-10
-2.4348020552872583e-05,1.8674105226257174e-10
-2.434802055287259e-05,1.8674022303473352e-10
-2.4348020552872756e-05,1.8674022303473479e-10
-2.4348020552872756e-05,1.8674022303473479e-10
-2.4348020552872756e-05,1.8674022303473479e-10
-2.4348020552872756e-05,1.8674022303473479e-10
-151996493459081.53,1165756333.856584
-2.434802055287273e-05,1.8674022303473458e-10
-2.4348020552872756e-05,1.867402231660249e-10
-2.4348020552872756e-05,1.8674022303473479e-10
-2.4348020552872756e-05,1.8674022303473479e-10
-2.4348020552872756e-05,1.8674022303473479e-10
-2.4348020552872756e-05,1.8674022303473479e-10
-2.43480205528726e-05,1.867427350348173e-10
-2.4348020552872407e-05,1.8674027594616057e-10
-2.4348020552872756e-05,1.8674022303473479e-10
-2.4348020552872756e-05,1.8674022303473479e-10
-2.4348020552872756e-05,1.8674022303473479e-10
-2.4348020552872756e-05,1.8674022303473479e-10
3.1723057568888995e-06,3.5882225037433146
-2.4347967118005114e-05,1.8673981320925928e-10
-2.4348020552872756e-05,1.8674022324145265e-10
-2.4348020552872756e-05,1.8674022303473479e-10
-2.4348020552872756e-05,1.8674022303473479e-10
-2.4348020552872756e-05,1.8674022303473479e-10
-2.4348020552872756e-05,1.8674022303473479e-10
-2.4348020552872638e-05,1.8674177046800209e-10
-2.4348020552872756e-05,1.8674022303473479e-10
-2.4348020552872756e-05,1.8674022303473479e-10
-2.4348020552872756e-05,1.8674022303473479e-10
-2.4348020552872756e-05,1.8674022303473479e-10
-2.4348020552872756e-05,1.8674022303473479e-10
89128.96093806092,2.9059453448903914
-2.4347971438104948e-05,1.8673984634281133e-10
-2.4348020552872756e-05,1.8674022303473479e-10
-2.4348020552872756e-05,1.8674022303473479e-10
-2.4348020552872756e-05,1.8674022303473479e-10
-2.4348020552872756e-05,1.8674022303473479e-10
-2.4348020552872756e-05,1.8674022303473479e-10
-2.434802055287265e-05,1.8674172189563898e-10
-2.4348020552872756e-05,1.8674022303473479e-10
-2.4348020552872756e-05,1.8674022303473479e-10
-2.4348020552872756e-05,1.8674022303473479e-10
-2.4348020552872756e-05,1.8674022303473479e-10
-2.4348020552872756e-05,1.8674022303473479e-10
3.192229980350484e-06,3.590820312581129
-2.434726745839711e-05,1.8673444708140654e-10
-2.4348020552872756e-05,1.8674022303473479e-10
-2.4348020552872756e-05,1.8674022303473479e-10
-2.4348020552872756e-05,1.8674022303473479e-10
-2.4348020552872756e-05,1.8674022303473479e-10
-2.4348020552872756e-05,1.8674022303473479e-10
-2.434802055287265e-05,1.867414790344582e-10
-2.4348020552872756e-05,1.8674022303473479e-10
-2.4348020552872756e-05,1.8674022303473479e-10
-2.4348020552872756e-05,1.8674022303473479e-10
-2.4348020552872756e-05,1.8674022303473479e-10
-2.4348020552872756e-05,1.8674022303473479e-10
3.2022652353041526e-06,3.5921287537431996
-2.4348020552872756e-05,1.8674022303473479e-10
-2.4348020552872756e-05,1.8674022303473479e-10
-2.4348020552872756e-05,1.8674022303473479e-10
-2.4348020552872756e-05,1.8674022303473479e-10
-2.4348020552872756e-05,1.8674022303473479e-10
-2.4348020552872756e-05,1.8674022303473479e-10
-2.4348020552872655e-05,1.8674124311217137e-10
-2.4348020552872756e-05,1.8674022303473479e-10
-2.4348020552872756e-05,1.8674022303473479e-10
-2.4348020552872756e-05,1.8674022303473479e-10
-2.4348020552872756e-05,1.8674022303473479e-10
-2.4348020552872756e-05,1.8674022303473479e-10
1.9023205581367715e+17,-1459008811569.4207
-2.4348020552872756e-05,1.8674022303473479e-10
-2.4348020552872756e-05,1.8674022303473479e-10
-2.4348020552872756e-05,1.8674022303473479e-10
-2.4348020552872756e-05,1.8674022303473479e-10
-2.4348020552872756e-05,1.8674022303473479e-10
-2.4348020552872756e-05,1.8674022303473479e-10
-2.4348020552872655e-05,1.8674109736538263e-10
-2.4348020552872756e-05,1.8674022303473479e-10
-2.4348020552872756e-05,1.8674022303473479e-10
-2.4348020552872756e-05,1.8674022303473479e-10
-2.4348020552872756e-05,1.8674022303473479e-10
-2.4348020552872756e-05,1.8674022303473479e-10
3.2220395150871462e-06,3.594707012257528
-2.4348020552872756e-05,1.8674022303473479e-10
-2.4348020552872756e-05,1.8674022303473479e-10
-2.4348020552872756e-05,1.8674022303473479e-10
-2.4348020552872756e-05,1.8674022303473479e-10
-2.4348020552872756e-05,1.8674022303473479e-10
-2.4348020552872756e-05,1.8674022303473479e-10
-2.4348020552872665e-05,1.8674120147912566e-10
-2.4348020552872756e-05,1.8674022303473479e-10
-2.4348020552872756e-05,1.8674022303473479e-10
-2.4348020552872756e-05,1.8674022303473479e-10
-2.4348020552872756e-05,1.8674022303473479e-10
-2.4348020552872756e-05,1.8674022303473479e-10
-4.68167529169064e-05,3.5960154538034543
-2.434592494629566e-05,1.867241505150509e-10
-2.4348020552872756e-05,1.8674022303473479e-10
-2.4348020552872756e-05,1.8674022303473479e-10
-2.4348020552872756e-05,1.8674022303473479e-10
-2.4348020552872756e-05,1.8674022303473479e-10
-2.4348020552872756e-05,1.8674022303473479e-10
-2.4348020552872655e-05,1.8674137495104967e-10
583050751.9828272,-4471.7814834026285
-2.4348020552872756e-05,1.8674022303473479e-10
-2.4348020552872756e-05,1.8674022303473479e-10
-2.4348020552872756e-05,1.8674022303473479e-10
-2.4348020552872756e-05,1.8674022303473479e-10
4.05648182994159e+29,-3.1111700436373484e+24
-2.4348020552872756e-05,1.8674022303473479e-10
-2.4348020552872756e-05,1.8674022303473479e-10
-2.4348020552872756e-05,1.8674022303473479e-10
-2.4348020552872756e-05,1.8674022303473479e-10
-2.4348020552872756e-05,1.8674022303473479e-10
-2.4348020552872756e-05,1.8674022303473479e-10
-2.4348020552872658e-05,1.8674117372323236e-10
-2.4348020552872756e-05,1.8674022303473479e-10
-2.4348020552872756e-05,1.8674022303473479e-10
-2.4348020552872756e-05,1.8674022303473479e-10
-2.4348020552872756e-05,1.8674022303473479e-10
-2.4348020552872756e-05,1.8674022303473479e-10
3.2519989935023994e-06,3.598613262257413
-2.4348020552872756e-05,1.8674022303473479e-10
-2.4348020552872756e-05,1.8674022303473479e-10
-2.4348020552872756e-05,1.8674022303473479e-10
-2.4348020552872756e-05,1.8674022303473479e-10
-2.4348020552872756e-05,1.8674022303473479e-10
-2.4348020552872756e-05,1.8674022303473479e-10
-2.4348020552872675e-05,1.8674110083477683e-10
-2.4348020552872756e-05,1.8674022303473479e-10
-2.4348020552872756e-05,1.8674022303473479e-10
-2.4348020552872756e-05,1.8674022303473479e-10
-2.4348020552872756e-05,1.8674022303473479e-10
-2.4348020552872756e-05,1.8674022303473479e-10
-107374183.99683869,827.1197864164249
-2.4348020552872756e-05,1.8674022303473479e-10
-2.4348020552872756e-05,1.8674022303473479e-10
-2.4348020552872756e-05,1.8674022303473479e-10
-2.4348020552872756e-05,1.8674022303473479e-10
-2.4348020552872756e-05,1.8674022303473479e-10
-2.4348020552872756e-05,1.8674022303473479e-10
-2.434802055287267e-05,1.8674098287358043e-10
-2.4348020552872756e-05,1.8674022303473479e-10
-2.4348020552872756e-05,1.8674022303473479e-10
-2.4348020552872756e-05,1.8674022303473479e-10
-2.4348020552872756e-05,1.8674022303473479e-10
-2.4348020552872756e-05,1.8674022303473479e-10
3.271771444680634e-06,3.6011912823531627
-2.4348020552872756e-05,1.8674022303473479e-10
-2.4348020552872756e-05,1.8674022303473479e-10
-2.4348020552872756e-05,1.8674022303473479e-10
-2.4348020552872756e-05,1.8674022303473479e-10
-2.4348020552872756e-05,1.8674022303473479e-10
