x,y
126443838076.77249,-18891318.748444933
-0.0004743010978708,3.7296759494040416e-08
-0.0004743010978708,3.7296759494040416e-08
-0.0004743010978708,3.7296759494040416e-08
-0.0004743010978708,3.7296759494040416e-08
-0.0004743010978708,3.7296759494040416e-08
-0.0004743010978708,3.7296759494040416e-08
-0.00047430109787079984,3.7296760208776485e-08
-0.0004743010978708,3.7296759494040416e-08
-0.0004743010978708,3.7296759494040416e-08
-0.0004743010978708,3.7296759494040416e-08
-0.0004743010978708,3.7296759494040416e-08
-0.0004743010978708,3.7296759494040416e-08
6.404366243778058e-05,3.603261706294358
-0.0004743010978708,3.7296759494040416e-08
-0.0004743010978708,3.7296759494040416e-08
-0.0004743010978708,3.7296759494040416e-08
-0.0004743010978708,3.7296759494040416e-08
-0.0004743010978708,3.7296759494040416e-08
-0.0004743010978708,3.7296759494040416e-08
-0.00047430109787079984,3.7296760125509864e-08
-0.0004743010978708,3.7296759494040416e-08
-0.0004743010978708,3.7296759494040416e-08
-0.0004743010978708,3.7296759494040416e-08
-0.0004743010978708,3.7296759494040416e-08
-0.0004743010978708,3.7296759494040416e-08
-71.67993526893319,3.6152599365164364
-0.0004743010978708,3.7296759494040416e-08
-0.0004743010978708,3.7296759494040416e-08
-0.0004743010978708,3.7296759494040416e-08
-0.0004743010978708,3.7296759494040416e-08
-0.0004743010978708,3.7296759494040416e-08
-0.0004743010978708,3.7296759494040416e-08
-0.00047430109787079984,3.729676004224304e-08
-0.0004743010978708,3.7296759494040416e-08
-0.0004743010978708,3.7296759494040416e-08
-0.0004743010978708,3.7296759494040416e-08
-0.0004743010978708,3.7296759494040416e-08
-0.0004743010978708,3.7296759494040416e-08
5.848603084486666e+35,-8.738096521682555e+31
-0.0004743010978708,3.7296759494040416e-08
-0.0004743010978708,3.7296759494040416e-08
-0.0004743010978708,3.7296759494040416e-08
-0.0004743010978708,3.7296759494040416e-08
-0.0004743010978708,3.7296759494040416e-08
-0.0004743010978708,3.7296759494040416e-08
-0.0004743010978707999,3.7296759986732045e-08
-0.0004743010978708,3.7296759494040416e-08
-0.0004743010978708,3.7296759494040416e-08
-0.0004743010978708,3.7296759494040416e-08
-0.0004743010978708,3.7296759494040416e-08
-0.0004743010978708,3.7296759494040416e-08
6.46272751169758e-05,3.607167956250761
-0.0004743010978708,3.7296759494040416e-08
-0.0004743010978708,3.7296759494040416e-08
-0.0004743010978708,3.7296759494040416e-08
-0.0004743010978708,3.7296759494040416e-08
-0.0004743010978708,3.7296759494040416e-08
-0.0004743010978708,3.7296759494040416e-08
-0.0004743010978707999,3.7296759920797386e-08
-0.0004743010978708,3.7296759494040416e-08
-0.0004743010978708,3.7296759494040416e-08
-0.0004743010978708,3.7296759494040416e-08
-0.0004743010978708,3.7296759494040416e-08
-0.0004743010978708,3.7296759494040416e-08
-71.67993468532052,3.6191661864728393
-0.0004743010978708,3.7296759494040416e-08
-0.0004743010978708,3.7296759494040416e-08
-0.0004743010978708,3.7296759494040416e-08
-0.0004743010978708,3.7296759494040416e-08
-0.0004743010978708,3.7296759494040416e-08
-0.0004743010978708,3.7296759494040416e-08
-0.0004743010978707999,3.729676000407907e-08
-0.0004743010978708,3.7296759494040416e-08
-0.0004743010978708,3.7296759494040416e-08
-0.0004743010978708,3.7296759494040416e-08
-0.0004743010978708,3.7296759494040416e-08
-0.0004743010978708,3.7296759494040416e-08
6.500952289898527e-05,3.6097264259945447
-0.0004743010978708,3.7296759494040416e-08
-0.0004743010978708,3.7296759494040416e-08
-0.0004743010978708,3.7296759494040416e-08
-0.0004743010978708,3.7296759494040416e-08
-0.0004743010978708,3.7296759494040416e-08
-0.0004743010978708,3.7296759494040416e-08
-0.00047430109787079984,3.729676011510142e-08
-0.0004743010978708,3.7296759494040416e-08
-0.0004743010978708,3.7296759494040416e-08
-0.0004743010978708,3.7296759494040416e-08
-0.0004743010978708,3.7296759494040416e-08
-0.0004743010978708,3.7296759494040416e-08
6.524676922020308e-05,3.6110351055543934
-0.0004743010978708,3.7296759494040416e-08
-0.0004743010978708,3.7296759494040416e-08
-0.0004743010978708,3.7296759494040416e-08
-0.0004743010978708,3.7296759494040416e-08
-0.0004743010978708,3.7296759494040416e-08
-0.0004743010978708,3.7296759494040416e-08
-0.00047430109787079984,3.7296760108162576e-08
-0.0004743010978708,3.7296759494040416e-08
-0.0004743010978708,3.7296759494040416e-08
-0.0004743010978708,3.7296759494040416e-08
-0.0004743010978708,3.7296759494040416e-08
-0.0004743010978708,3.7296759494040416e-08
-151996491767133.72,22709012682.91806
-0.0004743010978708,3.7296759494040416e-08
-0.0004743010978708,3.7296759494040416e-08
-0.0004743010978708,3.7296759494040416e-08
-0.0004743010978708,3.7296759494040416e-08
-0.0004743010978708,3.7296759494040416e-08
-0.0004743010978708,3.7296759494040416e-08
-0.00047430109787079984,3.729676020530704e-08
-0.0004743010978708,3.7296759494040416e-08
-0.0004743010978708,3.7296759494040416e-08
-0.0004743010978708,3.7296759494040416e-08
-0.0004743010978708,3.7296759494040416e-08
-0.0004743010978708,3.7296759494040416e-08
6.559313557818048e-05,3.6136326759509476
-0.0004743003702421286,3.7296650782789694e-08
-0.0004743010978708,3.7296759494040416e-08
-0.0004743010978708,3.7296759494040416e-08
-0.0004743010978708,3.7296759494040416e-08
-0.0004743010978708,3.7296759494040416e-08
-0.0004743010978708,3.7296759494040416e-08
-0.00047430109787079984,3.7296760045712697e-08
-0.0004743010978708,3.7296759494040416e-08
-0.0004743010978708,3.7296759494040416e-08
-0.0004743010978708,3.7296759494040416e-08
-0.0004743010978708,3.7296759494040416e-08
-0.0004743010978708,3.7296759494040416e-08
6.583038189939818e-05,3.6149413555107963
-0.0004743010978708,3.7296759494040416e-08
-0.0004743010978708,3.7296759494040416e-08
-0.0004743010978708,3.7296759494040416e-08
-0.0004743010978708,3.7296759494040416e-08
-0.0004743010978708,3.7296759494040416e-08
-0.0004743010978708,3.7296759494040416e-08
-0.00047430109787079984,3.729676004918203e-08
-0.0004743010978708,3.7296759494040416e-08
-0.0004743010978708,3.7296759494040416e-08
-0.0004743010978708,3.7296759494040416e-08
-0.0004743010978708,3.7296759494040416e-08
-0.0004743010978708,3.7296759494040416e-08
-3.21864394815985e+26,4.808810083650722e+22
-0.0004743010978708,3.7296759494040416e-08
-0.0004743010978708,3.7296759494040416e-08
-0.0004743010978708,3.7296759494040416e-08
-0.0004743010978708,3.7296759494040416e-08
-0.0004743010978708,3.7296759494040416e-08
-0.0004743010978708,3.7296759494040416e-08
-0.00047430109787079984,3.7296760024895856e-08
-0.0004743010978708,3.7296759494040416e-08
-0.0004743010978708,3.7296759494040416e-08
-0.0004743010978708,3.7296759494040416e-08
-0.0004743010978708,3.7296759494040416e-08
-0.0004743010978708,3.7296759494040416e-08
6.61767482573757e-05,3.61753892590735
-0.0004743010978708,3.7296759494040416e-08
-0.0004743010978708,3.7296759494040416e-08
-0.0004743010978708,3.7296759494040416e-08
-0.0004743010978708,3.7296759494040416e-08
-0.0004743010978708,3.7296759494040416e-08
-0.0004743010978708,3.7296759494040416e-08
-0.00047430109787079984,3.729676011163208e-08
-0.0004743010978708,3.7296759494040416e-08
-0.0004743010978708,3.7296759494040416e-08
-0.0004743010978708,3.7296759494040416e-08
-0.0004743010978708,3.7296759494040416e-08
-0.0004743010978708,3.7296759494040416e-08
89128.96000910956,-9.697470616624024
-0.0004743010978708,3.7296759494040416e-08
-0.0004743010978708,3.7296759494040416e-08
-0.0004743010978708,3.7296759494040416e-08
-0.0004743010978708,3.7296759494040416e-08
-0.0004743010978708,3.7296759494040416e-08
-0.0004743010978708,3.7296759494040416e-08
-0.00047430109787079984,3.729676022959327e-08
-0.0004743010978708,3.7296759494040416e-08
-0.0004743010978708,3.7296759494040416e-08
-0.0004743010978708,3.7296759494040416e-08
-0.0004743010978708,3.7296759494040416e-08
-0.0004743010978708,3.7296759494040416e-08
-3.21864394815985e+26,4.808810083650722e+22
-0.0004743010978708,3.7296759494040416e-08
-0.0004743010978708,3.7296759494040416e-08
-0.0004743010978708,3.7296759494040416e-08
-0.0004743010978708,3.7296759494040416e-08
-0.0004743010978708,3.7296759494040416e-08
-0.0004743010978708,3.7296759494040416e-08
-0.0004743010978707998,3.729676037531015e-08
-0.0004743010978708,3.7296759494040416e-08
-0.0004743010978708,3.7296759494040416e-08
-0.0004743010978708,3.7296759494040416e-08
-0.0004743010978708,3.7296759494040416e-08
-0.0004743010978708,3.7296759494040416e-08
6.67603609365709e-05,3.621445175863753
-0.0004743010978708,3.7296759494040416e-08
-0.0004743010978708,3.7296759494040416e-08
-0.0004743010978708,3.7296759494040416e-08
-0.0004743010978708,3.7296759494040416e-08
-0.0004743010978708,3.7296759494040416e-08
-0.0004743010978708,3.7296759494040416e-08
-0.0004743010978707998,3.7296760548812614e-08
-0.0004743010978708,3.7296759494040416e-08
-0.0004743010978708,3.7296759494040416e-08
-0.0004743010978708,3.7296759494040416e-08
-0.0004743010978708,3.7296759494040416e-08
-0.0004743010978708,3.7296759494040416e-08
1.9023205369611046e+17,-28421590979963.004
-0.0004743010978708,3.7296759494040416e-08
-0.0004743010978708,3.7296759494040416e-08
-0.0004743010978708,3.7296759494040416e-08
-0.0004743010978708,3.7296759494040416e-08
-0.0004743010978708,3.7296759494040416e-08
-0.0004743010978708,3.7296759494040416e-08
-0.0004743010978707998,3.729676044472931e-08
-0.0004743010978708,3.7296759494040416e-08
-0.0004743010978708,3.7296759494040416e-08
-0.0004743010978708,3.7296759494040416e-08
-0.0004743010978708,3.7296759494040416e-08
-0.0004743010978708,3.7296759494040416e-08
6.714556525253869e-05,3.6240234343493816
-0.0004743010978708,3.7296759494040416e-08
-0.0004743010978708,3.7296759494040416e-08
-0.0004743010978708,3.7296759494040416e-08
-0.0004743010978708,3.7296759494040416e-08
-0.0004743010978708,3.7296759494040416e-08
-0.0004743010978708,3.7296759494040416e-08
-0.00047430109787079973,3.7296760562690614e-08
-0.0004743010978708,3.7296759494040416e-08
-0.0004743010978708,3.7296759494040416e-08
-0.0004743010978708,3.7296759494040416e-08
-0.0004743010978708,3.7296759494040416e-08
-0.0004743010978708,3.7296759494040416e-08
1.728930465977915e-05,3.6253123326511565
-0.0004743010978708,3.7296759494040416e-08
-0.0004743010978708,3.7296759494040416e-08
-0.0004743010978708,3.7296759494040416e-08
-0.0004743010978708,3.7296759494040416e-08
-0.0004743010978708,3.7296759494040416e-08
-0.0004743010978708,3.7296759494040416e-08
-0.00047430109787079973,3.7296760597384765e-08
-0.0004743010978708,3.7296759494040416e-08
-0.0004743010978708,3.7296759494040416e-08
-0.0004743010978708,3.7296759494040416e-08
-0.0004743010978708,3.7296759494040416e-08
-0.0004743010978708,3.7296759494040416e-08
1.9023205369611046e+17,-28421590979963.0
-0.0004743010978708,3.7296759494040416e-08
-0.0004743010978708,3.7296759494040416e-08
-0.0004743010978708,3.7296759494040416e-08
-0.0004743010978708,3.7296759494040416e-08
-0.0004743010978708,3.7296759494040416e-08
-0.0004743010978708,3.7296759494040416e-08
-0.00047430109787079973,3.729676056269051e-08
-0.0004743010978708,3.7296759494040416e-08
-0.0004743010978708,3.7296759494040416e-08
80.53653499290738,-0.01203258229825668
-0.0004743010978708,3.7296759494040416e-08
-0.0004743010978708,3.7296759494040416e-08
6.77291779317339e-05,3.627929684305784
-0.0004743010978708,3.7296759494040416e-08
-0.0004743010978708,3.7296759494040416e-08
-0.0004743010978708,3.7296759494040416e-08
-0.0004743010978708,3.7296759494040416e-08
-0.0004743010978708,3.7296759494040416e-08
-0.0004743010978708,3.7296759494040416e-08
-0.0004743010978707996,3.729676102065739e-08
-0.0004743010978708,3.7296759494040416e-08
-0.0004649591652066192,0.06252767825290907
-0.0004743010978708,3.7296759494040416e-08
-0.0004743010978708,3.7296759494040416e-08
-0.0004743010978708,3.7296759494040416e-08
-107374182.80153911,16045.85261038799
-0.0004743010978708,3.7296759494040416e-08
-0.0004743010978708,3.7296759494040416e-08
-0.0004743010978708,3.7296759494040416e-08
-0.0004743010978708,3.7296759494040416e-08
-0.0004743010978708,3.7296759494040416e-08
-0.0004743010978708,3.7296759494040416e-08
-0.0004743010978707997,3.7296760895757726e-08
-0.0004743010978708,3.7296759494040416e-08
-0.00047315641135294224,0.007661679717967273
29.75879126642002,-0.0044461412383014
-0.0004743010978708,3.7296759494040416e-08
-0.0004743010978708,3.7296759494040416e-08
4.056481784786893e+29,-6.06058042610804e+25
-0.0004743010978708,3.7296759494040416e-08
-0.0004743010978708,3.7296759494040416e-08
0.0005391639770534166,6.783348045084556
-0.0004743010978708,3.7296759494040416e-08
-0.0004743010978708,3.7296759494040416e-08
-0.0004743010978708,3.7296759494040416e-08
-0.00047430109787079957,3.729676147868558e-08
-0.0004743010978708,3.7296759494040416e-08
-0.0004743010978708,3.7296759494040416e-08
17.758795215048092,-0.0026532836577480294
-0.0004743010978708,3.7296759494040416e-08
-0.0004743010978708,3.7296759494040416e-08
6.830694881207933e-05,3.6317968336156508
-0.0004743010978708,3.7296759494040416e-08
-0.0004743010978708,3.7296759494040416e-08
-0.000474187072624318,0.0007632337281894648
-0.0004743010978708,3.7296759494040416e-08
-0.0004743010978708,3.7296759494040416e-08
-0.0004743010978708,3.7296759494040416e-08
-0.00047430109787079946,3.729676195053099e-08
-0.0004743010978708,3.7296759494040416e-08
-0.0004743010978708,3.7296759494040416e-08
12.004178541909095,-0.0017935160310381417
-0.0004743010978708,3.7296759494040416e-08
-0.0004743010978708,3.7296759494040416e-08
-107374182.80153853,16045.856516637947
-0.0004743010978708,3.7296759494040416e-08
-0.0004743010978708,3.7296759494040416e-08
-0.00047430020259527105,6.0295757495692195e-06
-0.0004743010978708,3.7296759494040416e-08
-0.0004743010978708,3.7296759494040416e-08
-0.0004743010978708,3.7296759494040416e-08
-0.00047430109787079957,3.7296761548074726e-08
-0.0004743010978708,3.7296759494040416e-08
-0.00047430106000781534,2.907221688766561e-07
-0.0004743010978708,3.7296759494040416e-08
-0.0004743010978708,3.7296759494040416e-08
-0.0004743010978708,3.7296759494040416e-08
4.056481784786893e+29,-6.06058042610804e+25
-0.0004743010978708,3.7296759494040416e-08
-0.0004743010978708,3.7296759494040416e-08
-0.0004743005455964642,3.7337921870679167e-06
-0.0004743010978708,3.7296759494040416e-08
-0.0004743010978708,3.7296759494040416e-08
-0.0004743010978708,3.7296759494040416e-08
-0.00047430109787079946,3.729676200604087e-08
-0.0004743010978708,3.7296759494040416e-08
-0.000474287357792545,3.7294706659743517e-08
-0.0003831897241015617,2.3684278586754193e-08
-0.0004743010978708,3.7296759494040416e-08
-0.0004743010978708,3.7296759494040416e-08
6.889056149127454e-05,3.635703083572053
-0.0004743010978708,3.7296759494040416e-08
-0.0004743010978708,3.7296759494040416e-08
-0.00047424586379469905,1.855735190133404e-06
-0.0004743010978708,3.7296759494040416e-08
-0.0004743010978708,3.7296759494040416e-08
-0.0004743010978708,3.7296759494040416e-08
-0.0004743010978707992,3.729676382415324e-08
-0.0004743010978708,3.7296759494040416e-08
-0.0004743010972791902,4.1256535956535836e-08
-0.000457245287530139,3.474853875039787e-08
-0.0004743010978708,3.7296759494040416e-08
-0.0004743010978708,3.7296759494040416e-08
-2.3021535502623438e+20,3.4395290019398132e+16
-0.0004743010978708,3.7296759494040416e-08
-0.0004743010978708,3.7296759494040416e-08
-0.0004743010274449693,5.086725672822953e-07
-0.0004743010978708,3.7296759494040416e-08
-0.0004743010978708,3.7296759494040416e-08
-0.0004743010978708,3.7296759494040416e-08
-0.0004743010978707998,3.729675949404038e-08
-0.0004743010978708,3.7296759494040416e-08
-0.0004743001149663366,3.9079636058845284e-08
-0.00046884504694646366,3.6481599037511486e-08
-0.0004743010978708,3.7296759494040416e-08
-0.0004743010978708,3.7296759494040416e-08
6.92786510721338e-05,3.6383006539623737
-0.0004742928318492473,3.7295524510350565e-08
-0.00047430109773489044,3.820643265401178e-08
-0.0004742963605036266,1.7612631254651613e-07
-0.0004743010978708,3.7296759494040416e-08
-0.0004743010978708,3.7296759494040416e-08
-0.0004743010978708,3.7296759494040416e-08
-0.0004743010978707998,3.729675949404038e-08
-0.0004743010978708,3.7296759494040416e-08
-0.0004743010963624409,3.868688207885262e-08
-0.0004743010978708,3.7296759494040416e-08
-0.0004743010978708,3.7296759494040416e-08
-0.0004743010978708,3.7296759494040416e-08
6.947417417046975e-05,3.639609333528456
-0.00047429984633937995,3.7296572509179406e-08
-0.00047430109105103075,8.294299777336394e-08
-0.00047429329167076044,5.581354503314971e-08
-0.0004743010978708,3.7296759494040416e-08
-0.0004743010978708,3.7296759494040416e-08
-0.0004743010978708,3.7296759494040416e-08
-0.00047430109787079973,3.7296759494040376e-08
-0.0004743010978708,3.7296759494040416e-08
-0.0004743010965985218,3.729697340552191e-08
-0.00047416132983876867,3.72758774725236e-08
-0.0004743010978708,3.7296759494040416e-08
-0.0004743010978708,3.7296759494040416e-08
-2.3021535502623438e+20,3.4395290019398132e+16
-0.0004743010978708,3.7296759494040416e-08
-0.0004743010978708,3.7296759494040416e-08
-0.00047429276016085746,5.584345084199812e-05
-0.0004743010978708,3.7296759494040416e-08
-0.0004743010978708,3.7296759494040416e-08
-0.0004743010978708,3.7296759494040416e-08
-0.00047430109787079973,3.729675949404037e-08
-0.0004743010978708,3.7296759494040416e-08
-0.00047430109779349867,3.7296801683607746e-08
-0.0004738483358382139,3.7229114651589325e-08
-0.0004743010978708,3.7296759494040416e-08
-0.0004743010978708,3.7296759494040416e-08
6.985638816475238e-05,3.642167803272245
-0.0004743010978708,3.7296759494040416e-08
-0.0004743010978648195,3.733678843209085e-08
-0.0004743010978125967,3.7296759485344564e-08
-0.0004743010978708,3.7296759494040416e-08
-0.0004743010978708,3.7296759494040416e-08
-0.0004743010978708,3.7296759494040416e-08
-0.0004743010978707989,3.7296764629061086e-08
-0.0004743010978708,3.7296759494040416e-08
-0.00047430109784380836,3.7296808796565247e-08
-0.0004743010978708,3.7296759494040416e-08
-0.0004743010978708,3.7296759494040416e-08
-0.0004743010978708,3.7296759494040416e-08
0.05882005406119459,3.6434872556269178
-0.0004743010978708,3.7296759494040416e-08
-0.00047430109787029243,3.730015658802352e-08
-0.00047430109781215274,3.7296759485282995e-08
-0.0004743010978708,3.7296759494040416e-08
-0.0004743010978708,3.7296759494040416e-08
-0.0004743010978708,3.7296759494040416e-08
-0.00047430109787079887,3.7296764629066585e-08
-0.0004743010978708,3.7296759494040416e-08
-0.00047430109785891357,3.729678714316242e-08
-0.0004743010978708,3.729675949404669e-08
-0.0004743010978708,3.7296759494040416e-08
-0.0004743010978708,3.7296759494040416e-08
-4.932681898657894e+32,7.3696658703951265e+28
-0.0004743010978708,3.7296759494040416e-08
-0.0004743010978706513,3.729775460568298e-08
-0.0004743010978708,3.729675949404735e-08
-0.0004743010978708,3.7296759494040416e-08
-0.0004743010978708,3.7296759494040416e-08
-0.0004743010978708,3.7296759494040416e-08
-0.00047430109787079876,3.729676518417936e-08
-0.0004743010978708,3.7296759494040416e-08
-0.0004743010978683839,3.7296763714111356e-08
-0.0004743010978708,3.7296759494044995e-08
-0.0004743010978708,3.7296759494040416e-08
-0.0004743010978708,3.7296759494040416e-08
7.044000084394759e-05,3.6460740532286477
-0.0004743010978708,3.7296759494040416e-08
-0.0004743010976533337,3.875231004675801e-08
-0.0004743010978708,3.729675949404968e-08
-0.00047430109787079995,3.729675949406466e-08
-0.0004743010978708,3.7296759494040416e-08
-0.0004743010978708,3.7296759494040416e-08
-0.00047430109787079914,3.729676285258737e-08
-0.0004743010978708,3.7296759494040416e-08
-0.0004743010978679543,3.7296759493815204e-08
-0.0004743010978708,3.7296759494043606e-08
-0.0004743010978708,3.7296759494040416e-08
-0.0004743010978708,3.7296759494040416e-08
126443838076.7725,-18891318.703034777
-0.0004743006994953052,3.729669997481035e-08
-0.0004743010978708,3.7296759494040416e-08
-0.0004743010978708,3.729675949405302e-08
-0.0004743010978708,3.729675949406001e-08
-0.0004743010978708,3.7296759494040416e-08
-0.0004743010978708,3.7296759494040416e-08
-0.0004743010978707995,3.72967602365326e-08
-0.0004743010978708,3.7296759494040416e-08
-0.0004743010978703957,3.7296759494014965e-08
-0.0004743010978708,3.729675949404367e-08
-0.0004743010978708,3.7296759494040416e-08
-0.0004743010978708,3.7296759494040416e-08
7.08281598334247e-05,3.6486718620375393
-0.00047423851630637855,0.0004177651817976643
-0.0004743010978708,3.7296759494040416e-08
-0.0004743010978708,3.72967594940433e-08
-0.0004743010978708,3.7296759494042825e-08
-0.0004743010978708,3.7296759494040416e-08
-0.0004743010978708,3.7296759494040416e-08
-0.0004743010978707995,3.729675988957271e-08
-0.0004743010978708,3.7296759494040416e-08
-0.00047430109787079973,3.7296759494043215e-08
-0.0004743010978708,3.729675949404089e-08
-0.0004743010978708,3.7296759494040416e-08
-0.0004743010978708,3.7296759494040416e-08
-71.67992848443579,3.6606700922596183
-0.0004743010596699378,3.7296753786646424e-08
-0.00047430109787079995,3.729675981678479e-08
-0.0004743010978708,3.7296759494189553e-08
-0.0004743010978708,3.729675949404284e-08
-0.0004743010978708,3.7296759494040416e-08
-0.0004743010978708,3.7296759494040416e-08
-0.0004743010978707995,3.729675991906301e-08
-0.0004743010978708,3.7296759494040416e-08
-0.00047430109787079984,3.729675949404366e-08
-0.00047430109787079995,3.729675949404102e-08
-0.0004743010978708,3.7296759494040416e-08
-0.0004743010978708,3.7296759494040416e-08
2.720082991716736e+23,-4.063935846775632e+19
-0.0004743010865015881,3.729675779542505e-08
-0.0004743010978708,3.7296759494040416e-08
-0.0004743010978708,3.729675949404172e-08
-0.0004743010978708,3.729675949404158e-08
-0.0004743010978708,3.7296759494040416e-08
-0.0004743010978707928,3.729675949403934e-08
-0.00047430109787079957,3.729675979242817e-08
-0.0004743010978708,3.7296759494040416e-08
-0.00047430109787079876,3.7296759494041256e-08
-0.0004743010978708,3.7296759494040416e-08
-0.0004743010978708,3.7296759494040416e-08
-0.0004743010978708,3.7296759494040416e-08
7.141177251261991e-05,3.6525781119939422
-0.0004743010903100972,3.729675836443476e-08
-0.0004743010978708,3.7296759494040416e-08
-0.0004743010978708,3.729675949484702e-08
-0.0004743010978708,3.7296759494040416e-08
-0.0004743010978708,3.7296759494040416e-08
-0.0004743010978708,3.7296759494040416e-08
-0.0004743010978707995,3.7296759757733644e-08
-0.0004743010978708,3.7296759494040416e-08
-0.00047430109787079984,3.729675949404318e-08
-0.0004743010978707995,3.729675949404079e-08
-0.0004743010978708,3.7296759494040416e-08
-0.0004743010978708,3.7296759494040416e-08
-71.67992790082312,3.664576342216021
-0.00047430109659175727,3.729675930294523e-08
-0.0004743010978646496,3.7337925428824914e-08
-0.0004743010978708,3.7296759494041256e-08
-0.0004743010978708,3.7296759494041296e-08
-0.0004743010978708,3.7296759494040416e-08
-0.0004743010978708,3.7296759494040416e-08
-0.00047430109787079957,3.729675969527578e-08
-0.0004743010978708,3.7296759494040416e-08
-0.00047430109787079984,3.729675949404039e-08
-0.0004743010978708,3.72967594940544e-08
-0.0004743010978708,3.7296759494040416e-08
-0.0004743010978708,3.7296759494040416e-08
5.848603084486666e+35,-8.738096521682555e+31
-0.00047430109660597506,3.7296759305069443e-08
-0.0004743010978707998,3.729676107645348e-08
-0.0004743010978706256,3.729675949401436e-08
-0.0004743010978708,3.7296759494041766e-08
-0.0004743010978708,3.7296759494040416e-08
-0.0004743010978708,3.7296759494040416e-08
-0.0004743010978707998,3.729675970047933e-08
-0.0004743010978708,3.7296759494040416e-08
-0.0004743010978708,3.729675949405546e-08
-0.0004743010978708,3.729675949405069e-08
-0.0004743010978708,3.7296759494040416e-08
-0.0004743010978708,3.7296759494040416e-08
7.199246427874782e-05,3.656464811627077
-0.0004743010922714969,3.729675865747739e-08
-0.0004743010978707395,3.729716450339528e-08
-0.0004743010978708,3.7296759495816723e-08
-0.0004743010978708,3.7296759494041653e-08
-0.0004743010978708,3.7296759494040416e-08
-0.0004743010978708,3.7296759494040416e-08
-0.0004743010978707999,3.7296759690071064e-08
-0.0004743010978708,3.7296759494040416e-08
-0.0004743010978708,3.729675949404206e-08
-0.0004743010978708,3.729675949404232e-08
-0.0004743010978708,3.7296759494040416e-08
-0.0004743010978708,3.7296759494040416e-08
-71.67992731721044,3.6684825921724236
-0.00047430108013475495,3.729675684418931e-08
-0.00047430109008059424,3.729678653531677e-08
-0.0004743010978708,3.7296759494040416e-08
-0.0004743010978708,3.7296759494041237e-08
-0.0004743010978708,3.7296759494040416e-08
-0.0004743010978708,3.7296759494040416e-08
-0.00047430109787079995,3.729675970394957e-08
-0.0004743010978708,3.7296759494040416e-08
-0.0004743010978697241,3.729675949392202e-08
-0.0004743010978708,3.7296759494042904e-08
-0.0004743010978708,3.7296759494040416e-08
-0.0004743010978708,3.7296759494040416e-08
5.848603084486666e+35,-8.738096521682555e+31
-0.0004743010750187866,3.729675607983883e-08
-0.00047430109745149685,3.729675943139449e-08
-0.0004743010978708,3.729675949404179e-08
-0.0004743010978708,3.7296759494040416e-08
-0.0004743010978708,3.7296759494040416e-08
-0.0004743010978708,3.729675949404042e-08
-0.00047430109787079995,3.729675963976457e-08
-0.00047430109787071614,3.7297320979354193e-08
-0.00047294469431336656,3.709410622733942e-08
-0.00047430109787072145,3.729675949403345e-08
-0.0004743010978708,3.7296759494040416e-08
-0.0004743010978708,3.7296759494040416e-08
7.257607695794303e-05,3.6603710615834797
-0.0004743010978708,3.7296759494040416e-08
-0.0004743010978704241,3.7299275524581984e-08
-0.00047430109787079973,3.729675949404673e-08
-0.0004743010978708,3.7296759494040416e-08
-0.0004743010978708,3.7296759494040416e-08
1.4442478992041385e+18,9.66667362518701e+21
-0.00047430109787079995,3.729675954348181e-08
-0.0004743010959479703,3.732200269836712e-08
-0.0004743010978708,3.7296759494040416e-08
-0.0004743010978707466,3.729675983591797e-08
-0.0004743010978708,3.7296759494040416e-08
-0.0004743010978708,3.7296759494040416e-08
-3.21864394815985e+26,4.808810083650722e+22
-0.00047430109787018423,3.7300880929825924e-08
-0.00047430107100904906,2.1708845546139918e-07
-0.0004743010978708,3.729675949434377e-08
-0.0004743010978708,3.7296759494040416e-08
-0.0004743010978708,3.7296759494040416e-08
-0.0004743010978708,3.7296759494040416e-08
-0.00047430109787079995,3.7296759806290635e-08
-0.0004743010918423411,3.730926665232383e-08
-0.0004743010978460343,3.729677176149647e-08
-0.0004743010978701855,3.729676075740657e-08
-0.0004743010978708,3.7296759494040416e-08
-0.0004743010978708,3.7296759494040416e-08
7.296124565301981e-05,3.662949081650532
-0.0004743010944736471,3.73009369778222e-08
-0.0004743010946153653,3.7299999791208466e-08
-0.0004743010978708,3.729675949404285e-08
-0.0004743010978708,3.729675949404042e-08
-0.0004743010978708,3.7296759494040416e-08
-0.0004743010978708,3.7296759494040416e-08
-0.0004743010978707999,3.729676002486579e-08
-0.0004743010949854022,3.7296759062947994e-08
-0.0004743010978708,3.7296759494057046e-08
-0.0004743010978708,3.729675955262355e-08
-0.0004743010978708,3.7296759494040416e-08
-0.0004743010978708,3.7296759494040416e-08
7.319849197423751e-05,3.6642577612103806
-0.0004742958297995463,3.7295972418657915e-08
-0.0004743009022868462,3.729675836703543e-08
-0.0004743010978708,3.7296759494040416e-08
-0.0004743010978708,3.7296759494040416e-08
-0.0004743010978708,3.7296759494040416e-08
-0.0004743010978708,3.7296759494040416e-08
-0.0004743010978707999,3.729676014632327e-08
-0.0004742531249993785,3.728999187328913e-08
-0.00047430109787079995,3.729675949414293e-08
-0.000474301097857584,3.729676023481564e-08
-0.0004743010978708,3.7296759494040416e-08
-0.0004743010978708,3.7296759494040416e-08
-3.21864394815985e+26,4.808810083650722e+22
-0.0004742944910229161,3.729577239893959e-08
-0.0004736601738920693,3.720100234471249e-08
-0.0004743010978707432,3.7297139756860435e-08
-0.0004743010978708,3.7296759494040416e-08
-0.0004743010978708,3.7296759494040416e-08
-0.0004743010978708,3.7296759494040416e-08
-0.00047430109787079995,3.729675955562648e-08
-0.0004743010978708,3.7296759494040416e-08
-0.00047430109787079995,3.729675949407833e-08
-0.00047430109786942534,3.7296761222196885e-08
-0.0004743010978708,3.7296759494040416e-08
-0.0004743010978708,3.7296759494040416e-08
7.354485833221502e-05,3.6668553316069343
-0.0004743002282563182,3.729662956942134e-08
-0.0004743010978708,3.7296759494064775e-08
-0.0004743010978580902,3.738182863232386e-08
-0.0004743010978708,3.7296759494040416e-08
-0.0004743010978708,3.7296759494040416e-08
-0.0004743010978708,3.7296759494040416e-08
-0.00047430109787079995,3.729675955388837e-08
-0.0004743010978708,3.7296759494040416e-08
-0.0004743010978708,3.729675949404041e-08
-0.00047430109786902994,3.729676048661304e-08
-0.0004743010978708,3.7296759494040416e-08
-0.0004743010978708,3.7296759494040416e-08
1.9023205369611046e+17,-28421590979962.957
-0.0004742995771956756,3.72965322978053e-08
-0.0004743010978708,3.729675949405959e-08
-0.0004743010978708,3.7296759494040416e-08
-0.0004743010978708,3.729675949404042e-08
-0.0004743010978708,3.7296759494040416e-08
-0.0004743010978410443,3.7296759489594764e-08
-0.0004743010978708,3.729675953719365e-08
-0.00047429962054655356,3.729653877463661e-08
-0.0004743010978708,3.7296759494090616e-08
-0.0004743010978708,3.7296759494080035e-08
-0.0004743010978708,3.7296759494040416e-08
-0.0004743010978708,3.7296759494040416e-08
7.39300626481828e-05,3.669433590092563
-0.00047430004985802405,3.72966029158514e-08
-0.0004743010928388265,3.729675874230231e-08
-0.0004743010978707789,3.7296900775556576e-08
-0.0004743010978708,3.7296759572582095e-08
-0.0004743010978708,3.7296759494040416e-08
-0.0004743010978708,3.7296759494040416e-08
-0.0004743010978708,3.7296759517026495e-08
-0.0004743008558400184,3.749048591105987e-08
-0.00047430109787079995,3.729675949404045e-08
-0.00047430109778683353,3.729675948302064e-08
-0.0004743010978708,3.7296759494040416e-08
-0.0004743010978708,3.7296759494040416e-08
7.412555009831962e-05,3.670742031240069
-0.0004743006757964848,3.7296696434091695e-08
-0.0004743010978708,3.7296759494129354e-08
-0.0004743010978708,3.7296759494040416e-08
-0.0004743010978708,3.7296759494040416e-08
-0.0004743010978708,3.7296759494040416e-08
-0.00047430109787079057,3.7296759494039006e-08
-0.0004743010978708,3.729675950027556e-08
-0.0004743010978668077,3.7323480927835394e-08
-0.00047430109787079995,3.729675949404047e-08
-0.00047430109786888384,3.729675949375414e-08
-0.0004743010978708,3.7296759494040416e-08
-0.0004743010978708,3.7296759494040416e-08
1.9023205369611046e+17,-28421590979962.953
-0.00047430092228403553,3.742955573724966e-08
-0.0004743010978708,3.7296759494101e-08
-0.0004743010978708,3.7296759494040436e-08
-0.00047430109787078813,3.729675949403864e-08
-0.0004743010978708,3.7296759494040416e-08
-0.0004743010978708,3.7296759494040416e-08
-0.0004743010978708,3.7296759499299776e-08
-0.00047430108883030867,3.7296758143347186e-08
-0.00047430109704003296,4.285726837416184e-08
-0.0004743010978707987,3.729675949404023e-08
-0.0004743010978708,3.7296759494040416e-08
-0.0004743010978708,3.7296759494040416e-08
7.451367532737801e-05,3.673339840048966
-0.000152054170186893,2.1568703783669516
-0.0004743010978708,3.729675949411116e-08
-0.00047430109787079393,3.729680012820266e-08
-0.0004743010978708,3.7296759494040416e-08
-0.0004743010978708,3.7296759494040416e-08
-0.0004743010978708,3.7296759494040416e-08
-0.0004743010978708,3.729675950011195e-08
3.0001817933417816,-0.00044827526955462145
-0.0004743010978708,3.7296759494040416e-08
-0.00047430109787079995,3.729675949730657e-08
-0.0004743010978708,3.7296759494040416e-08
-0.0004743010978708,3.7296759494040416e-08
-107374182.80153233,16045.898020543733
-0.0004742981141773188,3.729631371577075e-08
-0.00047430109786873585,3.7310575290483255e-08
-0.0004743010978706638,3.729675949635203e-08
-0.0004743010978708,3.7296759494040416e-08
-0.0004743010978708,3.7296759494040416e-08
-0.0004743010978708,3.7296759494040416e-08
-0.0004743010978708,3.729675949927268e-08
5.625837891966773,-0.0008405610186659985
-0.0004743010978708,3.729675949404052e-08
-0.00047430109787079984,3.7296759495979526e-08
-0.0004743010978708,3.7296759494040416e-08
-0.0004743010978708,3.7296759494040416e-08
1.9023205369611046e+17,-28421590979962.95
-0.00047430018823871827,3.7296623590597927e-08
-0.0004743010978708,3.729675949415565e-08
-0.00047430109787070237,3.729675949406037e-08
-0.0004743010978708,3.7296759494040416e-08
-0.0004743010978708,3.7296759494040416e-08
0.0003955693693110144,-9.266610503607901e-08
-0.0004743010978708,3.7296759500573713e-08
10.689648183960813,-0.001597118823320255
-0.0004743010978708,3.729675952462744e-08
-0.0004743010978708,3.7296759494040416e-08
-0.0004743010978708,3.7296759494040416e-08
-0.0004743010978708,3.7296759494040416e-08
7.509144620772344e-05,3.677206989358832
-0.00047430101190635014,3.729674665053489e-08
-0.0004743010978708,3.7296759494045075e-08
-0.00047430109787075685,3.729675949488801e-08
-0.0004743010978708,3.7296759494040416e-08
-0.0004743010978708,3.7296759494040416e-08
-0.0004743010978708,3.7296759494040416e-08
-0.0004743010978708,3.729675950656492e-08
24.379782079628455,-0.003642491190824682
-0.0004742466029383976,3.7288617758555496e-08
-0.0004743010978708,3.7296759494040416e-08
-0.0004743010978708,3.7296759494040416e-08
-0.0004743010978708,3.7296759494040416e-08
-107374182.80153175,16045.90192679369
-0.00047430076492679805,3.729670975059256e-08
-0.0004743010978708,3.7296759494041045e-08
-0.0004743010978708,3.72967594940617e-08
-0.0004743010978708,3.7296759494040416e-08
-0.0004743010978708,3.7296759494040416e-08
101972762571.23343,682526465835955.5
-0.00047430109787079995,3.729675959379006e-08
49.7600270051022,-0.007434422814480056
-0.00047418605441643325,3.7279571495900706e-08
-0.00047430109787075143,3.7296759494033157e-08
-0.0004743010978708,3.7296759494040416e-08
-0.0004743010978708,3.7296759494040416e-08
4.056481784786893e+29,-6.06058042610804e+25
-0.00047430073225393396,3.7296704869108285e-08
-0.0004743010978708,3.7296759494040416e-08
-0.0004743010978708,3.7296759494106935e-08
-0.0004743010978708,3.7296759494040416e-08
-0.0004743010978708,3.7296759494040416e-08
-0.0004743010978708,3.7296759494040416e-08
-0.0004743010978708,3.7296759494040416e-08
-0.00047430109787079973,3.729675949404322e-08
-0.0004740141496239526,3.725388803499839e-08
-0.0004743010978708,3.7296759494040416e-08
-0.0004743010978708,3.7296759494040416e-08
-0.0004743010978708,3.7296759494040416e-08
7.567505888691865e-05,3.681113239315235
-0.00047430109767978163,3.7296937136518705e-08
-0.00047430109787079724,3.729675949981474e-08
-0.00047430109787079995,3.729675949404041e-08
-0.0004743010978708,3.7296759494040416e-08
-0.0004743010978708,3.7296759494040416e-08
-0.0004743010978708,3.7296759494040416e-08
-0.0004743010978707999,3.729676013254454e-08
-0.0004743010978708,3.7296759494647044e-08
-0.00047430109787079995,3.7296759494113274e-08
-0.0004743010741102512,3.729675594409924e-08
-0.0004743010978708,3.7296759494040416e-08
-0.0004743010978708,3.7296759494040416e-08
-2.3021535502623438e+20,3.4395290019398132e+16
-0.000474299926166857,3.72965844360812e-08
-0.00047428549272890674,3.729442801019499e-08
-0.0004743010978708,3.7296759494040416e-08
-0.0004743010978708,3.7296759494040416e-08
-0.0004743010978708,3.7296759494040416e-08
-0.0004743010978708,3.7296759494040416e-08
-0.0004743010978707998,3.7296759955602354e-08
-0.0004743010978708,3.72967594940491e-08
-0.00047430109787079995,3.729675949404422e-08
-0.0004743010978698559,3.729675949389936e-08
-0.0004743010978708,3.7296759494040416e-08
21.266453434549987,142344.29528634626
7.606314846777791e-05,3.683710809705555
-0.0004743010978708,3.729675949433017e-08
-0.0004743010978708,3.7296759494040416e-08
-0.0004743010978708,3.7296759494040416e-08
-0.0004743010978708,3.7296759494040416e-08
-0.0004743010978708,3.7296759494040416e-08
1703440197505542.8,1.1401505543739548e+19
-0.00047430109787079995,3.7296759762922555e-08
-0.0004743010978708,3.729675949423442e-08
-0.0004743010978707904,3.729675949404127e-08
-0.0004743010978708,3.7296759494040416e-08
-0.0004743010978708,3.7296759494040416e-08
-0.0004743010978708,3.7296759494040416e-08
7.625867156611386e-05,3.6850194892716375
-0.00047430109787079973,3.72967594943098e-08
-0.0004743010978708,3.729675949404317e-08
-0.0004743010978708,3.7296759494040416e-08
-0.0004743010978708,3.7296759494040416e-08
-0.0004743010978708,3.7296759494040416e-08
-0.0004743010978708,3.7296759494040416e-08
-0.0004743010978708,3.72967596250435e-08
-0.0004743010978707998,3.729675949565343e-08
-0.0004743010978708,3.7296759494040416e-08
-0.0004743010978708,3.7296759494040416e-08
-0.0004743010978708,3.7296759494040416e-08
-0.0004743010978708,3.7296759494040416e-08
-2.3021535502623438e+20,3.4395290019398132e+16
-0.00047430109787079984,3.729675949406676e-08
-0.0004743010978708,3.729675949404216e-08
-0.0004743010978708,3.7296759494040416e-08
-0.0004743010978708,3.7296759494040416e-08
-0.0004743010978708,3.7296759494040416e-08
-0.0004743010978708,3.7296759494040416e-08
-0.0004743010978708,3.7296759494040416e-08
-0.0004743010978707988,3.729675949405093e-08
-0.0004743010978708,3.729675949404177e-08
-0.0004743010978708,3.7296759494040416e-08
-0.0004743010978708,3.7296759494040416e-08
-0.00047430109779687287,3.7791570236448665e-08
7.664384023390583e-05,3.6875975093386897
-0.0004743010978707999,3.7296759494064755e-08
-0.0004743010978708,3.729675949412895e-08
-0.0004743010978707102,3.7296759494027e-08
-0.0004743010978708,3.7296759494040416e-08
-0.0004743010978708,3.7296759494040416e-08
-0.0004743010978708,3.7296759494040416e-08
-0.0004743010978708,3.7296759494178515e-08
-0.0004743010978708,3.729675949410354e-08
-0.0004743010978707999,3.729675953265054e-08
-0.0004743010978708,3.7296759494040416e-08
-0.0004743010978708,3.7296759494040416e-08
34.1194278364379,228372.12245119794
0.05882683855859023,3.688897411370099
-0.0004743010978707999,3.72967594940404e-08
-0.0004743010978707992,3.7296759494086473e-08
-0.00047430109787079865,3.729675949404021e-08
-0.0004743010978708,3.7296759494040416e-08
-0.0004743010978708,3.7296759494040416e-08
-0.0004743010978708,3.7296759494040416e-08
-0.0004743010978708,3.7296759494040416e-08
-0.0004743010978708,3.7296759494901154e-08
-0.00047430109787079995,3.729675949406233e-08
-0.0004743010978708,3.7296759494040416e-08
1.0774060347501985e+22,-1.6096968436210465e+18
-0.0004743010978708,3.7296759494040416e-08
-4.932681898657894e+32,7.3696658703951265e+28
-0.0004743010978707999,3.729675949405915e-08
-0.00047430109787079816,3.729675949404032e-08
-0.0004743010978708,3.7296759494040416e-08
-0.0004743010978708,3.7296759494040416e-08
-0.0004743010978708,3.7296759494040416e-08
-0.0004743010978708,3.7296759494040416e-08
-0.0004743010978708,3.7296759494040416e-08
-0.0004743010978708,3.7296759495253665e-08
-0.00047430109787079903,3.729675949603327e-08
-0.0004743010978708,3.7296759494040416e-08
-0.0004743010978708,3.7296759494040416e-08
-0.0004743010978708,3.7296759494040416e-08
7.72244982395917e-05,3.691484208971829
-0.0004743010978708,3.7296759494073245e-08
-0.0004743010978708,3.7296759494040555e-08
-0.00047430109787079935,3.7296759494040323e-08
-0.0004743010978708,3.7296759494040416e-08
-0.0004743010978708,3.7296759494040416e-08
-0.00047430090500678575,3.729673067922177e-08
-0.0004743010978708,3.7296759494040416e-08
-0.00047430109787079957,3.729675949481977e-08
-0.00047430109787079995,3.7296759494040416e-08
-0.0004743010978708,3.7296759494040416e-08
-0.0004743010978708,3.7296759494040416e-08
-0.00012878344147320065,2.3126268501698353
126443838076.7725,-18891318.65762462
-0.0004743010978705571,3.729675949413968e-08
-0.0004743004564702143,4.3303340754026675e-06
-0.0004743010978708,3.7296759494040416e-08
-0.0004743010978708,3.7296759494040416e-08
-0.0004743010978708,3.7296759494040416e-08
5181981.884574902,34684161660.893394
-0.0004743010978708,3.7296759494040416e-08
-0.0004743010978708,3.72967594945149e-08
-0.0004743010978708,3.7296759494040416e-08
-0.0004743010978708,3.7296759494040416e-08
-0.0004743010978708,3.7296759494040416e-08
-0.0004743010978708,3.7296759494040416e-08
7.761265722906882e-05,3.694082017780721
-0.0004743010978707124,3.7296759494027327e-08
-0.0004743010978708,3.7296759494040416e-08
-0.0004743010978708,3.7296759494040416e-08
-0.0004743010978708,3.7296759494040416e-08
-0.0004743010978708,3.729675950201017e-08
-0.0004743010978708,3.7296759494040416e-08
-0.0004743010978708,3.7296759494040416e-08
-0.0004743010978707999,3.72967594943759e-08
-0.0004743010978708,3.7296759494040416e-08
-0.0004743010978708,3.7296759494040416e-08
-0.0004743010978708,3.7296759494040416e-08
-0.0004743010978708,3.7296759494040416e-08
-71.6799216999384,3.7060802480027997
-0.0004743010944028146,3.7296758975906584e-08
-0.0004742998533377817,3.72965735547746e-08
-0.0004743010978708,3.7296759494040416e-08
-0.0004743010978708,3.7296759494040416e-08
-0.0004743010978708,3.7296759494040416e-08
1.6975153299511442e+22,-2.536170190706455e+18
-0.0004743010978708,3.7296759494040416e-08
-0.0004743010978708,3.72967594941226e-08
-0.0004743010978708,3.7296759494040416e-08
-0.0004743010978708,3.7296759494040416e-08
-0.0004743010978708,3.7296759494040416e-08
-0.0004743010978708,3.7296759494040416e-08
2.720082991716736e+23,-4.063935846775632e+19
-0.00047430109423174746,3.7296758950348324e-08
-0.00047430109787079995,3.7296759513778355e-08
-0.0004743010978708,3.7296759494040416e-08
-0.0004743010978708,3.7296759494040416e-08
-0.0004743010978708,3.7296759494040416e-08
-0.0004743010978708,3.7296759494040416e-08
-0.0004743010978708,3.7296759494040416e-08
-0.0004742998755099345,3.729657686740166e-08
-0.0004743010978708,3.7296759494040416e-08
-0.0004743010978708,3.7296759494040416e-08
1.0405124344245547e+22,-1.554576016301962e+18
4.0743272169259555e-05,-3.965336608888309e-08
7.819626990826403e-05,3.697988267737124
-0.00047430109060135286,3.857761717464023e-08
-0.0004743010978708,3.7296759510525755e-08
-0.0004743010978708,3.7296759494040416e-08
-0.0004743010978708,3.7296759494040416e-08
-0.0004743010978708,3.7296759494040416e-08
-0.0004743010978708,3.729675949404042e-08
-0.0004743010978708,3.7296759494040416e-08
-0.00047430000617141465,3.7296596388875437e-08
-0.0004743010978708,3.7296759494040416e-08
-0.0004743010978708,3.7296759494040416e-08
0.0081936549117517,-1.2577378866197097e-06
8.375266610365134,-0.0012513389971644236
-71.67992111632573,3.7099864979592025
-0.0004743010920148537,3.729675861913365e-08
-0.0004743010978708,3.7296759495016535e-08
-0.0004743010978708,3.7296759494040416e-08
-0.0004743010978708,3.7296759494040416e-08
-0.0004743010978708,3.7296759494040416e-08
-0.0004743010978708,3.7296759494040416e-08
-0.0004743010978708,3.7296759494040416e-08
-0.0004743010974576192,4.0062271060677075e-08
-0.0004743010978708,3.7296759494040416e-08
-0.0004743010978708,3.7296759494040416e-08
-0.0004721997988341658,3.698281523183306e-08
-0.0004743010978708,3.7296759494040416e-08
5.848603084486666e+35,-8.738096521682555e+31
-0.0004743010762659868,3.72967562661766e-08
-0.0004743010855530328,1.1974232539189684e-07
-0.0004743010978708,3.7296759494040416e-08
-0.0004743010978708,3.7296759494040416e-08
-0.0004743010978708,3.7296759494040416e-08
-0.0004743010978708,3.7296759494040416e-08
-0.0004743010978708,3.7296759494040416e-08
-0.00047430109787079545,3.729675949403974e-08
-0.00047430109787079995,3.729675949404041e-08
-0.0004743010978708,3.7296759494040416e-08
-0.00047429323891651155,3.729558532817312e-08
-0.0004743010978708,3.7296759494040416e-08
7.881576401149121e-05,3.7018554170407567
-0.00047430109787079675,3.729675949403993e-08
-0.0004743010978708,3.7296759495802926e-08
-0.0004743010978708,3.7296759494040416e-08
-0.0004743010978708,3.7296759494040416e-08
-0.0004743010978708,3.7296759494040416e-08
-0.0004743010978708,3.7296759494040416e-08
-0.0004743010978708,3.7296759494040416e-08
-0.0004743010978707973,3.729675949404001e-08
-0.0004743010978708,3.7296759494040416e-08
-0.0004743010978708,3.7296759494040416e-08
-0.00047430095325033325,3.729673788704163e-08
-0.0004743010978708,3.7296759494040416e-08
-151996491767133.72,22709012683.00888
-0.0004743010967549789,3.729675932733134e-08
-0.00047430109787079995,3.7296759496331475e-08
-0.0004743010978708,3.7296759494040416e-08
-0.0004743010978708,3.7296759494040416e-08
-0.0004743010978708,3.7296759494040416e-08
-0.0004743010978708,3.729675950109036e-08
-0.0004743010978708,3.7296759494040416e-08
-0.00047430109787079843,3.7296759494040184e-08
-0.0004743010978708,3.7296759494040416e-08
-0.0004743010978708,3.7296759494040416e-08
-0.00047430109786880155,3.729675949374184e-08
1.4996742047853484e+18,1.0037654262651455e+22
5.848603084486666e+35,-8.738096521682555e+31
-0.0004743010969041929,3.729675935104114e-08
-0.0004743010978708,3.7296759494040416e-08
-0.0004743010978708,3.7296759494040416e-08
-0.0004743010978708,3.7296759494040416e-08
23821463151.78683,159442371139774.97
-0.0004743010978708,3.729675949404043e-08
-0.0004743010978708,3.7296759494040416e-08
-0.000474301097870799,3.7296759494040264e-08
-0.0004743010978708,3.7296759494040416e-08
-0.0004743010978708,3.7296759494040416e-08
-0.00047430109787079995,3.729675949404041e-08
1.5108287031552745e+18,1.0112313810540829e+22
7.939937669068642e-05,3.7057616669971596
-0.0004743010628466432,3.729675426126161e-08
-0.0004743010978708,3.729675949404666e-08
-0.0004743010978708,3.7296759494040416e-08
-0.0004743010978708,3.7296759494040416e-08
-0.0004743010978708,3.7296759494040416e-08
-0.0004743010978708,3.7296759494040416e-08
-0.0004743010978708,3.7296759494040416e-08
-0.0004743010978707994,3.729675949404033e-08
-0.0004743010978708,3.7296759494040416e-08
-0.0004743010978708,3.7296759494040416e-08
-0.0004743010978707995,3.729675949404034e-08
1.4447660011024566e+18,9.670141396861382e+21
-3.21864394815985e+26,4.808810083650722e+22
-0.0004743010978707993,3.7296759494755345e-08
-0.0004743010978708,3.7296759494040416e-08
-0.0004743010978708,3.7296759494040416e-08
-0.0004743010978708,3.7296759494040416e-08
1644449.1962038353,11006665605.155659
-0.0004743010978708,3.729675949482664e-08
-0.0004743010978708,3.7296759494040416e-08
-0.0004743010978708,3.7296759494040416e-08
-0.0004743010978708,3.7296759494040416e-08
-0.0004743010978708,3.7296759494040416e-08
-0.0004743010978708,3.7296759494040416e-08
-0.0004743010978708,3.7296759494040614e-08
7.974574304866393e-05,3.7083592373937133
-0.00047430107456069643,3.729675601139794e-08
-0.0004743010978708,3.7296759494040416e-08
-0.0004743010978708,3.7296759494040416e-08
-0.0004743010978708,3.7296759494040416e-08
1.587607367328371e+18,1.0626210551085268e+22
-0.0004743010978708,3.72967594940527e-08
-0.0004743010978708,3.7296759494040416e-08
-0.0004743010978708,3.7296759494040416e-08
-0.0004743010978708,3.7296759494040416e-08
-0.0004743010978708,3.7296759494040416e-08
-0.0004743010978708,3.7296759494040416e-08
-0.0004743010978708,3.7296759494040416e-08
89128.96002267857,-9.606650305137661
-0.0004743010802450365,3.729675686066591e-08
-0.0004743010978708,3.729675949404595e-08
-0.0004743010978708,3.7296759494040416e-08
-0.0004743010978708,3.7296759494040416e-08
-0.0004743010978708,3.7296759494040416e-08
1.0152778679959501e+29,6.795481436532337e+32
-0.0004743010978708,3.7296759494040416e-08
-0.0004743010978708,3.7296759494040416e-08
-0.0004743010978708,3.7296759494040416e-08
-0.0004743010978708,3.7296759494040416e-08
-0.0004743010978708,3.7296759494040416e-08
9.965290424646513e+21,-1.4888626966007048e+18
-3.21864394815985e+26,4.808810083650722e+22
-0.0004743010807177038,1.4907397677094347e-07
-0.0004742000273741792,3.7281659071907906e-08
-0.0004743010978708,3.7296759494040416e-08
-0.0004743010978708,3.7296759494040416e-08
-0.0004743010978708,3.7296759494040416e-08
-0.0004743010978708,3.7296759494040416e-08
-0.0004743010978708,3.7296759494040416e-08
-0.00047430108061383624,1.5280146977797014e-07
-0.0004743010978708,3.7296759494040416e-08
-0.0004743010978708,3.7296759494040416e-08
-0.0004743010978708,3.7296759494040416e-08
-0.0004743010978708,3.7296759494040416e-08
8.032935572785903e-05,3.712265487350116
-0.0004743010975172378,3.7296759441216516e-08
-0.0004743010978708,3.729675949404963e-08
-0.0004743010978708,3.7296759494040416e-08
-0.0004743010978708,3.7296759494040416e-08
-0.0004743010978708,3.7296759494040416e-08
-0.0004743010978708,3.729675949404215e-08
-0.0004743010978708,3.7296759494040416e-08
-0.0004743010978708,3.7296759494040416e-08
-0.0004743010978708,3.7296759494040416e-08
-0.0004743010978708,3.7296759494040416e-08
-0.0004743010978708,3.7296759494040416e-08
2.6022152301945574e+18,1.741720749370199e+22
1.9023205369611046e+17,-28421590979962.91
-0.00047430109741591827,3.729675942607888e-08
-0.0004743010978708,3.729675949404632e-08
-0.0004743010978708,3.7296759494040416e-08
-0.0004743010978708,3.7296759494040416e-08
-0.0004743010978708,3.7296759494040416e-08
-0.0004743010977995604,3.7773582181159844e-08
-0.0004743010978708,3.7296759494040416e-08
-0.0004743010978708,3.7296759494040416e-08
-0.0004743010978708,3.7296759494040416e-08
-0.0004743010978708,3.7296759494040416e-08
-0.0004743010978708,3.7296759494040416e-08
-0.0004743010978707999,3.7296759494040396e-08
8.071163913075962e-05,3.7148241955124766
-0.00047430109787079995,3.729675949404041e-08
-0.0004743010978708,3.729675949420478e-08
-0.0004743010978708,3.7296759494040416e-08
-0.0004743010978708,3.7296759494040416e-08
-0.0004743010978708,3.7296759494040416e-08
-0.00047430109331160014,6.781250197499238e-08
-0.0004743010978708,3.7296759494040416e-08
-0.0004743010978708,3.7296759494040416e-08
-0.0004743010978708,3.7296759494040416e-08
-0.0004743010978708,3.7296759494040416e-08
-0.0004743010978708,3.7296759494040416e-08
-0.0004743010978708,3.729675949404119e-08
8.091004749396374e-05,3.716152186983251
-0.000474301088489491,3.729675809242738e-08
-0.0004743010978707999,3.729676030606464e-08
-0.0004743010978708,3.7296759494040416e-08
-0.0004743010978708,3.7296759494040416e-08
-0.0004743010978708,3.7296759494040416e-08
1.4449108341331228e+18,9.671110796670354e+21
-0.0004743010978708,3.7296759494040416e-08
-0.0004743010978708,3.7296759494040416e-08
-0.00047430109787079995,3.72967594940404e-08
-0.0004743010978708,3.7296759494040416e-08
-0.0004743010978708,3.7296759494040416e-08
-0.0004743010978708,3.7296759494040416e-08
1.9023205369611046e+17,-28421590979962.906
-0.00047430109153168723,3.729675854697144e-08
-0.0004743010978708,3.7296759494040416e-08
-0.0004743010978708,3.7296759494040416e-08
-0.0004743010978708,3.7296759494040416e-08
-0.0004743010978708,3.7296759494040416e-08
-0.0004743010978708,3.7296759494040416e-08
-0.0004743010978708,3.7296759494040416e-08
-0.0004743010978708,3.7296759494040416e-08
-0.0004743010978708,3.7296759494040416e-08
-0.0004743010978708,3.7296759494040416e-08
9.961254073525531e+21,-1.4882596461768507e+18
-0.00047429290463972643,5.487642151618396e-05
8.129525180995483e-05,3.7187304454688794
-0.00047430109438860397,3.7296758973802296e-08
-0.00047430109787079995,3.7296760028509464e-08
-0.0004743010978708,3.7296759494040416e-08
-0.0004743010978708,3.7296759494040416e-08
-0.0004743010978708,3.7296759494040416e-08
-0.0004731037617279319,0.00801407541246237
-0.0004743010978708,3.7296759494040416e-08
-0.0004743010978708,3.7296759494040416e-08
-0.0004743010978708,3.7296759494040416e-08
-0.0004743010978708,3.7296759494040416e-08
-0.0004743010978708,3.7296759494040416e-08
9.299799687660963e-05,3.7970595308983666
-107374182.80152555,16045.943430699477
-0.0004743010978708,3.72967594940536e-08
-0.0004743010978708,3.729675949408998e-08
-0.0004743010978708,3.7296759494040416e-08
-0.0004743010978708,3.7296759494040416e-08
-0.0004743010978708,3.7296759494040416e-08
-0.00047430107170393093,2.1243745592784364e-07
-0.0004743010978708,3.729675953806685e-08
-0.0004743010978708,3.7296759494040416e-08
-0.0004743010978708,3.7296759494040416e-08
-0.0004743010978708,3.7296759494040416e-08
-0.0004743010978708,3.7296759494040416e-08
-0.0004743010978708,3.729675949404063e-08
4.056481784786893e+29,-6.06058042610804e+25
-0.00047430109563915913,3.7296759160633365e-08
-0.0004743010978707007,3.729675949406582e-08
-0.0004743010978708,3.7296759494040416e-08
-0.0004743010978708,3.7296759494040416e-08
-0.0004743010978708,3.7296759494040416e-08
-0.00047430075043432057,2.3627666834772353e-06
-0.0004743010978708,3.729675953893423e-08
-0.0004743010978708,3.7296759494040416e-08
-0.0004743010978708,3.7296759494040416e-08
-0.0004743010978708,3.7296759494040416e-08
-0.0004743010978708,3.7296759494040416e-08
1.822342515966107e+18,1.219734530675371e+22
8.187594360336756e-05,3.722617145102014
-0.0004743010952270433,3.7296759099050344e-08
-0.00047430109787079133,3.7296759494057125e-08
-0.0004743010978708,3.7296759494040416e-08
-0.0004743010978708,3.7296759494040416e-08
-0.0004743010978708,3.7296759494040416e-08
5456421.250702308,36521045608.392105
-0.0004743010978708,3.7296759494048516e-08
-0.0004743010978708,3.7296759494040416e-08
-0.0004743010978708,3.7296759494040416e-08
-0.0004743010978708,3.7296759494040416e-08
-0.0004743010978708,3.7296759494040416e-08
9.96211989054423e+21,-1.488389003436528e+18
-107374182.80152495,16045.947336949434
-0.0004743010978708,3.729675949404711e-08
-0.0004743010978708,3.729675951941618e-08
-0.0004743010978708,3.7296759494040416e-08
-0.0004743010978708,3.7296759494040416e-08
-0.0004743010978708,3.7296759494040416e-08
-0.0004743010978708,3.7296759494040866e-08
-0.0004743010978707999,3.7296759535681614e-08
-0.0004743010978708,3.7296759494040416e-08
-0.0004743010978708,3.7296759494040416e-08
-0.0004743010978708,3.7296759494040416e-08
-0.0004743010978708,3.7296759494040416e-08
-0.0004743010978708,3.7296759494040416e-08
4.056481784786893e+29,-6.06058042610804e+25
-0.0004743010963357599,3.729675926470275e-08
-0.0004743010978708,3.729675949406361e-08
-0.0004743010978708,3.7296759494040416e-08
-0.0004743010978708,3.7296759494040416e-08
-0.0004743010978708,3.7296759494040416e-08
-0.0004743010929523326,7.021715975436402e-08
-0.00047430109787079995,3.7296759537850025e-08
-0.0004743010978708,3.7296759494040416e-08
-0.0004743010978708,3.729675949404042e-08
-0.0004743010978708,3.7296759494040416e-08
-0.0004743010978708,3.7296759494040416e-08
-0.0004743010978708,3.729675949404088e-08
8.245955628256277e-05,3.7265233950584165
-0.0004743010978708,3.7296759494040416e-08
-0.0004743010978708,3.7296759494040416e-08
-0.0004743010978708,3.7296759494040416e-08
-0.0004743010978708,3.7296759494040416e-08
-0.00047430107713446196,1.760896995291284e-07
-0.0004743010978708,3.729675949450131e-08
-0.0004743010978708,3.729675952223751e-08
-0.0004743010978708,3.7296759494040416e-08
-0.0004743010978708,3.7296759494040416e-08
-0.0004743010978708,3.7296759494040416e-08
-0.0004743010978708,3.7296759494040416e-08
4.144351032223331e-05,-3.975798506337084e-08
-2.3021535502623438e+20,3.4395290019398132e+16
-0.0004743010978708,3.7296759494042706e-08
-0.0004743010978708,3.729675949405789e-08
-0.0004743010978708,3.7296759494040416e-08
-0.0004743010978708,3.7296759494040416e-08
-0.0004743010978708,3.7296759494040416e-08
-0.00047430109787079995,3.729675949450821e-08
-0.00047430109787079995,3.7296759521040954e-08
-0.0004743010978708,3.7296759494040416e-08
-0.0004743010978708,3.7296759494040436e-08
-0.0004743010978708,3.7296759494040416e-08
-0.0004743010978708,3.7296759494040416e-08
-0.0004743010978708,3.7296759494042295e-08
8.284764586342192e-05,3.729120965448737
-0.00047430109676208575,3.729675932839528e-08
-0.0004743010978708,3.7296759494040416e-08
-0.0004743010978708,3.7296759494040416e-08
-0.0004743010978708,3.7296759494040416e-08
-0.0004743010978708,3.7296759494040886e-08
-0.0004743010978708,3.729675949468776e-08
-0.0004743010978708,3.729675951865572e-08
-0.0004743010978708,3.7296759494040416e-08
-0.0004743010978708,3.729675949404046e-08
-0.0004743010978708,3.7296759494040416e-08
-0.0004743010978708,3.7296759494040416e-08
-0.0004743010978708,3.7296759494040416e-08
0.05883303944330668,3.730401317156878
-0.00047430109667681965,3.729675931565397e-08
-0.0004743010978708,3.7296759494040416e-08
-0.0004743010978708,3.7296759494040416e-08
-0.0004743010978708,3.7296759494040416e-08
-0.00047430109787079995,3.729675949404041e-08
8.555829764467866e+24,5.726607874683244e+28
-0.0004743010978708,3.7296759494042904e-08
-0.0004743010978708,3.7296759494040416e-08
-0.0004743010978708,3.7296759494040416e-08
-0.0004743010978708,3.7296759494040416e-08
-0.0004743010978708,3.7296759494040416e-08
-0.0004743010978708,3.7296759494040416e-08
-4.932681898657894e+32,7.3696658703951265e+28
-0.0004743010978708,3.729675949404166e-08
-0.0004743010978708,3.7296759494040416e-08
-0.0004743010978708,3.7296759494040416e-08
-0.0004743010978708,3.7296759494040416e-08
-0.0004743010978708,3.7296759494040416e-08
3.703860847680148e+17,2.479076755961529e+21
-0.0004743010978708,3.729675951713783e-08
-0.0004743010978708,3.7296759494040416e-08
-0.0004743010978708,3.729675949404041e-08
-0.0004743010978708,3.7296759494040416e-08
-0.0004743010978708,3.7296759494040416e-08
-0.0004743010978708,3.7296759494040416e-08
8.342538295604061e-05,3.732988114758608
-0.0004743010978708,3.729675949404161e-08
-0.0004743010978708,3.7296759494051745e-08
-0.0004743010978708,3.7296759494040416e-08
-0.0004743010978708,3.7296759494040416e-08
-0.0004743010978708,3.7296759494040416e-08
-0.00047430109320674896,6.851429436912895e-08
-0.0004743010978708,3.729675951670415e-08
-0.0004743010978708,3.7296759494040416e-08
-0.0004743010978708,3.7296759494040416e-08
-0.0004743010978708,3.7296759494040416e-08
-0.0004743010978708,3.7296759494040416e-08
20.80702653013538,139269.24844566657
126443838076.77252,-18891318.616120715
-0.0004743010978708,3.7296759494040416e-08
-0.0004743010978708,3.7296759494040416e-08
-0.0004743010978708,3.7296759494040416e-08
-0.0004743010978708,3.7296759494040416e-08
1444076.6919705,9665527700.123972
661811290917.587,-98877815.02076037
-0.0004743010978708,3.7296759494040416e-08
-0.0004743010978708,3.7296759494040416e-08
-0.0004743010978708,3.7296759494040416e-08
-0.0004743010978708,3.7296759494040416e-08
619868906745.702,-92611419.50803445
-0.0004743010978708,3.7296759494040416e-08
-4.932681898657894e+32,7.3696658703951265e+28
-0.0004743010978708,3.7296759494040416e-08
-0.0004743010978708,3.729675949405323e-08
-0.0004743010978708,3.7296759494040416e-08
-0.0004743010978708,3.7296759494040416e-08
-0.0004743010978708,3.7296759494040416e-08
-0.00047430109786957523,3.73049571734633e-08
-0.0004743010978708,3.7296759494040416e-08
-0.0004743010978708,3.7296759494040416e-08
-0.0004743010978708,3.7296759494040416e-08
-0.0004743010978708,3.7296759494040416e-08
-0.0004743010978708,3.7296759494040416e-08
-0.0004743010978708,3.7296759494040416e-08
8.400899563523582e-05,3.736894364715011
-0.0004743010978708,3.7296759494041064e-08
-0.0004743010978708,3.7296759494040416e-08
-0.0004743010978708,3.7296759494040416e-08
-0.0004743010978708,3.7296759494040416e-08
-0.00047430109787079995,3.7296759990239986e-08
-0.0004743010978708,3.7296759494040416e-08
-0.0004743010978708,3.729675951171682e-08
-0.0004743010978708,3.7296759494040416e-08
-0.00047430109787079995,3.729675949404041e-08
-0.0004743010978708,3.7296759494040416e-08
-0.0004743010978708,3.7296759494040416e-08
9.963637290580528e+21,1.0184952419449632e+22
126443838076.77252,-18891318.612214465
-0.0004743010978708,3.729675949404092e-08
-0.0004743010978708,3.7296759494040416e-08
-0.0004743010978708,3.7296759494040416e-08
-0.0004743010978708,3.7296759494040416e-08
-0.00047430109787079995,3.729675949404041e-08
-0.00047430109787079995,3.729675996377148e-08
-0.0004743010978708,3.729675951139157e-08
-0.0004743010978708,3.7296759494040416e-08
-0.0004743010978708,3.729675949404043e-08
-0.0004743010978708,3.7296759494040416e-08
-0.0004743010978708,3.7296759494040416e-08
-0.0004743010978708,3.729675949404087e-08
8.439423371164564e-05,3.739472623200635
-0.0004743010978708,3.729675949404081e-08
-0.0004743010978708,3.7296759494040416e-08
-0.0004743010978708,3.7296759494040416e-08
-0.0004743010978708,3.7296759494040416e-08
-0.0004743010978708,3.7296759494040416e-08
-0.0004743010978708,3.729675949404044e-08
-0.0004743010978708,3.729675951117473e-08
-0.0004743010978708,3.7296759494040416e-08
-0.0004743010978708,3.7296759494040416e-08
-0.0004743010978708,3.7296759494040416e-08
-0.0004743010978708,3.7296759494040416e-08
5865384227851098.0,3.925832611437433e+19
-71.679914915441,3.7514904037459815
-0.0004743010978708,3.7296759494040753e-08
-0.0004743010978708,3.729675949404041e-08
-0.0004743010978708,3.7296759494040416e-08
-0.0004743010978708,3.7296759494040416e-08
-0.0004743010978708,3.7296759494040416e-08
-0.0004743010978708,3.729675949404053e-08
-0.0004743010978708,3.729675950944001e-08
-0.0004743010978708,3.7296759494040416e-08
-0.0004743010978708,3.7296759494040416e-08
-0.0004743010978708,3.7296759494040416e-08
-0.0004743010978708,3.7296759494040416e-08
-0.0004743010978708,3.7296759494040416e-08
5.848603084486666e+35,-8.738096521682555e+31
-0.0004743010978708,3.7296759494040694e-08
-0.0004743010978708,3.7296759494063603e-08
-0.0004743010978708,3.7296759494040416e-08
-0.0004743010978708,3.7296759494040416e-08
-0.0004743010978708,3.7296759494040416e-08
-0.0004743010978708,3.7296759494040416e-08
-0.0004743010978708,3.7296759499245566e-08
-0.0004743010978708,3.7296759494040416e-08
-0.0004743010978708,3.7296759494040416e-08
-0.0004743010978708,3.7296759494040416e-08
-0.0004743010978708,3.7296759494040416e-08
1.5111324992683794e+18,1.0114347185749891e+22
8.497784639084085e-05,3.743378873157037
-0.0004743010976691499,3.729675946391313e-08
-0.0004743010978708,3.729675949406689e-08
-0.0004743010978708,3.7296759494040416e-08
-0.0004743010978708,3.7296759494040416e-08
-0.0004743010978708,3.7296759494040416e-08
-0.0004743010978707988,3.729676732372914e-08
-0.0004743010978708,3.729675950396284e-08
-0.0004743010978708,3.7296759494040416e-08
-0.0004743010978708,3.729675949404041e-08
-0.0004743010978708,3.7296759494040416e-08
-0.0004743010978708,3.7296759494040416e-08
-0.0004743010978708,3.729675949404087e-08
-71.67991433182833,3.755396653702384
-0.0004743010978708,3.7296759494040416e-08
-0.0004743010978708,3.7296759494040416e-08
-0.0004743010978708,3.7296759494040416e-08
-0.0004743010978708,3.7296759494040416e-08
-0.0004743010978708,3.729675949407155e-08
-0.0004743010930256181,6.9726643687634e-08
-0.0004743010978708,3.7296759494040416e-08
-0.0004743010978708,3.7296759494040416e-08
-0.0004743010978708,3.7296759494040416e-08
-0.0004743010978708,3.7296759494040416e-08
-0.0004743010978708,3.7296759494040416e-08
-0.0004743010978708,3.7296759494040416e-08
8.536301508591762e-05,3.7459568932240894
-0.0004743010978708,3.7296759494040416e-08
-0.0004743010978708,3.7296759494040416e-08
-0.0004743010978708,3.7296759494040416e-08
-0.0004743010978708,3.7296759494040416e-08
0.0049420770928606545,36.253028502309085
-0.0004743010978708,3.7296759494040535e-08
-0.0004743010978708,3.729675949935399e-08
-0.0004743010978708,3.729675949404309e-08
-0.0004743010978708,3.7296759494040416e-08
-0.0004743010978708,3.7296759494040416e-08
-0.0004743010978708,3.7296759494040416e-08
-0.0004743010978708,3.7296759494040416e-08
8.560026140713532e-05,3.747265572783938
-0.0004743010978063902,3.729675948441728e-08
-0.0004743010978708,3.7296759494040416e-08
-0.0004743010978708,3.7296759494040416e-08
-0.0004743010978708,3.7296759494040416e-08
-0.0004743010978708,3.7296759494040416e-08
-0.0004693388160906302,0.03321369704702907
-0.0004743010978708,3.7296759499137146e-08
-0.0004743010978708,3.7296759494040416e-08
-0.0004743010978708,3.7296759494040416e-08
-0.0004743010978708,3.7296759494040416e-08
-0.0004743010978708,3.7296759494040416e-08
-0.0004743010978708,3.7296759494040416e-08
-151996491767133.72,22709012683.05429
-0.0004743010978708,3.7296759494040416e-08
-0.0004743010978708,3.7296759494040416e-08
-0.0004743010978708,3.7296759494040416e-08
-0.0004743010978708,3.7296759494040416e-08
-0.0004743010978708,3.7296759494040416e-08
-0.0004743010978708,3.729675950157733e-08
-0.0004743010978708,3.729675949856794e-08
-0.0004743010978708,3.729675949404201e-08
-0.0004743010978708,3.7296759494040416e-08
-0.0004743010978708,3.7296759494040416e-08
-0.0004743010978708,3.7296759494040416e-08
-0.0004743010978708,3.729675949404087e-08
8.594662776511284e-05,3.7498631431804923
-0.0004743010978708,3.7296759494040416e-08
-0.0004743010978708,3.729675949404042e-08
-0.0004743010978708,3.7296759494040416e-08
-0.0004743010978708,3.7296759494040416e-08
-0.0004743010978708,3.7296759494040416e-08
-0.0004743010978708,3.729675949404044e-08
-0.0004743010978708,3.729675949818847e-08
-0.0004743010978708,3.72967594940422e-08
-0.0004743010978708,3.7296759494040416e-08
-0.0004743010978708,3.7296759494040416e-08
-0.0004743010978708,3.7296759494040416e-08
-0.0004743010978708,3.7296759494040416e-08
8.605459468592823e-05,3.7505857898856836
-0.0004743010978708,3.7296759494040515e-08
-0.0004743010978708,3.7296759494040416e-08
-0.0004743010978708,3.7296759494040416e-08
-0.0004743010978708,3.7296759494040416e-08
-0.0004743010978708,3.7296759494040416e-08
-0.0004743010978708,3.7296759494040416e-08
-0.0004743010978708,3.729675949791742e-08
-0.0004743010978708,3.7296759494040416e-08
-0.0004743010978708,3.7296759494040416e-08
-0.0004743010978708,3.7296759494040416e-08
-0.0004743010978708,3.7296759494040416e-08
-0.0004743010978708,3.729675949404042e-08
-4.932681898657894e+32,7.3696658703951265e+28
-0.0004743010978708,3.729675949404051e-08
-0.0004743010978708,3.729675949404043e-08
-0.0004743010978708,3.7296759494040416e-08
-0.0004743010978708,3.7296759494040416e-08
-0.0004743010978708,3.7296759494040416e-08
-0.0004743010978708,3.729675949404223e-08
-0.0004743010978708,3.72967594972122e-08
-0.0004743010978708,3.7296759494042137e-08
-0.0004743010978708,3.7296759494040416e-08
-0.0004743010978708,3.7296759494040416e-08
-0.0004743010978708,3.7296759494040416e-08
1.018376904733109e+22,-1.5215044619139628e+18
126443838076.77252,-18891318.59854259
-0.00047430109777486,3.7296759479706594e-08
-0.0004743010978708,3.7296759494040436e-08
-0.0004743010978708,3.7296759494040416e-08
-0.0004743010978708,3.7296759494040416e-08
-0.0004743010978708,3.7296759494040416e-08
-0.0004743010978708,3.729675949404767e-08
-0.0004743010978708,3.7296759497049567e-08
-0.0004743010978708,3.729675949404176e-08
-0.0004743010978708,3.7296759494040416e-08
-0.0004743010978708,3.7296759494040416e-08
-0.0004743010978708,3.7296759494040416e-08
-0.0004743010978708,3.7296759494040416e-08
8.634344635201656e-05,3.7525193645406216
-0.0004743010977046772,3.729675946922086e-08
-0.0004743010978708,3.729675949404054e-08
-0.0004743010978708,3.7296759494040416e-08
-0.0004743010978708,3.7296759494040416e-08
-0.0004743010978708,3.7296759494040416e-08
-0.0004743010978708,3.729675949406816e-08
-0.0004743010978708,3.7296759497036014e-08
-0.0004743010978708,3.7296759494040416e-08
-0.0004743010978708,3.7296759494040416e-08
-0.0004743010978708,3.7296759494040416e-08
-0.0004743010978708,3.7296759494040416e-08
-0.0004742960733700766,3.366740184724108e-05
8.644125945842971e-05,3.753173823532946
-0.0004743010978708,3.7296759494040416e-08
-0.0004743010978708,3.7296759494043314e-08
-0.0004743010978708,3.7296759494040416e-08
-0.0004743010978708,3.7296759494040416e-08
-0.0004743010978708,3.7296759494040416e-08
-0.0004743010978707996,3.729676206224725e-08
-0.0004743010978708,3.729675949646632e-08
-0.0004743010978708,3.7296759494040416e-08
-0.0004743010978708,3.7296759494040416e-08
-0.0004743010978708,3.7296759494040416e-08
-0.0004743010978708,3.7296759494040416e-08
1.5549647609406026e+18,1.0407726298901219e+22
126443838076.77252,-18891318.596589465
-0.0004743010978708,3.729675949404047e-08
-0.0004743010978708,3.729675949404053e-08
-0.0004743010978708,3.7296759494040416e-08
-0.0004743010978708,3.7296759494040416e-08
-0.0004743010978708,3.7296759494040416e-08
-0.0004743010978708,3.729675949404767e-08
-0.0004743010978708,3.7296759496073785e-08
-0.0004743010978708,3.7296759494040416e-08
-0.0004743010978708,3.7296759494040416e-08
-0.0004743010978708,3.7296759494040416e-08
-0.0004743010978708,3.7296759494040416e-08
1.1439154937853204e+22,1.0553590294357813e+22
8.66352526916141e-05,3.754472489518823
-0.00047430109781705686,3.7296759486010974e-08
-0.0004743010978708,3.729675949404155e-08
-0.0004743010978708,3.7296759494040416e-08
-0.0004743010978708,3.7296759494040416e-08
-0.0004743010978708,3.7296759494040416e-08
-0.0004743010978708,3.729675949404772e-08
-0.0004743010978708,3.7296759496236415e-08
-0.0004743010978708,3.7296759494040416e-08
-0.0004743010978708,3.7296759494040416e-08
-0.0004743010978708,3.7296759494040416e-08
-0.0004743010978708,3.7296759494040416e-08
-0.0004743010978708,3.7296759494040416e-08
8.673160534149367e-05,3.7551171733495137
-0.0004743010978272709,3.7296759487536957e-08
-0.0004743010978708,3.7296759494040555e-08
-0.0004743010978708,3.7296759494040416e-08
-0.0004743010978708,3.7296759494040416e-08
-0.0004743010978708,3.7296759494040416e-08
-0.0004743010978708,3.729675949404053e-08
-0.0004743010978708,3.729675949637194e-08
-0.0004743010978708,3.7296759494040416e-08
-0.0004743010978708,3.7296759494040416e-08
-0.0004743010978708,3.7296759494040416e-08
-0.0004743010978708,3.7296759494040416e-08
651313.1172564556,-97.30933701902133
1.9023205369611046e+17,-28421590979962.87
-0.000474301097822608,3.729675948684029e-08
-0.0004743010978708,3.729675949404052e-08
-0.0004743010978708,3.7296759494040416e-08
-0.0004743010978708,3.729675949404042e-08
-0.0004743010978708,3.7296759494040416e-08
-0.0004743010978708,3.7296759494040416e-08
-0.0004743010978708,3.7296759496344835e-08
-0.0004743010978708,3.7296759494040416e-08
-0.0004743010978708,3.7296759494040416e-08
-0.0004743010978708,3.7296759494040416e-08
-0.0004743010978708,3.7296759494040416e-08
-0.0004743010978708,3.7296759494040416e-08
3.6876805205267836e-05,3.756415846812923
-0.0004743010978708,3.729675949404046e-08
-0.0004743010978708,3.729675949404047e-08
-0.0004743010978708,3.7296759494040416e-08
-0.0004743010978708,3.7296759500900794e-08
-0.0004743010978708,3.7296759494040416e-08
-0.0004743010978708,3.7296759494040416e-08
-0.0004743010978708,3.729675949611444e-08
-0.0004743010978708,3.7296759494040416e-08
-0.0004743010978708,3.7296759494040416e-08
-0.0004743010978708,3.7296759494040416e-08
-0.0004743010978708,3.7296759494040416e-08
-0.0004743010978708,3.7296759494040416e-08
8.702341168109133e-05,3.757070298327715
-0.0004743010978126076,3.7296759512997635e-08
-0.0004743010978707819,3.729675949403771e-08
-0.0004743010978708,3.7296759494040416e-08
-0.0004743010978708,3.7296759496318604e-08
-0.0004743010978708,3.7296759494040416e-08
-0.0004743010978708,3.7296759494040416e-08
-0.0004743010978708,3.729675949616865e-08
-0.0004743010978707791,3.7296759513449216e-08
-0.0004743010978708,3.7296759494040416e-08
-0.0004743010978708,3.7296759494040416e-08
-0.0004743010978708,3.7296759494040416e-08
-0.0004743010978708,3.7296759494040416e-08
4.056481784786893e+29,-6.06058042610804e+25
-0.00047430109787077236,3.729675951962774e-08
-0.0004743010978707768,3.7296759494036955e-08
-0.0004743010978708,3.7296759494040416e-08
-0.0004743010978708,3.7296759494040416e-08
-0.0004743010978708,3.7296759494040416e-08
1.4885615919260326e+18,9.963275063835757e+21
-0.0004743010978708,3.7296759495911154e-08
-0.0004743010978708,3.7296759494040416e-08
-0.0004743010978708,3.7296759494040416e-08
-0.0004743010978708,3.7296759494040416e-08
-0.0004743010978708,3.7296759494040416e-08
8.377236722888265e+17,-125159977540185.92
-71.67991228918395,3.7690685285497936
-0.0004743010978708,3.7296759494040416e-08
-0.0004743010978708,3.7296759494040416e-08
-0.0004743010978708,3.7296759494040416e-08
-0.0004743010978708,3.7296759494040416e-08
-0.0004743010978708,3.7296759494040416e-08
-0.0004743010978708,3.729675949404042e-08
-0.0004743010978708,3.729675949404045e-08
-0.0004743010978708,3.7296759494040416e-08
-0.0004743010978708,3.7296759494040416e-08
-0.0004743010978708,3.7296759494040416e-08
-0.0004743010978708,3.7296759494040416e-08
-0.0004743010978708,3.7296759494040416e-08
8.731375756415528e-05,3.759013648144282
-0.0004743010978708,3.7296759494040416e-08
-0.0004743010978708,3.7296759494040416e-08
-0.0004743010978708,3.7296759494040416e-08
-0.0004743010978708,3.729675949404094e-08
-0.0004743010978708,3.7296759494040416e-08
-0.0004743010978708,3.7296759494040416e-08
-0.0004743010978708,3.7296759494040416e-08
-0.0004743010978708,3.7296759494040416e-08
-0.00047430109785941734,3.729675949233979e-08
-0.00047430109787079946,3.7296763076432395e-08
-0.0004743010978708,3.7296759494040416e-08
-0.0004743010978708,3.7296759494040416e-08
4.056481784786893e+29,-6.06058042610804e+25
-0.0004743010978410377,3.729675948959378e-08
-0.0004743010978708,3.7296759494040416e-08
-0.0004743010978708,3.7296759494040416e-08
-0.0004743010978708,3.7296759494040416e-08
-0.0004743010978708,3.7296759494040416e-08
-0.0004743010978708,3.729675949404042e-08
-0.0004743010978708,3.729675949503677e-08
-0.0004743010978708,3.7296759494040416e-08
-0.00047430109786202637,3.729675949272959e-08
-0.0004743010978708,3.7296759494040416e-08
-0.0004743010978708,3.7296759494040416e-08
-0.0004743010978708,3.7296759494040416e-08
-71.67991199737762,3.771021653527995
-0.0004743010978357086,3.7296759488797586e-08
-0.0004743010978708,3.7296759494040416e-08
-0.0004743010978708,3.7296759494040416e-08
-0.0004743010978708,3.729675949410484e-08
-0.0004743010978708,3.7296759494040416e-08
-0.0004743010978708,3.7296759494040416e-08
-0.0004743010978708,3.72967594949148e-08
-0.0004743010978708,3.7296759494040416e-08
-0.0004743010978708,3.7296759494040416e-08
-0.0004743010978708,3.7296759494040416e-08
-0.0004743010978708,3.7296759494040416e-08
0.00023527851146036072,-6.871787385661191e-08
8.760410344721924e-05,3.7609569979608497
-0.0004743010978708,3.729675949404044e-08
-0.0004743010978708,3.7296759494040416e-08
-0.0004743010978708,3.7296759494040416e-08
-0.0004743010978708,3.7296759494040416e-08
-0.0004743010978708,3.7296759494040416e-08
-0.0004743010978708,3.7296759494040416e-08
-0.0004743010978708,3.729675949501644e-08
-0.0004743010978708,3.7296759494040416e-08
-0.0004743010978708,3.7296759494040416e-08
-0.0004743010978708,3.7296759494040416e-08
-0.0004743010978708,3.7296759494040416e-08
0.08447882260177159,568.61022318328
5.848603084486666e+35,-8.738096521682555e+31
-0.0004743010978462599,3.7296759490374034e-08
-0.0004743010978708,3.7296759494040416e-08
-0.0004743010978708,3.7296759494040416e-08
-0.0004743010978708,3.7296759494040416e-08
-0.0004743010978708,3.7296759494040416e-08
-0.0004743010978708,3.7296759494040416e-08
-0.0004743010978708,3.72967594949148e-08
-0.0004743010978708,3.729675949404044e-08
-0.0004743010978708,3.7296759494040416e-08
-0.0004743010978708,3.7296759494040416e-08
-0.0004743010978708,3.7296759494040416e-08
-0.0004719316359159567,3.694275039192176e-08
-151996491767133.72,22709012683.067963
-0.00047430109784192586,3.729675948972648e-08
-0.0004743010978708,3.7296759494040416e-08
-0.0004743010978708,3.7296759494040416e-08
-0.0004743010978708,3.7296759494040416e-08
-0.0004743010978708,3.7296759494040416e-08
-0.0004743010978708,3.7296759494040416e-08
-0.0004743010978708,3.729675949482997e-08
-0.0004743010978708,3.7296759494040416e-08
-0.0004743010978708,3.7296759494040456e-08
-0.0004743010978708,3.7296759494040416e-08
-0.0004743010978708,3.7296759494040416e-08
5405.163856391667,36177971.596221164
8.789444935756801e-05,3.7629003477774168
-0.0004743010978708,3.729675949404045e-08
-0.0004743010978708,3.7296759494040416e-08
-0.0004743010978708,3.7296759494040416e-08
-0.0004743010978708,3.7296759494040416e-08
-0.0004743010978708,3.7296759494040416e-08
-0.00047430109786616965,3.732775164698268e-08
-0.0004743010978708,3.7296759494728326e-08
-0.0004743010978708,3.7296759494040416e-08
-0.0004743010978708,3.7296759494040416e-08
-0.0004743010978708,3.7296759494040416e-08
-0.0004743010978708,3.7296759494040416e-08
-0.0004743010978708,3.7296759494040416e-08
5.848603084486666e+35,-8.738096521682555e+31
-0.0004743010978708,3.7296759494040416e-08
-0.0004743010978708,3.729675949404044e-08
-0.0004743010978708,3.7296759494040416e-08
-0.0004743010978708,3.7296759494040416e-08
-0.0004743010978708,3.7296759494040416e-08
-0.00047430081063333973,1.959841208326428e-06
-0.0004743010978708,3.7296759494477604e-08
-0.0004743010978708,3.7296759494040416e-08
-0.0004743010978708,3.7296759494040416e-08
-0.0004743010978708,3.7296759494040416e-08
-0.0004743010978708,3.7296759494040416e-08
8.874784045585967,-0.0013259693234178942
-2.3021535502623438e+20,3.4395290019398132e+16
-0.0004743010978536984,3.7296759491485394e-08
-0.0004743010978708,3.7296759494040416e-08
-0.0004743010978708,3.7296759494040416e-08
-0.0004743010978708,3.7296759494040416e-08
-0.0004743010978708,3.7296759494040416e-08
-0.0004743010978708,3.729675949404103e-08
-0.0004743010978708,3.7296759494511485e-08
-0.0004743010978708,3.7296759494040416e-08
-0.0004743010978708,3.7296759494040416e-08
-0.0004743010978708,3.7296759494040416e-08
-0.0004743010978708,3.7296759494040416e-08
1.5106546007316513e+18,1.0111148504150253e+22
8.822651846351372e-05,3.7648436975877506
-0.00047430109787077247,3.729675949403633e-08
-0.0004743010978708,3.7296759494040416e-08
-0.0004743010978708,3.7296759494040416e-08
-0.0004743010978708,3.7296759494040416e-08
-0.0004743010978708,3.7296759494040416e-08
-0.0004743010978708,3.729675949404042e-08
-0.0004743010978708,3.729675949446399e-08
-0.0004743010978708,3.729675949404044e-08
-0.0004743010978708,3.7296759494040416e-08
-0.0004743010978708,3.7296759494040416e-08
-0.0004743010978708,3.7296759494040416e-08
-0.0004743010978708,3.7296759494040416e-08
8.828253893842716e-05,3.7654979181677373
-0.0004743010978708,3.7296759494040416e-08
-0.0004743010978708,3.7296759494040416e-08
-0.0004743010978708,3.7296759494040416e-08
-0.0004743010978708,3.7296759494040416e-08
-0.0004743010978708,3.7296759494040416e-08
-0.0004743010978708,3.7296759494040416e-08
-0.0004743010978708,3.7296759494457216e-08
-0.0004743010978708,3.7296759494040416e-08
-0.0004743010978708,3.7296759494040416e-08
-0.0004743010978708,3.7296759494040416e-08
-0.0004743010978708,3.7296759494040416e-08
0.13838103544899674,-2.0708363627609122e-05
-2.3021535502623438e+20,3.4395290019398132e+16
-0.0004743010978708,3.7296759494040436e-08
-0.0004743010978708,3.7296759494040416e-08
-0.0004743010978708,3.7296759494040416e-08
-0.0004743010978708,3.7296759494040416e-08
-0.0004743010774149498,1.742123319553656e-07
-0.0004743010978708,3.7296759494040416e-08
-0.0004743010978708,3.7296759494040416e-08
-0.0004743010850786934,3.729675758283767e-08
-0.0004743010978708,3.7296759494040416e-08
-0.0004743010978708,3.7296759494040416e-08
-0.0004743010978707995,3.729675949404034e-08
-0.0004743010978708,3.7296759494040416e-08
0.05883847433638168,3.7667782698758785
-0.0004743010978708,3.7296759494040416e-08
-0.0004743010978708,3.7296759494040416e-08
-0.0004743010978708,3.7296759494040416e-08
-0.0004743010978708,3.7296759494040416e-08
-0.0004743010978708,3.7296759494040416e-08
-0.0004743010978708,3.7296759494040416e-08
-0.0004743010978708,3.7296759494040436e-08
-0.0004743010978708,3.7296759494040416e-08
-0.0004743010978708,3.7296759494040416e-08
-0.0004743010978708,3.729675949404045e-08
-0.0004743010978708,3.7296759494040416e-08
1.641440629041151e+23,-2.43696260284639e+19
8.857142436495752e-05,3.7674314928226704
-0.0004743010978577528,3.729675949209113e-08
-0.0004743010978708,3.7296759494040416e-08
-0.0004743010978708,3.7296759494040416e-08
-0.0004743010978708,3.7296759494040416e-08
-0.0004743010978708,3.7296759494040416e-08
-0.000474301097870209,3.72968820880406e-08
-0.0004743010978708,3.7296759494297974e-08
-0.0004743010978708,3.7296759494040416e-08
-0.0004743010978708,3.7296759494040416e-08
-0.0004743010978708,3.7296759494040416e-08
-0.0004743010978708,3.7296759494040416e-08
-0.0004743010978708,3.7296759494040416e-08
-3.21864394815985e+26,4.808810083650722e+22
-0.00047430109786236025,3.72967594927795e-08
-0.0004743010978708,3.7296759494040416e-08
-0.0004743010978708,3.7296759494040416e-08
-0.0004743010978708,3.7296759494040416e-08
-0.0004743010978708,3.7296759494040416e-08
-0.0004743010978708,3.7296759494047775e-08
-0.0004743010978708,3.729675949404044e-08
-0.0004743010978708,3.7296759494040416e-08
-0.00047430109787075533,3.729675949403374e-08
-0.0004743010978708,3.7296759494040416e-08
-0.0004743010978708,3.7296759494040416e-08
-0.0004743010978708,3.7296759494040416e-08
89128.9600315057,-9.54756827454707
-0.0004743010978708,3.729675949404047e-08
-0.0004743010978708,3.7296759494040416e-08
-0.0004743010978708,3.7296759494040416e-08
-0.0004743010978708,3.7296759494040416e-08
-0.0004743010978708,3.7296759494040416e-08
-0.0004743010978708,3.729675949451572e-08
-0.0004743010978708,3.7296759494040436e-08
-0.0004743010978708,3.7296759494040416e-08
-0.00047430109787075967,3.729675949403439e-08
-0.0004743010978708,3.7296759494040416e-08
-0.0004743010978708,3.7296759494040416e-08
-0.0004743010978708,3.7296759494040416e-08
8.886323070455508e-05,3.769384617800872
-0.0004743010978708,3.729675949404044e-08
-0.0004743010978708,3.7296759494040476e-08
-0.0004743010978708,3.7296759494040416e-08
-0.0004743010978708,3.7296759494040416e-08
-0.0004743010978708,3.7296759494040416e-08
-0.0004743010978708,3.729675949406964e-08
-0.0004743010978708,3.7296759494040436e-08
-0.0004743010978708,3.7296759494040416e-08
-0.0004743010978708,3.7296759494040416e-08
-0.0004743010978708,3.7296759494040416e-08
-0.0004743010978708,3.7296759494040416e-08
-0.0004743010978708,3.7296759494040416e-08
-3.21864394815985e+26,4.808810083650722e+22
-0.0004743010978708,3.7296759494040416e-08
-0.0004743010978708,3.729675949404059e-08
-0.0004743010978708,3.7296759494040416e-08
-0.0004743010978708,3.7296759494040416e-08
-0.0004743010978708,3.7296759494040416e-08
-0.0004743010978708,3.729675949404044e-08
-0.0004743010978708,3.729675949429628e-08
-0.0004743010978708,3.7296759494040416e-08
-0.0004743010978708,3.729675949404044e-08
-0.0004743010978708,3.7296759494040416e-08
-0.0004743010978708,3.7296759494040416e-08
-0.0004743010978708,3.7296759494040416e-08
89128.96003179751,-9.545615149568867
-0.0004743010978708,3.7296759494040416e-08
-0.0004743010978708,3.7296759494040416e-08
-0.0004743010978708,3.7296759494040416e-08
-0.0004743010978708,3.7296759494040416e-08
-0.0004743010978708,3.7296759494040416e-08
1.254494888471329e+22,-1.8742761755360248e+18
-0.0004743010978708,3.729675949428103e-08
-0.0004743010977992834,3.729675948335551e-08
-0.0004743010978708,3.7296759494040416e-08
-0.0004743010978708,3.7296759494040416e-08
-0.0004743010978708,3.7296759494040416e-08
-0.0004743010978708,3.7296759494040416e-08
8.915357658759583e-05,3.771327967617439
-0.00047430109787079073,3.729682168380857e-08
-0.00047430109781505667,3.72967594857121e-08
-0.0004743010978708,3.7296759494040416e-08
-0.0004743010978708,3.7296759494040416e-08
-0.0004743010978708,3.7296759494040416e-08
-0.0004743010978708,3.729675949404053e-08
-0.0004743010978708,3.729675949404044e-08
-0.0004743010978708,3.7296759494040416e-08
-0.0004743010978708,3.7296759494040416e-08
-0.0004743010978708,3.7296759494040416e-08
-0.0004743010978708,3.7296759494040416e-08
-0.0004743010978708,3.7296759494040416e-08
-4.932681898657894e+32,7.3696658703951265e+28
-0.0004743010978708,3.7296759494040416e-08
-0.0004743010978708,3.7296759494040416e-08
-0.0004743010978708,3.7296759494040416e-08
-0.0004743010978708,3.7296759494040416e-08
-0.0004743010978708,3.7296759494040416e-08
1.0457168277671797e+29,6.99921618993639e+32
-0.0004743010978708,3.7296759494204773e-08
-0.0004743010978708,3.7296759494040436e-08
-0.0004743010978708,3.7296759494040416e-08
-0.0004743010978708,3.7296759494040416e-08
-0.0004743010978708,3.7296759494040416e-08
-0.0004743010978708,3.7296759494040416e-08
126443838076.77252,-18891318.577790637
-0.0004743010978708,3.7296759494040416e-08
-0.0004743010978708,3.7296759494040416e-08
-0.0004743010978708,3.7296759494040416e-08
-0.0004743010978708,3.7296759494040416e-08
1.5986318355790116e+18,1.0699999778356366e+22
24228261646463.086,1.6216516428450806e+17
-0.0004743010978708,3.729675949418783e-08
-0.0004743010978708,3.7296759494040416e-08
-0.0004743010978708,3.7296759494040416e-08
-0.0004743010978708,3.7296759494040416e-08
-0.0004743010978708,3.7296759494040416e-08
-0.0004743010978708,3.7296759494040416e-08
8.944388871024106e-05,3.7732713174340113
-0.0004743010978708,3.729675949404043e-08
-0.0004743010978708,3.7296759494040416e-08
-0.0004743010978708,3.729675949404053e-08
-0.0004743010978708,3.7296759494040416e-08
1.5655592719016e+18,1.0478637726042545e+22
4.253202275708957e+32,2.846763238072733e+36
-0.0004743010978708,3.7296759494190374e-08
-0.0004743010978708,3.7296759494040416e-08
-0.0004743010978708,3.7296759494040416e-08
-0.0004743010978708,3.7296759494040416e-08
-0.0004743010978708,3.7296759494040416e-08
-0.0004743010977935922,3.781352861576268e-08
8.954024136012052e-05,3.7739160012647015
-0.00047430109787026907,3.729675949396112e-08
-0.0004743010978708,3.7296759494040416e-08
-0.0004743010978708,3.729675949404058e-08
-0.0004743010978708,3.7296759494040416e-08
-0.0004743010978708,3.7296759494040416e-08
-0.0004743010978616396,3.729675949267181e-08
-0.0004743010978708,3.729675949417089e-08
-0.0004743010978708,3.729675949404044e-08
-0.0004743010978708,3.7296759494040416e-08
-0.0004743010978708,3.7296759494040416e-08
-0.0004743010978708,3.7296759494040416e-08
-0.0004743010977496605,3.729675947594159e-08
1.9023205369611046e+17,-28421590979962.85
-0.00047430109786689053,3.7320069715524833e-08
-0.0004743010978708,3.7296759494040416e-08
-0.0004743010978708,3.7296759494040416e-08
-0.0004743010978708,3.7296759494040416e-08
-0.0004743010978708,3.7296759494040416e-08
-0.0004743010978708,3.7296759494040416e-08
-0.0004743010978708,3.72967594941548e-08
-0.0004743010978708,3.7296759494040416e-08
-0.0004743010978708,3.7296759494040416e-08
-0.0004743010978708,3.7296759494040416e-08
-0.0004743010978708,3.7296759494040416e-08
6.09517287711838e+17,-91064837444472.66
3.9685441223894684e-05,3.775214674728111
-0.0004743010978662878,3.7322570827627295e-08
-0.0004743010978708,3.7296759494040416e-08
-0.0004743010978708,3.7296759494040416e-08
-0.0004743010978708,3.7296759494040416e-08
-0.0004743010978708,3.7296759494040416e-08
1.514614547740842e+18,1.0137653313561417e+22
-0.0004743010978708,3.729675949416496e-08
-0.0004743010978708,3.7296759494040416e-08
-0.0004743010978708,3.7296759494040416e-08
-0.0004743010978708,3.7296759494040416e-08
-0.0004743010978708,3.7296759494040416e-08
-0.0004743010978708,3.7296759494040416e-08
8.983204769971817e-05,3.775869126242903
-0.0004743010978708,3.729675949404045e-08
-0.0004743010978708,3.7296759494040416e-08
-0.0004743010978708,3.7296759494040416e-08
-0.0004743010978708,3.7296759494040416e-08
-0.0004743010978708,3.7296759494040416e-08
-0.0004743010978708,3.7296759494040416e-08
-0.0004743010978708,3.729675949415053e-08
-0.0004743010978708,3.729675949404045e-08
-0.0004743010978708,3.7296759494040416e-08
-0.0004743010978708,3.7296759494040416e-08
-0.0004743010978708,3.7296759494040416e-08
-0.0004743010978708,3.7296759494040416e-08
2.720082991716736e+23,-4.063935846775632e+19
-0.000474301097864716,3.733360289340141e-08
-0.0004743010978708,3.7296759494040416e-08
-0.0004743010978708,3.7296759494040416e-08
-0.0004743010978708,3.7296759494040416e-08
-0.00047429571868631577,3.604137944322827e-05
-0.0004743010978708,3.729675949404042e-08
-0.0004743010978708,3.729675949417513e-08
-0.0004743010978708,3.7296759494040416e-08
-0.0004743010978708,3.7296759494040416e-08
-0.0004743010978708,3.7296759494040416e-08
-0.0004743010978708,3.7296759494040416e-08
-0.0004743010978708,3.7296759494040416e-08
-71.67990948054793,3.787867356464982
-0.0004743010978708,3.7296759494040416e-08
-0.0004743010978708,3.7296759494040416e-08
-0.0004743010978708,3.7296759494040416e-08
-0.0004743010978708,3.7296759494040416e-08
-0.0004743010978685378,3.72967594937342e-08
-0.00047422127585435757,0.0005343038734867754
-0.0004743010978708,3.7296759494164116e-08
-0.0004743010978708,3.7296759494040416e-08
-0.0004743010978708,3.7296759494040416e-08
-0.0004743010978708,3.7296759494040416e-08
-0.0004743010978708,3.7296759494040416e-08
-0.0004743010978708,3.7296759494040416e-08
9.012239358278213e-05,3.7778124760594705
-0.00047430109785956236,3.7369536701044967e-08
-0.0004743010978708,3.7296759494040416e-08
-0.0004743010978708,3.7296759494040416e-08
-0.0004743010978708,3.7296759494040416e-08
-0.0004743010978708,3.7296759494040416e-08
-0.0004743010978708,3.7296759494040416e-08
-0.0004743010978708,3.7296759494040416e-08
-0.0004743010978708,3.7296759494040416e-08
-0.0004743010978708,3.7296759494040416e-08
-0.0004743010978708,3.7296759494040416e-08
-0.0004742802466661771,0.00013959819489909299
8.440956650220354,-0.001261153407553985
4.056481784786893e+29,-6.06058042610804e+25
-0.0004743010978708,3.7296759494040416e-08
-0.0004743010978708,3.7296759494040416e-08
-0.0004743010978708,3.7296759494040416e-08
-0.0004743010978708,3.7296759494040416e-08
-0.0004743010978708,3.7296759494040416e-08
-0.0004743010978708,3.729675949404321e-08
-0.0004743010978708,3.7296759494040416e-08
-0.0004743010978708,3.7296759494040806e-08
-0.0004743010978708,3.7296759494040416e-08
-0.0004743010978708,3.7296759494040416e-08
-0.0004743010978708,3.7296759494040416e-08
-0.0004743010978708,3.7296759494040416e-08
-71.67990918874159,3.7898204814431833
-0.0004743010978708,3.7296759494040416e-08
-0.0004743010978708,3.729675949404053e-08
-0.0004743010978708,3.729675949404042e-08
-0.0004743010978708,3.7296759494040416e-08
-0.0004743010978708,3.7296759494040416e-08
0.02179366181131345,149.044447226365
-0.0004743010978708,3.729675949404049e-08
-0.0004743010978708,3.7296759494040416e-08
-0.0004743010978708,3.7296759494040416e-08
-0.0004743010978708,3.7296759494040416e-08
-0.0004743010978708,3.7296759494040416e-08
-0.0004743010978708,3.7296759494040416e-08
9.041419992237968e-05,3.779765601037672
-0.00047430109785611676,3.7393638338151727e-08
-0.0004743010978708,3.729675949404062e-08
-0.0004743010978708,3.7296759494040416e-08
-0.0004743010978708,3.7296759494040416e-08
-0.0004743010978708,3.7296759494040416e-08
-0.0004743010978703142,3.7296759493967836e-08
-0.0004743010978708,3.72967594941878e-08
-0.0004743010978708,3.7296759494040476e-08
-0.0004743010978708,3.7296759494040416e-08
-0.0004743010978708,3.7296759494040416e-08
-0.0004743010978708,3.7296759494040416e-08
-0.0004743010978708,3.7296759494040416e-08
5.848603084486666e+35,-8.738096521682555e+31
-0.00047430109785644706,3.739272876716132e-08
-0.0004743010978708,3.729675949404049e-08
-0.0004743010978708,3.7296759494040416e-08
-0.0004743010978708,3.7296759494040416e-08
-0.0004743010978708,3.7296759494040416e-08
1.0184051648204554e+22,-1.5215466838543777e+18
-0.0004743010978708,3.729675949419122e-08
-0.0004743010978708,3.729675949404048e-08
-0.0004743010978708,3.7296759494040416e-08
-0.0004743010978708,3.7296759494040416e-08
-0.0004743010978708,3.7296759494040416e-08
-0.0004743010978708,3.7296759494040416e-08
-151996491767133.72,22709012683.08676
-0.0004743010978554369,3.739954997041093e-08
-0.0004743010978708,3.729675949404052e-08
-0.0004743010978708,3.7296759494040416e-08
-0.0004743010978708,3.7296759494040416e-08
-0.0004743010978708,3.7296759494040416e-08
-0.0004743010978708,3.729675949404043e-08
-0.0004743010978708,3.729675949419122e-08
-0.0004743010978708,3.7296759494040416e-08
-0.0004743010978708,3.7296759494040416e-08
-0.0004743010978708,3.7296759494040416e-08
-0.0004743010978708,3.7296759494040416e-08
-0.0004743010978708,3.7296759494040416e-08
9.070308537619486e-05,3.781699175692605
-0.0004743010978576811,3.738454332187727e-08
-0.0004743010978708,3.729675949404048e-08
-0.0004743010978708,3.7296759494040416e-08
-0.0004743010978708,3.7296759494040416e-08
-0.00047430109787076596,3.729675949403533e-08
146456902045.40805,-21881371.12148908
-0.0004743010978708,3.729675949419715e-08
-0.0004743010978708,3.7296759494040416e-08
-0.0004743010978708,3.729675949404045e-08
-0.0004743010978708,3.7296759494040416e-08
-0.0004743010978708,3.7296759494040416e-08
-0.0004743010978708,3.7296759494040416e-08
5.848603084486666e+35,-8.738096521682555e+31
-0.0004743010978613499,3.735998694438678e-08
-0.0004743010978708,3.7296759494040416e-08
-0.0004743010978708,3.7296759494040416e-08
-0.0004743010978708,3.7296759494040416e-08
-0.0004743010978708,3.7296759494040416e-08
-0.0004743010978708,3.729675949404042e-08
-0.0004743010978708,3.72967594941675e-08
-0.0004743010978708,3.7296759494040416e-08
-0.0004743010978708,3.7296759494040416e-08
-0.0004743010978708,3.7296759494040416e-08
-0.0004743010978708,3.7296759494040416e-08
-0.0004743010978708,3.7296759494040416e-08
-151996491767133.72,22709012683.088715
-0.00047430109786141537,3.7359532197040604e-08
-0.0004743010978708,3.7296759494040416e-08
-0.0004743010978708,3.7296759494040416e-08
-0.0004743010978708,3.7296759494040416e-08
-0.0004743010978708,3.7296759494040416e-08
-0.0004743010978708,3.7296759494040416e-08
-0.0004743010978708,3.729675949417597e-08
-0.0004743010978708,3.7296759494040416e-08
-0.0004743010978708,3.7296759494040416e-08
-0.0004743010978708,3.7296759494040416e-08
-0.0004743010978708,3.7296759494040416e-08
1.0183480816958156e+22,-1.5214613988990377e+18
9.103515448214057e-05,3.7836425255029384
-0.00047430109787079236,3.72967594940394e-08
-0.0004743010978708,3.7296759494040416e-08
-0.0004743010978708,3.7296759494040416e-08
-0.0004743010978708,3.7296759494040416e-08
-0.0004743010978708,3.7296759494040416e-08
-0.0004743010978708,3.7296759494040416e-08
-0.0004743010978708,3.7296759494040595e-08
-0.0004743010978708,3.7296759494040416e-08
-0.0004743010978708,3.7296759494040416e-08
-0.0004743010978708,3.7296759494040416e-08
-0.0004743010978708,3.7296759494040416e-08
2.0837784160064517e+18,1.394719415264067e+22
9.109117495705401e-05,3.784296746082925
-0.0004743010978708,3.7296759494040555e-08
-0.0004743010978708,3.7296759494040416e-08
-0.0004743010978708,3.7296759494040416e-08
-0.0004743010978708,3.7296759494040416e-08
-0.0004743010776932316,1.723497294594871e-07
-0.0004743010978708,3.7296759494040416e-08
-0.0004743010978708,3.729675949416154e-08
-0.0004743010978708,3.7296759494040416e-08
-0.0004743010978708,3.7296759494040416e-08
-0.0004743010978708,3.7296759494040416e-08
-0.0004743010978708,3.7296759494040416e-08
-0.0004743010978708,3.7296759494040416e-08
-2.3021535502623438e+20,3.4395290019398132e+16
-0.0004743010978708,3.7296759494040575e-08
-0.0004743010978708,3.7296759494040416e-08
-0.0004743010978708,3.7296759494040416e-08
-0.0004743010978708,3.7296759494040416e-08
-0.0004743010978708,3.7296759494040416e-08
-0.0004743010978708,3.7296759494040416e-08
-0.0004743010978708,3.729675949404057e-08
-0.0004743010978708,3.729675949404058e-08
-0.0004743010978708,3.7296759494040416e-08
-0.0004743010978708,3.7296759494040416e-08
-0.0004743010978708,3.7296759494040416e-08
1.6762302109698043e+18,1.1219383029085617e+22
0.05884128297240031,3.7855770977910668
-0.0004743010978708,3.7296759494040595e-08
-0.0004743010978708,3.7296759494040416e-08
-0.0004743010978708,3.7296759494040416e-08
-0.0004743010978708,3.7296759494040416e-08
-0.0004743010978708,3.7296759494040416e-08
-0.0004743010978708,3.7296759494040416e-08
-0.0004743010978708,3.72967594941675e-08
-0.0004743010978708,3.729675949404059e-08
-0.0004743010978708,3.7296759494040416e-08
-0.0004743010978708,3.7296759494040416e-08
-0.0004743010978708,3.7296759494040416e-08
-0.0004743010978708,3.7296759494040416e-08
9.138152084011797e-05,3.7862400958994926
-0.0004743010978705814,3.7296759494007964e-08
-0.0004743010978708,3.7296759494040416e-08
-0.0004743010978708,3.7296759494040416e-08
-0.0004743010978708,3.7296759494040416e-08
-0.0004743010978708,3.7296759494040416e-08
-0.0004743010978708,3.7296759494521584e-08
-0.0004743010978708,3.72967594941819e-08
-0.0004743010978708,3.729675949404063e-08
-0.0004743010978708,3.7296759494040416e-08
-0.0004743010978708,3.7296759494040416e-08
-0.0004743010978708,3.7296759494040416e-08
-0.0004743010978708,3.7296759494040416e-08
-3.21864394815985e+26,4.808810083650722e+22
-0.0004743010978705857,3.729675949400865e-08
-0.0004743010978708,3.7296759494040416e-08
-0.0004743010978708,3.7296759494040416e-08
-0.0004743010978708,3.7296759494040416e-08
-0.0004743010978708,3.7296759494040416e-08
-0.0004743010978708,3.7296759494040416e-08
-0.0004743010978708,3.72967594941531e-08
-0.0004743010978708,3.7296759494040654e-08
-0.0004743010978708,3.7296759494040416e-08
-0.0004743010978708,3.7296759494040416e-08
-0.0004743010978708,3.7296759494040416e-08
-0.0004743010978708,3.7296759494040416e-08
89128.96003431434,-9.528769446631882
-0.0004743010978664681,3.732575399669592e-08
-0.0004743010978708,3.7296759494040416e-08
-0.0004743010978708,3.7296759494040416e-08
-0.0004743010978708,3.7296759494040416e-08
-0.0004743010978708,3.7296759494040416e-08
-0.0004743010978708,3.7296759494040886e-08
-0.0004743010978708,3.7296759494040773e-08
-0.0004743010978708,3.729675949404072e-08
-0.0004743010978708,3.7296759494040416e-08
-0.0004743010978708,3.7296759494040416e-08
-0.0004743010978708,3.7296759494040416e-08
1.4905029601106074e+18,9.976269074515603e+21
9.167186672318203e-05,3.7881834457160597
-0.0004743010978668927,3.732291182404988e-08
-0.0004743010978708,3.7296759494040416e-08
-0.0004743010978708,3.7296759494040416e-08
-0.0004743010978708,3.7296759494040416e-08
-0.0004743010978708,3.7296759494040416e-08
145056692653.03564,-21672173.05069556
-0.0004743010978708,3.729675949414758e-08
-0.0004743010978708,3.729675949404078e-08
-0.00045951613024708567,3.508781366031392e-08
-0.0004743010978708,3.7296759494040416e-08
-0.0004743010978708,3.7296759494040416e-08
-0.00047430109787032805,3.729675949396991e-08
-4.932681898657894e+32,7.3696658703951265e+28
-0.0004743010978708,3.729675949404084e-08
-0.0004743010978708,3.7296759494040416e-08
-0.0004743010978708,3.7296759494040416e-08
-0.0004743010978708,3.7296759494040416e-08
-0.0004743010978708,3.72967594940409e-08
1400.5157699664192,9373967.89537808
-0.0004743010978708,3.72967594941408e-08
-0.0004743010978708,3.7296759494040866e-08
-0.0004743010978708,3.7296759494040436e-08
-0.0004743010978708,3.7296759494040416e-08
-0.0004743010978708,3.7296759494040416e-08
-0.0004743010978708,3.729675949404088e-08
89128.96003460615,-9.52681632165368
-0.00047430109787079393,3.729675949404006e-08
-0.0004743010978708,3.7296759494040436e-08
-0.0004743010978708,3.7296759494040416e-08
-0.0004743010978708,3.7296759494040416e-08
-0.0004743010978708,3.7296759494040416e-08
-0.0004743010978708,3.729675949404788e-08
-0.0004743010978708,3.729675949412471e-08
-0.0004743010978708,3.7296759494040985e-08
-0.0004743010978708,3.7296759494040416e-08
-0.0004743010978708,3.7296759494040416e-08
-0.0004743010978708,3.7296759494040416e-08
-0.0004743010978708,3.7296759494040416e-08
9.196071838927025e-05,3.7901170203709977
-0.0004743010978707943,3.729675949403957e-08
-0.0004742991917305322,1.279551912755685e-05
-0.0004743010978708,3.7296759494040416e-08
-0.0004743010978708,3.7296759494040416e-08
-0.0004743010978708,3.7296759494040416e-08
-0.0004743010978708,3.7296759494040416e-08
-0.0004743010978708,3.7296759494127674e-08
-0.0004743010978708,3.7296759494041164e-08
-0.0004743010978708,3.7296759494040416e-08
-0.0004743010978708,3.7296759494040416e-08
-0.0004743010978708,3.7296759494040416e-08
-0.0004743010978708,3.7296759494040416e-08
9.205853149568341e-05,3.7907714793633227
-0.00047430109787068546,3.729675949402417e-08
-0.0004743010978708,3.7296759494474256e-08
-0.0004743010978708,3.7296759494040416e-08
-0.0004743010978708,3.7296759494040416e-08
-0.0004743010978708,3.7296759494040416e-08
-0.0004743010978708,3.7296759494040416e-08
-0.0004743010978708,3.72967594941209e-08
-0.00047428910475598825,3.729496766455129e-08
-0.0004743010978707995,3.729675949404034e-08
-0.0004743010978708,3.7296759494040416e-08
-0.0004743010978708,3.7296759494040416e-08
-0.0004743010978708,3.7296759494040416e-08
1.9023205369611046e+17,-28421590979962.832
-0.0004743010978690043,3.730795982188859e-08
-0.0004743010978708,3.729675949424967e-08
-0.0004743010978708,3.7296759494040416e-08
-0.0004743010978708,3.7296759494040416e-08
-0.0004743010978708,3.7296759494040416e-08
-0.0004743010978708,3.7296759494040416e-08
-0.0004743010978708,3.729675949411412e-08
-0.0004743010978708,3.7296759494041534e-08
-0.0004743010978707996,3.7296759494040356e-08
-0.0004743010978708,3.7296759494040416e-08
-0.0004743010978708,3.7296759494040416e-08
-0.0004743010978708,3.7296759494040416e-08
9.225252472886791e-05,3.792070145349199
-0.00047430109786927036,3.730625451500668e-08
-0.0004743010978707989,3.72967594942097e-08
-0.0004743010978708,3.7296759494040416e-08
-0.0004743010978708,3.7296759494040416e-08
-0.0004743010978708,3.7296759494040416e-08
-0.0004743010978708,3.7296759494040416e-08
-0.0004743010978708,3.729675949404205e-08
-0.0004743010978708,3.729675949404183e-08
-0.0004743010978707986,3.7296759494040204e-08
-0.0004743010978708,3.7296759494040416e-08
-0.0004743010978708,3.7296759494040416e-08
-0.0004743010978708,3.7296759494040416e-08
9.234887737874736e-05,3.79271482917989
-0.0004743010978708,3.729675949404203e-08
-0.00047430109787079946,3.7296759496385566e-08
-0.0004743010978708,3.7296759494040416e-08
-0.0004743010978708,3.7296759494040416e-08
-0.0004743010978708,3.7296759494040416e-08
-0.0004743010978708,3.7296759494040416e-08
-0.0004743010978708,3.729675949410311e-08
-0.0004743010978708,3.7296759494042064e-08
-0.0004743010978708,3.7296759494040436e-08
-0.0004743010978708,3.7296759494040416e-08
-0.0004743010978708,3.7296759494040416e-08
-0.0004730608475985665,0.008301309261106615
2.720082991716736e+23,-4.063935846775632e+19
-0.000474301097870669,3.7296759494022986e-08
-0.00047430109787079697,3.7296759494039986e-08
-0.0004743010978708,3.7296759494040416e-08
-0.0004743010978708,3.7296759494040416e-08
-0.0004743010978708,3.7296759494040416e-08
90244.88666459815,604029177.2584882
-0.0004743010978708,3.729675949409061e-08
-0.0004743010978708,3.729675949404256e-08
-0.0004743010978708,3.729675949404043e-08
-0.0004743010978708,3.7296759494040416e-08
-0.0004743010978708,3.7296759494040416e-08
-0.0004743010978705112,3.729869228431818e-08
4.249407724252153e-05,3.794013502643299
-0.0004743010978706863,3.7296759494026413e-08
-0.0004743010978708,3.729675949404043e-08
-0.0004743010978708,3.7296759494040416e-08
-0.0004743010978708,3.7296759494040416e-08
-0.0004743010978708,3.7296759494040416e-08
-0.0004743010978708,3.7296759494040416e-08
-0.0004743010978708,3.7296759494040416e-08
-0.0004743010978708,3.7296759494040416e-08
-0.0004743010978708,3.7296759494040416e-08
-0.0004743010978708,3.7296759494040416e-08
-0.0004743010978708,3.7296759494040416e-08
-0.0004743010978708,3.7296759494040416e-08
9.263922326181132e-05,3.7946581789964573
-0.0004743010978708,3.729675949404379e-08
-0.00047430109787079485,3.729675949719803e-08
-0.0004743010978708,3.7296759494040416e-08
-0.0004743010978708,3.7296759494040416e-08
-0.0004743010978708,3.7296759494040416e-08
-0.0004743010978708,3.7296759494040416e-08
-0.0004743010978708,3.729675949404404e-08
-0.0004742919569464402,3.729539379563387e-08
-0.0004743010978708,3.7296759494040416e-08
-0.0004743010978708,3.7296759494040416e-08
-0.0004743010978708,3.7296759494040416e-08
-0.00047430109787030707,3.729675949396677e-08
4.056481784786893e+29,-6.06058042610804e+25
-0.000474301097870685,3.729686698043191e-08
-0.000474296148932263,3.7296020108718424e-08
-0.0004743010978708,3.7296759494040416e-08
-0.0004743010978708,3.7296759494040416e-08
-0.0004743010978708,3.7296759494040416e-08
-0.0004743010978708,3.7296759494040416e-08
-0.0004743010978708,3.72967594940993e-08
-0.0004743008228776021,3.8992320974906155e-08
-0.0004743010978708,3.7296759494040416e-08
-0.0004743010978708,3.7296759494040416e-08
-0.0004743010978708,3.7296759494040416e-08
-0.0004743010978708,3.7296759494040416e-08
-71.67990667191191,3.8066661843801697
-0.00047430109787070936,3.729675949403312e-08
-0.00047430109099148913,3.7296758470603216e-08
-0.0004743010978708,3.7296759494040416e-08
-0.0004743010978708,3.7296759494040416e-08
-0.0004743010978708,3.7296759494040416e-08
-0.0004743010978708,3.7296759494040416e-08
-0.0004743010978708,3.7296759494079174e-08
-0.0004743010977658757,3.7999041274480787e-08
-0.0004743010978708,3.7296759494040416e-08
-0.0004743010978708,3.729675949404045e-08
-0.0004743010978708,3.7296759494040416e-08
-0.0004743010978708,3.7296759494040416e-08
9.292956914487528e-05,3.7966015288130244
-0.00047430109787038714,3.729896271316425e-08
-0.0004743010978708,3.729675949404313e-08
-0.0004743010978708,3.7296759494040416e-08
-0.0004743010978708,3.7296759494040416e-08
-0.0004743010978708,3.7296759494040416e-08
-0.00047430079062304363,2.0937745334830684e-06
-0.0004743010978708,3.729675949406086e-08
-0.0004743010978708,3.7296759494040416e-08
-0.0004743010978708,3.7296759494040416e-08
-0.0004743010978708,3.729675949404042e-08
-0.0004743010978708,3.7296759494040416e-08
-0.0004743010978708,3.729675949416324e-08
5.848603084486666e+35,-8.738096521682555e+31
-0.00047430109787045604,3.7298536119513556e-08
-0.0004743010978708,3.7296759502228683e-08
-0.0004743010978708,3.7296759494040416e-08
-0.0004743010978708,3.7296759494040416e-08
-0.0004743010978708,3.7296759494040416e-08
-0.0004743010978708,3.7296759494040416e-08
-0.0004743010978708,3.729675949408595e-08
-0.0004743010173624648,3.729674746571927e-08
-0.0004743010978708,3.729675951605549e-08
-0.0004743010978708,3.7296759494040416e-08
-0.0004743010978708,3.7296759494040416e-08
-0.0004743010978708,3.7296759494040416e-08
-107374182.80151391,16046.021311557983
-0.0004743010978704874,3.729835848372389e-08
-0.0004743010978708,3.7296759494043685e-08
-0.0004743010978708,3.7296759494040416e-08
-0.0004743010978708,3.7296759494040416e-08
-0.0004743010978708,3.7296759494040416e-08
1.5606424217346496e+24,1.0445728150162915e+28
-0.0004743010978708,3.7296759494085104e-08
-0.00047430109786940686,3.730608418339442e-08
-0.00047430109787077875,3.729675949403753e-08
-0.0004743010978708,3.7296759494040416e-08
-0.0004743010978708,3.7296759494040416e-08
-0.0004743010978708,3.7296759494040416e-08
9.322137548447294e-05,3.798554653791226
-0.0004743010978705133,3.7298266112303724e-08
-0.00047430109787079995,3.729675949404041e-08
-0.0004743010978708,3.7296759494040416e-08
-0.0004743010978708,3.729675949404042e-08
-0.0004743010978708,3.7296759494040416e-08
-0.0004743010978708,3.7296759494040416e-08
-0.0004743010978708,3.7296759494080445e-08
-0.00047430109732960623,3.730372391471935e-08
-0.0004743010978708,3.7296759494040416e-08
-0.0004743010978708,3.7296759494040416e-08
-0.0004743010978708,3.7296759494040416e-08
-0.0004743010978708,3.7296759494040416e-08
5.848603084486666e+35,-8.738096521682555e+31
-0.00047430109787074146,3.7296759494075297e-08
-0.00047430109227047126,3.729675865732416e-08
-0.0004743010978708,3.7296759494040416e-08
-0.0004743010978708,3.729675949404043e-08
-0.0004743010978708,3.729675949404097e-08
-0.0004743010978708,3.7296759494040416e-08
-0.0004743010978708,3.7296759494066575e-08
-0.0004743010949991569,3.730002815229734e-08
-0.0004743010978708,3.7296759494040416e-08
-0.0004743010978708,3.7296759494040416e-08
-0.0004743010978708,3.7296759494040416e-08
-0.0004743010978708,3.7296759494040416e-08
-2.3021535502623438e+20,3.4395290019398132e+16
-0.0004743010978705727,3.729791794571767e-08
-0.00047430109787079995,3.7296759494041634e-08
-0.0004743010978708,3.7296759494040416e-08
-0.0004743010978708,3.729675949404043e-08
-0.0004743010978708,3.7296759494040416e-08
-0.0004743010978708,3.7296759494040416e-08
-0.0004743010978708,3.729675949405079e-08
-0.0004743010978708,3.7296759494040416e-08
-0.0004743010978708,3.7296759494040416e-08
-0.0004743010978708,3.7296759494040416e-08
-0.0004743010978708,3.7296759494040416e-08
-0.0004743010978708,3.7296759494040416e-08
9.355198416116986e-05,3.8004882284399253
-0.0004743010978707397,3.729675949407123e-08
-0.00047430109787079995,3.729675951594635e-08
-0.0004743010978708,3.7296759494040416e-08
-0.0004743010978708,3.729675949404043e-08
-0.0004743010978708,3.7296759494040416e-08
142828747205.90155,-21339307.200835794
-0.0004743010978708,3.729675949404698e-08
-0.0004743010978708,3.729675949412175e-08
-0.0004743010978708,3.7296759494040416e-08
-0.0004743010978708,3.7296759494040416e-08
-0.0004743010978708,3.7296759494040416e-08
-0.0004743010978704985,3.7298777773658527e-08
9.360800463608331e-05,3.801142449019912
-0.00047430109787079995,3.729675949404041e-08
-0.0004743010978708,3.729675951865687e-08
-0.0004743010978708,3.7296759494040416e-08
-0.0004743010978708,3.7296759494040436e-08
-0.0004743010978708,3.7296759494040416e-08
2.414565440798521e+18,-360747781561386.3
-0.0004743010978708,3.729675949404711e-08
-0.0004743010977681979,3.729675947880309e-08
-0.0004743010978708,3.7296759494040416e-08
-0.0004743010978708,3.7296759494040416e-08
-0.0004743010978708,3.7296759494040416e-08
-0.0004743010978708,3.7296759494040416e-08
-2.3021535502623438e+20,3.4395290019398132e+16
-0.0004743010978707999,3.729675949407217e-08
-0.00047430109787079995,3.729675951539919e-08
-0.0004743010978708,3.7296759494040416e-08
-0.0004743010978708,3.729675949404043e-08
-0.0004743010978708,3.7296759494040416e-08
8655.25626503591,-1.293137276276099
-0.0004743010978708,3.729675949404379e-08
-0.00047430109774197917,3.7296759474926945e-08
-0.0004743010978708,3.7296759494040416e-08
-0.0004743010978708,3.7296759494040416e-08
-0.0004743010978708,3.7296759494040416e-08
8.625526960660382,-0.0012887291066459579
9.384379050076741e-05,3.8024413534181267
-0.00047430109787075463,3.7296815013496574e-08
-0.0004743010978708,3.7296759494042944e-08
-0.0004743010978708,3.7296759494040416e-08
-0.0004743010978708,3.729675949404043e-08
-0.0004743010978708,3.7296759494040416e-08
-0.0004743010978403712,3.7296759489494205e-08
-0.0004743010978708,3.729675949404243e-08
-0.0004743010978707998,3.7296759494222535e-08
-0.00047430109787077333,3.729675949403643e-08
-0.0004743010978708,3.7296759494040416e-08
-0.0004743010978708,3.7296759494040416e-08
-0.0004743010978708,3.7296759494040416e-08
9.389689006261367e-05,3.803076023674845
-0.00047430109787079973,3.7296759494269135e-08
-0.0004743010978708,3.7296759494040416e-08
-0.0004743010978708,3.7296759494040416e-08
-0.0004743010978708,3.729675949404042e-08
-0.0004743010978708,3.7296759494073874e-08
-0.0004743010978708,3.7296759494040416e-08
-0.0004743010978708,3.729675949404257e-08
-0.0004743010978707997,3.729675949404037e-08
-0.0004743010978708,3.7296759494040416e-08
-0.0004743010978708,3.7296759494040416e-08
-0.0004743010978708,3.7296759494040416e-08
-0.0004743010978708,3.7296759494040416e-08
-3.21864394815985e+26,4.808810083650722e+22
-0.0004743010978708,3.7296759494040416e-08
-0.0004743010978708,3.729675949404072e-08
-0.0004743010978707998,3.729675949404038e-08
-0.0004743010978708,3.7296759494040416e-08
-0.0004743010978708,3.7296759494040416e-08
-0.0004743010978708,3.7296759494040416e-08
-0.0004743010978708,3.729675949404248e-08
-0.00047430109787079946,3.7296759494040337e-08
-0.0004743010978708,3.7296759494040416e-08
-0.0004743010978708,3.7296759494040416e-08
-0.0004743010978708,3.7296759494040416e-08
-0.0004743010978708,3.729675949415817e-08
89128.96003683117,-9.511923743694895
-0.0004743010978707994,3.729675949404033e-08
-0.0004743010978708,3.729675949412514e-08
-0.0004743010978708,3.7296759494040416e-08
-0.0004743010978708,3.7296759494040416e-08
-0.0004743010978708,3.7296759494040416e-08
-0.0004743010978708,3.7296759494040416e-08
-0.0004743010978708,3.729675949404223e-08
-0.00047430109786975196,3.7296759493899934e-08
-0.0004743010978708,3.7296759494040416e-08
-0.0004743010978708,3.7296759494040416e-08
-0.0004743010978708,3.7296759494040416e-08
-0.0004743010978708,3.7296759494040416e-08
9.418869640221122e-05,3.8050291486530465
-0.0004743010978707989,3.729676110412211e-08
-0.00047430109787079984,3.729676052131677e-08
-0.0004743010978708,3.7296759494040416e-08
-0.0004743010978708,3.729675949404043e-08
-0.0004743010978708,3.7296759494040416e-08
-0.0004743010978708,3.7296759494040416e-08
-0.0004743010978708,3.729675949404264e-08
-0.0004743010978708,3.729675949406318e-08
-0.0004743010978708,3.7296759494040436e-08
-0.0004743010978708,3.7296759494040416e-08
-0.0004743010978708,3.7296759494040416e-08
-0.0004743010978708,3.7296759494040416e-08
-3.21864394815985e+26,4.808810083650722e+22
-0.0004743010978708,3.72967594940563e-08
-0.0004743010978708,3.7296759494040416e-08
-0.0004743010978708,3.7296759494040416e-08
-0.0004743010978708,3.7296759494040416e-08
-0.0004743010978708,3.7296759494040416e-08
-0.0004743010978407372,3.7296759489548885e-08
-0.0004743010978708,3.729675949404247e-08
-0.0004743010978708,3.729675949404878e-08
-0.0004743010978708,3.729675949404043e-08
-0.0004743010978708,3.7296759494040416e-08
-0.0004743010978708,3.7296759494040416e-08
-0.0004743010978708,3.7296759494040416e-08
89128.96003712298,-9.509970618716693
-0.0004743010978708,3.729675949406117e-08
-0.0004743010978708,3.7296759494040416e-08
-0.0004743010978708,3.7296759494040416e-08
-0.0004743010978708,3.729675949404043e-08
-0.0004743010978708,3.7296759494040416e-08
579939133111.3544,-86645717.76582965
-0.0004743010978708,3.729675949404078e-08
-0.000474301097869995,3.729675949392988e-08
-0.0004743010978708,3.729675949404106e-08
-0.0004743010978708,3.7296759494040416e-08
-0.0004743010978708,3.7296759494040416e-08
-0.0004743010978708,3.7296759494040416e-08
9.447754806829955e-05,3.8069627233079846
-0.0004743010978707955,3.7296759801150336e-08
-0.00047430109787079366,3.729675949403947e-08
-0.0004743010978708,3.7296759494040416e-08
-0.0004743010978708,3.729675949404212e-08
-0.0004743010978708,3.729675949404092e-08
-0.0004743010978708,3.7296759494040416e-08
-0.0004743010978708,3.729675949404108e-08
-0.0004743010978708,3.7296759494040416e-08
-0.0004743010978708,3.7296759494040416e-08
-0.0004743010978708,3.7296759494040416e-08
-0.0004743010978708,3.7296759494040416e-08
-0.00047430109787079995,3.729675949404041e-08
9.45753611747127e-05,3.807617182300309
-0.0004743010978707949,3.7296759494039655e-08
-0.0004743010978708,3.729675949404086e-08
-0.0004743010978708,3.7296759494040416e-08
-0.0004743010978708,3.729675949404044e-08
-0.0004743010978708,3.7296759494040416e-08
-0.0004743010978708,3.7296759494040416e-08
-0.0004743010978708,3.729675949404149e-08
-0.0004743010978706785,3.729675949402227e-08
-0.0004743010978708,3.7296759494040436e-08
-0.0004743010978708,3.7296759494040416e-08
-0.0004743010978708,3.7296759494040416e-08
-0.0004743010978708,3.7296759494040416e-08
126443838076.77252,-18891318.542146105
-0.0004743010978707974,3.7296759494040026e-08
-0.00047430109787079995,3.729675949404263e-08
-0.0004743010978708,3.7296759494040416e-08
-0.0004743010978708,3.729675949404042e-08
-0.0004743010978708,3.7296759494040416e-08
-0.0004743010978708,3.7296759494040416e-08
-0.0004743010978708,3.72967594940417e-08
-0.0004743010978707629,3.729675953329186e-08
-0.0004743010978708,3.7296759494040416e-08
-0.0004743010978708,3.7296759494040416e-08
-0.0004743010978708,3.7296759494040416e-08
-0.0004743010978708,3.7296759494040416e-08
9.47693544078971e-05,3.808915848286186
-0.0004743010978707992,3.72967595356817e-08
-0.0004743010978707705,3.729675949403601e-08
-0.0004743010978708,3.7296759494040416e-08
-0.0004743010978708,3.729675949404042e-08
-0.0004743010978708,3.729675949404092e-08
-0.0004743010978708,3.7296759494040416e-08
-0.0004743010978708,3.72967594940418e-08
-0.00047430109787075577,3.729675953589286e-08
-0.00047430109787079995,3.729675949404041e-08
-0.0004743010978708,3.7296759494040416e-08
-0.0004743010978708,3.7296759494040416e-08
-0.0004743010978708,3.7296759494040416e-08
9.486424660124307e-05,3.8095507569552423
-0.0004743010978707992,3.729675949404029e-08
-0.0004743010978708,3.7296759494040416e-08
-0.0004743010978708,3.7296759494040416e-08
-0.0004743010978708,3.72967594940405e-08
-0.0004743010978708,3.7296759494040416e-08
-0.0004743010978708,3.7296759494040416e-08
-0.0004743010978708,3.729675949404098e-08
-0.0004743010978708,3.7296759494040416e-08
-0.0004743010978708,3.7296759494040416e-08
-0.0004743010978708,3.7296759494040416e-08
-0.0004743010978708,3.7296759494040416e-08
-0.0004743010978708,3.7296759494040416e-08
2.720082991716736e+23,-4.063935846775632e+19
-0.0004743010978707992,3.729675949404029e-08
-0.0004743010978708,3.7296759494094646e-08
-0.0004743010978708,3.7296759494040416e-08
-0.0004743010978708,3.7296759494040436e-08
-0.0004743010978708,3.7296759494040416e-08
146037537186.08856,-21818715.978618205
-0.0004743010978708,3.729675949404081e-08
-0.0004743010978708,3.7296759494040416e-08
-0.0004743010978708,3.7296759494040416e-08
-0.0004743010978708,3.7296759494040416e-08
-0.0004743010978708,3.7296759494040416e-08
-0.0004743010978708,3.7296759494040416e-08
4.501090692155072e-05,3.810859205580286
-0.0004743010978707993,3.729675949404031e-08
-0.0004743010978708,3.7296759494040416e-08
-0.0004743010978708,3.7296759494040416e-08
-0.0004743010978708,3.7296759494040416e-08
-0.0004743010978708,3.7296759494040416e-08
-0.0004743010978708,3.7296759494040416e-08
-0.0004743010978708,3.7296759494040866e-08
-0.0004743010978708,3.7296759494040416e-08
-0.0004743010978708,3.7296759494042137e-08
-0.0004743010978708,3.7296759494040416e-08
-0.0004743010978708,3.7296759494040416e-08
-0.0004743010978708,3.7296759494040416e-08
9.515605294084062e-05,3.8115038819334437
-0.0004743010978707992,3.72967594940403e-08
-0.0004736078498633897,0.004640100981559951
-0.0004743010978708,3.7296759494040416e-08
-0.0004743010978708,3.729675949404043e-08
-0.0004743010978708,3.7296759494040416e-08
-0.0004743010978708,3.7296759494040416e-08
-0.0004743010978708,3.729675949404095e-08
-0.0004743010978708,3.7296759494040416e-08
-0.0004743010978707999,3.72967594940404e-08
-0.0004743010978708,3.7296759494040416e-08
-0.0004743010978708,3.7296759494040416e-08
2256.2546274701804,-0.3370954121980244
2.720082991716736e+23,-4.063935846775632e+19
-0.00047430109787079924,3.7296759494040303e-08
-0.0004743010978708,3.7296759494040416e-08
-0.0004743010978708,3.7296759494040416e-08
-0.0004743010978708,3.729675949404043e-08
-0.0004743010978708,3.7296759494040416e-08
-0.0004743010978708,3.7296759494040416e-08
-0.0004743010978708,3.7296759494041025e-08
-0.0004743010978708,3.7296759494040416e-08
-0.00047430109787079995,3.729675949404041e-08
-0.0004743010978708,3.7296759494040416e-08
-0.0004743010978708,3.7296759494040416e-08
-0.0004743010978708,3.7296759494040416e-08
-71.67990415508224,3.8235118873171565
-0.00047430109787079946,3.7296759494040337e-08
-0.0004743010978708,3.7296759494040416e-08
-0.0004743010978708,3.7296759494040416e-08
-0.0004743010978708,3.7296759494040416e-08
-0.0004743010978708,3.7296759494040416e-08
-0.00047430070797148686,2.6469799092567163e-06
-0.0004743010978708,3.729675949404114e-08
-0.0004743010978708,3.7296759494040416e-08
-0.0004743010978708,3.729675949404042e-08
-0.0004743010978708,3.7296759494040456e-08
-0.0004743010978708,3.7296759494040416e-08
-0.0004743010978708,3.7296759494040416e-08
9.544639882390457e-05,3.813447231750011
-0.00047430109787079914,3.729675949404029e-08
-0.0004743010978708,3.7296759494040416e-08
-0.0004743010978708,3.7296759494040416e-08
-0.0004743010978708,3.7296759494040416e-08
-0.0004743010978708,3.7296759494040416e-08
-0.00047430109787079995,3.729675995897367e-08
-0.0004743010978708,3.7296759494041217e-08
-0.0004743010978708,3.7296759494040416e-08
-0.0004743010978708,3.729675949404042e-08
-0.0004743010978708,3.7296759494040416e-08
-0.0004743010978708,3.7296759494040416e-08
-0.0004743010978708,3.7296759494040416e-08
5.848603084486666e+35,-8.738096521682555e+31
-0.000474301097870799,3.729675949404026e-08
-0.0004743010978708,3.7296759494040416e-08
-0.0004743010978708,3.7296759494040416e-08
-0.0004743010978708,3.7296759494040416e-08
-0.0004743010978708,3.7296759494040416e-08
-0.0004743010978708,3.7296759494040416e-08
-0.0004743010978708,3.729675949404137e-08
-0.0004743010978708,3.7296759494040416e-08
-0.0004743010978708,3.729675949404188e-08
-0.0004743010978708,3.7296759494040416e-08
-0.0004743010978708,3.7296759494040416e-08
-0.0004743010978708,3.7296759494040416e-08
-107374182.80151139,16046.03815726092
-0.00047430109787079887,3.729675949404025e-08
-0.0004743010978708,3.7296759494040416e-08
-0.0004743010978708,3.7296759494040416e-08
-0.0004743010978708,3.7296759494040416e-08
-0.0004743010978708,3.7296759494040416e-08
2.109330305634343,-0.0003151777388516069
-0.0004743010978708,3.729675949404232e-08
-0.0004743010978708,3.7296759494040416e-08
-0.0004743010978708,3.729675949417006e-08
-0.0004743010978708,3.7296759494040416e-08
-0.0004743010978708,3.7296759494040416e-08
-0.0004743010978708,3.7296759494040416e-08
9.573820516350223e-05,3.8154003567282126
-0.000474301097870799,3.7296759494040264e-08
-0.0004743010978708,3.7296759494040416e-08
-0.0004743010978708,3.7296759494040416e-08
-0.0004743010978708,3.7296759494040416e-08
-0.0004743010978708,3.7296759494040416e-08
-0.0004743010978708,3.7296759494040416e-08
-0.0004743010978708,3.729675949404497e-08
-0.0004743010978708,3.7296759494040416e-08
-0.0004743010978708,3.7296759494040416e-08
-0.0004743010978708,3.7296759494040416e-08
-0.0004743010978708,3.7296759494040416e-08
-0.0004743010978708,3.7296759494040416e-08
9.583302797551495e-05,3.8160350269786973
-0.00047430109787079903,3.729675949404027e-08
-0.0004743010978708,3.7296759494040416e-08
-0.0004743010978708,3.7296759494040416e-08
-0.0004743010978708,3.7296759494040416e-08
-0.0004743010978708,3.7296759494040416e-08
-0.0004743010978708,3.729675949404042e-08
-0.0004743010978708,3.7296759494044995e-08
-0.0004743010978708,3.7296759494040416e-08
-0.0004743010978708,3.7296759494196316e-08
-0.0004743010978708,3.7296759494040416e-08
-0.0004743010978708,3.7296759494040416e-08
-0.0004743010978705049,3.7298734864840144e-08
-151996491767133.72,22709012683.122406
-0.0004743010978707989,3.729675949404026e-08
-0.0004743010978708,3.7296759494040416e-08
-0.0004743010978708,3.7296759494040416e-08
-0.0004743010978708,3.729675949404043e-08
-0.0004743010978708,3.7296759494040416e-08
150357604721.87268,-22464155.01017085
-0.0004743010978708,3.7296759494043235e-08
-0.0004743010978708,3.7296759494040416e-08
-0.0004743010978707989,3.7296759494054445e-08
-0.0004743010978708,3.7296759494040416e-08
-0.0004743010978708,3.7296759494040416e-08
-0.0004743010978708,3.7296759494040416e-08
9.606881384019905e-05,3.817333931376912
-0.00047430109787079914,3.729675949404029e-08
-0.0004743010978708,3.7296759494040416e-08
-0.0004743010978708,3.729675949404042e-08
-0.0004743010978708,3.729675949404043e-08
-0.0004743010978708,3.7296759494040416e-08
-0.0004743009705022274,3.729674046455825e-08
-0.0004743010978708,3.729675949404268e-08
-0.0004743010978708,3.7296759494040416e-08
-0.0004743010978708,3.729675949404227e-08
-0.0004743010978708,3.7296759494040416e-08
-0.0004743010978708,3.7296759494040416e-08
-0.0004743010978708,3.7296759494040416e-08
9.61248343151126e-05,3.817988151956899
-0.0004743010978707992,3.72967594940403e-08
-0.0004743010978708,3.7296759494040416e-08
-0.0004743010978708,3.7296759494040614e-08
-0.0004743010978708,3.729675949404051e-08
-0.0004743010978708,3.7296759494040416e-08
-0.0004743010978703246,3.729675949396939e-08
-0.0004743010978708,3.7296759494043645e-08
-0.0004743010978708,3.7296759494040416e-08
-0.0004743010978708,3.729675949404047e-08
-0.0004743010978708,3.729675949404043e-08
-0.0004743010978708,3.7296759494040416e-08
-0.0004743010978708,3.7296759494040416e-08
-2.3021535502623438e+20,3.4395290019398132e+16
-0.0004743010978707983,3.7296759494040165e-08
-0.0004743010978708,3.7296759494040416e-08
-0.0004743010978708,3.7296759494040416e-08
-0.0004743010978708,3.7296759494040476e-08
-0.0004743010978708,3.7296759494040416e-08
-0.0004743010978708,3.7296759494040416e-08
-0.0004743010978708,3.729675949404341e-08
-0.0004743010978708,3.7296759494040416e-08
-0.0004743010978708,3.7296759494040436e-08
-0.0004743010978708,3.729675949404069e-08
-0.0004743010978708,3.7296759494040416e-08
-0.0004743010978708,3.7296759494040416e-08
0.05884631663175837,3.81926850366504
-0.0004743010978707979,3.72967594940401e-08
-0.0004743010978708,3.7296759494040416e-08
-0.0004743010978708,3.729675949404044e-08
-0.0004743010978708,3.7296759494040654e-08
-0.0004743010978708,3.7296759494040416e-08
-0.0004743010978708,3.7296759494040416e-08
-0.0004743010978708,3.7296759494043275e-08
-0.0004743010978708,3.7296759494040416e-08
-0.0004743010978708,3.7296759494040436e-08
-0.0004743010978708,3.729675949404047e-08
-0.0004743010978708,3.7296759494040416e-08
-0.0004743010978708,3.7296759494040416e-08
9.641371974164286e-05,3.819921726611832
-0.0004743010978707982,3.7296759494040145e-08
-0.0004743010978708,3.7296759494040416e-08
-0.0004743010978708,3.7296759494040436e-08
-0.0004743010978708,3.7296759494040416e-08
-0.0004743010978708,3.7296759494040416e-08
-0.0004743010978708,3.729675949404042e-08
-0.0004743010978708,3.729675949404292e-08
-0.0004743010838851516,3.729675740451675e-08
-0.00047430109777707604,3.7296759480037625e-08
-0.0004743010978708,3.7296759494040476e-08
-0.0004743010978708,3.7296759494040416e-08
-0.0004743010978708,3.7296759494040416e-08
-3.21864394815985e+26,4.808810083650722e+22
-0.0004743010978707983,3.729675949404017e-08
-0.0004743010978708,3.7296759494040416e-08
-0.0004743010978708,3.7296759494040436e-08
-0.0004743010978708,3.7296759494040416e-08
-0.0004743010978708,3.7296759494040416e-08
-0.0004743010978708,3.7296759494040416e-08
-0.0004743010978708,3.7296759494042745e-08
-0.0004743010897389628,3.730386484582107e-08
-0.0004743010978708,3.729675949404044e-08
-0.0004743010978708,3.7296759494040694e-08
-0.0004743010978708,3.7296759494040416e-08
-0.0004743010978708,3.7296759494040416e-08
89128.960039348,-9.495078040757909
-0.0004743010978707984,3.729675949404018e-08
-0.00047430109121816784,3.7301790409078405e-08
-0.0004743010978708,3.729675949404338e-08
-0.0004743010978708,3.7296759494040416e-08
-0.0004743010978708,3.7296759494040416e-08
-0.0004743010978708,3.7296759494040416e-08
-0.0004743010978708,3.7296759494042176e-08
-0.00047430109025161705,3.7296758355697545e-08
-0.00047430109431741266,3.729675896314712e-08
-0.0004743010978708,3.7296759494040416e-08
-0.0004743010978708,3.7296759494040416e-08
-0.0004743010978708,3.7296759494040416e-08
9.670552608124052e-05,3.8218748515900334
-0.0004743010978707985,3.729675949404019e-08
-0.0004743010978708,3.7296759494040416e-08
-0.0004743010978708,3.729675949404045e-08
-0.0004743010978708,3.7296759494040416e-08
-0.0004743010978708,3.7296759494040416e-08
-0.0004743010978708,3.7296759494040416e-08
-0.0004743010978708,3.729675949404207e-08
-0.0004743010978708,3.7296759494040416e-08
-0.0004743010978707845,3.729686343326248e-08
-0.0004743010978708,3.7296759494040416e-08
-0.0004743010978708,3.7296759494040416e-08
-0.0004743010978708,3.7296759494040416e-08
-4.932681898657894e+32,7.3696658703951265e+28
-0.0004743010978707987,3.7296759494040224e-08
-0.0004743010978708,3.7296759494040416e-08
-0.0004743010978708,3.729675949404047e-08
-0.0004743010978708,3.7296759494040416e-08
-0.0004743010978708,3.7296759494040416e-08
-0.0004743010978708,3.7296759494040416e-08
-0.0004743010978708,3.729675949404227e-08
-0.0004743010978708,3.7296759494040416e-08
-0.0004743010978708,3.7296759494040416e-08
-0.0004743010978708,3.7296759494040416e-08
-0.0004743010978708,3.7296759494040416e-08
-0.0004743010978708,3.7296759494040416e-08
126443838076.77252,-18891318.527253527
-0.000474301097870799,3.729675949404026e-08
-0.0004743010978708,3.7296759494040416e-08
-0.00047430109441679453,3.7296758977995254e-08
-0.00047430109787013723,3.730119571838221e-08
-0.0004743010978708,3.7296759494040416e-08
-0.0004743010978708,3.7296759494040416e-08
-0.0004743010978708,3.7296759494041945e-08
-0.00047429926405327823,3.729648551281315e-08
-0.0004743010978707594,3.7297031365809435e-08
-0.0004743010978708,3.7296759494040416e-08
-0.0004743010978708,3.7296759494040416e-08
-0.0004743010978708,3.7296759494040416e-08
9.699437774732885e-05,3.8238084262449714
-0.00047430109787079887,3.7296759494040244e-08
-0.0004743010978708,3.7296759494040416e-08
-0.0004743010978708,3.7296759494040416e-08
-0.00047430109704840664,3.730642762619071e-08
-0.0004743010978708,3.7296759494040416e-08
-0.0004743010978708,3.7296759494040416e-08
-0.0004743010978708,3.729675949404178e-08
-0.0004743010978708,3.7296759494040416e-08
-0.00047430109787056,3.729836567600678e-08
-0.00047430109644204586,3.729751270189141e-08
-0.0004743010978708,3.7296759494040416e-08
-0.0004743010978708,3.7296759494040416e-08
9.7092190853742e-05,3.824462885237296
-0.0004743010978707989,3.729675949404026e-08
-0.0004743010978708,3.7296759494040416e-08
-0.0004743010978708,3.7296759494040416e-08
-0.00047430108752088794,3.729719508356011e-08
-0.0004743010978708,3.7296759494040416e-08
-0.0004743010978708,3.7296759494040416e-08
-0.0004743010978708,3.7296759494041667e-08
-0.0004743010978708,3.7296759494040416e-08
-0.0004743010978708,3.7296759494040416e-08
-0.0004743010976584685,3.7296764043905196e-08
-0.0004743010978708,3.7296759494040416e-08
-0.0004743010978708,3.7296759494040416e-08
126443838076.77252,-18891318.525300402
-0.00047430109787079903,3.729675949404027e-08
-0.0004743010978708,3.7296759494040416e-08
-0.0004743010978708,3.7296759494040416e-08
-0.0004743010969527145,3.730307141025503e-08
-0.0004743010978708,3.7296759494040416e-08
-0.0004743010978708,3.7296759494040416e-08
-0.0004743010978708,3.729675949404196e-08
-0.0004743010978708,3.7296759494040416e-08
-0.0004743010978708,3.7296759494040416e-08
-0.0004743010978707994,3.729676354827082e-08
-0.0004743010978708,3.7296759494040416e-08
-0.0004743010978708,3.7296759494040416e-08
4.723593026098247e-05,3.825751783539071
-0.00047430109787079914,3.729675949404029e-08
-0.0004743010978708,3.7296759494040416e-08
-0.0004743010978708,3.7296759494040416e-08
-0.00047430109786919376,3.729677848811808e-08
-0.0004743010978708,3.7296759494040416e-08
-0.0004743010978708,3.7296759494040416e-08
-0.0004743010978708,3.7296759494040416e-08
-0.0004743010978708,3.7296759494040416e-08
-0.0004743010978708,3.7296759494040416e-08
-0.0004743010978707991,3.729676551891159e-08
-0.0004743010978708,3.7296759494040416e-08
-0.0004743010978708,3.7296759494040416e-08
9.738253673680596e-05,3.826406235053863
-0.0004743010978707992,3.729675949404029e-08
-0.0004743010978708,3.7296759494040416e-08
-0.0004743010978708,3.7296759494040416e-08
-0.0004743010978682177,3.7296759493654606e-08
-0.0004743010978708,3.7296759494040416e-08
-0.0004743010978708,3.7296759494040416e-08
-0.0004743010978708,3.7296759494040416e-08
-0.0004743010978708,3.7296759494040416e-08
-0.0004743010978708,3.7296759494040416e-08
-0.00047430109787079957,3.729676238157358e-08
-0.0004743010978708,3.7296759494040416e-08
-0.0004743010978708,3.7296759494040416e-08
2.720082991716736e+23,-4.063935846775632e+19
-0.00047430109787079914,3.729675949404029e-08
-0.0004743010978708,3.7296759494040416e-08
-0.0004743010978707993,3.729676421409292e-08
-0.00047430109786738433,3.729676390903625e-08
-0.0004743010978708,3.7296759494040416e-08
-0.0004743010978708,3.7296759494040416e-08
-0.0004743010978708,3.7296759494040416e-08
-0.00047430093867482595,3.7296735709390184e-08
-0.0004743010978697382,3.730386633511833e-08
-0.000474301097864607,3.729677143182445e-08
-0.0004743010978708,3.7296759494040416e-08
-0.0004743010978708,3.7296759494040416e-08
4.752773660058002e-05,3.8277049085172723
-0.0004743010978707991,3.7296765823307694e-08
-0.0004743010978708,3.7296759494040416e-08
-0.00047430104169734935,3.729675110145458e-08
-0.0004743010978704371,3.729676095174262e-08
-0.0004743010978708,3.7296759494040416e-08
-0.0004743010978708,3.7296759494040416e-08
-0.0004743010978708,3.729675949404128e-08
-0.0004743010978708,3.7296759494040416e-08
-0.0004743010978708,3.7296759494040416e-08
-0.00047430109785936113,3.729676012747736e-08
-0.0004743010978708,3.7296759494040416e-08
-0.0004743010978708,3.7296759494040416e-08
9.767288261986991e-05,3.8283495848704305
-0.00047430109787079903,3.7296766045351876e-08
0.004470822415114374,-7.015286650372091e-07
-0.00047430109787079924,3.729676460266123e-08
-0.00047430109787079957,3.72967622568969e-08
-0.0004743010978708,3.7296759494040416e-08
-0.0004743010978708,3.7296759494040416e-08
-0.0004743010978708,3.7296759494041104e-08
-0.00047429919102169826,3.7296474601541085e-08
-0.0004743010978708,3.7296759494040416e-08
-0.00047430109785664114,3.7296759896233854e-08
-0.0004743010978708,3.7296759494040416e-08
-0.0004743010978708,3.7296759494040416e-08
4.056481784786893e+29,-6.06058042610804e+25
-0.00047430109787079914,3.729676524043892e-08
0.0026086126799709937,-4.233055034678858e-07
-0.0004743010978115511,3.7297839917818775e-08
-0.0004743010978703974,3.729675976300907e-08
-0.0004743010978708,3.7296759494040416e-08
-0.0004743010978708,3.7296759494040416e-08
-0.0004743010978708,3.7296759494040985e-08
-0.00047430109649208006,3.7296759288052975e-08
-0.0004743010978708,3.7296759494040416e-08
-0.0004743010978604714,3.7296759992333904e-08
-0.0004743010978708,3.7296759494040416e-08
-0.0004743010978708,3.7296759494040416e-08
-107374182.80150917,16046.053049838878
-0.000474301097870799,3.729676646168254e-08
0.0014409944890944634,-2.4885768567334e-07
-0.0004743010978283689,3.7296818577018214e-08
-0.00047430109787045116,3.729675962590062e-08
-0.0004743010978708,3.7296759494040416e-08
-0.0004743010978708,3.7296759494040416e-08
-0.0004743010978708,3.7296759494040926e-08
-0.0004743010978072786,3.7296759484550014e-08
-0.0004743010978708,3.7296759494040416e-08
-0.0004743010978183972,3.7296761200588314e-08
-0.0004743010978708,3.7296759494040416e-08
-0.0004743010978708,3.7296759494040416e-08
9.796322850293387e-05,3.8302929346869976
-0.00047430109787079903,3.7296765934321526e-08
0.0007543485232842658,-1.462694498365074e-07
-0.0004743010978708,3.7296759494040416e-08
-0.00047430109787060555,3.7296760288807586e-08
-0.0004743010978708,3.7296759494040416e-08
-0.0004743010978708,3.7296759494040416e-08
-0.0004743010978708,3.7296759494040866e-08
-0.0004741437510307547,0.0010531934997714933
-0.0004743010978707716,3.729694960837424e-08
-0.000474301097868065,3.7296761124741556e-08
-0.0004743010978708,3.7296759494040416e-08
-0.0004743010978708,3.7296759494040416e-08
5.848603084486666e+35,-8.738096521682555e+31
-0.00047430109787079903,3.729676615636613e-08
0.0003803495213435328,-9.039218597089317e-08
-0.0004743010978708,3.7296759494040416e-08
-0.0004743010978701856,3.729675998690253e-08
-0.0004743010978708,3.7296759494040416e-08
-0.0004743010978708,3.7296759494040416e-08
-0.0004743010978708,3.729675949404084e-08
-0.0004741927875711551,0.0007249793046180553
-0.00047430109638514124,3.7298720370048384e-08
-0.00047430109684717584,3.729676917033224e-08
-0.0004743010978708,3.7296759494040416e-08
-0.0004743010978708,3.7296759494040416e-08
-107374182.80150887,16046.055002963856
-0.0004743010978707992,3.7296764768587364e-08
-0.000474301096911272,3.729675935068228e-08
-0.0004743010978707628,3.7297008285368056e-08
-0.00047430109787059867,3.729675992610244e-08
-0.0004743010978708,3.7296759494040416e-08
-0.0004743010978708,3.7296759494040416e-08
-0.0004743010978708,3.72967594940408e-08
-0.00047430109759712385,3.7297102359658586e-08
-0.0004743010970784413,3.729745233031141e-08
-0.0004743010978595861,3.729676385186152e-08
-0.0004743010978708,3.7296759494040416e-08
-0.0004743010978708,3.7296759494040416e-08
9.82938371796308e-05,3.8322265093356975
-0.00047430109787079935,3.7296763963675254e-08
-6.795665209423618e-05,-2.341307047652704e-08
-0.0004743010978283726,3.729679369523932e-08
-0.00047430109787042156,3.729676043825441e-08
-0.0004743010978708,3.7296759494040416e-08
-0.0004743010978708,3.7296759494040416e-08
-0.0004743010978708,3.7296759494040753e-08
-0.0004743010978707501,3.729709351872828e-08
-0.0004743010978708,3.7296759494040416e-08
-0.0004743010978604155,3.729676262980264e-08
-0.0004743010978708,3.7296759494040416e-08
-0.0004743010978708,3.7296759494040416e-08
9.834985765454424e-05,3.832880729915684
-0.0004743010978707994,3.729676349182751e-08
-0.0004743010978707209,3.729728900384724e-08
-0.0004743010976689028,3.7298323062644785e-08
-0.00047430109786762,3.729676609939237e-08
-0.0004743010978708,3.7296759494040416e-08
-0.0004743010978708,3.7296759494040416e-08
-0.0004743010978708,3.729675949404074e-08
-0.0004742728805832284,0.0001889019021319489
-0.00047430109787072037,3.729729257683546e-08
-0.00047430109785714,3.7296765292914906e-08
-0.0004743010978708,3.7296759494040416e-08
-0.0004743010978708,3.7296759494040416e-08
-2.3021535502623438e+20,3.4395290019398132e+16
-0.00047430109787079946,3.729676304773831e-08
-0.0004743010978708,3.7296759494040416e-08
-0.0004743010978707855,3.7296856774844975e-08
-0.00047430109786947316,3.7296766351785215e-08
-0.0004743010978708,3.7296759494040416e-08
-0.0004743010978708,3.7296759494040416e-08
-0.0004743010978708,3.7296759494040674e-08
-0.000474301095056525,3.729675907357408e-08
-0.0004743010978708,3.7296759494040416e-08
-0.00047430109780593517,3.7296762219204414e-08
-0.0004743010978708,3.7296759494040416e-08
-0.0004743010978708,3.7296759494040416e-08
9.858564351922835e-05,3.8341796343138985
-0.0004743010978707992,3.7296762478256616e-08
-0.0004743010978708,3.7296759494040416e-08
-0.0004743010975136287,3.7296959331429086e-08
-0.00047430109776684957,3.729676425477906e-08
-0.0004743010978708,3.7296759494040416e-08
-0.0004743010978708,3.7296759494040416e-08
-0.0004743010978708,3.729675949404065e-08
-0.00047430109298121436,3.7296758763512615e-08
-0.0004743010978708,3.7296759494040416e-08
-0.00047430109779749785,3.729676016680208e-08
-0.0004743010978708,3.7296759494040416e-08
-0.0004743010978708,3.7296759494040416e-08
9.86416639941418e-05,3.8348338548938856
-0.00047430109787079903,3.7296764046483696e-08
-0.0004743010978708,3.7296759494040416e-08
-0.0004743010978708,3.7296759494040416e-08
-0.0004743010978707985,3.729676960167684e-08
-0.0004743010978708,3.7296759494040416e-08
-0.0004743010978708,3.7296759494040416e-08
-0.0004743010978708,3.7296759494040614e-08
-0.00047430108576105375,3.7296757684785624e-08
-0.0004743010978708,3.7296759494040416e-08
-0.00047430109787003586,3.7296763964430245e-08
-0.0004743010978708,3.7296759494040416e-08
-0.0004743010978708,3.7296759494040416e-08
-3.21864394815985e+26,4.808810083650722e+22
-0.000474301097870799,3.729676454608193e-08
-0.0004743010978708,3.7296759494040416e-08
-0.0004743010978707712,3.729695222875534e-08
-0.00047430109787011213,3.7296763909376875e-08
-0.0004743010978708,3.7296759494040416e-08
-0.0004743010978708,3.7296759494040416e-08
-0.0004743010978708,3.729675949404061e-08
-0.0004743010978708,3.7296759494040416e-08
-0.0004743010978708,3.7296759494040416e-08
-0.00047430109785775515,3.7297129092658844e-08
-0.0004743010978708,3.7296759494040416e-08
-0.0004743010978708,3.7296759494040416e-08
89128.96004157302,-9.480185462799122
-0.0004743010978707998,3.729675949404038e-08
-0.0004743010978708,3.7296759494040416e-08
-0.0004743010975296463,3.72967594430704e-08
-0.00047430109787049404,3.729676285356437e-08
-0.000474301097870473,3.72989481408492e-08
-0.0004743010978708,3.7296759494040416e-08
-0.0004743010978708,3.7296759494040595e-08
-0.0004743010978708,3.7296759494040416e-08
-0.0004743010978708,3.7296759494040416e-08
-0.00047430109786950894,3.7296759493847524e-08
-0.0004743010978708,3.7296759494040416e-08
-0.0004743010978708,3.7296759494040416e-08
9.893054942067216e-05,3.8367674295488188
-0.0004743010978707994,3.72967622004705e-08
-0.0004743010978708,3.7296759494040416e-08
-0.0004743010978708,3.7296759494040416e-08
-0.0004743010977619655,3.729675971904917e-08
-0.0004743010978708,3.7296759494040416e-08
-0.0004743010978708,3.7296759494040416e-08
-0.0004743010978708,3.729675949404057e-08
-0.00047430108900322677,3.729675816918199e-08
-0.00047163310428787337,3.689814831954166e-08
-0.0004743010978696809,3.729676987815082e-08
-0.0004743010978708,3.7296759494040416e-08
-0.0004743010978708,3.7296759494040416e-08
-3.21864394815985e+26,4.808810083650722e+22
-0.0004743010978707996,3.729676117338325e-08
-0.0004743005901770671,3.4354042591458316e-06
-0.0004743010963143376,3.729677097748275e-08
-0.0004743010978704386,3.7296785695250097e-08
-0.0004743010978708,3.7296759494040416e-08
-0.0004743010978708,3.7296759494040416e-08
-0.0004743010978708,3.729675949404055e-08
-0.0004743010978708,3.7296759494040416e-08
-0.0004743010978708,3.7296759494040416e-08
-0.0004743010978687988,3.729919049556599e-08
-0.0004743010978708,3.7296759494040416e-08
-0.0004743010978708,3.7296759494040416e-08
89128.96004186483,-9.478232337820922
-0.0004743010978707997,3.729676084725482e-08
-0.0004743010978708,3.7296759494040416e-08
-0.000474301097870798,3.7296772819842964e-08
-0.0004743010978703518,3.729676204861871e-08
-0.0004743010978708,3.7296759494040416e-08
-0.0004743010978708,3.7296759494040416e-08
-0.0004743010978708,3.7296759494040535e-08
-0.0004743010978708,3.7296759494040416e-08
-0.0004743010978708,3.7296759494040416e-08
-0.0004743010978678154,3.7296759493594506e-08
-0.0004743010978708,3.7296759494040416e-08
-0.0004743010978708,3.7296759494040416e-08
9.92208953037128e-05,3.838710779365386
-0.00047430109787079973,3.7296760673781843e-08
-0.0004743010978708,3.7296759494040416e-08
-0.00047430109787061737,3.729798202760288e-08
-0.0004743010978610259,3.7296759846605353e-08
-0.0004743010978708,3.7296759494040416e-08
-0.0004743010978708,3.7296759494040416e-08
-0.0004743010978708,3.729675949404052e-08
-0.0004743010978708,3.7296759494040416e-08
-0.0004743010978708,3.7296759494040416e-08
-0.00047430109787079914,3.729676521352445e-08
-0.0004743010978708,3.7296759494040416e-08
-0.0004743010978708,3.7296759494040416e-08
9.931721419317364e-05,3.8393554631960813
-0.0004743010978707998,3.729676045173533e-08
-0.0004743010978708,3.7296759494040416e-08
-0.00047430109787076645,3.7296984252956524e-08
-0.00047430109786613436,3.729676424180247e-08
-0.0004743010978708,3.7296759494040416e-08
-0.0004743010978708,3.7296759494040416e-08
-0.0004743010978708,3.7296759494040515e-08
-0.0004743010978708,3.7296759494040416e-08
-0.0004743010978708,3.7296759494040416e-08
-0.0004743010936342341,3.7296758861076934e-08
-0.0004743010978708,3.7296759494040416e-08
-0.0004743010978708,3.7296759494040416e-08
126443838076.77254,-18891318.510407828
-0.0004743010978707998,3.729676022962578e-08
-0.0004743010978708,3.7296759494040416e-08
-0.0004743010978706152,3.729799623628903e-08
-0.0004743010978644129,3.7296768268351815e-08
-0.0004743010978708,3.7296759494040416e-08
-0.0004743010978708,3.7296759494040416e-08
-0.0004743010978708,3.7296759494040495e-08
-0.0004743010978708,3.7296759494040416e-08
-0.0004743010978708,3.7296759494040416e-08
-0.0004743010976673649,3.729704202183305e-08
-0.0004743010978708,3.7296759494040416e-08
-0.0004743010978708,3.7296759494040416e-08
9.951120742635803e-05,3.8406541291819583
-0.00047430109787079984,3.729676016023673e-08
-0.0004743010978708,3.7296759494040416e-08
-0.00047430109787007364,3.730162119573914e-08
-0.0004743010842242357,3.729676098126077e-08
-0.0004743010978708,3.7296759494040416e-08
-0.0004743010978708,3.7296759494040416e-08
-0.0004743010978708,3.729675949404049e-08
-0.0004743010978708,3.7296759494040416e-08
-0.0004743010978708,3.7296759494040416e-08
-0.0004743010978708,3.7296759494040416e-08
-0.0004743010978708,3.7296759494040416e-08
-0.0004743010978708,3.7296759494040416e-08
9.960902053277119e-05,3.841308588174283
-0.00047430109787079995,3.729675949404041e-08
-0.0004743010978708,3.7296759494040416e-08
-0.0004743010978708,3.7296759494040416e-08
-0.00047430109786688414,3.729676171502418e-08
-0.0004743010978708,3.7296759494040416e-08
-0.0004743010978708,3.7296759494040416e-08
-0.0004743010978708,3.729675949404048e-08
-0.0004743010978708,3.7296759494040416e-08
-0.0004743010978708,3.7296759494040416e-08
-0.00047430109787076417,3.729699941887121e-08
-0.0004743010978708,3.7296759494040416e-08
-0.0004743010978708,3.7296759494040416e-08
2.720082991716736e+23,-4.063935846775632e+19
-0.0004743010978707999,3.7296759879180196e-08
-0.0004743010978708,3.7296759494040416e-08
-0.0004743010978708,3.7296759494040416e-08
-0.0004743010977957002,3.729687098515436e-08
-0.0004743010978708,3.7296759494040416e-08
-0.0004743010978708,3.7296759494040416e-08
-0.0004743010978708,3.7296759494040476e-08
-0.0004743010978708,3.7296759494040416e-08
-0.0004743010978708,3.7296759494040416e-08
0.0009681162720184554,-1.782073877454206e-07
-0.0004743010978708,3.7296759494040416e-08
-0.0004743010978708,3.7296759494040416e-08
4.9752759940011656e-05,3.8425974864760577
-0.0004743010978707999,3.729675988611909e-08
-0.0004743010978708,3.7296759494040416e-08
-0.00047392481432695203,0.0025185870629813945
-0.00047430109787078824,3.729683813366256e-08
-0.0004743010978708,3.7296759494040416e-08
-0.0004743010978708,3.7296759494040416e-08
-0.0004743010978708,3.729675949404047e-08
-0.0004743010978708,3.7296759494040416e-08
-0.0004743010978708,3.7296759494040416e-08
-0.0004743010978708,3.7296759494040416e-08
-0.0004743010978708,3.7296759494040416e-08
-0.0004743010978708,3.7296759494040416e-08
9.989790595930155e-05,3.843242162829216
-0.0004743010978707999,3.7296759816730104e-08
-0.0004743010978708,3.7296759494040416e-08
-0.0004743010978708,3.7296759494040416e-08
-0.00047430109787078423,3.7296865222975315e-08
-0.0004743010978708,3.7296759494040416e-08
-0.0004743010978708,3.7296759494040416e-08
-0.0004743010978708,3.729675949404046e-08
-0.0004743010978708,3.7296759494040416e-08
-0.0004743010978708,3.7296759494040416e-08
0.000265979443374588,-7.330474190863785e-08
-0.0004743010978708,3.7296759494040416e-08
-0.0004743010978708,3.7296759494040416e-08
2.720082991716736e+23,-4.063935846775632e+19
-0.00047430109787079995,3.7296759706559586e-08
-0.0004743010978708,3.7296759494040416e-08
-0.0004743010978708,3.7296759494040416e-08
1916.1418539914084,12784784.856408846
-0.0004743010978708,3.7296759494040416e-08
-0.0004743010978708,3.7296759494040416e-08
-0.0004743010978708,3.7296759494040456e-08
-0.0004743010978708,3.7296759494040416e-08
-0.0004743010978708,3.7296759494040416e-08
-0.0004743010978708,3.7296759494040416e-08
-0.0004743010978708,3.7296759494040416e-08
-0.0004743010978708,3.7296759494040416e-08
-71.67989941322922,3.8552501682129288
-0.00047430109787079995,3.729675967706926e-08
-0.0004743010978708,3.7296759494040416e-08
-0.0004743010978708,3.7296759494040416e-08
-0.0004743010978708,3.7296759494040416e-08
-0.0004743010978708,3.7296759494040416e-08
-0.0004743010978708,3.7296759494040416e-08
-0.0004743010978708,3.7296759494040456e-08
-0.0004743010978708,3.7296759494040416e-08
-0.0004743010978708,3.7296759494040416e-08
0.0012198833783567111,-2.1582261388384276e-07
-0.0004743010978708,3.7296759494040416e-08
-0.0004743010978708,3.7296759494040416e-08
0.00010018825184236551,3.845185512645783
-0.00047430109787079995,3.729675965538519e-08
-0.0004743010978708,3.7296759494040416e-08
-0.0004743010978708,3.7296759494040416e-08
-0.0003860521076229075,2.4111932560366057e-08
-0.0004743010978708,3.7296759494040416e-08
-0.0004743010978708,3.7296759494040416e-08
-0.0004743010978708,3.7296759494040456e-08
-0.0004743010978708,3.7296759494040416e-08
-0.0004743010978708,3.7296759494040416e-08
-0.0004743010978708,3.7296759494040416e-08
-0.0004743010978708,3.7296759494040416e-08
-0.0004743010978708,3.7296759494040416e-08
5.848603084486666e+35,-8.738096521682555e+31
-0.00047430109787079995,3.7296759621558096e-08
-0.0004743010978708,3.7296759494040416e-08
-0.0004743010978708,3.7296759494040416e-08
-0.0003779458614720122,2.290082009005798e-08
-0.0004743010978708,3.7296759494040416e-08
-0.0004743010978708,3.7296759494040416e-08
-0.0004743010978708,3.729675949404045e-08
-0.0004743010978708,3.7296759494040416e-08
-0.0004743010978708,3.7296759494040416e-08
-0.0004743010978708,3.7296759494040416e-08
-0.0004743010978708,3.7296759494040416e-08
-0.0004743010978708,3.7296759494040416e-08
-107374182.80150665,16046.069895541816
-0.00047430109787079995,3.729675959422844e-08
-0.0004743010978708,3.7296759494040416e-08
-0.0004743010978708,3.7296759494040416e-08
-0.0004743010978708,3.7296759494040416e-08
-0.0004743010978708,3.7296759494040416e-08
-0.0004743010978708,3.7296759494040416e-08
-0.0004743010978708,3.729675949404045e-08
-0.0004743010978708,3.7296759494040416e-08
-0.0004743010978708,3.7296759494040416e-08
-0.0004743010978708,3.7296759494040416e-08
-0.0004743010978708,3.7296759494040416e-08
-0.0004743010978708,3.7296759494040416e-08
0.00010048005818196317,3.8471386376239844
-0.00047430109787079995,3.729675957341174e-08
-0.0004743010978708,3.7296759494040416e-08
-0.0004743010978708,3.7296759494040416e-08
-0.0004743010978708,3.7296759494040416e-08
-0.0004743010978708,3.7296759494040416e-08
-0.0004743010978708,3.7296759494040416e-08
-0.0004743010978708,3.729675949404044e-08
-0.0004743010978708,3.7296759494040416e-08
-0.0004743010978708,3.7296759494040416e-08
-0.0004743010978708,3.7296759494040416e-08
-0.0004743010978708,3.7296759494040416e-08
-0.0004743010978708,3.7296759494040416e-08
5.848603084486666e+35,-8.738096521682555e+31
-0.0004743010978708,3.7296759494040416e-08
-0.0004743010978708,3.7296759494040416e-08
-0.0004743010978708,3.7296759494040416e-08
-0.0004743010978708,3.7296759494040416e-08
-0.0004743010978708,3.7296759494040416e-08
-0.0004743010978708,3.7296759494040416e-08
-0.0004743010978708,3.7296759494040416e-08
-0.0004743010978708,3.7296759494040416e-08
-0.0004743010978708,3.7296759494040416e-08
-0.0004743010978708,3.7296759494040416e-08
-0.0004743010978708,3.7296759494040416e-08
-0.0004743010978708,3.7296759494040416e-08
-2.3021535502623438e+20,3.4395290019398132e+16
-0.0004743010978708,3.729675955953396e-08
-0.0004743010978708,3.7296759494040416e-08
-0.0004743010978708,3.7296759494040416e-08
-0.0004743010978708,3.7296759494040416e-08
-0.0004743010978708,3.7296759494040416e-08
-0.0004743010978708,3.7296759494040416e-08
-0.0004743010978708,3.729675949404044e-08
-0.0004743010978708,3.7296759494040416e-08
-0.0004743010978708,3.7296759494040416e-08
-0.0004743010978708,3.7296759494040416e-08
-0.0004743010978708,3.7296759494040416e-08
-0.0004743010978708,3.7296759494040416e-08
0.00010081066685865999,3.849072212272684
-0.0004743010978708,3.7296759546519666e-08
-0.0004743010978708,3.7296759494040416e-08
-0.0004743010978708,3.7296759494040416e-08
-0.0004743010978708,3.7296759494040416e-08
-0.0004743010978708,3.7296759494040416e-08
-0.0004743010978708,3.7296759494040416e-08
-0.0004743010978708,3.729675949404044e-08
-0.0004743010978708,3.7296759494040416e-08
-0.0004743010978708,3.7296759494040416e-08
-0.0004743010978708,3.7296759494040416e-08
-0.0004743010978708,3.7296759494040416e-08
-0.0004743010978708,3.7296759494040416e-08
0.00010086668733357354,3.8497264328526706
-0.0004743010978708,3.7296759541532336e-08
-0.0004743010978708,3.7296759494040416e-08
-0.0004743010978708,3.7296759494040416e-08
-0.0004743010978708,3.7296759494040416e-08
-0.0004743010978708,3.7296759494040416e-08
-0.0004743010978708,3.7296759494040416e-08
-0.0004743010978708,3.729675949404044e-08
-0.0004743010978708,3.7296759494040416e-08
-0.0004743010978708,3.7296759494040416e-08
-0.0004743010978708,3.7296759494040416e-08
-0.0004743010978708,3.7296759494040416e-08
-0.0004743010978708,3.7296759494040416e-08
-2.3021535502623438e+20,3.4395290019398132e+16
-0.0004743010978708,3.7296759539147104e-08
-0.0004743010978708,3.7296759494040416e-08
-0.0004743010978708,3.7296759494040416e-08
-0.0004743010978708,3.7296759494040416e-08
-0.0004743010978708,3.7296759494040416e-08
-0.0004743010978708,3.7296759494040416e-08
-0.0004743010978708,3.729675949404044e-08
-0.00047430109198696497,3.729675861496694e-08
-0.0004743010978708,3.7296759494040416e-08
-0.0004743010978708,3.7296759494040416e-08
-0.0004743010978708,3.7296759494040416e-08
-0.0004743010978708,3.7296759494040416e-08
0.00010110247319825765,3.8510253372508854
-0.0004743010978708,3.7296759541098655e-08
-0.0004743010978708,3.7296759494040416e-08
-0.0004743010978708,3.7296759494040416e-08
-0.0004743010978708,3.7296759494040416e-08
-0.0004743010978708,3.7296759494040416e-08
-0.0004743010978708,3.7296759494040416e-08
-0.0004743010978708,3.729675949404044e-08
-0.0004743010978708,3.7296759494040416e-08
-0.0004743010978708,3.7296759494040416e-08
-0.0004743010978708,3.7296759494040416e-08
-0.0004743010978708,3.7296759494040416e-08
-0.0004743010978708,3.7296759494040416e-08
-0.00025766408203981234,1.4499999495878757
-0.0004743010978708,3.72967595358945e-08
-0.0004743010978708,3.7296759494040416e-08
-0.0004743010978708,3.7296759494040416e-08
-0.0004743010978708,3.7296759494040416e-08
-0.0004743010978708,3.7296759494040416e-08
-0.0004743010978708,3.7296759494040416e-08
-0.0004743010978708,3.7296759494040436e-08
-0.0004743010978708,3.7296759494040416e-08
-0.0004743010978708,3.7296759494040416e-08
-0.0004743010978708,3.7296759494040416e-08
-0.0004743010978708,3.7296759494040416e-08
-0.0004743010978708,3.7296759494040416e-08
-0.00020275779120727924,1.8175000122434448
-0.0004743010978708,3.729675953676184e-08
-0.0004743010978708,3.7296759494040416e-08
-0.0004743010978708,3.7296759494040416e-08
-0.0004743010978708,3.7296759494040416e-08
-0.0004743010978708,3.7296759494040416e-08
-0.0004743010978708,3.7296759494040416e-08
-0.0004743010978708,3.729675949404044e-08
-0.0004743010978708,3.7296759494040416e-08
-0.0004743010978708,3.7296759494040416e-08
-0.0004743010978708,3.7296759494040416e-08
-0.0004743010978708,3.7296759494040416e-08
-0.0004743010978708,3.7296759494040416e-08
-0.0001861365472629273,1.9287499347078547
-0.0004743010978708,3.729675952743771e-08
-0.0004743010978708,3.7296759494040416e-08
-0.0004743010978708,3.7296759494040416e-08
-0.0004743010978708,3.7296759494040416e-08
-0.0004743010978708,3.7296759494040416e-08
-0.0004743010978708,3.7296759494040416e-08
-0.0004743010978708,3.7296759494040436e-08
-0.0004743010978708,3.7296759494040416e-08
-0.0004743010978708,3.7296759494040416e-08
-0.0004743010978708,3.7296759494040416e-08
-0.0004743010978708,3.7296759494040416e-08
-0.0004743010978708,3.7296759494040416e-08
-107374182.80178066,16044.235911187285
-0.0004743010978708,3.729675953090715e-08
-0.0004743010978708,3.7296759494040416e-08
-0.0004743010978708,3.7296759494040416e-08
-0.0004743010978708,3.7296759494040416e-08
-0.0004743010978708,3.7296759494040416e-08
-0.0004743010978708,3.7296759494040416e-08
-0.0004743010978708,3.7296759494040436e-08
-0.0004743010978708,3.7296759494040416e-08
-0.0004743010978708,3.7296759494040416e-08
-0.0004743010978708,3.7296759494040416e-08
-0.0004743010978708,3.7296759494040416e-08
-0.0004743010978708,3.7296759494040416e-08
-2.3021535502623438e+20,3.4395290019398132e+16
-0.0004743010978708,3.7296759523100886e-08
-0.0004743010978708,3.7296759494040416e-08
-0.0004743010978708,3.7296759494040416e-08
-0.0004743010978708,3.7296759494040416e-08
-0.0004743010978708,3.7296759494040416e-08
-0.0004743010978708,3.7296759494040416e-08
-0.0004743010978708,3.7296759494040436e-08
-0.0004743010978708,3.7296759494040416e-08
-0.0004743010978708,3.7296759494040416e-08
-0.0004743010978708,3.7296759494040416e-08
-0.0004743010978708,3.7296759494040416e-08
-0.0004743010978708,3.7296759494040416e-08
-4.932681898657894e+32,7.3696658703951265e+28
-0.0004743010978708,3.729675952396827e-08
-0.0004743010978708,3.7296759494040416e-08
-0.0004743010978708,3.7296759494040416e-08
-0.0004743010978708,3.7296759494040416e-08
-0.0004743010978708,3.7296759494040416e-08
-0.0004743010978708,3.7296759494040416e-08
-0.0004743010978708,3.7296759494040436e-08
-0.0004743010978708,3.7296759494040416e-08
-0.0004743010978708,3.7296759494040416e-08
-0.0004743010978708,3.7296759494040416e-08
-0.0004743010978708,3.7296759494040416e-08
-0.0004743010978708,3.7296759494040416e-08
-0.00013739318894786335,2.254999888151261
-0.0004743010978708,3.729675952657034e-08
-0.0004743010978708,3.7296759494040416e-08
-0.0004743010978708,3.7296759494040416e-08
-0.0004743010978708,3.7296759494040416e-08
-0.0004743010978708,3.7296759494040416e-08
-0.0004743010978708,3.7296759494040416e-08
-0.0004743010978708,3.729675949404044e-08
-0.0004743010978708,3.7296759494040416e-08
-0.0004743010978708,3.7296759494040416e-08
-0.0004743010978708,3.7296759494040416e-08
-0.0004743010978708,3.7296759494040416e-08
-0.0004743010978708,3.7296759494040416e-08
-0.00013113684250402755,2.296875011661558
-0.0004743010978708,3.7296759530907135e-08
-0.0004743010978708,3.7296759494040416e-08
-0.0004743010978708,3.7296759494040416e-08
-0.0004743010978708,3.7296759494040416e-08
-0.0004743010978708,3.7296759494040416e-08
-0.0004743010978708,3.7296759494040416e-08
-0.0004743010978708,3.729675949404044e-08
-0.0004743010978708,3.7296759494040416e-08
-0.0004743010978708,3.7296759494040416e-08
-0.0004743010978708,3.7296759494040416e-08
-0.0004743010978708,3.7296759494040416e-08
-0.0004743010978708,3.7296759494040416e-08
-0.00012497389403656197,2.3381250016644275
-0.0004743010978708,3.72967595296061e-08
-0.0004743010978708,3.7296759494040416e-08
-0.0004743010978708,3.7296759494040416e-08
-0.0004743010978708,3.7296759494040416e-08
-0.0004743010978708,3.7296759494040416e-08
-0.0004743010978708,3.7296759494040416e-08
-0.0004743010978708,3.729675949404044e-08
-0.0004743010978708,3.7296759494040416e-08
-0.0004743010978708,3.7296759494040416e-08
-0.0004743010978708,3.7296759494040416e-08
-0.0004743010978708,3.7296759494040416e-08
-0.0004743010978708,3.7296759494040416e-08
-0.00011871758321361722,2.379999886756148
-0.0004743010978708,3.729675953719553e-08
-0.0004743010978708,3.7296759494040416e-08
-0.0004743010978708,3.7296759494040416e-08
-0.0004743010978708,3.7296759494040416e-08
-0.0004743010978708,3.7296759494040416e-08
-0.0004743010978708,3.7296759494040416e-08
-0.0004743010978708,3.729675949404044e-08
-0.0004743010978708,3.7296759494040416e-08
-0.0004743010978708,3.7296759494040416e-08
-0.0004743010978708,3.7296759494040416e-08
-0.0004743010978708,3.7296759494040416e-08
-0.0004743010978708,3.7296759494040416e-08
-0.00011264799710163082,2.420624981670167
-0.0004743010978708,3.729675954001444e-08
-0.0004743010978708,3.7296759494040416e-08
-0.0004743010978708,3.7296759494040416e-08
-0.0004743010978708,3.7296759494040416e-08
-0.0004743010978708,3.7296759494040416e-08
-0.0004743010978708,3.7296759494040416e-08
-0.0004743010978708,3.729675949404044e-08
-0.0004743010978708,3.7296759494040416e-08
-0.0004743010978708,3.7296759494040416e-08
-0.0004743010978708,3.7296759494040416e-08
-0.0004743010978708,3.7296759494040416e-08
-0.0004743010978708,3.7296759494040416e-08
-0.00010639168627868607,2.4624998667618874
-0.0004743010978708,3.729675954608598e-08
-0.0004743010978708,3.7296759494040416e-08
-0.0004743010978708,3.7296759494040416e-08
-0.0004743010978708,3.7296759494040416e-08
-0.0004743010978708,3.7296759494040416e-08
-0.0004743010978708,3.7296759494040416e-08
-0.0004743010978708,3.729675949404044e-08
-0.0004743010978708,3.7296759494040416e-08
-0.0004743010978708,3.7296759494040416e-08
-0.0004743010978708,3.7296759494040416e-08
-0.0004743010978708,3.7296759494040416e-08
-0.0004743010978708,3.7296759494040416e-08
-0.0001004621615103639,2.5021874998333415
-0.0004743010978708,3.7296759542833365e-08
-0.0004743010978708,3.7296759494040416e-08
-0.0004743010978708,3.7296759494040416e-08
-0.0004743010978708,3.7296759494040416e-08
-0.0004743010978708,3.7296759494040416e-08
-0.0004743010978708,3.7296759494040416e-08
-0.0004743010978708,3.729675949404044e-08
-0.0004743010978708,3.7296759494040416e-08
-0.0004743010978708,3.7296759494040416e-08
-0.0004743010978708,3.7296759494040416e-08
-0.0004743010978708,3.7296759494040416e-08
-0.0004743010978708,3.7296759494040416e-08
-9.738070508707666e-05,2.522812375625488
-0.0004743010978708,3.729675954370073e-08
782273.2544206509,5235929541.562292
-0.0004743010978708,3.7296759494040416e-08
-0.0004743010978708,3.7296759494040416e-08
-0.0004743010978708,3.7296759494040416e-08
-0.0004743010978708,3.7296759494040416e-08
-0.0004743010978708,3.729675949404044e-08
-0.0004743010978708,3.7296759494040416e-08
-0.0004743010978708,3.7296759494040416e-08
-0.0004743010978708,3.7296759494040416e-08
-0.0004743010978708,3.7296759494040416e-08
-0.0004743010978708,3.7296759494040416e-08
-9.429921304289832e-05,2.5434374898362115
-0.0004743010978708,3.7296759566906525e-08
-0.0004743010978708,3.7296759494040416e-08
-0.0004743010978708,3.7296759494040416e-08
0.03809598606797907,258.15954305444035
-0.0004743010978708,3.7296759494040416e-08
-0.0004743010978708,3.7296759494040416e-08
-0.0004743010978708,3.729675949404044e-08
-0.0004743010978708,3.7296759494040416e-08
-0.0004743010978708,3.7296759494040416e-08
-0.0004743010978708,3.7296759494040416e-08
-0.0004743010978708,3.7296759494040416e-08
-0.0004743010978708,3.7296759494040416e-08
-9.121775661961108e-05,2.564062365628358
-0.0004743010978708,3.729675957514646e-08
388630.0296025006,2601187554.9683948
-0.0004743010978708,3.7296759494040416e-08
-0.0004743010978708,3.7296759494040416e-08
-0.0004743010978708,3.7296759494040416e-08
-0.0004743010978708,3.7296759494040416e-08
-0.0004743010978708,3.729675949404044e-08
-0.00047429347425927864,5.1063830682840224e-05
-0.0004743010978708,3.7296759494040416e-08
-0.0004743010978708,3.7296759494040416e-08
-0.0004743010978708,3.7296759494040416e-08
-0.0004743010978708,3.7296759494040416e-08
-151996491767133.72,22709012681.890717
-0.00047430109787079995,3.7296759602902037e-08
508946.77989014745,3406494425.980442
-0.0004743010978708,3.7296759494040416e-08
-0.0004743010978708,3.7296759494040416e-08
-0.0004743010978708,3.7296759494040416e-08
-0.0004743010978708,3.7296759494040416e-08
-0.0004743010978708,3.729675949404045e-08
-0.0004743008529339632,1.6767136918350711e-06
-0.0004743010978708,3.7296759494040416e-08
-0.0004743010978708,3.7296759494040416e-08
-0.0004743010978708,3.7296759494040416e-08
-0.0004743010978708,3.7296759494040416e-08
1.9023205369611046e+17,-28421590979964.02
-0.00047430109787079995,3.729675959509578e-08
-0.0004743010978708,3.7296759494040416e-08
-0.0004743010978708,3.7296759494040416e-08
-0.0004743010978708,3.7296759494040416e-08
-0.0004743010978708,3.7296759494040416e-08
-0.0004743010978708,3.7296759494040416e-08
-0.0004743010978708,3.729675949404045e-08
-0.0004743009793085228,8.308605501986761e-07
-0.0004743010978708,3.7296759494040416e-08
-0.0004743010978708,3.7296759494040416e-08
-0.0004743010978708,3.7296759494040416e-08
-0.0004743010978708,3.7296759494040416e-08
-2.3021535502623438e+20,3.4395290019398132e+16
-0.00047430109787079995,3.729675962242543e-08
-0.0004743010978708,3.7296759494040416e-08
-0.0004743010978708,3.7296759494040416e-08
0.03524539604882398,239.07990764726912
-0.0004743010978708,3.7296759494040416e-08
-0.0004743010978708,3.7296759494040416e-08
-0.0004743010978708,3.729675949404045e-08
-0.00047430099342163535,7.26552877533493e-07
-0.0004743010978708,3.7296759494040416e-08
-0.0004743010978708,3.7296759494040416e-08
-0.0004743010978708,3.7296759494040416e-08
-0.0004743010978708,3.7296759494040416e-08
-7.87984617083097e-05,2.6471874791415244
-0.00047430109787079995,3.729675963456851e-08
-0.0004743010951698048,3.7299118703464046e-08
-0.0004743010978708,3.7296759494040416e-08
-0.0004743010978708,3.7296759494040416e-08
-0.0004743010978708,3.7296759494040416e-08
-0.0004743010978708,3.7296759494040416e-08
-0.0004743010978708,3.7296759494040456e-08
-0.00047430100308006463,6.706761955166325e-07
-0.0004743010978708,3.7296759494040416e-08
-0.0004743010978708,3.7296759494040416e-08
-0.0004743010978708,3.7296759494040416e-08
-0.0004743010978708,3.7296759494040416e-08
-7.571700528504578e-05,2.667812354933671
-0.00047430109787079995,3.729675959813156e-08
-0.0004743010978708,3.7296759494040416e-08
-0.0004743010978708,3.7296759494040416e-08
0.045865124683432526,310.16012230805126
-0.0004743010978708,3.7296759494040416e-08
-0.0004743010978708,3.7296759494040416e-08
-0.0004743010978708,3.7296759494040456e-08
-0.0004743010199070199,5.588373954514068e-07
-0.0004743010978708,3.7296759494040416e-08
-0.0004743010978708,3.7296759494040416e-08
-0.0004743010978708,3.7296759494040416e-08
-0.0004743010978708,3.7296759494040416e-08
-7.263551321355931e-05,2.688437469144394
-0.00047430109787079995,3.7296759658854624e-08
-0.0004743010978708,3.7296759494040416e-08
-0.0004743010978708,3.7296759494040416e-08
-0.0004743010978708,3.7296759494040416e-08
-0.0004743010978708,3.7296759494040416e-08
-0.0004743010978708,3.7296759494040416e-08
-0.0004743010978708,3.729675949404046e-08
-0.0004743010978559209,3.7296759491817404e-08
-0.0004743010978708,3.7296759494040416e-08
-0.0004743010978708,3.7296759494040416e-08
-0.0004743010978708,3.7296759494040416e-08
-0.0004743010978708,3.7296759494040416e-08
2.720082991716736e+23,-4.063935846775632e+19
-0.00047430109787079995,3.729675950786496e-08
-0.0004743010978708,3.7296759494040416e-08
-0.0004743010978708,3.7296759494040416e-08
0.0035051027055209892,26.635038115880146
-0.0004743010978708,3.7296759494040416e-08
-0.0004743010978708,3.7296759494040416e-08
-0.0004743010978708,3.7296759494040456e-08
-0.00047430103412533797,4.638831937930432e-07
-0.0004743010978708,3.7296759494040416e-08
-0.0004743010978708,3.7296759494040416e-08
-0.0004743010978708,3.7296759494040416e-08
-0.0004743010978708,3.7296759494040416e-08
-3.21864394815985e+26,4.808810083650722e+22
-0.00047430109787079995,3.7296759497049315e-08
-0.0004743010978708,3.7296759494040416e-08
-0.0004743010978708,3.7296759494040416e-08
0.01619035202348837,111.54024384855913
-0.0004743010978708,3.7296759494040416e-08
-0.0004743010978708,3.7296759494040416e-08
-0.0004743010978708,3.729675949404046e-08
-0.00047430102856126874,5.011358974101713e-07
-0.0004743010978708,3.7296759494040416e-08
-0.0004743010978708,3.7296759494040416e-08
-0.0004743010978708,3.7296759494040416e-08
-0.0004743010978708,3.7296759494040416e-08
-6.33677410455532e-05,2.7504687375255554
-0.00047430109787079995,3.7296759495206046e-08
-0.0004743010978708,3.7296759494040416e-08
-0.0004743010978708,3.7296759494040416e-08
-0.0004743010978708,3.7296759494040416e-08
-0.0004743010978708,3.7296759494040416e-08
-0.0004743010978708,3.7296759494040416e-08
-0.0004743010978708,3.729675949404046e-08
-0.0004743010299532094,4.918226717680351e-07
-0.0004743010978708,3.7296759494040416e-08
-0.0004743010978708,3.7296759494040416e-08
-0.0004743010978708,3.7296759494040416e-08
-0.0004743010978708,3.7296759494040416e-08
5.848603084486666e+35,-8.738096521682555e+31
-0.0004743010978708,3.729675949427761e-08
-0.0004743010978707995,3.729675949461647e-08
-0.0004743010978708,3.7296759494040416e-08
-0.0004743010978708,3.7296759494040416e-08
-0.0004743010978708,3.7296759494040416e-08
-0.0004743010978708,3.7296759494040416e-08
-0.0004743010978708,3.729675949404048e-08
-0.0004743010978453737,3.729675949090236e-08
-0.0004743010978708,3.7296759494040416e-08
-0.0004743010978708,3.7296759494040416e-08
-0.0004743010978708,3.7296759494040416e-08
-0.0004743010978708,3.7296759494040416e-08
-6.028628462226597e-05,2.771093613317702
-0.0004743010978708,3.729675949408807e-08
-0.0004743010978708,3.7296759494040416e-08
-0.0004743010978708,3.7296759494040416e-08
-0.0004743010978708,3.7296759494040416e-08
-0.0004743010978708,3.7296759494040416e-08
-0.0004743010978708,3.7296759494040416e-08
-0.0004743010978708,3.7296759494040476e-08
-0.000474300979271534,8.30864358702256e-07
-0.0004743010978708,3.7296759494040416e-08
47.26468477831381,-0.007061606589522963
-0.0004743010978708,3.7296759494040416e-08
-0.0004743010978708,3.7296759494040416e-08
1.9023205369611046e+17,-28421590979963.844
-0.0004743010978708,3.729675949404088e-08
-0.0004743010978708,3.7296759494040416e-08
-0.0004743010978708,3.7296759494040416e-08
-0.0004743010978708,3.7296759494040416e-08
-0.0004743010978708,3.7296759494040416e-08
-0.0004743010978708,3.7296759494040416e-08
-0.0004743010978708,3.729675949404049e-08
-0.00047430100987051277,6.259738493190741e-07
-0.0004743010978708,3.7296759494040416e-08
80.52988979034482,-0.01203158947278094
-0.0004743010978708,3.7296759494040416e-08
-0.0004743010978708,3.7296759494040416e-08
5.848603084486666e+35,-8.738096521682555e+31
-0.0004743010978708,3.7296759494045525e-08
-0.0004743010978708,3.7296759494040416e-08
-0.0004743010978708,3.7296759494040416e-08
9.60277954064301,64276.72193890096
-0.0004743010978708,3.7296759494040416e-08
-0.0004743010978708,3.7296759494040416e-08
-0.0004743010978708,3.7296759494040416e-08
-0.0004743010098819827,6.25892620074329e-07
-0.0004743010978708,3.7296759494040416e-08
-0.0004743010978708,3.7296759494040416e-08
-0.0004743010978708,3.7296759494040416e-08
-0.0004743010978708,3.7296759494040416e-08
0.05869435848041292,2.8021786712666823
-0.0004743010978708,3.7296759494041865e-08
-0.0004743010978708,3.7296759494040416e-08
-0.0004743010978708,3.7296759494040416e-08
-0.0004743010978708,3.7296759494040416e-08
-0.0004743010978708,3.7296759494040416e-08
-0.0004743010978708,3.7296759494040416e-08
-0.0004743010978708,3.729675949404043e-08
-0.0004743010043024472,6.631455226411145e-07
-0.0004743010978708,3.7296759494040416e-08
-0.0004743010978708,3.7296759494040416e-08
-0.0004743010978708,3.7296759494040416e-08
-0.0004743010978708,3.7296759494040416e-08
-5.409996885026228e-05,2.812500005906717
-0.0004743010978708,3.7296759494040416e-08
-0.0004743010978708,3.7296759494040416e-08
-0.0004743010978708,3.7296759494040416e-08
-0.0004743010978708,3.7296759494040416e-08
-0.0004743010978708,3.7296759494040416e-08
-0.0004743010978708,3.7296759494040416e-08
-0.0004743010978708,3.729675949404042e-08
-0.00047430093634640203,1.1179221996544673e-06
-0.0004743010978708,3.7296759494040416e-08
-0.0004743010978708,3.7296759494040416e-08
-0.0004743010978708,3.7296759494040416e-08
-0.0004743010978708,3.7296759494040416e-08
-5.25358911445261e-05,2.8229687271796466
-0.0004743010978708,3.7296759494041045e-08
-0.0004743010978708,3.7296759494040416e-08
-0.0004743010978708,3.7296759494040416e-08
-0.0004743010978708,3.7296759494040416e-08
-0.0004743010978708,3.7296759494040416e-08
-0.0004743010978708,3.7296759494040416e-08
-0.0004743010978708,3.729675949404042e-08
-0.0004743009263656369,1.1849768558498092e-06
-0.0004743010978708,3.7296759494040416e-08
-0.0004743010978708,3.7296759494040416e-08
-0.0004743010978708,3.7296759494040416e-08
-0.0004743010978708,3.7296759494040416e-08
-2.3021535502623438e+20,3.4395290019398132e+16
-0.0004743010978708,3.7296759494040654e-08
-0.0004743010978708,3.7296759494040416e-08
-0.0004743010978708,3.7296759494040416e-08
-0.0004743010978708,3.7296759494040416e-08
-0.0004743010978708,3.7296759494040416e-08
-0.0004743010978708,3.7296759494040416e-08
-0.0004743010978708,3.7296759494040416e-08
-0.0004743008562637073,1.6543634282212208e-06
-0.0004743010978708,3.7296759494040416e-08
-0.0004743010978708,3.7296759494040416e-08
-0.0004743010978708,3.7296759494040416e-08
-0.0004743010978708,3.7296759494040416e-08
-4.9454434721262126e-05,2.8435936029717936
-0.0004743010978708,3.7296759494040416e-08
-0.0004743010978708,3.7296759494040416e-08
-0.0004743010978708,3.7296759494040416e-08
-0.0004743010978708,3.7296759494040416e-08
-0.0004743010978708,3.7296759494040416e-08
-0.0004743010978708,3.7296759494040416e-08
-0.0004743010978708,3.7296759494040416e-08
-0.0004743008373495346,1.7810237517040513e-06
-0.0004743010978708,3.7296759494040416e-08
-0.0004743010978708,3.7296759494040416e-08
-0.0004743010978708,3.7296759494040416e-08
-0.0004743010978708,3.7296759494040416e-08
-71.68004739551918,2.864771663642564
-0.0004743010978708,3.729675949404093e-08
-0.0004743010978708,3.7296759494040416e-08
-0.0004743010978708,3.7296759494040416e-08
-0.0004743010978708,3.7296759494040416e-08
-0.0004743010978708,3.7296759494040416e-08
-0.0004743010978708,3.7296759494040416e-08
-0.0004743010978708,3.7296759494040416e-08
-0.00047430080836344756,1.975030224423777e-06
-0.0004743010978708,3.7296759494040416e-08
-0.0004743010978708,3.7296759494040416e-08
-0.0004743010978708,3.7296759494040416e-08
-0.0004743010978708,3.7296759494040416e-08
-4.6349610993413524e-05,2.864374881350085
-0.0004743010978708,3.729675949404115e-08
-0.0004743010978708,3.7296759494040416e-08
-0.0004743010978708,3.7296759494040416e-08
-0.0004743010978708,3.7296759494040416e-08
-0.0004743010978708,3.7296759494040416e-08
-0.0004743010978708,3.7296759494040416e-08
-0.0004743010978708,3.7296759494040416e-08
-0.00047430089074172336,1.423396341784665e-06
-0.0004743010978708,3.7296759494040416e-08
-0.0004743010978708,3.7296759494040416e-08
-0.0004743010978708,3.7296759494040416e-08
-0.0004743010978708,3.7296759494040416e-08
89128.95989793136,-10.441611233318742
-0.0004743010978708,3.729675949404189e-08
-0.0004743010978708,3.7296759494040416e-08
-0.0004743010978708,3.7296759494040416e-08
-0.0004743010978708,3.7296759494040416e-08
-0.0004743010978708,3.7296759494040416e-08
-0.0004743010978708,3.7296759494040416e-08
-0.0004743010978708,3.7296759494040416e-08
-0.0004743009164266936,1.2517413832382955e-06
-0.0004743010978708,3.7296759494040416e-08
-0.0004743010978708,3.7296759494040416e-08
-0.0004743010978708,3.7296759494040416e-08
-0.0004743010978708,3.7296759494040416e-08
2.720082991716736e+23,-4.063935846775632e+19
-0.0004743010978708,3.7296759494040416e-08
-0.0004743010978708,3.7296759494040416e-08
-0.0004743010978708,3.7296759494040416e-08
-0.0004743010978708,3.7296759494040416e-08
-0.0004743010978708,3.7296759494040416e-08
-0.0004743010978708,3.7296759494040416e-08
-0.0004743010978708,3.7296759494040416e-08
-0.00047430098820326773,7.713250845284874e-07
-0.0004743010978708,3.7296759494040416e-08
-0.0004743010978708,3.7296759494040416e-08
-0.0004743010978708,3.7296759494040416e-08
-0.0004743010978708,3.7296759494040416e-08
-4.170404121621419e-05,2.8954687168337383
-0.0004743010978708,3.729675949404042e-08
-0.0004743010978708,3.7296759494040416e-08
-0.0004743010978708,3.7296759494040416e-08
-0.0004743010978708,3.7296759494040416e-08
-0.0004743010978708,3.7296759494040416e-08
-0.0004743010978708,3.7296759494040416e-08
-0.0004743010978708,3.7296759494040416e-08
-0.0004743009687231953,9.01710300362873e-07
-0.0004743010978708,3.7296759494040416e-08
-0.0004743010978708,3.7296759494040416e-08
-0.0004743010978708,3.7296759494040416e-08
-0.0004743010978708,3.7296759494040416e-08
89128.95990260025,-10.410361233667519
-0.0004743010978708,3.729675949404146e-08
-0.0004743010978708,3.7296759494040416e-08
-0.0004743010978708,3.7296759494040416e-08
-0.0004743010978708,3.7296759494040416e-08
-0.0004743010978708,3.7296759494040416e-08
-0.0004743010978708,3.7296759494040416e-08
-0.0004743010978708,3.7296759494040416e-08
-0.00047430100879670376,6.334895155540428e-07
-0.0004743010978708,3.7296759494040416e-08
-0.0004743010978708,3.7296759494040416e-08
-0.0004743010978708,3.7296759494040416e-08
-0.0004743010978708,3.7296759494040416e-08
-3.86226185806537e-05,2.9160935926258897
-0.0004743010978708,3.729675949404162e-08
-0.0004743010978708,3.7296759494040416e-08
-0.0004743010978708,3.7296759494040416e-08
-0.0004743010978708,3.7296759494040416e-08
-0.0004743010978708,3.7296759494040416e-08
-0.0004743010978708,3.7296759494040416e-08
-0.0004743010978708,3.7296759494040416e-08
-0.00047430105082919193,3.521567447280579e-07
-0.0004743010978708,3.7296759494040416e-08
-0.0004743010978708,3.7296759494040416e-08
-0.0004743010978708,3.7296759494040416e-08
-0.0004743010978708,3.7296759494040416e-08
-107374182.80164409,16045.149973677082
-0.0004743010978708,3.7296759494041455e-08
-0.0004743010978708,3.7296759494040416e-08
-0.0004743010978708,3.7296759494040416e-08
-0.0004743010978708,3.7296759494040416e-08
-0.0004743010978708,3.7296759494040416e-08
-0.0004743010978708,3.7296759494040416e-08
-0.0004743010978708,3.7296759494040416e-08
-0.0004743010724019615,2.0776538169698068e-07
-0.0004743010978708,3.7296759494040416e-08
-0.0004743010978708,3.7296759494040416e-08
-0.0004743010978708,3.7296759494040416e-08
-0.0004743010978708,3.7296759494040416e-08
-3.551776109238637e-05,2.9368748710041763
-0.0004743010978708,3.7296759494041653e-08
-0.0004743010978708,3.7296759494040416e-08
-0.0004743010978708,3.7296759494040416e-08
-0.0004743010978708,3.7296759494040416e-08
-0.0004743010978708,3.7296759494040416e-08
-0.0004743010978708,3.7296759494040416e-08
-0.0004743010978708,3.7296759494040416e-08
-0.0004743010836753666,1.3230996462525913e-07
-0.0004743010978708,3.7296759494040416e-08
-0.0004743010978708,3.7296759494040416e-08
-0.0004743010978708,3.7296759494040416e-08
-0.0004743010978708,3.7296759494040416e-08
-3.395371714709218e-05,2.9473435922771114
-0.0004743010978708,3.729675949404115e-08
-0.0004743010978708,3.7296759494040416e-08
-0.0004743010978708,3.7296759494040416e-08
-0.00047037846245367895,0.026255111892196908
-0.0004743010978708,3.7296759494040416e-08
-0.0004743010978708,3.7296759494040416e-08
-0.0004743010978708,3.7296759494040416e-08
-0.0004743010882703383,1.0064501873771655e-07
-0.0004743010978708,3.7296759494040416e-08
379006.71404564125,-56.6254403627457
-0.0004743010978708,3.7296759494040416e-08
-0.0004743010978708,3.7296759494040416e-08
4.056481784786893e+29,-6.06058042610804e+25
-0.0004743010978708,3.729675949404143e-08
-0.0004743010978708,3.7296759494040416e-08
-0.0004743010978708,3.7296759494040416e-08
-0.000473548784651525,0.005035437631184874
-0.0004743010978708,3.7296759494040416e-08
-0.0004743010978708,3.7296759494040416e-08
-0.0004743010978708,3.7296759494040416e-08
-0.0004743010934168181,6.710825465573115e-08
31242.20223005135,28545.63141027754
43791.88966194181,-6.542720632061072
-0.0004743010978708,3.7296759494040416e-08
-0.0004743010978708,3.7296759494040416e-08
-3.083046809230534e-05,2.967968706481596
-0.0004743010978708,3.729675949404571e-08
6.235562574244321,41739.187034190225
47885.52242875317,-7.154329211477257
0.0012811455844904066,0.0008431350062785078
-0.0004743010978708,3.7296759494040416e-08
-0.0004743010978708,3.7296759494040416e-08
-0.0004743010978708,3.7296759494040416e-08
-0.0004743010940391919,6.22142210712907e-08
-0.0004743010978708,3.7296759494040416e-08
3536.99362684785,-0.52844402714045
-0.0004743010978708,3.7296759494040416e-08
-0.0004743010978708,3.7296759494040416e-08
-4.932681898657894e+32,7.3696658703951265e+28
-0.0004743010978708,3.729675949404205e-08
-0.0004743010978708,3.7296759494040416e-08
-0.0004743010978708,3.7296759494040416e-08
-9.838962559720083e-05,0.00015932255547225407
-0.0004743010978708,3.7296759494040416e-08
-0.0004743010978708,3.7296759494040416e-08
-0.0004743010978708,3.7296759494040416e-08
-0.00047430109404358905,6.291271301070506e-08
-0.0004743010978708,3.7296759494040416e-08
431.99952087739155,-0.06454285612079509
-0.0004743010978708,3.7296759494040416e-08
-0.0004743010978708,3.7296759494040416e-08
-2.7767367614646562e-05,2.9887499848661214
-0.0004743010978708,3.7296759494040416e-08
-0.0004743010978707753,3.72967595168097e-08
0.02448489821220392,167.05749328997157
-0.00041131875626325816,3.247226628495098e-05
-0.0004743010978708,3.7296759494040416e-08
-0.0004743010978708,3.7296759494040416e-08
-0.0004743010978708,3.729675949404042e-08
-0.00047430109787076856,3.7296759520602946e-08
169.070780150021,166.0241345257585
251.05929157360592,-0.03750950874754581
-0.0004743010978708,3.7296759494040416e-08
-0.0004743010978708,3.7296759494040416e-08
-151996491767133.72,22709012682.30478
-0.0004743010978708,3.729675949406149e-08
0.0018979096157243098,15.87773595170064
0.002272087271137875,18.382190536480596
-0.00046076541244658613,7.100856936051485e-06
-0.0004743010978708,3.7296759494040416e-08
-0.0004743010978708,3.7296759494040416e-08
-0.0004743010978708,3.729675949404042e-08
-0.0004743010961571843,4.876596539537106e-08
-0.0004743010978708,3.7296759494040416e-08
8.315691530158464,-0.0012424381913888757
-0.0004743010978708,3.7296759494040416e-08
-0.0004743010978708,3.7296759494040416e-08
5.848603084486666e+35,-8.738096521682555e+31
-0.0004743010978708,3.729675949407261e-08
-4.232548330900432e-05,2.8913092663491557
-1.8948383025872977e-05,3.0477774176027075
-0.00047082778176956407,1.7137663657773387e-06
-0.0004743010978708,3.7296759494040416e-08
-0.0004743010978708,3.7296759494040416e-08
-0.0004743010978708,3.729675949404042e-08
-0.00047430109686397056,4.3817167185661514e-08
0.9686058083771468,0.9922361801789124
1.2968560639088333,-0.000193790148635242
-0.0004743010978708,3.7296759494040416e-08
-0.0004743010978708,3.7296759494040416e-08
1.9023205369611046e+17,-28421590979963.613
-0.0004743010978708,3.7296759494040846e-08
-0.000408048261977031,0.44344505922205435
-0.0004019331256505963,0.4843750318906966
-0.0004743010341201496,4.639940953037033e-07
-0.0004743010978708,3.7296759494040416e-08
-0.0004743010978708,3.7296759494040416e-08
-0.0004743010978708,3.729675949404042e-08
-0.0004743010971842319,4.1867212347502534e-08
0.18319436325277388,0.196309925860373
0.2388399990332511,-3.571741976608794e-05
-0.0004743010978708,3.7296759494040416e-08
-0.0004743010978708,3.7296759494040416e-08
0.05872616537142906,3.0150692938906305
-0.0004743010978708,3.7296759494040416e-08
-0.0004620420424247979,0.08205263229438853
-0.0004615304763372385,0.0854766583281986
-0.0004743010813069836,1.4816208051258736e-07
-0.0004743010978708,3.7296759494040416e-08
-0.0004743010978708,3.7296759494040416e-08
-0.0004743010978708,3.729675949404042e-08
-0.0004743010974960104,3.966929518796299e-08
0.03884876649092908,0.03369765370773117
0.043973258269383184,-6.603384071360628e-06
-0.0004743010978708,3.7296759494040416e-08
-0.0004743010978708,3.7296759494040416e-08
-2.3063450845168957e-05,3.0202343499779842
-0.0004743010978708,3.72967594940634e-08
-0.00047165580200472427,0.01770559310438897
0.020775977719567316,0.023319020224167947
-0.0004743010931718382,6.874795989788943e-08
-0.0004743010978708,3.7296759494040416e-08
-0.0004743010978708,3.7296759494040416e-08
-0.0004743010978708,3.729675949404042e-08
-0.0004743010975712311,3.870130649919326e-08
0.024681731788878558,0.02575915378411208
0.03323085482244081,-4.9984169221413245e-06
-0.0004743010978708,3.7296759494040416e-08
-0.0004743010978708,3.7296759494040416e-08
-2.228146356318835e-05,3.0254685914051658
-0.0004743010978708,3.7296759494060645e-08
-0.0004716922769623093,0.017461458070049184
-0.0004737697954441413,0.0035561630544012485
-0.00047430109643516633,4.690577608024104e-08
-0.0004743010978708,3.7296759494040416e-08
-0.0004743010978708,3.7296759494040416e-08
-0.0004743010978708,3.729675949404042e-08
-0.00047430109771544614,3.816638018931216e-08
0.0009451227328150807,-1.7477204152630177e-07
0.001448731218466089,-2.5001359054557726e-07
-0.0004743010978708,3.7296759494040416e-08
-0.0004743010978708,3.7296759494040416e-08
0.05872849982214584,3.0306942937162415
-0.0004743010978708,3.729675949405185e-08
0.00018972902136914823,0.0007630454199768083
0.0004186616123808022,0.0008011953841156944
-0.0004743010977832914,3.788247407544508e-08
-0.0004743010978708,3.7296759494040416e-08
-0.0004743010978708,3.7296759494040416e-08
-0.0004743010978708,3.729675949404042e-08
-0.0004743010977669938,3.789716987330652e-08
-0.0004743010978708,3.7296759494040416e-08
-2.778954421426644e-05,0.0005838464002189858
-0.0004743010978708,3.7296759494040416e-08
-0.0004743010978708,3.7296759494040416e-08
4.056481784786893e+29,-6.06058042610804e+25
-0.0004743010978708,3.729675949626352e-08
-0.0002835384461596346,0.00018601721373761232
-0.0002853930246294597,0.00020319253447974712
-0.00047430109782430595,3.760795472681387e-08
-0.0004743010978708,3.7296759494040416e-08
-0.0004743010978708,3.7296759494040416e-08
-0.0004743010978708,3.729675949404042e-08
-0.00047430109777607445,3.7820772374372765e-08
-0.0003903555090855745,2.4754881599805527e-08
-0.0003626753946432069,0.00013073053633548093
-0.0004743010978708,3.7296759494040416e-08
-0.0004743010978708,3.7296759494040416e-08
-1.995862711734361e-05,3.0410156283562757
-0.0004743010978708,3.729675949417936e-08
-0.00042969093837930746,0.00010686311844915001
-0.000367941630866937,2.1406139541737098e-08
-0.0004743010977941177,3.781001120721533e-08
-0.0004743010978708,3.7296759494040416e-08
-0.0004743010978708,3.7296759494040416e-08
-0.0004743010978708,3.729675949404042e-08
-0.00047430109777149256,3.784623817011093e-08
-0.0004743010978708,3.7296759494040416e-08
-0.0004743010978708,3.7296759494040416e-08
-0.0004743010978708,3.7296759494040416e-08
-0.0004743010978708,3.7296759494040416e-08
-1.9176606074921025e-05,3.0462498697834524
-0.0004743010978708,3.729675949412344e-08
-0.00046148361646660986,3.538176563898186e-08
-0.0004607081949349532,3.526591390326433e-08
-0.0004743010977392209,3.817744778427563e-08
-0.0004743010978708,3.7296759494040416e-08
-0.0004743010978708,3.7296759494040416e-08
-0.0004743010978708,3.729675949404042e-08
-0.0004743010977887698,3.7762564881239855e-08
-0.0004743010978708,3.7296759494040416e-08
-0.0004658323385870817,1.0947234997279598e-05
-0.0004743010978708,3.7296759494040416e-08
-0.0004743010978708,3.7296759494040416e-08
4.056481784786893e+29,-6.06058042610804e+25
-0.0004743010978708,3.7296759497049567e-08
-0.00047058957321534665,3.4795671690972728e-06
-0.0004743010978708,3.7296759494040416e-08
-0.00047430109763699256,3.8861684888053554e-08
-0.0004743010978708,3.7296759494040416e-08
-0.0004743010978708,3.7296759494040416e-08
-0.0004743010978708,3.729675949404042e-08
-0.00047430109778864773,3.773884604850322e-08
-0.0004743010978708,3.7296759494040416e-08
-0.0004717968949595139,3.692261943986683e-08
-0.0004743010978708,3.7296759494040416e-08
-0.0004743010978708,3.7296759494040416e-08
126443838076.77242,-18891319.293855082
-0.0004743010978708,3.729675949547045e-08
-0.00047316829892658313,3.712751384048457e-08
-0.0004743009208214925,1.222327301729736e-06
-0.0004743010974575384,4.006281173928403e-08
-0.0004743010978708,3.729675950168596e-08
-0.0004743010978708,3.7296759494040416e-08
-0.0004743010978708,3.729675949404042e-08
-0.0004743010978052554,3.760242198297381e-08
-0.0004743010978708,3.7296759494040416e-08
-0.000473551976054058,9.314759806350587e-07
-0.0004743010978708,3.7296759494040416e-08
-0.0004743010978708,3.7296759494040416e-08
-1.6823763791620728e-05,3.0617187054352613
-0.0004743010978708,3.7296759494369124e-08
-0.000474098861827841,7.079827989212324e-07
-0.0004743010978708,3.7296759494040416e-08
-0.00047430109713993796,4.2188582386160885e-08
-0.0004743010978708,3.7296759494040416e-08
-0.0004743010978708,3.7296759494040416e-08
-0.0004743010978708,3.729675949404042e-08
-0.00047430109780501354,3.7578775203694384e-08
-0.0004743010978708,3.7296759494040416e-08
-0.0004743008785133106,1.5055054088633146e-06
-0.0004743010978708,3.7296759494040416e-08
-0.0004743010978708,3.7296759494040416e-08
-71.68001558862817,3.0776622862665124
-0.0004743010978708,3.7296759494040416e-08
-0.00047424687660175803,1.341468264117926e-06
-0.0004743010978708,3.7296759494040416e-08
-0.000474301096530827,4.626549803458792e-08
-0.0004743010978708,3.7296759494040416e-08
-0.0004743010978708,3.7296759494040416e-08
-0.0004743010978708,3.729675949404043e-08
-0.0004743010977977154,3.767518139226774e-08
-0.00047269142005063297,3.7056265824727486e-08
-0.00047430068809742147,2.7800014659850063e-06
-0.0004743010978708,3.7296759494040416e-08
1881956033080.1929,1.2596351885824332e+16
-1.531309298834346e-05,3.0721092254213525
-0.0004743010978708,3.729675950309547e-08
-0.00047424460628343136,2.5115379877189716e-06
-0.0004743010978708,3.7296759494040416e-08
-0.0004743010952778174,5.4652170630638164e-08
-0.0004743010978708,3.7296759494040416e-08
46697751.478336565,-6976.870440183529
-0.0004743010978708,3.729675949404043e-08
-0.0004743010977938331,3.7727932168246006e-08
-0.0004711264454861749,3.6822451038518365e-08
-0.0004743010978708,3.7296759494040416e-08
-0.0004743010978708,3.7296759494040416e-08
-0.0004743010978708,3.7296759494040416e-08
-1.4489313074839941e-05,3.077343705260872
-0.0004743010978708,3.7296759494294585e-08
-0.0004742003421089538,4.181124695793108e-06
-0.0004743010978708,3.7296759494040416e-08
-0.0004743010928935484,7.06106156844725e-08
-0.0004743010978708,3.7296759494040416e-08
-0.0004743010978708,3.7296759494040416e-08
-0.0004743010978708,3.729675949404043e-08
-0.0004743010977976957,3.7720656266638865e-08
-0.0004741026628575708,1.6955861779128204e-07
-0.0004743010978708,3.7296759494040416e-08
-0.0004743010978708,3.7296759494040416e-08
-0.0004743010978708,3.7296759494040416e-08
-1.3760663313961948e-05,3.0824999838197864
-0.0004743010978708,3.729675949554499e-08
-0.0004740880274222297,1.0887961573016501e-05
-0.0004743010978708,3.7296759494040416e-08
-0.0004743010978708,3.7296759494040416e-08
-0.0004743010978708,3.7296759494040416e-08
-0.0004743010978708,3.7296759494040416e-08
-0.0004743010978708,3.729675949404043e-08
-0.000474301097787675,3.772975143430557e-08
-0.0004742739677187559,3.729270611781049e-08
-0.0004743010978708,3.7296759494040416e-08
-0.0004743010978708,3.7296759494040416e-08
-0.0004743010978708,3.7296759494040416e-08
-4.932681898657894e+32,7.3696658703951265e+28
-0.0004743010978708,3.729675949553144e-08
-0.00047430105529270363,3.2228146414568984e-07
-0.0004743010978708,3.7296759494040416e-08
-0.0004743010978708,3.7296759494040416e-08
-0.0004743010978708,3.7296759494040416e-08
-0.0004743010978708,3.7296759494040866e-08
-0.0004743010978708,3.7296759494040436e-08
-0.0004743010977928038,3.768427669947565e-08
-0.0004742965553753141,3.044123318217209e-05
-0.0004743010978708,3.7296759494040416e-08
-0.0004743010978708,3.7296759494040416e-08
-0.0004743010978708,3.7296759494040416e-08
-151996491767133.72,22709012682.39853
-0.0004743010978708,3.729675949500289e-08
-0.0004743010820052732,1.434882725574685e-07
-0.0004743010978708,3.7296759494040416e-08
-0.0004743010978708,3.7296759494040416e-08
-0.0004743010978708,3.7296759494040416e-08
0.009415837894682097,-1.440337948852195e-06
-0.0004743010978708,3.7296759494040436e-08
-0.00047430109750931225,3.78134974315337e-08
-0.00047407753851915515,3.726335864319145e-08
-0.0004743010978708,3.7296759494040416e-08
-0.0004743010978708,3.7296759494040416e-08
-0.0004743010978708,3.7296759494040416e-08
2.720082991716736e+23,-4.063935846775632e+19
-0.0004743010978708,3.729675949515197e-08
-0.0004743010978708,3.7296759494040416e-08
-0.0004743010978708,3.7296759494040416e-08
-0.0004743010978708,3.7296759494040416e-08
-0.0004743010978708,3.7296759494040416e-08
-0.0004743010978708,3.7296759494040416e-08
-0.0004743010978708,3.729675949404044e-08
-0.00047430109763814415,3.799175846983001e-08
-0.0004742708187974679,4.203750122052833e-08
-0.0004743010978708,3.7296759494040416e-08
-0.0004743010978708,3.7296759494040416e-08
-0.0004743010978708,3.7296759494040416e-08
89128.9599320727,-10.213095610869182
-0.0004743010978708,3.729675949516552e-08
-0.0004743010978708,3.7296759494040416e-08
-0.0004743010978708,3.7296759494040416e-08
-0.0004743010978708,3.7296759494040416e-08
-0.0004743010978708,3.7296759494040416e-08
7.881515726285244e+17,-117753665548128.31
-0.0004743010978708,3.729675949404044e-08
-0.0004743010975416896,3.817365756433743e-08
-0.0004742587077446193,6.803473320289626e-08
-0.0004743010978708,3.7296759494040416e-08
-0.0004743010978708,3.7296759494040416e-08
-0.0004743010978708,3.7296759494040416e-08
-151996491767133.72,22709012682.414154
-0.0004743010978708,3.729675949484692e-08
-0.0004743009765127658,8.495731761051288e-07
-0.0004743010978708,3.7296759494040416e-08
-0.0004743010978708,3.7296759494040416e-08
-0.0004743010978708,3.7296759494040416e-08
-0.0004743010978708,3.7296759494040416e-08
-0.0004743010978708,3.729675949404045e-08
-0.0004743010975273766,3.8322961022350754e-08
-0.0004742736181195055,4.104837277493663e-08
-0.0004743010978708,3.7296759494040416e-08
-0.0004743010978708,3.7296759494040416e-08
2.0952662180684537e+27,1.402408457655288e+31
-9.126777216316513e-06,3.113515618010367
-0.0004743010978708,3.7296759495517886e-08
-0.00047190132504677486,4.076852146039095e-07
-0.0004743010978708,3.7296759494040416e-08
-0.0004743010978708,3.7296759494040416e-08
-0.0004743010978708,3.7296759494040416e-08
1.2619058993454257e+22,-1.88534858503375e+18
-0.0004743010978708,3.7296759494040456e-08
-0.0004743010973043419,3.8650378641231615e-08
-0.000474263601866695,3.729115740926369e-08
-0.0004743010978708,3.7296759494040416e-08
-0.0004743010978708,3.7296759494040416e-08
-0.0004743010978708,3.7296759494040416e-08
-8.344756173893928e-06,3.118749859437544
-0.0004743010978708,3.7296759495612754e-08
-0.0004743010978708,3.7296759494040416e-08
-0.00047368077188016664,0.004152017643054508
-0.0004743010978708,3.7296759494040416e-08
-0.0004743010978708,3.7296759494040416e-08
11218231.874320088,-1676.0582229011297
-0.0004743010978708,3.729675949404046e-08
-0.00047430109728901544,3.969840831369201e-08
-0.0004742939602038984,7.712028160820766e-08
-0.0004743010978708,3.7296759494040416e-08
-0.0004743010978708,3.7296759494040416e-08
-0.0004743010978708,3.7296759494040416e-08
-7.56269948329547e-06,3.123984339283297
-0.0004743010978708,3.7296759494423334e-08
-0.00047294198875544357,0.009096858033980157
-0.00047264097135433554,0.011111634703287823
-0.0004743010978708,3.7296759494040416e-08
-0.0004743010978708,3.7296759494040416e-08
-0.0004743010978708,3.7296759494040416e-08
-0.0004743010978708,3.729675949404047e-08
-0.0004743010968893999,4.212916187952053e-08
-0.00047430109650505845,4.643797251180609e-08
-0.0004743010978708,3.7296759494040416e-08
-0.0004743010978708,3.7296759494040416e-08
-0.0004743010978708,3.7296759494040416e-08
-6.792326499535726e-06,3.129140617835978
-0.0004743010978708,3.7296759494487775e-08
-0.00047429541961420077,5.7440663004392177e-08
-0.00046988657189924474,0.029547445190135864
-0.0004743010978708,3.7296759494040416e-08
-0.0004743010978708,3.7296759494040416e-08
-0.00047430109669669915,4.5155278575067495e-08
-0.0004743010978708,3.729675949404049e-08
-0.0004743010964117753,4.361345939846668e-08
-0.0004742883420403949,7.618810898419491e-08
-0.0004743010978708,3.7296759494040416e-08
-0.0004743010978708,3.7296759494040416e-08
-0.0004743010978708,3.7296759494040416e-08
-3.21864394815985e+26,4.808810083650722e+22
-0.0004743010978708,3.7296759500926086e-08
-0.0004743010671140948,2.4315825393462e-07
-0.0004743010978708,3.7296759494040416e-08
-0.0004743010978708,3.7296759494040416e-08
-0.0004743010978708,3.7296759494040416e-08
-0.0004743010978708,3.7296759494040416e-08
-0.0004743010978708,3.72967594940405e-08
-0.0004743010958838292,4.771827274349427e-08
-0.0004743010963050358,4.777676912597732e-08
-0.0004743010978708,3.7296759494040416e-08
-0.0004743010978708,3.7296759494040416e-08
-0.0004743010978708,3.7296759494040416e-08
-107374182.80161229,16045.362864299706
-0.0004743010978708,3.7296759495538215e-08
-0.0004743010808227245,1.5140333485241946e-07
-0.0004743010978708,3.7296759494040416e-08
-0.0004743010978708,3.7296759494040416e-08
-0.0004743010978708,3.7296759494040416e-08
-0.00047430109787025855,3.7296759493959524e-08
-0.0004743010978708,3.729675949404051e-08
-0.000474301097163674,3.7296759388392366e-08
-0.00047425335760625835,3.728962686709498e-08
-0.0004743010978708,3.7296759494040416e-08
-0.0004743010978708,3.7296759494040416e-08
-0.0004743010978708,3.7296759494040416e-08
1.9023205369611046e+17,-28421590979963.48
-0.0004743010978708,3.729675949929978e-08
-0.00047430108019659724,1.5559414428286875e-07
-0.0004743010978708,3.7296759494040416e-08
-0.0004743010978708,3.7296759494040416e-08
-0.0004743010978708,3.7296759494040416e-08
-0.0004743010978708,3.7296759494040416e-08
-0.0004743010978708,3.729675949404051e-08
-0.0004743010912054099,7.339495888582278e-08
-0.0004743010978708,3.7296759494040416e-08
-0.0004743010978708,3.7296759494040416e-08
-0.0004743010978708,3.7296759494040416e-08
-0.0004743010978708,3.7296759494040416e-08
0.058746300008861295,3.1498349173865243
-0.0004743010978708,3.7296759498838997e-08
0.0005857328777443637,7.095044094157015
-0.0004743010978708,3.7296759494040416e-08
-0.0004743010978708,3.7296759494040416e-08
-0.0004743010978708,3.7296759494040416e-08
-0.0004743010978708,3.729675949404055e-08
-0.0004743010978708,3.729675949404051e-08
-0.000474301089712577,8.433797416765636e-08
8.190897078347447,8.064093450651553
-0.0004743010978708,3.7296759494040416e-08
-0.0004743010978708,3.7296759494040416e-08
-0.00047430109136385707,8.084918112113601e-08
-107374182.80160995,16045.378489299532
-0.0004743010978708,3.729675949864927e-08
0.00043632689200188057,6.095036475923473
6.1885457866874205,-0.000924632305887114
-0.0004743010978708,3.7296759494040416e-08
-0.0004743010978708,3.7296759494040416e-08
-0.0004743010978708,3.7296759494040416e-08
-0.0004743010978708,3.729675949404051e-08
-0.00047430109615101195,3.729675923709575e-08
9.441116599241635,9.501386650677572
-0.0004743010978708,3.7296759494040416e-08
-0.0004743010978708,3.7296759494040416e-08
-0.0004743010978708,3.729675949404101e-08
1.9023205369611046e+17,-28421590979963.465
-0.0004743010978708,3.729675949946242e-08
0.0024211866322500775,19.380145847608137
-0.0004743010978708,3.7296759494040416e-08
-0.0004743010978708,3.7296759494040416e-08
-0.0004743010978708,3.7296759494040416e-08
-0.0004743010978708,3.7296759494040416e-08
-0.0004743010978708,3.7296759494040515e-08
-0.00047430109525545223,3.729675910329478e-08
34.51545479952165,35.50610075814033
-0.0004743010978708,3.7296759494040416e-08
-0.0004743010978708,3.7296759494040416e-08
-0.0004743010978708,3.7296759494040416e-08
-1.3764193594677059e-06,3.1653904934537356
-0.0004743010978708,3.7296759494040416e-08
0.009762981132639681,68.52041553231258
0.012079705754158405,84.02677064489218
-0.0004743010978708,3.7296759494040416e-08
-0.0004743010978708,3.7296759494040416e-08
-0.0004743010978708,3.729675949404042e-08
-0.0004743010978708,3.7296759494040515e-08
-0.0004743010920716659,3.729675862762167e-08
125.54002918514416,129.02599914608956
-0.0004743010978708,3.7296759494040416e-08
-0.0004743010978708,3.7296759494040416e-08
-0.0004743010978708,3.7296759494040416e-08
-5.943626961540634e-07,3.1706249732994887
-0.0004743010978708,3.729675949489435e-08
0.036584180737527464,248.04069245936805
0.049442884702179696,334.1068688669558
-0.0004743010978708,3.7296759494040416e-08
-0.0004743010978708,3.7296759494040416e-08
-0.00047430079702289927,2.050938925123377e-06
-0.0004743010978708,3.729675949404052e-08
-0.0004743009810875374,7.862257332347456e-07
506.1600756281973,502.0152336313691
-0.0004743010978708,3.7296759494040416e-08
-0.0004743010978708,3.7296759494040416e-08
-0.0004743010978708,3.7296759494040416e-08
1.760103148904955e-07,3.1757812518521695
-0.0004743010978708,3.7296759495734733e-08
0.14716197950338203,988.1625866647588
-0.0004743010978708,3.7296759494040416e-08
-0.0004743010978708,3.7296759494040416e-08
-0.0004743010978708,3.7296759494040416e-08
-0.0004743010978708,3.729675961027069e-08
-0.0004743010978708,3.7296759494040515e-08
-0.0004743010360800271,4.5087619757105505e-07
0.2792662840668737,1872.366190077497
-0.0004743010978708,3.7296759494040416e-08
-0.0004743010978708,3.7296759494040416e-08
-0.0004743010978708,3.7296759494040416e-08
9.580313573130813e-07,3.181015493279346
-0.0004743010978708,3.729675949672432e-08
0.5757282479095791,3856.65230074357
0.7838575146926964,5249.707949258309
-0.0004743010978708,3.7296759494040416e-08
-0.0004743010978708,3.7296759494040416e-08
-0.0004743010978708,3.7296759494040416e-08
-0.0004743010978708,3.729675949404052e-08
-0.00047430109784759206,3.7296759490573034e-08
-0.0004743010978708,3.7296759494040416e-08
-0.0004743010978708,3.7296759494040416e-08
-0.0004743010978708,3.7296759494040416e-08
-0.0004743010978708,3.7296759494040416e-08
4.056481784786893e+29,-6.06058042610804e+25
-0.0004743010978708,3.729675949503678e-08
12.853858751107213,86036.92091478746
11.324927762532027,75803.44446650232
-0.0004743010978708,3.7296759494040416e-08
-0.0004743010978708,3.7296759494040416e-08
-0.0004743010978708,3.729675949404042e-08
-0.0004743010978708,3.729675949404052e-08
-0.00047430095962894324,9.575858455956344e-07
82467.31680757177,90122.90655156226
-0.0004743010978708,3.7296759494040416e-08
-0.0004743010978708,3.7296759494040416e-08
-0.0004743010978708,3.7296759494040416e-08
126443838076.77243,-18891319.15908946
-0.0004743010978708,3.729675949959796e-08
13.159855049386762,88085.02245442879
-0.0004743010978708,3.7296759494040416e-08
-0.0004743010978708,3.7296759494040416e-08
-0.0004743010978708,3.7296759494040416e-08
11667509.86930574,-1743.182533245695
-0.0004743010978708,3.729675949404054e-08
-0.0004743010974941447,3.7296759437766287e-08
-0.0004743010978708,3.7296759494040416e-08
-0.0004743010978708,3.7296759494040416e-08
-0.0004743010978708,3.7296759494040416e-08
-0.0004743010978708,3.7296759494040416e-08
-2.3021535502623438e+20,3.4395290019398132e+16
-0.0004743010978708,3.7296759505318124e-08
68.85777265786324,460883.6198561594
-0.0004743010978708,3.7296759494040416e-08
-0.0004743010978708,3.7296759494040416e-08
-0.0004743010978708,3.7296759494040416e-08
-0.0004743010978708,3.7296759494040416e-08
-0.0004743010978708,3.729675949404054e-08
-0.0004743010978432623,3.7296759489926145e-08
-0.0004743010978708,3.7296759494040416e-08
-0.0004743010978708,3.7296759494040416e-08
-0.0004743010978708,3.7296759494040416e-08
-0.0004743010978708,3.7296759494040416e-08
-71.67999545399074,3.212427909762406
-0.0004743010978708,3.7296759494040416e-08
-0.0004743010978708,3.7296759494040416e-08
-0.0004743010978708,3.7296759494040416e-08
-0.0004743010978708,3.7296759494040416e-08
-0.0004743010978708,3.7296759494040416e-08
1.2561423051966344e+22,-1.8767374959828398e+18
-0.0004743010978708,3.729675949404054e-08
-0.0004743010938338509,3.7296758890900647e-08
-0.0004743010978708,3.7296759494040416e-08
-0.0004743010978708,3.7296759494040416e-08
-0.0004743010978708,3.7296759494040416e-08
-0.0004743010978708,3.7296759494040416e-08
126443838076.77243,-18891319.14346446
-0.0004743010978708,3.729675950445076e-08
-0.0004743010978708,3.7296759494040416e-08
-0.0004743010978708,3.7296759494040416e-08
-0.0004743010978708,3.7296759494040416e-08
-0.0004743010978708,3.7296759494040416e-08
-0.00047430109783283016,3.7296759488367545e-08
-0.0004743010978708,3.729675949404055e-08
-0.000474298122837561,1.9949766261909696e-05
-0.0004743010978708,3.7296759494040416e-08
-0.0004743010978708,3.7296759494040416e-08
-0.0004743010978708,3.7296759494040416e-08
27.105337212798418,181425.2479751675
5.645324357394111e-06,3.2121093287567657
-0.0004743010978708,3.729675951746319e-08
-0.0004743010978708,3.7296759494040416e-08
-0.0004743010978708,3.7296759494040416e-08
-0.0004743010978708,3.7296759494040416e-08
-0.0004743010978708,3.7296759494040416e-08
-0.0004743010978708,3.729675949404043e-08
-0.0004743010978708,3.729675949404056e-08
-0.0004743010978708,3.7296759494040416e-08
-0.0004743010978708,3.7296759494040416e-08
-0.0004743010978708,3.7296759494040416e-08
-0.0004743010978708,3.7296759494040416e-08
2.0616159344462858e+18,1.379885571566984e+22
6.373974118272158e-06,3.2172656073156802
-0.0004743010978708,3.7296759494040416e-08
-0.0004743010978708,3.7296759494040416e-08
-0.0004743010978708,3.7296759494040416e-08
-0.0004743010978708,3.7296759494040416e-08
-0.0004743010978708,3.7296759494040416e-08
1.2768095488359539e+22,-1.9076153598331876e+18
-0.0004743010978708,3.729675949404057e-08
-0.0004743010978657197,3.7296759493281395e-08
-0.0002443045380879814,1.5394183598447682
-0.0004743010978708,3.7296759494040416e-08
-0.0004743010978708,3.7296759494040416e-08
-0.0004743010978708,3.7296759494040416e-08
7.1559951606713795e-06,3.222499848742857
-0.0004743010978708,3.7296759517676023e-08
-0.0004743010978708,3.7296759494040416e-08
-0.0004743010978708,3.7296759494040416e-08
-0.0004743010978708,3.7296759494040416e-08
-0.0004743010978708,3.7296759494040416e-08
-0.0004743010978708,3.7296759494040416e-08
-0.0004743010978708,3.729675949404058e-08
-0.0004743010978708,3.7296759494040416e-08
-9.134453137090841e-05,2.563213833914806
-0.0004743010978708,3.7296759494040416e-08
-0.0004743010978708,3.7296759494040416e-08
-0.0004743010978708,3.7296759494040416e-08
7.926368171739303e-06,3.2276561272955377
-0.0004743010978708,3.729675950434232e-08
-0.0004743010978708,3.7296759494040416e-08
-0.0004743010978708,3.7296759494040416e-08
-0.0004743010978708,3.7296759494040416e-08
-0.0004743010978708,3.7296759494040416e-08
-0.0004743010978708,3.7296759494040416e-08
-0.0004743010978708,3.729675949404059e-08
-0.0004743010978707821,3.729675949403774e-08
-0.0004743010978708,3.7296759494040416e-08
-0.0004743010978708,3.7296759494040416e-08
-0.0004743010978708,3.7296759494040416e-08
2.0176879584947953e+18,1.3504835965478668e+22
8.708424835052891e-06,3.2328906071412913
-0.0004743010978708,3.7296759500926086e-08
-0.0004743010978708,3.7296759494040416e-08
-0.0004743010978708,3.7296759494040416e-08
-0.0004743010978708,3.7296759494040416e-08
-0.0004743010978708,3.7296759494040416e-08
3.154777133262401e+21,-4.7133899662236006e+17
-0.0004743010978708,3.729675949404062e-08
-0.0004743010831032444,7.106588382663209e-08
-0.0004743010978708,3.7296759494040416e-08
-0.0004743010978708,3.7296759494040416e-08
-0.0004743010978708,3.7296759494040416e-08
-0.0004743010978708,3.7296759494040416e-08
9.490445877452167e-06,3.238124848568468
-0.00047430109787079995,3.729675950510123e-08
-0.0004743010978708,3.7296759494040416e-08
-0.0004743010978708,3.7296759494040416e-08
-0.0004743010978708,3.7296759494040416e-08
-0.0004743010978708,3.7296759494040416e-08
-0.000474301096618424,4.5679133306585985e-08
-0.0004743010978708,3.7296759494040634e-08
-0.00047430108208838416,6.454228238741707e-08
-0.0004743010978708,3.7296759494040416e-08
-0.0004743010978708,3.7296759494040416e-08
-0.0004743010978708,3.7296759494040416e-08
7.341423251243781e+17,-109684422158942.23
-151996491767133.72,22709012682.54892
-0.00047430109787079995,3.7296759506402266e-08
-0.0004743010978708,3.7296759494040416e-08
-0.0004743010978708,3.7296759494040416e-08
-0.0004743010978708,3.7296759494040416e-08
-0.0004743010978708,3.7296759494040416e-08
-0.0004743010978708,3.7296759494040416e-08
-0.0004743010978708,3.729675949404065e-08
-0.0004743010740719573,1.9658760667181448e-07
-0.0004743010978708,3.7296759494040416e-08
-0.0004743010978708,3.7296759494040416e-08
-0.0004743010978708,3.7296759494040416e-08
-0.00047263185644140217,0.011172642850502254
-3.902931888255675e-05,3.2483592118582942
-0.00047430109787079995,3.72967594940404e-08
-7.501662732491897e-05,2.672500140983646
-0.0004743010978708,3.7296759494040416e-08
-0.0004743010978708,3.7296759494040416e-08
-0.0004743010978708,3.7296759494040416e-08
1.7580921532659082e+30,1.176730328497548e+34
-0.0004743010978708,3.7296759494040634e-08
-0.00047430109787077355,3.7296759494036465e-08
-0.0004743010978708,3.7296759494040416e-08
-0.0004743010978708,3.7296759494040416e-08
-0.0004743010978708,3.7296759494040416e-08
1.951500104554851e+18,1.3061825882277882e+22
1.1533090254635349e-05,3.2517967234158776
-0.0004743010978707999,3.7296759507378015e-08
0.6559258952809435,-9.803207450666852e-05
-0.0004743010978708,3.7296759494040416e-08
-0.0004743010978708,3.7296759494040416e-08
-0.0004743010978708,3.7296759494040416e-08
-0.0004650003914230194,3.5907188865181865e-08
-0.0004743010978708,3.7296759494040654e-08
-0.00047430109787074666,3.729675949403244e-08
-0.0004663476664271473,0.05323412959383517
-0.0004743010978708,3.7296759494040416e-08
-0.0004743010978708,3.7296759494040416e-08
-0.0004743010978708,3.7296759494040416e-08
-3.21864394815985e+26,4.808810083650722e+22
-0.00047430109787079984,3.729675950493854e-08
-0.0004743010978708,3.7296759494040416e-08
-0.0004743010978708,3.7296759494040416e-08
-0.0004743010978708,3.7296759494040416e-08
7351715358.578533,49206672203449.05
-0.0004743010978708,3.7296759494040416e-08
-0.0004743010978708,3.7296759494040416e-08
-0.0004743010978708,3.7296759494040416e-08
-0.0004743010978708,3.7296759494040416e-08
-0.0004743010978708,3.7296759494040416e-08
-0.0004743010978708,3.7296759494040416e-08
1.1806823550724201e+22,-1.763996672544894e+18
1.9023205369611046e+17,-28421590979963.367
-0.0004743010978708,3.7296759494040416e-08
-0.0004743010978708,3.7296759494040416e-08
-0.0004743010978708,3.7296759494040416e-08
-0.0004743010978708,3.7296759494040416e-08
-0.0004743010978708,3.7296759494040416e-08
-0.0004743010978708,3.7296759494040416e-08
-0.0004743010978708,3.7296759494040416e-08
-0.0004743010978708,3.7296759494040416e-08
-0.0004743010978708,3.7296759494040416e-08
-0.0004743010978708,3.7296759494040416e-08
9.473555897621013e+21,-1.4153951589641162e+18
1.2249534144553113e+22,-1.8301397813208924e+18
-107374182.80159433,16045.482981485866
-0.0004743010978708,3.7296759494040416e-08
-0.0004743010978708,3.7296759494040416e-08
-0.0004743010978708,3.7296759494040416e-08
-0.0004743010978708,3.7296759494040416e-08
1.530113277656711e+22,1.394727279038833e+22
-0.0004743010978708,3.729675949404056e-08
-0.0004743010978708,3.7296759494040416e-08
-0.0004743010978708,3.7296759494040416e-08
-0.0004743010978708,3.7296759494040416e-08
-0.0004743010978708,3.7296759494040416e-08
-0.00047430109787079957,3.729675949404035e-08
-0.0004743010978708,3.7296759494040416e-08
1.308551992901686e-05,3.2621874818143115
-0.0004743010978708,3.729675954174531e-08
-0.0004743010978708,3.7296759494040416e-08
-0.0004743010978708,3.7296759494040416e-08
-0.0004743010978708,3.7296759494040416e-08
-0.0004743010978708,3.729675949404057e-08
-0.000474301097866146,3.7327909819067456e-08
-0.0004743010978708,3.7296759494040416e-08
-0.0004743010978708,3.7296759494040416e-08
-0.0004743010978708,3.7296759494040416e-08
-0.0004743010978708,3.7296759494040416e-08
-0.0004743010978708,3.7296759494040416e-08
1.262559549763243e+22,1.2911495573796574e+22
1.3470688624093584e-05,3.2647655018813637
-0.00047430109787079984,3.7296759573848105e-08
-0.0004743010978708,3.7296759494040416e-08
-0.0004743010978708,3.7296759494040416e-08
-0.0004743010978708,3.7296759494040416e-08
-0.0004743010978708,3.7296759494040416e-08
-0.0004743010978708,3.729675949404042e-08
-0.0004743010978708,3.729675949404076e-08
-0.0004743010716050711,3.7296755569813196e-08
-0.0004743010978708,3.7296759494040416e-08
-0.0004743010978708,3.7296759494040416e-08
-0.0004743010978708,3.7296759494040416e-08
1.211926414908563e+22,-1.8106768125088466e+18
-4.932681898657894e+32,7.3696658703951265e+28
-0.0004743010978707998,3.729675951052283e-08
0.0035230442359321847,26.755124784461742
-0.0004743010978708,3.7296759494040416e-08
-0.0004743010978708,3.7296759494040416e-08
-0.0004743010978708,3.7296759494040416e-08
-0.0004743010978708,3.7296759494040416e-08
-0.0004743010978708,3.7296759494040787e-08
-0.0004743010978707843,3.7296759507592606e-08
-0.0004743010978708,3.7296759494040416e-08
-0.0004743010978708,3.7296759494040416e-08
-0.0004743010978708,3.7296759494040416e-08
-0.0004743010978708,3.7296759494040416e-08
0.058764246098746545,3.269952103545908
-0.0004743010978707998,3.729675951941327e-08
-0.0004743010978708,3.7296759494040416e-08
-0.0004743010978708,3.7296759494040416e-08
-0.0004743010978708,3.7296759494040416e-08
-0.0004743010978708,3.7296759494040416e-08
-0.0004743010978708,3.7296759494040416e-08
-0.0004743010978708,3.729675949404082e-08
-0.0004743010978708,3.7296759494040416e-08
-0.0004743010978708,3.7296759494040416e-08
-0.0004743010978708,3.7296759494040416e-08
-0.0004743010978708,3.7296759494040416e-08
1.9954671063636175e+18,1.3356106841244524e+22
1.463203839590743e-05,3.272538901147638
-0.0004743010978707997,3.729676032678864e-08
-0.0004743010978708,3.7296759494040416e-08
-0.0004743010978708,3.7296759494040416e-08
-0.0004743010978708,3.7296759494040416e-08
-0.0004743010978708,3.7296759494040416e-08
-0.0004743010965834073,4.591356622149382e-08
-0.0004743010978708,3.729675949404087e-08
-0.0004743010978708,3.7296759494040416e-08
-0.0004743010978708,3.7296759494040416e-08
-0.0004743010978708,3.7296759494040416e-08
-0.0004743010978708,3.7296759494040416e-08
-0.0004743010978708,3.7296759494040416e-08
1.5017276472317244e-05,3.2751171596332616
-0.00047430109787079957,3.729676094443024e-08
-0.0004743010978708,3.7296759494040416e-08
-0.0004743010978708,3.7296759494040416e-08
-0.0004743010978708,3.7296759494040416e-08
-0.0004743010978708,3.7296759494040416e-08
11802162.86780289,-1763.3003439571623
-0.0004743010978708,3.7296759494040945e-08
-0.0004743010789939226,3.731045803512249e-08
-0.0004743010978708,3.7296759494040416e-08
-0.0004743010978708,3.7296759494040416e-08
-0.0004743010978708,3.7296759494040416e-08
-0.0004743010978708,3.7296759494040416e-08
2.720082991716736e+23,-4.063935846775632e+19
-0.0004743010978707995,3.729676114565614e-08
-0.0004743010978708,3.7296759494040416e-08
-0.0004743010978708,3.7296759494040416e-08
-0.0004743010978708,3.7296759494040416e-08
-0.0004743010978708,3.7296759494040416e-08
-0.0004743010978708,3.7296759494040416e-08
-0.0004743010978708,3.729675949404096e-08
-0.00047430108581694627,3.730784215993781e-08
-0.0004743010978708,3.7296759494040416e-08
-0.0004743010978708,3.7296759494040416e-08
-0.0004743010978708,3.7296759494040416e-08
-0.0004743010978708,3.7296759494040416e-08
1.579926375429785e-05,3.280351401060443
-0.0004743010978707995,3.7296760944427154e-08
-0.0004743010978708,3.7296759494040416e-08
-0.0004743010978708,3.7296759494040416e-08
-0.0004743010978708,3.7296759494040416e-08
-0.0004743010978708,3.7296759494040416e-08
2.6576179295961344,-0.00039709456771848883
-0.0004743010978708,3.7296759494041005e-08
-0.0004743010891143699,3.73045472434676e-08
-0.0004743010978708,3.7296759494040416e-08
-0.0004743010978708,3.7296759494040416e-08
-0.0004743010978708,3.7296759494040416e-08
-0.0004742948639023331,4.1762639474389e-05
1.6184501830707665e-05,3.282929659546067
-0.0004743010978707995,3.7296760847282533e-08
0.021628247911248774,0.02026545307572099
-0.0004743010978708,3.7296759494040416e-08
-0.0004743010978708,3.7296759494040416e-08
-0.0004743010978708,3.7296759494040416e-08
0.00016290520216409978,-5.790495061513296e-08
-0.0004743010978708,3.7296759494041045e-08
-0.00047430105920621556,3.733427630004639e-08
-0.0004118141341156649,2.7960904200875588e-08
-0.0004743010978708,3.7296759494040416e-08
-0.0004743010978708,3.7296759494040416e-08
-0.0004743010978708,3.7296759494040416e-08
1.6569670525784443e-05,3.285507679613119
-0.00047430109787079946,3.729676114565412e-08
0.013995555690677088,0.014282644662571693
-0.0004743010978708,3.7296759494040416e-08
-0.0004743010978708,3.7296759494040416e-08
-0.0004743010978708,3.7296759494040416e-08
-0.0004743010978708,3.7296759494040416e-08
-0.0004743010978708,3.729675949404109e-08
-0.0004743010978708,3.7296759494040416e-08
-0.0004743010978708,3.7296759494040416e-08
-0.0004743010978708,3.7296759494040416e-08
-0.0004743010978708,3.7296759494040416e-08
-0.0004743010978708,3.7296759494040416e-08
1.6954874841752223e-05,3.2880859380987477
-0.00047430109787079935,3.729676150663001e-08
-0.00047283256847444386,0.009829232403354891
-0.00047430038520179915,4.807349489243416e-06
-0.0004743010978708,3.7296759494040416e-08
-0.0004743010978708,3.7296759494040416e-08
-0.0004743010978708,3.7296759494040416e-08
-0.0004743010978708,3.7296759494041e-08
-0.00047429871081643447,1.6014384550252115e-05
-0.0004743010978708,3.7296759494040416e-08
-0.0004743010978708,3.7296759494040416e-08
-0.0004743010978708,3.7296759494040416e-08
-0.0004743010978708,3.7296759494040416e-08
89128.9599600861,-10.025595612961853
-0.00047430109787079935,3.729676146499389e-08
-0.00047423497376104925,0.00044262072587076547
-0.0004743010978708,3.7296759494040416e-08
-0.0004743010978708,3.7296759494040416e-08
-0.0004743010978708,3.7296759494040416e-08
-0.0004743010978708,3.7296759494040416e-08
-0.0004743010978708,3.729675949404102e-08
-0.00047429847527207084,1.2257752077753518e-05
-0.00015181979219125018,0.00036629109485911387
-0.0004743010978708,3.7296759494040416e-08
-0.0004743010978708,3.7296759494040416e-08
-0.0004743010978708,3.7296759494040416e-08
-3.23177730718121e-05,3.2932810863569255
-0.0004743010978707993,3.729676165928461e-08
-0.0004742554912203721,0.0003052927899941877
-0.00010226872904357039,-1.8286679851080835e-08
-0.0004743010978708,3.7296759494040416e-08
-0.0004743010978708,3.7296759494040416e-08
-0.0004743010978708,3.7296759494040416e-08
-0.0004743010978708,3.729675949404099e-08
-0.0004742982299431016,1.923297712453989e-05
-0.00023961563767526116,0.0002594934440540104
-0.0004743010978708,3.7296759494040416e-08
-0.0004743010978708,3.7296759494040416e-08
-0.0004743010978708,3.7296759494040416e-08
1.8122100200142644e-05,3.295898438011553
-0.00047430109787079924,3.729676183969225e-08
-0.00047426903392268447,0.0002146484599389912
-0.00024538533942102686,1.2997582672532846e-06
-0.0004743010978708,3.7296759494040416e-08
-0.0004743010978708,3.7296759494040416e-08
5816264.232371506,38929555021.51096
-0.0004743010978708,3.7296759494040476e-08
-0.0004742943646375182,4.510433033619845e-05
-0.00047427145628024683,0.00019843507997038156
-0.0004743010978708,3.7296759494040416e-08
-0.0004743010978708,3.7296759494040416e-08
-0.0004743010978708,3.7296759494040416e-08
4.056481784786893e+29,-6.06058042610804e+25
-0.0004743010978708,3.7296759494040416e-08
-0.0004743010978708,3.7296759494040416e-08
-0.0004743010978708,3.7296759494040416e-08
-0.0004743010978708,3.7296759494040416e-08
9.473557023520905e+21,-1.4153953427744888e+18
-0.0004743010978708,3.7296759494040416e-08
-0.0004743010978708,3.7296759494040416e-08
-0.0004743010978708,3.7296759494040416e-08
-0.0004743010978708,3.7296759494040416e-08
-0.0004743010978708,3.7296759494040416e-08
1.0419137079638884e+34,-1.556669586896897e+30
-0.00042723912686880273,8.456721704369077e-08
-3.115054771342168e-05,3.301093586269731
-0.0004743010978708,3.7296759494040416e-08
-0.0004743010978708,3.7296759494040416e-08
-0.0004743010978708,3.7296759494040416e-08
-0.0004743010978708,3.7296759494040416e-08
6.20764585764863e+26,-9.2745237277826e+22
-0.00047430109786877753,3.731029120870044e-08
-0.0004743010978708,3.7296759494040416e-08
-0.0004743010978708,3.7296759494040416e-08
-0.0004743010978708,3.7296759494040416e-08
-0.0004743010978708,3.7296759494040416e-08
4.018164912322615e+32,2.6894474834275456e+36
0.18788952022414404,941.5688910949954
1.9283483759683284e-05,3.303671837277822
-0.0004743010978708,3.7296759494040416e-08
-0.0004743010978708,3.7296759494040416e-08
-0.0004743010978708,3.7296759494040416e-08
-0.0004743010978708,3.7296759494040416e-08
32989.322648810965,959291.2069418577
58.0604801068,-0.008618975535509284
-0.0004743010978708,3.7296759494040416e-08
-0.0004743010978708,3.7296759494040416e-08
-0.0004743010978708,3.7296759494040416e-08
-0.0004743010978708,3.7296759494040416e-08
141185183039235.75,35550899533564.51
58679.41293328359,-8.766988776685652
1.9668652427475247e-05,3.3062498573448744
-0.0004743010978708,3.7296759494040416e-08
-0.0004743010978708,3.7296759494040416e-08
-0.0004743010978708,3.7296759494040416e-08
-0.0004743010978708,3.7296759494040416e-08
587239.0518310603,3930522068.1318192
2321.7811865312633,15539821.826553065
-0.0004743010978708,3.7296759494040416e-08
-0.0004743010978708,3.7296759494040416e-08
-0.0004743010978708,3.7296759494040416e-08
-0.0004743010978708,3.7296759494040416e-08
564776328360842.4,35490834188585.77
828358.6152804699,-123.76077852302333
-2.3021535502623438e+20,3.4395290019398132e+16
-0.0004743010978708,3.7296759494040416e-08
-0.0004743010978708,3.7296759494040416e-08
-0.0004743010978708,3.7296759494040416e-08
-0.0004743010978708,3.7296759494040416e-08
2308772.8133890745,15453128531.529037
9934610937869.102,6.646814862628292e+16
-0.0004743010978708,3.7296759494040416e-08
-0.0004743010978708,3.7296759494040416e-08
-0.0004743010978708,3.7296759494040416e-08
-0.0004743010978708,3.7296759494040416e-08
9036341526811910.0,34222993798001.668
13303914347.51582,-1987669.2373732259
126443838076.77245,-18891319.038972273
-0.0004743010978708,3.7296759494040416e-08
-0.0004743010978708,3.7296759494040416e-08
-0.0004743010978708,3.7296759494040416e-08
-0.0004743010978708,3.7296759494040416e-08
574637.5232480601,3846177237.0731845
997698153387.5,3728796638.7811384
-0.0004743010978708,3.7296759494040416e-08
-0.0004743010978708,3.7296759494040416e-08
-0.0004743010978708,3.7296759494040416e-08
-0.0004743010978708,3.7296759494040416e-08
35568791863434.89,132556818397.17415
186601.57556805658,-27.879179982295103
-71.67997867512621,3.3247325960089844
-0.0004743010978708,3.7296759494040416e-08
-0.0004743010978708,3.7296759494040416e-08
-0.0004743010978708,3.7296759494040416e-08
-0.0004743010978708,3.7296759494040416e-08
0.007379347244018885,0.17009243200129984
0.0384037773070416,0.04128081317403694
-0.0004743010978708,3.7296759494040416e-08
-0.0004743010978708,3.7296759494040416e-08
-0.0004743010978708,3.7296759494040416e-08
-0.0004743010978708,3.7296759494040416e-08
-0.0004743010978708,3.7296759494040416e-08
-0.0004743010978708,3.7296759494040416e-08
2.122108210183345e-05,3.3166406157433084
-0.0004743010978708,3.7296759494040416e-08
-0.0004743010978708,3.7296759494040416e-08
-0.0004743010978708,3.7296759494040416e-08
-0.0004743010978708,3.7296759494040416e-08
-0.0004743010978708,3.7296759494040416e-08
-0.0004743010978708,3.7296759494040416e-08
-0.0004743010978708,3.729675949404051e-08
-0.0004742914239450084,2.543313252611324e-05
-0.0004743010978708,3.7296759494040416e-08
-0.0004743010978708,3.7296759494040416e-08
-0.0004743010978708,3.7296759494040416e-08
44257716500091.87,-6612317386.229479
126443838076.77246,-18891319.031159773
-0.00047430109787079865,3.7296762922154536e-08
-0.00046279250068076194,2.269045940397502e-05
-0.0004742970360570521,2.72239229953995e-05
-0.0004743010978708,3.7296759494040416e-08
-0.0004743010978708,3.7296759494040416e-08
1.7940313516070158e+30,1.2007852363084435e+34
-0.0004743010978708,3.7296759494040515e-08
-0.00047429767782146426,2.2928450507454056e-05
-0.00047429790892542027,2.138162013472016e-05
-0.0004743010978708,3.7296759494040416e-08
-0.0004743010978708,3.7296759494040416e-08
-0.0004743010978708,3.7296759494040416e-08
-71.67997750790084,3.3325450959217897
-0.0004743010978707984,3.72967637967571e-08
-0.0004594552114603242,1.8875223470820046e-05
-0.0004533138894052287,3.416116881292085e-08
-0.0004743010978708,3.7296759494040416e-08
-0.0004743010978708,3.7296759494040416e-08
-0.0004743010978708,3.7296759494040416e-08
-0.0004743010978708,3.729675949404051e-08
-0.0004742910380350893,1.8276316761339315e-05
-0.0004743010978708,3.7296759494040416e-08
-0.0004743010978708,3.7296759494040416e-08
-0.0004743010978708,3.7296759494040416e-08
-0.0004743010978708,3.7296759494040416e-08
2.242418888425584e-05,3.324414015003344
-0.00047430109787079924,3.7296764185331064e-08
-0.00045796412479870376,1.4998151246915494e-05
-0.000457483185309932,2.018803365876664e-05
-0.0004743010978708,3.7296759494040416e-08
-0.0004743010978708,3.7296759494040416e-08
-0.0004743010978708,3.7296759494040416e-08
-0.0004743010978708,3.7296759494040495e-08
-0.00047429888915841314,1.482070187132818e-05
-0.0004743010978708,3.7296759494040416e-08
-0.0004743010978708,3.7296759494040416e-08
-0.0004743010978708,3.7296759494040416e-08
-0.0004743010978708,3.7296759494040416e-08
5.848603084486666e+35,-8.738096521682555e+31
-0.0004743010978707991,3.729676521168892e-08
-0.00046046928436939584,1.3031620433578085e-05
-0.0004598139897585919,3.5132315315219286e-08
-0.0004743010978708,3.7296759494040416e-08
-0.0004743010978708,3.7296759494040416e-08
670100939465.0671,-100116328.69816893
-0.0004743010978708,3.7296759494040515e-08
-0.0004742990939873691,1.34497359396398e-05
-0.0004743010978708,3.7296759494040416e-08
-0.0004743010978708,3.7296759494040416e-08
-0.0004743010978708,3.7296759494040416e-08
-0.0004743010978708,3.7296759494040416e-08
-3.21864394815985e+26,4.808810083650722e+22
-0.0004743010978707999,3.7296759494222515e-08
-0.00046321135279745596,1.1363128233891892e-05
-0.0004743010978708,3.7296759494040416e-08
-0.0004743010978708,3.7296759494040416e-08
-0.0004743010978708,3.7296759494040416e-08
-0.0004743010978708,3.7296759494040416e-08
-0.0004743010978708,3.729675949404051e-08
-0.00047429940587847446,1.1362179140422332e-05
-0.0004742994944943821,1.076905308677564e-05
-0.0004743010978708,3.7296759494040416e-08
-0.0004743010978708,3.7296759494040416e-08
-0.0004743010978708,3.7296759494040416e-08
2.359141424264626e-05,3.3322265149161496
-0.0004743010978707983,3.729676976360326e-08
-0.0004655959248223683,9.514738228679581e-06
-0.00046297303953440856,3.560429266535106e-08
-0.0004743010978708,3.7296759494040416e-08
-0.0004743010978708,3.7296759494040416e-08
2.0206565830119462e+29,-3.0189588871855165e+25
-0.0004743010978708,3.729675949404054e-08
-0.000474283898442983,9.15891406046985e-06
-0.0004658927168790943,9.098881553025399e-06
-0.0004743010978708,3.7296759494040416e-08
-0.0004743010978708,3.7296759494040416e-08
-0.0004743010978708,3.7296759494040416e-08
2.393485968753316e-05,3.334804534989435
-0.00047430109787079984,3.729675949404039e-08
-0.0004649419395861545,8.26293659939881e-06
-0.0004645824076716331,3.584474006653118e-08
-0.0004743010978708,3.7296759494040416e-08
-0.0004743010978708,3.7296759494040416e-08
-0.0004743010978708,3.7296759494040416e-08
-0.0004743010978708,3.7296759494040555e-08
-0.00047429981520360923,8.622474629545354e-06
-0.00046696720845623154,7.668514225795675e-06
-0.0004743010978708,3.7296759494040416e-08
-0.0004743010978708,3.7296759494040416e-08
-0.0004743010978708,3.7296759494040416e-08
2.4320064003524253e-05,3.3373827934750637
-0.0004743010978707999,3.7296759494040396e-08
-0.00046678982170559366,7.338530317827013e-06
-0.0004660724601097584,3.606736112387808e-08
-0.0004743010978708,3.7296759494040416e-08
-0.0004743010978708,3.7296759494040416e-08
-0.0004743010978708,3.7296759494040416e-08
-0.0004743010978708,3.7296759494040575e-08
-0.0004742771719202653,7.429324233345292e-06
-0.0004675931405752068,7.071120194311115e-06
-0.0004743010978708,3.7296759494040416e-08
-0.0004743010978708,3.7296759494040416e-08
-0.00047272322402698173,0.010561099201932125
2.470523269860103e-05,3.339960813542116
-0.0004743010978707975,3.729677537022947e-08
-0.0004675945779099962,6.712774490337043e-06
-0.0004743010978708,3.7296759494040416e-08
-0.0004743010978708,3.7296759494040416e-08
-0.0004743010978708,3.7296759494040416e-08
1.2206308595812046e+22,-1.8236816748013376e+18
-0.0004743010978708,3.7296759494040595e-08
-0.0004743000869701201,6.803480698827606e-06
-0.00046818929215580534,6.385749473216871e-06
-0.0004743010978708,3.7296759494040416e-08
-0.0004743010978708,3.7296759494040416e-08
-0.0004743010978708,3.7296759494040416e-08
-107374182.80158193,16045.56598929744
-0.00047430109787079686,3.729677970009922e-08
-0.00046863774834761374,6.116124462566455e-06
-0.0004743010978708,3.7296759494040416e-08
-0.0004743010978708,3.7296759494040416e-08
-0.0004743010978708,3.7296759494040416e-08
-0.0004743010978708,3.7296759494040416e-08
-0.0004743010978708,3.729675949404058e-08
-0.0004742953481980448,6.1776353064316504e-06
-0.00046881519415975905,5.968615924894193e-06
-0.0004743010978708,3.7296759494040416e-08
-0.0004743010978708,3.7296759494040416e-08
-0.0004743010978708,3.7296759494040416e-08
2.5487289361914673e-05,3.3451952933878695
-0.00047430109787079594,3.729678558428118e-08
-0.0004743002830429169,5.491121695572665e-06
-0.0004743010978708,3.7296759494040416e-08
-0.0004743010978708,3.7296759494040416e-08
-0.0004743010978708,3.7296759494040416e-08
-0.0004743010978708,3.7296759494040416e-08
-0.0004743010978708,3.7296759494040595e-08
-0.00047429991863570176,3.910128105533687e-08
-0.0004692631152808563,3.654406047327333e-08
-0.0004743010978708,3.7296759494040416e-08
-0.0004743010978708,3.7296759494040416e-08
-0.0004743010978704404,3.729916652930512e-08
2.587245805699145e-05,3.3477733134549212
-0.000474301097870796,3.729678502916967e-08
-0.0004742742772529009,5.014280646656514e-06
-0.0004743010978708,3.7296759494040416e-08
-0.0004743010978708,3.7296759494040416e-08
-0.0004743010978708,3.7296759494040416e-08
-0.00047430109783481994,3.729675948866482e-08
-0.0004743010978708,3.729675949404058e-08
-0.0004743010975793887,3.924724036018467e-08
-0.0004743010978708,3.7296759494040416e-08
-0.0004743010978708,3.7296759494040416e-08
-0.0004743010978708,3.7296759494040416e-08
-0.0004743010978708,3.7296759494040416e-08
-4.932681898657894e+32,7.3696658703951265e+28
-0.00047430109787079556,3.729678835983871e-08
-0.00046935322670750465,4.626115222485925e-06
-0.0004743010978708,3.7296759494040416e-08
-0.0004743010978708,3.7296759494040416e-08
-0.0004743010978708,3.7296759494040416e-08
-0.0004743010978708,3.7296759494040416e-08
-0.0004743010978708,3.729675949404057e-08
-0.0004743010978708,3.7296759494040416e-08
-0.00047027778439336494,3.669565695733272e-08
-0.0004743010978708,3.7296759494040416e-08
-0.0004743010978708,3.7296759494040416e-08
0.640364434005954,-9.570711675735634e-05
0.058776647868179446,3.352959915119466
-0.00047430109787079534,3.729678969210633e-08
0.0006397523525886582,0.0010832448873025087
-0.0004743010978708,3.7296759494040416e-08
2016145.7336397872,13494513513.389027
-0.0004743010978708,3.7296759494040416e-08
-0.0004743010978708,3.7296759494040416e-08
-0.0004743010978708,3.729675949404063e-08
-0.0004743010978708,3.7296759494040416e-08
-0.0004743010978708,3.7296759494040416e-08
-0.0004743010978708,3.7296759494040416e-08
-0.0004743010978708,3.7296759494040416e-08
-0.0004743010978708,3.7296759494040416e-08
2.7033807828805243e-05,3.3555467127211953
-0.0004743010978707939,3.729679946206883e-08
-0.0004743010978708,3.7296759494040416e-08
-0.0004743010978708,3.7296759494040416e-08
2116411.617344067,14165615457.898922
-0.0004743010978708,3.7296759494040416e-08
-0.0004743010978708,3.7296759494040416e-08
-0.0004743010978708,3.729675949404067e-08
-0.0004743010978708,3.7296759494040416e-08
-0.0004743010978708,3.7296759494040416e-08
-0.0004743010978708,3.7296759494040416e-08
-0.0004743010978708,3.7296759494040416e-08
9.74074770513136e+21,-1.4553149258249981e+18
-4.932681898657894e+32,7.3696658703951265e+28
-0.0004743010978707923,3.729680967612054e-08
-0.0004743010978708,3.7296759494040416e-08
-0.0004743010978708,3.7296759494040416e-08
-0.0004743010978708,3.7296759494040416e-08
-0.0004743010978708,3.7296759494040416e-08
-0.0004743010978708,3.7296759494040416e-08
-0.0004743010978708,3.7296759494040634e-08
-0.0004743010978708,3.7296759494040416e-08
-0.0004743010978708,3.7296759494040416e-08
-0.0004743010978708,3.7296759494040416e-08
-0.0004743010978708,3.7296759494040416e-08
-0.0004743010978708,3.7296759494040416e-08
2.720082991716736e+23,-4.063935846775632e+19
-0.0004743010978707915,3.7296815005191e-08
1935093.1696862478,12952010607.44385
-0.0004743010978708,3.7296759494040416e-08
131649.02848712765,881156342.1654985
-0.0004743010978708,3.7296759494040416e-08
-0.0004743010978708,3.7296759494040416e-08
-0.0004743010978708,3.72967594940407e-08
-0.0004743010978708,3.7296759494040416e-08
-0.0004743010978708,3.7296759494040416e-08
-0.0004743010978708,3.7296759494040416e-08
-0.0004743010978708,3.7296759494040416e-08
-0.0004743010978708,3.7296759494040416e-08
-151996491767133.72,22709012682.669037
-0.0004743010978707919,3.729681234065577e-08
-0.0004743010978708,3.7296759494040416e-08
-0.0004743010978708,3.7296759494040416e-08
-0.0004743010978708,3.7296759494040416e-08
-0.0004743010978708,3.7296759494040416e-08
-0.0004743010978708,3.7296759494040416e-08
-0.0004743010978708,3.72967594940407e-08
-0.0004743010978708,3.7296759494040416e-08
-0.0004743010978708,3.7296759494040416e-08
-0.0004743010978708,3.7296759494040416e-08
-0.0004743010978708,3.7296759494040416e-08
-0.0004743010978708,3.7296759494040416e-08
2.8586271263605478e-05,3.365937471119625
-0.00047430109787078797,3.7296838986008066e-08
-0.0004743010978708,3.7296759494040416e-08
-0.0004743010978708,3.7296759494040416e-08
-0.0004741879071565961,3.727984825264167e-08
-0.0004743010978708,3.7296759494040416e-08
-0.0004743010978708,3.7296759494040416e-08
-0.0004743010978708,3.729675949404069e-08
-0.0004742951606894531,3.7295872450366456e-08
-0.0004743010978708,3.7296759494040416e-08
-0.0004743006557412775,3.729669343774651e-08
-0.0004743010978708,3.7296759494040416e-08
9003058755453.723,-1345100620.7653894
2.8971439958682256e-05,3.368515491186677
-0.0004743010978707833,3.729687007225241e-08
-0.00047428841683358117,8.491430997234607e-05
-0.00047428613709655306,0.0001001730988645442
114102.7034637556,763714871.4762515
-0.0004743010978708,3.7296759494040416e-08
-0.0004743010978708,3.7296759494040416e-08
-0.0004743010978708,3.729675949404068e-08
-0.0004743004388843153,4.448040423645059e-06
-0.0004743010978708,3.7296759494040416e-08
-0.00047430083036403625,3.729671952723316e-08
-0.0004743010978708,3.7296759494040416e-08
-0.0004743010978708,3.7296759494040416e-08
-151996491767133.72,22709012682.67685
-0.00047430109787078043,3.729688919282158e-08
-0.0004639285094861054,9.27446708780583e-06
-0.0004743010978708,3.7296759494040416e-08
-0.0004742982716478284,3.167794643457247e-06
-0.0004743010978708,3.7296759494040416e-08
-0.0004743010978708,3.7296759494040416e-08
-0.0004743010978708,3.729675949404066e-08
-0.00047421765622021465,3.6586737296826354e-06
-0.0004743010978708,3.7296759494040416e-08
-0.00047428607098069125,5.022061296193848e-08
-0.0004743010978708,3.7296759494040416e-08
-0.0004743010978708,3.7296759494040416e-08
2.9753496621995898e-05,3.37374997103243
-0.0004743010978707884,3.729683544093804e-08
-0.0004743010978708,3.7296759494040416e-08
-0.00047429492712917345,3.729583755532849e-08
17631.092080661027,118008838.6829147
-0.0004743010978708,3.7296759494040416e-08
-0.0004743010978708,3.7296759494040416e-08
-0.0004743010978708,3.7296759494040714e-08
-0.00047417811874113055,9.06363394555771e-05
-0.0004743010978708,3.7296759494040416e-08
-0.00047428758715543256,5.627845351939591e-08
-0.0004743010978708,3.7296759494040416e-08
-0.0004743010978708,3.7296759494040416e-08
-1.9916003638914288e-05,3.3762888979304835
-0.00047430109787076574,3.7296986897881204e-08
-0.00046451275650704184,8.825070958598078e-05
-0.0004743010978708,3.7296759494040416e-08
-0.00047429149638074245,3.495614861023098e-06
-0.0004743010978708,3.7296759494040416e-08
-0.0004743010978708,3.7296759494040416e-08
-0.0004743010978708,3.729675949404072e-08
-0.0004741674720635756,9.635838382721257e-05
-0.0003860728311327395,8.966950177146425e-05
-0.000474023443115146,5.577334026132099e-08
-0.0004743010978708,3.7296759494040416e-08
-0.0004743010978708,3.7296759494040416e-08
3.052386963304046e-05,3.378906249585111
-0.0004743010978707487,3.729710055454972e-08
-0.0004743010978708,3.7296759494040416e-08
-0.00047428542287420664,0.00010495354848286085
-0.0004742867449540612,2.5717478311490666e-06
-0.0004743010978708,3.7296759494040416e-08
-0.0004743010978708,3.7296759494040416e-08
-0.0004743010978708,3.729675949404077e-08
0.0010386595483271488,10.12499992425726
-0.0004743010978708,3.7296759494040416e-08
-0.00035744563909793984,2.6679403890395157e-08
-0.0004743010978708,3.7296759494040416e-08
-0.0004743010978708,3.7296759494040416e-08
89128.9599736551,-9.934775301475488
-0.0004743010978707952,3.72967890297062e-08
-0.0004743010978708,3.7296759494040416e-08
-0.0004743009765231014,8.495039976651474e-07
-0.00047285489427741767,1.5501763464476086e-06
-0.0004743010978708,3.7296759494040416e-08
-0.0004743010978708,3.7296759494040416e-08
-0.0004743010978708,3.729675949404083e-08
-0.0004738540304118518,3.722996544849552e-08
-0.0004743010978708,3.7296759494040416e-08
-0.00047430109714868964,4.21300052436786e-08
-0.0004743010978708,3.7296759494040416e-08
-0.0004743010978708,3.7296759494040416e-08
-1.8748778280523867e-05,3.384101397843289
-0.00047430109787079827,3.729676698898248e-08
-0.0004743010978708,3.7296759494040416e-08
-0.0004743010978708,3.7296759494040416e-08
346122.022626249,2316671974.143846
-0.0004743010978708,3.7296759494040416e-08
-0.0004743010978708,3.7296759494040416e-08
-0.0004743010978708,3.729675949404107e-08
-0.0004743010978708,3.7296759494040416e-08
-0.0004743010978708,3.7296759494040416e-08
-0.00047429824422100036,4.094987065826275e-08
-0.0004743010978708,3.7296759494040416e-08
-0.0004743010978708,3.7296759494040416e-08
3.169109499143088e-05,3.3867187494979163
-0.0004743010978707923,3.729680768146973e-08
-0.0004743010978708,3.7296759494040416e-08
-0.0004743010978708,3.7296759494040416e-08
448891.86461471784,3004533470.4666896
-0.0004743010978708,3.7296759494040416e-08
-0.0004743010978708,3.7296759494040416e-08
-0.0004743010978708,3.7296759494040965e-08
-0.00046899628454499673,3.650419466786286e-08
-0.0004743010978708,3.7296759494040416e-08
-0.0004742986085625128,3.729638757931527e-08
-0.0004743010978708,3.7296759494040416e-08
-0.0004743010978708,3.7296759494040416e-08
4.056481784786893e+29,-6.06058042610804e+25
-0.0004743010978707914,3.729681212235158e-08
0.001542664321427781,13.499999886624554
-0.00047386327662524727,7.041465955751486e-07
-0.0004736526220734277,3.7199874066399676e-08
-0.0004743010978708,3.7296759494040416e-08
-0.0004743010978708,3.7296759494040416e-08
-0.0004743010978708,3.729675949404101e-08
-0.0004651805832398077,3.5934110396097334e-08
-0.0004743010978708,3.7296759494040416e-08
-0.0004743010978708,3.7296759494040416e-08
-0.0004743010978708,3.7296759494040416e-08
-0.0004743010978708,3.7296759494040416e-08
-1.7581552922133446e-05,3.391913897756094
-0.0004743010978707945,3.7296792138350933e-08
-0.0004743010978708,3.7296759494040416e-08
-0.0004743010978708,3.7296759494040416e-08
-0.0004743010978708,3.7296759494040416e-08
-0.0004743010978708,3.7296759494040416e-08
-0.0004743010978708,3.7296759494040416e-08
-0.0004743010978708,3.729675949404097e-08
-0.0004598161616319155,3.5132639803622074e-08
-0.0004436614322130525,0.20507816000790222
-0.00028731911740617286,9.360745209722147e-09
-0.0004743010978708,3.7296759494040416e-08
-0.0004743010978708,3.7296759494040416e-08
126443838076.77246,-18891318.95596446
-0.0004743010978707961,3.729678025708765e-08
-0.0004743010978708,3.7296759494040416e-08
-0.0004743010978708,3.7296759494040416e-08
-0.0004743010978708,3.7296759494040416e-08
-0.0004743010978708,3.7296759494040416e-08
-0.0004743010978708,3.7296759494040416e-08
-0.0004743010978708,3.729675949404112e-08
-0.0004508148526511647,3.378780060767941e-08
-0.0004743008718784875,1.549913760918495e-06
-0.00047415115493796043,3.72743572930196e-08
-0.0004743010978708,3.7296759494040416e-08
-0.0004743010978708,3.7296759494040416e-08
4.056481784786893e+29,-6.06058042610804e+25
-0.0004743010978707959,3.729678192054515e-08
0.008489989654567338,59.99999936764251
-0.0004743010978708,3.7296759494040416e-08
-0.0004743010978708,3.7296759494040416e-08
-0.0004743010978708,3.7296759494040416e-08
-0.0004743010978708,3.7296759494040416e-08
-0.0004743010978708,3.729675949404097e-08
-0.0004440199232226077,3.2772605212350864e-08
-0.0004743003586489186,4.9850738469333e-06
-0.0004739247832282444,0.002518795213574498
-0.0004743010978708,3.7296759494040416e-08
-0.0004743010978708,3.7296759494040416e-08
-2.3021535502623438e+20,3.4395290019398132e+16
-0.0004743010978707956,3.7296783145027803e-08
-0.0004743010978708,3.7296759494040416e-08
-0.0004743010978708,3.7296759494040416e-08
-0.0004743010978708,3.7296759494040416e-08
-0.0004743010978708,3.7296759494040416e-08
-0.0004743010978708,3.7296759494040416e-08
-0.0004743010978708,3.729675949404107e-08
-0.0004743010978708,3.7296759494040416e-08
-0.00045807866142386967,5.177640192201119e-05
-0.0004742258269362849,0.0005038424660945336
-0.0004743010978708,3.7296759494040416e-08
-0.0004743010978708,3.7296759494040416e-08
126443838076.77246,-18891318.94815196
-0.0004743010978707931,3.729680057616778e-08
-0.0004742770155786229,0.00016122545479694465
-0.00046700516518305586,0.0488333436305408
-0.0004743010978708,3.7296759494040416e-08
-0.0004743010978708,3.7296759494040416e-08
-0.0004743010978708,3.7296759494040416e-08
-0.0004743010978708,3.729675949404118e-08
-0.0004356731775714174,3.152556095086741e-08
-0.00046973351590127126,4.8678650719150754e-05
0.9371214731018666,-0.0001400440569403369
-0.0004743010978708,3.7296759494040416e-08
-0.0004743010978708,3.7296759494040416e-08
-71.67996510613142,3.4155529074953477
-0.00047430109787078493,3.7296856313191604e-08
-0.0004743010978708,3.7296759494040416e-08
-0.00031589208089130886,0.0005303405491799641
-0.0004743010978708,3.7296759494040416e-08
-0.0004743010978708,3.7296759494040416e-08
-0.0004743010978708,3.7296759494040416e-08
-0.0004743010978708,3.729675949404118e-08
-0.0004192196910042195,2.9067330298769707e-08
-0.00047428634944241606,9.875182059600997e-05
-9.469247819129218e-05,-1.9418608454601336e-08
-0.0004743010978708,3.7296759494040416e-08
-0.0004743010978708,3.7296759494040416e-08
3.479007689312168e-05,3.4074609272296716
-0.0004743010978707761,3.729691495023933e-08
-0.0004743010978708,3.7296759494040416e-08
-0.00047427416536380615,0.00018030257889095877
-0.0004743010978708,3.7296759494040416e-08
-0.0004743010978708,3.7296759494040416e-08
-0.0004743010978708,3.7296759494040416e-08
-0.0004743010978708,3.729675949404119e-08
-0.0003627076635396324,2.0624159451164153e-08
-0.00046836988644704646,3.641060775553834e-08
-0.00027400664715404615,7.3717976213029016e-09
-0.0004743010978708,3.7296759494040416e-08
-0.0004743010978708,3.7296759494040416e-08
126443838076.77246,-18891318.94033946
-0.0004743010978707778,3.7296903403405005e-08
-0.0004743010978708,3.7296759494040416e-08
-0.0004743010978708,3.7296759494040416e-08
0.018662340415043294,128.08581403743077
-0.0004743010978708,3.7296759494040416e-08
-0.0004743010978708,3.7296759494040416e-08
-0.0004743010978708,3.7296759494041237e-08
-0.000374642132918631,2.2407227029221693e-08
-0.0004598730568505407,1.7561186093519077e-05
0.0004374965216220228,-9.893022483495289e-08
-0.0004743010978708,3.7296759494040416e-08
-0.0004743010978708,3.7296759494040416e-08
-71.67996393890606,3.423365407408153
-0.00047430109787077355,3.7296930936786614e-08
-0.0004743010978708,3.7296759494040416e-08
-0.0004743010978708,3.7296759494040416e-08
0.005168925175513648,37.77137336451337
-0.0004743010978708,3.7296759494040416e-08
-0.0004743010978708,3.7296759494040416e-08
-0.0004743010978708,3.729675949404143e-08
-0.000387039898893542,2.425951336455799e-08
-0.00045401610149411694,0.00011543794005097108
1.8747108100000403,-0.0002801244488761091
-0.0004743010978708,3.7296759494040416e-08
-0.0004743010978708,3.7296759494040416e-08
3.599318367554407e-05,3.415234326489707
-0.0004743010978707723,3.729693357700848e-08
-0.00047425065373639266,0.00033767115026189765
-0.0004713096882772408,0.020022209554115555
-0.0004743010978708,3.7296759494040416e-08
-0.0004743010978708,3.7296759494040416e-08
-0.0004743010978708,3.7296759494040416e-08
-0.0004743010978708,3.729675949404161e-08
-0.0003832168634231597,2.368833333295992e-08
-0.00047429814099876497,1.982830142685623e-05
-0.0004743010978708,3.7296759494040416e-08
-0.0004743010978708,3.7296759494040416e-08
-0.0004743010978708,3.7296759494040416e-08
5.848603084486666e+35,-8.738096521682555e+31
-0.0004743010978707716,3.729693536909972e-08
-0.0004742824300562486,0.000124985147237966
0.0022510793326273914,0.060307588016801555
-0.0004743010978708,3.7296759494040416e-08
-0.0004743010978708,3.7296759494040416e-08
-0.0004743010978708,3.7296759494040416e-08
-0.0004743010978708,3.729675949404178e-08
-0.0003612906926379577,2.0412457129628755e-08
-0.00041274893336382346,0.00021080820032473138
-0.0004743010978708,3.7296759494040416e-08
-0.0004743010978708,3.7296759494040416e-08
-0.0004743010978708,3.7296759494040416e-08
-3.21864394815985e+26,4.808810083650722e+22
-0.0004743010978707672,3.729696022236061e-08
-0.0004743010978708,3.7296759494040416e-08
-0.0004743010978708,3.7296759494040416e-08
-0.0004743010978708,3.7296759494040416e-08
-0.0004743010978708,3.7296759494040416e-08
-0.0004743010978708,3.7296759494040416e-08
-0.0004743010978708,3.729675949404206e-08
-0.0003417403693698289,1.7491544062367664e-08
-0.0004743010978708,3.7296759494040416e-08
0.22415788507281867,-3.352384076824316e-05
-0.0004743010978708,3.7296759494040416e-08
-0.0004743010978708,3.7296759494040416e-08
3.716040903393449e-05,3.4230468264025125
-0.00047430109787076694,3.729696199871743e-08
-0.0004743010978708,3.7296759494040416e-08
-0.0004722947340668862,0.01342907816745144
-0.0004743010978708,3.7296759494040416e-08
-0.0004743010978708,3.7296759494040416e-08
-0.0004743010978708,3.7296759494040416e-08
-0.0004743010978708,3.729675949404204e-08
-0.0004743010978708,3.7296759494040416e-08
-0.00037224937607625126,2.2049737557982148e-08
0.2329469027712417,-3.4836962617515263e-05
-0.0004743010978708,3.7296759494040416e-08
-0.0004743010978708,3.7296759494040416e-08
5.848603084486666e+35,-8.738096521682555e+31
-0.0004743010978707599,3.729700818399471e-08
-0.0004743010978708,3.7296759494040416e-08
-0.0004743010978708,3.7296759494040416e-08
-0.0004743010978708,3.7296759494040416e-08
-0.0004743010978708,3.7296759494040416e-08
-0.0004743010978708,3.7296759494040416e-08
-0.0004743010978708,3.729675949404211e-08
-0.00011762690751566897,-1.599209353794238e-08
-0.0004743010978708,3.7296759494040416e-08
0.04567394640390729,-6.8574751228147756e-06
-0.0004743010978708,3.7296759494040416e-08
-0.0004743010978708,3.7296759494040416e-08
3.7889058794812486e-05,3.428203104961427
-0.0004743010978707483,3.729708101462421e-08
-0.0004743010978708,3.7296759494040416e-08
-0.0004743010978708,3.7296759494040416e-08
0.09220836218504684,620.3457572738334
-0.0004743010978708,3.7296759494040416e-08
-0.0004743010978708,3.7296759494040416e-08
-0.0004743010978708,3.729675949404235e-08
-2.0305445784374397e-05,-3.053239169041869e-08
-0.0004743010978708,3.7296759494040416e-08
-0.0004743010978708,3.7296759494040416e-08
-0.0004743010978708,3.7296759494040416e-08
-0.0004743010978708,3.7296759494040416e-08
1.9023205369611046e+17,-28421590979963.195
-0.0004743010978707433,3.7297109467585346e-08
-0.0004743010978708,3.7296759494040416e-08
-0.0004743010978708,3.7296759494040416e-08
-0.0004743010978708,3.7296759494040416e-08
-0.0004743010978708,3.7296759494040416e-08
-0.0004743010978708,3.7296759494040416e-08
-0.0004743010978708,3.729675949404265e-08
0.00012088456835070767,-5.1626864226647514e-08
-0.0004394275175170266,0.2334166963117586
-0.0004743010978708,3.7296759494040416e-08
-0.0004743010978708,3.7296759494040416e-08
-0.0004743010978708,3.7296759494040416e-08
-107374182.80156836,16045.656809608925
-0.00047430109787074303,3.729710413851472e-08
-0.000474301097383964,3.729693263165683e-08
-0.0004743010978708,3.7296759494040416e-08
0.005281010726237519,38.52158697918719
-0.0004743010978708,3.7296759494040416e-08
-0.0004743010978708,3.7296759494040416e-08
-0.0004743010978708,3.729675949404321e-08
-0.00047430109725609364,3.7296759402200306e-08
-0.0004743010978708,3.7296759494040416e-08
-0.0003575375534809241,0.7815245079634304
-0.0004743010978708,3.7296759494040416e-08
-0.0004743010978708,3.7296759494040416e-08
3.905628415320291e-05,3.4360156048742323
-0.0004743010978707366,3.729714141075567e-08
-0.0004743010978708,3.7296759494040416e-08
-0.0004743010978708,3.7296759494040416e-08
0.01746077879740409,120.04349387572547
-0.0004743010978708,3.7296759494040416e-08
-0.0004743010978708,3.7296759494040416e-08
-0.0004743010978708,3.7296759494043725e-08
0.0004947255364938245,-1.0748051707682249e-07
25.87675700798922,-0.003866146501769813
-0.0004743010978708,3.7296759494040416e-08
-0.0004743010978708,3.7296759494040416e-08
-0.0004743010978708,3.7296759494040416e-08
1.9023205369611046e+17,-28421590979963.188
-0.0004743010978706805,3.72975198513572e-08
-0.0004743010978708,3.7296759494040416e-08
-0.0004743010978708,3.7296759494040416e-08
-0.0004743010978708,3.7296759494040416e-08
-0.0004743010978708,3.7296759494040416e-08
-0.0004743010978708,3.7296759494040416e-08
-0.0004743010978708,3.7296759494044095e-08
0.0017691075775419858,-2.9787937162920033e-07
-0.0004743010978708,3.7296759494040416e-08
-0.0004743010978708,3.7296759494040416e-08
-0.0004743010978708,3.7296759494040416e-08
-0.0004743010978708,3.7296759494040416e-08
-4.932681898657894e+32,7.3696658703951265e+28
-0.000474301097870607,3.7298003100154994e-08
-0.0004743010978708,3.7296759494040416e-08
-0.0004743010978708,3.7296759494040416e-08
1986098.9991908767,13293404011.63359
-0.0004743010978708,3.7296759494040416e-08
-0.0004743010978708,3.7296759494040416e-08
-0.0004743010978708,3.7296759494045075e-08
0.0028524536492111254,-4.597365263015701e-07
-0.0004743010978708,3.7296759494040416e-08
-0.0004743010978708,3.7296759494040416e-08
-0.0004743010978708,3.7296759494040416e-08
-0.0004743010978708,3.7296759494040416e-08
0.05879021686297073,3.4437802266058286
-0.0004743010978705666,3.729826599933782e-08
-0.0004743010978708,3.7296759494040416e-08
-0.0004743010978708,3.7296759494040416e-08
0.0015808308238509498,13.7554568082119
-0.0004743010978708,3.7296759494040416e-08
-0.0004743010978708,3.7296759494040416e-08
-0.0004743010978708,3.72967594940455e-08
0.002852447129953176,-4.597355522364421e-07
-0.0004743010978708,3.7296759494040416e-08
-0.0004743010978708,3.7296759494040416e-08
-0.0004743010978708,3.7296759494040416e-08
-0.0004743010978708,3.7296759494040416e-08
4.060867820667e-05,3.4464061248540903
-0.0004743010978707911,3.729675957427927e-08
-0.0004743010978708,3.7296759494040416e-08
-0.0004743010978708,3.7296759494040416e-08
0.010588210600890194,74.04386060006048
-0.0004743010978708,3.7296759494040416e-08
-0.0004743010978708,3.7296759494040416e-08
-0.0004743010978708,3.7296759494046795e-08
0.0026998543515877327,-4.3693745150521287e-07
-0.0004743010978708,3.7296759494040416e-08
-0.0004743010978708,3.7296759494040416e-08
-0.0004743010978708,3.7296759494040416e-08
-0.0004743010978708,3.7296759494040416e-08
-4.932681898657894e+32,7.3696658703951265e+28
-0.0004743010978703345,3.729981482776874e-08
-0.0004743010978708,3.7296759494040416e-08
-0.0004743010978708,3.7296759494040416e-08
-0.0004743010978708,3.7296759494040416e-08
-0.0004743010978708,3.7296759494040416e-08
-0.0004743010978708,3.7296759494040416e-08
-0.0004743010978708,3.729675949404669e-08
-0.0004743010978708,3.7296759494040416e-08
-0.0004743010978708,3.7296759494040416e-08
-0.0004743010978708,3.7296759494040416e-08
-0.0004743010978708,3.7296759494040416e-08
-0.0004743010978708,3.7296759494040416e-08
0.058791384088329124,3.4515927265186344
-0.0004743010978703711,3.729954510212312e-08
-0.0004743010978708,3.7296759494040416e-08
-0.0004743010978708,3.7296759494040416e-08
0.11312579748009582,760.3508216292191
-0.0004743010978708,3.7296759494040416e-08
-0.0004743010978708,3.7296759494040416e-08
-0.0004743010978708,3.729675949404804e-08
0.009902905625931257,-1.5131082289818416e-06
-0.0004743010978708,3.7296759494040416e-08
-0.0004743010978708,3.7296759494040416e-08
-0.0004743010978708,3.7296759494040416e-08
-0.0004743010978708,3.7296759494040416e-08
4.177002797848379e-05,3.4541795241203643
-0.0004743010978704317,3.729911876195765e-08
-0.0004743010978708,3.7296759494040416e-08
-0.0004743010978708,3.7296759494040416e-08
-0.0004743010978708,3.7296759494040416e-08
-0.0004743010978708,3.7296759494040416e-08
-0.0004743010978708,3.7296759494040416e-08
-0.0004743010978708,3.7296759494049416e-08
-0.0004743010978708,3.7296759494040416e-08
-0.0004743010978708,3.7296759494040416e-08
-0.0004743010978708,3.7296759494040416e-08
-0.0004743010978708,3.7296759494040416e-08
-0.0004743010978708,3.7296759494040416e-08
4.215526605489371e-05,3.456757782605988
-0.0004743010978701374,3.730105168775987e-08
-0.0004743010978708,3.7296759494040416e-08
-0.0004743010978708,3.7296759494040416e-08
-0.0004743010978708,3.7296759494040416e-08
-0.0004743010978708,3.7296759494040416e-08
-0.0004743010978708,3.7296759494040416e-08
-0.0004743010978708,3.729675949405e-08
-0.0004743010978708,3.7296759494040416e-08
-0.0004743010978708,3.7296759494040416e-08
-0.0004743010978708,3.7296759494040416e-08
-0.0004743010978708,3.7296759494040416e-08
-0.0004743010978708,3.7296759494040416e-08
2.720082991716736e+23,-4.063935846775632e+19
-0.0004743010978702186,3.7300483257046496e-08
-0.0004743010978708,3.7296759494040416e-08
-0.0004743010978708,3.7296759494040416e-08
0.056624744821296764,382.1766620316253
-0.0004743010978708,3.7296759494040416e-08
-0.0004743010978708,3.7296759494040416e-08
-0.0004743010978708,3.7296759494049733e-08
-0.0004743010978708,3.7296759494040416e-08
-0.0004743010978708,3.7296759494040416e-08
-0.0004743010978708,3.7296759494040416e-08
-0.0004743010978708,3.7296759494040416e-08
-0.0004743010978708,3.7296759494040416e-08
4.293725333687421e-05,3.4619920240331696
-0.0004743010978698678,3.7302842265408347e-08
-0.0004743010978708,3.7296759494040416e-08
-0.0004743010978708,3.7296759494040416e-08
0.051843744158589194,350.1763572129964
-0.0004743010978708,3.7296759494040416e-08
-0.0004743010978708,3.7296759494040416e-08
-0.0004743010978708,3.7296759494051374e-08
-0.0004743010978708,3.7296759494040416e-08
-0.0004743010978708,3.7296759494040416e-08
-0.0004743010978708,3.7296759494040416e-08
-0.0004743010978708,3.7296759494040416e-08
-0.0004743010978708,3.7296759494040416e-08
4.3322491413284024e-05,3.4645702825187934
-0.0004743010978697594,3.730352438555873e-08
-0.0004743010978708,3.7296759494040416e-08
-0.0004743010978708,3.7296759494040416e-08
-0.0004743010978708,3.7296759494040416e-08
-0.0004743010978708,3.7296759494040416e-08
-0.0004743010978708,3.7296759494040416e-08
-0.0004743010978708,3.729675949405063e-08
-0.0004743010978708,3.7296759494040416e-08
-0.0004743010978708,3.7296759494040416e-08
-0.0004743010978708,3.7296759494040416e-08
-0.0004743010978708,3.7296759494040416e-08
-0.0004743010978708,3.7296759494040416e-08
4.37076601083608e-05,3.4671483025858456
-0.000474301097869682,3.7304007559817045e-08
-0.0004743010978708,3.7296759494040416e-08
-0.0004743010978708,3.7296759494040416e-08
30093.08055303812,201419709.75197396
-0.0004743010978708,3.7296759494040416e-08
-0.0004743010978708,3.7296759494040416e-08
-0.0004743010978708,3.729675949405148e-08
-0.0004743010978708,3.7296759494040416e-08
-0.0004743010978708,3.7296759494040416e-08
-0.0004743010978708,3.7296759494040416e-08
-0.0004743010978708,3.7296759494040416e-08
-0.0004743010978708,3.7296759494040416e-08
-151996491767133.72,22709012682.775482
-0.00047430109786921224,3.730710664847546e-08
-0.0004743010978708,3.7296759494040416e-08
-0.0004743010978708,3.7296759494040416e-08
-0.0004743010978708,3.7296759494040416e-08
-0.0004743010978708,3.7296759494040416e-08
-0.0004743010978708,3.7296759494040416e-08
-0.0004743010978708,3.729675949405206e-08
-0.0004743010978708,3.7296759494040416e-08
-0.0004743010978708,3.7296759494040416e-08
-0.0004743010978708,3.7296759494040416e-08
-0.0004743010978708,3.7296759494040416e-08
-0.0004743010978708,3.7296759494040416e-08
4.4489716771674444e-05,3.4723827824315987
-0.00047430109786904614,3.730812979357236e-08
-0.0004743010978708,3.7296759494040416e-08
-0.0004743010978708,3.7296759494040416e-08
-0.0004743010978708,3.7296759494040416e-08
-0.0004743010978708,3.7296759494040416e-08
-0.0004743010978708,3.7296759494040416e-08
-0.0004743010978708,3.7296759494053016e-08
-0.0004743010978708,3.7296759494040416e-08
-0.0004743010978708,3.7296759494040416e-08
-0.0004743010978708,3.7296759494040416e-08
-0.0004743010978708,3.7296759494040416e-08
-0.0004743010978708,3.7296759494040416e-08
4.487488546675122e-05,3.474960802498651
-0.0004743010978682067,3.731370201241071e-08
-0.0004743010978708,3.7296759494040416e-08
-0.0004743010978708,3.7296759494040416e-08
-0.0004743010978708,3.7296759494040416e-08
-0.0004743010978708,3.7296759494040416e-08
-0.0004743010978708,3.7296759494040416e-08
-0.0004743010978708,3.729675949405693e-08
-0.0004743010978708,3.7296759494040416e-08
-0.0004743010978708,3.7296759494040416e-08
-0.0004743010978708,3.7296759494040416e-08
-0.0004743010978708,3.7296759494040416e-08
-0.0004743010978708,3.7296759494040416e-08
-151996491767133.72,22709012682.783295
-0.00047430109786711285,3.7321091622087195e-08
-0.0004743010978708,3.7296759494040416e-08
-0.0004743010978708,3.7296759494040416e-08
-0.0004743010978708,3.7296759494040416e-08
-0.0004743010978708,3.7296759494040416e-08
-0.0004743010978708,3.7296759494040416e-08
-0.0004743010978708,3.729675949406233e-08
-0.0004743010978708,3.7296759494040416e-08
-0.0004743010978708,3.7296759494040416e-08
-0.0004743010978708,3.7296759494040416e-08
-0.0004743010978708,3.7296759494040416e-08
-0.0004743010978708,3.7296759494040416e-08
89128.95998839132,-9.83614249007632
-0.00047430109786400954,3.734178572627069e-08
-0.0004743010978708,3.7296759494040416e-08
-0.0004743010978708,3.7296759494040416e-08
-0.0004743010978708,3.7296759494040416e-08
-0.0004743010978708,3.7296759494040416e-08
-0.0004743010978708,3.7296759494040416e-08
-0.0004743010978708,3.729675949406519e-08
-0.0004743010978708,3.7296759494040416e-08
-0.0004743010978708,3.7296759494040416e-08
-0.0004743010978708,3.7296759494040416e-08
-0.0004743010978708,3.7296759494040416e-08
-0.0004743010978708,3.7296759494040416e-08
-4.012558130845321e-06,3.4827342092424574
-0.00047430109786315177,3.734724260073901e-08
-0.0004743010978708,3.7296759494040416e-08
-0.0004743010978708,3.7296759494040416e-08
-0.0004743010978708,3.7296759494040416e-08
-0.0004743010978708,3.7296759494040416e-08
-0.0004743010978708,3.7296759494040416e-08
-0.0004743010978708,3.7296759494074516e-08
-0.0004743010978708,3.7296759494040416e-08
-0.0004743010978708,3.7296759494040416e-08
-0.0004743010978708,3.7296759494040416e-08
-0.0004743010978708,3.7296759494040416e-08
-0.0004743010978708,3.7296759494040416e-08
4.6427315141109424e-05,3.485351560897085
-0.00047430109785936736,3.7372714457720215e-08
-0.0004743010978708,3.7296759494040416e-08
-0.0004743010978708,3.7296759494040416e-08
-0.0004743010978708,3.7296759494040416e-08
-0.0004743010978708,3.7296759494040416e-08
-0.0004743010978708,3.7296759494040416e-08
-0.0004743010978708,3.729675949407346e-08
-0.0004743010978708,3.7296759494040416e-08
-0.0004743010978708,3.7296759494040416e-08
-0.0004743010978708,3.7296759494040416e-08
-0.0004743010978708,3.7296759494040416e-08
-0.0004743010978708,3.7296759494040416e-08
89128.95998955854,-9.828329990163516
-0.0004743010978533093,3.7413198850882205e-08
-0.0004743010978708,3.7296759494040416e-08
-0.0004743010978708,3.7296759494040416e-08
-0.0004743010978708,3.7296759494040416e-08
-0.0004743010978708,3.7296759494040416e-08
-0.0004743010978708,3.7296759494040416e-08
-0.0004743010978708,3.7296759494076e-08
-0.0004743010978708,3.7296759494040416e-08
-0.0004743010978708,3.7296759494040416e-08
-0.0004743010978708,3.7296759494040416e-08
-0.0004743010978708,3.7296759494040416e-08
-0.0004743010978708,3.7296759494040416e-08
-2.8453327724549003e-06,3.4905467091552627
-0.0004743010978366652,3.7524157078350104e-08
-0.0004743010978708,3.7296759494040416e-08
-0.0004743010978708,3.7296759494040416e-08
-0.0004743010978708,3.7296759494040416e-08
-0.0004743010978708,3.7296759494040416e-08
-0.0004743010978708,3.7296759494040416e-08
-0.0004743010978708,3.7296759494079174e-08
-0.0004743010978708,3.7296759494040416e-08
-0.0004743010978708,3.7296759494040416e-08
-0.0004743010978708,3.7296759494040416e-08
-0.0004743010978708,3.7296759494040416e-08
-0.0004743010978708,3.7296759494040416e-08
4.7588698700650064e-05,3.493124960163354
-0.00047430109782819975,3.7580568578185794e-08
-0.0004743010978708,3.7296759494040416e-08
-0.0004743010978708,3.7296759494040416e-08
-0.0004743010978708,3.7296759494040416e-08
-0.0004743010978708,3.7296759494040416e-08
-0.0004743010978708,3.7296759494040416e-08
-0.0004743010978708,3.7296759494079386e-08
-0.0004743010978708,3.7296759494040416e-08
-0.0004743010978708,3.7296759494040416e-08
-0.0004743010978708,3.7296759494040416e-08
-0.0004743010978708,3.7296759494040416e-08
-0.0004743010978708,3.7296759494040416e-08
4.056481784786893e+29,-6.06058042610804e+25
-0.00047430109781324757,3.768061235588522e-08
-0.0004743010978708,3.7296759494040416e-08
-0.0004743010978708,3.7296759494040416e-08
-0.0004743010978708,3.7296759494040416e-08
-0.0004743010978708,3.7296759494040416e-08
-0.0004743010978708,3.7296759494040416e-08
-0.0004743010978708,3.72967594940832e-08
-0.0004743010978708,3.7296759494040416e-08
-0.0004743010978708,3.7296759494040416e-08
-0.0004743010978708,3.7296759494040416e-08
-0.0004743010978708,3.7296759494040416e-08
-0.0004743010978708,3.7296759494040416e-08
-2.3021535502623438e+20,3.4395290019398132e+16
-0.0004743010977966457,3.7791615922092704e-08
-0.0004743010978708,3.7296759494040416e-08
-0.0004743010978708,3.7296759494040416e-08
-0.0004743010978708,3.7296759494040416e-08
-0.0004743010978708,3.7296759494040416e-08
-0.0004743010978708,3.7296759494040416e-08
-0.0004743010978708,3.7296759494087856e-08
-0.0004743010978708,3.7296759494040416e-08
-0.0004743010978708,3.7296759494040416e-08
-0.0004743010978708,3.7296759494040416e-08
-0.0004743010978708,3.7296759494040416e-08
-0.0004743010978708,3.7296759494040416e-08
4.86858933599235e-05,3.5004687291548775
-0.0004743010977901261,3.783527055706794e-08
-0.0004743010978708,3.7296759494040416e-08
-0.0004743010978708,3.7296759494040416e-08
-0.0004743010978708,3.7296759494040416e-08
-0.0004743010978708,3.7296759494040416e-08
-0.0004743010978708,3.7296759494040416e-08
-0.0004743010978708,3.729675949408828e-08
-0.0004743010978708,3.7296759494040416e-08
-0.0004743010978708,3.7296759494040416e-08
-0.0004743010978708,3.7296759494040416e-08
-0.0004743010978708,3.7296759494040416e-08
-0.0004743010978708,3.7296759494040416e-08
-1.1674463197687383e-06,3.5017771777799207
-0.000474301097781415,3.789347716261769e-08
-0.0004743010978708,3.7296759494040416e-08
-0.0004743010978708,3.7296759494040416e-08
-0.0004743010978708,3.7296759494040416e-08
-0.0004743010978708,3.7296759494040416e-08
-0.0004743010978708,3.7296759494040416e-08
-0.0004743010978708,3.729675949409399e-08
-0.0004743010978708,3.7296759494040416e-08
-0.0004743010978708,3.7296759494040416e-08
-0.0004743010978708,3.7296759494040416e-08
-0.0004743010978708,3.7296759494040416e-08
-0.0004743010978708,3.7296759494040416e-08
4.9071062055000276e-05,3.5030467492219297
-0.00047430109773837555,3.8180876541465695e-08
-0.0004743010978708,3.7296759494040416e-08
-0.0004743010978708,3.7296759494040416e-08
-0.0004743010978708,3.7296759494040416e-08
-0.0004743010978708,3.7296759494040416e-08
-0.0004743010978708,3.7296759494040416e-08
-0.0004743010978708,3.729675949410606e-08
-0.0004743010978708,3.7296759494040416e-08
-0.0004743010978708,3.7296759494040416e-08
-0.0004743010978708,3.7296759494040416e-08
-0.0004743010978708,3.7296759494040416e-08
-0.0004743010978708,3.7296759494040416e-08
4.9266585153336226e-05,3.504355428788012
-0.00047430109760838047,3.905042835118672e-08
-0.0004743010978708,3.7296759494040416e-08
-0.0004743010978708,3.7296759494040416e-08
-0.0004743010978708,3.7296759494040416e-08
-0.0004743010978708,3.7296759494040416e-08
-0.0004743010978708,3.7296759494040416e-08
-0.0004743010978708,3.729675949411538e-08
-0.0004743010978708,3.7296759494040416e-08
-0.0004743010978708,3.7296759494040416e-08
-0.0004743010978708,3.7296759494040416e-08
-0.0004743010978708,3.7296759494040416e-08
-0.0004743010978708,3.7296759494040416e-08
-107374182.80155757,16045.72907523312
-0.00047430109759185533,3.91597108218981e-08
-0.0004743010978708,3.7296759494040416e-08
-0.0004743010978708,3.7296759494040416e-08
-0.0004743010978708,3.7296759494040416e-08
-0.0004743010978708,3.7296759494040416e-08
-0.0004743010978708,3.7296759494040416e-08
-0.0004743010978708,3.729675949413359e-08
-0.0004743010978708,3.7296759494040416e-08
-0.0004743010978708,3.7296759494040416e-08
-0.0004743010978708,3.7296759494040416e-08
-0.0004743010978708,3.7296759494040416e-08
-0.0004743010978708,3.7296759494040416e-08
4.965467473419549e-05,3.506952999178332
-0.0004743010975002708,3.9770895251430595e-08
-0.0004743010978708,3.7296759494040416e-08
-0.0004743010978708,3.7296759494040416e-08
-0.0004743010978708,3.7296759494040416e-08
-0.0004743010978708,3.7296759494040416e-08
-0.0004743010978708,3.7296759494040416e-08
-0.0004743010978708,3.7296759494141636e-08
-0.0004743010978708,3.7296759494040416e-08
-0.0004743010978708,3.7296759494040416e-08
-0.0004743010978708,3.7296759494040416e-08
-0.0004743010978708,3.7296759494040416e-08
-0.0004743010978708,3.7296759494040416e-08
4.9850197832531436e-05,3.5082616787444145
-0.0004743010974041721,4.041117929222266e-08
-0.0004743010978708,3.7296759494040416e-08
-0.0004743010978708,3.7296759494040416e-08
-0.0004743010978708,3.7296759494040416e-08
-0.0004743010978708,3.7296759494040416e-08
-0.0004743010978708,3.7296759494040416e-08
-0.0004743010978708,3.7296759494166624e-08
-0.0004743010978708,3.7296759494040416e-08
-0.0004743010978708,3.7296759494040416e-08
-0.0004743010978708,3.7296759494040416e-08
-0.0004743010978708,3.7296759494040416e-08
-0.0004743010978708,3.7296759494040416e-08
-4.932681898657894e+32,7.3696658703951265e+28
-0.0004743010973953781,4.0469388728828786e-08
-0.0004743010978708,3.7296759494040416e-08
-0.0004743010978708,3.7296759494040416e-08
-0.0004743010978708,3.7296759494040416e-08
-0.0004743010978708,3.7296759494040416e-08
-0.0004743010978708,3.7296759494040416e-08
-0.0004743010978708,3.729675949420135e-08
-0.0004743010978708,3.7296759494040416e-08
-0.0004743010978708,3.7296759494040416e-08
-0.0004743010978708,3.7296759494040416e-08
-0.0004743010978708,3.7296759494040416e-08
-0.0004743010978708,3.7296759494040416e-08
5.02353665003234e-05,3.5108396988114667
-0.0004743010973151504,4.100781069652424e-08
-0.0004743010978708,3.7296759494040416e-08
-0.0004743010978708,3.7296759494040416e-08
-0.0004743010978708,3.7296759494040416e-08
-0.0004743010978708,3.7296759494040416e-08
-0.0004743010978708,3.7296759494040416e-08
-0.0004743010978708,3.729675949423015e-08
-0.0004743010978708,3.7296759494040416e-08
-0.0004743010978708,3.7296759494040416e-08
-0.0004743010978708,3.7296759494040416e-08
-0.0004743010978708,3.7296759494040416e-08
-0.0004743010978708,3.7296759494040416e-08
0.05880043008485665,3.5121396008428762
-0.00047430109713374094,4.221593961313475e-08
-0.0004743010978708,3.7296759494040416e-08
-0.0004743010978708,3.7296759494040416e-08
-0.0004743010978708,3.7296759494040416e-08
-0.0004743010978708,3.7296759494040416e-08
-0.0004743010978708,3.7296759494040416e-08
-0.0004743010978708,3.729675949421406e-08
-0.0004743010978708,3.7296759494040416e-08
-0.0004743010978708,3.7296759494040416e-08
-0.0004743010978708,3.7296759494040416e-08
-0.0004743010978708,3.7296759494040416e-08
-0.0004743010978708,3.7296759494040416e-08
-4.932681898657894e+32,7.3696658703951265e+28
-0.0004743010969707448,4.329278798903824e-08
-0.0004743010978708,3.7296759494040416e-08
-0.0004743010978708,3.7296759494040416e-08
-0.0004743010978708,3.7296759494040416e-08
-0.0004743010978708,3.7296759494040416e-08
-0.0004743010978708,3.7296759494040416e-08
-0.0004743010978708,3.729675949422255e-08
-0.0004743010978708,3.7296759494040416e-08
-0.0004743010978708,3.7296759494040416e-08
-0.0004743010978708,3.7296759494040416e-08
-0.0004743010978708,3.7296759494040416e-08
-0.0004743010978708,3.7296759494040416e-08
5.081897917951861e-05,3.5147459487678696
-0.00047430109637892415,4.7251560809876686e-08
-0.0004743010978708,3.7296759494040416e-08
-0.0004743010978708,3.7296759494040416e-08
-0.0004743010978708,3.7296759494040416e-08
-0.0004743010978708,3.7296759494040416e-08
-0.0004743010978708,3.7296759494040416e-08
-0.0004743010978708,3.729675949433692e-08
-0.0004743010978708,3.7296759494040416e-08
-0.0004743010978708,3.7296759494040416e-08
-0.0004743010978708,3.7296759494040416e-08
-0.0004743010978708,3.7296759494040416e-08
-0.0004743010978708,3.7296759494040416e-08
126443838076.77248,-18891318.834382433
-0.0004743010960471497,4.946346966327504e-08
-0.0004743010978708,3.7296759494040416e-08
-0.0004743010978708,3.7296759494040416e-08
-0.0004743010978708,3.7296759494040416e-08
-0.0004743010978708,3.7296759494040416e-08
-0.0004743010978708,3.7296759494040416e-08
-0.0004743010978708,3.729675949458937e-08
-0.0004743010978708,3.7296759494040416e-08
-0.0004743010978708,3.7296759494040416e-08
-0.0004743010978708,3.7296759494040416e-08
-0.0004743010978708,3.7296759494040416e-08
-0.0004743010978708,3.7296759494040416e-08
-4.932681898657894e+32,7.3696658703951265e+28
-0.000474301095354653,5.406320353822965e-08
-0.0004743010978708,3.7296759494040416e-08
-0.0004743010978708,3.7296759494040416e-08
-0.0004743010978708,3.7296759494040416e-08
-0.0004743010978708,3.7296759494040416e-08
-0.0004743010978708,3.7296759494040416e-08
-0.0004743010978708,3.729675949479605e-08
-0.0004743010978708,3.7296759494040416e-08
-0.0004743010978708,3.7296759494040416e-08
-0.0004743010978708,3.7296759494040416e-08
-0.0004743010978708,3.7296759494040416e-08
-0.0004743010978708,3.7296759494040416e-08
5.139963718520449e-05,3.518632648401009
-0.00047430109437847346,6.058250056730376e-08
-0.0004743010978708,3.7296759494040416e-08
-0.0004743010978708,3.7296759494040416e-08
-0.0004743010978708,3.7296759494040416e-08
-0.0004743010978708,3.7296759494040416e-08
-0.0004743010978708,3.7296759494040416e-08
-0.0004743010978708,3.729675949477911e-08
-0.0004743010978708,3.7296759494040416e-08
-0.0004743010978708,3.7296759494040416e-08
-0.0004743010978708,3.7296759494040416e-08
-0.0004743010978708,3.7296759494040416e-08
-0.0004743010978708,3.7296759494040416e-08
126443838076.77248,-18891318.830476183
-0.00047430109408284324,6.256159121434778e-08
-0.0004743010978708,3.7296759494040416e-08
-0.0004743010978708,3.7296759494040416e-08
-0.0004743010978708,3.7296759494040416e-08
-0.0004743010978708,3.7296759494040416e-08
-0.0004743010978708,3.7296759494040416e-08
-0.0004743010978708,3.729675949493504e-08
-0.0004743010978708,3.7296759494040416e-08
-0.0004743010978708,3.7296759494040416e-08
-0.0004743010978708,3.7296759494040416e-08
-0.0004743010978708,3.7296759494040416e-08
-0.0004743010978708,3.7296759494040416e-08
-4.932681898657894e+32,7.3696658703951265e+28
-0.00047430109114073217,8.223855505252997e-08
-0.0004743010978708,3.7296759494040416e-08
-0.0004743010978708,3.7296759494040416e-08
-0.0004743010978708,3.7296759494040416e-08
-0.0004743010978708,3.7296759494040416e-08
-0.0004743010978708,3.7296759494040416e-08
-0.0004743010978708,3.729675949473845e-08
-0.0004743010978708,3.7296759494040416e-08
-0.0004743010978708,3.7296759494040416e-08
-0.0004743010978708,3.7296759494040416e-08
-0.0004743010978708,3.7296759494040416e-08
-0.0004743010978708,3.7296759494040416e-08
-71.67994752479946,3.5332286874319796
-0.00047430109114093876,8.223865808125867e-08
-0.0004743010978708,3.7296759494040416e-08
-0.0004743010978708,3.7296759494040416e-08
-0.0004743010978708,3.7296759494040416e-08
-0.0004743010978708,3.7296759494040416e-08
-0.0004743010978708,3.7296759494040416e-08
-0.0004743010978708,3.7296759494782496e-08
-0.0004743010978708,3.7296759494040416e-08
-0.0004743010978708,3.7296759494040416e-08
-0.0004743010978708,3.7296759494040416e-08
-0.0004743010978708,3.7296759494040416e-08
-0.0004743010978708,3.7296759494040416e-08
2.720082991716736e+23,-4.063935846775632e+19
-0.00047430109131552757,8.107455461407279e-08
-0.0004743010978708,3.7296759494040416e-08
-0.0004743010978708,3.7296759494040416e-08
-0.0004743010978708,3.7296759494040416e-08
-0.0004743010978708,3.7296759494040416e-08
-0.0004743010978708,3.7296759494040416e-08
-0.0004743010978708,3.729675949476895e-08
-0.0004743010978708,3.7296759494040416e-08
-0.0004743010978708,3.7296759494040416e-08
-0.0004743010978708,3.7296759494040416e-08
-0.0004743010978708,3.7296759494040416e-08
-0.0004743010978708,3.7296759494040416e-08
5.237140885387681e-05,3.5251367071663036
-0.0004743010896742438,9.201767645513865e-08
-0.0004743010978708,3.7296759494040416e-08
-0.0004743010978708,3.7296759494040416e-08
-0.0004743010978708,3.7296759494040416e-08
-0.0004743010978708,3.7296759494040416e-08
-0.0004743010978708,3.7296759494040416e-08
-0.0004743010978708,3.729675949481977e-08
-0.0004743010978708,3.7296759494040416e-08
-0.0004743010978708,3.7296759494040416e-08
-0.0004743010978708,3.7296759494040416e-08
-0.0004743010978708,3.7296759494040416e-08
-0.0004743010978708,3.7296759494040416e-08
-71.67994694118677,3.537134937388382
-0.00047430108918500514,9.527739780013528e-08
-0.0004743010978708,3.7296759494040416e-08
-0.0004743010978708,3.7296759494040416e-08
-0.0004743010978708,3.7296759494040416e-08
-0.0004743010978708,3.7296759494040416e-08
-0.0004743010978708,3.7296759494040416e-08
-0.0004743010978708,3.729675949478589e-08
-0.0004743010978708,3.7296759494040416e-08
-0.0004743010978708,3.7296759494040416e-08
-0.0004743010978708,3.7296759494040416e-08
-0.0004743010978708,3.7296759494040416e-08
-0.0004743010978708,3.7296759494040416e-08
2.720082991716736e+23,-4.063935846775632e+19
-0.0004743010891759871,9.527754701276414e-08
-0.0004743010978708,3.7296759494040416e-08
-0.0004743010978708,3.7296759494040416e-08
-0.0004743010978708,3.7296759494040416e-08
-0.0004743010978708,3.7296759494040416e-08
-0.0004743010978708,3.7296759494040416e-08
-0.0004743010978708,3.729675949487737e-08
-0.0004743010978708,3.7296759494040416e-08
-0.0004743010978708,3.7296759494040416e-08
-0.0004743010978708,3.7296759494040416e-08
-0.0004743010978708,3.7296759494040416e-08
-0.0004743010978708,3.7296759494040416e-08
5.295210062000472e-05,3.529023406799438
-0.000474301089389146,9.387460526619044e-08
-0.0004743010978708,3.7296759494040416e-08
-0.0004743010978708,3.7296759494040416e-08
-0.0004743010978708,3.7296759494040416e-08
-0.0004743010978708,3.7296759494040416e-08
-0.0004743010978708,3.7296759494040416e-08
-0.0004743010978708,3.729675949498914e-08
-0.0004743010978708,3.7296759494040416e-08
-0.0004743010978708,3.7296759494040416e-08
-0.0004743010978708,3.7296759494040416e-08
-0.0004743010978708,3.7296759494040416e-08
-0.0004743010978708,3.7296759494040416e-08
-71.6799463575741,3.541041187344785
-0.0004743010903569067,8.73645097643893e-08
-0.0004743010978708,3.7296759494040416e-08
-0.0004743010978708,3.7296759494040416e-08
-0.0004743010978708,3.7296759494040416e-08
-0.0004743010978708,3.7296759494040416e-08
-0.0004743010978708,3.7296759494040416e-08
-0.0004743010978708,3.729675949470461e-08
-0.0004743010978708,3.7296759494040416e-08
-0.0004743010978708,3.7296759494040416e-08
-0.0004743010978708,3.7296759494040416e-08
-0.0004743010978708,3.7296759494040416e-08
-0.0004743010978708,3.7296759494040416e-08
5.848603084486666e+35,-8.738096521682555e+31
-0.0004743010830862114,1.3601695129619855e-07
-0.0004743010978708,3.7296759494040416e-08
-0.0004743010978708,3.7296759494040416e-08
-0.0004743010978708,3.7296759494040416e-08
-0.0004743010978708,3.7296759494040416e-08
-0.0004743010978708,3.7296759494040416e-08
-0.0004743010978708,3.7296759494890956e-08
-0.0004743010978708,3.7296759494040416e-08
-0.0004743010978708,3.7296759494040416e-08
-0.0004743010978708,3.7296759494040416e-08
-0.0004743010978708,3.7296759494040416e-08
-0.0004743010978708,3.7296759494040416e-08
5.3535713299199933e-05,3.532929656755841
-0.0004743010769499659,1.7703173707114848e-07
-0.0004743010978708,3.7296759494040416e-08
-0.0004743010978708,3.7296759494040416e-08
-0.0004743010978708,3.7296759494040416e-08
-0.0004743010978708,3.7296759494040416e-08
-0.0004743010978708,3.7296759494040416e-08
-0.0004743010978708,3.729675949524006e-08
-0.0004743010978708,3.7296759494040416e-08
-0.0004743010978708,3.7296759494040416e-08
-0.0004743010978708,3.7296759494040416e-08
-0.0004743010978708,3.7296759494040416e-08
-0.0004743010978708,3.7296759494040416e-08
-71.67994577396142,3.5449474373011878
-0.0004743010599536012,2.9068959758918546e-07
-0.0004743010978708,3.7296759494040416e-08
-0.0004743010978708,3.7296759494040416e-08
-0.0004743010978708,3.7296759494040416e-08
-0.0004743010978708,3.7296759494040416e-08
-0.0004743010978708,3.7296759494040416e-08
-0.0004743010978708,3.7296759495104534e-08
-0.0004743010978708,3.7296759494040416e-08
-0.0004743010978708,3.7296759494040416e-08
-0.0004743010978708,3.7296759494040416e-08
-0.0004743010978708,3.7296759494040416e-08
-0.0004743010978708,3.7296759494040416e-08
5.392088199427671e-05,3.5355076768228932
-0.00047430103296654063,4.713661466273949e-07
-0.0004743010978708,3.7296759494040416e-08
-0.0004743010978708,3.7296759494040416e-08
-0.0004743010978708,3.7296759494040416e-08
-0.0004743010978708,3.7296759494040416e-08
-0.0004743010978708,3.7296759494040416e-08
-0.0004743010978708,3.7296759495260143e-08
-0.0004743010978708,3.7296759494040416e-08
-0.0004743010978708,3.7296759494040416e-08
-0.0004743010978708,3.7296759494040416e-08
-0.0004743010978708,3.7296759494040416e-08
-0.0004743010978708,3.7296759494040416e-08
5.415812831549441e-05,3.536816356382742
-0.0004743009875966517,7.750503179344762e-07
-0.0004743010978708,3.7296759494040416e-08
-0.0004743010978708,3.7296759494040416e-08
-0.0004743010978708,3.7296759494040416e-08
-0.0004743010978708,3.7296759494040416e-08
-0.0004743010978708,3.7296759494040416e-08
-0.0004743010978708,3.729675949577562e-08
-0.0004743010978708,3.7296759494040416e-08
-0.0004743010978708,3.7296759494040416e-08
-0.0004743010978708,3.7296759494040416e-08
-0.0004743010978708,3.7296759494040416e-08
-0.0004743010978708,3.7296759494040416e-08
-151996491767133.72,22709012682.84384
-0.0004743009497172366,1.028517279854288e-06
-0.0004743010978708,3.7296759494040416e-08
-0.0004743010978708,3.7296759494040416e-08
-0.0004743010978708,3.7296759494040416e-08
-0.0004743010978708,3.7296759494040416e-08
-0.0004743010978708,3.7296759494040416e-08
-0.0004743010978708,3.7296759496642984e-08
-0.0004743010978708,3.7296759494040416e-08
-0.0004743010978708,3.7296759494040416e-08
-0.0004743010978708,3.7296759494040416e-08
-0.0004743010978708,3.7296759494040416e-08
-0.0004743010978708,3.7296759494040416e-08
5.4504494673471814e-05,3.5394139267792957
-0.0004743009152488797,1.2591919637424035e-06
-0.0004743010978708,3.7296759494040416e-08
-0.0004743010978708,3.7296759494040416e-08
-0.0004743010978708,3.7296759494040416e-08
-0.0004743010978708,3.7296759494040416e-08
-0.0004743010978708,3.7296759494040416e-08
-0.0004743010978708,3.729675949675105e-08
-0.0004743010978708,3.7296759494040416e-08
-0.0004743010978708,3.7296759494040416e-08
-0.0004743010978708,3.7296759494040416e-08
-0.0004743010978708,3.7296759494040416e-08
-0.0004743010978708,3.7296759494040416e-08
5.474174099468962e-05,3.5407226063391444
-0.00047430076821422914,2.2432533966449145e-06
-0.0004743010978708,3.7296759494040416e-08
-0.0004743010978708,3.7296759494040416e-08
-0.0004743010978708,3.7296759494040416e-08
-0.0004743010978708,3.7296759494040416e-08
-0.0004743010978708,3.7296759494040416e-08
-0.0004743010978708,3.729675949736091e-08
-0.0004743010978708,3.7296759494040416e-08
-0.0004743010978708,3.7296759494040416e-08
-0.0004743010978708,3.7296759494040416e-08
-0.0004743010978708,3.7296759494040416e-08
-0.0004743010978708,3.7296759494040416e-08
-3.21864394815985e+26,4.808810083650722e+22
-0.0004743006056872183,3.3310383790278097e-06
-0.0004743010978708,3.7296759494040416e-08
-0.0004743010978708,3.7296759494040416e-08
-0.0004743010978708,3.7296759494040416e-08
-0.0004743010978708,3.7296759494040416e-08
-0.0004743010978708,3.7296759494040416e-08
-0.0004743010978708,3.729675949727959e-08
-0.0004743010978708,3.7296759494040416e-08
-0.0004743010978708,3.7296759494040416e-08
-0.0004743010978708,3.7296759494040416e-08
-0.0004743010978708,3.7296759494040416e-08
-0.0004743010978708,3.7296759494040416e-08
5.5085186439576524e-05,3.5433006264124303
-0.0004743005989872932,3.3757427716019948e-06
-0.0004743010978708,3.7296759494040416e-08
-0.0004743010978708,3.7296759494040416e-08
-0.0004743010978708,3.7296759494040416e-08
-0.0004743010978708,3.7296759494040416e-08
-0.0004743010978708,3.7296759494040416e-08
-0.0004743010978708,3.729675949835035e-08
-0.0004743010978708,3.7296759494040416e-08
-0.0004743010978708,3.7296759494040416e-08
-0.0004743010978708,3.7296759494040416e-08
-0.0004743010978708,3.7296759494040416e-08
-0.0004743010978708,3.7296759494040416e-08
89128.95999802093,-9.771689365795675
-0.0004743003718047917,4.896245774122041e-06
-0.0004743010978708,3.7296759494040416e-08
-0.0004743010978708,3.7296759494040416e-08
-0.0004743010978708,3.7296759494040416e-08
-0.0004743010978708,3.7296759494040416e-08
-0.0004743010978708,3.7296759494040416e-08
-0.0004743010978708,3.7296759500329e-08
-0.0004743010978708,3.7296759494040416e-08
-0.0004743010978708,3.7296759494040416e-08
-0.0004743010978708,3.7296759494040416e-08
-0.0004743010978708,3.7296759494040416e-08
-0.0004743010978708,3.7296759494040416e-08
5.547331166863491e-05,3.545898435221327
-0.0004743002026207303,6.0287335574697815e-06
-0.0004743010978708,3.7296759494040416e-08
-0.0004743010978708,3.7296759494040416e-08
-0.0004743010978708,3.7296759494040416e-08
-0.0004743010978708,3.7296759494040416e-08
-0.0004743010978708,3.7296759494040416e-08
-0.0004743010978708,3.7296759503419195e-08
-0.0004743010978708,3.7296759494040416e-08
-0.0004743010978708,3.7296759494040416e-08
-0.0004743010978708,3.7296759494040416e-08
-0.0004743010978708,3.7296759494040416e-08
-0.0004743010978708,3.7296759494040416e-08
5.5668799118771626e-05,3.547206876368833
-0.0004742996369109765,9.814798523377046e-06
-0.0004743010978708,3.7296759494040416e-08
-0.0004743010978708,3.7296759494040416e-08
-0.0004743010978708,3.7296759494040416e-08
-0.0004743010978708,3.7296759494040416e-08
-0.0004743010978708,3.7296759494040416e-08
-0.0004743010978708,3.729675950238921e-08
-0.0004743010978708,3.7296759494040416e-08
-0.0004743010978708,3.7296759494040416e-08
-0.0004743010978708,3.7296759494040416e-08
-0.0004743010978708,3.7296759494040416e-08
-0.0004743010978708,3.7296759494040416e-08
1.9023205369611046e+17,-28421590979963.08
-0.0004742997437216754,9.099563712425868e-06
-0.0004743010978708,3.7296759494040416e-08
-0.0004743010978708,3.7296759494040416e-08
-0.0004743010978708,3.7296759494040416e-08
-0.0004743010978708,3.7296759494040416e-08
-0.0004743010978708,3.7296759494040416e-08
-0.0004743010978708,3.729675949756429e-08
-0.0004743010978708,3.7296759494040416e-08
-0.0004743010978708,3.7296759494040416e-08
-0.0004743010978708,3.7296759494040416e-08
-0.0004743010978708,3.7296759494040416e-08
-0.0004743010978708,3.7296759494040416e-08
5.6054003434762825e-05,3.549785134854462
-0.00047429998885453853,7.458370991689094e-06
-0.0004743010978708,3.7296759494040416e-08
-0.0004743010978708,3.7296759494040416e-08
-0.0004743010978708,3.7296759494040416e-08
-0.0004743010978708,3.7296759494040416e-08
-0.0004743010978708,3.7296759494040416e-08
-0.0004743010978708,3.729675949719827e-08
-0.0004743010978708,3.7296759494040416e-08
-0.0004743010978708,3.7296759494040416e-08
-0.0004743010978708,3.7296759494040416e-08
-0.0004743010978708,3.7296759494040416e-08
-0.0004743010978708,3.7296759494040416e-08
6.200663755070589e-06,3.551093583479505
-0.0004742998506272683,8.382534468422242e-06
-0.0004743010978708,3.7296759494040416e-08
-0.0004743010978708,3.7296759494040416e-08
-0.0004743010978708,3.7296759494040416e-08
-0.0004743010978708,3.7296759494040416e-08
-0.0004743010978708,3.7296759494040416e-08
-0.0004743010978708,3.729675949742867e-08
-0.0004743010978708,3.7296759494040416e-08
-0.0004743010978708,3.7296759494040416e-08
-0.0004743010978708,3.7296759494040416e-08
-0.0004743010978708,3.7296759494040416e-08
-0.0004743010978708,3.7296759494040416e-08
1.9023205369611046e+17,-28421590979963.074
-0.0004742992627861704,1.2316384591005529e-05
-0.0004743010978708,3.7296759494040416e-08
-0.0004743010978708,3.7296759494040416e-08
-0.0004743010978708,3.7296759494040416e-08
-0.0004743010978708,3.7296759494040416e-08
-0.0004743010978708,3.7296759494040416e-08
-0.0004743010978708,3.7296759498919564e-08
-0.0004743010978708,3.7296759494040416e-08
-0.0004743010978708,3.7296759494040416e-08
-0.0004743010978708,3.7296759494040416e-08
-0.0004743010978708,3.7296759494040416e-08
-0.0004743010978708,3.7296759494040416e-08
5.6637616113958036e-05,3.553691384810864
-0.000474299262600457,1.2316367310578256e-05
-0.0004743010978708,3.7296759494040416e-08
-0.0004743010978708,3.7296759494040416e-08
-0.0004743010978708,3.7296759494040416e-08
-0.0004743010978708,3.7296759494040416e-08
-0.0004743010978708,3.7296759494040416e-08
-0.0004743010978708,3.7296759499244586e-08
-0.0004743010978708,3.7296759494040416e-08
-0.0004743010978708,3.7296759494040416e-08
-0.0004743010978708,3.7296759494040416e-08
-0.0004743010978708,3.7296759494040416e-08
-0.0004743010978708,3.7296759494040416e-08
-107374182.8015502,16045.778391638818
-0.00047429830061371004,1.8754208204805234e-05
-0.0004743010978708,3.7296759494040416e-08
-0.0004743010978708,3.7296759494040416e-08
-0.0004743010978708,3.7296759494040416e-08
-0.0004743010978708,3.7296759494040416e-08
-0.0004743010978708,3.7296759494040416e-08
-0.00047430109787079995,3.729675952071275e-08
-0.0004743010978708,3.7296759494040416e-08
-0.0004743010978708,3.7296759494040416e-08
-0.0004743010978708,3.7296759494040416e-08
-0.0004743010978708,3.7296759494040416e-08
-0.0004743010978708,3.7296759494040416e-08
4.056481784786893e+29,-6.06058042610804e+25
-0.00047430109674807624,3.729675932712e-08
-0.0004743010978708,3.7296759494040416e-08
-0.0004743010978708,3.7296759494040416e-08
-0.0004743010978708,3.7296759494040416e-08
-0.0004743010978708,3.7296759494040416e-08
-0.0004743010978708,3.7296759494040416e-08
-0.00047430109787079995,3.7296759529821e-08
-0.0004743010978708,3.7296759494040416e-08
-0.0004743010978708,3.7296759494040416e-08
-0.0004743010978708,3.7296759494040416e-08
-0.0004743010978708,3.7296759494040416e-08
-0.0004743010978708,3.7296759494040416e-08
5.721830790737076e-05,3.557578084443999
-0.0004743010978708,3.72967594973067e-08
-0.0004743010978708,3.7296759494040416e-08
-0.0004743010978708,3.7296759494040416e-08
-0.0004743010978708,3.7296759494040416e-08
-0.0004743010978708,3.7296759494040416e-08
-0.0004743010978708,3.7296759494040416e-08
-0.00047430109787079995,3.729675952938732e-08
-0.0004743010978708,3.7296759494340285e-08
-0.0004743010978708,3.7296759494040416e-08
-0.0004743010978708,3.7296759494040416e-08
-0.0004743010978708,3.7296759494040416e-08
-0.0004743010978708,3.7296759494040416e-08
-107374182.80154961,16045.782297888774
-0.0004742969656745934,2.7695008503850874e-05
-0.0004743010978708,3.7296759494040416e-08
-0.0004743010978708,3.7296759494040416e-08
-0.0004743010978708,3.7296759494040416e-08
-0.0004743010978708,3.7296759494040416e-08
-0.0004743010978708,3.7296759494040416e-08
-0.00047430109787079995,3.72967595699384e-08
-0.0004743010978708,3.7296759494414824e-08
-0.0004743010978708,3.7296759494040416e-08
-0.0004743010978708,3.7296759494040416e-08
-0.0004743010978708,3.7296759494040416e-08
-0.0004743010978708,3.7296759494040416e-08
4.056481784786893e+29,-6.06058042610804e+25
-0.00047430109539797906,3.7296759124609835e-08
-0.0004743010978708,3.7296759494040416e-08
-0.0004743010978708,3.7296759494040416e-08
-0.0004743010978708,3.7296759494040416e-08
-0.0004743010978708,3.7296759494040416e-08
-0.0004743010978708,3.7296759494040416e-08
-0.0004743010978707999,3.729675963369329e-08
-0.0004743010978708,3.7296759494343674e-08
-0.0004743010978708,3.729675949413658e-08
-0.0004743010978708,3.7296759494040416e-08
-0.0004743010978708,3.7296759494040416e-08
-0.0004743010978708,3.7296759494040416e-08
5.7801920586565973e-05,3.5614843344004017
-0.00047430109488638916,3.729675904821469e-08
-0.0004743010978708,3.7296759494183604e-08
-0.0004743010978708,3.7296759494040416e-08
-0.0004743010978708,3.7296759494040416e-08
-0.0004743010978708,3.7296759494040416e-08
-0.0004743010978708,3.7296759494040416e-08
-0.00047430109787079995,3.7296759494077044e-08
-0.0004743010978708,3.729675949439958e-08
-0.00047430109787079995,3.7296759494130645e-08
-0.0004743010978708,3.7296759494040416e-08
-0.0004743010978708,3.7296759494040416e-08
-0.0004743010978708,3.7296759494040416e-08
-2.3021535502623438e+20,3.4395290019398132e+16
-0.0004743010927262074,3.729675872721596e-08
-0.0004743010978708,3.729675949418784e-08
-0.0004743010978708,3.7296759494040416e-08
-0.0004743010978708,3.7296759494040416e-08
-0.0004743010978708,3.7296759494040416e-08
-0.0004743010978708,3.7296759494040416e-08
-0.0004743010978707999,3.72967597403864e-08
-0.0004743010978708,3.729675949404366e-08
-0.0004743010978708,3.729675949425307e-08
-0.0004743010978708,3.7296759494040416e-08
-0.0004743010978708,3.7296759494040416e-08
-0.0004743010978708,3.7296759494040416e-08
5.818708925435783e-05,3.564062354467454
-0.0004743010978708,3.729675949404041e-08
-0.0004743010978708,3.729675949406107e-08
-0.0004743010978708,3.7296759494040416e-08
-0.0004743010978708,3.7296759494040416e-08
-0.0004743010978708,3.7296759494040416e-08
-0.0004743010978708,3.7296759494040416e-08
-0.0004743010978707999,3.729675949437584e-08
-0.0004743010978708,3.7296759494044783e-08
-0.0004743010978707999,3.72967594940404e-08
-0.0004743010978708,3.7296759494040416e-08
-0.0004743010978708,3.7296759494040416e-08
-0.0004743010978708,3.7296759494040416e-08
5.8385533265761075e-05,3.5653905843568046
-0.0004743010978708,3.729675949408298e-08
-0.0004743010978708,3.729675949404139e-08
-0.0004743010978708,3.7296759494040416e-08
-0.0004743010978708,3.7296759494040416e-08
-0.0004743010978708,3.7296759494040416e-08
-0.0004743010978708,3.7296759494040416e-08
-0.00047430109787079995,3.729675949412511e-08
-0.0004743010978708,3.729675949404873e-08
-0.0004743010978708,3.7296759494040416e-08
-0.0004743010978708,3.7296759494040416e-08
-0.0004743010978708,3.7296759494040416e-08
-0.0004743010978708,3.7296759494040416e-08
-2.3021535502623438e+20,3.4395290019398132e+16
-0.0004743010978708,3.7296759494040416e-08
-0.0004743010978708,3.729675949404269e-08
-0.0004743010978708,3.7296759494040416e-08
-0.0004743010978708,3.7296759494040416e-08
-0.0004743010978708,3.7296759494040416e-08
-0.0004743010978708,3.7296759494040416e-08
-0.00047430109787079995,3.729675949407218e-08
-0.0004743010978708,3.729675949404399e-08
-0.0004743010978708,3.7296759494040416e-08
-0.0004743010978708,3.7296759494040416e-08
-0.0004743010978708,3.7296759494040416e-08
-0.0004743010978708,3.7296759494040416e-08
5.8767747260043816e-05,3.5679490541005934
-0.00047430109787079995,3.729675949409378e-08
-0.0004743010978708,3.729675949404235e-08
-0.0004743010978708,3.7296759494040416e-08
-0.0004743010978708,3.7296759494040416e-08
-0.0004743010978708,3.7296759494040416e-08
-0.0004743010978708,3.7296759494040416e-08
-0.0004743010978708,3.729675949404926e-08
-0.0004743010978708,3.7296759494053174e-08
-0.0004743010978707999,3.7296759494040396e-08
-0.0004743010978708,3.7296759494040416e-08
-0.0004743010978708,3.7296759494040416e-08
-0.0004743010978708,3.7296759494040416e-08
126443838076.77249,-18891318.781159777
-0.0004743010978708,3.729675949404041e-08
-0.0004743010978708,3.729675949404224e-08
-0.0004743010978708,3.7296759494040416e-08
-0.0004743010978708,3.7296759494040416e-08
-0.0004743010978708,3.7296759494040416e-08
-0.0004743010978708,3.7296759494040416e-08
-0.0004743010978708,3.729675949407303e-08
-0.0004743010978708,3.7296759494051586e-08
-0.0004743010978708,3.729675949563322e-08
-0.0004743010978708,3.7296759494040416e-08
-0.0004743010978708,3.7296759494040416e-08
-0.0004743010978708,3.7296759494040416e-08
-4.932681898657894e+32,7.3696658703951265e+28
-0.0004743010978708,3.729675949404613e-08
-0.0004743010978708,3.7296759494085104e-08
-0.0004743010978708,3.7296759494040416e-08
-0.0004743010978708,3.7296759494040416e-08
-0.0004743010978708,3.7296759494040416e-08
-0.0004743010978708,3.7296759494040416e-08
-0.0004743010978708,3.7296759494242863e-08
-0.0004743010978708,3.7296759494040416e-08
-0.0004743010978708,3.729675949404248e-08
-0.0004743010978708,3.7296759494040416e-08
-0.0004743010978708,3.7296759494040416e-08
-0.0004743010978708,3.7296759494040416e-08
5.935135993923892e-05,3.5718553040569962
-0.00047430109787079995,3.7296759505099794e-08
-0.0004743010978708,3.7296759494040416e-08
-0.0004743010978708,3.7296759494040416e-08
-0.0004743010978708,3.7296759494040416e-08
-0.0004743010978708,3.7296759494040416e-08
-0.0004743010978708,3.7296759494040416e-08
-0.0004743010978708,3.7296759497320247e-08
-0.0004743010978708,3.7296759494040416e-08
-0.000474301097870788,3.729675949404134e-08
-0.0004743010978708,3.7296759494040416e-08
-0.0004743010978708,3.7296759494040416e-08
-0.0004743010978708,3.7296759494040416e-08
126443838076.77249,-18891318.777253527
-0.0004743010978707994,3.729675949409179e-08
-0.0004743010978708,3.729675949425137e-08
-0.0004743010978708,3.7296759494040416e-08
-0.0004743010978708,3.7296759494040416e-08
-0.0004743010978708,3.7296759494040416e-08
-0.0004743010978708,3.7296759494040416e-08
-0.0004743010978708,3.7296759494040416e-08
-0.0004743010978708,3.729675949404486e-08
-0.0004743010978708,3.72967594940433e-08
-0.0004743010978708,3.7296759494040416e-08
-0.0004743010978708,3.7296759494040416e-08
-0.0004743010978708,3.7296759494040416e-08
5.973951892871614e-05,3.574453112865888
-0.00047430109787079973,3.729675949409184e-08
-0.0004743010978708,3.729675949407452e-08
-0.0004743010978654136,3.729676036776823e-08
-0.0004743010978708,3.7296759494040416e-08
-0.0004743010978708,3.7296759494040416e-08
-0.0004743010978708,3.7296759494040416e-08
-0.0004743010978708,3.7296759494438535e-08
-0.0004743010978708,3.729675949404473e-08
-0.0004743010978708,3.7296759494040416e-08
-0.0004743010978708,3.7296759494040416e-08
-0.0004743010978708,3.7296759494040416e-08
-0.0004743010978708,3.7296759494040416e-08
-71.67993957307671,3.5864513430879668
-0.0004743010978708,3.7296759494040416e-08
-0.0004743010978707998,3.729676095849048e-08
-0.00047430109786544133,3.729676036430362e-08
-0.0004743010978708,3.7296759494040416e-08
-0.0004743010978708,3.7296759494040416e-08
-0.0004743010978708,3.7296759494040416e-08
-0.0004743010978708,3.7296759494247946e-08
-0.0004743010978708,3.7296759494044466e-08
-0.0004743010978707992,3.729676365895174e-08
-0.0004743010978708,3.7296759494040416e-08
-0.0004743010978708,3.7296759494040416e-08
-0.0004743010978708,3.7296759494040416e-08
2.720082991716736e+23,-4.063935846775632e+19
-0.0004743010978708,3.729675949404873e-08
-0.0004743010978708,3.729675949457252e-08
-0.0004743010978692314,3.729675949380606e-08
-0.0004743010978708,3.7296759494040416e-08
-0.0004743010978708,3.7296759494040416e-08
-0.0004743010978708,3.7296759494040416e-08
-0.0004743010978708,3.7296759494094626e-08
-0.0004743010978708,3.72967594940446e-08
-0.00047430109787079924,3.729676443610407e-08
-0.0004743010978708,3.7296759494040416e-08
-0.0004743010978708,3.7296759494040416e-08
-0.0004743010978708,3.7296759494040416e-08
6.032313160791124e-05,3.5783593628222907
-0.0004743010978708,3.729675949405323e-08
-0.0004743010978708,3.72967594940652e-08
-0.0004743010978708,3.7296759494040416e-08
-0.0004743010978708,3.7296759494040416e-08
-0.0004743010978708,3.7296759494040416e-08
-0.0004743010978708,3.7296759494040416e-08
-0.0004743010978708,3.729675949411538e-08
-0.0004743010978708,3.729675949404685e-08
-0.0004743010978708,3.7296759494040416e-08
-0.0004743010978708,3.7296759494040416e-08
-0.0004743010978708,3.7296759494040416e-08
-0.0004743010978708,3.7296759494040416e-08
-71.67993898946402,3.590357593044369
-0.00047430109787079995,3.729675949406794e-08
-0.00047430109787079957,3.729675949405698e-08
-0.0004743010978708,3.7296759494040416e-08
-0.0004743010978708,3.7296759494040416e-08
-0.0004743010978708,3.7296759494040416e-08
-0.0004743010978708,3.7296759494040416e-08
-0.0004743010978708,3.72967594940906e-08
-0.00047430109787079995,3.729675949404462e-08
-0.0004743010978708,3.7296759494040416e-08
-0.0004743010978708,3.7296759494040416e-08
-0.0004743010978708,3.7296759494040416e-08
-0.0004743010978708,3.7296759494040416e-08
5.848603084486666e+35,-8.738096521682555e+31
-0.0004743010978707989,3.72967594940662e-08
-0.0004743010978707999,3.72967594940707e-08
-0.0004743010978701961,3.7296759493950194e-08
-0.0004743010978708,3.7296759494040416e-08
-0.0004743010978708,3.7296759494040416e-08
-0.0004743010978708,3.7296759494040416e-08
-0.00047430109787079995,3.729675949410394e-08
-0.00047430109787079995,3.7296759494046286e-08
-0.0004743010978561392,3.7296759491850015e-08
-0.0004743010978708,3.7296759494040416e-08
-0.0004743010978708,3.7296759494040416e-08
-0.0004743010978708,3.7296759494040416e-08
6.090382337403915e-05,3.5822460624554253
-0.0004743010978708,3.729675949410014e-08
-0.0004743010978707998,3.7296760323409735e-08
-0.0004743010978698281,3.7296759493895216e-08
-0.0004743010978708,3.7296759494040416e-08
-0.0004743010978708,3.7296759494040416e-08
-0.0004743010978708,3.7296759494040416e-08
-0.00047430109787079973,3.729675958685185e-08
-0.00047430109787079995,3.729675949404652e-08
-0.0004743010978708,3.7296759494040416e-08
-0.0004743010978708,3.7296759494040416e-08
-0.0004743010978708,3.7296759494040416e-08
-0.0004743010978708,3.7296759494040416e-08
-71.67993840585135,3.594263843000772
-0.00047430089504525426,3.729672919177113e-08
-0.0004743010978707997,3.729675949423523e-08
-0.0004743010978708,3.7296759494040416e-08
-0.0004743010978708,3.7296759494040416e-08
-0.0004743010978708,3.7296759494040416e-08
-0.0004743010978708,3.7296759494040416e-08
-0.0004743010978707998,3.729675949404038e-08
-0.00047430109787079995,3.7296759494043195e-08
-0.0004743010978708,3.7296759494040416e-08
-0.0004743010978708,3.7296759494040416e-08
-0.0004743010978708,3.7296759494040416e-08
-0.0004743010978708,3.7296759494040416e-08
5.848603084486666e+35,-8.738096521682555e+31
-0.00047430091596367376,3.729673231625068e-08
-0.00047430109787079415,3.729675949403954e-08
-0.0004743010978708,3.7296759494040416e-08
-0.0004743010978708,3.7296759494040416e-08
-0.0004743010978708,3.7296759494040416e-08
-0.0004743010978708,3.7296759494040416e-08
-0.00047430109787079984,3.7296759665785544e-08
-0.00047430109787079984,3.729675949404039e-08
-0.0004743010978708,3.7296759494040416e-08
-0.0004743010978708,3.7296759494040416e-08
-0.0004743010978708,3.7296759494040416e-08
-0.0004743010978708,3.7296759494040416e-08
6.148743605323436e-05,3.5861523124118277
-0.0004743009177826493,3.7296732588027365e-08
-0.0004743010978708,3.7296759494183604e-08
-0.0004743010978708,3.7296759494040416e-08
-0.0004743010978708,3.7296759494040416e-08
-0.0004743010978708,3.7296759494040416e-08
-0.0004743010978708,3.7296759494040416e-08
-0.0004743010978707995,3.7296761783995637e-08
-0.00047430109787079957,3.729675949404035e-08
-0.0004743010978708,3.7296759494040416e-08
-0.0004743010978708,3.7296759494040416e-08
-0.0004743010978708,3.7296759494040416e-08
-0.0004743010978708,3.7296759494040416e-08
-151996491767133.72,22709012682.893158
-0.0004743010978708,3.729675949404041e-08
-0.0004743010978708,3.7296759494166664e-08
-0.0004743010978708,3.7296759494040416e-08
-0.0004743010978708,3.7296759494040416e-08
-0.0004743010978708,3.7296759494040416e-08
-0.0004743010978708,3.7296759494040416e-08
-0.00047430109787079957,3.729676167297334e-08
-0.0004743010978707998,3.729675949404038e-08
-0.0004743010978708,3.7296759494040416e-08
-0.0004743010978708,3.7296759494040416e-08
-0.0004743010978708,3.7296759494040416e-08
-0.0004743010978708,3.7296759494040416e-08
6.187260474831114e-05,3.58873033247888
-0.00047430108468261265,3.729675752366129e-08
-0.0004743010978708,3.7296759494040416e-08
-0.0004743010978708,3.7296759494040416e-08
-0.0004743010978708,3.7296759494040416e-08
-0.0004743010978708,3.7296759494040416e-08
-0.0004743010978708,3.7296759494040416e-08
-0.0004743010978707997,3.729676096514624e-08
-0.0004743010978708,3.7296759494040416e-08
-0.0004743010978708,3.7296759494040416e-08
-0.0004743010978708,3.7296759494040416e-08
-0.0004743010978708,3.7296759494040416e-08
-0.0004743010978708,3.7296759494040416e-08
6.210985106952884e-05,3.5900390120387287
-0.0004743010403432034,3.7296750899138615e-08
-0.0004743010978708,3.7296759494040416e-08
-0.0004743010978708,3.7296759494040416e-08
-0.0004743010978708,3.7296759494040416e-08
-0.0004743010978708,3.7296759494040416e-08
-0.0004743010978708,3.7296759494040416e-08
-0.0004743010978707999,3.72967594940404e-08
-0.0004743010978708,3.7296759494040416e-08
-0.0004743010978708,3.7296759494040416e-08
-0.0004743010978708,3.7296759494040416e-08
-0.0004743010978708,3.7296759494040416e-08
-0.0004743010978708,3.7296759494040416e-08
-3.21864394815985e+26,4.808810083650722e+22
-0.0004743010978708,3.7296759494040416e-08
-0.0004743010978708,3.7296759494040416e-08
-0.0004743010978708,3.7296759494040416e-08
-0.0004743010978708,3.7296759494040416e-08
-0.0004743010978708,3.7296759494040416e-08
-0.0004743010978708,3.7296759494040416e-08
-0.00047430109787079973,3.729676065983449e-08
-0.0004743010978708,3.7296759494040416e-08
-0.0004743010978708,3.7296759494040416e-08
-0.0004743010978708,3.7296759494040416e-08
-0.0004743010978708,3.7296759494040416e-08
-0.0004743010978708,3.7296759494040416e-08
6.245621742750635e-05,3.592636582435283
-0.0004743010978708,3.7296759494040416e-08
-0.0004743010978708,3.7296759494040416e-08
-0.0004743010978708,3.7296759494040416e-08
-0.0004743010978708,3.7296759494040416e-08
-0.0004743010978708,3.7296759494040416e-08
-0.0004743010978708,3.7296759494040416e-08
-0.0004743010978707998,3.7296760451667676e-08
-0.0004743010978708,3.7296759494040416e-08
-0.0004743010978708,3.7296759494040416e-08
-0.0004743010978708,3.7296759494040416e-08
-0.0004743010978708,3.7296759494040416e-08
-0.0004743010978708,3.7296759494040416e-08
89128.96000538903,-9.722372960096092
-0.0004743010978708,3.7296759494040416e-08
-0.0004743010978708,3.7296759494040416e-08
-0.0004743010978708,3.7296759494040416e-08
-0.0004743010978708,3.7296759494040416e-08
-0.0004743010978708,3.7296759494040416e-08
-0.0004743010978708,3.7296759494040416e-08
-0.0004743010978707998,3.7296760403095736e-08
-0.0004743010978708,3.7296759494040416e-08
-0.0004743010978708,3.7296759494040416e-08
-0.0004743010978708,3.7296759494040416e-08
-0.0004743010978708,3.7296759494040416e-08
-0.0004743010978708,3.7296759494040416e-08
6.284142174347413e-05,3.5952148409209115
-0.0004743010978708,3.7296759494040416e-08
-0.0004743010978708,3.7296759494040416e-08
-0.0004743010978708,3.7296759494040416e-08
-0.0004743010978708,3.7296759494040416e-08
-0.0004743010978708,3.7296759494040416e-08
-0.0004743010978708,3.7296759494040416e-08
-0.0004743010978707998,3.7296760437790106e-08
-0.0004743010978708,3.7296759494040416e-08
-0.0004743010978708,3.7296759494040416e-08
-0.0004743010978708,3.7296759494040416e-08
-0.0004743010978708,3.7296759494040416e-08
-0.0004743010978708,3.7296759494040416e-08
6.303690919361095e-05,3.5965232820684174
-0.0004743010978708,3.7296759494040416e-08
-0.0004743010978708,3.7296759494040416e-08
-0.0004743010978708,3.7296759494040416e-08
-0.0004743010978708,3.7296759494040416e-08
-0.0004743010978708,3.7296759494040416e-08
-0.0004743010978708,3.7296759494040416e-08
-0.0004743010978707998,3.72967604308511e-08
-0.0004743010978708,3.7296759494040416e-08
-0.0004743010978708,3.7296759494040416e-08
-0.0004743010978708,3.7296759494040416e-08
-0.0004743010978708,3.7296759494040416e-08
-0.0004743010978708,3.7296759494040416e-08
1.9023205369611046e+17,-28421590979963.027
-0.0004743010978708,3.7296759494040416e-08
-0.0004743010978708,3.7296759494040416e-08
-0.0004743010978708,3.7296759494040416e-08
-0.0004743010978708,3.7296759494040416e-08
-0.0004743010978708,3.7296759494040416e-08
-0.0004743010978708,3.7296759494040416e-08
-0.0004743010978707998,3.729676041003442e-08
-0.0004743010978708,3.7296759494040416e-08
-0.0004743010978708,3.7296759494040416e-08
-0.0004743010978708,3.7296759494040416e-08
-0.0004743010978708,3.7296759494040416e-08
-0.0004743010978708,3.7296759494040416e-08
6.342503442266934e-05,3.599121090877314
-0.0004743010978708,3.7296759494040416e-08
-0.0004743010978708,3.7296759494040416e-08
-0.0004743010978708,3.7296759494040416e-08
-0.0004743010978708,3.7296759494040416e-08
-0.0004743010978708,3.7296759494040416e-08
-0.0004743010978708,3.7296759494040416e-08
-0.0004743010978707998,3.7296760295512606e-08
-0.0004743010978708,3.7296759494040416e-08
-0.0004743010978708,3.7296759494040416e-08
-0.0004743010978708,3.7296759494040416e-08
-0.0004743010978708,3.7296759494040416e-08
-0.0004743010978708,3.7296759494040416e-08
1.3568773829909808e-05,3.6004099891790893
-0.0004743010978708,3.7296759494040416e-08
-0.0004743010978708,3.7296759494040416e-08
-0.0004743010978708,3.7296759494040416e-08
-0.0004743010978708,3.7296759494040416e-08
-0.0004743010978708,3.7296759494040416e-08
-0.0004743010978708,3.7296759494040416e-08
-0.00047430109787079984,3.729676026428769e-08
-0.0004743010978708,3.7296759494040416e-08
-0.0004743010978708,3.7296759494040416e-08
-0.0004743010978708,3.7296759494040416e-08
-0.0004743010978708,3.7296759494040416e-08
-0.0004743010978708,3.7296759494040416e-08
