x,y
-71.67987279169014,3.6225144033435814
-0.0009253430230118,1.3850657576397716e-07
-0.0009253430230118,1.3850657576397716e-07
-0.0009253430230118,1.3850657576397716e-07
-0.0009253430230118,1.3850657576397716e-07
-0.0009253430230118,1.3850657576397716e-07
-0.0009253430230118,1.3850657576397716e-07
-0.0009253430230117996,1.3850657647871325e-07
-0.0009253430230118,1.3850657576397716e-07
-0.0009253430230118,1.3850657576397716e-07
-0.0009253430230118,1.3850657576397716e-07
-0.0009253430230118,1.3850657576397716e-07
-0.0009253430230118,1.3850657576397716e-07
5.8486029013067675e+35,-1.704768698472419e+32
-0.0009253430230118,1.3850657576397716e-07
-0.0009253430230118,1.3850657576397716e-07
-0.0009253430230118,1.3850657576397716e-07
-0.0009253430230118,1.3850657576397716e-07
-0.0009253430230118,1.3850657576397716e-07
-0.0009253430230118,1.3850657576397716e-07
-0.0009253430230117997,1.3850657643707983e-07
-0.0009253430230118,1.3850657576397716e-07
-0.0009253430230118,1.3850657576397716e-07
-0.0009253430230118,1.3850657576397716e-07
-0.0009253430230118,1.3850657576397716e-07
-0.0009253430230118,1.3850657576397716e-07
0.00012522565147985484,3.604218706784861
-0.0009253430230118,1.3850657576397716e-07
-0.0009253430230118,1.3850657576397716e-07
-0.0009253430230118,1.3850657576397716e-07
-0.0009253430230118,1.3850657576397716e-07
-0.0009253430230118,1.3850657576397716e-07
-0.0009253430230118,1.3850657576397716e-07
-0.0009253430230117997,1.3850657628095462e-07
-0.0009253430230118,1.3850657576397716e-07
-0.0009253430230118,1.3850657576397716e-07
-0.0009253430230118,1.3850657576397716e-07
-0.0009253430230118,1.3850657576397716e-07
-0.0009253430230118,1.3850657576397716e-07
-71.67987165308446,3.6264206531776395
-0.0009253430230118,1.3850657576397716e-07
-0.0009253430230118,1.3850657576397716e-07
-0.0009253430230118,1.3850657576397716e-07
-0.0009253430230118,1.3850657576397716e-07
-0.0009253430230118,1.3850657576397716e-07
-0.0009253430230118,1.3850657576397716e-07
-0.0009253430230117997,1.3850657623932138e-07
-0.0009253430230118,1.3850657576397716e-07
-0.0009253430230118,1.3850657576397716e-07
-0.0009253430230118,1.3850657576397716e-07
-0.0009253430230118,1.3850657576397716e-07
-0.0009253430230118,1.3850657576397716e-07
0.00012597710064658014,3.6067967267711687
-0.0009253430230118,1.3850657576397716e-07
-0.0009253430230118,1.3850657576397716e-07
-0.0009253430230118,1.3850657576397716e-07
-0.0009253430230118,1.3850657576397716e-07
-0.0009253430230118,1.3850657576397716e-07
-0.0009253430230118,1.3850657576397716e-07
-0.0009253430230117997,1.3850657630871027e-07
-0.0009253430230118,1.3850657576397716e-07
-0.0009253430230118,1.3850657576397716e-07
-0.0009253430230118,1.3850657576397716e-07
-0.0009253430230118,1.3850657576397716e-07
-0.0009253430230118,1.3850657576397716e-07
0.00012640028181425567,3.608105406284101
-0.0009253430230118,1.3850657576397716e-07
-0.0009253430230118,1.3850657576397716e-07
-0.0009253430230118,1.3850657576397716e-07
-0.0009253430230118,1.3850657576397716e-07
-0.0009253430230118,1.3850657576397716e-07
-0.0009253430230118,1.3850657576397716e-07
-0.0009253430230117997,1.3850657621850465e-07
-0.0009253430230118,1.3850657576397716e-07
-0.0009253430230118,1.3850657576397716e-07
-0.0009253430230118,1.3850657576397716e-07
-0.0009253430230118,1.3850657576397716e-07
-0.0009253430230118,1.3850657576397716e-07
-3.218643847351014e+26,9.381801731262799e+22
-0.0009253430230118,1.3850657576397716e-07
-0.0009253430230118,1.3850657576397716e-07
-0.0009253430230118,1.3850657576397716e-07
-0.0009253430230118,1.3850657576397716e-07
-0.0009253430230118,1.3850657576397716e-07
-0.0009253430230118,1.3850657576397716e-07
-0.0009253430230117997,1.3850657633646593e-07
-0.0009253430230118,1.3850657576397716e-07
-0.0009253430230118,1.3850657576397716e-07
-0.0009253430230118,1.3850657576397716e-07
-0.0009253430230118,1.3850657576397716e-07
-0.0009253430230118,1.3850657576397716e-07
0.00012711570632008664,3.6107029766052268
-0.0009253430230118,1.3850657576397716e-07
-0.0009253430230118,1.3850657576397716e-07
-0.0009253430230118,1.3850657576397716e-07
-0.0009253430230118,1.3850657576397716e-07
-0.0009253430230118,1.3850657576397716e-07
-0.0009253430230118,1.3850657576397716e-07
-0.0009253430230117997,1.3850657637809918e-07
-0.0009253430230118,1.3850657576397716e-07
-0.0009253430230118,1.3850657576397716e-07
-0.0009253430230118,1.3850657576397716e-07
-0.0009253430230118,1.3850657576397716e-07
-0.0009253430230118,1.3850657576397716e-07
89128.95727868752,-22.367589487071417
-0.0009253423354010275,1.3850637533708184e-07
-0.0009253430230118,1.3850657576397716e-07
-0.0009253430230118,1.3850657576397716e-07
-0.0009253430230118,1.3850657576397716e-07
-0.0009253430230118,1.3850657576397716e-07
-0.0009253430230118,1.3850657576397716e-07
-0.0009253430230117997,1.3850657635034371e-07
-0.0009253430230118,1.3850657576397716e-07
-0.0009253430230118,1.3850657576397716e-07
-0.0009253430230118,1.3850657576397716e-07
-0.0009253430230118,1.3850657576397716e-07
-0.0009253430230118,1.3850657576397716e-07
0.00012786722498178726,3.6132812350101036
-0.0009253422953831513,1.3850636367254864e-07
-0.0009253430230118,1.3850657576397716e-07
-0.0009253430230118,1.3850657576397716e-07
-0.0009253430230118,1.3850657576397716e-07
-0.0009253430230118,1.3850657576397716e-07
-0.0009253430230118,1.3850657576397716e-07
-0.0009253430230117997,1.3850657632605759e-07
-0.0009253430230118,1.3850657576397716e-07
-0.0009253430230118,1.3850657576397716e-07
-0.0009253430230118,1.3850657576397716e-07
-0.0009253430230118,1.3850657576397716e-07
-0.0009253430230118,1.3850657576397716e-07
0.00012824861340560427,3.6145896761166285
-0.0009253422771933691,1.3850635837053516e-07
-0.0009253430230118,1.3850657576397716e-07
-0.0009253430230118,1.3850657576397716e-07
-0.0009253430230118,1.3850657576397716e-07
-0.0009253430230118,1.3850657576397716e-07
-0.0009253430230118,1.3850657576397716e-07
-0.0009253430230117997,1.3850657627054643e-07
-0.0009253430230118,1.3850657576397716e-07
-0.0009253430230118,1.3850657576397716e-07
-0.0009253430230118,1.3850657576397716e-07
-0.0009253430230118,1.3850657576397716e-07
-0.0009253430230118,1.3850657576397716e-07
1.902320477379889e+17,-55449420297889.21
-0.0009253430230118,1.3850657576397716e-07
-0.0009253430230118,1.3850657576397716e-07
-0.0009253430230118,1.3850657576397716e-07
-0.0009253430230118,1.3850657576397716e-07
-0.0009253430230118,1.3850657576397716e-07
-0.0009253430230118,1.3850657576397716e-07
-0.0009253430230117997,1.385065762358521e-07
-0.0009253430230118,1.3850657576397716e-07
-0.0009253430230118,1.3850657576397716e-07
-0.0009253430230118,1.3850657576397716e-07
-0.0009253430230118,1.3850657576397716e-07
-0.0009253430230118,1.3850657576397716e-07
0.00012900583065529375,3.617187484844161
-0.0009253430230118,1.3850657576397716e-07
-0.0009253430230118,1.3850657576397716e-07
-0.0009253430230118,1.3850657576397716e-07
-0.0009253430230118,1.3850657576397716e-07
-0.0009253430230118,1.3850657576397716e-07
-0.0009253430230118,1.3850657576397716e-07
-0.0009253430230117997,1.385065763191188e-07
-0.0009253430230118,1.3850657576397716e-07
-0.0009253430230118,1.3850657576397716e-07
-0.0009253430230118,1.3850657576397716e-07
-0.0009253430230118,1.3850657576397716e-07
-0.0009253430230118,1.3850657576397716e-07
0.00012938721907911099,3.6184959259506866
-0.0009253430230118,1.3850657576397716e-07
-0.0009253430230118,1.3850657576397716e-07
-0.0009253430230118,1.3850657576397716e-07
-0.0009253430230118,1.3850657576397716e-07
-0.0009253430230118,1.3850657576397716e-07
-0.0009253430230118,1.3850657576397716e-07
-0.0009253430230117997,1.3850657645095778e-07
-0.0009253430230118,1.3850657576397716e-07
-0.0009253430230118,1.3850657576397716e-07
-0.0009253430230118,1.3850657576397716e-07
-0.0009253430230118,1.3850657576397716e-07
-0.0009253430230118,1.3850657576397716e-07
1.902320477379889e+17,-55449420297889.21
-0.0009253430230118,1.3850657576397716e-07
-0.0009253430230118,1.3850657576397716e-07
-0.0009253430230118,1.3850657576397716e-07
-0.0009253430230118,1.3850657576397716e-07
-0.0009253430230118,1.3850657576397716e-07
-0.0009253430230118,1.3850657576397716e-07
-0.0009253430230117996,1.3850657662789952e-07
-0.0009253430230118,1.3850657576397716e-07
-0.0009253430230118,1.3850657576397716e-07
-0.0009253430230118,1.3850657576397716e-07
-0.0009253430230118,1.3850657576397716e-07
-0.0009253430230118,1.3850657576397716e-07
0.0001301387377408348,3.6210741843555634
-0.0009253430230118,1.3850657576397716e-07
-0.0009253430230118,1.3850657576397716e-07
-0.0009253430230118,1.3850657576397716e-07
-0.0009253430230118,1.3850657576397716e-07
-0.0009253430230118,1.3850657576397716e-07
-0.0009253430230118,1.3850657576397716e-07
-0.0009253430230117996,1.3850657666609346e-07
-0.0009253430230118,1.3850657576397716e-07
-0.0009253430230118,1.3850657576397716e-07
-0.0009253430230118,1.3850657576397716e-07
-0.0009253430230118,1.3850657576397716e-07
-0.0009253430230118,1.3850657576397716e-07
8.047130060236639e-05,3.622382640050474
-0.0009253430230118,1.3850657576397716e-07
-0.0009253430230118,1.3850657576397716e-07
-0.0009253430230118,1.3850657576397716e-07
-0.0009253430230118,1.3850657576397716e-07
-0.0009253430230118,1.3850657576397716e-07
-0.0009253430230118,1.3850657576397716e-07
-0.0009253430230117996,1.385065767146656e-07
-0.0009253430230118,1.3850657576397716e-07
-0.0009253430230118,1.3850657576397716e-07
-0.0009253430230118,1.3850657576397716e-07
-0.0009253430230118,1.3850657576397716e-07
-0.0009253430230118,1.3850657576397716e-07
1.902320477379889e+17,-55449420297889.2
-0.0009253430230118,1.3850657576397716e-07
-0.0009253430230118,1.3850657576397716e-07
-0.0009253430230118,1.3850657576397716e-07
-0.0009253430230118,1.3850657576397716e-07
-0.0009253430230118,1.3850657576397716e-07
-0.0009253430230118,1.3850657576397716e-07
-0.0009253430230117995,1.3850657685344346e-07
-0.0009253430230118,1.3850657576397716e-07
-0.0009253430230118,1.3850657576397716e-07
-0.0009253430230118,1.3850657576397716e-07
-0.0009253430230118,1.3850657576397716e-07
-0.0009253430230118,1.3850657576397716e-07
0.0001312773434143413,3.6249804341896215
-0.0009253430230118,1.3850657576397716e-07
-0.0009253430230118,1.3850657576397716e-07
-0.0009253430230118,1.3850657576397716e-07
-0.0009253430230118,1.3850657576397716e-07
-0.0009253430230118,1.3850657576397716e-07
-0.0009253430230118,1.3850657576397716e-07
-0.0009253430230117995,1.3850657691589393e-07
-0.0009253430230118,1.3850657576397716e-07
-0.0009253430230118,1.3850657576397716e-07
-0.0009253430230118,1.3850657576397716e-07
-0.0009253430230118,1.3850657576397716e-07
-0.0009253430230118,1.3850657576397716e-07
-107374179.43848568,31301.38117250309
-0.0009253430230118,1.3850657576397716e-07
3248.384149105267,11144335.52657553
8.619615639356083e-06,3.2041747593932164
-0.0009253430230118,1.3850657576397716e-07
-0.0009253430230118,1.3850657576397716e-07
-0.0009253430230118,1.3850657576397716e-07
-0.0009253430230117995,1.3850657686732146e-07
-0.0009253430230118,1.3850657576397716e-07
-0.0009253430230118,1.3850657576397716e-07
76.53603582209989,-0.02230908950433051
-0.0009253430230118,1.3850657576397716e-07
-0.0009253430230118,1.3850657576397716e-07
4.056481657736739e+29,-1.182395705903026e+26
-0.0009253430230118,1.3850657576397716e-07
-0.0009253430230118,1.3850657576397716e-07
-0.0009253430230118,1.3850657576397716e-07
-0.0009253430230118,1.3850657576397716e-07
-0.0009253430230118,1.3850657576397716e-07
-0.0009253430230118,1.3850657576397716e-07
-0.0009253430230117994,1.385065770616108e-07
-0.0009253430230118,1.3850657576397716e-07
-0.0006463201416657117,0.9572526002827606
-0.0009253430230118,1.3850657576397716e-07
-0.0009253430230118,1.3850657576397716e-07
-0.0009253430230118,1.3850657576397716e-07
0.00013241025052716717,3.628867133701023
-0.0009253430230118,1.3850657576397716e-07
-0.0009253430230118,1.3850657576397716e-07
0.004615282863930287,19.008397387037558
-0.0009253430230118,1.3850657576397716e-07
-0.0009253430230118,1.3850657576397716e-07
-0.0009253430230118,1.3850657576397716e-07
-0.0009253430230117994,1.385065770893665e-07
-0.0009253430230118,1.3850657576397716e-07
-0.0009218906158009839,0.011844419110603929
-0.0009253430230118,1.3850657576397716e-07
-0.0009253430230118,1.3850657576397716e-07
-0.0009253430230118,1.3850657576397716e-07
-107374179.43848455,31301.385078752923
-0.0009253430230118,1.3850657576397716e-07
-0.0009253430230118,1.3850657576397716e-07
0.0009966233538673082,6.593749858396257
-0.0009253430230118,1.3850657576397716e-07
-0.0009253430230118,1.3850657576397716e-07
-0.0009253430230118,1.3850657576397716e-07
-0.0009253430230117993,1.385065774918224e-07
-0.0009253430230118,1.3850657576397716e-07
-0.0009238569947193091,0.0050983019059119275
22.88333195509023,-0.006670234946355335
-0.0009253430230118,1.3850657576397716e-07
-0.0009253430230118,1.3850657576397716e-07
0.00013316739825457332,3.631464704009987
-0.0009253430230118,1.3850657576397716e-07
-0.0009253430230118,1.3850657576397716e-07
-0.0009253430230118,1.3850657576397716e-07
-0.0009253430230118,1.3850657576397716e-07
-0.0009253430230118,1.3850657576397716e-07
-0.0009253430230118,1.3850657576397716e-07
-0.0009253430230117992,1.3850657797066726e-07
-0.0009253430230118,1.3850657576397716e-07
-0.0009253314134125836,3.9967919047013716e-05
12.253720437654614,-0.0035718832036173683
-0.0009253430230118,1.3850657576397716e-07
-0.0009253430230118,1.3850657576397716e-07
0.05888354051280415,3.6327367085831392
-0.0009253430230118,1.3850657576397716e-07
-0.0009253430230118,1.3850657576397716e-07
-0.0009233453489070391,1.3792428759344943e-07
-0.0009253430230118,1.3850657576397716e-07
-0.0009253430230118,1.3850657576397716e-07
-0.0009253430230118,1.3850657576397716e-07
-0.0009253430230117992,1.385065780261782e-07
-0.0009253430230118,1.3850657576397716e-07
-0.0009253430230118,1.3850657576397716e-07
-0.0009253430230118,1.3850657576397716e-07
-0.0009253430230118,1.3850657576397716e-07
-0.0009253430230118,1.3850657576397716e-07
-4.932681744164906e+32,1.4377931924733352e+29
-0.0009253430230118,1.3850657576397716e-07
-0.0009253430230118,1.3850657576397716e-07
-0.0009253430230118,1.3850657576397716e-07
-0.0009253430230118,1.3850657576397716e-07
-0.0009253430230118,1.3850657576397716e-07
-0.0009253430230118,1.3850657576397716e-07
-0.000925343023011799,1.3850657862292348e-07
-0.0009253430230118,1.3850657576397716e-07
-0.0009253430230118,1.3850657576397716e-07
0.02593921243143308,-7.692056382593376e-06
-0.0009253430230118,1.3850657576397716e-07
-0.0009253430230118,1.3850657576397716e-07
0.00013430030534011415,3.635351403521389
-0.0009253430230118,1.3850657576397716e-07
-0.0009253430230118,1.3850657576397716e-07
-0.0009252915693566426,2.4789823870063744e-06
-0.0009253430230118,1.3850657576397716e-07
-0.0009253430230118,1.3850657576397716e-07
-0.0009253430230118,1.3850657576397716e-07
-0.0009253430230117989,1.3850657878945627e-07
-0.0009253430230118,1.3850657576397716e-07
-0.0009253254381563091,1.3850145007640464e-07
-0.000911331491022181,1.3442245147709653e-07
-0.0009253430230118,1.3850657576397716e-07
-0.0009253430230118,1.3850657576397716e-07
0.058884679118477654,3.636642958417197
-0.0009253430230118,1.3850657576397716e-07
-0.0009253430230118,1.3850657576397716e-07
-0.0009253430230118,1.3850657576397716e-07
-0.0009253430230118,1.3850657576397716e-07
-0.0009253430230118,1.3850657576397716e-07
-0.0009253430230118,1.3850657576397716e-07
-0.0009253430230117997,1.385065757639771e-07
-0.0009253430230118,1.3850657576397716e-07
-0.0009253430224899582,1.4029687459704432e-07
-0.0009183074510578901,1.3645582568822898e-07
-0.0009253430230118,1.3850657576397716e-07
-0.0009253430230118,1.3850657576397716e-07
-4.932681744164906e+32,1.4377931924733352e+29
-0.0009253430230118,1.3850657576397716e-07
-0.0009253430228643511,1.3901243332053583e-07
-0.000925336808015659,2.8664835500193225e-07
-0.0009253430230118,1.3850657576397716e-07
-0.0009253430230118,1.3850657576397716e-07
-0.0009253430230118,1.3850657576397716e-07
-0.0009253430230117997,1.385065757639771e-07
-0.0009253430230118,1.3850657576397716e-07
-0.0009253421424293415,1.3850631908910337e-07
-0.0009219146417244734,1.3750726067904345e-07
-0.0009253430230118,1.3850657576397716e-07
-0.0009253430230118,1.3850657576397716e-07
0.00013543317866521437,3.6392381030328007
-0.0009253411602335031,1.3850603279565015e-07
-0.0009253430225133035,1.4021678300042796e-07
-0.0009253374543660119,1.6598688338637722e-07
-0.0009253430230118,1.3850657576397716e-07
-0.0009253430230118,1.3850657576397716e-07
-0.0009253430230118,1.3850657576397716e-07
-0.0009253430230117997,1.3850657576397708e-07
-0.0009253430230118,1.3850657576397716e-07
-0.0009253430222036439,1.3895051276759035e-07
-0.0009251827659452185,1.384598635430541e-07
-0.0009253430230118,1.3850657576397716e-07
-0.0009253430230118,1.3850657576397716e-07
126443834116.5159,-36856232.652827226
-0.0009253430230118,1.3850657576397716e-07
-0.0009253430230114768,1.385076845599278e-07
-0.0009253335233040919,1.6680064661216455e-07
-0.0009253430230118,1.3850657576397716e-07
-0.0009253430230118,1.3850657576397716e-07
-0.0009253430230118,1.3850657576397716e-07
-0.0009253430230117996,1.3850657576397708e-07
-0.0009253430230118,1.3850657576397716e-07
-0.0009253430229447025,1.3850663237841345e-07
-0.0006861416485102923,0.8206357204243291
-0.0009253430230118,1.3850657576397716e-07
-0.0009253430230118,1.3850657576397716e-07
0.00013619042967532127,3.6418359117603236
-0.0009253430230118,1.3850657576397716e-07
-0.0009253430229952278,1.38563430345103e-07
-0.0009253430156939194,1.6261242796845611e-07
-0.0009253430230118,1.3850657576397716e-07
-0.0009253430230118,1.3850657576397716e-07
-0.0009253430230118,1.3850657576397716e-07
-0.0009253430230117996,1.3850657576397708e-07
-0.0009253430230118,1.3850657576397716e-07
-0.0009253430229863544,1.3850664950066117e-07
-0.0007316857017131176,0.6643863231084368
-0.0009253430230118,1.3850657576397716e-07
-0.0009253430230118,1.3850657576397716e-07
0.00013657178433872108,3.643144352866859
-0.0009253430230118,1.3850657576397716e-07
-0.0009253430230101012,1.385124036110489e-07
-0.0009253430229464913,1.3850657574494608e-07
-0.0009253430230118,1.3850657576397716e-07
-0.0009253430230118,1.3850657576397716e-07
-0.0009253430230118,1.3850657576397716e-07
-0.0009253430230117982,1.3850658059369095e-07
-0.0009253430230118,1.3850657576397716e-07
-0.0009253430229959105,1.385066008567246e-07
-0.0009253430230118,1.3850657576398344e-07
-0.0009253430230118,1.3850657576397716e-07
-0.0009253430230118,1.3850657576397716e-07
2.7200829065229695e+23,-7.92858102104035e+19
-0.0009253430230118,1.3850657576397716e-07
-0.0009253430230108885,1.3850970285531202e-07
-0.0009253430230118,1.3850657576398563e-07
-0.0009253430230118,1.3850657576397716e-07
-0.0009253430230118,1.3850657576397716e-07
-0.0009253430230118,1.3850657576397716e-07
-0.000925343023011798,1.3850658120431485e-07
-0.0009253430230118,1.3850657576397716e-07
-0.0009253430230084617,1.3850659929973323e-07
-0.0009253430230118,1.385065757639805e-07
-0.0009253430230118,1.3850657576397716e-07
-0.0009253430230118,1.3850657576397716e-07
0.00013732333676086232,3.645722611271726
-0.0009253430230118,1.3850657576397716e-07
-0.000925343023004112,1.385329511092081e-07
-0.0009253430230118,1.3850657576398664e-07
-0.0009253430230118,1.385065757640029e-07
-0.0009253430230118,1.3850657576397716e-07
-0.0009253430230118,1.3850657576397716e-07
-0.0009253430230117982,1.3850658048266992e-07
-0.0009253430230118,1.3850657576397716e-07
-0.0009253430230100788,1.3850657576363983e-07
-0.0009253430230118,1.3850657576398174e-07
-0.0009253430230118,1.3850657576397716e-07
-0.0009253430230118,1.3850657576397716e-07
-71.67985955539919,3.6679245576645045
-0.0009253424190737039,1.3850639972624997e-07
-0.0009253430230118,1.3850657576397716e-07
-0.0009253430230118,1.3850657576398352e-07
-0.0009253430230118,1.3850657576397716e-07
-0.0009253430230118,1.3850657576397716e-07
-0.0009253430230118,1.3850657576397716e-07
-0.0009253430230117993,1.3850657682568897e-07
-0.0009253430230118,1.3850657576397716e-07
-0.0009253430230112724,1.3850657576395644e-07
-0.0009253430230118,1.385065757639801e-07
-0.0009253430230118,1.3850657576397716e-07
-0.0009253430230118,1.3850657576397716e-07
5.8486029013067675e+35,-1.704768698472419e+32
-0.0009253428647513047,1.38506529633723e-07
-0.0007946453780497887,1.0809670958438714e-07
-0.0009253430230118,1.3850657576397872e-07
-0.0009253430230118,1.3850657576397716e-07
-0.0009253430230118,1.3850657576397716e-07
2.839515276601249e+18,9.741613217039975e+21
-0.0009253430230117994,1.385065761230802e-07
-0.000612445698895509,0.0002499303856036801
-0.0009253430230117997,1.3850657576397936e-07
-0.0009253430230118,1.3850657576397782e-07
-0.0009253430230118,1.3850657576397716e-07
-0.0009253430230118,1.3850657576397716e-07
0.00013846194243436881,3.6496288611057834
-0.000925342948883773,1.3850655415691268e-07
-0.0009253430230118,1.3850657576397716e-07
-0.0009253430230118,1.385065757645771e-07
-0.0009253430230118,1.3850657576398018e-07
-0.0009253430230118,1.3850657576397716e-07
-0.0009253430230118,1.3850657576397716e-07
-0.0009253430230117994,1.3850657620461217e-07
-0.0009253430230118,1.3850657576397716e-07
-0.0009253430230117997,1.3850657576401988e-07
-0.0009253430230118,1.3850657576397759e-07
-0.0009253430230118,1.3850657576397716e-07
-0.0009253430230118,1.3850657576397716e-07
-71.67985841679351,3.671830807498562
-0.0009253430090846346,1.3850657170444436e-07
-0.0009253430230117998,1.3850657613876343e-07
-0.0009253430230118,1.3850657576397796e-07
-0.0009253430230118,1.3850657576397872e-07
-0.0009253430230118,1.3850657576397716e-07
-0.0009253430230118,1.3850657576397716e-07
-0.0009253430230117995,1.3850657606930374e-07
-0.0009253430230118,1.3850657576397716e-07
-0.000925343023011798,1.3850657576404013e-07
-0.0009253430230118,1.385065757639785e-07
-0.0009253430230118,1.3850657576397716e-07
-0.0009253430230118,1.3850657576397716e-07
0.00013921339160109412,3.6522068810920914
-0.0009253430131205147,1.38506572880835e-07
-0.0009253430230118,1.3850657576397716e-07
-0.0009253430230118,1.3850657576397716e-07
-0.0009253430230118,1.3850657576397804e-07
-0.0009253430230118,1.3850657576397716e-07
-0.0009253430230118,1.3850657576397716e-07
-0.0009253430230117995,1.3850657601032317e-07
-0.0009253430230118,1.3850657576397716e-07
-0.0009253430230117998,1.3850657576404196e-07
-0.0009253430230118,1.3850657576397753e-07
-0.0009253430230118,1.3850657576397716e-07
-0.0009253430230118,1.3850657576397716e-07
0.00013963657276876964,3.653515560605024
-0.0009253430203542388,1.385065749893431e-07
-0.0009253427609820133,1.3854243572202837e-07
-0.0009253430230118,1.3850657576397825e-07
-0.0009253430230118,1.3850657576397806e-07
-0.0009253430230118,1.3850657576397716e-07
-0.0009253430230118,1.3850657576397716e-07
-0.0009253430230117995,1.3850657596521266e-07
-0.0009253430230118,1.3850657576397716e-07
-0.0009253430230117998,1.385065757639795e-07
-0.0009253430230118,1.3850657576397925e-07
-0.0009253430230118,1.3850657576397716e-07
-0.0009253430230118,1.3850657576397716e-07
-151996487006560.72,44304401875.19562
-0.0009253430218038153,1.385065754118701e-07
-0.0009253430230117997,1.3850657655171434e-07
-0.0009253430230118,1.3850657576481766e-07
-0.0009253430230118,1.385065757639784e-07
-0.0009253430230118,1.3850657576397716e-07
-0.0009253430230118,1.3850657576397716e-07
-0.0009253430230117996,1.3850657596781403e-07
-0.0009253430230118,1.3850657576397716e-07
-0.0009253430230118,1.385065757639869e-07
-0.0009253430230118,1.3850657576433644e-07
-0.0009253430230118,1.3850657576397716e-07
-0.0009253430230118,1.3850657576397716e-07
0.00014035199727460083,3.6561131309261494
-0.0009253430138595598,1.3850657309625415e-07
-0.0009253430230116948,1.385069364527356e-07
-0.0009253430230118,1.38506575765889e-07
-0.0009253430230118,1.3850657576397822e-07
-0.0009253430230118,1.3850657576397716e-07
-0.0009253430230118,1.3850657576397716e-07
-0.0009253430230117998,1.3850657595480355e-07
-0.0009253430230118,1.3850657576397716e-07
-0.0009253430230118,1.3850657576510242e-07
-0.0009253430230118,1.385065757686144e-07
-0.0009253430230118,1.3850657576397716e-07
-0.0009253430230118,1.3850657576397716e-07
0.00014077517844227636,3.657421810439082
-0.000925342998568215,1.385065686390861e-07
-0.0009253430230117838,1.3850663106408947e-07
-0.0009253430230118,1.3850657576397716e-07
-0.0009253430230118,1.385065757639786e-07
-0.0009253430230118,1.3850657576397716e-07
-0.0009253430230118,1.3850657576397716e-07
-0.0009253430230117998,1.3850657597041635e-07
-0.0009253430230118,1.3850657576397716e-07
-0.0009253430230118,1.3850657576399336e-07
-0.0009253430230118,1.3850657576489196e-07
-0.0009253430230118,1.3850657576397716e-07
-0.0009253430230118,1.3850657576397716e-07
-3.218643847351014e+26,9.381801731262799e+22
-0.0009253430047072987,1.3850657042852504e-07
-0.0009253430230118,1.3850657576397716e-07
-0.0009253430213145641,1.4432933556851837e-07
-0.0009253430230118,1.385065757639877e-07
-0.0009253430230118,1.3850657576397716e-07
-0.0009253430230118,1.3850657576397716e-07
-0.0009253430230117998,1.385065759452632e-07
-0.0006467900989204967,5.7313737622257023e-08
-0.0009253430228456631,1.385065757155531e-07
-0.0009253430230118,1.3850657576398015e-07
-0.0009253430230118,1.3850657576397716e-07
-0.0009253430230118,1.3850657576397716e-07
0.00014149060294810732,3.660019380760207
-0.0009253430230118,1.3850657576397716e-07
-0.0009253430230117997,1.3850657639211972e-07
-0.0009253430230118,1.385065757639849e-07
-0.0009253430230118,1.385065757639815e-07
-0.0009253430230118,1.3850657576397716e-07
-0.0009253430230118,1.3850657576397716e-07
-0.0009253430230117998,1.385065758303339e-07
-0.0009253430214962414,1.3851277250934167e-07
-0.0009253430230118,1.3850657576397716e-07
-0.000925343023011749,1.3850657635405848e-07
-0.0009253430230118,1.3850657576397716e-07
-0.0009253430230118,1.3850657576397716e-07
1.902320477379889e+17,-55449420297889.164
-0.0009253429691242411,1.3850656005666637e-07
-0.0009253430229992043,1.385497880986283e-07
-0.0009253430230117997,1.385065757642669e-07
-0.0009253430230118,1.3850657576397716e-07
-0.0009253430230118,1.3850657576397716e-07
-0.0009253430230118,1.3850657576397716e-07
-0.0009253430230117998,1.385065760484863e-07
-0.0009253430166685455,1.385203893730714e-07
-0.0009253430230118,1.3850657576397716e-07
-0.0009253430230116983,1.3850657651363782e-07
-0.0009253430230118,1.3850657576397716e-07
-0.0009253430230118,1.3850657576397716e-07
-3.218643847351014e+26,9.381801731262799e+22
-0.0009253430195715776,1.3851021274017224e-07
-0.0009253430230118,1.3850657576397716e-07
-0.0009253430230117962,1.3850658875740696e-07
-0.0009253430230118,1.3850657576397716e-07
-0.0009253430230118,1.3850657576397716e-07
-0.0009253430230118,1.3850657576397716e-07
-0.0009253430230117997,1.3850657633990533e-07
-0.0009253430197703192,1.385093607738855e-07
-0.0009253430230118,1.3850657576399739e-07
-0.0009253430230088707,1.3850657576317333e-07
-0.0009253430230118,1.3850657576397716e-07
-0.0009253430230118,1.3850657576397716e-07
0.00014262351003362496,3.6639060802716092
-0.0009253430230118,1.3850657576397716e-07
-0.0009253422936911853,2.091302529196559e-06
-0.0009253430230118,1.3850657576399866e-07
-0.0009253430230118,1.3850657576397716e-07
-0.0009253430230118,1.3850657576397716e-07
-0.0009253430230118,1.3850657576397716e-07
-0.0009253430230117997,1.385065763364643e-07
-0.0009252964471328487,1.3849299968403468e-07
-0.0009253430230118,1.385065757640424e-07
-0.0009253430229994166,1.3850657633629583e-07
-0.0009253430230118,1.3850657576397716e-07
-0.0009253430230118,1.3850657576397716e-07
1.902320477379889e+17,-55449420297889.164
-0.0009253367149072761,3.11767790995479e-07
-0.0009253430230117838,1.3850663106417418e-07
-0.0009253430230117848,1.3850662773772007e-07
-0.0009253430230118,1.3850657576397716e-07
-0.0009253430230118,1.3850657576397716e-07
-0.0009253430230118,1.3850657576397716e-07
-0.0009253430230118,1.3850657583206842e-07
-0.0009253430230107642,1.3851012910569174e-07
-0.0009253430230118,1.38506575764014e-07
-0.0009253430230117965,1.3850657576606438e-07
-0.0009253430230118,1.3850657576397716e-07
-0.0009253430230118,1.3850657576397716e-07
0.00014337502869534878,3.666484338676486
-0.0009253409269834271,1.3850596480720314e-07
-0.0009253430207089778,1.385065750927631e-07
-0.0009253430230118,1.3850657576397716e-07
-0.0009253430230118,1.3850657576397716e-07
-0.0009253430230118,1.3850657576397716e-07
-0.0009253424322703789,2.1651815094745534e-06
-0.0009253430230118,1.3850657582035943e-07
-0.0009253430218492171,1.4249508467310796e-07
-0.0009253430230118,1.3850657577438863e-07
-0.0009253430230102238,1.3850657741497455e-07
-0.0009253430230118,1.3850657576397716e-07
-0.0009253430230118,1.3850657576397716e-07
9.370759155688036e-05,3.6677927943713966
-0.0009253415241645951,1.3850613887540022e-07
-0.0009253430230118,1.3850657576399855e-07
-0.0009253430230095951,1.385141398623088e-07
-0.0009253430230118,1.3850657578643145e-07
-0.0009253430230118,1.3850657576397716e-07
-0.0009253430230118,1.3850657576397716e-07
-0.0009253430230118,1.385065758153703e-07
-0.0009253430229900557,1.3858117440751246e-07
-0.0009253430230118,1.3850657576402968e-07
-0.0009253430230118,1.3850657576402568e-07
-0.0009253430230118,1.3850657576397716e-07
-0.0009253430230118,1.3850657576397716e-07
1.902320477379889e+17,-55449420297889.16
-0.0009253420988277211,1.385063063799694e-07
-0.0009253430171840201,1.3850657406530643e-07
-0.0009253430230118,1.3850657576397716e-07
-0.0009253430230117998,1.3850657596182664e-07
-0.0009253430230118,1.3850657576397716e-07
-0.0009253430230118,1.3850657576397716e-07
-0.0009253430230118,1.385065757873969e-07
-0.0009253430230118,1.3850657576397716e-07
-0.0009253430230118,1.3850657576402862e-07
-0.0009253430230117803,1.3850657576398934e-07
-0.0009253430230118,1.3850657576397716e-07
-0.0009253430230118,1.3850657576397716e-07
0.00014451363436885527,3.670390588510544
-0.0009253430230118,1.3850657576397716e-07
-0.0009253428310657934,1.3850651981503597e-07
-0.0009253430229691534,1.3850657575154642e-07
-0.0009253430230118,1.3850657576397716e-07
-0.0009253430230118,1.3850657576397716e-07
-0.0009253430230118,1.3850657576397716e-07
-0.0009253430230118,1.385065757716755e-07
-0.0009253429755759619,1.389613897708555e-07
-0.0009253430230118,1.3850657576397716e-07
-0.0009253430230117875,1.385065757649702e-07
-0.0009253430230118,1.3850657576397716e-07
-0.0009253430230118,1.3850657576397716e-07
-107374179.43847245,31301.42658265741
-0.0009253429079435305,1.3850654222352531e-07
-0.0009253430230118,1.385065757640301e-07
-0.0009253430229618259,1.3850657574941058e-07
-0.0009253430230118,1.3850657576397716e-07
-0.0009253430230118,1.3850657576397716e-07
-0.0009253430229820425,1.3850657575707922e-07
-0.0009253430230118,1.385065757695066e-07
1.2103404079044033,-0.0003529249467921121
-0.0009253430220614289,1.4176704307705099e-07
-0.0009253430230117984,1.385065757639767e-07
-0.0009253430230118,1.3850657576397716e-07
-0.0009253430230118,1.3850657576397716e-07
0.00014526508353558058,3.6729686084968516
-0.0009253430229994727,1.3854886726581302e-07
-0.0009253430230118,1.38506575764042e-07
-0.0009253430230118,1.3850657576397722e-07
-0.0009253430230118,1.3850657576397716e-07
-0.0009253430230118,1.3850657576397716e-07
-0.0009253430230118,1.3850657576397716e-07
-0.0009253430230118,1.3850657576412624e-07
-0.0009253430086848738,1.3850657158792082e-07
-0.0009253430230117998,1.3850657576397714e-07
-0.0009253430230118,1.3850657576397716e-07
-0.0009253430230118,1.3850657576397716e-07
-0.0009253430230118,1.3850657576397716e-07
0.00014564654148168114,3.674277288021946
-0.0009253430230118,1.3850657576397716e-07
-0.0009253430230109465,1.3850950391116074e-07
-0.0009253430230117997,1.3850657634014335e-07
-0.0009253430230103699,1.3850657576356032e-07
-0.0009253430230118,1.3850657576397716e-07
-0.0009253430230118,1.3850657576397716e-07
-0.0009253430230118,1.3850657576877574e-07
4.094135785198987,-0.0011935024616226753
-0.0009253430230118,1.3850657576397727e-07
-0.0009253430230117995,1.3850657576566488e-07
-0.0009253430230118,1.3850657576397716e-07
-0.0009253430230118,1.3850657576397716e-07
-107374179.43847132,31301.430488907245
-0.00092534148023396,1.3850612607036408e-07
-0.0009253430230118,1.385065757641068e-07
-0.0009253430230118,1.3850657576432963e-07
-0.0009253430230118,1.3850657576397716e-07
-0.0009253430230118,1.3850657576397716e-07
-0.000925343022973159,1.3850657575271398e-07
-0.0009253430230118,1.3850657577034783e-07
8.501697853819891,-0.002478232161681542
-0.0009253429973505463,2.2654343515692334e-07
-0.0009253430230118,1.3850657576397716e-07
-0.0009253430230118,1.3850657576397716e-07
-0.0009253430230118,1.3850657576397716e-07
0.0001464036892090873,3.6768748583309097
-0.0009253429434138223,1.3850655256251469e-07
-0.0009253430230118,1.3850657576398177e-07
-0.0009253430230118,1.3850657576401255e-07
-0.0009253430230118,1.3850657576397716e-07
-0.0009253430230118,1.3850657576397716e-07
-0.0009253430230118,1.3850657576397716e-07
-0.0009253430230118,1.385065757767727e-07
19.00432096570042,-0.005539568934774217
-0.0009253430230117914,1.3850657576397467e-07
-0.0009253430230118,1.3850657576397716e-07
-0.0009253430230118,1.3850657576397716e-07
-0.0009253430230118,1.3850657576397716e-07
0.05889677680375866,3.678146862904062
-0.0009253427519135842,1.385064967434384e-07
-0.0009253430230118,1.3850657576397767e-07
-0.0009253430230117994,1.3850657576399956e-07
-0.0009253430230118,1.3850657576397716e-07
-0.0009253430230118,1.3850657576397716e-07
-0.0009253430230118,1.3850657576397716e-07
-0.0009253430230118,1.385065758119068e-07
40.759578601691906,-0.011880858106031641
-0.0009252377584547599,1.3847589297122326e-07
-0.0009253430230118,1.3850657576397716e-07
-0.0009253430230118,1.3850657576397716e-07
-0.0009253430230118,1.3850657576397716e-07
-4.932681744164906e+32,1.4377931924733352e+29
-0.0009253426337480842,1.3850646230019625e-07
-0.0009253430230118,1.3850657576397716e-07
-0.0009253430230118,1.3850657579000521e-07
-0.0009253430230118,1.3850657576397716e-07
-0.0009253430230118,1.3850657576397716e-07
3.674769028977801,12610.318800374689
-0.0009253430230118,1.3850657589322018e-07
-0.0009253430230117997,1.3850657576397708e-07
-0.0009251408756015833,1.3844765321733863e-07
-0.0009253430230117998,1.3850657576397714e-07
-0.0009253430230118,1.3850657576397716e-07
-0.0009253430230118,1.3850657576397716e-07
0.00014753659629462834,3.680761557842312
-0.0009253430228038797,1.3850675781527358e-07
-0.0009253430230118,1.3850657576397716e-07
-0.0009253430230117998,1.3850657576406017e-07
-0.0009253430230118,1.3850657576397716e-07
-0.0009253430230118,1.3850657576397716e-07
-0.0009253430230118,1.385065757639773e-07
-0.0009253430230117997,1.3850657642317206e-07
-0.0009253430230117996,1.385065757639804e-07
-0.0009253430230117888,1.3850657576401438e-07
-0.0009253429998122892,1.3850656900171266e-07
-0.0009253430230118,1.3850657576397716e-07
-0.0009253430230118,1.3850657576397716e-07
0.05889791540943217,3.68205311273812
-0.0009253430229420612,1.3850657574397144e-07
-0.000925322994088354,1.3850073767198647e-07
-0.0009253430230117326,1.3850664992685872e-07
-0.0009253430230118,1.3850657576397716e-07
-0.0009253430230118,1.3850657576397716e-07
-0.0009253430230118,1.3850657576397716e-07
-0.0009253430230117998,1.3850657610231108e-07
-0.0009253430230118,1.385065757639851e-07
-0.0009253430230118,1.3850657577460547e-07
-0.0009253430230110575,1.3850657576376075e-07
-0.0009253430230118,1.3850657576397716e-07
-0.0009253430230118,1.3850657576397716e-07
-4.932681744164906e+32,1.4377931924733352e+29
-0.0009253430230118,1.3850657576425676e-07
-0.0009253430230117997,1.3850657576407582e-07
-0.0009253430230117997,1.385065764893285e-07
-0.0009253430230118,1.3850657576397716e-07
-0.0009253430230118,1.3850657576397716e-07
-0.0009253430230118,1.385065757997637e-07
-0.0009253430230117997,1.3850657605720803e-07
-0.0009253430230118,1.3850657576417624e-07
-0.0009253430230117931,1.385065757639777e-07
-0.0009253430230118,1.3850657576397716e-07
-0.0009253430230118,1.3850657576397716e-07
-0.0009253430230118,1.3850657576397716e-07
0.00014866946961972834,3.6846482573537234
-0.0009253418876876802,1.3850624483654006e-07
-0.0009253430230118,1.385065757698332e-07
-0.0009253430230118,1.385065757708095e-07
-0.0009253430230118,1.3850657576397716e-07
-0.0009253430230118,1.3850657576397716e-07
-0.0009253430230118,1.385065757639773e-07
-0.0009253430230118,1.3850657593574623e-07
-0.0009253430230118,1.3850657576596997e-07
-0.0009253430230118,1.3850657576397716e-07
-0.0009253430230118,1.3850657576397716e-07
-0.0009253430230118,1.3850657576397716e-07
-0.0009253430230118,1.3850657576397716e-07
2.7200829065229695e+23,-7.92858102104035e+19
-0.0009253430230117997,1.3850657576401523e-07
-0.0009253430230118,1.3850657576397933e-07
-0.0009253430230117525,1.3850657576396332e-07
-0.0009253430230118,1.3850657576397716e-07
-0.0009253430230118,1.3850657576397716e-07
-0.0009253430230118,1.3850657576397716e-07
-0.0009253430230118,1.3850657576409323e-07
-0.0009253430230117991,1.3850657577807634e-07
-0.0009253430230118,1.3850657576397838e-07
-0.0009253430230118,1.3850657576397716e-07
-0.0009253430230118,1.3850657576397716e-07
-0.0009253430230118,1.3850657576397716e-07
-4.932681744164906e+32,1.4377931924733352e+29
-0.0009253430230117998,1.3850657576401885e-07
-0.0009253430230118,1.3850657576398124e-07
-0.0009253430230117401,1.3850657576395972e-07
-0.0009253430230118,1.3850657576397716e-07
-0.0009253430230118,1.3850657576397716e-07
-0.0009253430230118,1.3850657576397716e-07
-0.0009253430230118,1.3850657576409154e-07
-0.0009253430230118,1.3850657576397716e-07
-0.0009253430230118,1.3850657577655706e-07
-0.0009253430230118,1.3850657576397716e-07
-0.0009253430230118,1.3850657576397716e-07
-0.0009253430230118,1.3850657576397716e-07
-71.6798474577139,3.709428462151369
-0.0009253430230117998,1.3850657576397714e-07
-0.0009253430230117998,1.3850657576401973e-07
-0.0009253430230117801,1.3850657576397137e-07
-0.0009253430230118,1.3850657576397716e-07
-0.0009253430230118,1.3850657576397716e-07
-0.0009253430230118,1.3850657576397716e-07
-0.0009253430230118,1.3850657576397716e-07
-0.0009253430230118,1.3850657576397716e-07
-0.0009253430230118,1.3850657576416184e-07
-0.0009253430230118,1.3850657576397716e-07
1.6102293847140483e+17,-46935459608784.086
-0.0009253430230118,1.3850657576397716e-07
2.7200829065229695e+23,-7.92858102104035e+19
-0.0009253430230117998,1.385065757639997e-07
-0.0009253430230117983,1.385065757639769e-07
-0.0009253430230117997,1.385065757639771e-07
-0.0009253430230118,1.3850657576397716e-07
-0.0009253430230118,1.3850657576397716e-07
-0.0009253430230118,1.3850657576397716e-07
-0.0009253430230118,1.3850657576397716e-07
-0.0009253430230118,1.385065757649329e-07
-0.0009253430230117991,1.3850657576397692e-07
-0.0009253430230118,1.3850657576397716e-07
-0.0009253430230118,1.3850657576397716e-07
-0.0009253430230118,1.3850657576397716e-07
0.0001505596277153763,3.6911327655926485
-0.0009253430230118,1.385065757640282e-07
-0.0009253430230118,1.3850657576397732e-07
-0.0009253430230117983,1.385065757639767e-07
-0.0009253430230118,1.3850657576397716e-07
-0.0009253430230118,1.3850657576397716e-07
-0.0009253430230118,1.3850657576397716e-07
-0.0009253430230118,1.3850657576397716e-07
-0.0009253430230117996,1.3850657576397806e-07
-0.0009253430230117998,1.3850657576397716e-07
-0.0009253430230118,1.3850657576397716e-07
-0.0009253430230118,1.3850657576397716e-07
-0.0009253430230118,1.3850657576397716e-07
-71.67984631910822,3.713334711985427
-0.0009253430230115822,1.3850657576403825e-07
-0.0009253430230118,1.3850657576397737e-07
-0.0009253430230118,1.3850657576397716e-07
-0.0009253430230118,1.3850657576397716e-07
-0.0009253430230118,1.3850657576397716e-07
-0.0009253430230118,1.3850657576397716e-07
-0.0009253430230118,1.3850657576397716e-07
-0.0009253430230118,1.3850657576469897e-07
-0.0009253430230117998,1.3850657576397714e-07
-0.0009253430230118,1.3850657576397716e-07
-0.0009253430230118,1.3850657576397716e-07
-0.0002011532603046649,2.4845004411346596
5.8486029013067675e+35,-1.704768698472419e+32
-0.0009253430230116967,1.3850657576394707e-07
-0.0009253430230118,1.3850657576397724e-07
-0.0009253430230118,1.3850657576397716e-07
-0.0009253430230118,1.3850657576397716e-07
-0.0009253430230118,1.3850657576397716e-07
157741.87788780653,541169961.0104575
-0.0009253430230118,1.3850657576397716e-07
-0.0009253430230117998,1.3850657576434313e-07
-0.0009253430230118,1.3850657576397716e-07
-0.0009253430230118,1.3850657576397716e-07
-0.0009253430230118,1.3850657576397716e-07
-0.0009253430230118,1.3850657576397716e-07
0.0001516982333888828,3.6950390154267065
-0.000925343019060107,1.385065746121256e-07
-0.0009253430230118,1.385065757639772e-07
-0.0009253430230118,1.3850657576397716e-07
-0.0009253430230118,1.3850657576397716e-07
-0.0009253430230118,1.3850657576397716e-07
60045713.44826144,-17502.3085841469
-0.0009253430230118,1.3850657576397716e-07
-0.0009253430230118,1.3850657576405342e-07
-0.0009253430230118,1.3850657576397716e-07
-0.0009253430230118,1.3850657576397716e-07
-0.0009253430230118,1.3850657576397716e-07
-0.0009253430230118,1.3850657576397716e-07
-71.67984518050255,3.717240961819485
-0.0009253430196148687,1.3850657477382924e-07
-0.0009253430230117998,1.385065757764482e-07
-0.0009253430230118,1.3850657576397716e-07
-0.0009253430230118,1.3850657576397716e-07
-0.0009253430230118,1.3850657576397716e-07
-0.0009253430230110012,1.3850657758403307e-07
-0.0009253430230118,1.3850657576397716e-07
-0.0009253430230118,1.385065757639976e-07
-0.0009253430230118,1.3850657576397716e-07
-0.0009253430230118,1.3850657576397716e-07
1.0405121766554398e+22,-3.0329167821348685e+18
-0.0009253430230118,1.3850657576397716e-07
0.0001524496825556081,3.697617035413014
-0.0009253430153028884,1.4008574637657698e-07
-0.0009253430230118,1.3850657577709873e-07
-0.0009253430230118,1.3850657576397716e-07
-0.0009253430230118,1.3850657576397716e-07
-0.0009253430230118,1.3850657576397716e-07
1.697428807675313e+22,-4.947717511414019e+18
-0.0009253430230118,1.3850657576397716e-07
-0.0009253420477275436,1.38506291485159e-07
-0.0009253430230118,1.3850657576397716e-07
-0.0009253430230118,1.3850657576397716e-07
0.13678537142754793,-4.000183452811462e-05
8.377329703139564,3.5917499613606534
0.00015287286372328362,3.6989257149259465
-0.0009253430172109493,1.3978015758814533e-07
-0.0009253430230118,1.3850657576403818e-07
-0.0009253430230118,1.3850657576397716e-07
-0.0009253430230118,1.3850657576397716e-07
-0.0009253430230118,1.3850657576397716e-07
10752214590016.158,3.688795641484431e+16
-0.0009253430230118,1.3850657576397716e-07
-0.0009253430230117908,1.3850657576397452e-07
-0.0009253430230118,1.3850657576397716e-07
-0.0009253430230118,1.3850657576397716e-07
-0.00039122518358521467,-1.717972903656151e-08
-0.0009253430230118,1.3850657576397716e-07
-151996487006560.72,44304401875.24103
-0.000925342999133256,1.385065688092623e-07
-0.0009253430230118,1.3850657576397716e-07
-0.0009253430230118,1.3850657576397716e-07
-0.0009253430230118,1.3850657576397716e-07
-0.0009253430230118,1.3850657576397716e-07
-0.0009253430230118,1.385065757644216e-07
-0.0009253430230118,1.3850657576397716e-07
-0.0009253430230118,1.3850657576399315e-07
-0.0009253430230117998,1.3850657576397714e-07
-0.0009253430230118,1.3850657576397716e-07
-0.0009253430230098846,1.3850657576341886e-07
-0.0009253430230118,1.3850657576397716e-07
0.0001535882882291148,3.701523285247072
-0.0009253430230117956,1.3850657576397592e-07
-0.0009253430230118,1.3850657576565124e-07
-0.0009253430230118,1.3850657576397716e-07
-0.0009253430230118,1.3850657576397716e-07
-0.0009253430230118,1.3850657576397716e-07
-0.0009253430230118,1.3850657576397716e-07
-0.0009253430230118,1.3850657576397716e-07
-0.0009253430230118,1.3850657576397716e-07
-0.0009253430230118,1.3850657576397716e-07
-0.0009253430230118,1.3850657576397716e-07
-0.0009253351640586458,1.3850428501222569e-07
-0.0008709472240512862,1.2265112157070938e-07
89128.9573051601,-22.27676917842957
-0.0009253430230117975,1.3850657576397645e-07
-0.0009253430230118,1.3850657576602428e-07
-0.0009253430230118,1.3850657576397716e-07
-0.0009253430230118,1.3850657576397716e-07
-0.0009253430230118,1.3850657576397716e-07
-0.0009253430230118,1.3850657587764695e-07
-0.0009253430230118,1.3850657576397716e-07
-0.0009253430230118,1.3850657576397716e-07
-0.0009253430230118,1.3850657576397716e-07
-0.0009253430230118,1.3850657576397716e-07
-0.0009253430229798221,1.3850657575465615e-07
-0.0009251895203524564,0.0005267648457380511
0.0001543398068908152,3.704101543651949
-0.0009253430230117984,1.385065757654542e-07
-0.0009253430230118,1.3850657576397716e-07
-0.0009253430230118,1.3850657576397716e-07
-0.0009253430230118,1.3850657576397716e-07
-0.0009253430230118,1.3850657576397716e-07
-0.0009253430230118,1.3850657576397716e-07
-0.0009253430230118,1.3850657576397716e-07
-0.0009253430230118,1.3850657576397716e-07
-0.0009253430230118,1.3850657576397716e-07
-0.0009253430230118,1.3850657576397716e-07
-0.0009253430230118,1.3850657576397716e-07
-0.0009253430230118,1.3850657576397716e-07
0.00015472119531463244,3.7054099847584743
-0.000925342983440171,1.3850656423039187e-07
-0.0009253430230118,1.3850657576397716e-07
-0.0009253430230118,1.3850657576397716e-07
-0.0009253430230118,1.3850657576397716e-07
-0.0009253430230118,1.3850657576397716e-07
-0.0009253430230118,1.3850657576397722e-07
-0.0009253430230118,1.3850657576397716e-07
-0.0009253430230117993,1.3850657576397698e-07
-0.0009253430230118,1.3850657576397716e-07
-0.0009253430230118,1.3850657576397716e-07
-0.0009253430230118,1.3850657576397716e-07
-0.0009253430230118,1.3850657576397716e-07
1.902320477379889e+17,-55449420297889.125
-0.0009253430230117993,1.3850657576458697e-07
-0.0009253430230118,1.3850657576397716e-07
-0.0009253430230118,1.3850657576397716e-07
-0.0009253430230118,1.3850657576397716e-07
3208255.030019986,11006660140.424006
-0.0009253430230118,1.385065757639894e-07
-0.0009253430230118,1.3850657576397716e-07
-0.0009253430230118,1.3850657576397716e-07
-0.0009253430230118,1.3850657576397716e-07
-0.0009253430230118,1.3850657576397716e-07
-0.0009253430230118,1.3850657576397716e-07
-0.0009253430230118,1.3850657576397716e-07
0.0001554784125643217,3.708007793486007
-0.0009253430001564462,1.385065691020286e-07
-0.0009253430230118,1.3850657576397716e-07
-0.0009253430230118,1.3850657576397716e-07
-0.0009253430230118,1.3850657576397716e-07
-0.0009253430224136785,1.4055856958493142e-07
-0.0009115113890665493,1.3447488871120675e-07
-0.0009253430230118,1.3850657576397716e-07
-0.0009253430230118,1.3850657576397716e-07
-0.0009253430230118,1.3850657576397716e-07
-0.0009253430230118,1.3850657576397716e-07
1.0478913243314114e+22,-3.0544257479369257e+18
9.59721768602141e+21,-2.7974264246765005e+18
0.00015585980098813893,3.709316234592532
-0.0009253430062955335,1.3850657089146855e-07
-0.0009253430230118,1.3850657576397716e-07
-0.0009253430230118,1.3850657576397716e-07
-0.0009253430230118,1.3850657576397716e-07
-0.0009253430230118,1.3850657576397716e-07
-0.0002691607650453171,2.251184983211705
-0.0009253430230118,1.3850657576397716e-07
-0.0009253430230118,1.3850657576397716e-07
-0.0009253430230118,1.3850657576397716e-07
-0.0009253430230118,1.3850657576397716e-07
-0.0009253430230118,1.3850657576397716e-07
-0.0009253430230118,1.3850657576397716e-07
4.056481657736739e+29,-1.182395705903026e+26
-0.000925342987578715,2.5633738576855055e-07
-0.0009252312423020862,1.3847399358013038e-07
-0.0009253430230118,1.3850657576397716e-07
-0.0009253430230118,1.3850657576397716e-07
-0.0009253430230118,1.3850657576397716e-07
-0.0009253430230118,1.3850657576397716e-07
-0.0009253430230118,1.3850657576397716e-07
-0.0009252419265238343,2.3628668044940895e-07
-0.0009253430230118,1.3850657576397716e-07
-0.0009253430230118,1.3850657576397716e-07
-0.0009253430230118,1.3850657576397716e-07
-0.0009253430230113062,1.3850657576383404e-07
0.00015661131964986275,3.7118944929974087
-0.0009253430226031707,1.3850657564499066e-07
-0.0009253430230118,1.38506575763985e-07
-0.0009253430230118,1.3850657576397716e-07
-0.0009253430230118,1.3850657576397716e-07
-0.0009253430230118,1.3850657576397716e-07
-0.0009253430230118,1.3850657576397716e-07
-0.0009253430230118,1.3850657576397716e-07
-0.0009253430230117998,1.3850657576397714e-07
-0.0009253430230118,1.3850657576397716e-07
-0.0009253430230118,1.3850657576397716e-07
-0.0009253430230118,1.3850657576397716e-07
1.0498800012523863e+22,-3.060222404375158e+18
-107374179.43846035,31301.468086561898
-0.000925343022574749,1.385065756365842e-07
-0.0009253430230118,1.385065757639831e-07
-0.0009253430230118,1.3850657576397716e-07
-0.0009253430230118,1.3850657576397716e-07
-0.0009253430230118,1.3850657576397716e-07
-0.0009253430224560724,1.404131274883042e-07
-0.0009253430230118,1.3850657576397716e-07
-0.0009253430230118,1.3850657576397716e-07
-0.0009253430230118,1.3850657576397716e-07
-0.0009253430230118,1.3850657576397716e-07
-0.0009253430230118,1.3850657576397716e-07
-0.0009253430230118,1.385065757641771e-07
4.056481657736739e+29,-1.182395705903026e+26
-0.0009253430093672237,1.3850657178681427e-07
-0.0009253430230118,1.3850657576397716e-07
-0.0009253430230118,1.3850657576397716e-07
-0.0009253430230118,1.3850657576397716e-07
-0.0009253430230118,1.3850657576397716e-07
-0.0009253430229770504,1.3862579209016404e-07
-0.0009253430230118,1.3850657576397716e-07
-0.0009253430230118,1.3850657576397716e-07
-0.0009253430230118,1.3850657576397716e-07
-0.0009253430230118,1.3850657576397716e-07
-0.0009253430230118,1.3850657576397716e-07
-0.0009253430230117393,1.385067836117725e-07
0.00015774422676268862,3.715781192508811
-0.0009253430116978168,1.3850657246614269e-07
-0.0009253430230117998,1.3850657628109832e-07
-0.0009253430230118,1.3850657576397716e-07
-0.0009253430230118,1.3850657576397716e-07
-0.0009253430230118,1.3850657576397716e-07
1.6978825453184953e+22,-4.94904007980252e+18
-0.0009253430230118,1.3850657576397716e-07
-0.0009253430230118,1.3850657576397716e-07
-0.0009253430230118,1.3850657576397716e-07
-0.0009253430230118,1.3850657576397716e-07
-0.0009253430230118,1.3850657576397716e-07
-0.0009253430230118,1.3850657576397716e-07
-2.3021534781582452e+20,6.710387514540767e+16
-0.0009253430167295308,1.385065739328021e-07
-0.0009253430230118,1.3850657576397716e-07
-0.0009253430230118,1.3850657576397716e-07
-0.0009253430230118,1.3850657576397716e-07
-0.0009253430230118,1.3850657576397716e-07
-0.0009253430230118,1.3850657576397716e-07
-0.0009253430230118,1.3850657576397716e-07
-0.0009253430230118,1.3850657576397716e-07
-0.0009253430230118,1.3850657576397716e-07
-0.0009253430230118,1.3850657576397716e-07
-0.0009232864275226615,1.3790711300774877e-07
4.947016845530782e+18,1.6971884280554138e+22
0.00015850137449009455,3.7183787628177747
-0.0009253430190032666,1.3850657459555757e-07
-0.0009253430230118,1.3850657576397716e-07
-0.0009253430230118,1.3850657576397716e-07
-0.0009253430230118,1.3850657576397716e-07
-0.0009253430230118,1.3850657576397716e-07
-0.0009253430230116642,1.38507041341458e-07
-0.0009253430230118,1.3850657576397716e-07
-0.0009253430230118,1.3850657576397716e-07
-0.0009253430230118,1.3850657576397716e-07
-0.0009253430230118,1.3850657576397716e-07
-0.0009253430230118,1.3850657576397716e-07
-0.0009253430230118,1.3850657576397722e-07
0.00015888283243619512,3.7196874423428685
-0.0009253430230118,1.3850657576397716e-07
-0.0009253430230118,1.385065757640085e-07
-0.0009253430230118,1.3850657576397716e-07
-0.0009253430230118,1.3850657576397716e-07
-0.0009253430230118,1.3850657576397716e-07
0.01037051924153432,38.7530655088319
-0.0009253430230118,1.3850657580887097e-07
-0.0009253430230118,1.3850657576397716e-07
-0.0009253430230118,1.3850657576397716e-07
-0.0009253430230118,1.3850657576397716e-07
-0.0009253430230118,1.3850657576397716e-07
-0.0009253430230118,1.3850657576397716e-07
-2.3021534781582452e+20,6.710387514540767e+16
-0.0009253430200980382,1.3850657491467597e-07
-0.0009253430230116178,1.3850657576399736e-07
-0.0009253430230118,1.3850657576397716e-07
-0.0009253430230118,1.3850657576397716e-07
-0.0009253430230118,1.3850657576397716e-07
-0.0009253430203583722,1.4760977268433243e-07
-0.0009253430230118,1.3850657580930465e-07
-0.0009253430230118,1.3850657576397716e-07
-0.0009253430230118,1.3850657576397716e-07
-0.0009253430230118,1.3850657576397716e-07
-0.0009253430230118,1.3850657576397716e-07
-0.0009253430230118,1.3850657576397793e-07
0.00015963998016360126,3.7222850126518323
-0.0009253430203822553,1.3850657499751645e-07
-0.0009253430230117828,1.3850657576402682e-07
-0.0009253430230118,1.3850657576397716e-07
-0.0009253430230118,1.3850657576397716e-07
-0.0009253430230118,1.3850657576397716e-07
-0.0009253430230117994,1.38506577762715e-07
-0.0009253430230118,1.38506575804751e-07
-0.0009253430230118,1.3850657576397716e-07
-0.0009253430230118,1.3850657576397716e-07
-0.0009253430230118,1.3850657576397716e-07
-0.0009253430230118,1.3850657576397716e-07
0.15771455732530415,544.2508315102724
0.05891001309471318,3.7235570172249846
-0.0009253430230118,1.3850657576398328e-07
-0.0009253430230118,1.3850657576399982e-07
-0.0009253430230118,1.3850657576397716e-07
-0.0009253430230118,1.3850657576397716e-07
-0.0009253430230118,1.3850657576397716e-07
-0.0009253430230118,1.3850657576398426e-07
-0.0009253430230118,1.3850657576397716e-07
-0.0009253430230118,1.3850657576397716e-07
-0.0009253430230118,1.3850657576397716e-07
-0.0009253430230118,1.3850657576397716e-07
-0.0009253430230118,1.3850657576397716e-07
3.7243568483656335e+18,1.2777266668710708e+22
-4.932681744164906e+32,1.4377931924733352e+29
-0.0009253430212493865,1.3850657525026735e-07
-0.0009253430230118,1.3850657576400236e-07
-0.0009253430230118,1.3850657576397716e-07
-0.0009253430230118,1.3850657576397716e-07
-0.0009253430230118,1.3850657576397716e-07
-0.0009253049342979264,0.0001308106397910422
-0.0009253430230118,1.3850657581429198e-07
-0.0009253430230118,1.3850657576397716e-07
-0.0009253430230118,1.3850657576397716e-07
-0.0009253430230118,1.3850657576397716e-07
-0.0009253430230118,1.3850657576397716e-07
-0.0009253430230118,1.3850657576397716e-07
0.00016076715490073582,3.7261521618405884
-0.0009253430214483384,1.3850657530825856e-07
-0.0009253430230118,1.3850657576399707e-07
-0.0009253430230118,1.3850657576397716e-07
-0.0009253430230118,1.3850657576397716e-07
-0.0009253430230118,1.3850657576397716e-07
-0.0009253430230118,1.3850657579348443e-07
-0.0009253430230118,1.385065757639813e-07
-0.0009253430230118,1.3850657576397716e-07
-0.0009253430230118,1.3850657576397716e-07
-0.0009253430230118,1.3850657576397716e-07
-0.0009253430230118,1.3850657576397716e-07
2160.3141684311013,-0.6296951259609042
126443834116.51591,-36856232.56591316
-0.0009253430230118,1.3850657576397716e-07
-0.0009253430230118,1.3850657576397716e-07
-0.0009253430230118,1.3850657576397716e-07
-0.0009253430230118,1.3850657576397716e-07
-0.0009253430230118,1.3850657576397716e-07
2.4672220328658345e+23,8.464375227276944e+26
-0.0009253430230118,1.3850657579542686e-07
-0.0009253430230118,1.3850657576397716e-07
-0.0009253430230118,1.3850657576397716e-07
-0.0009253430230118,1.3850657576397716e-07
-0.0009253430230118,1.3850657576397716e-07
-0.0009253430230118,1.3850657576397716e-07
-4.932681744164906e+32,1.4377931924733352e+29
-0.0009253430230118,1.3850657576397716e-07
-0.0009253430230118,1.3850657576399045e-07
-0.0009253430230118,1.3850657576397716e-07
-0.0009253430230118,1.3850657576397716e-07
-0.0009253430230118,1.3850657576397716e-07
145548.1022666007,-42.42480702359169
-0.0009253430230117998,1.3850657579217423e-07
-0.0009253430230118,1.3850657576397716e-07
-0.0009253430230118,1.3850657576397716e-07
-0.0009253430230118,1.3850657576397716e-07
-0.0009253430230118,1.3850657576397716e-07
-0.0009253430230113315,1.385065757638406e-07
-71.67983536002862,3.750932366638234
-0.0009253430219528227,1.3850657545530324e-07
-0.0009253430230118,1.3850657576397716e-07
-0.0009253430230118,1.3850657576397716e-07
-0.0009253430230118,1.3850657576397716e-07
-0.0009253429844583961,2.7077293511680117e-07
-0.00092534301377907,1.701815890295949e-07
-0.0009253430230118,1.3850657576397917e-07
-0.0009253430230118,1.3850657576397716e-07
-0.0009253430230118,1.3850657576397716e-07
-0.0009253430230118,1.3850657576397716e-07
-0.0009253430230118,1.3850657576397716e-07
-0.0009253430230118,1.3850657576397716e-07
2.7200829065229695e+23,-7.92858102104035e+19
-0.0009253430218249248,1.3850657541802318e-07
-0.0009253430230118,1.3850657576397716e-07
-0.0009253430230118,1.3850657576397716e-07
-0.0009253430230118,1.3850657576397716e-07
-0.0009253430230118,1.3850657576397716e-07
-0.0009253430230118,1.3850657576398444e-07
-0.0009253430230118,1.385065757887009e-07
-0.0009253430230118,1.3850657576397716e-07
-0.0009253430230118,1.3850657576397716e-07
-0.0009253430230118,1.3850657576397716e-07
-0.0009253430230118,1.3850657576397716e-07
-0.0009253430230118,1.3850657576397716e-07
0.00016266301158434921,3.732656220402169
-0.0009253430219386119,1.38506575451161e-07
-0.0009253430230118,1.3850657576397716e-07
-0.0009253430230118,1.3850657576397716e-07
-0.0009253430230118,1.3850657576397716e-07
-0.0009253430230118,1.3850657576397716e-07
9709318.586611273,-2830.1019388785153
-0.0009253430230118,1.3850657578696617e-07
-0.0009253430230118,1.3850657576397716e-07
-0.0009253430230118,1.3850657576397716e-07
-0.0009253430230118,1.3850657576397716e-07
-0.0009253430230118,1.3850657576397716e-07
-0.0009253430230118,1.3850657576397716e-07
-71.67983422142295,3.754838616472292
-0.0009253430230118,1.3850657576397716e-07
-0.0009253430230118,1.3850657576397716e-07
-0.0009253430230118,1.3850657576397716e-07
-0.0009253430230118,1.3850657576397716e-07
-0.0009253430230118,1.3850657576400768e-07
-0.0009253430230118,1.3850657576459401e-07
-0.0009253430230118,1.3850657576397716e-07
-0.0009253430230118,1.3850657576397716e-07
-0.0009253430230118,1.3850657576397716e-07
-0.0009253430230118,1.3850657576397716e-07
-0.0009253096654120912,1.3849685258857968e-07
2.948339025961406e+18,1.0114958232589129e+22
2.7200829065229695e+23,-7.92858102104035e+19
-0.0009253430230118,1.3850657576397716e-07
-0.0009253430230118,1.3850657576397716e-07
-0.0009253430230118,1.3850657576397716e-07
-0.0009253430230118,1.3850657576397716e-07
-0.0009253430230118,1.3850657576397716e-07
0.008615317245739051,0.0354931767348703
-0.0009253430230118,1.3850657576397716e-07
-0.0009253430230118,1.3850657576397716e-07
-0.0009253430230118,1.3850657576397716e-07
-0.0009253430230118,1.3850657576397716e-07
-0.0009253430230118,1.3850657576397716e-07
-0.0009253430230118,1.3850657576397716e-07
0.00016379591866989027,3.736542919913571
-0.0009253430230118,1.3850657576397716e-07
-0.0009253430230118,1.3850657576397716e-07
-0.0009253430230118,1.3850657576397716e-07
-0.0009253430230118,1.3850657576397716e-07
-0.0009253430230118,1.3850657577151748e-07
-0.0009253430230118,1.3850657576398465e-07
-0.0009253430230118,1.3850657576397782e-07
-0.0009253430230118,1.3850657576397716e-07
-0.0009253430230118,1.3850657576397716e-07
-0.0009253430230118,1.3850657576397716e-07
-0.0009253430230118,1.3850657576397716e-07
-0.0009253430228918888,1.385065757290251e-07
-151996487006560.72,44304401875.278625
-0.0009253430225462595,1.3850657562828e-07
-0.0009253430230118,1.3850657576397716e-07
-0.0009253430230118,1.3850657576397716e-07
-0.0009253430230118,1.3850657576397716e-07
-0.0009253430230118,1.3850657576397716e-07
171202.7424701511,587350567.0486505
-0.0009253430230118,1.385065757639776e-07
-0.0009253430230118,1.3850657576397716e-07
-0.0009253430230118,1.3850657576397716e-07
-0.0009253430230118,1.3850657576397716e-07
-0.0009253430230118,1.3850657576397716e-07
3.011356620137128e+18,1.0331154649416676e+22
5.8486029013067675e+35,-1.704768698472419e+32
-0.0009253430225356017,1.3850657562517342e-07
-0.0009253430230118,1.3850657576397716e-07
-0.0009253430230118,1.3850657576397716e-07
-0.0009253430230118,1.3850657576397716e-07
-0.0009253430230092978,1.385151598137499e-07
-0.0009253430230118,1.3850657576397716e-07
-0.0009253430230118,1.3850657576397756e-07
-0.0009253430230118,1.3850657576397716e-07
-0.0009253430230118,1.3850657576397716e-07
-0.0009253430230118,1.3850657576397716e-07
-0.0009253430230118,1.3850657576397716e-07
-0.0009253430230118,1.385065757640062e-07
0.0001649705490042911,3.7404296194128115
-0.0009253430225836307,1.3850657563917308e-07
-0.0009253430230118,1.3850657576397716e-07
-0.0009253430230118,1.3850657576397716e-07
-0.0009253430230118,1.3850657576397716e-07
0.010079031741438224,37.75305029252467
1.9193887749051142e+29,-5.594693226525032e+25
-0.0009253430230118,1.385065757639775e-07
-0.0009253430230118,1.3850657576397716e-07
-0.0009253430230118,1.3850657576397716e-07
-0.0009253430230118,1.3850657576397716e-07
-0.0009253430230118,1.3850657576397716e-07
-0.0009253430230118,1.3850657576397716e-07
-151996487006560.72,44304401875.28253
-0.0009253430226031707,1.3850657564486863e-07
-0.0009253430230118,1.3850657576399177e-07
-0.0009253430230118,1.3850657576397716e-07
-0.0009253430230118,1.3850657576397716e-07
-0.0009253430230118,1.3850657576397716e-07
-0.0009253430230118,1.3850657577494878e-07
-0.0009253430230118,1.3850657576945336e-07
-0.0009253430230118,1.3850657576397716e-07
-0.0009253430230118,1.3850657576397716e-07
-0.0009253430230118,1.3850657576397716e-07
-0.0009253430230118,1.3850657576397716e-07
553089.0380787777,-161.21608805782898
0.00016568597351012207,3.743027189733937
-0.0009253430228163671,1.385065757070118e-07
-0.0009253430230118,1.3850657576399548e-07
-0.0009253430230118,1.3850657576397716e-07
-0.0009253430230118,1.3850657576397716e-07
-0.0009253430230118,1.3850657576397716e-07
-0.0009253430230118,1.385065757945596e-07
-0.0009253430230118,1.3850657577530903e-07
-0.0009253430230118,1.3850657576397716e-07
-0.0009253430230118,1.3850657576397716e-07
-0.0009253430230118,1.3850657576397716e-07
-0.0009253430230118,1.3850657576397716e-07
9.962126333926978e+21,-2.903791115740124e+18
89128.9573172578,-22.23526527394271
-0.0009253430230118,1.3850657576397716e-07
-0.0009253430230118,1.3850657576397716e-07
-0.0009253430230118,1.3850657576397716e-07
-0.0009253430230118,1.3850657576397716e-07
-0.0009253430230118,1.3850657577189292e-07
-0.0009253430230118,1.3850657576398434e-07
-0.0009253430230118,1.3850657576397716e-07
-0.0009253430230118,1.3850657576397716e-07
-0.0009253430230118,1.3850657576397716e-07
-0.0009253430230118,1.3850657576397716e-07
-0.0009253430230118,1.3850657576397716e-07
-0.0009253430230118,1.3850657576397716e-07
-3.218643847351014e+26,9.381801731262799e+22
-0.0009253430230118,1.3850657576397716e-07
-0.0009253430230118,1.3850657576397716e-07
-0.0009253430230118,1.3850657576397716e-07
-0.0009253430230118,1.3850657576397716e-07
-0.0009253328758970949,3.4950528028781766e-05
-0.0009253430230118,1.3850657576397727e-07
-0.0009253430230118,1.3850657577059177e-07
-0.0009253430230118,1.385065757639799e-07
-0.0009253430230118,1.3850657576397716e-07
-0.0009253430230118,1.3850657576397716e-07
-0.0009253430230118,1.3850657576397716e-07
-0.0009253430230118,1.3850657576397716e-07
0.0001668188805956397,3.746913889245339
-0.0009253430230118,1.3850657576397732e-07
-0.0009253430230118,1.3850657576397716e-07
-0.0009253430230118,1.3850657576397716e-07
-0.0009253430230118,1.3850657576397716e-07
-0.0009253430230118,1.3850657576397716e-07
0.03941322770244187,138.39078710618128
-0.0009253430230118,1.3850657576929073e-07
-0.0009253430230118,1.3850657576397716e-07
-0.0009253430230118,1.3850657576397716e-07
-0.0009253430230118,1.3850657576397716e-07
-0.0009253430230118,1.3850657576397716e-07
-0.0009253430230118,1.3850657576397716e-07
89128.9573183964,-22.23135902410865
-0.0009253430230118,1.385065757639773e-07
-0.0009253430230118,1.3850657576397716e-07
-0.0009253430230118,1.3850657576397716e-07
-0.0009253430230118,1.3850657576397716e-07
-0.0009253430230118,1.3850657576397716e-07
1.1589470464948404e+22,-3.3781343705349176e+18
-0.0009253430230118,1.385065757686402e-07
-0.0009253430230118,1.3850657576397827e-07
-0.0009253430230118,1.3850657576397716e-07
-0.0009253430230118,1.3850657576397716e-07
-0.0009253430230118,1.3850657576397716e-07
-0.0009253430230118,1.3850657576397716e-07
0.00016757039925736374,3.7494921476502157
-0.0009253430230118,1.3850657576397716e-07
-0.0009253430230118,1.3850657576397716e-07
-0.0009253430230118,1.3850657576397716e-07
-0.0009253430230118,1.3850657576397716e-07
-0.0009253430230118,1.3850657576397716e-07
-0.0009253430230029367,1.3850706265476335e-07
-0.0009253430230118,1.3850657576850469e-07
-0.0009253430230118,1.3850657576397907e-07
-0.0009253430230118,1.3850657576397716e-07
-0.0009253430230118,1.3850657576397716e-07
-0.0009253430230118,1.3850657576397716e-07
-0.0009253430230118,1.3850657576397716e-07
1.902320477379889e+17,-55449420297889.08
-0.0009253430230118,1.3850657576397716e-07
-0.0009253430230118,1.3850657576397716e-07
-0.0009253430230118,1.3850657576397716e-07
-0.0009253430230118,1.3850657576397716e-07
-0.0009253430230118,1.3850657576397716e-07
-0.0009253430230118,1.3850657576397716e-07
-0.0009253430230118,1.3850657576741998e-07
-0.0009253430230118,1.3850657576397716e-07
-0.0009253430230118,1.3850657576397716e-07
-0.0009253430230118,1.3850657576397716e-07
-0.0009253430230118,1.3850657576397716e-07
1.0331055570229083e+22,-3.01132774023187e+18
0.00016802576606934027,3.7510545045327075
-0.0009253430230118,1.3850657576397716e-07
-0.0009253430230118,1.3850657576397716e-07
-0.0009253430230118,1.3850657576397716e-07
-0.0009253430230118,1.3850657576397716e-07
-0.0009253430230118,1.3850657576397716e-07
-0.0009253430230118,1.385065757639776e-07
-0.0009253430230118,1.3850657576702698e-07
-0.0009253430230118,1.3850657576397716e-07
-0.0009253430230118,1.3850657576397716e-07
-0.0009253430230118,1.3850657576397716e-07
-0.0009253430230118,1.3850657576397716e-07
-0.0003911804218958737,-1.7192776310956246e-08
0.00016821371424269392,3.7516991883432014
-0.0009253430230118,1.3850657576397724e-07
-0.0009253430230118,1.385065757639772e-07
-0.0009253430230118,1.3850657576397716e-07
-0.0009253430230118,1.3850657576397716e-07
-0.0009253430230118,1.3850657576397716e-07
3.018514423266392e+21,1.0355711146838473e+25
-0.0009253430230118,1.3850657576731156e-07
-0.0009253430230118,1.385065757639786e-07
-0.0009253430230118,1.3850657576397716e-07
-0.0009253430230118,1.3850657576397716e-07
-0.0009253430230118,1.3850657576397716e-07
-0.0009253430230118,1.3850657576397727e-07
1.902320477379889e+17,-55449420297889.08
-0.0009253430230118,1.3850657576397724e-07
-0.0009253430230118,1.3850657576397745e-07
-0.0009253430230118,1.3850657576397716e-07
-0.0009253430230118,1.3850657576397716e-07
-0.0009253430230118,1.3850657576397716e-07
-0.0009253430230118,1.3850657576397896e-07
-0.0009253430230118,1.385065757669321e-07
-0.0009253430230118,1.3850657576397875e-07
-0.0009253430230118,1.3850657576397716e-07
-0.0009253430230118,1.3850657576397716e-07
-0.0009253430230118,1.3850657576397716e-07
-0.0009253430230118,1.3850657576397716e-07
0.00011854342781024267,3.7529978688767835
-0.0009253430228954151,1.3850657573005302e-07
-0.0009253430230118,1.3850657576397867e-07
-0.0009253430230118,1.3850657576397716e-07
-0.0009253430230118,1.3850657576397716e-07
-0.0009253430230118,1.3850657576397716e-07
1.2365773175333405e+25,4.24236419491758e+28
-0.0009253430230118,1.3850657576652551e-07
-0.0009253430230118,1.3850657576397716e-07
-0.0009253430230118,1.3850657576397716e-07
-0.0009253430230118,1.3850657576397716e-07
-0.0009253430230118,1.3850657576397716e-07
3.0334241495613256e+18,1.0406862407736433e+22
0.00016878016778546434,3.7536425380989025
-0.0009253430229242977,1.3850657573847173e-07
-0.0009253430230118,1.385065757639795e-07
-0.0009253430230118,1.3850657576397716e-07
-0.0009253430230118,1.3850657576397716e-07
-0.0009253430230118,1.3850657576397716e-07
-0.0009253430230118,1.3850657576397716e-07
-0.0009253430230118,1.3850657576611894e-07
-0.0009253430230118,1.3850657576397716e-07
-0.0009253430230118,1.3850657576397716e-07
-0.0009253430230118,1.3850657576397716e-07
-0.0009253430230118,1.3850657576397716e-07
-0.0009253430230118,1.3850657576397716e-07
4.056481657736739e+29,-1.182395705903026e+26
-0.0009253430230118,1.3850657576397716e-07
-0.0009253430230118,1.3850657576397962e-07
-0.0009253430230118,1.3850657576397716e-07
-0.0009253430230118,1.3850657576397716e-07
-0.0009253430230118,1.3850657576397716e-07
-0.0009253430230118,1.3850657576444824e-07
-0.0009253430230118,1.3850657576639e-07
-0.0009253430230118,1.3850657576397716e-07
-0.0009253430230118,1.3850657576397716e-07
-0.0009253430230118,1.3850657576397716e-07
-0.0009253430230118,1.3850657576397716e-07
-0.0009253430230118,1.3850657576397716e-07
-71.67982810141746,3.775834709330353
-0.0009253430230118,1.3850657576397722e-07
-0.0009253430230118,1.3850657576397737e-07
-0.0009253430230118,1.3850657576397716e-07
-0.0009253430230118,1.3850657576397716e-07
-0.0009253430230118,1.3850657576397716e-07
1.690358381740683e+22,-4.927108417205329e+18
-0.0009253430230118,1.3850657576636288e-07
-0.0009253430230118,1.3850657576397716e-07
-0.0009253430230118,1.3850657576397716e-07
-0.0009253430230118,1.3850657576397716e-07
-0.0009253430230118,1.3850657576397716e-07
-0.0009253430230118,1.3850657576397716e-07
0.00016934947062221758,3.755595663015931
-0.0009253430229658284,1.3850657575057726e-07
-0.0009253430230118,1.3850657576398055e-07
-0.0009253430230118,1.3850657576397716e-07
-0.0009253430230118,1.3850657576397716e-07
-0.0009253430230118,1.3850657576397716e-07
-0.0009253430230118,1.3850657576397716e-07
-0.0009253430230118,1.385065757664171e-07
-0.0009253430230118,1.3850657576397716e-07
-0.0009253430230118,1.3850657576397716e-07
-0.0009253430230118,1.3850657576397716e-07
-0.0009253430230118,1.3850657576397716e-07
1.0995721544798573e+22,-3.2050666155678167e+18
5.8486029013067675e+35,-1.704768698472419e+32
-0.0009253430229565025,1.385065757478589e-07
-0.0009253430230118,1.3850657576397716e-07
-0.0009253430230118,1.3850657576397716e-07
-0.0009253430230118,1.3850657576397986e-07
-0.0009253430230118,1.3850657576401613e-07
-0.0009253430230118,1.3850657576397716e-07
-0.0009253430230118,1.3850657576634933e-07
-0.0009253430230118,1.3850657576397716e-07
-0.0009253430230118,1.3850657576397716e-07
-0.0009253430230118,1.3850657576397716e-07
-0.0009253430230118,1.3850657576397716e-07
-0.0009253430230118,1.3850657576397716e-07
-107374179.43844761,31301.511787731914
-0.0009253430229553923,1.3850657574753527e-07
-0.0009253430230118,1.3850657576397716e-07
-0.0009253430230118,1.3850657576397716e-07
-0.0009253430230118,1.3850657582907437e-07
-0.0009253429787586803,2.9032712721765267e-07
-0.0009253430230118,1.3850657576397716e-07
-0.0009253430230118,1.3850657576606473e-07
-0.0009253430230117795,1.38506575782841e-07
-0.0009253430230118,1.3850657576397722e-07
-0.0009253430230118,1.3850657576397716e-07
-0.0009253430230118,1.3850657576397716e-07
-0.0009253430230118,1.3850657576397716e-07
0.00016991592416498822,3.757539012771632
-0.0009253430230118,1.385065757878339e-07
-0.0009253430230117805,1.3850657576397152e-07
-0.0009253430230118,1.3850657576397716e-07
-0.0009253430230118,1.3850657576397724e-07
-0.0009253430230118,1.3850657576397716e-07
-0.0009253430230118,1.3850657576397716e-07
-0.0009253430230118,1.3850657576596986e-07
-0.0009253430230118,1.3850657576397716e-07
-0.0009253430230118,1.3850657576397716e-07
-0.0009253430230118,1.3850657576397716e-07
-0.0009253430230118,1.3850657576397716e-07
1.3061468562922502e+22,-3.8071968875125187e+18
5.8486029013067675e+35,-1.704768698472419e+32
-0.0009253430230118,1.385065757639772e-07
-0.0009253430230118,1.3850657576397716e-07
-0.0009253430230118,1.3850657576397716e-07
-0.0009253430230118,1.3850657576397727e-07
-0.0009253430230118,1.3850657576397716e-07
-0.0009253430230118,1.3850657576397716e-07
-0.0009253430230118,1.385065757659292e-07
-0.0009253430230118,1.3850657576397716e-07
-0.0009253430230118,1.3850657576397716e-07
-0.0009253430230118,1.3850657576397716e-07
-0.0009253430230118,1.3850657576397716e-07
11.500312037653462,-0.0033522774141387943
-107374179.43844704,31301.513740856833
-0.0009253430229800392,1.3850657575471944e-07
-0.0009253430230118,1.3850657576397716e-07
-0.0009253430230118,1.3850657576397716e-07
-0.0009253430230118,1.3850657576397716e-07
-0.0009253430230118,1.3850657576397716e-07
-0.0009253430230118,1.3850657576397716e-07
-0.0009253430230118,1.3850657576397716e-07
-0.0009253430230118,1.385065757639772e-07
-0.0009253430230118,1.3850657576397716e-07
-0.0009253430230118,1.3850657576397716e-07
-0.0009253430230118,1.385065757639843e-07
-0.0009253429816270311,1.385065637010179e-07
0.00017048237773504345,3.7594823625273333
-0.0009253430230118,1.3850657576397716e-07
-0.0009253430230118,1.3850657576397716e-07
-0.000925343023011799,1.3850657906775387e-07
-0.0009253430230118,1.3850657576980753e-07
-0.0009253430230118,1.3850657576397716e-07
-0.0009253430230118,1.3850657576397716e-07
-0.0009253430230118,1.385065757639772e-07
-0.0009253430230118,1.3850657576397716e-07
-0.0009253430229841497,1.3850657575591756e-07
-0.0009253430230118,1.3850657576397716e-07
-0.0009253430230118,1.3850657576397716e-07
2.946721094905499e+18,1.0109407546284194e+22
0.00017067022262569613,3.760126807919268
-0.0009253430229811494,1.3850657575504308e-07
-0.0009253430230118,1.3850657576397716e-07
-0.0009253430230118,1.3850657576397716e-07
-0.0009253430230117609,1.3850657576646082e-07
-0.0009253430230118,1.3850657576397716e-07
-0.0009253428811259835,1.385065344066645e-07
-0.0009253430230118,1.3850657576478367e-07
-0.0009253430230118,1.3850657576397716e-07
-0.0009253430230118,1.3850657576397716e-07
-0.0009253430230118,1.3850657576397716e-07
-0.0009253430230118,1.3850657576397716e-07
-0.000283043915228896,2.2035556288507787
-2.3021534781582452e+20,6.710387514540767e+16
-0.0009253430229874818,1.3850657575688887e-07
-0.0009253430230118,1.3850657576397716e-07
-0.0009253430230118,1.3850657576397716e-07
-0.0009253430230118,1.3850657576410337e-07
-0.0009253430230118,1.3850657576397716e-07
-0.0009253430230118,1.3850657576397716e-07
-0.0009253430230118,1.385065757648311e-07
-0.0009253430230118,1.3850657576397716e-07
-0.0009253430230118,1.3850657576397716e-07
-0.0009253430230118,1.3850657576397716e-07
-0.0009253430230118,1.3850657576397716e-07
-0.0009253430230118,1.3850657576397716e-07
0.00017109055449938905,3.7614257122708725
-0.0009253430229841512,1.3850657575591801e-07
-0.0009253430230118,1.3850657576397716e-07
-0.0009253430230118,1.3850657576397716e-07
-0.0009253430230118,1.3850657576397716e-07
-0.0009253430230118,1.3850657576397716e-07
-0.0009253430230118,1.3850657576397716e-07
-0.0009253430230118,1.385065757639772e-07
-0.0009253430230118,1.3850657576397716e-07
-0.0009253430230118,1.3850657576397716e-07
-0.0009253430230118,1.3850657576397716e-07
-0.0009253430230118,1.3850657576397716e-07
-0.0009253430230118,1.3850657576397716e-07
0.0001712395254624496,3.762079932836297
-0.0009253430230118,1.385065757639772e-07
-0.0009253430230118,1.3850657576397716e-07
-0.0009253430230118,1.3850657576397716e-07
-0.0009253430230118,1.3850657576397716e-07
-0.0009253430230118,1.3850657576397716e-07
-0.0009253430230118,1.3850657576397716e-07
-0.0009253430230118,1.3850657576473962e-07
-0.0009253430230118,1.385065757639772e-07
-0.0009253430230118,1.3850657576397716e-07
-0.0009253430230118,1.3850657576397716e-07
-0.0009253430230118,1.3850657576397716e-07
-0.0009253430230118,1.385065757640932e-07
-2.3021534781582452e+20,6.710387514540767e+16
-0.0009253430229885922,1.385065757572125e-07
-0.0009253430230118,1.3850657576397716e-07
-0.0009253430230118,1.3850657576397716e-07
-0.0009253430230118,1.3850657576397716e-07
-0.0009253430230118,1.3850657576397716e-07
-0.0009253430230118,1.3850657576397716e-07
-0.0009253430230118,1.3850657576473285e-07
-0.0009253430230118,1.3850657576397716e-07
-0.0009253430230118,1.3850657576397722e-07
-0.0009253430230118,1.3850657576397716e-07
-0.0009253430230118,1.3850657576397716e-07
-0.0009253430230118,1.3850657576397716e-07
0.05892161264001203,3.7633519374094493
-0.000925343022987704,1.3850657575695362e-07
-0.0009253430230118,1.3850657576397716e-07
-0.0009253430230118,1.3850657576397716e-07
-0.0009253430230118,1.3850657576397716e-07
-0.0009253430230118,1.3850657576400723e-07
168637320604.86102,99796363.27802312
-0.0009253430230118,1.3850657576439226e-07
-0.0009253430230118,1.3850657576397716e-07
-0.0009253430230118,1.3850657576397716e-07
-0.0009253430230118,1.3850657576397716e-07
-0.0009253430230118,1.3850657576397716e-07
1.0478631768349362e+22,-3.0543437027515346e+18
0.0001718031297112372,3.76401350743067
-0.0009253430229909236,1.385065757578921e-07
-0.0009253430230118,1.385065757639772e-07
-0.0009253430230118,1.3850657576397716e-07
-0.0009253430230118,1.3850657576397716e-07
-0.0009253430230118,1.3850657576397716e-07
-0.0009253430230118,1.385065757639859e-07
-0.0009253430230118,1.3850657576440412e-07
-0.0009253430230118,1.3850657576397716e-07
-0.0009253430230118,1.3850657576397716e-07
-0.0009253430230118,1.3850657576397716e-07
-0.0009253430230118,1.3850657576397716e-07
-0.0009253430230118,1.3850657576397716e-07
-3.218643847351014e+26,9.381801731262799e+22
-0.0009253430230117705,1.3850657576396856e-07
-0.0009253430230118,1.3850657576397716e-07
-0.0009253430230118,1.3850657576397716e-07
-0.0009253430230118,1.3850657576397716e-07
-0.0009253430230118,1.3850657576397716e-07
-0.0002775820271488438,2.2222938978606632
-0.0009253430230118,1.385065757644313e-07
-0.0009253430230118,1.385065757639772e-07
-0.0009253430230118,1.3850657576397716e-07
-0.0009253430230118,1.3850657576397716e-07
-0.0009253430230118,1.3850657576397716e-07
-0.0009253430230118,1.3850657576397716e-07
89128.95732337779,-22.214269181084646
-0.0009253430230118,1.3850657576397716e-07
-0.0009253430230118,1.3850657576397716e-07
-0.0009253430230118,1.3850657576397716e-07
-0.0009253430230118,1.3850657576397716e-07
-0.0009253430230118,1.3850657576397716e-07
-0.0009253430230118,1.3850657576397727e-07
-0.0009253430230118,1.385065757643804e-07
-0.0009253430230118,1.3850657576397716e-07
-0.0009253430230118,1.3850657576397716e-07
-0.0009253430230118,1.3850657576397716e-07
-0.0009253430230118,1.3850657576397716e-07
-0.0009253430230118,1.3850657576397716e-07
0.0001723695832539844,3.765956857186371
-0.0009253430230118,1.385065757639772e-07
-0.0009253430230118,1.3850657576397716e-07
-0.0009253430230118,1.3850657576397716e-07
-0.0009253430230118,1.3850657576397716e-07
-0.0009253429836461807,2.7355942781269387e-07
-0.0009253430230118,1.3850657576397716e-07
-0.0009253430230118,1.3850657576397716e-07
-0.0009253430230118,1.3850657576397716e-07
-0.0009253430230118,1.3850657576397716e-07
-0.0009253430230118,1.3850657576397716e-07
-0.0009253430230113036,1.385065757638325e-07
6.398122486536835e+17,-186494435134303.03
-4.932681744164906e+32,1.4377931924733352e+29
-0.0009253430230118,1.385065757639772e-07
-0.0009253430230118,1.3850657576397716e-07
-0.0009253430230118,1.3850657576397716e-07
-0.0009253430230118,1.3850657576397716e-07
-0.0009253430230118,1.3850657576397716e-07
1.099745655648131e+22,-3.205572342090566e+18
-0.0009253430230118,1.385065757639772e-07
-0.0009253430230118,1.3850657576397716e-07
-0.0009253430230118,1.3850657576397716e-07
-0.0009253430230118,1.3850657576397716e-07
-0.0009253430230118,1.3850657576397716e-07
-0.0009253430230118,1.3850657576397716e-07
89128.95732394709,-22.21231605616762
-0.0009253430230118,1.385065757639772e-07
-0.0009253430230118,1.3850657576397716e-07
-0.0009253430230118,1.3850657576397716e-07
-0.0009253430230118,1.3850657576397716e-07
-0.0009253430230118,1.3850657576397716e-07
-0.0009253430230118,1.3850657576397716e-07
-0.0009253430230118,1.385065757639772e-07
-0.0009253430230118,1.3850657576397716e-07
-0.0009253430230118,1.3850657576397716e-07
-0.0009253430230118,1.385065757639772e-07
-0.0009253430230118,1.3850657576397716e-07
-0.0009253430230118,1.3850657576397716e-07
0.00017293888609073765,3.7679099821034
-0.00092534302300622,1.3850657576235073e-07
-0.0009253430230118,1.3850657576397716e-07
-0.0009253430230118,1.3850657576397716e-07
-0.0009253430230118,1.3850657576397716e-07
-0.0009253430230118,1.3850657576397716e-07
-0.00030124381529135274,2.14111666665951
-0.0009253430230118,1.385065757642923e-07
-0.0009253430230118,1.3850657576397716e-07
-0.0009253430230118,1.3850657576397716e-07
-0.0009253430230118,1.3850657576397716e-07
-0.0009253430230118,1.3850657576397716e-07
-0.0009253430230118,1.3850657576397716e-07
0.00017312680050367367,3.7685546659139035
-0.0009253430230118,1.385065757639772e-07
-0.0009253430230118,1.3850657576397716e-07
-0.0009253430230118,1.3850657576397716e-07
-0.0009253430230118,1.3850657576397716e-07
-0.0009253430230118,1.3850657576397716e-07
-0.0009253430230118,1.3850657576397716e-07
-0.0009253430230118,1.385065757639772e-07
-0.0009253430230118,1.3850657576397716e-07
-0.0009253430230117588,1.385065757639652e-07
-0.0009253430230118,1.3850657576397716e-07
-0.0009253430230118,1.3850657576397716e-07
-0.0009253430230118,1.3850657576397716e-07
1.902320477379889e+17,-55449420297889.06
-0.0009253430230064698,1.3850657576242357e-07
-0.0009253430230118,1.3850657576397716e-07
-0.0009253430230118,1.3850657576397716e-07
-0.0009253430230118,1.3850657576397716e-07
-0.0009253430230118,1.3850657576397716e-07
1.114386857414737e+22,-3.248248965723454e+18
-0.0009253430230118,1.3850657576422963e-07
-0.0009253430139713592,1.3850657312884178e-07
-0.0009253430230118,1.385065757639772e-07
-0.0009253430230118,1.3850657576397716e-07
-0.0009253430230118,1.3850657576397716e-07
10956.631317578953,37589258.403163806
0.00017350530587309065,3.7698533318591108
-0.0009253430230118,1.385065757639772e-07
-0.0009253430230118,1.3850657576397722e-07
-0.0009253430230118,1.3850657576397716e-07
-0.0009253430230118,1.3850657576397716e-07
-0.0009253430230118,1.3850657576397716e-07
-0.0002857980799504979,2.1936083292737227
-0.0009253430230118,1.385065757642415e-07
-0.0009253430230118,1.3850657576397716e-07
-0.0009253430230118,1.385065757639772e-07
-0.0009253430230118,1.3850657576397716e-07
-0.0009253430230118,1.3850657576397716e-07
-0.0009253430230118,1.3850657576397716e-07
0.0001736932540464443,3.7704980156696046
-0.0009253430230118,1.385065757639772e-07
-0.0009253430230118,1.3850657576397732e-07
-0.0009253430230118,1.3850657576397716e-07
-0.0009253430230118,1.3850657576397716e-07
-0.0009253430230118,1.3850657576397716e-07
-0.0009253430230117998,1.385065762463165e-07
-0.0009253430230118,1.385065757642381e-07
-0.0009253430230118,1.385065757639772e-07
-0.0009253430230118,1.3850657576397716e-07
-0.0009253430230118,1.3850657576397716e-07
-0.0009253430230118,1.3850657576397716e-07
2227.1894097307863,-0.6491881262541914
1.902320477379889e+17,-55449420297889.055
-0.00092534302301097,1.38506649499847e-07
-0.0009253430229556126,1.385065757475995e-07
-0.0009253430230118,1.3850657576397716e-07
-0.0009253430230118,1.3850657576397716e-07
-0.0009253430230118,1.3850657576397716e-07
-0.0009253430230118,1.3850657576397716e-07
-0.0009253430230118,1.3850657576418895e-07
-0.0009253430229553915,1.385065757475351e-07
-0.0009253430230118,1.3850657576397716e-07
-0.0009253430230118,1.3850657576397716e-07
-0.0009253430230118,1.3850657576397716e-07
9.962984269619546e+21,-2.904041189465195e+18
0.00017407460870984411,3.77180645677614
-0.0009253430230118,1.3850657576397716e-07
-0.0009253430230118,1.3850657576397716e-07
-0.0009253430230118,1.3850657576397716e-07
-0.0009253430230118,1.3850657576397716e-07
673.4240299796505,2310339.9018541556
-0.0009253430230118,1.3850657576397716e-07
-0.0009253430230118,1.3850657576397716e-07
-0.0009253430230118,1.3850657576397716e-07
-0.0009253430230118,1.3850657576397716e-07
-0.0009253430230118,1.3850657576397716e-07
-0.0009253430230118,1.3850657576397716e-07
-0.0008926740438335308,1.2898412158920033e-07
0.00017425970758921472,3.7724413654253057
-0.0009253430230118,1.385065757639772e-07
-0.0009253430230118,1.3850657576397716e-07
-0.0009253430230118,1.3850657576397716e-07
-0.0009253430230118,1.3850657576397716e-07
3.118868959253998e+18,1.0700000569129215e+22
-0.0009253430230118,1.3850657576397716e-07
-0.0009253430230118,1.385065757641322e-07
-0.0009253430230118,1.385065757639772e-07
-0.0009253430230118,1.3850657576397716e-07
-0.0009253430230118,1.3850657576397716e-07
-0.0009253430230118,1.3850657576397716e-07
-0.0009253430230118,1.3850657576397716e-07
2.7200829065229695e+23,-7.92858102104035e+19
-0.000925343023011158,1.3850657576379005e-07
-0.0009253430230118,1.3850657576397716e-07
-0.0009253430230118,1.385065757639773e-07
-0.0009253430230118,1.3850657576397716e-07
-0.0009253430230118,1.3850657576397716e-07
-0.0009253430230118,1.3850657576397716e-07
-0.0009253430230118,1.3850657576410845e-07
-0.0009253430230118,1.385065757639772e-07
-0.0009253430230118,1.3850657576397716e-07
-0.0009253430230118,1.3850657576397716e-07
-0.0009253430230118,1.3850657576397716e-07
-0.0009253430230118,1.3850657576397716e-07
-71.67982262187765,3.7946335366567565
-0.0009253430230112794,1.3850657576382544e-07
-0.0009253430230118,1.3850657576397716e-07
-0.0009253430230118,1.3850657576397716e-07
-0.0009253430230118,1.3850657576397716e-07
-0.0009253430230118,1.3850657576397716e-07
-0.0009253430230118,1.3850657576397716e-07
-0.0009253430230118,1.3850657576412034e-07
-0.0009253430230118,1.3850657576397716e-07
-0.0009253430230118,1.3850657576397716e-07
-0.0009253430230118,1.3850657576397716e-07
-0.0009253430230118,1.3850657576397716e-07
9.97596476909411e+21,-2.9078247852346783e+18
0.00017482901042596818,3.7743944903423348
-0.0009253430230049391,1.385301133532569e-07
-0.0009253430230118,1.3850657576397774e-07
-0.0009253430230118,1.3850657576397716e-07
-0.0009253430230118,1.3850657576397716e-07
-0.0009253430230118,1.3850657576397716e-07
-0.0009253430230118,1.3850657576397716e-07
-0.0009253430230118,1.3850657576410255e-07
-0.0009253430230118,1.3850657576397716e-07
-0.0009253430230118,1.3850657576397716e-07
-0.0009253430230118,1.3850657576397722e-07
-0.0009253430230118,1.3850657576397716e-07
-0.0009253430230118,1.3850657576397716e-07
4.056481657736739e+29,-1.182395705903026e+26
-0.0009253430230037436,1.3853250078180612e-07
-0.0009253430230118,1.3850657576397716e-07
-0.0009253430230118,1.3850657576397716e-07
-0.0009253430230118,1.3850657576397716e-07
-0.0009253430230118,1.3850657576397716e-07
5.683362656036925e+37,-1.6566039653528232e+34
-0.0009253430230118,1.3850657576409831e-07
-0.0009253430230118,1.385065757639772e-07
-0.0009253430230118,1.3850657576397716e-07
-0.0009253430230118,1.3850657576397716e-07
-0.0009253430230118,1.3850657576397716e-07
-0.0009253323187772058,3.686185652921372e-05
-107374179.43844213,31301.53058655924
-0.0009253430230043145,1.3853011334960535e-07
-0.0009253430230118,1.3850657576397716e-07
-0.0009253430230118,1.3850657576397716e-07
-0.0009253430230118,1.385065757639772e-07
-0.0009253430230118,1.3850657576397716e-07
-0.0009253430230118,1.3850657576397716e-07
-0.0009253430230118,1.3850657576409154e-07
-0.0009253430230118,1.3850657576397716e-07
-0.0009253430230118,1.3850657576397716e-07
-0.0009253430230118,1.3850657576397716e-07
-0.0009253430230118,1.3850657576397716e-07
-0.0009253430230118,1.3850657576397716e-07
0.0001753954639687386,3.776337840098036
-0.0009253430230008619,1.385441012867376e-07
-0.0009253430230118,1.3850657576397716e-07
-0.0009253430230118,1.3850657576397716e-07
-0.0009253430230118,1.3850657576397722e-07
-0.0009253429806621437,2.837968560603537e-07
-0.0009253430230118,1.3850657576397716e-07
-0.0009253430230118,1.3850657576409408e-07
-0.0009253430230118,1.3850657576397735e-07
-0.0009253430230118,1.3850657576397716e-07
-0.0009253430230118,1.3850657576397716e-07
-0.0009253430230118,1.3850657576397716e-07
6.080220015908067e+17,-177228116489659.2
5.8486029013067675e+35,-1.704768698472419e+32
-0.0009253430230112725,1.3850657576382345e-07
-0.0009253430230118,1.3850657576397716e-07
-0.0009253430230118,1.3850657576397716e-07
-0.0009253430230118,1.3850657576397716e-07
-0.0009253430230118,1.3850657576397716e-07
-0.0009253430230118,1.3850657576397716e-07
-0.0009253430230118,1.3850657576397722e-07
-0.0009253430230118,1.3850657576397716e-07
-0.0009253430230118,1.3850657576397716e-07
-0.0009253430230118,1.3850657576397716e-07
-0.0009253430230118,1.3850657576397716e-07
-0.0009253430230118,1.3850657576397716e-07
-107374179.43844156,31301.532539684158
-0.0009253430229971578,1.3855546991787128e-07
-0.0009253430230118,1.3850657576397716e-07
-0.0009253430230118,1.3850657576397716e-07
-0.0009253430230118,1.3850657576397716e-07
798300935808687.8,2.738755805095595e+18
-0.0009253430230080213,1.3851953940573886e-07
-0.0009253430230118,1.3850657576411017e-07
-0.0009253430230118,1.3850657576397716e-07
-0.0009253430230118,1.3850657576397716e-07
-0.0009253430230118,1.3850657576397716e-07
-0.0009253430230118,1.3850657576398484e-07
-0.0009253430230118,1.3850657576397716e-07
0.00017596191753879384,3.778281189853737
-0.0009253430230118,1.3850657576397716e-07
-0.0009253430230118,1.3850657576397716e-07
-0.0009253430230118,1.3850657576397716e-07
-0.0009253430230118,1.3850657576397716e-07
-0.0009253430230118,1.3850657576397716e-07
-0.0009253430230118,1.3850657576397767e-07
-0.0009253430230118,1.3850657576397716e-07
-0.0009253430230118,1.3850657576397716e-07
-0.0009253430230118,1.3850657576397716e-07
-0.0009253430230118,1.3850657576397716e-07
-0.0008899639061704659,1.2819416235713968e-07
-0.0009253430230113281,1.3850657576383963e-07
0.00017614976242944674,3.7789256352456713
-0.0009253430230118,1.3850657576397716e-07
-0.0009253430230118,1.3850657576397724e-07
-0.0009253430230118,1.3850657576397716e-07
-0.0009253430230118,1.3850657576397716e-07
-0.0009253430230118,1.3850657576397716e-07
-0.0009253430230118,1.3850657579694832e-07
-0.0009253430230118,1.3850657576397716e-07
-0.0009253430230118,1.3850657576397722e-07
-0.0009253430230118,1.3850657576397716e-07
-0.0009253430230118,1.3850657576397716e-07
-0.0009253430230118,1.3850657576397716e-07
-0.0009253430230118,1.3850657576397716e-07
-2.3021534781582452e+20,6.710387514540767e+16
-0.0009253430229840916,1.3860163559494248e-07
-0.0009253430230118,1.3850657576397727e-07
-0.0009253430230118,1.3850657576397716e-07
-0.0009253430230118,1.3850657576397716e-07
-0.0009253430230118,1.3850657576397716e-07
-0.0009253430230118,1.3850657576397716e-07
-0.0009253430230118,1.385065757641161e-07
-0.0009253430230118,1.385065757639775e-07
-0.0009253430230118,1.3850657576397716e-07
-0.0009253430230118,1.3850657576397716e-07
-0.0009253430230118,1.3850657576397716e-07
-0.0009253430230118,1.3850657576397716e-07
0.00017657009430313943,3.780224539597276
-0.0009253430230118,1.3850657576397722e-07
-0.0009253430230118,1.3850657576397727e-07
-0.0009253430230118,1.3850657576397716e-07
-0.0009253430230118,1.3850657576397716e-07
-0.0009253430230118,1.3850657576397716e-07
1.0268214595498128e+22,-2.9930106603222574e+18
-0.0009253430230118,1.3850657576413728e-07
-0.0009253430230118,1.3850657576397716e-07
-0.0009253430230118,1.3850657576397716e-07
-0.0009253430230118,1.3850657576397716e-07
-0.0009253430230118,1.3850657576397716e-07
-0.0009253430230118,1.3850657576397716e-07
0.00017671621597221715,3.7808689850013724
-0.0009253430230117937,1.3850657576397542e-07
-0.0009253430230118,1.385065757639773e-07
-0.0009253430230118,1.3850657576397716e-07
-0.0009253430230118,1.3850657576397716e-07
-0.0009253430230118,1.3850657576397716e-07
-0.0009253430230118,1.3850657576397716e-07
-0.0009253430230118,1.3850657576397724e-07
-0.0009253430230118,1.3850657576397724e-07
-0.0009253430230118,1.3850657576397716e-07
-0.0009253430230118,1.3850657576397716e-07
-0.0009253430230118,1.3850657576397716e-07
-0.0009253430230118,1.3850657576397716e-07
-2.3021534781582452e+20,6.710387514540767e+16
-0.0009253430229826291,1.3860663776007726e-07
-0.0009253430230118,1.3850657576397722e-07
-0.0009253430230118,1.3850657576397716e-07
-0.0009253430230118,1.3850657576397716e-07
-0.0009253430230118,1.3850657576397716e-07
146054277059.43994,-42572348.30446773
-0.0009253430230118,1.3850657576414405e-07
-0.0009253430230118,1.3850657576397716e-07
-0.0009253430230118,1.3850657576397722e-07
-0.0009253430230118,1.3850657576397716e-07
-0.0009253430230118,1.3850657576397716e-07
1.6719952436026336e+16,5.736165992177084e+19
89128.95732828803,-22.197423478675272
-0.0009253430230117965,1.3850657576397624e-07
-0.0009253430230118,1.3850657576397716e-07
-0.0009253430230118,1.3850657576397716e-07
-0.0009253430230118,1.3850657576397716e-07
-0.000925343022866135,1.3850657572151829e-07
9.89525013410132e+21,-2.884297836052749e+18
-0.0009253430230118,1.3850657576411102e-07
-0.0009253430230118,1.3850657576397716e-07
-0.0009253430230118,1.3850657576397724e-07
-0.0009253430230118,1.3850657576397716e-07
-0.0009253430230118,1.3850657576397716e-07
-0.0009253430230118,1.3850657576397716e-07
0.00017728266951498757,3.7828123347570735
-0.0009253430229927023,1.3857207695593898e-07
-0.0009253430230118,1.3850657576397716e-07
-0.0009253430230118,1.3850657576397716e-07
-0.0009253430230118,1.3850657576397716e-07
-0.0009253430230118,1.3850657576397716e-07
2.6670475008978936,9153.097267554065
-0.0009253430230118,1.3850657576410763e-07
-0.0009253430230118,1.3850657576397716e-07
-0.0009253430230118,1.3850657576397722e-07
-0.0009253430230118,1.3850657576397716e-07
-0.0009253430230118,1.3850657576397716e-07
-0.0009253430230118,1.3850657576397716e-07
-3.218643847351014e+26,9.381801731262799e+22
-0.0009253430229903155,1.3858026237321252e-07
-0.0009253430230118,1.3850657576397716e-07
-0.0009253430230118,1.3850657576397716e-07
-0.0009253430230118,1.3850657576397716e-07
-0.0009253430230118,1.3850657576397716e-07
2655.717196802385,9111054.612951718
-0.0009253430230118,1.3850657576411271e-07
-0.0009253430230118,1.3850657576397727e-07
-0.0009253430230118,1.3850657576397716e-07
-0.0009253430230118,1.3850657576397716e-07
-0.0009253430230118,1.3850657576397716e-07
-0.0008919615893701735,1.2877645317869033e-07
89128.95732885733,-22.195470353758243
-0.0009253430230118,1.3850657576397716e-07
-0.0009253430230118,1.3850657576397716e-07
-0.0009253430230118,1.3850657576397716e-07
-0.0009253430230118,1.3850657576397716e-07
-0.0009253430230118,1.385065757718383e-07
2.490817843520899e+21,-7.260312188885734e+17
-0.0009253430230118,1.3850657576397735e-07
-0.0009253430230118,1.3850657576397716e-07
-0.0009253430230118,1.3850657576397716e-07
-0.0009253430230118,1.3850657576397716e-07
-0.0009253430230118,1.3850657576397716e-07
-0.0009253430230118,1.3850657576397716e-07
0.00017785197235174104,3.7847654596741025
-0.0009253430230115953,1.3850657576391766e-07
-0.0009253430230118,1.3850657576397716e-07
-0.0009253430230118,1.3850657576397716e-07
-0.0009253430230118,1.3850657576397716e-07
-0.0009253430230118,1.3850657576397716e-07
-0.0009253349871645984,1.3850423345060658e-07
-0.0009253430230118,1.3850657576408984e-07
-0.0009253430230118,1.3850657576397716e-07
-0.0009253430230118,1.3850657576397716e-07
-0.0009253430230118,1.3850657576397716e-07
-0.0009253430230118,1.3850657576397716e-07
3.334278593497593e+18,1.1439013089088912e+22
-4.932681744164906e+32,1.4377931924733352e+29
-0.0009253430229989621,1.385497854825946e-07
-0.0009253430230118,1.3850657576397716e-07
-0.0009253430230118,1.3850657576397716e-07
-0.0009253430230118,1.3850657576397716e-07
-0.0009253430230118,1.3850657576397716e-07
2698.920814831734,9259274.606655156
-0.0009253430230118,1.3850657576409916e-07
-0.0009253430230118,1.3850657576397716e-07
-0.0009253430230118,1.3850657576397716e-07
-0.0009253430230118,1.3850657576397716e-07
-0.0009253430230118,1.3850657576397716e-07
3.4632408258830387e+18,1.1881447823586544e+22
126443834116.51593,-36856232.50731942
-0.0009253430230032639,1.3853499747212685e-07
-0.0009253430230118,1.3850657576397716e-07
-0.0009253430230118,1.3850657576397716e-07
-0.0009253430230118,1.3850657576397716e-07
-0.0009253430230118,1.3850657576397716e-07
-0.0009253429854435163,2.6739325294858585e-07
-0.0009253430230118,1.3850657576411695e-07
-0.0009253430230118,1.3850657576397716e-07
-0.0009253430230118,1.3850657576397716e-07
-0.0009253430230118,1.3850657576397716e-07
-0.0009253430230118,1.3850657576397716e-07
-0.0009253430230118,1.3850657576397716e-07
0.0001784155428400878,3.7866990342684854
-0.000925343023002778,1.3853682519059493e-07
-0.0009253430230118,1.3850657576397716e-07
-0.0009253430230118,1.3850657576397716e-07
-0.0009253430230118,1.3850657576397716e-07
-0.0009253430230118,1.3850657576397716e-07
-0.0009253430230118,1.3850657576397716e-07
-0.0009253430230118,1.3850657576409408e-07
-0.0009253430230118,1.3850657576397743e-07
-0.0009253430230118,1.3850657576397716e-07
-0.0009253430230118,1.3850657576397716e-07
-0.0009253430230118,1.3850657576397716e-07
-0.00040649869853708867,-1.2727758088117104e-08
0.00017860634030742427,3.7873534932403072
-0.0009253430230118,1.3850657576397748e-07
-0.0009253430230118,1.3850657576397716e-07
-0.0009253430230118,1.3850657576397716e-07
-0.0009253430230118,1.3850657576397716e-07
-0.0009253430230118,1.3850657576397716e-07
-0.0009253430230118,1.385065757639772e-07
-0.0009253430230118,1.3850657576409408e-07
-0.0009253430230118,1.3850657576397745e-07
-0.0009253430230118,1.3850657576397716e-07
-0.0009253430230118,1.3850657576397716e-07
-0.0009253430230118,1.3850657576397716e-07
-0.0009253430230118,1.3850657576397716e-07
126443834116.51593,-36856232.505366296
-0.0009253430230115552,1.3850657576390617e-07
-0.0009253430230118,1.3850657576397716e-07
-0.0009253430230118,1.3850657576397716e-07
-0.0009253430230118,1.3850657576397716e-07
-0.0009253430230118,1.3850657576397716e-07
594169173039691.9,-173190251567.4281
-0.0009253430230118,1.3850657576408646e-07
-0.0009253430230118,1.3850657576397716e-07
-0.0009253430230118,1.385065757639772e-07
-0.0009253430230118,1.3850657576397716e-07
-0.0009253430230118,1.3850657576397716e-07
-0.0009253430230118,1.3850657576397716e-07
0.00017898484567684125,3.7886521591855145
-0.0009253430230045603,1.3853136384596447e-07
-0.0009143094046141133,0.037853515701057265
-0.0009253430230118,1.3850657576397716e-07
-0.0009253430230118,1.3850657576397716e-07
-0.0009253430230118,1.3850657576397716e-07
2579.755838893179,8850451.624022443
-0.0009253430230118,1.3850657576408264e-07
-0.0009253430230118,1.3850657576397716e-07
-0.0009253430230118,1.3850657576397716e-07
-0.0009253430230118,1.3850657576397716e-07
-0.0009253430230118,1.3850657576397716e-07
3.205653402733732e+18,1.0997734653746487e+22
0.00017917279385019468,3.7892968429960083
-0.0009253430230061578,1.3852590688319181e-07
-0.0009253430230118,1.3850657576397716e-07
-0.0009253430230118,1.3850657576397716e-07
-0.0009253430230118,1.3850657576397716e-07
-0.0009253430230118,1.3850657576397716e-07
8980526.61757122,-2617.6714221409256
-0.0009253430230118,1.3850657576406824e-07
-0.0009253430230118,1.3850657576397716e-07
-0.0009253430230118,1.3850657576397716e-07
-0.0009253430230118,1.3850657576397716e-07
-0.0009253430230118,1.3850657576397716e-07
-0.0009253430230118,1.3850657576397716e-07
2.7200829065229695e+23,-7.92858102104035e+19
-0.0009253430230016544,1.3854136393484058e-07
-0.0009253430230118,1.3850657576397716e-07
-0.0009253430230118,1.3850657576397716e-07
-0.0009253430230118,1.3850657576397716e-07
-0.0009253430230118,1.3850657576397716e-07
3.4500575018034104e+21,-1.0056333343626861e+18
-0.0009253430230118,1.3850657576406782e-07
-0.0009253430230118,1.3850657576397716e-07
-0.0009253430230118,1.3850657576397716e-07
-0.0009253430230118,1.3850657576397716e-07
-0.0009253430230118,1.3850657576397716e-07
141570393.9849962,-41265.37232385408
0.00012950250741774344,3.7905955235295905
-0.0009253430230095294,1.3851436549171022e-07
-0.0009253430230118,1.3850657576397716e-07
-0.0009253430230118,1.3850657576397716e-07
-0.0009253430230118,1.3850657576397716e-07
-0.0009253430230118,1.3850657576397716e-07
-0.0009253430230118,1.3850657576397716e-07
-0.0009253430230118,1.3850657576405554e-07
-0.0009253430230118,1.3850657576397716e-07
-0.0009253430230117994,1.38506575763977e-07
-0.0009253430230118,1.3850657576397716e-07
-0.0009253430230118,1.3850657576397716e-07
1.0036488641915214e+22,-2.9254664691781535e+18
0.00017973924739296532,3.7912401927517094
-0.0009253430230084609,1.3851760556120734e-07
-0.0009253430230118,1.3850657576447876e-07
-0.0009253430230118,1.3850657576397716e-07
-0.0009253430230118,1.3850657576397716e-07
-0.0009253430230118,1.3850657576397716e-07
-0.0009253430230118,1.3850657576397716e-07
-0.0009253430230118,1.3850657576405046e-07
-0.0009253430230118,1.385065757639782e-07
-0.0009253430230117994,1.38506575763977e-07
-0.0009253430230118,1.3850657576397716e-07
-0.0009253430230118,1.3850657576397716e-07
-0.0009253430230118,1.3850657576397716e-07
4.056481657736739e+29,-1.182395705903026e+26
-0.0009253430230087399,1.3851669606394615e-07
-0.0009253430230118,1.38506575764139e-07
-0.0009253430230118,1.3850657576397716e-07
-0.0009253430230118,1.3850657576397716e-07
-0.0009253430230118,1.3850657576397716e-07
3.097271384651719e+18,1.0625905099407566e+22
-0.0009253430230118,1.3850657576397912e-07
-0.0009253430230118,1.3850657576397716e-07
-0.0009253430230118,1.3850657576397716e-07
-0.0009253430230118,1.3850657576397716e-07
-0.0009253430230118,1.3850657576397716e-07
-0.0009253430230112241,1.3850855118849146e-07
-71.67981714233784,3.8134323639831598
-0.000925343023008467,1.3851754871084895e-07
-0.0009253430230117994,1.3850657576407992e-07
-0.0009253430230118,1.3850657576397716e-07
-0.0009253430230118,1.3850657576397716e-07
-0.0009253430230118,1.3850657576397716e-07
-0.000925343023011306,1.385065757638332e-07
-0.0009253430230118,1.3850657576397923e-07
-0.0009253430230118,1.3850657576397716e-07
-0.0009253430230118,1.3850657576397716e-07
-0.0009253430230118,1.3850657576397716e-07
-0.0009253430230118,1.3850657576397716e-07
2273.1283750426055,-0.6542775226659765
0.00018030570093573574,3.79318354250741
-0.0009253430230073344,1.3852147307065445e-07
-0.0009253430230117996,1.3850657576398354e-07
-0.0009253430230118,1.3850657576397716e-07
-0.0009253430230118,1.3850657576397716e-07
-0.0009253430230118,1.3850657576397716e-07
-0.0009253430230031779,1.38506575761464e-07
-0.0009253430230118,1.3850657576397984e-07
-0.0009253430230118,1.3850657576397716e-07
-0.0009253430230118,1.385065757639772e-07
-0.0009253430230118,1.3850657576397716e-07
-0.0009253430230118,1.3850657576397716e-07
-0.0009253430230118,1.3850657576397716e-07
5.8486029013067675e+35,-1.704768698472419e+32
-0.0009253430230116924,1.3850657576394834e-07
-0.0009253430230117997,1.385065757639771e-07
-0.0009253430230118,1.3850657576397716e-07
-0.0009253430230118,1.3850657576397716e-07
-0.0009253430230118,1.3850657576397716e-07
-0.0009253430230118,1.3850657576397716e-07
-0.0009253430230118,1.3850657576398037e-07
-0.0009253430230118,1.3850657576398002e-07
-0.0009253430230118,1.3850657576397716e-07
-0.0009253430230118,1.3850657576397716e-07
-0.0009253430230118,1.3850657576397716e-07
-0.0009253430230118,1.3850657576397716e-07
-107374179.43843666,31301.549385386566
-0.0009253430230118,1.3850657576398034e-07
-0.0009253430230118,1.3850657576397716e-07
-0.0009253430230118,1.3850657576397716e-07
-0.0009253430230118,1.3850657576397716e-07
-0.0009253430230118,1.3850657576397716e-07
-0.0009253430230118,1.3850657576397716e-07
-0.0009253430230118,1.3850657576398172e-07
-0.0009253430230118,1.3850657576397716e-07
-0.0009253430230118,1.3850657576397716e-07
-0.0009253430230118,1.3850657576397716e-07
-0.0009253430230118,1.3850657576397716e-07
-0.0009253430133742578,1.7157039093291789e-07
0.00018087215450579097,3.795126892263111
-0.0009253430230116615,1.3850671879434649e-07
-0.0009253368808155318,1.3850478541778428e-07
-0.0009253430230118,1.3850657576397716e-07
-0.0009253430230118,1.3850657576397716e-07
-0.0009253430230118,1.3850657576397716e-07
-0.0009253430230118,1.3850657576397716e-07
-0.0009253430230118,1.3850657576399791e-07
-0.0009253430230118,1.3850657576397716e-07
-0.0009253430230118,1.3850657576397716e-07
-0.0009253430230118,1.3850657576397716e-07
-0.0009253430230118,1.3850657576397716e-07
-0.0009253430230118,1.3850657576397716e-07
5.8486029013067675e+35,-1.704768698472419e+32
-0.0009253430230116807,1.3850666060177667e-07
-0.0009253430230118,1.3850657578284736e-07
-0.0009253430230118,1.3850657576397716e-07
-0.0009253430230118,1.3850657576397716e-07
-0.0009253430230118,1.3850657576397716e-07
-0.0009253430230118,1.3850657576397716e-07
-0.0009253430230118,1.3850657576397716e-07
-0.0009253430230118,1.3850657576398362e-07
-0.0009253430230117984,1.3850657576397674e-07
-0.0009253430230118,1.3850657576397716e-07
-0.0009253430230118,1.3850657576397716e-07
-0.0009253430230112284,1.3850853692017464e-07
-151996487006560.72,44304401875.33722
-0.0009253430230110385,1.3850890688049076e-07
-0.0009253429909420587,1.3850656641619615e-07
-0.0009253430230118,1.3850657576397716e-07
-0.0009253430230118,1.3850657576397716e-07
-0.0009253430230118,1.3850657576397716e-07
-0.0009253430230118,1.3850657576397716e-07
-0.0009253430230118,1.385065757640263e-07
-0.0009253430229839587,1.386020916884194e-07
-0.0009253430230118,1.3850657576397716e-07
-0.0009253430230118,1.3850657576397716e-07
-0.0009253430230118,1.3850657576397716e-07
-0.0009253430230118,1.3850657576397716e-07
0.00018148033127013657,3.7970702420066504
-0.000925343023011207,1.385083168617041e-07
-0.0009253430230118,1.3850657576796288e-07
-0.0009253430230118,1.3850657576397716e-07
-0.0009253430230118,1.3850657576400183e-07
-0.0009253430230118,1.3850657576397716e-07
-0.0009253430230118,1.3850657576397716e-07
-0.0009253430230118,1.3850657576402693e-07
-0.000925342952962642,1.3850655534583393e-07
-0.0009253430230118,1.3850657576491943e-07
-0.0009253430230118,1.3850657576397716e-07
-0.0009253430230118,1.3850657576397716e-07
-0.0009253430230118,1.3850657576397716e-07
0.00018162930223319712,3.797724462572075
-0.000925343023011715,1.3850657576397007e-07
-0.000925342994130331,1.385065673455213e-07
-0.0009253430230118,1.3850657576397716e-07
-0.0009253430230118,1.3850657576397716e-07
-0.0009253430230118,1.3850657576397716e-07
-0.0009253430230118,1.3850657576397716e-07
-0.0009253430230118,1.3850657576400151e-07
-0.0009253430230118,1.3850657576399728e-07
-0.0009253430230117527,1.3850657576396382e-07
-0.0009253430230118,1.3850657576397716e-07
-0.0009253430230118,1.3850657576397716e-07
-0.0009253430230117978,1.3850658331741094e-07
-2.3021534781582452e+20,6.710387514540767e+16
-0.0009253430230112921,1.3850803974994176e-07
-0.0009253430230118,1.3850657576403267e-07
-0.0009253430230118,1.3850657576397716e-07
-0.0009253430230118,1.3850657576397716e-07
-0.0009253430230118,1.3850657576397716e-07
-0.0009253430229802601,1.385065757547838e-07
-0.0009253430230118,1.3850657576401697e-07
-0.0009253430141400346,1.385132250422459e-07
-0.0009253430230118,1.3850657576397716e-07
-0.0009253430230118,1.3850657576397716e-07
-0.0009253430230118,1.3850657576397716e-07
-0.0009253430230117978,1.3850658336967118e-07
0.05893200241678277,3.798996467145227
-0.0009253430230113285,1.3850801132769966e-07
-0.0009253430230118,1.385065757639823e-07
-0.0009253430230118,1.3850657576397716e-07
-0.0009253430230118,1.3850657576397716e-07
-0.0009253430230118,1.3850657576397716e-07
-0.0009253429011145629,1.3850654023299688e-07
-0.0009253430230118,1.3850657576400511e-07
-0.0009253430182918199,1.3850948820463033e-07
-0.0009253430230118,1.3850657576397724e-07
-0.0009253430230118,1.3850657576397716e-07
-0.0009253430230118,1.3850657576397716e-07
-0.0009253430230117976,1.3850658381635736e-07
0.00018219575577596754,3.799667812327776
-0.0009253430230114308,1.3850764895059356e-07
-0.0009253430230118,1.3850657576397843e-07
-0.0009253430230118,1.3850657576397716e-07
-0.0009253430230118,1.3850657576397716e-07
-0.0009253430230118,1.3850657576397716e-07
-0.0009253430230118,1.3850657576397716e-07
-0.0009253430230118,1.385065757639905e-07
-0.0009253430230118,1.3850657576397716e-07
-0.0009253430230118,1.3850657576397716e-07
-0.0009253430230118,1.3850657576397716e-07
-0.0009253430230118,1.3850657576397716e-07
-0.0009253430230113245,1.3850657579441908e-07
-3.218643847351014e+26,9.381801731262799e+22
-0.0009253430230117427,1.3850657576396046e-07
-0.0009253430230117998,1.3850657578837674e-07
-0.0009253430230118,1.3850657576397716e-07
-0.0009253430230118,1.3850657576397716e-07
-0.0009253430230118,1.3850657576397716e-07
2.0775672101291307,-0.0006057068729814793
-0.0009253430230118,1.3850657576398452e-07
-0.0009253430230118,1.3850657576397716e-07
-0.0009253430230118,1.3850657576397716e-07
-0.0009253430230118,1.3850657576397716e-07
-0.0009253430230118,1.3850657576397716e-07
-0.0009253430230118,1.3850657576397716e-07
89128.95733376757,-22.17862465134887
-0.0009253430230117998,1.385065757640335e-07
-0.0009253430230117998,1.3850657578837677e-07
-0.0009253430230118,1.3850657576397716e-07
-0.0009253430230118,1.3850657576397716e-07
-0.0009253430230118,1.3850657576397716e-07
9.964138316975034e+21,-2.9043775747252977e+18
-0.0009253430230118,1.3850657576398317e-07
-0.0009253430230117998,1.3850657576397714e-07
-0.0009253430230118,1.3850657576397716e-07
-0.0009253430230118,1.3850657576397716e-07
-0.0009253430230118,1.3850657576397716e-07
-0.0009253430230118,1.3850657576397716e-07
0.00018275936002473193,3.801601386922149
-0.0009253430230117998,1.3850657576404662e-07
-0.0009253430230118,1.385065757889138e-07
-0.0009253430230118,1.3850657576397716e-07
-0.0009253430230118,1.3850657576397716e-07
-0.0009253430230118,1.3850657576397716e-07
-0.0009253430230118,1.3850657576397716e-07
-0.0009253430230118,1.3850657576398156e-07
-0.0009253430230117998,1.3850657576397714e-07
-0.0009253430230118,1.3850657576397716e-07
-0.0009253430230118,1.3850657576397716e-07
-0.0009253430230118,1.3850657576397716e-07
-0.0009253430230118,1.3850657576397716e-07
-4.932681744164906e+32,1.4377931924733352e+29
-0.0009253430230117618,1.3850657576404313e-07
-0.0009253430230118,1.3850657576397947e-07
-0.0009253430230118,1.3850657576397716e-07
-0.0009253430230118,1.3850657576397716e-07
-0.0009253430230118,1.3850657576397716e-07
-0.0009253430230118,1.3850657576397716e-07
-0.0009253430230118,1.385065757639791e-07
-0.0009253430229673822,1.385065757512318e-07
-0.0009253430230117683,1.3850657576396792e-07
-0.0009253430230118,1.3850657576397716e-07
-0.0009253430230118,1.3850657576397716e-07
-0.0009253430230118,1.3850657576397716e-07
126443834116.51595,-36856232.49047372
-0.0009253430230117997,1.3850657576420247e-07
-0.0009253430230118,1.3850657576397722e-07
-0.0009253430230118,1.3850657576397716e-07
-0.0009253430230118,1.3850657576397716e-07
-0.0009253430230118,1.3850657576397716e-07
147144697749.11758,-42890187.46901655
-0.0009253430230118,1.385065757639791e-07
-0.0009253430230117997,1.3850657576397708e-07
-0.0009253430230118,1.3850657576397716e-07
-0.0009253430230118,1.3850657576397716e-07
-0.0009253430230118,1.3850657576397716e-07
-0.0009253430230118,1.3850657576397716e-07
0.00018332866286148517,3.8035545118391783
-0.0009253430230117908,1.3850660597035653e-07
-0.0009253430230118,1.3850657576397735e-07
-0.0009253430230118,1.3850657576397716e-07
-0.0009253430230118,1.385065757639772e-07
-0.0009253430230118,1.3850657576397716e-07
-0.0009253429002050404,1.385065399678865e-07
-0.0009253430230118,1.385065757639792e-07
-0.0009253430230118,1.3850657576397716e-07
-0.0009253430230118,1.3850657576397716e-07
-0.0009253430230118,1.3850657576397716e-07
-0.0009253430230118,1.3850657576397716e-07
-0.0009253430230113073,1.3850657576383356e-07
0.0001835165772744214,3.804199195649682
-0.0009253430230117994,1.3850657576447516e-07
-0.0009253430230116073,1.3850723673294996e-07
-0.0009253430230118,1.3850657576397716e-07
-0.0009253430230118,1.3850657576397716e-07
-0.0009253430230118,1.3850657576397716e-07
-0.0009253430230118,1.3850657576397716e-07
-0.0009253430230118,1.3850657576397875e-07
-0.000925343023010391,1.3850657576358292e-07
-0.0009253430230118,1.3850657576397716e-07
-0.0009253430230118,1.3850657576397716e-07
-0.0009253430230118,1.3850657576397716e-07
-0.0009253430230118,1.3850657576397716e-07
1.902320477379889e+17,-55449420297889.02
-0.0009253430230117983,1.3850657841515098e-07
-0.000925343023011776,1.385066579409757e-07
-0.0009253430230118,1.3850657576397716e-07
-0.0009253430230118,1.3850657576397716e-07
-0.0009253430230118,1.3850657576397716e-07
-0.0009253430230117994,1.3850657772112527e-07
-0.0009253430230118,1.3850657576397923e-07
-0.0009253430230118,1.3850657576399908e-07
-0.0009253430230118,1.385065757639772e-07
-0.0009253430230118,1.3850657576397716e-07
-0.0009253430230118,1.3850657576397716e-07
-0.0009253430230118,1.3850657576397716e-07
0.0001838950826438384,3.8054978615948887
-0.0009253430230118,1.3850657576399453e-07
-0.0009253430230106686,1.385065757636474e-07
-0.0009253430230118,1.3850657576397716e-07
-0.0009253430230118,1.3850657576397716e-07
-0.0009253430230118,1.3850657576397716e-07
-0.0009253430230118,1.3850657576397716e-07
-0.0009253430230118,1.3850657576397912e-07
-0.0009253430230118,1.3850657576399199e-07
-0.0009253430230118,1.385065757639772e-07
-0.0009253430230118,1.3850657576397716e-07
-0.0009253430230118,1.3850657576397716e-07
-0.0009253430230118,1.3850657576397716e-07
0.00018408303081719182,3.806142545405383
-0.0009253430230118,1.385065757639942e-07
-0.0009253430230118,1.3850657576397806e-07
-0.0009253430230118,1.3850657576397716e-07
-0.0009253430230118,1.3850657576397716e-07
-0.0009253430230118,1.3850657576397716e-07
-0.0009253430230118,1.3850657576397716e-07
-0.0009253430230118,1.3850657576397748e-07
-0.0009253430230109221,1.3850657576373086e-07
-0.0009253430230118,1.3850657576397716e-07
-0.0009253430230118,1.3850657576397716e-07
-0.0009253430230118,1.3850657576397716e-07
-0.0009253430230118,1.3850657576397716e-07
2.7200829065229695e+23,-7.92858102104035e+19
-0.0009253430230117962,1.385065760277185e-07
-0.0009253430230118,1.3850657576398386e-07
-0.0009253430230118,1.3850657576397716e-07
-0.0009253430230118,1.3850657576397716e-07
-0.0009253430230118,1.3850657576397716e-07
-0.0009253430230118,1.3850657576397716e-07
-0.0009253430230118,1.3850657576397774e-07
-0.0009253430230118,1.3850657576397716e-07
-0.0009253430230118,1.3850657576397716e-07
-0.0009253430230118,1.3850657576397716e-07
-0.0009253430230118,1.3850657576397716e-07
-0.0009253430230118,1.3850657576397716e-07
0.00013441274438474057,3.807441225938965
-0.0009253430230117946,1.3850657603292235e-07
-0.0009253430230118,1.3850657576397716e-07
-0.0009253430230118,1.3850657576397716e-07
-0.0009253430230118,1.385065757639772e-07
-0.0009253430230118,1.3850657576397716e-07
9.889772631287222e+21,-2.8827012367450435e+18
-0.0009253430230118,1.3850657576397817e-07
-0.0009253430230117119,1.3850657576395149e-07
-0.0009253430230118,1.3850657576397716e-07
-0.0009253430230118,1.3850657576397716e-07
-0.0009253430230118,1.3850657576397716e-07
-0.0009253430230118,1.3850657579564018e-07
0.00018464948435996224,3.8080858951610836
-0.0009253430230117963,1.385065759201012e-07
-0.0009253430230118,1.3850657576464814e-07
-0.0009253430230118,1.3850657576397716e-07
-0.0009253430230118,1.3850657576397716e-07
-0.0009253430230118,1.3850657576397716e-07
-0.0009253430230118,1.3850657576397716e-07
-0.0009253430230118,1.3850657576397835e-07
-0.0009253430230118,1.3850657590192317e-07
-0.0009253430230118,1.3850657576397716e-07
-0.0009253430230118,1.3850657576397716e-07
-0.0009253430230118,1.3850657576397716e-07
-0.0009253430230118,1.3850657576397716e-07
4.056481657736739e+29,-1.182395705903026e+26
-0.0009253430230117984,1.3850657580128131e-07
-0.0009253430230118,1.3850657576397716e-07
-0.0009253430230118,1.3850657576397716e-07
-0.0009253430230118,1.3850657576397716e-07
-0.0009253430230118,1.385065757639777e-07
-0.0009253430230118,1.3850657576397716e-07
-0.0009253430230118,1.3850657576397854e-07
-0.0009253430230117596,1.385065757980182e-07
-0.0009253430230117998,1.3850657576397714e-07
-0.0009253430230118,1.3850657576397716e-07
-0.0009253430230118,1.3850657576397716e-07
-0.0009253430230118,1.3850657576397716e-07
-107374179.4384323,31301.56427796406
-0.0009253430230117991,1.3850657576397692e-07
-0.0009253430230118,1.3850657576397716e-07
-0.0009253430230118,1.3850657576397716e-07
-0.0009253430230118,1.3850657576397722e-07
-0.0009253430230118,1.3850657576397716e-07
-0.0009253430230118,1.3850657576397716e-07
-0.0009253430230118,1.385065757639778e-07
-0.0009253430230118,1.3850657576397716e-07
-0.0009253430230118,1.3850657576397716e-07
-0.0009253430230118,1.3850657576397716e-07
-0.0009253430230118,1.3850657576397716e-07
-0.0009253430230118,1.3850657576397716e-07
0.00018521593790273288,3.8100292449167847
-0.0009253430230117992,1.3850657576397695e-07
-0.0009253430230118,1.3850657576397716e-07
-0.0009253430230118,1.3850657576397716e-07
-0.0009253430230118,1.385065757639772e-07
-0.0009253430230118,1.3850657576397716e-07
-0.0009253430230118,1.3850657576397716e-07
-0.0009253430230118,1.3850657576397753e-07
-0.0009253430230118,1.3850657576397716e-07
-0.0009253430230118,1.3850657576397716e-07
-0.0009253430230118,1.3850657576397716e-07
-0.0009253430230118,1.3850657576397716e-07
-0.0009253430230118,1.3850657576397716e-07
5.8486029013067675e+35,-1.704768698472419e+32
-0.0009253430230117993,1.3850657576397698e-07
-0.0009253430230118,1.3850657576397716e-07
-0.0009253430230118,1.3850657576397716e-07
-0.0009253430230118,1.3850657576397716e-07
-0.0009253430230118,1.3850657576397716e-07
-0.0009253430230118,1.3850657576397716e-07
-0.0009253430230118,1.3850657576397759e-07
-0.0009253430230118,1.3850657576397716e-07
-0.0009253430230118,1.3850657576397716e-07
-0.0009253430230118,1.3850657576397716e-07
-0.0009253430230118,1.3850657576397716e-07
-0.0009253430230118,1.3850657576397716e-07
-151996487006560.72,44304401875.35211
-0.0009253430230117992,1.3850657576397692e-07
-0.0009253430230118,1.3850657576397716e-07
-0.0009253430230118,1.3850657576397716e-07
-0.0009253430230118,1.3850657576397716e-07
-0.0009253430230118,1.3850657576397716e-07
-0.0009253430230118,1.3850657576397716e-07
-0.0009253430230118,1.3850657576397767e-07
-0.0009253430230118,1.3850657576397716e-07
-0.0009253430230117998,1.3850657576397714e-07
-0.0009253430230118,1.3850657576397716e-07
-0.0009253430230118,1.3850657576397716e-07
-0.0009253430230113072,1.3850657576383354e-07
0.0001857823914727881,3.811972594672486
-0.0009253430230117993,1.3850657576397698e-07
-0.0009253430230118,1.3850657576397716e-07
-0.0009253430230118,1.3850657576397716e-07
-0.0009253430230118,1.3850657576397716e-07
-0.0009253430230118,1.3850657576397716e-07
-0.0009253430230118,1.3850657576397716e-07
-0.0009253430230118,1.3850657576397774e-07
-0.0009253430230118,1.3850657576397716e-07
-0.0009253430230118,1.3850657576397714e-07
-0.0009253430230118,1.3850657576397716e-07
-0.0009253430230118,1.3850657576397716e-07
-0.0009253430230118,1.3850657576397716e-07
5.8486029013067675e+35,-1.704768698472419e+32
-0.0009253430230117995,1.3850657576397703e-07
-0.0009253430230118,1.3850657576397716e-07
-0.0009253430230118,1.3850657576397716e-07
-0.0009253430230118,1.3850657576397716e-07
-0.0009253430230118,1.3850657576397716e-07
-0.0009253430230118,1.3850657576397716e-07
-0.0009253430230118,1.3850657576397785e-07
-0.0009253430230118,1.3850657576397716e-07
-0.0009253430230117997,1.385065757639771e-07
-0.0009253430230118,1.3850657576397716e-07
-0.0009253430230118,1.3850657576397716e-07
-0.0009253430230118,1.3850657576397716e-07
-2.3021534781582452e+20,6.710387514540767e+16
-0.0009253430230117991,1.3850657576397692e-07
-0.0009253430230118,1.3850657576397716e-07
-0.0009253430230118,1.3850657576397716e-07
-0.0009253430230118,1.3850657576397716e-07
-0.0009253430230118,1.3850657576397716e-07
-0.0009253430230118,1.3850657576397716e-07
-0.0009253430230118,1.3850657576397793e-07
-0.0009253430230118,1.3850657576397716e-07
-0.0009253430230118,1.3850657576397716e-07
-0.0009253430230118,1.3850657576397716e-07
-0.0009253430230118,1.3850657576397716e-07
-0.0009253430230118,1.3850657576397716e-07
0.0001863905682371337,3.813915944416025
-0.000925343023011799,1.3850657576397687e-07
-0.0009253430230118,1.3850657576397716e-07
-0.0009253430230118,1.3850657576397716e-07
-0.0009253430230118,1.3850657576397716e-07
-0.0009253430230118,1.3850657576397716e-07
-0.0009253428947514944,1.385066538623541e-07
-0.0009253430230118,1.3850657576397812e-07
-0.0009253430230118,1.3850657576397716e-07
-0.0009253430230118,1.3850657576397854e-07
-0.0009253430230118,1.3850657576397716e-07
-0.0009253430230118,1.3850657576397716e-07
-0.00026943290736815967,2.250251336095605
0.00018653668990621143,3.8145603898201217
-0.0009253430230117989,1.3850657576397687e-07
-0.0009253430230118,1.3850657576397716e-07
-0.0009253430230118,1.3850657576397716e-07
-0.0009253430230118,1.3850657576397716e-07
-0.0009253430230118,1.3850657576397716e-07
-0.0009253430230118,1.3850657576397716e-07
-0.0009253430230118,1.3850657576397862e-07
-0.0009253430230118,1.3850657576397716e-07
-0.0009253430230118,1.38506575764533e-07
-0.0009253430230118,1.3850657576397716e-07
-0.0009253430230118,1.3850657576397716e-07
-0.0009253430230118,1.3850657576397716e-07
-2.3021534781582452e+20,6.710387514540767e+16
-0.0009253430230117989,1.3850657576397687e-07
-0.0009253430230118,1.3850657576397716e-07
-0.0009253430230117987,1.3850657576397677e-07
-0.0009253430230118,1.3850657576397716e-07
-0.0009253430230118,1.3850657576397716e-07
-0.0009253430230118,1.3850657576397716e-07
-0.0009253430230118,1.385065757639808e-07
-0.0009253430230118,1.3850657576397716e-07
-0.0009253430230118,1.3850657576397716e-07
-0.0009253430230118,1.3850657576397716e-07
-0.0009253430230118,1.3850657576397716e-07
-0.00029216943941099414,2.1722484097217625
0.05893691265374977,3.815842169554602
-0.000925343023011799,1.385065757639769e-07
-0.0009253430230118,1.3850657576397716e-07
-0.0009253430230118,1.3850657576397716e-07
-0.0009253430230118,1.3850657576397716e-07
-0.0009253430230118,1.3850657576397716e-07
204183084574.05917,-59515911.27201164
-0.0009253430230118,1.3850657576398187e-07
-0.0009253430230118,1.3850657576397716e-07
-0.0009253430230118,1.3850657576416526e-07
-0.0009253430230118,1.3850657576397716e-07
-0.0009253430230118,1.3850657576397716e-07
-0.0009253430230118,1.3850657576397716e-07
0.00018710314344898185,3.816503739575823
-0.000925343023011799,1.3850657576397687e-07
-0.0009253430230118,1.3850657576397716e-07
-0.0009253430230118,1.3850657576397716e-07
-0.0009253430230118,1.3850657576397716e-07
-0.0009253430230118,1.3850657576397716e-07
-0.0009253430230118,1.3850657576397716e-07
-0.0009253430230118,1.3850657576398105e-07
-0.0009253430230118,1.3850657576397716e-07
-0.0009253430230118,1.3850657576397716e-07
-0.0009253430230118,1.3850657576397716e-07
-0.0009253430230118,1.3850657576397716e-07
-0.0009253430230118,1.3850657576397716e-07
-3.218643847351014e+26,9.381801731262799e+22
-0.0009253430230117991,1.385065757639769e-07
-0.0009253430230118,1.3850657576397716e-07
-0.0009253430230118,1.3850657576397716e-07
-0.0009253430230118,1.3850657576397716e-07
-0.0009253430230118,1.3850657576397716e-07
-0.0009253430230118,1.3850657576397716e-07
-0.0009253430230118,1.3850657576398018e-07
-0.0009253430230118,1.3850657576397716e-07
-0.0009253430230118,1.3850657576398076e-07
-0.0009253430230118,1.3850657576397716e-07
-0.0009253430230118,1.3850657576397716e-07
-0.0009253430230118,1.3850657576397716e-07
89128.9573386778,-22.161778948939492
-0.0009253430230117992,1.3850657576397692e-07
-0.0009253430230118,1.3850657576397716e-07
-0.0009253430230118,1.385065757639772e-07
-0.0009253430230118,1.3850657576397716e-07
-0.0009253430230118,1.3850657576397716e-07
-0.0009253430230118,1.3850657576397716e-07
-0.0009253430230118,1.3850657576398047e-07
-0.0009253430230118,1.3850657576397716e-07
-0.0009253430230118,1.385065757639772e-07
-0.0009253430230118,1.3850657576397716e-07
-0.0009253430230118,1.3850657576397716e-07
-0.0009253430230118,1.3850657576397716e-07
0.00018766959699172906,3.818447089331524
-0.000925343023011798,1.3850657576397658e-07
-0.0009253430230118,1.3850657576397716e-07
-0.0009253430230118,1.385065757639773e-07
-0.0009253430230118,1.3850657576397724e-07
-0.0009253430230118,1.3850657576397716e-07
-0.0009253430230118,1.3850657576397716e-07
-0.0009253430230118,1.385065757639802e-07
-0.0009253430230118,1.3850657576397716e-07
-0.0009253430230118,1.3850657576397716e-07
-0.0009253430230118,1.3850657576397724e-07
-0.0009253430230118,1.3850657576397716e-07
-0.0009253430230118,1.3850657576397764e-07
0.00018785751140466508,3.8190917731420275
-0.0009253430230117978,1.3850657576397653e-07
-0.0009253430230118,1.3850657576397716e-07
-0.0009253430230118,1.385065757639772e-07
-0.0009253430230118,1.3850657576397727e-07
-0.0009253430230118,1.3850657576397716e-07
-0.0009253430230118,1.3850657576397716e-07
-0.0009253430230118,1.3850657576398e-07
-0.0009253430016343194,1.3850656953280364e-07
-0.0009253430230118,1.385065757639772e-07
-0.0009253430230118,1.3850657576397724e-07
-0.0009253430230118,1.3850657576397716e-07
-0.0009253430230118,1.3850657576397767e-07
126443834116.51595,-36856232.473628014
-0.0009253430230117978,1.3850657576397655e-07
-0.0009253430230118,1.3850657576397716e-07
-0.0009253430230118,1.3850657576397716e-07
-0.0009253430230118,1.385065757639774e-07
-0.0009253430230118,1.3850657576397716e-07
-0.0009253430230118,1.3850657576397716e-07
-0.0009253430230118,1.385065757639798e-07
-0.0009253430085714047,1.3850657155484649e-07
-0.0009253430228572146,1.3850657571891819e-07
-0.0009253430230118,1.3850657576397716e-07
-0.0009253430230118,1.3850657576397716e-07
-0.0009253430230118,1.3850657576397716e-07
0.00018823601677408206,3.8203904390872343
-0.0009253430230117982,1.3850657576397666e-07
-0.0009253430230118,1.3850657576397716e-07
-0.0009253430230118,1.385065757639772e-07
-0.0009253430230118,1.3850657576397716e-07
-0.0009253430230118,1.3850657576397716e-07
-0.0009253430230118,1.3850657576397716e-07
-0.0009253430230118,1.3850657576397944e-07
-0.0009253430115841065,1.3850657243299807e-07
-0.0009253430145421309,1.385065732952121e-07
-0.0009253430230118,1.3850657576397735e-07
-0.0009253430230118,1.3850657576397716e-07
-0.0009253430230118,1.3850657576397716e-07
0.0001884239649474357,3.821035122897728
-0.0009253430230117983,1.3850657576397669e-07
-0.0009253430165872922,1.3850657389134195e-07
-0.0009253430230118,1.385065757639772e-07
-0.0009253430230118,1.3850657576397716e-07
-0.0009253430230118,1.3850657576397716e-07
-0.0009253430230118,1.3850657576397716e-07
-0.0009253430230118,1.385065757639791e-07
-0.0009253430109019856,1.3850657223417136e-07
-0.0009253430230118,1.3850657576397716e-07
-0.0009253430230118,1.3850657576397849e-07
-0.0009253430230118,1.3850657576397716e-07
-0.0009253430230118,1.3850657576397716e-07
2.7200829065229695e+23,-7.92858102104035e+19
-0.0009253430230117985,1.3850657576397677e-07
-0.0009253430230118,1.3850657576397716e-07
-0.0009253430230118,1.385065757639772e-07
-0.0009253430230118,1.3850657576397716e-07
-0.0009253430230118,1.3850657576397716e-07
-0.0009253430230118,1.3850657576397716e-07
-0.0009253430230118,1.3850657576397888e-07
-0.0009253403012486563,1.385057824161144e-07
-0.0009253430230103083,1.385116931026041e-07
-0.0009253430230118,1.3850657576397716e-07
-0.0009253430230118,1.3850657576397716e-07
-0.0009253430230118,1.3850657576397716e-07
0.00013875367851498446,3.822333803431311
-0.0009253430230117987,1.385065757639768e-07
-0.0009253430230118,1.3850657576397716e-07
-0.0009253430230118,1.3850657576397722e-07
-0.0009253430230118,1.3850657576397716e-07
-0.0009253430230118,1.3850657576397716e-07
-0.0009253430230118,1.3850657576397716e-07
-0.0009253430230118,1.3850657576397912e-07
-0.0009253403885623644,1.3850580786658164e-07
-0.0009253430230118,1.3850657576397716e-07
-0.0009253430230118,1.3850657576397716e-07
-0.0009253430230118,1.3850657576397716e-07
-0.0009253430230118,1.3850657576397716e-07
0.00018899041849020613,3.8229784726534293
-0.0009253430230117989,1.3850657576397684e-07
-0.0009253430230118,1.3850657576397716e-07
-0.0009253430230118,1.3850657576397724e-07
-0.0009253430230118,1.3850657576397716e-07
-0.0009253430230118,1.3850657576397716e-07
-0.0009253430230118,1.3850657576397716e-07
-0.0009253430230118,1.3850657576397878e-07
-0.0009253430230118,1.3850657576397716e-07
-0.0009253430230116569,1.3850706621712052e-07
-0.0009253430230118,1.3850657576397716e-07
-0.0009253430230118,1.3850657576397716e-07
-0.0009253430230118,1.3850657576397716e-07
2.7200829065229695e+23,-7.92858102104035e+19
-0.0009253430230117988,1.3850657576397682e-07
-0.0009253430230118,1.3850657576397716e-07
-0.0009253430230118,1.3850657576397716e-07
-0.0009253430220874123,1.3850704830991718e-07
-0.0009253430230118,1.3850657576397716e-07
-0.0009253430230118,1.3850657576397716e-07
-0.0009253430230118,1.3850657576397857e-07
-0.0009253430230118,1.3850657576397716e-07
-0.0009253430230117554,1.385067285750976e-07
-0.0009253430227360907,1.3850747121361157e-07
-0.0009253430230118,1.3850657576397716e-07
-0.0009253430230118,1.3850657576397716e-07
-71.67980789116675,3.84517064388488
-0.0009253430230117989,1.3850657576397684e-07
-0.0009253430230118,1.3850657576397716e-07
-0.0009253430230118,1.3850657576397716e-07
-0.0009253430214415006,1.385065753062615e-07
-0.0009253430230118,1.3850657576397716e-07
-0.0009253430230118,1.3850657576397716e-07
-0.0009253430230118,1.3850657576397843e-07
-0.0009253430230118,1.3850657576397716e-07
-0.0009253430230118,1.3850657576397716e-07
-0.0009253430227523369,1.3850658396334704e-07
-0.0009253430230118,1.3850657576397716e-07
-0.0009253430230118,1.3850657576397716e-07
0.00018955687203297677,3.8249218224091304
-0.000925343023011799,1.385065757639769e-07
-0.0009253430230118,1.3850657576397716e-07
-0.0009253430230118,1.3850657576397716e-07
-0.0009253430219312197,1.3850661987694e-07
-0.0009253430230118,1.3850657576397716e-07
-0.0009253430230118,1.3850657576397716e-07
-0.0009253430230118,1.3850657576397854e-07
-0.0009253430230118,1.3850657576397716e-07
-0.0009253430230118,1.3850657576397716e-07
-0.0009253430227114829,1.385065776757985e-07
-0.0009253430230118,1.3850657576397716e-07
-0.0009253430230118,1.3850657576397716e-07
5.8486029013067675e+35,-1.704768698472419e+32
-0.0009253430230117991,1.385065757639769e-07
-0.0009253430230118,1.3850657576397716e-07
-0.0009253430230118,1.3850657576397716e-07
-0.0009253430230113959,1.3850796193059884e-07
-0.0009253430230118,1.3850657576397716e-07
-0.0009253430230118,1.3850657576397716e-07
-0.0009253430230118,1.3850657576397716e-07
-0.0009253430230118,1.3850657576397716e-07
-0.0009253430230118,1.3850657576397716e-07
-0.0009253430230009153,1.385065790498403e-07
-0.0009253430230118,1.3850657576397716e-07
-0.0009253430230118,1.3850657576397716e-07
-107374179.4384274,31301.58112366647
-0.000925343023011799,1.385065757639769e-07
-0.0009253430230118,1.3850657576397716e-07
-0.0009253430230118,1.3850657576397716e-07
-0.0009253430230096595,1.3850663084936744e-07
-0.0009253430230118,1.3850657576397716e-07
-0.0009253430230118,1.3850657576397716e-07
-0.0009253430230118,1.3850657576397716e-07
-0.0009253430230118,1.3850657576397716e-07
-0.0009253430230118,1.3850657576397716e-07
-0.000925343023011799,1.3850657913723323e-07
-0.0009253430230118,1.3850657576397716e-07
-0.0009253430230118,1.3850657576397716e-07
0.00019012617486973,3.8268749473261594
-0.0009253430230117968,1.385065837020712e-07
-0.0009253430230118,1.3850657576397716e-07
-0.0009253430230115959,1.3850727585416108e-07
-0.0009253430230117985,1.3850658070683983e-07
-0.0009253430230118,1.3850657576397716e-07
-0.0009253430230118,1.3850657576397716e-07
-0.0009253430230118,1.3850657576397716e-07
-0.0009253428929196462,1.385065378443175e-07
-0.0009253430230104243,1.3851129518090808e-07
-0.0009253430230102771,1.385065854817951e-07
-0.0009253430230118,1.3850657576397716e-07
-0.0009253430230118,1.3850657576397716e-07
0.00019031117049368468,3.827509617556766
-0.0009253430230117979,1.385065827593793e-07
-0.0009253430230118,1.3850657576397716e-07
-0.0009253430086841991,1.3850663955905818e-07
-0.0009253430230114334,1.3850657727019997e-07
-0.0009253430230118,1.3850657576397716e-07
-0.0009253430230118,1.3850657576397716e-07
-0.0009253430230118,1.3850657576397716e-07
-0.0009253430230118,1.3850657576397716e-07
-0.0009253430230118,1.3850657576397716e-07
-0.0009253430230048314,1.3850657654280905e-07
-0.0009253430230118,1.3850657576397716e-07
-0.0009253430230118,1.3850657576397716e-07
-151996487006560.72,44304401875.36896
-0.0009253430230117972,1.3850658217651074e-07
0.005484623557201143,-1.7298901283035465e-06
-0.0009253430230117976,1.3850658381628537e-07
-0.0009253430230108483,1.3850657715900633e-07
-0.0009253430230118,1.3850657576397716e-07
-0.0009253430230118,1.3850657576397716e-07
-0.0009253430230118,1.3850657576397788e-07
-0.0009253430230118,1.3850657576397716e-07
-0.0009253430230118,1.3850657576397716e-07
-0.000925343023002082,1.3850657576114455e-07
-0.0009253430230118,1.3850657576397716e-07
-0.0009253430230118,1.3850657576397716e-07
0.0001907315023673776,3.8288085219083707
-0.0009253430230117984,1.3850658078873182e-07
0.002264381711511017,-7.912441657238363e-07
-0.000925343022999734,1.3854797083014764e-07
-0.0009253430230113924,1.385066226340524e-07
-0.0009253430230118,1.3850657576397716e-07
-0.0009253430230118,1.3850657576397716e-07
-0.0009253430230118,1.3850657576397777e-07
-0.0009253430188327399,1.385065745458519e-07
-0.0009253430230118,1.3850657576397716e-07
-0.0009253430229988618,1.3850657745329613e-07
-0.0009253430230118,1.3850657576397716e-07
-0.0009253430230118,1.3850657576397716e-07
0.00019088047333043793,3.8294627424737953
-0.0009253430230117971,1.3850658259284392e-07
0.001027781894017134,-4.3079626098931315e-07
-0.0009253430229636045,1.38506575749929e-07
-0.0009253430230114077,1.3850657589309974e-07
-0.0009253430230118,1.3850657576397716e-07
-0.0009253430230118,1.3850657576397716e-07
-0.0009253430230118,1.3850657576397767e-07
-0.0009253430230118,1.3850657576397716e-07
-0.0009253430230116994,1.38506920465335e-07
-0.0009253430229813653,1.3850657789322646e-07
-0.0009253430230118,1.3850657576397716e-07
-0.0009253430230118,1.3850657576397716e-07
-2.3021534781582452e+20,6.710387514540767e+16
-0.0009253430230117979,1.3850658264834853e-07
0.0003948594065626615,-2.463100745650978e-07
-0.0009253430226901682,1.3850663387134724e-07
-0.0009253430230098021,1.3851237619192126e-07
-0.0009253430230118,1.3850657576397716e-07
-0.0009253430230118,1.3850657576397716e-07
-0.0009253430230118,1.3850657576397764e-07
-0.0009249582112480088,0.001320323473852634
-0.0009253430230117606,1.3850671081116403e-07
-0.0009253430226741812,1.3850657711626558e-07
-0.0009253430230118,1.3850657576397716e-07
-0.0009253430230118,1.3850657576397716e-07
0.058941253587880015,3.8307347470469475
-0.000925343023011798,1.385065822875248e-07
5.153643441053524e-05,-1.4623724242587175e-07
-0.0009253430229893468,1.3850664683707938e-07
-0.0009253430230112097,1.3850657622900373e-07
-0.0009253430230118,1.3850657576397716e-07
-0.0009253430230118,1.3850657576397716e-07
-0.0009253430230118,1.385065757639776e-07
-0.0009253430229771528,1.385065757538781e-07
-0.0009253430215192803,1.385067414183045e-07
-0.0009253430229984702,1.3850658808732192e-07
-0.0009253430230118,1.3850657576397716e-07
-0.0009253430230118,1.3850657576397716e-07
0.00019144407757922574,3.8313963170681684
-0.0009253430230117983,1.3850658134383526e-07
-0.0009253430220945381,1.385078334697737e-07
-0.0009253430230116342,1.385071444008332e-07
-0.0009253430230085372,1.3850657729710608e-07
-0.0009253430230118,1.3850657576397716e-07
-0.0009253430230118,1.3850657576397716e-07
-0.0009253430230118,1.3850657576397756e-07
-0.0009253430227593152,1.3850717979105315e-07
-0.0009253430230118,1.3850657576397716e-07
-0.000925343023002081,1.385065793989976e-07
-0.0009253430230118,1.3850657576397716e-07
-0.0009253430230118,1.3850657576397716e-07
-3.218643847351014e+26,9.381801731262799e+22
-0.0009253430230117987,1.3850658037238975e-07
-0.0009253430230118,1.3850657576397716e-07
-0.0009253430229661872,1.3866306073508305e-07
-0.0009253430230111333,1.385065768815265e-07
-0.0009253430230118,1.3850657576397716e-07
-0.0009253430230118,1.3850657576397716e-07
-0.0009253430230118,1.385065757639775e-07
-0.0009253430226474653,1.3850697185489628e-07
-0.0009253430217751247,1.3850657540350728e-07
-0.0009253430229991946,1.385065790086405e-07
-0.0009253430230118,1.3850657576397716e-07
-0.0009253430230118,1.3850657576397716e-07
89128.95734301874,-22.14688637144715
-0.0009253430230117988,1.385065799005437e-07
-0.0009253430226314662,1.3850698784573915e-07
-0.0009253430230117964,1.3850658803510388e-07
-0.000925343023010666,1.385065839284305e-07
-0.0009253430230118,1.3850657576397716e-07
-0.0009253430230118,1.3850657576397716e-07
-0.0009253430230118,1.3850657576397748e-07
-0.0009253430229747103,1.3850657575316614e-07
-0.000925343022364787,1.3850744616580446e-07
-0.000925343017865717,1.3850657426398113e-07
-0.0009253430230118,1.3850657576397716e-07
-0.0009253430230118,1.3850657576397716e-07
0.00019201338041597898,3.833349441985197
-0.0009253430230117989,1.3850657942869766e-07
-0.0009253430230118,1.3850657576397716e-07
-0.0009253430229752302,1.3850710530982786e-07
-0.0009253430230090925,1.3851024453739574e-07
-0.0009253430230118,1.3850657576397716e-07
-0.0009253430230118,1.3850657576397716e-07
-0.0009253430230118,1.3850657576397743e-07
-0.0009252799068234495,0.0002166596163769284
-0.0009253430230118,1.3850657576397716e-07
-0.0009253430228918407,1.3850657708950008e-07
-0.0009253430230118,1.3850657576397716e-07
-0.0009253430230118,1.3850657576397716e-07
0.00019219844553490897,3.833984350634373
-0.0009253430230117985,1.385065792477925e-07
-0.0009253430230118,1.3850657576397716e-07
-0.0009253430226812746,1.385066756130001e-07
-0.0009253430229893716,1.3850658206026844e-07
-0.0009253430230118,1.3850657576397716e-07
-0.0009253430230118,1.3850657576397716e-07
-0.0009253430230118,1.3850657576397743e-07
-0.0009253430226191594,1.385065756495291e-07
-0.0009253430230118,1.3850657576397716e-07
-0.0009253430228332204,1.3850657925168948e-07
-0.0009253430230118,1.3850657576397716e-07
-0.0009253430230118,1.3850657576397716e-07
126443834116.51595,-36856232.458735436
-0.0009253430230117983,1.385065802881357e-07
-0.0009253430230118,1.3850657576397716e-07
-0.000925343014078252,1.3852760522587119e-07
-0.0009253430230115229,1.385065853164193e-07
-0.0009253430230118,1.3850657576397716e-07
-0.0009253430230118,1.3850657576397716e-07
-0.0009253430230118,1.3850657576397737e-07
-0.0009253430230118,1.3850657576397716e-07
-0.0009253430230118,1.3850657576397716e-07
-0.0009253430230014129,1.3850658636729576e-07
-0.0009253430230118,1.3850657576397716e-07
-0.0009253430230118,1.3850657576397716e-07
0.00019257695090432595,3.83528301657958
-0.0009253430230117982,1.3850658056621958e-07
-0.0009253430230118,1.3850657576397716e-07
-0.0009253430230117427,1.3850677210180143e-07
-0.0009253430230117746,1.3850666284221982e-07
-0.0009253430230118,1.3850657576397716e-07
-0.0009253430230118,1.3850657576397716e-07
-0.0009253430230118,1.3850657576397737e-07
-0.0009253430184916976,1.3850657444644386e-07
-0.0009253430230118,1.3850657576397716e-07
-0.0009253430230117978,1.3850658326168634e-07
-0.0009253430230118,1.3850657576397716e-07
-0.0009253430230118,1.3850657576397716e-07
0.0001927677483716622,3.8359374755514017
-0.0009253430230117997,1.3850657576397708e-07
-0.0009253430230118,1.3850657576397716e-07
-0.000925343022695209,1.3852590888116267e-07
-0.0009253430230115915,1.3850657976301235e-07
-0.0009253430230118,1.3850657576397716e-07
-0.0009253430230118,1.3850657576397716e-07
-0.0009253430230118,1.3850657576397735e-07
-0.0009253430230118,1.3850657576397716e-07
-0.0009253430230118,1.3850657576397716e-07
-0.000925343023004802,1.3850743930807932e-07
-0.0009253430230118,1.3850657576397716e-07
-0.0009253430230118,1.3850657576397716e-07
126443834116.51595,-36856232.45678231
-0.0009253430230117989,1.38506578650819e-07
-0.0009253430230118,1.3850657576397716e-07
-0.0009253430230118,1.3850657576397716e-07
-0.0009253430230115348,1.3850661619429188e-07
-0.0009253430230118,1.3850657576397716e-07
-0.0009253430230118,1.3850657576397716e-07
-0.0009253430230118,1.3850657576397732e-07
-0.0009253430230118,1.3850657576397716e-07
-0.0009253426471988808,1.4278196252725818e-06
-0.0009253430230107691,1.3850658758755242e-07
-0.0009253430230118,1.3850657576397716e-07
-0.0009253430230118,1.3850657576397716e-07
0.00014309461264522814,3.8372263809236564
-0.0009253430230117992,1.3850657769325106e-07
-0.000925342128076302,3.2087895735161813e-06
-0.000924869813649098,1.3836869366529124e-07
-0.0009253430230113955,1.3850657596342372e-07
-0.0009253430230118,1.3850657576397716e-07
-0.0009253430230118,1.3850657576397716e-07
-0.0009253430230118,1.385065757639773e-07
-0.0009253429953858996,1.3850656771149505e-07
-0.0009253430230118,1.3850657576397716e-07
-0.0009253430230110075,1.38506591869377e-07
-0.0009253430230118,1.3850657576397716e-07
-0.0009253430230118,1.3850657576397716e-07
0.00019333135262045002,3.837871050145775
-0.0009253430230117994,1.3850657726984716e-07
-0.0009253430230118,1.3850657576397716e-07
-0.0009253430230117967,1.3850658709138048e-07
-0.0009253430230113268,1.3850657931882102e-07
-0.0009253430230118,1.3850657576397716e-07
-0.0009253430230118,1.3850657576397716e-07
-0.0009253430230118,1.385065757639773e-07
-0.0009253429506901127,1.3850655468343013e-07
-0.0009253430230118,1.3850657576397716e-07
-0.0009253430228358755,1.3850661280892102e-07
-0.0009253430230118,1.3850657576397716e-07
-0.0009253430230118,1.3850657576397716e-07
2.7200829065229695e+23,-7.92858102104035e+19
-0.0009253430230117995,1.385065770061688e-07
-0.0009253430230118,1.3850657576397716e-07
-0.0009253430230117971,1.3850658542604176e-07
-0.0009253430230114337,1.3850657610054814e-07
-0.0009253430230118,1.3850657576397716e-07
-0.0009253430230118,1.3850657576397716e-07
-0.0009253430230118,1.3850657576397727e-07
-0.0009253430230118,1.3850657576397716e-07
-0.0009253430230118,1.3850657576397716e-07
-0.0009253430229518191,1.3850658202108961e-07
-0.0009253430230118,1.3850657576397716e-07
-0.0009253430230118,1.3850657576397716e-07
0.0001436639154819816,3.8391795058406855
-0.0009253430230117995,1.3850657692290133e-07
-0.0009253430230118,1.3850657576397716e-07
-0.0009253430230117114,1.3850687962062196e-07
-0.000925343023007689,1.3850657973408073e-07
-0.0009253430230118,1.3850657576397716e-07
-0.0009253430230118,1.3850657576397716e-07
-0.0009253430230118,1.3850657576397727e-07
-0.0009253430230118,1.3850657576397716e-07
-0.0009253430230118,1.3850657576397716e-07
-0.0009253430187183279,1.3850678862226122e-07
-0.0009253430230118,1.3850657576397716e-07
-0.0009253430230118,1.3850657576397716e-07
0.00019390065545720327,3.839824175062804
-0.0009253430230117996,1.3850657661058485e-07
0.0008968175892889474,6.25134312321676
-0.0009253430230112779,1.385083667294974e-07
-0.0009253430230046885,1.3850658284183032e-07
-0.0009253430230118,1.3850657576397716e-07
-0.0009253430230118,1.3850657576397716e-07
-0.0009253430230118,1.3850657576397724e-07
-0.0009201837160537232,0.01770033306715048
-0.0009253430230118,1.3850657576397716e-07
-0.0009253430229118529,1.3850657573484428e-07
-0.0009253430230118,1.3850657576397716e-07
-0.0009253430230118,1.3850657576397716e-07
5.8486029013067675e+35,-1.704768698472419e+32
-0.0009253430230117997,1.3850657645445957e-07
-0.0009253430230118,1.3850657576397716e-07
-0.0009253430230107435,1.3851020032649576e-07
-0.0009253430230085222,1.3850658120536833e-07
-0.0009253430230118,1.3850657576397716e-07
-0.0009253430230118,1.3850657576397716e-07
-0.0009253430230118,1.3850657576397724e-07
-0.0009253430230118,1.3850657576397716e-07
-0.0009253430230118,1.3850657576397716e-07
-0.0009253430230118,1.3850657576397716e-07
-0.0009253430230118,1.3850657576397716e-07
-0.0009253430230118,1.3850657576397716e-07
-107374179.43842307,31301.596016243962
-0.0009253430230117997,1.385065764093566e-07
-0.0009253430230118,1.3850657576397716e-07
-0.0009253430230118,1.3850657576397716e-07
-0.0009253430230067143,1.3850659064846588e-07
-0.0009253430230118,1.3850657576397716e-07
-0.0009253430230118,1.3850657576397716e-07
-0.0009253430230118,1.3850657576397724e-07
-0.0009253430230118,1.3850657576397716e-07
-0.0009253430230118,1.3850657576397716e-07
0.22569617084932597,-6.591782683741308e-05
-0.0009253430230118,1.3850657576397716e-07
-0.0009253430230118,1.3850657576397716e-07
0.0001944671089999739,3.841767524818505
-0.0009253430230117997,1.385065761647295e-07
-0.0009253430230118,1.3850657576397716e-07
-0.0009253430230118,1.3850657576397716e-07
-0.0009253430229760306,1.385065899733815e-07
-0.0009253430230118,1.3850657576397716e-07
-0.0009253430230118,1.3850657576397716e-07
-0.0009253430230118,1.3850657576397722e-07
-0.0009253430230118,1.3850657576397716e-07
-0.0009253430230118,1.3850657576397716e-07
-0.0009253430230118,1.3850657576397716e-07
-0.0009253430230118,1.3850657576397716e-07
-0.0009253430230118,1.3850657576397716e-07
5.8486029013067675e+35,-1.704768698472419e+32
-0.0009253430230117998,1.3850657617513778e-07
-0.0009253430230118,1.3850657576397716e-07
-0.0009253430230118,1.3850657576397716e-07
-0.0009253430229122627,1.385066756908934e-07
-0.0009253430230118,1.3850657576397716e-07
-0.0009253430230118,1.3850657576397716e-07
-0.0009253430230118,1.3850657576397722e-07
-0.0009253430230118,1.3850657576397716e-07
-0.0009253430230118,1.3850657576397716e-07
0.0014864649946185206,-5.644946169246778e-07
-0.0009253430230118,1.3850657576397716e-07
-0.0009253430230118,1.3850657576397716e-07
-151996487006560.72,44304401875.38385
-0.0009253430230117998,1.3850657606931954e-07
-0.0009253430230118,1.3850657576397716e-07
-0.0009253430230118,1.3850657576397716e-07
-0.0009253430230117827,1.3850663486360468e-07
-0.0009253430230118,1.3850657576397716e-07
-0.0009253430230118,1.3850657576397716e-07
-0.0009253430230118,1.3850657576397722e-07
-0.0009253430230118,1.3850657576397716e-07
-0.0009253430230118,1.3850657576397716e-07
0.07381103288906948,-2.1645881327151626e-05
-0.0009253430230118,1.3850657576397716e-07
-0.0009253430230118,1.3850657576397716e-07
0.00019507243649762127,3.8437010994007164
-0.0009253430230117998,1.3850657598605284e-07
-0.0009253430230118,1.3850657576397716e-07
-0.0009253430230118,1.3850657576397716e-07
5772.071233378404,19802427.158769514
-0.0009253430230118,1.3850657576397716e-07
-0.0009253430230118,1.3850657576397716e-07
-0.0009253430230118,1.3850657576397722e-07
-0.0009253430230118,1.3850657576397716e-07
-0.0009253430230118,1.3850657576397716e-07
0.04449948894106333,-1.3102062663160135e-05
-0.0009253430230118,1.3850657576397716e-07
-0.0009253430230118,1.3850657576397716e-07
0.00019522140746068182,3.844355319966141
-0.0009253430230117998,1.3850657596695532e-07
-0.0009253430230118,1.3850657576397716e-07
-0.0009253430230118,1.3850657576397716e-07
-0.0007488447570056893,8.706032025658961e-08
-0.0009253430230118,1.3850657576397716e-07
-0.0009253430230118,1.3850657576397716e-07
-0.0009253430230118,1.3850657576397722e-07
-0.0009253430230118,1.3850657576397716e-07
-0.0009253430230118,1.3850657576397716e-07
0.0007230651513258267,-3.419764909337075e-07
-0.0009253430230118,1.3850657576397716e-07
-0.0009253430230118,1.3850657576397716e-07
-2.3021534781582452e+20,6.710387514540767e+16
-0.0009253430230117998,1.385065759426692e-07
-0.0009253430230118,1.3850657576397716e-07
-0.0009253430230118,1.3850657576397716e-07
-0.0008495259180783038,1.1640717365368098e-07
-0.0009253430230118,1.3850657576397716e-07
-0.0009253430230118,1.3850657576397716e-07
-0.0009253430230118,1.3850657576397722e-07
-0.0009253430230118,1.3850657576397716e-07
-0.0009253430230118,1.3850657576397716e-07
0.0008451358078860857,-3.7755802003006826e-07
-0.0009253430230118,1.3850657576397716e-07
-0.0009253430230118,1.3850657576397716e-07
0.05894559452201026,3.845627324539293
-0.0009253430230117998,1.3850657589843377e-07
-0.0009253430230118,1.3850657576397716e-07
-0.0009253430230118,1.3850657576397716e-07
-0.0008332793311483613,1.1167156870279797e-07
-0.0009253430230118,1.3850657576397716e-07
-0.0009253430230118,1.3850657576397716e-07
-0.0009253430230118,1.385065757639772e-07
-0.0009253430230118,1.3850657576397716e-07
-0.0009253430230118,1.3850657576397716e-07
0.009881547653770062,-3.011519039665441e-06
-0.0009253430230118,1.3850657576397716e-07
-0.0009253430230118,1.3850657576397716e-07
0.00019578786100345246,3.846298669721842
-0.0009253430230118,1.3850657586936934e-07
-0.0009253430230118,1.3850657576397716e-07
-0.0009253430230118,1.3850657576397716e-07
-0.0009253430230118,1.3850657576397716e-07
-0.0009253430230118,1.3850657576397716e-07
-0.0009253430230118,1.3850657576397716e-07
-0.0009253430230118,1.385065757639772e-07
-0.0009253430230118,1.3850657576397716e-07
-0.0009253430230118,1.3850657576397716e-07
-0.0009253430230118,1.3850657576397716e-07
-0.0009253430230118,1.3850657576397716e-07
-0.0009253430230118,1.3850657576397716e-07
-3.218643847351014e+26,9.381801731262799e+22
-0.0009253430230118,1.3850657584508324e-07
-0.0009253430230118,1.3850657576397716e-07
-0.0009253430230118,1.3850657576397716e-07
-0.0009253430230118,1.3850657576397716e-07
-0.0009253430230118,1.3850657576397716e-07
-0.0009253430230118,1.3850657576397716e-07
-0.0009253430230118,1.385065757639772e-07
-0.0009253430230118,1.3850657576397716e-07
-0.0009253430230118,1.3850657576397716e-07
-0.0009253430230118,1.3850657576397716e-07
-0.0009253430230118,1.3850657576397716e-07
-0.0009253430230118,1.3850657576397716e-07
89128.95734735968,-22.131993793954802
-0.0009253430230118,1.3850657584464953e-07
-0.0009253430230118,1.3850657576397716e-07
-0.0009253430230118,1.3850657576397716e-07
-0.0009253430230118,1.3850657576397716e-07
-0.0009253430230118,1.3850657576397716e-07
-0.0009253430230118,1.3850657576397716e-07
-0.0009253430230118,1.3850657576397716e-07
-0.0009253430230118,1.3850657576397716e-07
-0.0009253430230118,1.3850657576397716e-07
-0.0009253430230118,1.3850657576397716e-07
-0.0009253430230118,1.3850657576397716e-07
-0.0009253430230118,1.3850657576397716e-07
0.00019635146525221663,3.848232244316215
-0.0009253430230118,1.3850657583640957e-07
-0.0009253430230118,1.3850657576397716e-07
-0.0009253430230118,1.3850657576397716e-07
-0.0009253430230118,1.3850657576397716e-07
-0.0009253430230118,1.3850657576397716e-07
-0.0009253430230118,1.3850657576397716e-07
-0.0009253430230118,1.385065757639772e-07
-0.0009253430230118,1.3850657576397716e-07
-0.0009253430230118,1.3850657576397716e-07
-0.0009253430230118,1.3850657576397716e-07
-0.0009253430230118,1.3850657576397716e-07
-0.0009253430230118,1.3850657576397716e-07
-4.932681744164906e+32,1.4377931924733352e+29
-0.0009253430230118,1.3850657581862482e-07
-0.0009253430230118,1.3850657576397716e-07
-0.0009253430230118,1.3850657576397716e-07
-0.0009253430230118,1.3850657576397716e-07
-0.0009253430230118,1.3850657576397716e-07
-0.0009253430230118,1.3850657576397716e-07
-0.0009253430230118,1.385065757639772e-07
-0.0009253430230118,1.3850657576397716e-07
-0.0009253430230118,1.3850657576397716e-07
-0.0009253430230118,1.3850657576397716e-07
-0.0009253430230118,1.3850657576397716e-07
-0.0009253430230118,1.3850657576397716e-07
89128.95734792898,-22.130040669037772
-0.0009253430230118,1.385065758106017e-07
-0.0009253430230118,1.3850657576397716e-07
-0.0009253430230118,1.3850657576397716e-07
-0.0009253430230118,1.3850657576397716e-07
-0.0009253430230118,1.3850657576397716e-07
-0.0009253430230118,1.3850657576397716e-07
-0.0009253430230118,1.385065757639772e-07
-0.0009253430230118,1.3850657576397716e-07
-0.0009253430230118,1.3850657576397716e-07
-0.0009253430230118,1.3850657576397716e-07
-0.0009253430230118,1.3850657576397716e-07
-0.0009253430230118,1.3850657576397716e-07
0.00019691788503456984,3.8501755940719256
-0.0009253430230118,1.3850657581536835e-07
-0.0009253430230118,1.3850657576397716e-07
-0.0009253430230118,1.3850657576397716e-07
-0.0009253430230118,1.3850657576397716e-07
-0.0009253430230118,1.3850657576397716e-07
-0.0009253430230118,1.3850657576397716e-07
-0.0009253430230118,1.385065757639772e-07
-0.0009253430230118,1.3850657576397716e-07
-0.0009253430230118,1.3850657576397716e-07
-0.0009253430230118,1.3850657576397716e-07
-0.0009253430230118,1.3850657576397716e-07
-0.0009253430230118,1.3850657576397716e-07
0.0001971086825019061,3.8508300530437474
-0.0009253430230118,1.3850657580518074e-07
-0.0009253430230118,1.3850657576397716e-07
-0.0009253430230118,1.3850657576397716e-07
-0.0009253430230118,1.3850657576397716e-07
-0.0009253430230118,1.3850657576397716e-07
-0.0009253430230118,1.3850657576397716e-07
-0.0009253430230118,1.385065757639772e-07
-0.0009253430230118,1.3850657576397716e-07
-0.0009253430230118,1.3850657576397716e-07
-0.0009253430230118,1.3850657576397716e-07
-0.0009253430230118,1.3850657576397716e-07
-0.0009253430230118,1.3850657576397716e-07
126443834116.51596,-36856232.44188973
-0.0009253430230118,1.3850657580604807e-07
-0.0009253430230118,1.3850657576397716e-07
-0.0009253430230118,1.3850657576397716e-07
-0.0009253430230118,1.3850657576397716e-07
-0.0009253430230118,1.3850657576397716e-07
-0.0009253430230118,1.3850657576397716e-07
-0.0009253430230118,1.385065757639772e-07
-0.0009253430230118,1.3850657576397716e-07
-0.0009253430230118,1.3850657576397716e-07
-0.0009253430230118,1.3850657576397716e-07
-0.0009253430230118,1.3850657576397716e-07
-0.0009253430230118,1.3850657576397716e-07
-0.00040941802576481133,1.7700000442413915
-0.0009253430230118,1.3850657580930065e-07
-0.0009253430230118,1.3850657576397716e-07
-0.0009253430230118,1.3850657576397716e-07
-0.0009253430230118,1.3850657576397716e-07
-0.0009253430230118,1.3850657576397716e-07
-0.0009253430230118,1.3850657576397716e-07
-0.0009253430230118,1.385065757639772e-07
-0.0009253430230118,1.3850657576397716e-07
-0.0009253430230118,1.3850657576397716e-07
-0.0009253430230118,1.3850657576397716e-07
-0.0009253430230118,1.3850657576397716e-07
-0.0009253430230118,1.3850657576397716e-07
0.058379929538723216,1.9049829043404023
-0.0009253430230118,1.3850657580171126e-07
-0.0009253430230118,1.3850657576397716e-07
-0.0009253430230118,1.3850657576397716e-07
-0.0009253430230118,1.3850657576397716e-07
-0.0009253430230118,1.3850657576397716e-07
-0.0009253430230118,1.3850657576397716e-07
-0.0009253430230118,1.385065757639772e-07
-0.0009253430230118,1.3850657576397716e-07
-0.0009253430230118,1.3850657576397716e-07
-0.0009253430230118,1.3850657576397716e-07
-0.0009253430230118,1.3850657576397716e-07
-0.0009253430230118,1.3850657576397716e-07
2.7200829065229695e+23,-7.92858102104035e+19
-0.0009253430230118,1.3850657580214494e-07
-0.0009253430230118,1.3850657576397716e-07
-0.0009253430230118,1.3850657576397716e-07
-0.0009253430230118,1.3850657576397716e-07
-0.0009253430230118,1.3850657576397716e-07
-0.0009253430230118,1.3850657576397716e-07
-0.0009253430230118,1.385065757639772e-07
-0.0009253430230118,1.3850657576397716e-07
-0.0009253430230118,1.3850657576397716e-07
-0.0009253430230118,1.3850657576397716e-07
-0.0009253430230118,1.3850657576397716e-07
-0.0009253430230118,1.3850657576397716e-07
89128.95682922294,-23.90958160906576
-0.0009253430230118,1.385065757947724e-07
-0.0009253430230118,1.3850657576397716e-07
-0.0009253430230118,1.3850657576397716e-07
-0.0009253430230118,1.3850657576397716e-07
-0.0009253430230118,1.3850657576397716e-07
-0.0009253430230118,1.3850657576397716e-07
-0.0009253430230118,1.385065757639772e-07
-0.0009253430230118,1.3850657576397716e-07
-0.0009253430230118,1.3850657576397716e-07
-0.0009253430230118,1.3850657576397716e-07
-0.0009253430230118,1.3850657576397716e-07
-0.0009253430230118,1.3850657576397716e-07
0.05845243593967272,2.153732865162979
-0.0009253430230118,1.3850657579281694e-07
-0.0009253430230118,1.3850657576397716e-07
-0.0009253430230118,1.3850657576397716e-07
-0.0009253430230118,1.3850657576397716e-07
-0.0009253430230118,1.3850657576397716e-07
-0.0009253430230118,1.3850657576397716e-07
-0.0009253430230118,1.385065757639772e-07
-0.0009253430230118,1.3850657576397716e-07
-0.0009253430230118,1.3850657576397716e-07
-0.0009253430230118,1.3850657576397716e-07
-0.0009253430230118,1.3850657576397716e-07
-0.0009253430230118,1.3850657576397716e-07
126443834116.51549,-36856234.05712404
-0.0009253430230118,1.3850657579910915e-07
-0.0009253430230118,1.3850657576397716e-07
-0.0009253430230118,1.3850657576397716e-07
-0.0009253430230118,1.3850657576397716e-07
-0.0009253430230118,1.3850657576397716e-07
-0.0009253430230118,1.3850657576397716e-07
-0.0009253430230118,1.385065757639772e-07
-0.0009253430230118,1.3850657576397716e-07
-0.0009253430230118,1.3850657576397716e-07
-0.0009253430230118,1.3850657576397716e-07
-0.0009253430230118,1.3850657576397716e-07
-0.0009253430230118,1.3850657576397716e-07
-0.00025930429271419796,2.284999888849182
-0.0009253430230118,1.385065757971576e-07
-0.0009253430230118,1.3850657576397716e-07
-0.0009253430230118,1.3850657576397716e-07
-0.0009253430230118,1.3850657576397716e-07
-0.0009253430230118,1.3850657576397716e-07
-0.0009253430230118,1.3850657576397716e-07
-0.0009253430230118,1.385065757639772e-07
-0.0009253430230118,1.3850657576397716e-07
-0.0009253430230118,1.3850657576397716e-07
-0.0009253430230118,1.3850657576397716e-07
-0.0009253430230118,1.3850657576397716e-07
-0.0009253430230118,1.3850657576397716e-07
0.05850253458930701,2.325607857861525
-0.0009253430230118,1.3850657579910915e-07
-0.0009253430230118,1.3850657576397716e-07
-0.0009253430230118,1.3850657576397716e-07
-0.0009253430230118,1.3850657576397716e-07
-0.0009253430230118,1.3850657576397716e-07
-0.0009253430230118,1.3850657576397716e-07
-0.0009253430230118,1.385065757639772e-07
-0.0009253430230118,1.3850657576397716e-07
-0.0009253430230118,1.3850657576397716e-07
-0.0009253430230118,1.3850657576397716e-07
-0.0009253430230118,1.3850657576397716e-07
-0.0009253430230118,1.3850657576397716e-07
-0.0002853057720116226,2.3674998808593837
-0.0009253430230118,1.385065758058312e-07
-0.0009253430230118,1.3850657576397716e-07
-0.0009253430230118,1.3850657576397716e-07
-0.0009253430230118,1.3850657576397716e-07
-0.0009253430230118,1.3850657576397716e-07
-0.0009253430230118,1.3850657576397716e-07
-0.0009253430230118,1.385065757639772e-07
-0.0009253430230118,1.3850657576397716e-07
-0.0009253430230118,1.3850657576397716e-07
-0.0009253430230118,1.3850657576397716e-07
-0.0009253430230118,1.3850657576397716e-07
-0.0009253430230118,1.3850657576397716e-07
-71.68022049339768,2.42964336026816
-0.0009253430230118,1.3850657581060172e-07
-0.0009253430230118,1.3850657576397716e-07
-0.0009253430230118,1.3850657576397716e-07
-0.0009253430230118,1.3850657576397716e-07
-0.0009253430230118,1.3850657576397716e-07
-0.0009253430230118,1.3850657576397716e-07
-0.0009253430230118,1.385065757639772e-07
-0.0009253430230118,1.3850657576397716e-07
-0.0009253430230118,1.3850657576397716e-07
-0.0009253430230118,1.3850657576397716e-07
-0.0009253430230118,1.3850657576397716e-07
-0.0009253430230118,1.3850657576397716e-07
-107374179.43882854,31300.204903021808
-0.0009253430230118,1.3850657580995117e-07
-0.0009253430230118,1.3850657576397716e-07
-0.0009253430230118,1.3850657576397716e-07
-0.0009253430230118,1.3850657576397716e-07
-0.0009253430230118,1.3850657576397716e-07
-0.0009253430230118,1.3850657576397716e-07
-0.0009253430230118,1.385065757639772e-07
-0.0009253430230118,1.3850657576397716e-07
-0.0009253430230118,1.3850657576397716e-07
-0.0009253430230118,1.3850657576397716e-07
-0.0009253430230118,1.3850657576397716e-07
-0.0009253430230118,1.3850657576397716e-07
89128.95695219234,-23.48770662698751
-0.0009253430230118,1.3850657580995117e-07
-0.0009253430230118,1.3850657576397716e-07
-0.0009253430230118,1.3850657576397716e-07
-0.0009253430230118,1.3850657576397716e-07
-0.0009253430230118,1.3850657576397716e-07
-0.0009253430230118,1.3850657576397716e-07
-0.0009253430230118,1.385065757639772e-07
-0.0009253430230118,1.3850657576397716e-07
-0.0009253430230118,1.3850657576397716e-07
-0.0009253430230118,1.3850657576397716e-07
-0.0009253430230118,1.3850657576397716e-07
-0.0009253430230118,1.3850657576397716e-07
-0.00019180771500383164,2.5165624934530455
-0.0009253430230118,1.3850657581211958e-07
-0.0009253430230118,1.3850657576397716e-07
-0.0009253430230118,1.3850657576397716e-07
-0.0009253430230118,1.3850657576397716e-07
-0.0009253430230118,1.3850657576397716e-07
-0.0009253430230118,1.3850657576397716e-07
-0.0009253430230118,1.385065757639772e-07
-0.0009253430230118,1.3850657576397716e-07
-0.0009253430230118,1.3850657576397716e-07
-0.0009253430230118,1.3850657576397716e-07
-0.0009253430230118,1.3850657576397716e-07
-0.0009253430230118,1.3850657576397716e-07
-0.0001857959469728298,2.537187368599225
-0.0009253430230118,1.3850657582383282e-07
-0.0009253430230118,1.3850657576397716e-07
-0.0009253430230118,1.3850657576397716e-07
-0.0009253430230118,1.3850657576397716e-07
-0.0009253430230118,1.3850657576397716e-07
-0.0009253430230118,1.3850657576397716e-07
-0.0009253430230118,1.385065757639772e-07
-0.0009253430230118,1.3850657576397716e-07
-0.0009253430230118,1.3850657576397716e-07
-0.0009253430230118,1.3850657576397716e-07
-0.0009253430230118,1.3850657576397716e-07
-0.0009253430230118,1.3850657576397716e-07
-3.218643847351014e+26,9.381801731262799e+22
-0.0009253430230118,1.3850657583901166e-07
596718.5075095346,2047180713.0333323
-0.0009253430230118,1.3850657576397716e-07
0.05681159829521252,198.07991726094585
-0.0009253430230118,1.3850657576397716e-07
-0.0009253430230118,1.3850657576397716e-07
-0.0009253430230118,1.385065757639772e-07
-0.0009253430230118,1.3850657576397716e-07
-0.0009253430230118,1.3850657576397716e-07
-0.0009253430230118,1.3850657576397716e-07
-0.0009253430230118,1.3850657576397716e-07
-0.0009253430230118,1.3850657576397716e-07
-0.00017359002422772632,2.579062490797971
-0.0009253430230118,1.3850657586633355e-07
939142.5372863854,3221945463.12793
-0.0009253430230118,1.3850657576397716e-07
-0.0009253430230118,1.3850657576397716e-07
-0.0009253430230118,1.3850657576397716e-07
-0.0009253430230118,1.3850657576397716e-07
-0.0009253430230118,1.385065757639772e-07
-0.0009253421933255977,2.98493678894672e-06
-0.0009253430230118,1.3850657576397716e-07
-0.0009253430230118,1.3850657576397716e-07
-0.0009253430230118,1.3850657576397716e-07
-0.0009253430230118,1.3850657576397716e-07
-4.932681744164906e+32,1.4377931924733352e+29
-0.0009253430230118,1.385065758724051e-07
-0.0009253430230118,1.3850657576397716e-07
-0.0009253430230118,1.3850657576397716e-07
-0.0009253430230118,1.3850657576397716e-07
-0.0009253430230118,1.3850657576397716e-07
-0.0009253430230118,1.3850657576397716e-07
-0.0009253430230118,1.385065757639772e-07
-0.0009253427623832088,1.0326531753995647e-06
-0.0009253430230118,1.3850657576397716e-07
-0.0009253430230118,1.3850657576397716e-07
-0.0009253430230118,1.3850657576397716e-07
-0.0009253430230118,1.3850657576397716e-07
5.8486029013067675e+35,-1.704768698472419e+32
-0.0009253430230118,1.3850657576397716e-07
-0.0009253430230118,1.3850657576397716e-07
-0.0009253430230118,1.3850657576397716e-07
0.041945940383518544,147.07984313354424
-0.0009253430230118,1.3850657576397716e-07
-0.0009253430230118,1.3850657576397716e-07
-0.0009253430230118,1.385065757639772e-07
-0.0009253428491667357,7.160039666219463e-07
-0.0009253430230118,1.3850657576397716e-07
-0.0009253430230118,1.3850657576397716e-07
-0.0009253430230118,1.3850657576397716e-07
-0.0009253430230118,1.3850657576397716e-07
-0.00020560337486616193,2.6409373692434346
-0.0009253430230118,1.3850657588021912e-07
-0.0009253430230118,1.3850657576397716e-07
-0.0009253430230118,1.3850657576397716e-07
0.05943496800536374,207.07999317255724
-0.0009253430230118,1.3850657576397716e-07
-0.0009253430230118,1.3850657576397716e-07
-0.0009253430230118,1.385065757639772e-07
-0.0009253430227319749,1.385096739459438e-07
-0.0009253430230118,1.3850657576397716e-07
-0.0009253430230118,1.3850657576397716e-07
-0.0009253430230118,1.3850657576397716e-07
-0.0009253430230118,1.3850657576397716e-07
-4.932681744164906e+32,1.4377931924733352e+29
-0.0009253430230118,1.3850657586980302e-07
-0.0009253430230118,1.3850657576397716e-07
-0.0009253430230118,1.3850657576397716e-07
0.07840475675328268,272.1602363795509
-0.0009253430230118,1.3850657576397716e-07
-0.0009253430230118,1.3850657576397716e-07
-0.0009253430230118,1.385065757639772e-07
-0.000925342912744706,5.166235249797287e-07
-0.0009253430230118,1.3850657576397716e-07
-0.0009253430230118,1.3850657576397716e-07
-0.0009253430230118,1.3850657576397716e-07
-0.0009253430230118,1.3850657576397716e-07
5.8486029013067675e+35,-1.704768698472419e+32
-0.0009253430230117998,1.385065759773636e-07
-0.0009253430230118,1.3850657576397716e-07
-0.0009253430230118,1.3850657576397716e-07
-0.0009253430230118,1.3850657576397716e-07
-0.0009253430230118,1.3850657576397716e-07
-0.0009253430230118,1.3850657576397716e-07
-0.0009253430230118,1.3850657576397722e-07
-0.0009253428514067798,7.271835334674143e-07
-0.0009253430230118,1.3850657576397716e-07
-0.0009253430230118,1.3850657576397716e-07
-0.0009253430230118,1.3850657576397716e-07
-0.0009253430230118,1.3850657576397716e-07
-0.00013742789694524613,2.70312502367462
-0.0009253430230118,1.3850657579303765e-07
-0.0009253430230118,1.3850657576397716e-07
-0.0009253430230118,1.3850657576397716e-07
-9.607241013956153e-05,2.845004576210641
-0.0009253430230118,1.3850657576397716e-07
-0.0009253430230118,1.3850657576397716e-07
-0.0009253430230118,1.3850657576397722e-07
-0.0009253428242643254,8.203159006606076e-07
-0.0009253430230118,1.3850657576397716e-07
-0.0009253430230118,1.3850657576397716e-07
-0.0009253430230118,1.3850657576397716e-07
-0.0009253430230118,1.3850657576397716e-07
-0.0001314160951265185,2.72374989882079
-0.0009253430230118,1.3850657576893786e-07
-0.0009253430230118,1.3850657576397716e-07
-0.0009253430230118,1.3850657576397716e-07
0.032303724952604244,113.9999952956514
-0.0009253430230118,1.3850657576397716e-07
-0.0009253430230118,1.3850657576397716e-07
-0.0009253430230118,1.3850657576397722e-07
-0.0009253428905142696,5.930324453785729e-07
-0.0009253430230118,1.3850657576397716e-07
1.2261082199634499,-0.00035752099697627704
-0.0009253430230118,1.3850657576397716e-07
-0.0009253430230118,1.3850657576397716e-07
-71.68012257330976,2.7655808459971367
-0.0009253430230118,1.385065757654274e-07
-0.0009253430230118,1.3850657576397716e-07
-0.0009253430230118,1.3850657576397716e-07
-0.0009253430230118,1.3850657576397716e-07
-0.0009253430230118,1.3850657576397716e-07
-0.0009253430230118,1.3850657576397716e-07
-0.0009253430230118,1.3850657576397722e-07
-0.0009253428666167332,6.750291304462969e-07
-0.0009253430230118,1.3850657576397716e-07
-0.0009253430230118,1.3850657576397716e-07
-0.0009253430230118,1.3850657576397716e-07
-0.0009253430230118,1.3850657576397716e-07
-0.00012153300621990171,2.757656118770184
-0.0009253430230118,1.3850657576428381e-07
-0.0009253430230117994,1.38506575763977e-07
-0.0009253430230118,1.3850657576397716e-07
-0.0009253430230118,1.3850657576397716e-07
-0.0009253430230118,1.3850657576397716e-07
-0.0009253430230118,1.3850657576397716e-07
-0.0009253430230118,1.3850657576397722e-07
-0.0009253430229891491,1.3850657575782892e-07
-0.0009253430230118,1.3850657576397716e-07
-0.0009253430230118,1.3850657576397716e-07
-0.0009253430230118,1.3850657576397716e-07
-0.0009253430230118,1.3850657576397716e-07
2.7200829065229695e+23,-7.92858102104035e+19
-0.0009253430230118,1.3850657576407965e-07
-0.0009253430230117993,1.3850657576397698e-07
-0.0009253430230118,1.3850657576397716e-07
-0.0009253430230118,1.3850657576397716e-07
-0.0009253430230118,1.3850657576397716e-07
-0.0009253430230118,1.3850657576397716e-07
-0.0009253430230118,1.3850657576397722e-07
-0.0009253428676777919,6.713037834554397e-07
-0.0009253430230118,1.3850657576397716e-07
40.514221098687244,-0.011809340549084111
-0.0009253430230118,1.3850657576397716e-07
-0.0009253430230118,1.3850657576397716e-07
-0.0001154756156974264,2.7784373964976
-0.0009253430230118,1.385065757640174e-07
-0.0009253430230118,1.3850657576397716e-07
-0.0009253430230118,1.3850657576397716e-07
7.725231473293448,26506.366061616594
-0.0009253430230118,1.3850657576397716e-07
-0.0009253430230118,1.3850657576397716e-07
-0.0009253430230118,1.3850657576397724e-07
-0.0009253428589766926,7.011061614163712e-07
-0.0009253430230118,1.3850657576397716e-07
332.1204899914242,-0.09680762952089932
-0.0009253430230118,1.3850657576397716e-07
-0.0009253430230118,1.3850657576397716e-07
89128.95703872638,-23.190831639599114
-0.0009253430230118,1.3850657576398068e-07
-0.0009253430230118,1.3850657576397716e-07
-0.0009253430230118,1.3850657576397716e-07
16.346816256397318,56084.704648843646
-0.0009253430230118,1.3850657576397716e-07
-0.0009253430230118,1.3850657576397716e-07
-0.0009253430230118,1.3850657576397716e-07
-0.0009253428122816806,8.612935237575403e-07
-0.0009253430230118,1.3850657576397716e-07
-0.0009253430230118,1.3850657576397716e-07
-0.0009253430230118,1.3850657576397716e-07
-0.0009253430230118,1.3850657576397716e-07
-0.00010946374438372346,2.7990625100623387
-0.0009253430230118,1.3850657576397724e-07
-0.0009253430230118,1.3850657576397716e-07
-0.0009253430230118,1.3850657576397716e-07
-0.0009253430230118,1.3850657576397716e-07
-0.0009253430230118,1.3850657576397716e-07
-0.0009253430230118,1.3850657576397716e-07
-0.0009253430230118,1.385065757639772e-07
-0.0009253428351049,7.82981770004282e-07
-0.0009253430230118,1.3850657576397716e-07
-0.0009253430230118,1.3850657576397716e-07
-0.0009253430230118,1.3850657576397716e-07
-0.0009253430230118,1.3850657576397716e-07
-107374179.4387238,31300.564278006543
-0.0009253430230118,1.385065757639779e-07
-0.0009253430230118,1.3850657576397716e-07
-0.0009253430230118,1.3850657576397716e-07
-0.0009253430230118,1.3850657576397716e-07
-0.0009253430230118,1.3850657576397716e-07
-0.0009253430230118,1.3850657576397716e-07
-0.0009253430230118,1.3850657576397716e-07
-0.0009253427785834772,9.768427743409257e-07
-0.0009253430230118,1.3850657576397716e-07
-0.0009253430230118,1.3850657576397716e-07
-0.0009253430230118,1.3850657576397716e-07
-0.0009253430230118,1.3850657576397716e-07
-3.218643847351014e+26,9.381801731262799e+22
-0.0009253430230118,1.3850657576397793e-07
-0.0009253430230118,1.3850657576397716e-07
-0.0009253430230118,1.3850657576397716e-07
-0.0009253430230118,1.3850657576397716e-07
-0.0009253430230118,1.3850657576397716e-07
-0.0009253430230118,1.3850657576397716e-07
-0.0009253430230118,1.3850657576397716e-07
-0.0009253425450952697,1.7779252757316682e-06
-0.0009253430230118,1.3850657576397716e-07
-0.0009253430230118,1.3850657576397716e-07
-0.0009253430230118,1.3850657576397716e-07
-0.0009253430230118,1.3850657576397716e-07
-0.0001004005214598362,2.8301561061535647
-0.0009253430230118,1.385065757639778e-07
-0.0009253430230118,1.3850657576397716e-07
-0.0009253430230118,1.3850657576397716e-07
-0.0009253430230118,1.3850657576397716e-07
-0.0009253430230118,1.3850657576397716e-07
-0.0009253430230118,1.3850657576397716e-07
-0.0009253430230118,1.3850657576397716e-07
-0.0009253425255913929,1.8449804982675183e-06
-0.0009253430230118,1.3850657576397716e-07
-0.0009253430230118,1.3850657576397716e-07
-0.0009253430230118,1.3850657576397716e-07
-0.0009253430230118,1.3850657576397716e-07
4.056481657736739e+29,-1.182395705903026e+26
-0.0009253430230118,1.3850657576397753e-07
-0.0009253430230118,1.3850657576397716e-07
-0.0009253430230118,1.3850657576397716e-07
-0.0009253430230118,1.3850657576397716e-07
-0.0009253430230118,1.3850657576397716e-07
-0.0009253430230118,1.3850657576397716e-07
-0.0009253430230118,1.3850657576397716e-07
-0.0009253425017146202,1.9269369950424526e-06
-0.0009253430230118,1.3850657576397716e-07
-0.0009253430230118,1.3850657576397716e-07
-0.0009253430230118,1.3850657576397716e-07
-0.0009253430230118,1.3850657576397716e-07
-9.434309717694324e-05,2.8509373838809715
-0.0009253430230118,1.385065757639774e-07
-0.0009253430230118,1.3850657576397716e-07
-0.0009253430230118,1.3850657576397716e-07
-0.0009253430230118,1.3850657576397716e-07
-0.0009253430230118,1.3850657576397716e-07
-0.0009253430230118,1.3850657576397716e-07
-0.0009253430230118,1.3850657576397716e-07
-0.0009253424451642601,2.120943916433076e-06
-0.0009253430230118,1.3850657576397716e-07
-0.0009253430230118,1.3850657576397716e-07
-0.0009253430230118,1.3850657576397716e-07
-0.0009253430230118,1.3850657576397716e-07
126443834116.51567,-36856233.43212406
-0.0009253430230118,1.385065757639779e-07
-0.0009253430230118,1.3850657576397716e-07
-0.0009253430230118,1.3850657576397716e-07
-0.0009253430230118,1.3850657576397716e-07
-0.0009253430230118,1.3850657576397716e-07
-0.0009253430230118,1.3850657576397716e-07
-0.0009253430230118,1.3850657576397716e-07
-0.0009253425125731106,1.88968443470088e-06
-0.0009253430230118,1.3850657576397716e-07
-0.0009253430230118,1.3850657576397716e-07
-0.0009253430230118,1.3850657576397716e-07
-0.0009253430230118,1.3850657576397716e-07
-8.833122586324042e-05,2.87156249744571
-0.0009253430230118,1.3850657576397793e-07
-0.0009253430230118,1.3850657576397716e-07
-0.0009253430230118,1.3850657576397716e-07
-0.0009253430230118,1.3850657576397716e-07
-0.0009253430230118,1.3850657576397716e-07
-0.0009253430230118,1.3850657576397716e-07
-0.0009253430230118,1.3850657576397716e-07
-0.0009253426450477083,1.4351997197166032e-06
-0.0009253430230118,1.3850657576397716e-07
-0.0009253430230118,1.3850657576397716e-07
-0.0009253430230118,1.3850657576397716e-07
-0.0009253430230118,1.3850657576397716e-07
-8.523804774877993e-05,2.8820312183785948
-0.0009253430230118,1.3850657576397923e-07
-0.0009253430230118,1.3850657576397716e-07
-0.0009253430230118,1.3850657576397716e-07
-0.0009253430230118,1.3850657576397716e-07
-0.0009253430230118,1.3850657576397716e-07
-0.0009253430230118,1.3850657576397716e-07
-0.0009253430230118,1.3850657576397716e-07
-0.0009253427558477118,1.055074037835149e-06
-0.0009253430230118,1.3850657576397716e-07
-0.0009253430230118,1.3850657576397716e-07
-0.0009253430230118,1.3850657576397716e-07
-0.0009253430230118,1.3850657576397716e-07
-4.932681744164906e+32,1.4377931924733352e+29
-0.0009253430230118,1.3850657576412118e-07
-0.0009253430230118,1.3850657576397716e-07
-0.0009253430230118,1.3850657576397716e-07
-0.0009253430230118,1.3850657576397716e-07
-0.0009253430230118,1.3850657576397716e-07
-0.0009253430230118,1.3850657576397716e-07
-0.0009253430230118,1.3850657576397716e-07
-0.0009253427427750171,1.0999236070979583e-06
-0.0009253430230118,1.3850657576397716e-07
-0.0009253430230118,1.3850657576397716e-07
-0.0009253430230118,1.3850657576397716e-07
-0.0009253430230118,1.3850657576397716e-07
-0.00012931679474122105,2.9026561081253117
-0.0009253430230118,1.3850657576402206e-07
-0.0009253430230118,1.3850657576397716e-07
-0.0009253430230118,1.3850657576397716e-07
-0.0009253430230118,1.3850657576397716e-07
-0.0009253430230118,1.3850657576397716e-07
-0.0009253430230118,1.3850657576397716e-07
-0.0009253430230118,1.3850657576397716e-07
-0.0009253428340296713,7.868534319573724e-07
-0.0009253430230118,1.3850657576397716e-07
-0.0009253430230118,1.3850657576397716e-07
-0.0009253430230118,1.3850657576397716e-07
-0.0009253430230118,1.3850657576397716e-07
5.8486029013067675e+35,-1.704768698472419e+32
-0.0009253430230118,1.3850657576398042e-07
-0.0009253430230118,1.3850657576397716e-07
-0.0009253430230118,1.3850657576397716e-07
-0.0009253430230118,1.3850657576397716e-07
-0.0009253430230118,1.3850657576397716e-07
-0.0009253430230118,1.3850657576397716e-07
-0.0009253430230118,1.3850657576397716e-07
-0.0009253429165763116,5.036581101378289e-07
-0.0009253430230118,1.3850657576397716e-07
-0.0009253430230118,1.3850657576397716e-07
-0.0009253430230118,1.3850657576397716e-07
-0.0009253430230118,1.3850657576397716e-07
-7.321057865646008e-05,2.9234373712643427
-0.0009253430230118,1.3850657576397867e-07
-0.0009253430230118,1.3850657576397716e-07
-0.0009253430230118,1.3850657576397716e-07
-0.0009253430230118,1.3850657576397716e-07
-0.0009253430230118,1.3850657576397716e-07
-0.0009253430230118,1.3850657576397716e-07
-0.0009253430230118,1.3850657576397716e-07
-0.0009253429562208101,3.6764849812520083e-07
-0.0009253430230118,1.3850657576397716e-07
-0.0009253430230118,1.3850657576397716e-07
-0.0009253430230118,1.3850657576397716e-07
-0.0009253430230118,1.3850657576397716e-07
-0.00012020794935316845,2.9339061067977745
-0.0009253430230118,1.3850657576397883e-07
-0.0009253430230118,1.3850657576397716e-07
-0.0009253430230118,1.3850657576397716e-07
-0.0009253430230118,1.3850657576397716e-07
-0.0009253430230118,1.3850657576397716e-07
-0.0009253430230118,1.3850657576397716e-07
-0.0009253430230118,1.3850657576397716e-07
-0.0009253429954527888,2.3305413086268372e-07
-0.0009253430230118,1.3850657576397716e-07
-0.0009253430230118,1.3850657576397716e-07
-0.0009253430230118,1.3850657576397716e-07
-0.0009253430230118,1.3850657576397716e-07
-6.719870734275726e-05,2.944062484829081
-0.0009253430230118,1.38506575763978e-07
-0.0009253430230118,1.3850657576397716e-07
-0.0009253430230118,1.3850657576397716e-07
-0.0009253430230118,1.3850657576397716e-07
-0.0009253430230118,1.3850657576397716e-07
-0.0009253430230118,1.3850657576397716e-07
-0.0009253430230118,1.3850657576397716e-07
-0.0009253430002034198,2.167559936047044e-07
-0.0009253430230118,1.3850657576397716e-07
766205.0915253547,-223.33580847456705
-0.0009253430230118,1.3850657576397716e-07
-0.0009253430230118,1.3850657576397716e-07
0.05868585010274157,2.954514081144842
-0.0009253430230118,1.3850657576397939e-07
-0.0009253430230118,1.3850657576397716e-07
-0.0009253430230118,1.3850657576397716e-07
-0.0009231095626879075,0.007662540181346076
-0.0009253430230118,1.3850657576397716e-07
-0.0009253430230118,1.3850657576397716e-07
-0.0009253430230118,1.3850657576397716e-07
-0.0009253430100376125,1.8252073150386758e-07
-0.0009253430230118,1.3850657576397716e-07
66591.75405826015,-19.410368694540125
-0.0009253430230118,1.3850657576397716e-07
-0.0009253430230118,1.3850657576397716e-07
-6.114131682030525e-05,2.964843762556497
-0.0009253430230118,1.3850657576397737e-07
9.440091171190076,32389.58846794032
13.658736774887961,46862.62691560846
-0.0009249269835721489,0.001427457928841742
-0.0009253430230118,1.3850657576397716e-07
-0.0009253430230118,1.3850657576397716e-07
-0.0009253430230118,1.3850657576397716e-07
-0.0009253430162002115,1.6156139503300305e-07
-0.0009253430230118,1.3850657576397716e-07
-0.0009253430230118,1.3850657576397716e-07
-0.0009253430230118,1.3850657576397716e-07
-0.0009253430230118,1.3850657576397716e-07
-5.808986195470465e-05,2.9753124835015443
-0.0009253430230118,1.385065757639801e-07
-0.0009253430230118,1.3850657576397716e-07
-0.0009253430230118,1.3850657576397716e-07
-0.00035278293917809407,0.00025952660007024067
-0.0009253430230118,1.3850657576397716e-07
-0.0009253430230118,1.3850657576397716e-07
-0.0009253430230118,1.3850657576397716e-07
-0.0009253430228465654,1.3850657571581407e-07
-0.0009253430230118,1.3850657576397716e-07
779.9990415216521,-0.22735664237921827
-0.0009253430230118,1.3850657576397716e-07
-0.0009253430230118,1.3850657576397716e-07
-2.3021534781582452e+20,6.710387514540767e+16
-0.0009253430230118,1.3850657576398447e-07
0.06729440715530671,234.04361507398556
0.07108769419498594,247.05736269009142
-0.0008094216427644705,5.162256681383793e-05
-0.0009253430230118,1.3850657576397716e-07
-0.0009253430230118,1.3850657576397716e-07
-0.0009253430230118,1.3850657576397716e-07
-0.0009253430230117592,1.385065757905325e-07
135.08661491823983,141.0100078416062
208.05915492966582,-0.060645851353889633
-0.0009253430230118,1.3850657576397716e-07
-0.0009253430230118,1.3850657576397716e-07
-5.2078060136000236e-05,2.995937358647714
-0.0009253430230118,1.385065757639788e-07
0.0568010350589837,198.0436776384619
220.05201330691372,-0.06414156646940497
-0.000901608412318656,1.1163312977945093e-05
-0.0009253430230118,1.3850657576397716e-07
-0.0009253430230118,1.3850657576397716e-07
-0.0009253430230118,1.3850657576397716e-07
-0.0009253430191828128,1.5143097008458373e-07
11.626980962326126,-0.003389199260517332
14.127758100658014,-0.004118133445180662
-0.0009253430230118,1.3850657576397716e-07
-0.0009253430230118,1.3850657576397716e-07
-4.9941271870076e-05,3.003124963234389
-0.0009253430230118,1.385065757640155e-07
0.0005506884140404658,5.063867015520065
0.0005963596777953756,5.220552838026464
-0.0009204524874853316,2.760902225597726e-06
-0.0009253430230118,1.3850657576397716e-07
-0.0009253430230118,1.3850657576397716e-07
-0.0009253430230118,1.3850657576397716e-07
-0.0009253430209752551,1.4534712403298252e-07
1.7187258259839213,1.8436353249619832
2.2968624641036133,-0.0006696277257061064
-0.0009253430230118,1.3850657576397716e-07
-0.0009253430230118,1.3850657576397716e-07
-71.68004571742681,3.029252709796043
-0.0009253430230118,1.3850657576399167e-07
-0.0006952947621975407,0.7892338491234302
-0.000672572563493339,0.8671876016674225
-0.0009253428350698167,7.832849728031398e-07
-0.0009253430230118,1.3850657576397716e-07
-0.0009253430230118,1.3850657576397716e-07
-0.0009253430230118,1.3850657576397716e-07
-0.0009253430214881006,1.4371731093992247e-07
0.2863686086848794,0.32032544051860323
0.3995786627997876,-0.0001166016285062351
-0.0009253430230118,1.3850657576397716e-07
-0.0009253430230118,1.3850657576397716e-07
-4.6954334605220686e-05,3.0135154829009743
-0.0009253430230118,1.3850657576401655e-07
-0.0008843407444175165,0.1406679286657897
-0.000887752982446814,0.12896145771991824
-0.0009253429738545737,3.071517979367445e-07
-0.0009253430230118,1.3850657576397716e-07
-0.0009253430230118,1.3850657576397716e-07
-0.0009253430230118,1.3850657576397716e-07
-0.0009253430221929969,1.4131566882493288e-07
0.054279202527760424,0.05956643973872602
0.0733214403576829,-2.150317339559976e-05
-0.0009253430230118,1.3850657576397716e-07
-0.0009253430230118,1.3850657576397716e-07
-4.53868491760497e-05,3.0187499625706202
-0.0009253430230118,1.3850657576413643e-07
-0.0009177270382767188,0.026128533788479093
-0.0009174063922617005,0.027228584027206217
-0.0009253430093706964,1.8530553315032967e-07
-0.0009253430230118,1.3850657576397716e-07
-0.0009253430230118,1.3850657576397716e-07
-0.0009253430230118,1.3850657576397716e-07
-0.0009253430224709735,1.4017305707445167e-07
-0.0009194347453601366,0.0202698500787133
0.027035678941045322,-8.011657801265965e-06
-0.0009253430230118,1.3850657576397716e-07
-0.0009253430230118,1.3850657576397716e-07
-4.392560459648377e-05,3.0239062409739668
-0.0009253430230118,1.3850657576435838e-07
0.0033563584632944885,0.027348006042956622
0.02837811890803517,-8.402956317154486e-06
-0.0009253430190911429,1.5195729572995256e-07
-0.0009253430230118,1.3850657576397716e-07
-0.0009253430230118,1.3850657576397716e-07
-0.0009253430230118,1.3850657576397716e-07
-0.0009253430227014621,1.394600133761766e-07
0.001333670822534121,-5.199577033619032e-07
0.0021730422538858126,-7.646202606780509e-07
-0.0009253430230118,1.3850657576397716e-07
-0.0009253430230118,1.3850657576397716e-07
-4.932681744164906e+32,1.4377931924733352e+29
-0.0009253430230118,1.3850657576397716e-07
0.00011289928885379024,0.0011216928948950553
0.000394918123365938,0.0012895321166384545
-0.0009253430227667588,1.3934724626145096e-07
-0.0009253430230118,1.3850657576397716e-07
-0.0009253430230118,1.3850657576397716e-07
-0.0009253430230118,1.3850657576397716e-07
-0.0009253430227770235,1.392343153172702e-07
-0.0009253430230118,1.3850657576397716e-07
-0.00022680040529258387,0.0008241357325909964
-0.0009253430230118,1.3850657576397716e-07
-0.0009253430230118,1.3850657576397716e-07
-151996487006560.72,44304401874.57501
-0.0009253430230118,1.3850657576397716e-07
-0.0006162713630596083,0.00027860514867683887
-0.0006161710398792192,0.0002767158441999733
-0.0009253430229343468,1.3877229644813608e-07
-0.0009253430230118,1.3850657576397716e-07
-0.0009253430230118,1.3850657576397716e-07
-0.0009253430230118,1.3850657576397716e-07
-0.0009253430227387725,1.3937241467726397e-07
-0.0009253430230118,1.3850657576397716e-07
-0.0007535686809035444,0.00020709249608356656
-0.0009253430230118,1.3850657576397716e-07
-0.0003950539669421295,-1.606370352923189e-08
2.7200829065229695e+23,-7.92858102104035e+19
-0.0009253430230118,1.385065757643279e-07
-0.0008537975889563794,1.176522933730404e-07
-0.0008294433111858739,0.00010503999482089855
-0.0009253430228839774,1.3894510043413202e-07
-0.0009253430230118,1.3850657576397764e-07
-0.0009253430230118,1.3850657576397716e-07
-0.0009253430230118,1.3850657576397716e-07
-0.0009253430228279003,1.3907424431329907e-07
-0.0008113566753372715,1.0528148579842093e-07
-0.000925287966504208,0.00018902257649467454
-0.0009253430230118,1.3850657576397716e-07
-0.0009253430230118,1.3850657576397716e-07
-4.932681744164906e+32,1.4377931924733352e+29
-0.0009253430230118,1.3850657576399908e-07
-0.0009050449508626078,9.456733522916241e-05
-0.0008347194541018009,1.120913401549557e-07
-0.0009253430227890274,1.392708484877029e-07
-0.0009253430230118,1.3850657576397716e-07
-0.0009253430230118,1.3850657576397716e-07
-0.0009253430230118,1.3850657576397716e-07
-0.000925343022861918,1.3897601900227275e-07
-0.0009160419130396897,1.3579545972326246e-07
-0.0009126397763851372,1.4562661829977761e-05
-0.0009253430230118,1.3850657576397716e-07
-0.0009253430230118,1.3850657576397716e-07
-3.6388040570183326e-05,3.0497655958019445
-0.0009253430230118,1.3850657576419318e-07
-0.0009199177581979485,1.369252029486829e-07
-0.0009253430230118,1.3850657576397716e-07
-0.0009253430226298793,1.3981684260329818e-07
-0.0009253430230118,1.3850657576397716e-07
-0.0009253430230118,1.3850657576397716e-07
-0.0009253430230118,1.3850657576397716e-07
-0.0009253430228640976,1.389432053053094e-07
-0.0009253422194761493,2.895221279517279e-06
-0.0009218255369407102,1.374812881435838e-07
-0.0009253430230118,1.3850657576397716e-07
-0.0009253430230118,1.3850657576397716e-07
-8.491117347446441e-05,3.0549998516535686
-0.0009253430230118,1.3850657576398987e-07
-0.0009236957038540007,1.6135703270224596e-06
-0.0009253430230118,1.3850657576397716e-07
-0.0009253430223327917,1.408360704842817e-07
-0.0009253430230118,1.3850657576397716e-07
-0.0009253430229722637,1.3850657575245301e-07
-0.0009253430230118,1.3850657576397716e-07
-0.0009253430228979715,1.388467990114776e-07
-0.0009245714706748667,9.692054553266406e-07
-0.0009253430230118,1.3850657576397716e-07
-0.0009253430230118,1.3850657576397716e-07
-0.0009253430230118,1.3850657576397716e-07
-3.335938008372974e-05,3.060156115456368
-0.0009253430230118,1.3850657576400533e-07
-0.0009247058428742372,1.383208485446505e-07
-0.0009253430230118,1.3850657576397716e-07
-0.0009253430218743476,1.4240886875348103e-07
-0.0009253430230118,1.3850657576397716e-07
-0.0009253430230118,1.3850657576397716e-07
-0.0009253430230118,1.3850657576397716e-07
-0.0009253430228925342,1.388067814078482e-07
-0.0009253430230118,1.3850657576397716e-07
-0.0009253426819232051,1.3086898078821442e-06
-0.0009253430230118,1.3850657576397716e-07
1.5502196529090735e+22,-4.5186277554348687e+18
-3.183361787615702e-05,3.065390595138176
-0.0009253430230118,1.3850657576398812e-07
-0.0009252615128708507,1.38482816938281e-07
-0.0009253430230118,1.3850657576397716e-07
-0.0009253430209072551,1.4572670306415708e-07
-0.0009253430230118,1.3850657576397716e-07
-0.0009253430230118,1.3850657576397716e-07
-0.0009253430230118,1.3850657576397716e-07
-0.0009253430228894841,1.3884316091901968e-07
-0.0009253430230118,1.3850657576397716e-07
-0.0009253423538631949,2.434175470033135e-06
-0.0009253430230118,1.3850657576397716e-07
9.874405708225472e+26,3.3876430231008227e+30
-3.0330650075016132e-05,3.0705468735293606
-0.0009253430230118,1.3850657576477012e-07
-0.0009252914585410854,2.0762994656629477e-06
-0.0009253430230118,1.3850657576397716e-07
-0.000925343018989341,1.523065505623808e-07
-0.0009253430230118,1.3850657576397716e-07
-0.0009253430230118,1.3850657576397716e-07
-0.0009253430230118,1.3850657576397716e-07
-0.0009253430228920496,1.3887226477921616e-07
-0.0009226005041554962,1.3770717796246933e-07
-0.0009253430230118,1.3850657576397716e-07
-0.0009253430230118,1.3850657576397716e-07
-0.00010890762097677954,-9.947051743259923e-08
-3.218643847351014e+26,9.381801731262799e+22
-0.0009253430230118,1.385065757674476e-07
-0.00092525712350845,4.014098741893445e-06
-0.0009253430230118,1.3850657576397716e-07
-0.0009253430230118,1.3850657576397716e-07
-0.0009253430230118,1.3850657576397716e-07
-0.0009253430230118,1.3850657576397716e-07
-0.0009253430230118,1.3850657576397716e-07
-0.0009253430228934181,1.388668078389282e-07
-0.0009253430230118,1.3850657576397716e-07
-0.0009253430230118,1.3850657576397716e-07
-0.0009253430230118,1.3850657576397716e-07
-0.0009253430230118,1.3850657576397716e-07
-107374179.43864466,31300.835762370007
-0.0009253430230118,1.3850657576735222e-07
-0.0009251859860583121,8.366545122297524e-06
-0.0009253430230118,1.3850657576397716e-07
-0.0009253430230118,1.3850657576397716e-07
-0.0009253430230118,1.3850657576397716e-07
2.3630141127845755e+35,-6.887785957606465e+31
-0.0009253430230118,1.3850657576397716e-07
-0.000925343022873002,1.3892865355859184e-07
-0.0009251818610406612,1.384595997787004e-07
-0.0009253430230118,1.3850657576397716e-07
-0.0009253430230118,1.3850657576397716e-07
-0.0009253430230118,1.3850657576397716e-07
1.902320477379889e+17,-55449420297889.74
-0.0009253430230118,1.3850657576580726e-07
-0.0009102557552614961,1.659029754189702e-05
-0.0009253430230118,1.3850657576397716e-07
-0.0009253430230118,1.3850657576397716e-07
-0.0009253430230118,1.3850657576397716e-07
-0.0009253430230117994,1.3850657763764276e-07
-0.0009253430230118,1.385065757639772e-07
-0.0009253430228581166,1.3889591196564284e-07
-0.0009253358286541398,2.4820412761727893e-05
-0.0009253430230118,1.3850657576397716e-07
-0.0009253430230118,1.3850657576397716e-07
-0.0009253430230118,1.3850657576397716e-07
0.0587257013013143,3.091232825336867
-0.0009253430230118,1.3850657576569857e-07
-0.0009253429943662256,2.3678183684808983e-07
-0.0009253430230118,1.3850657576397716e-07
-0.0009253430230118,1.3850657576397716e-07
-0.0009253430230118,1.3850657576397716e-07
-0.0009253430230118,1.3850657576400575e-07
-0.0009253430230118,1.385065757639772e-07
-0.0009253430226070061,1.389504815213618e-07
-0.000925127845427864,1.384438551423352e-07
-0.0009253430230118,1.3850657576397716e-07
-0.0009253430230118,1.3850657576397716e-07
4.251157255919985e+27,1.4584577182326297e+31
-107374179.4386401,31300.851387369345
-0.0009253430230118,1.3850657576477012e-07
-0.0009225259569241813,5.512757092193367e-07
-0.0009253430230118,1.3850657576397716e-07
-0.0009253430230118,1.3850657576397716e-07
-0.0009253430230118,1.3850657576397716e-07
-0.0009253406767783121,8.187802645447758e-06
-0.0009253430230118,1.385065757639772e-07
-0.0009253430226481452,1.3913245303451276e-07
-0.0009252307365735902,2.800778003071288e-07
-0.0009253430230118,1.3850657576397716e-07
-0.0009253430230118,1.3850657576397716e-07
-0.0009253430230118,1.3850657576397716e-07
-2.1267427151128865e-05,3.1016404696205866
-0.0009253430230118,1.385065757649803e-07
-0.0009253430127640058,1.7366400146218227e-07
-0.0009253414292249874,1.385061112021124e-07
-0.0009253430230118,1.3850657576397716e-07
-0.0009253430230118,1.3850657576397716e-07
40.298810994305796,138257.55662679332
-0.0009253430230118,1.385065757639772e-07
-0.0009253430225020314,1.393289041889184e-07
-0.0009252968966456802,1.918220475925111e-07
-0.0009253430230118,1.3850657576397716e-07
-0.0009253430230118,1.3850657576397716e-07
-0.0009253430230117971,1.3850658525668602e-07
0.05873025572400833,3.106857824673099
-0.0009253430230118,1.38506575765231e-07
-0.000924389033709693,1.3822850403841238e-07
-0.0009253430230118,1.3850657576397716e-07
-0.0009253430230118,1.3850657576397716e-07
-0.0009253430230118,1.3850657576397716e-07
-0.0009253430230118,1.3850657576397716e-07
-0.0009253430230118,1.385065757639772e-07
-0.0009253430224625038,1.3975105573128066e-07
-0.0009253430230118,1.3850657576397716e-07
-0.0009253430230118,1.3850657576397716e-07
-0.0009253430230118,1.3850657576397716e-07
-0.0009253430108631177,1.801854370209374e-07
4.056481657736739e+29,-1.182395705903026e+26
-0.0009253430230118,1.385065757650616e-07
-0.0009227495912491616,1.3775063432545306e-07
-0.0009253430230118,1.3850657576397716e-07
-0.0009253430230118,1.3850657576397716e-07
-0.0009253430230118,1.3850657576397716e-07
734744446483.1824,-214165563.10586736
-0.0009253430230118,1.385065757639772e-07
-0.0009253430223711867,1.3976560806459906e-07
-0.0009253043628379369,1.3849530697801386e-07
-0.0009253430230118,1.3850657576397716e-07
-0.0009253430230118,1.3850657576397716e-07
-0.0009253430230118,1.3850657576397716e-07
-1.6735695553548604e-05,3.117187506084754
-0.0009253430230118,1.3850657576446857e-07
-0.0009253422714109475,2.717046954909186e-06
-0.0009253430230118,1.3850657576397716e-07
-0.0009253430230118,1.3850657576397716e-07
-0.0009253430230118,1.3850657576397716e-07
-0.0009253430230118,1.3850657576397716e-07
-0.0009253430230118,1.3850657576397722e-07
-0.0009253430222941081,1.4023126890513229e-07
-0.0009253367644073202,1.3850475148676205e-07
-0.0009253430230118,1.3850657576397716e-07
-0.0009253430230118,1.3850657576397716e-07
-0.0009253430230118,1.3850657576397716e-07
-1.5210002868235907e-05,3.122421747347993
-0.0009253430230118,1.3850657576430417e-07
-0.0009253429095164885,5.278784646079023e-07
-0.0009253430230118,1.3850657576397716e-07
-0.0009253430230118,1.3850657576397716e-07
-0.0009253430230118,1.3850657576397716e-07
-0.0009253430230118,1.3850657576397716e-07
-0.0009253430230118,1.3850657576397722e-07
-0.0009253430218053499,1.4181044362068604e-07
-0.0009253171720381663,1.4423381443150416e-07
-0.0009253430230118,1.3850657576397716e-07
-0.0009253430230118,1.3850657576397716e-07
-0.0009253430230118,1.3850657576397716e-07
4.056481657736739e+29,-1.182395705903026e+26
-0.0009253430230118,1.3850657576431772e-07
-0.0009253430164612839,1.609796346667701e-07
-0.0009187941775980444,0.022467465787644032
-0.0009253430230118,1.3850657576397716e-07
-0.0009253430230118,1.3850657576397716e-07
-0.0009253430230118,1.3850657576397716e-07
-0.0009253430230118,1.3850657576397722e-07
-0.0009253430208272517,1.4453223757462903e-07
-0.0009253338699190746,1.794925549004276e-07
-0.0009253430230118,1.3850657576397716e-07
-0.0009253430230118,1.3850657576397716e-07
-0.0009253430230118,1.3850657576397716e-07
-1.2226861563269893e-05,3.1326561028397393
-0.0009253430230118,1.3850657577530906e-07
-0.000925342904630297,5.446416733829618e-07
-0.0009074773883507103,0.06129232600753383
-0.0009253430230118,1.3850657576397716e-07
-0.0009253430230118,1.3850657576397716e-07
0.03901138440558388,137.01217083173873
-0.0009253430230118,1.3850657576397724e-07
-0.0009253430198036688,1.4764751921890812e-07
-0.0009253430180221021,1.5562488713793186e-07
-0.0009253430230118,1.3850657576397716e-07
-0.0009253430230118,1.3850657576397716e-07
-0.000922012528718534,0.011426168679369915
-2.3021534781582452e+20,6.710387514540767e+16
-0.0009253430230118,1.3850657577270698e-07
-0.0009253429744081943,3.052524746521791e-07
-0.0009253430230118,1.3850657576397716e-07
-0.0009253430230118,1.3850657576397716e-07
-0.0009253430230118,1.3850657576397716e-07
2.9734410545165353e+18,-866707711573310.0
-0.0009253430230118,1.3850657576397727e-07
-0.0009253430224396773,1.385065755972131e-07
-0.0009253430230118,1.3850657576397716e-07
-0.0009253430230118,1.3850657576397716e-07
-0.0009253430230118,1.3850657576397716e-07
-0.0009253430230118,1.3850657576397716e-07
-71.68000643553107,3.1640183290710393
-0.0009253430230118,1.3850657577536327e-07
-0.0009253430230118,1.3850657576397716e-07
-0.0009253430230118,1.3850657576397716e-07
-0.0009253430230118,1.3850657576397716e-07
-0.0009253430230118,1.3850657576397716e-07
-0.0009253430230118,1.3850657576397716e-07
-0.0009253430230118,1.3850657576397727e-07
-0.0009253430218320264,1.3850657542009317e-07
-0.0009253430230118,1.3850657576397716e-07
-0.0009253430230118,1.3850657576397716e-07
-0.0009253430230118,1.3850657576397716e-07
-0.0009253430230118,1.3850657576397716e-07
-7.67243886924359e-06,3.1482811021759707
-0.0009253430230118,1.3850657576929073e-07
0.0001405807052379497,3.65689776643664
-0.0009253430230118,1.3850657576397716e-07
-0.0009253430230118,1.3850657576397716e-07
-0.0009253430230118,1.3850657576397716e-07
-0.0009247513577914628,0.0020299827472440254
-0.0009253430230118,1.3850657576397724e-07
-0.0009253430086394539,1.8298668017323783e-07
8.191543823826596,7.905272039051958
-0.0009253430230118,1.3850657576397716e-07
-0.0009253430230118,1.3850657576397716e-07
-0.0009253430230118,1.3850657576397716e-07
-6.169471040794574e-06,3.1534373805671554
-0.0009253430230118,1.385065757674747e-07
0.0011609588166479326,7.157540632633012
-0.0009253430230118,1.3850657576397716e-07
-0.0009253430230118,1.3850657576397716e-07
-0.0009253430230118,1.3850657576397716e-07
-0.0009253430230118,1.3850657576397716e-07
-0.0009253430230118,1.3850657576397724e-07
-0.0009253429962257911,2.246726752023308e-07
6.971283709487438,7.280635327054052
-0.0009253430230118,1.3850657576397716e-07
-0.0009253430230118,1.3850657576397716e-07
-0.0009253430230118,1.3850657576397716e-07
-4.643708860506673e-06,3.158671860248963
-0.0009253430230118,1.3850657576809814e-07
0.002773596248450515,12.69006593700296
-0.0009253430230118,1.3850657576397716e-07
-0.0009253430230118,1.3850657576397716e-07
-0.0009253430230118,1.3850657576397716e-07
-0.0009253430230118,1.3850657576397716e-07
-0.0009253430230118,1.3850657576397727e-07
-0.0009253429426648172,4.049391427727521e-07
24.01137691923593,23.873630559343155
-0.0009253430230118,1.3850657576397716e-07
-0.0009253430230118,1.3850657576397716e-07
-0.0009253430230118,1.3850657576397716e-07
-4.932681744164906e+32,1.4377931924733352e+29
-0.0009253430230118,1.3850657576964312e-07
0.013433180588854109,49.26023287863706
0.015401584064114716,56.013295793663225
-0.0009253430230118,1.3850657576397716e-07
-0.0009253430230118,1.3850657576397716e-07
11142970.525708035,-3247.9871999432335
-0.0009253430230118,1.3850657576397727e-07
-0.0009253430188895495,1.3850657456241095e-07
90.04624438925529,88.99636259127854
-0.0009253430230118,1.3850657576397716e-07
-0.0009253430230118,1.3850657576397716e-07
-0.0009253430230118,1.3850657576397716e-07
-1.6150483467682704e-06,3.169062379903387
-0.0009253430230118,1.385065757649803e-07
0.05067902366092196,177.040703066826
0.05767824177685228,201.0531379598352
-0.0009253430230118,1.3850657576397716e-07
-0.0009253430230118,1.3850657576397716e-07
7.5567382734768e+20,2.59251366066699e+24
-0.0009253430230118,1.3850657576397727e-07
-0.0009253430173547715,1.3850657411504918e-07
340.1869546966354,351.99121863866964
-0.0009253430230118,1.3850657576397716e-07
-0.0009253430230118,1.3850657576397716e-07
-0.0009253430230118,1.3850657576397716e-07
2.7200829065229695e+23,-7.92858102104035e+19
-0.0009253430230118,1.3850657576592923e-07
0.19849637033827597,684.1622635549498
-0.0009253430230118,1.3850657576397716e-07
-0.0009253430230118,1.3850657576397716e-07
-0.0009253430230118,1.3850657576397716e-07
1.1893253607456191e+22,4.0802554397482e+25
-0.0009253430230118,1.3850657576397727e-07
-0.0009253428514038955,7.272471412549809e-07
-0.0009253430230118,1.3850657576397716e-07
-0.0009253430230118,1.3850657576397716e-07
-0.0009253430230118,1.3850657576397716e-07
-0.0009253430230118,1.3850657576397716e-07
89128.95715258694,-22.80020665619333
-0.0009253430230118,1.3850657576510226e-07
0.7687794932043145,2640.650278585547
1.0300082272941282,3536.8558069199216
-0.0009253430230118,1.3850657576397716e-07
-0.0009253430230118,1.3850657576397716e-07
-0.0009253430230117907,1.385065757639745e-07
-0.0009253430230118,1.3850657576397727e-07
-0.0009253428600754281,6.974437401038481e-07
-0.0009253430230118,1.3850657576397716e-07
-0.0009253430230118,1.3850657576397716e-07
-0.0009253430230118,1.3850657576397716e-07
-0.0009253430230118,1.3850657576397716e-07
-151996487006560.72,44304401874.7254
-0.0009253430230118,1.3850657576676949e-07
15.597638772554806,53514.47819552992
14.255435602751493,48909.74010989466
-0.0009253430230118,1.3850657576397716e-07
-0.0009253430230118,1.3850657576397716e-07
-0.0009253430230118,1.3850657576397716e-07
-0.0009253430230118,1.3850657576397727e-07
-0.0009253428137249188,8.539047889071342e-07
102964.58858404387,105465.4295475939
-0.0009253430230118,1.3850657576397716e-07
-0.0009253430230118,1.3850657576397716e-07
-0.0009253430230118,1.3850657576397716e-07
-4.562927773848742e-05,3.189765470928565
-0.0009253430230118,1.3850657576399045e-07
19.85401435245568,68116.95804394923
26.870202709902497,92187.61327139921
-0.0009253430230118,1.3850657576397716e-07
-0.0009253430230118,1.3850657576397716e-07
1.294217722106035e+22,-3.7724254815824067e+18
-0.0009253430230118,1.3850657576397727e-07
-0.0009253430226635661,1.3850657566247292e-07
-0.0009253430230118,1.3850657576397716e-07
-0.0009253430230118,1.3850657576397716e-07
-0.0009253430230118,1.3850657576397716e-07
-0.0009253430230118,1.3850657576397716e-07
5.922515652247249e-06,3.1949217347313645
-0.0009253430230118,1.3850657576398907e-07
75.52639608344215,259113.9264926712
-0.0009253430230118,1.3850657576397716e-07
-0.0009253430230118,1.3850657576397716e-07
-0.0009253430230118,1.3850657576397716e-07
-0.0009253430230118,1.3850657576397716e-07
-0.0009253430230118,1.385065757639773e-07
-0.0009253430230118,1.3850657576397716e-07
-0.0009253430230118,1.3850657576397716e-07
-0.0009253430230118,1.3850657576397716e-07
-0.0009253430230118,1.3850657576397716e-07
-0.0009253430230118,1.3850657576397716e-07
7.448277859819965e-06,3.2001562144131723
-0.0009253430230118,1.3850657576397716e-07
-0.0009253430230118,1.3850657576397716e-07
-0.0009253430230118,1.3850657576397716e-07
-0.0009253430230118,1.3850657576397716e-07
-0.0009253430230118,1.3850657576397716e-07
10688.30916747987,-3.1154612448846817
-0.0009253430230118,1.385065757639773e-07
-0.0009253430228234727,1.3850657570908297e-07
-0.0009253430230118,1.3850657576397716e-07
-0.0009253430230118,1.3850657576397716e-07
-0.0009253430230118,1.3850657576397716e-07
-0.0009253430230118,1.3850657576397716e-07
8.951245660960856e-06,3.205312492804357
-0.0009253430230118,1.3850657576398375e-07
-0.0009253430230118,1.3850657576397716e-07
-0.0009253430230118,1.3850657576397716e-07
-0.0009253430230118,1.3850657576397716e-07
-0.0009253430230118,1.3850657576397716e-07
-0.0009253430230118,1.3850657576397716e-07
-0.0009253430230118,1.385065757639773e-07
-0.0009253430230031382,1.385065757614524e-07
-0.0009253430230118,1.3850657576397716e-07
-0.0009253430230118,1.3850657576397716e-07
-0.0009253430230118,1.3850657576397716e-07
-0.0009253430230118,1.3850657576397716e-07
-3.218643847351014e+26,9.381801731262799e+22
-0.0009253430230118,1.3850657577937686e-07
-0.0009253430230118,1.3850657576397716e-07
-0.0009253430230118,1.3850657576397716e-07
-0.0009253430230118,1.3850657576397716e-07
-0.0009253430230118,1.3850657576397716e-07
-0.0009253430230118,1.3850657576397716e-07
-0.0009253430230118,1.385065757639773e-07
-0.0009253430229984197,1.3850657576007705e-07
124701.98940880284,427818989.82574135
-0.0009253430230118,1.3850657576397716e-07
-0.0009253430230118,1.3850657576397716e-07
3462720.3130830005,11879662087.337847
5.8486029013067675e+35,-1.704768698472419e+32
-0.0009253430230118,1.385065757850147e-07
-0.0009253430230118,1.3850657576397716e-07
-0.0009253430230118,1.3850657576397716e-07
-0.0009253430230118,1.3850657576397716e-07
-0.0009253430230118,1.3850657576397716e-07
-0.000925343022974047,1.3850657575297283e-07
-0.0009253430230118,1.3850657576397732e-07
-0.0009253430230092737,1.385065757632408e-07
-0.0009253430230118,1.3850657576397716e-07
-0.0009253430230118,1.3850657576397716e-07
-0.0009253430230118,1.3850657576397716e-07
-0.0009253430230118,1.3850657576397716e-07
1.3505668354987159e-05,3.2209374921405884
-0.0009253430230118,1.3850657578327596e-07
-0.0009253430230118,1.3850657576397716e-07
-0.0009253430230118,1.3850657576397716e-07
-0.0009253430230118,1.3850657576397716e-07
-0.0009253430230118,1.3850657576397716e-07
-0.0009253430230118,1.3850657576397716e-07
-0.0009253430230118,1.3850657576397732e-07
-0.0009253430230118,1.3850657576397716e-07
-0.00036504635282071964,1.9222273202987048
-0.0009253430230118,1.3850657576397716e-07
-0.0009253430230118,1.3850657576397716e-07
-0.0009253430230118,1.3850657576397716e-07
-3.218643847351014e+26,9.381801731262799e+22
-0.0009253430230118,1.385065757776943e-07
-0.0009253430230118,1.3850657576397716e-07
-0.0009253430230118,1.3850657576397716e-07
-0.0009253430230118,1.3850657576397716e-07
-0.0009253430230118,1.3850657576397716e-07
-0.0009253430230017071,1.3854120148840384e-07
-0.0009253430230118,1.3850657576397735e-07
-0.0009253430230116334,1.3850657576392862e-07
-0.0009253430230118,1.3850657576397716e-07
-0.0009253430230118,1.3850657576397716e-07
-0.0009253430230118,1.3850657576397716e-07
-0.0009253306503803216,4.2585677518154365e-05
1.6488809659976483e-05,3.2311718476323343
-0.0009253430230118,1.3850657577438746e-07
-0.0009253430230118,1.3850657576397716e-07
-0.0009253430230118,1.3850657576397716e-07
-0.0009253430230118,1.3850657576397716e-07
-0.0009253430230118,1.3850657576397716e-07
1.3134465154381756e+22,-3.828474157711032e+18
-0.0009253430230118,1.3850657576397737e-07
-0.0009253430124937088,1.3850657269813172e-07
-0.0009253430230118,1.3850657576397716e-07
-0.0009253430230118,1.3850657576397716e-07
-0.0009253430230118,1.3850657576397716e-07
-0.0009253430230118,1.3850657576397716e-07
1.801446858484823e-05,3.236406088895583
-0.0009253430230118,1.3850657577644745e-07
-0.0009253430230118,1.3850657576397716e-07
-0.0009253430230118,1.3850657576397716e-07
-0.0009253430230118,1.3850657576397716e-07
-0.0009253430230118,1.3850657576397716e-07
-0.0009253430205680145,1.468905462587165e-07
-0.0009253430230118,1.385065757639774e-07
-0.0009253430159524496,1.627253084203251e-07
-0.0009253430230118,1.3850657576397716e-07
-0.0009253430230118,1.3850657576397716e-07
-0.0009253430230118,1.3850657576397716e-07
4.698505016177113e+19,-1.369534642094563e+16
0.0587695376197443,3.2416234439480953
-0.0009253430230118,1.3850657577698952e-07
-0.0009253430230118,1.3850657576397716e-07
-0.0009253430230118,1.3850657576397716e-07
-0.0009253430230118,1.3850657576397716e-07
-0.0009253430230118,1.3850657576397716e-07
3.143676469689508e+18,1.078510846537187e+22
-0.0009253430230118,1.385065757639774e-07
-0.0009253429801102385,2.856902534187511e-07
-0.0009253430230118,1.3850657576397716e-07
-0.0009253430230118,1.3850657576397716e-07
-0.0009253430230118,1.3850657576397716e-07
-0.0009253430230118,1.3850657576397716e-07
2.1043232354002787e-05,3.246796846968566
-0.0009253430230117998,1.3850657577460428e-07
0.0002500624636968856,4.032500234229992
-0.0009253430230118,1.3850657576397716e-07
-0.0009253430230118,1.3850657576397716e-07
-0.0009253430230118,1.3850657576397716e-07
-0.0009253430230118,1.3850657576397716e-07
-0.0009253430230118,1.385065757639774e-07
-0.0009253430230118,1.3850657576397716e-07
-0.0009253430230118,1.3850657576397716e-07
-0.0009253430230118,1.3850657576397716e-07
-0.0009253430230118,1.3850657576397716e-07
-0.0009253430230110667,1.3850909132086045e-07
-151996487006560.72,44304401874.79181
-0.0009253430230117998,1.3850657577509214e-07
-0.0008291081013698631,0.3301562719611621
-0.0009253430230118,1.3850657576397716e-07
-0.0009253430230118,1.3850657576397716e-07
-0.0009253430230118,1.3850657576397716e-07
-0.0009253430230118,1.3850657576397716e-07
-0.0009253430230118,1.385065757639774e-07
-0.0009253428068855162,8.79977727384249e-07
-0.0008712458800809493,0.18559288629769127
-0.0009253430230118,1.3850657576397716e-07
-0.0009253430230118,1.3850657576397716e-07
-0.0009253430230118,1.3850657576397716e-07
89128.95717422046,-22.725987909346227
-0.0009253430230117998,1.3850657577568843e-07
-0.0009253430230118,1.3850657576397716e-07
-0.0009253430230118,1.3850657576397716e-07
-0.0009253430230118,1.3850657576397716e-07
4.172757743720592e+18,1.431560954177701e+22
2.202273845067869e+29,7.555409253629218e+32
-0.0009253430230118,1.3850657576397745e-07
-0.0009253430230118,1.3850657576397716e-07
-0.0009253430230118,1.3850657576397716e-07
-0.0009253430230118,1.3850657576397716e-07
-0.0009253430230118,1.3850657576397716e-07
-0.0009253430230118,1.3850657576397716e-07
-2.6272981288875496e-05,3.2561717181075487
-0.0009253430230117997,1.385065757639771e-07
-0.0009253430230118,1.3850657576397716e-07
-0.0009253430230118,1.3850657576397716e-07
-0.0009253430230118,1.3850657576397716e-07
-0.0009253430230118,1.3850657576397716e-07
-0.0009253430230118,1.3850657576397716e-07
-0.0009253430230118,1.3850657576397716e-07
-0.0009253430230118,1.3850657576397716e-07
0.060120245171825105,-1.765524856379988e-05
-0.0009253430230118,1.3850657576397716e-07
9.47355560090657e+21,-2.761381021107625e+18
-0.0008864723088649624,1.2717642087348326e-07
2.4527362962418683e-05,3.2587499619240403
-0.0009253430230118,1.3850657576397716e-07
-0.0009253430230118,1.3850657576397716e-07
-0.0009253430230118,1.3850657576397716e-07
-0.0009253430230118,1.3850657576397716e-07
3645928057907942.0,-1062726284360.1606
-0.0009253430230118,1.3850657576397716e-07
-0.0009253430230118,1.3850657576397716e-07
-0.0009253430230118,1.3850657576397716e-07
-0.0009253430230118,1.3850657576397716e-07
-0.0009253430230118,1.3850657576397716e-07
-0.0009253430225561783,1.3850657563117118e-07
-0.0009253430230118,1.3850657576397777e-07
4.056481657736739e+29,-1.182395705903026e+26
-0.0009253430230118,1.3850657576397716e-07
-0.0009253430230118,1.3850657576397716e-07
-0.0009253430230118,1.3850657576397716e-07
-0.0009253430230118,1.3850657576397716e-07
3.657498554971397e+18,1.254789384583313e+22
-0.0009253430230118,1.3850657576397716e-07
-0.0009253430230118,1.3850657576397716e-07
-0.0009253430230118,1.3850657576397716e-07
-0.0009253430230118,1.3850657576397716e-07
-0.0009253430230118,1.3850657576397716e-07
-0.0009253430230118,1.3850657576397716e-07
3.850064184156255e+18,1.320853472840665e+22
-2.39957699418624e-05,3.2639842177756644
-0.0009253430230117997,1.385065758251261e-07
-0.0009253430230118,1.3850657576397716e-07
-0.0009253430230118,1.3850657576397716e-07
-0.0009253430230118,1.3850657576397716e-07
-0.0009253430230118,1.3850657576397716e-07
2.977141280422718e+21,-8.677862647608975e+17
-0.0009253430230118,1.385065757639775e-07
-0.0009253429972007949,1.385065682405063e-07
-0.0009253430230118,1.3850657576397716e-07
-0.0009253430230118,1.3850657576397716e-07
-0.0009253430230118,1.3850657576397716e-07
688306.532334578,-200.62969769811727
126443834116.51578,-36856233.02685065
-0.0009253430230117997,1.3850657578479639e-07
0.00414066276117433,17.380103465120552
-0.0009253430230118,1.3850657576397716e-07
-0.0009253430230118,1.3850657576397716e-07
-0.0009253430230118,1.3850657576397716e-07
-0.0009253430230118,1.3850657576397716e-07
-0.0009253430230118,1.385065757639775e-07
-0.0009253429866238394,1.385065651575029e-07
-0.0009253430230118,1.3850657576397716e-07
-0.0009253430230118,1.3850657576397716e-07
-0.0009253430230118,1.3850657576397716e-07
-0.0009253430230118,1.3850657576397716e-07
2.755602344887227e-05,3.269140481578464
-0.0009253430230117997,1.3850657578663948e-07
-0.0009253430230118,1.3850657576397716e-07
-0.0009253430230118,1.3850657576397716e-07
-0.0009253430230118,1.3850657576397716e-07
-0.0009253430230118,1.3850657576397716e-07
1.2044898083819047e+22,-3.5108838086780037e+18
-0.0009253430230118,1.3850657576397756e-07
-0.0009253430230118,1.3850657576397716e-07
-0.0009253430230118,1.3850657576397716e-07
-0.0009253430230118,1.3850657576397716e-07
-0.0009253430230118,1.3850657576397716e-07
3.80973733463296e+18,1.3070184153731123e+22
2.830754211057278e-05,3.2717187399833407
-0.0009253430230117995,1.3850657655509199e-07
-0.0009253430230118,1.3850657576397716e-07
-0.0009253430230118,1.3850657576397716e-07
-0.0009253430230118,1.3850657576397716e-07
-0.0009253430230118,1.3850657576397716e-07
-0.0009253430230118,1.3850657576397716e-07
-0.0009253430230118,1.3850657576397759e-07
-0.0009253430230118,1.3850657576397716e-07
-0.0009253430230118,1.3850657576397716e-07
-0.0009253430230118,1.3850657576397716e-07
-0.0009253430230118,1.3850657576397716e-07
-0.0009253430230118,1.385065757640138e-07
126443834116.5158,-36856233.01903815
-0.0009253430230117994,1.3850657700619863e-07
-0.0009253430230118,1.3850657576397716e-07
-0.0009253430230118,1.3850657576397716e-07
-0.0009253430230118,1.3850657576397716e-07
-0.0009253430230118,1.3850657576397716e-07
-0.0009253430229715959,1.3850657575225836e-07
-0.0009253430230118,1.3850657576397764e-07
-0.000925343005496577,1.3852249102845222e-07
-0.0009253430230118,1.3850657576397716e-07
-0.0009253430230118,1.3850657576397716e-07
-0.0009253430230118,1.3850657576397716e-07
-0.0009253430230118,1.3850657576397716e-07
-71.67996743828675,3.297807385887521
-0.0009253430230117993,1.3850657735314287e-07
-0.0009253430230118,1.3850657576397716e-07
-0.0009253430230118,1.3850657576397716e-07
-0.0009253430230118,1.3850657576397716e-07
-0.0009253430230118,1.3850657576397716e-07
-0.0009253430230118,1.3850657576397716e-07
-0.0009253430230118,1.3850657576397772e-07
-0.0009253430097054645,1.3851885217642719e-07
-0.0009253430230118,1.3850657576397716e-07
-0.0009253430230118,1.3850657576397716e-07
-0.0009253430230118,1.3850657576397716e-07
-0.0009253430230118,1.3850657576397716e-07
3.061507953051456e-05,3.279492138993983
-0.0009253430230117993,1.3850657723518104e-07
-0.0009253430230118,1.3850657576397716e-07
-0.0009253430230118,1.3850657576397716e-07
-0.0009253430230118,1.3850657576397716e-07
-0.0009253430230118,1.3850657576397716e-07
-0.0009253430230118,1.3850657576397716e-07
-0.0009253430230118,1.3850657576397772e-07
-0.0009253430132876908,1.3851515781446808e-07
-0.0009253430230118,1.3850657576397716e-07
-0.0009253430230118,1.3850657576397716e-07
-0.0009253430230118,1.3850657576397716e-07
-0.000922460770222648,0.009888372634782537
5.8486029013067675e+35,-1.704768698472419e+32
-0.0009253430230117992,1.3850657720742483e-07
-0.0009253430230118,1.3850657576397716e-07
-0.0009253430230118,1.3850657576397716e-07
-0.0009253430230118,1.3850657576397716e-07
-0.0009253430230118,1.3850657576397716e-07
1.2323937727177267e+22,-3.5922191391248215e+18
-0.0009253430230118,1.3850657576397777e-07
-0.0009253429981058079,1.3852658036537687e-07
-0.0009253430230118,1.3850657576397716e-07
-0.0009253430230118,1.3850657576397716e-07
-0.0009253430230118,1.3850657576397716e-07
-0.0009253430230118,1.3850657576397716e-07
-3.218643847351014e+26,9.381801731262799e+22
-0.0009253430230117992,1.3850657731150747e-07
0.01544126391185082,0.01507354064603404
-0.0009253430230118,1.3850657576397716e-07
-0.0009253430230118,1.3850657576397716e-07
-0.0009253430230118,1.3850657576397716e-07
-0.0009253430230118,1.3850657576397716e-07
-0.0009253430230118,1.385065757639778e-07
-0.0009253428401815429,1.385065224720535e-07
-0.0009253430230118,1.3850657576397716e-07
-0.0009253430230118,1.3850657576397716e-07
-0.0009253430230118,1.3850657576397716e-07
-0.0009253430230118,1.3850657576397716e-07
3.289229087752776e-05,3.2873046386620985
-0.0009253430230117991,1.3850657762391352e-07
0.010615800145560185,0.010619400149248866
-0.0009253430230118,1.3850657576397716e-07
-0.0009253430230118,1.3850657576397716e-07
-0.0009253430230118,1.3850657576397716e-07
-0.0009253430230118,1.3850657576397716e-07
-0.0009253430230118,1.3850657576397777e-07
-0.0009253403470093531,9.319151251257826e-06
-0.0009253430230118,1.3850657576397716e-07
-0.0009253430230118,1.3850657576397716e-07
-0.0009253430230118,1.3850657576397716e-07
-0.0009253430230118,1.3850657576397716e-07
3.360201679536998e-05,3.2898826586605683
-0.0009253430230117991,1.3850657763778877e-07
-0.0009231899788255946,0.007386654041126416
-0.0009253421801395422,3.0301745987437985e-06
-0.0009253430230118,1.3850657576397716e-07
-0.0009253430230118,1.3850657576397716e-07
-0.0009253430230118,1.3850657576397716e-07
-0.0009253430230118,1.3850657576397774e-07
-0.0009253381800645455,1.3670272592675116e-05
-0.0005590462738765039,3.173727669965976e-08
-0.0009253430230118,1.3850657576397716e-07
-0.0009253430230118,1.3850657576397716e-07
-0.0009253430230118,1.3850657576397716e-07
3.435353545709369e-05,3.292460917065445
-0.000925343023011799,1.385065779708548e-07
-0.0009253374967148742,1.9097745012020104e-05
-0.0005456815283198923,1.456803870619629e-07
-0.0009253430230118,1.3850657576397716e-07
-0.0009253430230118,1.3850657576397716e-07
3.1407159525896424e+21,-9.154655115254404e+17
-0.0009253430230118,1.3850657576397774e-07
-0.0009253390787348042,1.3670260121695911e-05
-0.00067531208113309,0.00028244529185833794
-0.0009253430230118,1.3850657576397716e-07
-0.0009253430230118,1.3850657576397716e-07
-0.0009253430230118,1.3850657576397716e-07
3.5104984623818996e-05,3.295038937051753
-0.0009253430230117989,1.3850657805411878e-07
-0.000925275462392597,0.00023192082041019411
-0.0006448624678524295,2.143760866667595e-06
-0.0009253430230118,1.3850657576397716e-07
-0.0009253430230118,1.3850657576397716e-07
-0.0009253430230118,1.3850657576397716e-07
-0.0009253430230118,1.3850657576397716e-07
-0.0009253430230117988,1.3850657576397682e-07
-0.000724975886543908,0.00021087588172079156
-0.0009253430230118,1.3850657576397716e-07
-0.0009253430230118,1.3850657576397716e-07
-0.0009253430230118,1.3850657576397716e-07
-107374179.43858147,31301.0525592358
-0.0009253430230118,1.3850657576397716e-07
-0.0007316702590060388,0.00017559214374545867
-0.0009252768542050789,0.00022714588611723975
-0.0009253430230118,1.3850657576397716e-07
-0.0009253430230118,1.3850657576397716e-07
-0.0009253430230118,1.3850657576397716e-07
-0.0009253430230118,1.3850657576397716e-07
-0.0009253430230118,1.3850657576397716e-07
-0.0009253430230118,1.3850657576397716e-07
-0.0009253430230118,1.3850657576397716e-07
1.5162578969746156e+23,9.50429995690158e+21
1.3827102985048564e+22,-4.030366355390377e+18
3.66307468041069e-05,3.300273416733561
-0.0009253430230118,1.3850657576397716e-07
-0.0009253430230118,1.3850657576397716e-07
-0.0009253430230118,1.3850657576397716e-07
-0.0009253430230118,1.3850657576397716e-07
9.47355560092519e+21,-2.7613171420533714e+18
58.09713279681264,-0.016934461538965478
-0.0009253430230118,1.3850657576397716e-07
-0.0009253430230118,1.3850657576397716e-07
-0.0009253430230118,1.3850657576397716e-07
-0.0009253430230118,1.3850657576397716e-07
1.9132525475458178e+29,6.563854915060163e+32
0.27236032647633684,937.5689910711268
3.7382195970832094e-05,3.3028514367198687
-0.0009253430230118,1.3850657576397716e-07
-0.0009253430230118,1.3850657576397716e-07
-0.0009253430230118,1.3850657576397716e-07
-0.0009253430230118,1.3850657576397716e-07
131291.9935136702,-38.21294669902394
-0.0007036328040877656,0.0009006915460909589
-0.0009253430230118,1.3850657576397716e-07
-0.0009253430230118,1.3850657576397716e-07
-0.0009253430230118,1.3850657576397716e-07
-0.0009253430230118,1.3850657576397716e-07
141194528215463.72,35532986068358.47
796.8803274256087,-0.23227725133222007
-4.932681744164906e+32,1.4377931924733352e+29
-0.0009253430230118,1.3850657576397716e-07
-0.0009253430230118,1.3850657576397716e-07
-0.0009253430230118,1.3850657576397716e-07
-0.0009253430230118,1.3850657576397716e-07
201743.73177994625,241426415.45120156
0.05676126976249864,0.014334078654382963
-0.0009253430230118,1.3850657576397716e-07
-0.0009253430230118,1.3850657576397716e-07
-0.0009253430230118,1.3850657576397716e-07
-0.0009253430230118,1.3850657576397716e-07
35307483365866.25,35565997832453.1
58685.410644131254,-17.10580260511378
0.058788893916193914,3.308029691127079
-0.0009253430230118,1.3850657576397716e-07
-0.0009253430230118,1.3850657576397716e-07
-0.0009253430230118,1.3850657576397716e-07
-0.0009253430230118,1.3850657576397716e-07
2.006597083408732e+19,6.884094912282882e+22
347967.50549691694,986290884.4721756
-0.0009253430230118,1.3850657576397716e-07
-0.0009253430230118,1.3850657576397716e-07
-0.0009253430230118,1.3850657576397716e-07
-0.0009253430230118,1.3850657576397716e-07
141198823808532.34,35535132300005.06
961501719.1533439,-280261.4536773816
3.964797638147325e-05,3.310624835742683
-0.0009253430230118,1.3850657576397716e-07
-0.0009253430230118,1.3850657576397716e-07
-0.0009253430230118,1.3850657576397716e-07
-0.0009253430230118,1.3850657576397716e-07
1.9810231396685345e+19,6.796357589509486e+22
1006276872178.569,251115000093.38306
-0.0009253430230118,1.3850657576397716e-07
-0.0009253430230118,1.3850657576397716e-07
-0.0009253430230118,1.3850657576397716e-07
-0.0009253430230118,1.3850657576397716e-07
2259017834982825.5,8166082113442.068
814684509.3903093,-237466.73742203054
4.03995288036146e-05,3.31320309414755
-0.0009253430230118,1.3850657576397716e-07
-0.0009253430230118,1.3850657576397716e-07
-0.0009253430230118,1.3850657576397716e-07
-0.0009253430230118,1.3850657576397716e-07
88.55477426980501,193756.0136686381
3330476.3591099395,941627.8250861771
-0.0009253430230118,1.3850657576397716e-07
-0.0009253430230118,1.3850657576397716e-07
-0.0009253430230118,1.3850657576397716e-07
-0.0009253430230118,1.3850657576397716e-07
2236671495539.1475,-651418006.385888
-0.0009251854904643795,1.3846065769486288e-07
2.7200829065229695e+23,-7.92858102104035e+19
-0.0009253430230118,1.3850657576397716e-07
-0.0009253430230118,1.3850657576397716e-07
-0.0009253430230118,1.3850657576397716e-07
-0.0009253430230118,1.3850657576397716e-07
-0.0009253430230118,1.3850657576397716e-07
-0.0009253430230118,1.3850657576397716e-07
-0.0009253430230118,1.3850657576397724e-07
-0.0009253430230118,1.3850657576397716e-07
-0.0009253430230118,1.3850657576397716e-07
-0.0009253430230118,1.3850657576397716e-07
-0.0009253430230118,1.3850657576397716e-07
-0.0009253430230118,1.3850657576397716e-07
-151996487006560.72,44304401874.85919
-0.0009253430230117981,1.385065793031072e-07
-0.0009121618879275113,2.4100878636954924e-05
-0.0009253430230118,1.3850657576397716e-07
-0.0009253430230118,1.3850657576397716e-07
-0.0009253430230118,1.3850657576397716e-07
-0.0009253430230118,1.3850657576397716e-07
-0.0009253430230118,1.3850657576397727e-07
-0.0009253361421460831,2.3744906218739747e-05
-0.0009253364540240838,2.267493667926077e-05
-0.0009253430230118,1.3850657576397716e-07
-0.0009253430230118,1.3850657576397716e-07
-0.0009253430230118,1.3850657576397716e-07
4.267674015062781e-05,3.3210155938156656
-0.0009253430230117978,1.3850658003892913e-07
-0.0009168122012391747,2.016832012628056e-05
-0.0009020908024185214,1.317289472420373e-07
-0.0009253430230118,1.3850657576397716e-07
-0.0009253430230118,1.3850657576397716e-07
-0.0009253430230118,1.3850657576397716e-07
-0.0009253430230118,1.3850657576397727e-07
-0.0009253302515279711,2.02878877085862e-05
-0.0009253377396864268,1.8264174963362225e-05
-0.0009253430230118,1.3850657576397716e-07
-0.0009253430230118,1.3850657576397716e-07
-0.0009253430230118,1.3850657576397716e-07
4.3428189317353005e-05,3.3235936138019735
-0.0009253430230117987,1.3850658020546494e-07
-0.0009080499977789499,1.6112580953853564e-05
-0.0009068592974892609,1.331188827997412e-07
-0.0009253430230118,1.3850657576397716e-07
-0.0009253430230118,1.3850657576397716e-07
-0.0009253430230118,1.385065757639772e-07
-0.0009253430230118,1.3850657576397724e-07
-0.0009253385744930135,1.5400178088134668e-05
-0.0009253430230118,1.3850657576397716e-07
-0.0009253430230118,1.3850657576397716e-07
-0.0009253430230118,1.3850657576397716e-07
-0.0009253430230118,1.3850657576397716e-07
-151996487006560.72,44304401874.867004
-0.0009253430230117982,1.3850658148220739e-07
-0.0009110919572230539,1.3726733336954032e-05
-0.000910259868930899,1.3411009178562204e-07
-0.0009253430230118,1.3850657576397716e-07
-0.0009253430230118,1.3850657576397716e-07
1.1659820065839118e+22,-3.3986400878100157e+18
-0.0009253430230118,1.3850657576397724e-07
-0.0009253390961257797,1.3610596362299492e-05
-0.0009129387363431908,1.2952821408922834e-05
-0.0009253430230118,1.3850657576397716e-07
-0.0009253430230118,1.3850657576397716e-07
-0.0009253430230118,1.3850657576397716e-07
89128.95719613861,-22.650792600040614
-0.0009253430230117979,1.3850658256409287e-07
-0.0009135958888588016,1.1939365608155327e-05
-0.0009119245980080626,1.4562375151044858e-05
-0.0009253430230118,1.3850657576397716e-07
-0.0009253430230118,1.3850657576397716e-07
-0.0009253430230118,1.3850657576397716e-07
-0.0009253430230118,1.3850657576397724e-07
-0.0009253402080559867,9.79586287894083e-06
-0.0009253397385221835,1.1406707075597763e-05
-0.0009253430230118,1.3850657576397716e-07
-0.0009253430230118,1.3850657576397716e-07
-0.0009253430230118,1.3850657576397716e-07
-4.354822073873851e-06,3.3313670274131626
-0.0009253430230117971,1.3850658486780554e-07
-0.0009152072100458601,1.0509344663993135e-05
-0.000913597725258546,1.3508302037786742e-07
-0.0009253430230118,1.3850657576397716e-07
-0.0009253430230118,1.3850657576397716e-07
-0.0009253430230118,1.3850657576397716e-07
-0.0009253430230118,1.3850657576397727e-07
-0.0009253252881360346,1.0452210870863825e-05
-0.0009253401902374014,9.856993653228888e-06
-0.0009253430230118,1.3850657576397716e-07
-0.0009253430230118,1.3850657576397716e-07
-0.0009253430230118,1.3850657576397716e-07
4.644552217742033e-05,3.3339452712296542
-0.000925343023011796,1.3850658864256364e-07
-0.0009157426528364071,8.897591384639645e-06
-0.0009153231862589924,1.080829573896234e-05
-0.0009253430230118,1.3850657576397716e-07
-0.0009253430230118,1.3850657576397716e-07
-0.0009253430230118,1.3850657576397716e-07
-0.0009253430230118,1.385065757639773e-07
-0.0009253223852061163,9.021698489329715e-06
-0.0009176489083487759,8.245424478520665e-06
-0.0009253430230118,1.3850657576397716e-07
-0.0009253430230118,1.3850657576397716e-07
-0.0009222645848218288,0.010561431980284187
4.056481657736739e+29,-1.182395705903026e+26
-0.0009253430230117998,1.385065757639771e-07
-0.0009173538376875983,7.557754080207369e-06
-0.0009166375465515458,1.35969076804796e-07
-0.0009253430230118,1.3850657576397716e-07
-0.0009253430230118,1.3850657576397716e-07
-0.0009253430230118,1.3850657576397716e-07
-0.0009253430230118,1.3850657576397732e-07
-0.0009253411463400837,6.576862497103865e-06
-0.0009183062034228256,7.2904897036307985e-06
-0.0009253430230118,1.3850657576397716e-07
-0.0009253430230118,1.3850657576397716e-07
-0.0009253430230118,1.3850657576397716e-07
-2.077610726860645e-06,3.3391795270812783
-0.0009253430230117955,1.3850659052994273e-07
-0.0009183672990372022,6.932176133941216e-06
-0.0009253430230118,1.3850657576397716e-07
-0.0009253430230118,1.3850657576397716e-07
-0.0009253430230118,1.3850657576397716e-07
-0.0009253430230118,1.3850657576397716e-07
-0.0009253430230118,1.3850657576397735e-07
-0.0009253410507834325,6.904691667420748e-06
-0.0009189620221759905,6.784031811882683e-06
-0.0009253430230118,1.3850657576397716e-07
-0.0009253430230118,1.3850657576397716e-07
-0.0009253430230118,1.3850657576397716e-07
4.8722733524433535e-05,3.34175777089777
-0.0009253430230117942,1.3850659508185694e-07
-0.0009193509582838638,6.305840986695404e-06
-0.0009253430230118,1.3850657576397716e-07
-0.0009253430230118,1.3850657576397716e-07
-0.0009253430230118,1.3850657576397716e-07
-0.0009253430230118,1.3850657576397716e-07
-0.0009253430230118,1.3850657576397735e-07
-0.0009253373261685008,6.100029662097253e-06
-0.0009253412591480015,6.189848871078037e-06
-0.0009253430230118,1.3850657576397716e-07
-0.0009253430230118,1.3850657576397716e-07
-0.0009253430230118,1.3850657576397716e-07
4.9474182663874025e-05,3.344335790884078
-0.0009253430230117927,1.3850660007786032e-07
-0.0009200663356069902,5.888816975917769e-06
-0.0009253430230118,1.3850657576397716e-07
-0.0009253430230118,1.3850657576397716e-07
-0.0009253430230118,1.3850657576397716e-07
-0.0009253430230118,1.3850657576397716e-07
-0.0009253430230118,1.3850657576397735e-07
-0.000925341115626002,1.4044194529553077e-07
-0.000920126230290896,1.3698596903326052e-07
-0.0009253430230118,1.3850657576397716e-07
-0.0009253430230118,1.3850657576397716e-07
3423749.150231706,11745962509.017563
5.0225701325574425e-05,3.3469140492889546
-0.0009253430230117926,1.3850660018888262e-07
-0.0009253073114535421,5.234693511237932e-06
-0.0009253430230118,1.3850657576397716e-07
-0.0009253430230118,1.3850657576397716e-07
-0.0009253430230118,1.3850657576397716e-07
-0.0009253430230118,1.3850657576397716e-07
-0.0009253430230118,1.3850657576397735e-07
-0.0009253430229534679,1.387066972581783e-07
-0.0009204546560897119,1.3708169959165887e-07
-0.0009253430230118,1.3850657576397716e-07
-0.0009253430230118,1.3850657576397716e-07
-0.0009253430230118,1.3850657576397716e-07
126443834116.51581,-36856232.943842836
-0.0009253430230117917,1.3850660329750696e-07
-0.0009253416939203994,4.698261707377547e-06
-0.0009253430230118,1.3850657576397716e-07
-0.0009253430230118,1.3850657576397716e-07
-0.0009253430230118,1.3850657576397716e-07
-0.000925343022975558,1.3850657575341323e-07
-0.0009253430230118,1.3850657576397732e-07
-0.0009253417032623866,1.4202756596935968e-06
-0.0009210216864491596,1.3724697933866547e-07
-0.0009253430230118,1.3850657576397716e-07
-0.0009253430230118,1.3850657576397716e-07
-0.0009253430230118,1.3850657576397716e-07
-71.67994552012753,3.373002695193135
-0.0009253430230117911,1.385066057399975e-07
-0.0009253401563440734,9.973272545910891e-06
-0.0009253430230118,1.3850657576397716e-07
-0.0009253430230118,1.3850657576397716e-07
-0.0009253430230118,1.3850657576397716e-07
-0.0009253430230118,1.3850657576397716e-07
-0.0009253430230118,1.3850657576397735e-07
-0.0009253430230118,1.3850657576397716e-07
-0.0009253430230118,1.3850657576397716e-07
-0.0009253430230118,1.3850657576397716e-07
-0.0009253430230118,1.3850657576397716e-07
-0.0009253430230117977,1.385065757639765e-07
5.250291267258763e-05,3.3547265489570703
-0.0009253430230117875,1.3850661795245027e-07
-0.0009253430230118,1.3850657576397716e-07
-0.0009253430230118,1.3850657576397716e-07
1927588.225908796,6613036775.070344
-0.0009253430230118,1.3850657576397716e-07
-0.0009253430230118,1.3850657576397716e-07
-0.0009253430230118,1.3850657576397743e-07
-0.0009253430230118,1.3850657576397716e-07
-0.0009253430230118,1.3850657576397716e-07
-0.0009253430230118,1.3850657576397716e-07
-0.0009253430230118,1.3850657576397716e-07
52582963.905131005,180398006800.47842
5.8486029013067675e+35,-1.704768698472419e+32
-0.0009253430230117884,1.385066148438259e-07
-0.0009253430230118,1.3850657576397716e-07
-0.0009253430230118,1.3850657576397716e-07
6184587.377616958,21217655930.648777
-0.0009253430230118,1.3850657576397716e-07
-0.0009253430230118,1.3850657576397716e-07
-0.0009253430230118,1.3850657576397743e-07
-0.0009253430230118,1.3850657576397716e-07
-0.0009253430230118,1.3850657576397716e-07
-0.0009253430230118,1.3850657576397716e-07
-0.0009253430230118,1.3850657576397716e-07
-0.0009253430230118,1.3850657576412383e-07
-3.218643847351014e+26,9.381801731262799e+22
-0.0009253430230117863,1.3850662172720837e-07
4049146.979336334,13891534257.871128
-0.0009253430230118,1.3850657576397716e-07
-0.0009253430230118,1.3850657576397716e-07
-0.0009253430230118,1.3850657576397716e-07
-0.0009253430230118,1.3850657576397716e-07
-0.0009253430230118,1.3850657576397743e-07
-0.0009253430230118,1.3850657576397716e-07
-0.0009253430230118,1.3850657576397716e-07
-0.0009253430230118,1.3850657576397716e-07
-0.0009253430230118,1.3850657576397716e-07
-0.0009253430230118,1.3850657576397716e-07
5.4810450092529516e-05,3.362499947967713
-0.0009253430230117823,1.385066357160179e-07
-0.0009253430230118,1.3850657576397716e-07
-0.0009253430230118,1.3850657576397716e-07
-0.0009253430230118,1.3850657576397716e-07
-0.0009253430230118,1.3850657576397716e-07
-0.0009253430230118,1.3850657576397716e-07
-0.0009253430230118,1.3850657576397748e-07
-0.0009253430230118,1.3850657576397716e-07
-0.0009253430230118,1.3850657576397716e-07
-0.0009253430230118,1.3850657576397716e-07
-0.0009253430230118,1.3850657576397716e-07
-0.0009253430230118,1.3850657576397716e-07
5.8486029013067675e+35,-1.704768698472419e+32
-0.0009253430230117763,1.3850665614412068e-07
-0.0009253430230118,1.3850657576397716e-07
-0.0009253430230118,1.3850657576397716e-07
-0.0009252289011136092,1.384733111633317e-07
-0.0009253430230118,1.3850657576397716e-07
-0.0009253430230118,1.3850657576397716e-07
-0.0009253430230118,1.385065757639774e-07
-0.000925338017153174,1.3850511664096294e-07
-0.0009253430230118,1.3850657576397716e-07
-0.0009253430230118,1.3850657576397716e-07
-0.0009253430230118,1.3850657576397716e-07
-0.0009253430230118,1.3850657576397716e-07
-3.218643847351014e+26,9.381801731262799e+22
-0.0009253430230117689,1.3850668145720455e-07
-0.0009253212015895904,7.500193723336716e-05
-0.0009253430230118,1.3850657576397716e-07
-0.0009252815206947312,1.3848864888010562e-07
-0.0009253430230118,1.3850657576397716e-07
-0.0009253430230118,1.3850657576397716e-07
-0.0009253430230118,1.385065757639774e-07
-0.0009253341870418825,8.483154623273725e-06
-0.0009253430230118,1.3850657576397716e-07
-0.0009253427409536574,1.385064935488053e-07
-0.0009253430230118,1.3850657576397716e-07
-0.0009253430230118,1.3850657576397716e-07
1.902320477379889e+17,-55449420297889.46
-0.0009253430230117607,1.385067098789128e-07
-0.0009253180048207317,8.596919140613705e-05
-0.0009253429836339985,2.7360122193463584e-07
-0.0009253412886485456,2.8666708314269213e-06
-0.0009253430230118,1.3850657576397716e-07
-0.0009253430230118,1.3850657576397716e-07
-0.0009253430230118,1.3850657576397745e-07
-0.0009253115844778049,1.3849741196373546e-07
-0.0009253193947202355,8.120082002667189e-05
-0.0009253247384280635,1.3850124611747108e-07
-0.0009253430230118,1.3850657576397716e-07
-0.0009253430230118,1.3850657576397716e-07
5.7797387357384615e-05,3.372890467634298
-0.0009253430230117749,1.3850666103679283e-07
-0.0009253419545265564,3.804192073727827e-06
-0.0009253430141851912,1.6878829649637267e-07
-0.0009253420280005845,3.552122444608221e-06
-0.0009253430230118,1.3850657576397716e-07
-0.0009253430230118,1.3850657576397716e-07
-0.0009253430230118,1.3850657576397743e-07
-0.0009251953409934564,1.146498360790807e-05
-0.0009253430230118,1.3850657576397716e-07
-0.0009253317227696938,1.5311740935319684e-07
-0.0009253430230118,1.3850657576397716e-07
-0.0009253430230118,1.3850657576397716e-07
-3.218643847351014e+26,9.381801731262799e+22
-0.0009253430230117347,1.3850679871186202e-07
-0.0009253182828006325,8.501551713024402e-05
-0.0009253370851076618,1.3850484496548047e-07
-0.0009253348432396718,3.730937930273452e-06
-0.0009253430230118,1.3850657576397716e-07
-0.0009253430230118,1.3850657576397716e-07
-0.0009253430230118,1.3850657576397743e-07
-0.0009252131965127195,9.40753928901057e-05
-0.0009253430230118,1.3850657576397716e-07
-0.0009253397843882003,2.1304356453282636e-07
-0.0009253430230118,1.3850657576397716e-07
2095.9994738976407,-0.6109484816866004
5.930035518583374e-05,3.3780467460254826
-0.0009253430230116898,1.3850695235161102e-07
-0.0009253171708810294,8.883021423381615e-05
-0.0009253122980145951,0.00010554770839650149
-0.0009253293264814541,3.179591743021996e-06
-0.0009253430230118,1.3850657576397716e-07
-0.0009253430230118,1.3850657576397716e-07
-0.0009253430230118,1.3850657576397748e-07
0.001953229070894496,9.874999718953287
-0.0009253430230118,1.3850657576397716e-07
-0.0008070570338548262,1.1028754377481642e-07
-0.0009253430230118,1.3850657576397716e-07
-0.0009253430230118,1.3850657576397716e-07
-107374179.43855728,31301.135567044774
-0.0009253430230117463,1.3850675872872373e-07
-0.0009253430230118,1.3850657576397716e-07
-0.000925342813413511,8.575819328952604e-07
-0.0009250648329316433,1.9048382148108643e-06
-0.0009253430230118,1.3850657576397716e-07
-0.0009253430230118,1.3850657576397716e-07
-0.0009253430230118,1.3850657576397753e-07
-0.0009249332410963772,1.3838713127537002e-07
-0.0009253430230118,1.3850657576397716e-07
-0.0009253430215096774,1.4365995415778778e-07
-0.0009253430230118,1.3850657576397716e-07
-0.0009253430230118,1.3850657576397716e-07
0.05881081207540891,3.383225000432693
-0.0009253430230117972,1.3850658325891469e-07
-0.0009253430230118,1.3850657576397716e-07
-0.0009253420325993802,3.536345213313126e-06
1105614.2262536814,3793065054.8660917
-0.0009253430230118,1.3850657576397716e-07
-0.0009253430230118,1.3850657576397716e-07
-0.0009253430230118,1.3850657576397772e-07
-0.0009253430230118,1.3850657576397716e-07
-0.0009253430230118,1.3850657576397716e-07
-0.0009231814050139766,1.424769165244923e-07
-0.0009253430230118,1.3850657576397716e-07
-0.0009253430230118,1.3850657576397716e-07
6.157756653284694e-05,3.3858592456935983
-0.0009253430230117897,1.3850660974054404e-07
-0.0009253430230118,1.3850657576397716e-07
-0.0009253430230118,1.3850657576397716e-07
-0.0009245306275336722,1.382697762401826e-07
-0.0009253430230118,1.3850657576397716e-07
-0.0009253430230118,1.3850657576397716e-07
-0.0009253430230118,1.3850657576397767e-07
-0.0009204852446689698,1.3709061564448884e-07
-0.0009253430230118,1.3850657576397716e-07
-0.0009253430230118,1.3850657576397716e-07
-0.0009253430230118,1.3850657576397716e-07
-0.0009253430230118,1.3850657576397716e-07
-4.932681744164906e+32,1.4377931924733352e+29
-0.0009253430230117865,1.3850661928846494e-07
-0.0009253430230118,1.3850657576397716e-07
-0.0009253430230118,1.3850657576397716e-07
25520817.252456322,87555060088.55707
-0.0009253430230118,1.3850657576397716e-07
-0.0009253430230118,1.3850657576397716e-07
-0.0009253430230118,1.3850657576397772e-07
-0.000916819559171006,1.3602213040094857e-07
-0.0009253430230118,1.3850657576397716e-07
-0.0009253430230118,1.3850657576397716e-07
-0.0009253430230118,1.3850657576397716e-07
-0.0009253430230118,1.3850657576397716e-07
0.05881308928675593,3.3910375001008086
-0.0009253430230117844,1.3850662683797105e-07
-0.0009253430230118,1.3850657576397716e-07
-0.0009253430230118,1.3850657576397716e-07
-0.0009251203689127748,1.3844167586480299e-07
-0.0009253430230118,1.3850657576397716e-07
-0.0009253430230118,1.3850657576397716e-07
-0.0009253430230118,1.3850657576397774e-07
-0.0009108580863170931,1.3428446202276668e-07
-0.0008624350595505614,0.21582044183827298
-0.0007974888826126985,1.0123925907304807e-07
-0.0009253430230118,1.3850657576397716e-07
-0.0009253430230118,1.3850657576397716e-07
6.385477787986015e-05,3.3936717453617145
-0.0009253430230117931,1.385065967490818e-07
-0.0009253430230118,1.3850657576397716e-07
-0.0009253430230118,1.3850657576397716e-07
836267391668.9647,2869008503948951.5
-0.0009253430230118,1.3850657576397716e-07
-0.0009253430230118,1.3850657576397716e-07
-0.0009253430230118,1.3850657576397774e-07
-0.0008997130268471747,1.3103586593109403e-07
-0.0009253430230118,1.3850657576397716e-07
-0.0009251548723407559,1.3845173302973704e-07
-0.0009253430230118,1.3850657576397716e-07
-0.0009253430230118,1.3850657576397716e-07
6.459489936562945e-05,3.3962109031212795
-0.0009253430230117925,1.3850659863457025e-07
-0.0009253430230118,1.3850657576397716e-07
-0.0009253430230118,1.3850657576397716e-07
-0.0009253430230118,1.3850657576397716e-07
-0.0009253430230118,1.3850657576397716e-07
-0.0009253430230118,1.3850657576397716e-07
-0.0009253430230118,1.3850657576397774e-07
-0.0009253430230118,1.3850657576397716e-07
-0.0009253430230118,1.3850657576397716e-07
-0.0009253430230118,1.3850657576397716e-07
-0.0009253430230118,1.3850657576397716e-07
-0.0009253430230118,1.3850657576397716e-07
2.7200829065229695e+23,-7.92858102104035e+19
-0.0009253430230117927,1.3850659796843646e-07
-0.0009253430230118,1.3850657576397716e-07
-0.0009246223985992115,0.0024724070518591114
-0.0009253430230118,1.3850657576397716e-07
-0.0009253430230118,1.3850657576397716e-07
-0.0009253430230118,1.3850657576397716e-07
-0.0009253430230118,1.385065757639778e-07
-0.0008859999064229934,1.2703872356187902e-07
-0.0009038831017144101,1.3225137213384223e-07
0.007499029031375217,-2.3170552096661684e-06
-0.0009253430230118,1.3850657576397716e-07
-0.0009253430230118,1.3850657576397716e-07
-151996487006560.72,44304401874.9422
-0.0009253430230117898,1.3850660818629951e-07
-0.0009252974343080756,0.00015654108782222159
-0.0009248715202025261,0.0016177378329619763
-0.0009253430230118,1.3850657576397716e-07
-0.0009253430230118,1.3850657576397716e-07
-0.0009253430230118,1.3850657576397716e-07
-0.0009253430230118,1.3850657576397785e-07
-0.0009253430230118,1.3850657576397716e-07
-0.0009181325797384508,9.455947941482918e-05
-0.0009249336824059074,0.0014044760318902196
-0.0009253430230118,1.3850657576397716e-07
-0.0009253430230118,1.3850657576397716e-07
6.687211071264266e-05,3.404023402789395
-0.0009253430230117733,1.3850666458945876e-07
-0.0009253195312267076,8.073250303472963e-05
-0.0009252051329941586,0.00047320207112939734
-0.0009253430230118,1.3850657576397716e-07
-0.0009253430230118,1.3850657576397716e-07
-0.0009253430230118,1.3850657576397716e-07
-0.0009253430230118,1.385065757639779e-07
-0.0008738378854910476,1.2349370042647088e-07
-0.0009226009332096035,1.3770730302447548e-07
-0.0006124914399112783,4.731563749423298e-08
-0.0009253430230118,1.3850657576397716e-07
-0.0009253430230118,1.3850657576397716e-07
6.762355987936796e-05,3.406601422775703
-0.0009253430230117599,1.3850671076709103e-07
0.07545357090576503,262.03551146786435
-0.0007544788459989946,0.00046933842478763153
-0.0009253430230118,1.3850657576397716e-07
-0.0009253430230118,1.3850657576397716e-07
-0.0009253430230118,1.3850657576397716e-07
-0.0009253430230118,1.38506575763978e-07
-0.0008409293090387216,1.1390140770393422e-07
-0.0009191733918405984,1.3670823276150827e-07
-0.0007689173915325998,9.291115328710844e-08
-0.0009253430230118,1.3850657576397716e-07
-0.0009253430230118,1.3850657576397716e-07
6.837507854106837e-05,3.40917968118058
-0.0009253430230117572,1.3850671967344553e-07
-0.0009253430230118,1.3850657576397716e-07
-0.0009253430230118,1.3850657576397716e-07
-0.0009253430230118,1.3850657576397716e-07
-0.0009253430230118,1.3850657576397716e-07
-0.0009253430230118,1.3850657576397716e-07
-0.0009253430230118,1.3850657576397806e-07
-0.0008452259437263112,1.1515380395099981e-07
-0.000925338331435568,1.62340428130634e-05
-0.0009253430230118,1.3850657576397716e-07
-0.0009253430230118,1.3850657576397716e-07
-0.0009253430230118,1.3850657576397716e-07
89128.95722033398,-22.567784791066885
-0.0009253430230117528,1.3850673477222053e-07
-0.0009253430230118,1.3850657576397716e-07
-0.0009239373630792008,0.004822579678458437
0.010521572407686855,39.271288295655076
-0.0009253430230118,1.3850657576397716e-07
-0.0009253430230118,1.3850657576397716e-07
-0.0009253430230118,1.3850657576397817e-07
-0.0008495174634159152,1.1640470926277612e-07
-0.0009040682101429969,0.0001832559717514519
-0.0009253430230118,1.3850657576397716e-07
-0.0009253430230118,1.3850657576397716e-07
-0.0009253430230118,1.3850657576397716e-07
1.9840548488140892e-05,3.414374836386892
-0.00092534302301175,1.3850674185333413e-07
-0.0009253430230118,1.3850657576397716e-07
-0.0009253430230118,1.3850657576397716e-07
0.012197647771631471,45.021452083363705
-0.0009253430230118,1.3850657576397716e-07
-0.0009253430230118,1.3850657576397716e-07
-0.0009253430230118,1.3850657576397822e-07
-0.0008356892009673808,1.1237400494341538e-07
-0.0009135402151825119,1.3506625716464812e-07
-0.0009253430230118,1.3850657576397716e-07
-0.0009253430230118,1.3850657576397716e-07
-0.0009253430230118,1.3850657576397716e-07
7.065228988808157e-05,3.4169921808486956
-0.0009253430230117509,1.3850673654804838e-07
-0.0009253430230118,1.3850657576397716e-07
-0.0009253430230118,1.3850657576397716e-07
-0.0009253430230118,1.3850657576397716e-07
-0.0009253430230118,1.3850657576397716e-07
-0.0009253430230118,1.3850657576397716e-07
-0.0009253430230118,1.385065757639785e-07
-0.0008256840611809779,1.0945767613471992e-07
-0.0009253430230118,1.3850657576397716e-07
-0.0009253430230118,1.3850657576397716e-07
-0.0009253430230118,1.3850657576397716e-07
-0.0009253430230118,1.3850657576397716e-07
89128.95722261119,-22.55997229139877
-0.0009253430230117411,1.3850676852198208e-07
-0.0009253430230118,1.3850657576397716e-07
-0.0009253430230118,1.3850657576397716e-07
-0.0009253430230118,1.3850657576397716e-07
-0.0009253430230118,1.3850657576397716e-07
-0.0009253430230118,1.3850657576397716e-07
-0.0009253430230118,1.3850657576397886e-07
-0.0008070874128010637,1.0403706806993029e-07
-0.0009253369067981202,2.112159073520733e-05
-0.0009253430230118,1.3850657576397716e-07
-0.0009253430230118,1.3850657576397716e-07
-0.0009253430230118,1.3850657576397716e-07
2.2117759835154098e-05,3.422187336055008
-0.0009253430230117354,1.3850678627801435e-07
-0.0009253430230118,1.3850657576397716e-07
-0.0009202185373797292,0.017580870462934314
-0.0009253430230118,1.3850657576397716e-07
-0.0009253430230118,1.3850657576397716e-07
-0.0009253430230118,1.3850657576397716e-07
-0.0009253430230118,1.3850657576397716e-07
-0.0009253430230118,1.3850657576397716e-07
-0.0009253430230118,1.3850657576397716e-07
0.151441169478582,-4.4273751461123275e-05
-0.0009253430230118,1.3850657576397716e-07
-0.0009253430230118,1.3850657576397716e-07
7.291810408644828e-05,3.4247655798714995
-0.0009253430230117248,1.3850682267756643e-07
-0.0009253430230118,1.3850657576397716e-07
-0.0009253430230118,1.3850657576397716e-07
-0.0009253430230118,1.3850657576397716e-07
-0.0009253430230118,1.3850657576397716e-07
-0.0009253430230118,1.3850657576397716e-07
-0.0009253430230118,1.385065757639789e-07
-0.0006353770322919105,5.398640010110847e-08
-0.0007679186624538076,0.00017463302807683908
-0.0009253430230118,1.3850657576397716e-07
-0.0009253430230118,1.3850657576397716e-07
-0.0009253430230118,1.3850657576397716e-07
4.056481657736739e+29,-1.182395705903026e+26
-0.0009253430230117108,1.3850687063919906e-07
-0.0009253430230118,1.3850657576397716e-07
-0.0009253430230118,1.3850657576397716e-07
-0.0009253430230118,1.3850657576397716e-07
-0.0009253430230118,1.3850657576397716e-07
-0.0009253430230118,1.3850657576397716e-07
-0.0009253430230118,1.3850657576397894e-07
-0.0005400104196098252,2.618864755691769e-08
-0.0009251673188626347,0.0006029321861523852
-0.0009253430230118,1.3850657576397716e-07
-0.0009253430230118,1.3850657576397716e-07
-0.0009253430230118,1.3850657576397716e-07
2.4394971182167303e-05,3.4299998357231236
-0.0009253430230116993,1.385069079426909e-07
-0.0009253430230118,1.3850657576397716e-07
-0.0009253430230118,1.3850657576397716e-07
0.02297626727523834,81.99999665504934
-0.0009253430230118,1.3850657576397716e-07
-0.0009253430230118,1.3850657576397716e-07
-0.0009253430230118,1.38506575763979e-07
-0.0002614930603980105,-5.499444590620889e-08
-0.0009253430230118,1.3850657576397716e-07
-0.0009253430230118,1.3850657576397716e-07
-0.0009253430230118,1.3850657576397716e-07
-0.0009253430230118,1.3850657576397716e-07
7.519531543346148e-05,3.4325780795396152
-0.0009253430230116924,1.3850692748261498e-07
-0.0009253430224680371,1.385069468952184e-07
-0.0009253430230118,1.3850657576397716e-07
0.014383801798512992,52.52155857627371
-0.0009253430230118,1.3850657576397716e-07
-0.0009253430230118,1.3850657576397716e-07
-0.0009253430230118,1.3850657576397973e-07
-0.0009253430224040584,1.3850705884270202e-07
4.780884737500906,-0.0013936781509879864
-0.0009253430230118,1.3850657576397716e-07
-0.0009253430230118,1.3850657576397716e-07
-0.0009253430230118,1.3850657576397716e-07
-71.67992132475698,3.456010504166865
-0.000925343023011687,1.3850694169346871e-07
-0.0009253430230117867,1.3850662106497776e-07
-0.0009253430230118,1.3850657576397716e-07
-0.0009253430230118,1.3850657576397716e-07
-0.0009253430230118,1.3850657576397716e-07
-0.0009253430230118,1.3850657576397716e-07
-0.0009253430230118,1.3850657576398029e-07
-0.00010890471059385746,-9.947136575993311e-08
18.376311196236443,-0.005356514722446371
-0.0009253430230118,1.3850657576397716e-07
-0.0009253430230118,1.3850657576397716e-07
-0.0009253430230118,1.3850657576397716e-07
7.669828323460237e-05,3.4377343579308
-0.0009253430230116308,1.3850713717202236e-07
-0.0009253430230118,1.3850657576397716e-07
-0.0009253430230118,1.3850657576397716e-07
-0.0009253430230118,1.3850657576397716e-07
-0.0009253430230118,1.3850657576397716e-07
-0.0009253430230118,1.3850657576397716e-07
-0.0009253430230118,1.3850657576398074e-07
0.0010281574498293938,-4.309057291484741e-07
-0.0009253430230118,1.3850657576397716e-07
-0.0009253430230118,1.3850657576397716e-07
-0.0009253430230118,1.3850657576397716e-07
-0.0009253430230118,1.3850657576397716e-07
126443834116.51584,-36856232.85302253
-0.0009253430230114288,1.3850782647775585e-07
-0.0009253430230118,1.3850657576397716e-07
-0.0009253430230118,1.3850657576397716e-07
32564.16389347084,111718891.25404896
-0.0009253430230118,1.3850657576397716e-07
-0.0009253430230118,1.3850657576397716e-07
-0.0009253430230118,1.3850657576398166e-07
0.002248823502901709,-7.867092113955939e-07
-0.0009253430230118,1.3850657576397716e-07
-0.0009253430230118,1.3850657576397716e-07
-0.0009253430230118,1.3850657576397716e-07
-0.0009253430230118,1.3850657576397716e-07
-71.67991904754562,3.463823003834981
-0.0009253430230113486,1.3850809647888775e-07
-0.0009253430230118,1.3850657576397716e-07
-0.0009253430230118,1.3850657576397716e-07
-0.0009253430230118,1.3850657576397716e-07
-0.0009253430230118,1.3850657576397716e-07
-0.0009253430230118,1.3850657576397716e-07
-0.0009253430230118,1.3850657576398206e-07
0.003164673511017418,-1.0536639786584768e-06
-0.0009253430230118,1.3850657576397716e-07
-0.0009253430230118,1.3850657576397716e-07
-0.0009253430230118,1.3850657576397716e-07
-0.0009253430230118,1.3850657576397716e-07
7.897549458161558e-05,3.4455468575989157
-0.0009253430230112473,1.3850843769290893e-07
-0.0009253430230117492,1.3850657576396237e-07
-0.0009253430230118,1.3850657576397716e-07
-0.0009253430230118,1.3850657576397716e-07
-0.0009253430230118,1.3850657576397716e-07
-0.0009253430230118,1.3850657576397716e-07
-0.0009253430230118,1.385065757639834e-07
-0.0009253430230117323,1.3850657576395744e-07
-0.0009253430230118,1.3850657576397716e-07
-0.0009253430230118,1.3850657576397716e-07
-0.0009253430230118,1.3850657576397716e-07
-0.0009253430230118,1.3850657576397716e-07
5.8486029013067675e+35,-1.704768698472419e+32
-0.0009253430230109829,1.3850934688052622e-07
-0.0009253430230118,1.3850657576397716e-07
-0.0009253430230118,1.3850657576397716e-07
0.013145091115064884,48.27187537667835
-0.0009253430230118,1.3850657576397716e-07
-0.0009253430230118,1.3850657576397716e-07
-0.0009253430230118,1.3850657576398338e-07
-0.0009253430230118,1.3850657576397716e-07
-0.0009253430230118,1.3850657576397716e-07
-0.0009253430230118,1.3850657576397716e-07
-0.0009253430230118,1.3850657576397716e-07
-0.0009253430230118,1.3850657576397716e-07
-3.218643847351014e+26,9.381801731262799e+22
-0.0009253430230109239,1.3850954583248347e-07
-0.0009253430230118,1.3850657576397716e-07
-0.0009253430230118,1.3850657576397716e-07
-0.0009253430230118,1.3850657576397716e-07
-0.0009253430230118,1.3850657576397716e-07
-0.0009253430230118,1.3850657576397716e-07
-0.0009253430230118,1.385065757639839e-07
0.00835325109904021,-2.5660464759691507e-06
-0.0009253430230118,1.3850657576397716e-07
92171.79984658942,-26.86651883865258
-0.0009253430230118,1.3850657576397716e-07
-0.0009253430230118,1.3850657576397716e-07
8.128303200155746e-05,3.453320256609558
-0.000925343023010969,1.385093755795717e-07
-0.0009253430230118,1.3850657576397716e-07
-0.0009253430230118,1.3850657576397716e-07
0.13087623392508946,452.1757621795432
-0.0009253430230118,1.3850657576397716e-07
-0.0009253430230118,1.3850657576397716e-07
-0.0009253430230118,1.385065757639849e-07
0.009573860108607255,-2.921833331000527e-06
-0.0009253430230118,1.3850657576397716e-07
-0.0009253430230118,1.3850657576397716e-07
-0.0009253430230118,1.3850657576397716e-07
-0.0009253430230118,1.3850657576397716e-07
5.8486029013067675e+35,-1.704768698472419e+32
-0.0009253430230110631,1.3850904871062798e-07
-0.0009253430230118,1.3850657576397716e-07
-0.0009253430230118,1.3850657576397716e-07
0.7503442575817149,2577.403943381701
-0.0009253430230118,1.3850657576397716e-07
-0.0009253430230118,1.3850657576397716e-07
-0.0009253430230118,1.3850657576398717e-07
-0.0009253430230118,1.3850657576397716e-07
-0.0009253430230118,1.3850657576397716e-07
-0.0009253430230118,1.3850657576397716e-07
-0.0009253430230118,1.3850657576397716e-07
-0.0009253430230118,1.3850657576397716e-07
-3.218643847351014e+26,9.381801731262799e+22
-0.0009253430230107522,1.3851008610449351e-07
-0.0009253430230118,1.3850657576397716e-07
-0.0009253430230118,1.3850657576397716e-07
0.09939640228753885,344.17692643543074
-0.0009253430230118,1.3850657576397716e-07
-0.0009253430230118,1.3850657576397716e-07
-0.0009253430230118,1.3850657576398606e-07
-0.0009253430230118,1.3850657576397716e-07
-0.0009253430230118,1.3850657576397716e-07
-0.0009253430230118,1.3850657576397716e-07
-0.0009253430230118,1.3850657576397716e-07
-0.0009253430230118,1.3850657576397716e-07
1.902320477379889e+17,-55449420297889.37
-0.0009253430230104335,1.3851118060155293e-07
-0.0009253430230118,1.3850657576397716e-07
-0.0009253430230118,1.3850657576397716e-07
-0.0009253430230118,1.3850657576397716e-07
-0.0009253430230118,1.3850657576397716e-07
-0.0009253430230118,1.3850657576397716e-07
-0.0009253430230118,1.385065757639876e-07
-0.0009253430230118,1.3850657576397716e-07
-0.0009253430230118,1.3850657576397716e-07
-0.0009253430230118,1.3850657576397716e-07
-0.0009253430230118,1.3850657576397716e-07
-0.0009253430230118,1.3850657576397716e-07
8.426996926641256e-05,3.4637107762761437
-0.0009253430230097641,1.3851345434297933e-07
-0.0009253430230118,1.3850657576397716e-07
-0.0009253430230118,1.3850657576397716e-07
-0.0009253430230118,1.3850657576397716e-07
-0.0009253430230118,1.3850657576397716e-07
-0.0009253430230118,1.3850657576397716e-07
-0.0009253430230118,1.3850657576398743e-07
-0.0009253430230118,1.3850657576397716e-07
-0.0009253430230118,1.3850657576397716e-07
-0.0009253430230118,1.3850657576397716e-07
-0.0009253430230118,1.3850657576397716e-07
-0.0009253430230118,1.3850657576397716e-07
8.50214879281366e-05,3.4662890346810205
-0.0009253430230095945,1.385140233062333e-07
-0.0009253430230118,1.3850657576397716e-07
-0.0009253430230118,1.3850657576397716e-07
55959.63835577407,191982471.84435675
-0.0009253430230118,1.3850657576397716e-07
-0.0009253430230118,1.3850657576397716e-07
-0.0009253430230118,1.3850657576398764e-07
-0.0009253430230118,1.3850657576397716e-07
-0.0009253430230118,1.3850657576397716e-07
-0.0009253430230118,1.3850657576397716e-07
-0.0009253430230118,1.3850657576397716e-07
-0.0009253430230118,1.3850657576397716e-07
1.902320477379889e+17,-55449420297889.36
-0.0009253430230088741,1.3851646757747503e-07
-0.0009253430230118,1.3850657576397716e-07
-0.0009253430230118,1.3850657576397716e-07
-0.0009253430230118,1.3850657576397716e-07
-0.0009253430230118,1.3850657576397716e-07
-0.0009253430230118,1.3850657576397716e-07
-0.0009253430230118,1.3850657576398891e-07
-0.0009253430230118,1.3850657576397716e-07
-0.0009253430230118,1.3850657576397716e-07
5276413.274926354,-1537.9851126593724
-0.0009253430230118,1.3850657576397716e-07
-0.0009253430230118,1.3850657576397716e-07
8.654718061342577e-05,3.4715232759442594
-0.0009253430230085821,1.3851743448193883e-07
-0.0009253430230118,1.3850657576397716e-07
-0.0009253430230118,1.3850657576397716e-07
-0.0009253430230118,1.3850657576397716e-07
-0.0009253430230118,1.3850657576397716e-07
-0.0009253430230118,1.3850657576397716e-07
-0.0009253430230118,1.3850657576398754e-07
-0.0009253430230118,1.3850657576397716e-07
-0.0009253430230118,1.3850657576397716e-07
-0.0009253430230118,1.3850657576397716e-07
-0.0009253430230118,1.3850657576397716e-07
-0.0009253430230118,1.3850657576397716e-07
0.05883728465731795,3.4740453090745382
-0.0009253430230078194,1.3851999240965306e-07
-0.0009253430230118,1.3850657576397716e-07
-0.0009253430230118,1.3850657576397716e-07
-0.0009253430230118,1.3850657576397716e-07
-0.0009253430230118,1.3850657576397716e-07
-0.0009253430230118,1.3850657576397716e-07
-0.0009253430230118,1.3850657576399188e-07
-0.0009253430230118,1.3850657576397716e-07
-0.0009253430230118,1.3850657576397716e-07
-0.0009253430230118,1.3850657576397716e-07
-0.0009253430230118,1.3850657576397716e-07
-0.0009253430230118,1.3850657576397716e-07
8.80501484418749e-05,3.476679554335444
-0.0009253430230058088,1.385269288659791e-07
-0.0009253430230118,1.3850657576397716e-07
-0.0009253430230118,1.3850657576397716e-07
-0.0009253430230118,1.3850657576397716e-07
-0.0009253430230118,1.3850657576397716e-07
-0.0009253430230118,1.3850657576397716e-07
-0.0009253430230118,1.3850657576399982e-07
-0.0009253430230118,1.3850657576397716e-07
-0.0009253430230118,1.3850657576397716e-07
-0.0009253430230118,1.3850657576397716e-07
-0.0009253430230118,1.3850657576397716e-07
-0.0009253430230118,1.3850657576397716e-07
-4.932681744164906e+32,1.4377931924733352e+29
-0.0009253430230001352,1.3854637241435258e-07
-0.0009253430230118,1.3850657576397716e-07
-0.0009253430230118,1.3850657576397716e-07
-0.0009253430230118,1.3850657576397716e-07
-0.0009253430230118,1.3850657576397716e-07
-0.0009253430230118,1.3850657576397716e-07
-0.0009253430230118,1.385065757640032e-07
-0.0009253430230118,1.3850657576397716e-07
-0.0009253430230118,1.3850657576397716e-07
-0.0009253430230118,1.3850657576397716e-07
-0.0009253430230118,1.3850657576397716e-07
-0.0009253430230118,1.3850657576397716e-07
0.05883956186866496,3.481857808742654
-0.0009253430229954596,1.3856228845298566e-07
-0.0009253430230118,1.3850657576397716e-07
-0.0009253430230118,1.3850657576397716e-07
-0.0009253430230118,1.3850657576397716e-07
-0.0009253430230118,1.3850657576397716e-07
-0.0009253430230118,1.3850657576397716e-07
-0.0009253430230118,1.3850657576400395e-07
-0.0009253430230118,1.3850657576397716e-07
-0.0009253430230118,1.3850657576397716e-07
-0.0009253430230118,1.3850657576397716e-07
-0.0009253430230118,1.3850657576397716e-07
-0.0009253430230118,1.3850657576397716e-07
9.03273597888881e-05,3.4844920540035598
-0.000925343022990488,1.385793474939405e-07
-0.0009253430230118,1.3850657576397716e-07
-0.0009253430230118,1.3850657576397716e-07
-0.0009253430230118,1.3850657576397716e-07
-0.0009253430230118,1.3850657576397716e-07
-0.0009253430230118,1.3850657576397716e-07
-0.0009253430230118,1.3850657576401507e-07
-0.0009253430230118,1.3850657576397716e-07
-0.0009253430230118,1.3850657576397716e-07
-0.0009253430230118,1.3850657576397716e-07
-0.0009253430230118,1.3850657576397716e-07
-0.0009253430230118,1.3850657576397716e-07
9.10674812746574e-05,3.487031211763125
-0.0009253430229769582,1.386257436427779e-07
-0.0009253430230118,1.3850657576397716e-07
-0.0009253430230118,1.3850657576397716e-07
-0.0009253430230118,1.3850657576397716e-07
-0.0009253430230118,1.3850657576397716e-07
-0.0009253430230118,1.3850657576397716e-07
-0.0009253430230118,1.38506575764014e-07
-0.0009253430230118,1.3850657576397716e-07
-0.0009253430230118,1.3850657576397716e-07
-0.0009253430230118,1.3850657576397716e-07
-0.0009253430230118,1.3850657576397716e-07
-0.0009253430230118,1.3850657576397716e-07
2.7200829065229695e+23,-7.92858102104035e+19
-0.000925343022961303,1.386794035919764e-07
-0.0009253430230118,1.3850657576397716e-07
-0.0009253430230118,1.3850657576397716e-07
-0.0009253430230118,1.3850657576397716e-07
-0.0009253430230118,1.3850657576397716e-07
-0.0009253430230118,1.3850657576397716e-07
-0.0009253430230118,1.3850657576401422e-07
-0.0009253430230118,1.3850657576397716e-07
-0.0009253430230118,1.3850657576397716e-07
-0.0009253430230118,1.3850657576397716e-07
-0.0009253430230118,1.3850657576397716e-07
-0.0009253430230118,1.3850657576397716e-07
9.259314019952937e-05,3.4922654530263735
-0.000925343022936316,1.3876491921068704e-07
-0.0009253430230118,1.3850657576397716e-07
-0.0009253430230118,1.3850657576397716e-07
-0.0009253430230118,1.3850657576397716e-07
-0.0009253430230118,1.3850657576397716e-07
-0.0009253430230118,1.3850657576397716e-07
-0.0009253430230118,1.3850657576401824e-07
-0.0009253430230118,1.3850657576397716e-07
-0.0009253430230118,1.3850657576397716e-07
-0.0009253430230118,1.3850657576397716e-07
-0.0009253430230118,1.3850657576397716e-07
-0.0009253430230118,1.3850657576397716e-07
9.334469262167061e-05,3.4948437114312405
-0.0009253430229182692,1.3882676420939628e-07
-0.0009253430230118,1.3850657576397716e-07
-0.0009253430230118,1.3850657576397716e-07
-0.0009253430230118,1.3850657576397716e-07
-0.0009253430230118,1.3850657576397716e-07
-0.0009253430230118,1.3850657576397716e-07
-0.0009253430230118,1.3850657576401888e-07
-0.0009253430230118,1.3850657576397716e-07
-0.0009253430230118,1.3850657576397716e-07
-0.0009253430230118,1.3850657576397716e-07
-0.0009253430230118,1.3850657576397716e-07
-0.0009253430230118,1.3850657576397716e-07
2.7200829065229695e+23,-7.92858102104035e+19
-0.0009253430228827352,1.389486361056755e-07
-0.0009253430230118,1.3850657576397716e-07
-0.0009253430230118,1.3850657576397716e-07
-0.0009253430230118,1.3850657576397716e-07
-0.0009253430230118,1.3850657576397716e-07
-0.0009253430230118,1.3850657576397716e-07
-0.0009253430230118,1.385065757640263e-07
-0.0009253430230118,1.3850657576397716e-07
-0.0009253430230118,1.3850657576397716e-07
-0.0009253430230118,1.3850657576397716e-07
-0.0009253430230118,1.3850657576397716e-07
-0.0009253430230118,1.3850657576397716e-07
-3.218643847351014e+26,9.381801731262799e+22
-0.0009253430228312949,1.3912512272904403e-07
-0.0009253430230118,1.3850657576397716e-07
-0.0009253430230118,1.3850657576397716e-07
-0.0009253430230118,1.3850657576397716e-07
-0.0009253430230118,1.3850657576397716e-07
-0.0009253430230118,1.3850657576397716e-07
-0.0009253430230118,1.3850657576402015e-07
-0.0009253430230118,1.3850657576397716e-07
-0.0009253430230118,1.3850657576397716e-07
-0.0009253430230118,1.3850657576397716e-07
-0.0009253430230118,1.3850657576397716e-07
-0.0009253430230118,1.3850657576397716e-07
9.523474746190241e-05,3.5013279812516065
-0.0009253430228640109,1.3901234439156865e-07
-0.0009253430230118,1.3850657576397716e-07
-0.0009253430230118,1.3850657576397716e-07
-0.0009253430230118,1.3850657576397716e-07
-0.0009253430230118,1.3850657576397716e-07
-0.0009253430230118,1.3850657576397716e-07
-0.0009253430230118,1.3850657576402671e-07
-0.0009253430230118,1.3850657576397716e-07
-0.0009253430230118,1.3850657576397716e-07
-0.0009253430230118,1.3850657576397716e-07
-0.0009253430230118,1.3850657576397716e-07
-0.0009253430230118,1.3850657576397716e-07
89128.95724680656,-22.47696448242504
-0.0009253430228260038,1.3914331090146416e-07
-0.0009253430230118,1.3850657576397716e-07
-0.0009253430230118,1.3850657576397716e-07
-0.0009253430230118,1.3850657576397716e-07
-0.0009253430230118,1.3850657576397716e-07
-0.0009253430230118,1.3850657576397716e-07
-0.0009253430230118,1.3850657576403942e-07
-0.0009253430230118,1.3850657576397716e-07
-0.0009253430230118,1.3850657576397716e-07
-0.0009253430230118,1.3850657576397716e-07
-0.0009253430230118,1.3850657576397716e-07
-0.0009253430230118,1.3850657576397716e-07
-3.218643847351014e+26,9.381801731262799e+22
-0.0009253430225788403,1.3999104502608015e-07
-0.0009253430230118,1.3850657576397716e-07
-0.0009253430230118,1.3850657576397716e-07
-0.0009253430230118,1.3850657576397716e-07
-0.0009253430230118,1.3850657576397716e-07
-0.0009253430230118,1.3850657576397716e-07
-0.0009253430230118,1.3850657576404747e-07
-0.0009253430230118,1.3850657576397716e-07
-0.0009253430230118,1.3850657576397716e-07
-0.0009253430230118,1.3850657576397716e-07
-0.0009253430230118,1.3850657576397716e-07
-0.0009253430230118,1.3850657576397716e-07
9.637335313540912e-05,3.505234231085664
-0.0009253430224914851,1.4028933840327813e-07
-0.0009253430230118,1.3850657576397716e-07
-0.0009253430230118,1.3850657576397716e-07
-0.0009253430230118,1.3850657576397716e-07
-0.0009253430230118,1.3850657576397716e-07
-0.0009253430230118,1.3850657576397716e-07
-0.0009253430230118,1.385065757640716e-07
-0.0009253430230118,1.3850657576397716e-07
-0.0009253430230118,1.3850657576397716e-07
-0.0009253430230118,1.3850657576397716e-07
-0.0009253430230118,1.3850657576397716e-07
-0.0009253430230118,1.3850657576397716e-07
1.902320477379889e+17,-55449420297889.32
-0.0009253430223111391,1.409079500943964e-07
-0.0009253430230118,1.3850657576397716e-07
-0.0009253430230118,1.3850657576397716e-07
-0.0009253430230118,1.3850657576397716e-07
-0.0009253430230118,1.3850657576397716e-07
-0.0009253430230118,1.3850657576397716e-07
-0.0009253430230118,1.3850657576407796e-07
-0.0009253430230118,1.3850657576397716e-07
-0.0009253430230118,1.3850657576397716e-07
-0.0009253430230118,1.3850657576397716e-07
-0.0009253430230118,1.3850657576397716e-07
-0.0009253430230118,1.3850657576397716e-07
9.711917320914386e-05,3.507792939167885
-0.0009253430222048409,1.4127174973593292e-07
-0.0009253430230118,1.3850657576397716e-07
-0.0009253430230118,1.3850657576397716e-07
-0.0009253430230118,1.3850657576397716e-07
-0.0009253430230118,1.3850657576397716e-07
-0.0009253430230118,1.3850657576397716e-07
-0.0009253430230118,1.3850657576409831e-07
-0.0009253430230118,1.3850657576397716e-07
-0.0009253430230118,1.3850657576397716e-07
-0.0009253430230118,1.3850657576397716e-07
-0.0009253430230118,1.3850657576397716e-07
-0.0009253430230118,1.3850657576397716e-07
9.750626022092675e-05,3.5091209305970663
-0.0009253430222298672,1.411844389142822e-07
-0.0009253430230118,1.3850657576397716e-07
-0.0009253430230118,1.3850657576397716e-07
-0.0009253430230118,1.3850657576397716e-07
-0.0009253430230118,1.3850657576397716e-07
-0.0009253430230118,1.3850657576397716e-07
-0.0009253430230118,1.3850657576412116e-07
-0.0009253430230118,1.3850657576397716e-07
-0.0009253430230118,1.3850657576397716e-07
-0.0009253430230118,1.3850657576397716e-07
-0.0009253430230118,1.3850657576397716e-07
-0.0009253430230118,1.3850657576397716e-07
1.902320477379889e+17,-55449420297889.32
-0.0009253430219797903,1.420430045408708e-07
-0.0009253430230118,1.3850657576397716e-07
-0.0009253430230118,1.3850657576397716e-07
-0.0009253430230118,1.3850657576397716e-07
-0.0009253430230118,1.3850657576397716e-07
-0.0009253430230118,1.3850657576397716e-07
-0.0009253430230118,1.3850657576415927e-07
-0.0009253430230118,1.3850657576397716e-07
-0.0009253430230118,1.3850657576397716e-07
-0.0009253430230118,1.3850657576397716e-07
-0.0009253430230118,1.3850657576397716e-07
-0.0009253430230118,1.3850657576397716e-07
9.825777888265057e-05,3.511699189001943
-0.000925343021635896,1.4322202759208974e-07
-0.0009253430230118,1.3850657576397716e-07
-0.0009253430230118,1.3850657576397716e-07
-0.0009253430230118,1.3850657576397716e-07
-0.0009253430230118,1.3850657576397716e-07
-0.0009253430230118,1.3850657576397716e-07
-0.0009253430230118,1.3850657576417198e-07
-0.0009253430230118,1.3850657576397716e-07
-0.0009253430230118,1.3850657576397716e-07
-0.0009253430230118,1.3850657576397716e-07
-0.0009253430230118,1.3850657576397716e-07
-0.0009253430230118,1.3850657576397716e-07
-107374179.4385187,31301.2678912579
-0.0009253430215410656,1.4354217504214312e-07
-0.0009253430230118,1.3850657576397716e-07
-0.0009253430230118,1.3850657576397716e-07
-0.0009253430230118,1.3850657576397716e-07
-0.0009253430230118,1.3850657576397716e-07
-0.0009253430230118,1.3850657576397716e-07
-0.0009253430230118,1.3850657576417285e-07
-0.0009253430230118,1.3850657576397716e-07
-0.0009253430230118,1.3850657576397716e-07
-0.0009253430230118,1.3850657576397716e-07
-0.0009253430230118,1.3850657576397716e-07
-0.0009253430230118,1.3850657576397716e-07
4.056481657736739e+29,-1.182395705903026e+26
-0.0009253430203591198,1.4758825656141906e-07
-0.0009253430230118,1.3850657576397716e-07
-0.0009253430230118,1.3850657576397716e-07
-0.0009253430230118,1.3850657576397716e-07
-0.0009253430230118,1.3850657576397716e-07
-0.0009253430230118,1.3850657576397716e-07
-0.0009253430230118,1.3850657576423638e-07
-0.0009253430230118,1.3850657576397716e-07
-0.0009253430230118,1.3850657576397716e-07
-0.0009253430230118,1.3850657576397716e-07
-0.0009253430230118,1.3850657576397716e-07
-0.0009253430230118,1.3850657576397716e-07
9.939068599547644e-05,3.5155858885133453
-0.0009253430193586167,1.5102252262043038e-07
-0.0009253430230118,1.3850657576397716e-07
-0.0009253430230118,1.3850657576397716e-07
-0.0009253430230118,1.3850657576397716e-07
-0.0009253430230118,1.3850657576397716e-07
-0.0009253430230118,1.3850657576397716e-07
-0.0009253430230118,1.3850657576439562e-07
-0.0009253430230118,1.3850657576397716e-07
-0.0009253430230118,1.3850657576397716e-07
-0.0009253430230118,1.3850657576397716e-07
-0.0009253430230118,1.3850657576397716e-07
-0.0009253430230118,1.3850657576397716e-07
-107374179.43851757,31301.271797507736
-0.0009253430188635292,1.5271055803699737e-07
-0.0009253430230118,1.3850657576397716e-07
-0.0009253430230118,1.3850657576397716e-07
-0.0009253430230118,1.3850657576397716e-07
-0.0009253430230118,1.3850657576397716e-07
-0.0009253430230118,1.3850657576397716e-07
-0.0009253430230118,1.3850657576454984e-07
-0.0009253430230118,1.3850657576397716e-07
-0.0009253430230118,1.3850657576397716e-07
-0.0009253430230118,1.3850657576397716e-07
-0.0009253430230118,1.3850657576397716e-07
-0.0009253430230118,1.3850657576397716e-07
4.056481657736739e+29,-1.182395705903026e+26
-0.0009253430158042726,1.6318928569786832e-07
-0.0009253430230118,1.3850657576397716e-07
-0.0009253430230118,1.3850657576397716e-07
-0.0009253430230118,1.3850657576397716e-07
-0.0009253430230118,1.3850657576397716e-07
-0.0009253430230118,1.3850657576397716e-07
-0.0009253430230118,1.3850657576466842e-07
-0.0009253430230118,1.3850657576397716e-07
-0.0009253430230118,1.3850657576397716e-07
-0.0009253430230118,1.3850657576397716e-07
-0.0009253430230118,1.3850657576397716e-07
-0.0009253430230118,1.3850657576397716e-07
0.00010052929166898294,3.519492138347403
-0.0009253430133594645,1.715739081152973e-07
-0.0009253430230118,1.3850657576397716e-07
-0.0009253430230118,1.3850657576397716e-07
-0.0009253430230118,1.3850657576397716e-07
-0.0009253430230118,1.3850657576397716e-07
-0.0009253430230118,1.3850657576397716e-07
-0.0009253430230118,1.385065757647565e-07
-0.0009253430230118,1.3850657576397716e-07
-0.0009253430230118,1.3850657576397716e-07
-0.0009253430230118,1.3850657576397716e-07
-0.0009253430230118,1.3850657576397716e-07
-0.0009253430230118,1.3850657576397716e-07
-2.3021534781582452e+20,6.710387514540767e+16
-0.0009253430122057124,1.7553212125981915e-07
-0.0009253430230118,1.3850657576397716e-07
-0.0009253430230118,1.3850657576397716e-07
-0.0009253430230118,1.3850657576397716e-07
-0.0009253430230118,1.3850657576397716e-07
-0.0009253430230118,1.3850657576397716e-07
-0.0009253430230118,1.3850657576478023e-07
-0.0009253430230118,1.3850657576397716e-07
-0.0009253430230118,1.3850657576397716e-07
-0.0009253430230118,1.3850657576397716e-07
-0.0009253430230118,1.3850657576397716e-07
-0.0009253430230118,1.3850657576397716e-07
0.00010128643939638887,3.5220897086563667
-0.0009253430109818775,1.797231472738887e-07
-0.0009253430230118,1.3850657576397716e-07
-0.0009253430230118,1.3850657576397716e-07
-0.0009253430230118,1.3850657576397716e-07
-0.0009253430230118,1.3850657576397716e-07
-0.0009253430230118,1.3850657576397716e-07
-0.0009253430230118,1.3850657576470908e-07
-0.0009253430230118,1.3850657576397716e-07
-0.0009253430230118,1.3850657576397716e-07
-0.0009253430230118,1.3850657576397716e-07
-0.0009253430230118,1.3850657576397716e-07
-0.0009253430230118,1.3850657576397716e-07
0.00010166789734248965,3.523398388181461
-0.0009253430094861403,1.8484547805931332e-07
-0.0009253430230118,1.3850657576397716e-07
-0.0009253430230118,1.3850657576397716e-07
-0.0009253430230118,1.3850657576397716e-07
-0.0009253430230118,1.3850657576397716e-07
-0.0009253430230118,1.3850657576397716e-07
-0.0009253430230118,1.3850657576469553e-07
-0.0009253430230118,1.3850657576397716e-07
-0.0009253430230118,1.3850657576397716e-07
-0.0009253430230118,1.3850657576397716e-07
-0.0009253430230118,1.3850657576397716e-07
-0.0009253430230118,1.3850657576397716e-07
-2.3021534781582452e+20,6.710387514540767e+16
-0.0009253430073830397,1.9206331652402943e-07
-0.0009253430230118,1.3850657576397716e-07
-0.0009253430230118,1.3850657576397716e-07
-0.0009253430230118,1.3850657576397716e-07
-0.0009253430230118,1.3850657576397716e-07
-0.0009253430230118,1.3850657576397716e-07
-0.0009253430230118,1.3850657576472602e-07
-0.0009253430230118,1.3850657576397716e-07
-0.0009253430230118,1.3850657576397716e-07
-0.0009253430230118,1.3850657576397716e-07
-0.0009253430230118,1.3850657576397716e-07
-0.0009253430230118,1.3850657576397716e-07
0.00010241934648192992,3.525976408167769
-0.0009253430046669046,2.0138240740464656e-07
-0.0009253430230118,1.3850657576397716e-07
-0.0009253430230118,1.3850657576397716e-07
-0.0009253430230118,1.3850657576397716e-07
-0.0009253430230118,1.3850657576397716e-07
-0.0009253430230118,1.3850657576397716e-07
-0.0009253430230118,1.3850657576473618e-07
-0.0009253430230118,1.3850657576397716e-07
-0.0009253430230118,1.3850657576397716e-07
-0.0009253430230118,1.3850657576397716e-07
-0.0009253430230118,1.3850657576397716e-07
-0.0009253430230118,1.3850657576397716e-07
126443834116.51585,-36856232.76610847
-0.0009253430060868606,1.9648730462096835e-07
-0.0009253430230118,1.3850657576397716e-07
-0.0009253430230118,1.3850657576397716e-07
-0.0009253430230118,1.3850657576397716e-07
-0.0009253430230118,1.3850657576397716e-07
-0.0009253430230118,1.3850657576397716e-07
-0.0009253430230118,1.385065757646176e-07
-0.0009253430230118,1.3850657576397716e-07
-0.0009253430230118,1.3850657576397716e-07
-0.0009253430230118,1.3850657576397716e-07
-0.0009253430230118,1.3850657576397716e-07
-0.0009253430230118,1.3850657576397716e-07
-4.932681744164906e+32,1.4377931924733352e+29
-0.000925343006961832,1.9346379264021787e-07
-0.0009253430230118,1.3850657576397716e-07
-0.0009253430230118,1.3850657576397716e-07
-0.0009253430230118,1.3850657576397716e-07
-0.0009253430230118,1.3850657576397716e-07
-0.0009253430230118,1.3850657576397716e-07
-0.0009253430230118,1.3850657576481067e-07
-0.0009253430230118,1.3850657576397716e-07
-0.0009253430230118,1.3850657576397716e-07
-0.0009253430230118,1.3850657576397716e-07
-0.0009253430230118,1.3850657576397716e-07
-0.0009253430230118,1.3850657576397716e-07
0.00010355795215543663,3.5298826580018265
-0.0009253430104953338,1.8134741236788094e-07
-0.0009253430230118,1.3850657576397716e-07
-0.0009253430230118,1.3850657576397716e-07
-0.0009253430230118,1.3850657576397716e-07
-0.0009253430230118,1.3850657576397716e-07
-0.0009253430230118,1.3850657576397716e-07
-0.0009253430230118,1.3850657576472946e-07
-0.0009253430230118,1.3850657576397716e-07
-0.0009253430230118,1.3850657576397716e-07
-0.0009253430230118,1.3850657576397716e-07
-0.0009253430230118,1.3850657576397716e-07
-0.0009253430230118,1.3850657576397716e-07
126443834116.51585,-36856232.76220222
-0.0009253430013919245,2.125650492927548e-07
-0.0009253430230118,1.3850657576397716e-07
-0.0009253430230118,1.3850657576397716e-07
-0.0009253430230118,1.3850657576397716e-07
-0.0009253430230118,1.3850657576397716e-07
-0.0009253430230118,1.3850657576397716e-07
-0.0009253430230118,1.38506575764804e-07
-0.0009253430230118,1.3850657576397716e-07
-0.0009253430230118,1.3850657576397716e-07
-0.0009253430230118,1.3850657576397716e-07
-0.0009253430230118,1.3850657576397716e-07
-0.0009253430230118,1.3850657576397716e-07
0.00010430947081713703,3.5324609164067033
-0.0009253429897062859,2.5261188276915497e-07
-0.0009253430230118,1.3850657576397716e-07
-0.0009253430230118,1.3850657576397716e-07
-0.0009253430230118,1.3850657576397716e-07
-0.0009253430230118,1.3850657576397716e-07
-0.0009253430230118,1.3850657576397716e-07
-0.0009253430230118,1.3850657576484476e-07
-0.0009253430230118,1.3850657576397716e-07
-0.0009253430230118,1.3850657576397716e-07
-0.0009253430230118,1.3850657576397716e-07
-0.0009253430230118,1.3850657576397716e-07
-0.0009253430230118,1.3850657576397716e-07
0.00010469082548053685,3.5337693575132385
-0.0009253429621390736,3.471593881274774e-07
-0.0009253430230118,1.3850657576397716e-07
-0.0009253430230118,1.3850657576397716e-07
-0.0009253430230118,1.3850657576397716e-07
-0.0009253430230118,1.3850657576397716e-07
-0.0009253430230118,1.3850657576397716e-07
-0.0009253430230118,1.3850657576500062e-07
-0.0009253430230118,1.3850657576397716e-07
-0.0009253430230118,1.3850657576397716e-07
-0.0009253430230118,1.3850657576397716e-07
-0.0009253430230118,1.3850657576397716e-07
-0.0009253430230118,1.3850657576397716e-07
2.7200829065229695e+23,-7.92858102104035e+19
-0.0009253429159825256,5.055207551931087e-07
-0.0009253430230118,1.3850657576397716e-07
-0.0009253430230118,1.3850657576397716e-07
-0.0009253430230118,1.3850657576397716e-07
-0.0009253430230118,1.3850657576397716e-07
-0.0009253430230118,1.3850657576397716e-07
-0.0009253430230118,1.385065757653392e-07
-0.0009253430230118,1.3850657576397716e-07
-0.0009253430230118,1.3850657576397716e-07
-0.0009253430230118,1.3850657576397716e-07
-0.0009253430230118,1.3850657576397716e-07
-0.0009253430230118,1.3850657576397716e-07
0.00010544807649064353,3.5363671662407614
-0.000925342840484018,7.645015205681413e-07
-0.0009253430230118,1.3850657576397716e-07
-0.0009253430230118,1.3850657576397716e-07
-0.0009253430230118,1.3850657576397716e-07
-0.0009253430230118,1.3850657576397716e-07
-0.0009253430230118,1.3850657576397716e-07
-0.0009253430230118,1.385065757656308e-07
-0.0009253430230118,1.3850657576397716e-07
-0.0009253430230118,1.3850657576397716e-07
-0.0009253430230118,1.3850657576397716e-07
-0.0009253430230118,1.3850657576397716e-07
-0.0009253430230118,1.3850657576397716e-07
-71.67989143635805,3.558549562310884
-0.0009253427503519656,1.0737006022036581e-06
-0.0009253430230118,1.3850657576397716e-07
-0.0009253430230118,1.3850657576397716e-07
-0.0009253430230118,1.3850657576397716e-07
-0.0009253430230118,1.3850657576397716e-07
-0.0009253430230118,1.3850657576397716e-07
-0.0009253430230118,1.385065757664171e-07
-0.0009253430230118,1.3850657576397716e-07
-0.0009253430230118,1.3850657576397716e-07
-0.0009253430230118,1.3850657576397716e-07
-0.0009253430230118,1.3850657576397716e-07
-0.0009253430230118,1.3850657576397716e-07
5.8486029013067675e+35,-1.704768698472419e+32
-0.000925342697188362,1.256093617806964e-06
-0.0009253430230118,1.3850657576397716e-07
-0.0009253430230118,1.3850657576397716e-07
-0.0009253430230118,1.3850657576397716e-07
-0.0009253430230118,1.3850657576397716e-07
-0.0009253430230118,1.3850657576397716e-07
-0.0009253430230118,1.3850657576651162e-07
-0.0009253430230118,1.3850657576397716e-07
-0.0009253430230118,1.3850657576397716e-07
-0.0009253430230118,1.3850657576397716e-07
-0.0009253430230118,1.3850657576397716e-07
-0.0009253430230118,1.3850657576397716e-07
0.00010658098357618458,3.540253865752163
-0.000925342488619028,1.9716419546348625e-06
-0.0009253430230118,1.3850657576397716e-07
-0.0009253430230118,1.3850657576397716e-07
-0.0009253430230118,1.3850657576397716e-07
-0.0009253430230118,1.3850657576397716e-07
-0.0009253430230118,1.3850657576397716e-07
-0.0009253430230118,1.3850657576796184e-07
-0.0009253430230118,1.3850657576397716e-07
-0.0009253430230118,1.3850657576397716e-07
-0.0009253430230118,1.3850657576397716e-07
-0.0009253430230118,1.3850657576397716e-07
-0.0009253430230118,1.3850657576397716e-07
-71.67989029775237,3.562455812144942
-0.0009253422496323858,2.7914981880110128e-06
-0.0009253430230118,1.3850657576397716e-07
-0.0009253430230118,1.3850657576397716e-07
-0.0009253430230118,1.3850657576397716e-07
-0.0009253430230118,1.3850657576397716e-07
-0.0009253430230118,1.3850657576397716e-07
-0.0009253430230118,1.3850657576740608e-07
-0.0009253430230118,1.3850657576397716e-07
-0.0009253430230118,1.3850657576397716e-07
-0.0009253430230118,1.3850657576397716e-07
-0.0009253430230118,1.3850657576397716e-07
-0.0009253430230118,1.3850657576397716e-07
5.8486029013067675e+35,-1.704768698472419e+32
-0.0009253420715496692,3.4024459983781354e-06
-0.0009253430230118,1.3850657576397716e-07
-0.0009253430230118,1.3850657576397716e-07
-0.0009253430230118,1.3850657576397716e-07
-0.0009253430230118,1.3850657576397716e-07
-0.0009253430230118,1.3850657576397716e-07
-0.0009253430230118,1.3850657576861236e-07
-0.0009253430230118,1.3850657576397716e-07
-0.0009253430230118,1.3850657576397716e-07
-0.0009253430230118,1.3850657576397716e-07
-0.0009253430230118,1.3850657576397716e-07
-0.0009253430230118,1.3850657576397716e-07
0.0001077195892496913,3.5441601155862212
-0.0009253418759064884,4.073585757162767e-06
-0.0009253430230118,1.3850657576397716e-07
-0.0009253430230118,1.3850657576397716e-07
-0.0009253430230118,1.3850657576397716e-07
-0.0009253430230118,1.3850657576397716e-07
-0.0009253430230118,1.3850657576397716e-07
-0.0009253430230118,1.3850657576980496e-07
-0.0009253430230118,1.3850657576397716e-07
-0.0009253430230118,1.3850657576397716e-07
-0.0009253430230118,1.3850657576397716e-07
-0.0009253430230118,1.3850657576397716e-07
-0.0009253430230118,1.3850657576397716e-07
-151996487006560.72,44304401875.08624
-0.0009253412938796285,6.070338998575078e-06
-0.0009253430230118,1.3850657576397716e-07
-0.0009253430230118,1.3850657576397716e-07
-0.0009253430230118,1.3850657576397716e-07
-0.0009253430230118,1.3850657576397716e-07
-0.0009253430230118,1.3850657576397716e-07
-0.0009253430230118,1.3850657577281383e-07
-0.0009253430230118,1.3850657576397716e-07
-0.0009253430230118,1.3850657576397716e-07
-0.0009253430230118,1.3850657576397716e-07
-0.0009253430230118,1.3850657576397716e-07
-0.0009253430230118,1.3850657576397716e-07
0.00010847103841641638,3.546738135572529
-0.0009253407462346009,7.949056658356676e-06
-0.0009253430230118,1.3850657576397716e-07
-0.0009253430230118,1.3850657576397716e-07
-0.0009253430230118,1.3850657576397716e-07
-0.0009253430230118,1.3850657576397716e-07
-0.0009253430230118,1.3850657576397716e-07
-0.0009253430230118,1.3850657577129598e-07
-0.0009253430230118,1.3850657576397716e-07
-0.0009253430230118,1.3850657576397716e-07
-0.0009253430230118,1.3850657576397716e-07
-0.0009253430230118,1.3850657576397716e-07
-0.0009253430230118,1.3850657576397716e-07
0.00010889421958409212,3.5480468150854616
-0.0009253401033748222,1.0154432059329169e-05
-0.0009253430230118,1.3850657576397716e-07
-0.0009253430230118,1.3850657576397716e-07
-0.0009253430230118,1.3850657576397716e-07
-0.0009253430230118,1.3850657576397716e-07
-0.0009253430230118,1.3850657576397716e-07
-0.0009253430230118,1.3850657576801603e-07
-0.0009253430230118,1.3850657576397716e-07
-0.0009253430230118,1.3850657576397716e-07
-0.0009253430230118,1.3850657576397716e-07
-0.0009253430230118,1.3850657576397716e-07
-0.0009253430230118,1.3850657576397716e-07
-151996487006560.72,44304401875.09015
-0.0009253409117417991,7.3807675582544775e-06
-0.0009253430230118,1.3850657576397716e-07
-0.0009253430230118,1.3850657576397716e-07
-0.0009253430230118,1.3850657576397716e-07
-0.0009253430230118,1.3850657576397716e-07
-0.0009253430230118,1.3850657576397716e-07
-0.0009253430230118,1.3850657576720277e-07
-0.0009253430230118,1.3850657576397716e-07
-0.0009253430230118,1.3850657576397716e-07
-0.0009253430230118,1.3850657576397716e-07
-0.0009253430230118,1.3850657576397716e-07
-0.0009253430230118,1.3850657576397716e-07
0.0001096096440899231,3.550644385406587
-0.0009253408073796043,7.738391773700503e-06
-0.0009253430230118,1.3850657576397716e-07
-0.0009253430230118,1.3850657576397716e-07
-0.0009253430230118,1.3850657576397716e-07
-0.0009253430230118,1.3850657576397716e-07
-0.0009253430230118,1.3850657576397716e-07
-0.0009253430230118,1.3850657576718922e-07
-0.0009253430230118,1.3850657576397716e-07
-0.0009253430230118,1.3850657576397716e-07
-0.0009253430230118,1.3850657576397716e-07
-0.0009253430230118,1.3850657576397716e-07
-0.0009253430230118,1.3850657576397716e-07
1.902320477379889e+17,-55449420297889.27
-0.0009253401730489388,9.914231790211665e-06
-0.0009253430230118,1.3850657576397716e-07
-0.0009253430230118,1.3850657576397716e-07
-0.0009253430230118,1.3850657576397716e-07
-0.0009253430230118,1.3850657576397716e-07
-0.0009253430230118,1.3850657576397716e-07
-0.0009253430230118,1.3850657576872079e-07
-0.0009253430230118,1.3850657576397716e-07
-0.0009253430230118,1.3850657576397716e-07
-0.0009253430230118,1.3850657576397716e-07
-0.0009253430230118,1.3850657576397716e-07
-0.0009253430230118,1.3850657576397716e-07
0.0001103611627516235,3.5532226438114636
-0.0009253391826789397,1.3311644556860981e-05
-0.0009253430230118,1.3850657576397716e-07
-0.0009253430230118,1.3850657576397716e-07
-0.0009253430230118,1.3850657576397716e-07
-0.0009253430230118,1.3850657576397716e-07
-0.0009253430230118,1.3850657576397716e-07
-0.0009253430230118,1.385065757690187e-07
-0.0009253430230118,1.3850657576397716e-07
-0.0009253430230118,1.3850657576397716e-07
-0.0009253430230118,1.3850657576397716e-07
-0.0009253430230118,1.3850657576397716e-07
-0.0009253430230118,1.3850657576397716e-07
0.00011074255117544073,3.554531084917989
-0.0009253382267633191,1.65904392105195e-05
-0.0009253430230118,1.3850657576397716e-07
-0.0009253430230118,1.3850657576397716e-07
-0.0009253430230118,1.3850657576397716e-07
-0.0009253430230118,1.3850657576397716e-07
-0.0009253430230118,1.3850657576397716e-07
-0.0009253430230118,1.3850657577156705e-07
-0.0009253430230118,1.3850657576397716e-07
-0.0009253430230118,1.3850657576397716e-07
-0.0009253430230118,1.3850657576397716e-07
-0.0009253430230118,1.3850657576397716e-07
-0.0009253430230118,1.3850657576397716e-07
1.902320477379889e+17,-55449420297889.27
-0.0009253430218393382,1.3850657542293597e-07
-0.0009253430230118,1.3850657576397716e-07
-0.0009253430230118,1.3850657576397716e-07
-0.0009253430230118,1.3850657576397716e-07
-0.0009253430230118,1.3850657576397716e-07
-0.0009253430230118,1.3850657576397716e-07
-0.0009253430230118,1.3850657579780618e-07
-0.0009253430230118,1.3850657576397716e-07
-0.0009253430230118,1.3850657576397716e-07
-0.0009253430230118,1.3850657576397716e-07
-0.0009253430230118,1.3850657576397716e-07
-0.0009253430230118,1.3850657576397716e-07
0.00011149976842512999,3.5571288936455217
-0.00092533443889577,2.9584302151153466e-05
-0.0009253430230118,1.3850657576397716e-07
-0.0009253430230118,1.3850657576397716e-07
-0.0009253430230118,1.3850657576397716e-07
-0.0009253430230118,1.3850657576397716e-07
-0.0009253430230118,1.3850657576397716e-07
-0.0009253430230117998,1.3850657581168396e-07
-0.0009253430230118,1.3850657576397716e-07
-0.0009253430230118,1.3850657576397716e-07
-0.0009253430230118,1.3850657576397716e-07
-0.0009253430230118,1.3850657576397716e-07
-0.0009253430230118,1.3850657576397716e-07
6.182663269869613e-05,3.5584177990177763
-0.0009253430230118,1.3850657576956107e-07
-0.0009253430230118,1.3850657576397716e-07
-0.0009253430230118,1.3850657576397716e-07
-0.0009253430230118,1.3850657576397716e-07
-0.0009253430230118,1.3850657576397716e-07
-0.0009253430230118,1.3850657576397716e-07
-0.0009253430230117998,1.385065758299005e-07
-0.0009253430230118,1.385065757643448e-07
-0.0009253430230118,1.3850657576397716e-07
-0.0009253430230118,1.3850657576397716e-07
-0.0009253430230118,1.3850657576397716e-07
-0.0009253430230118,1.3850657576397716e-07
1.902320477379889e+17,-55449420297889.266
-0.0009253430206668772,1.3850657508048873e-07
-0.0009253430230118,1.3850657576397716e-07
-0.0009253430230118,1.3850657576397716e-07
-0.0009253430230118,1.3850657576397716e-07
-0.0009253430230118,1.3850657576397716e-07
-0.0009253430230118,1.3850657576397716e-07
-0.0009253430230117998,1.3850657587326855e-07
-0.0009253430230118,1.3850657576432108e-07
-0.0009253430230118,1.3850657576407417e-07
-0.0009253430230118,1.3850657576397716e-07
-0.0009253430230118,1.3850657576397716e-07
-0.0009253430230118,1.3850657576397716e-07
0.00011263267551067104,3.561015593156924
-0.0009253430199563351,1.38506574873395e-07
-0.0009253430230118,1.3850657576397716e-07
-0.0009253430230117997,1.385065757639771e-07
-0.0009253430230118,1.3850657576397716e-07
-0.0009253430230118,1.3850657576397716e-07
-0.0009253430230118,1.3850657576397716e-07
-0.0009253430230117998,1.3850657591577312e-07
-0.0009253430230118,1.3850657576433972e-07
-0.0009253430230118,1.3850657576406867e-07
-0.0009253430230118,1.3850657576397716e-07
-0.0009253430230118,1.3850657576397716e-07
-0.0009253430230118,1.3850657576397716e-07
6.296523837220262e-05,3.562324048851834
-0.0009253430195726416,1.385065747623712e-07
-0.0009253430230118,1.385065757641136e-07
-0.0009253430230118,1.3850657576397716e-07
-0.0009253430230118,1.3850657576397716e-07
-0.0009253430230118,1.3850657576397716e-07
-0.0009253430230118,1.3850657576397716e-07
-0.0009253430230117998,1.3850657597995788e-07
-0.0009253430230118,1.3850657576418553e-07
-0.0009253430230118,1.3850657576413728e-07
-0.0009253430230118,1.3850657576397716e-07
-0.0009253430230118,1.3850657576397716e-07
-0.0009253430230118,1.3850657576397716e-07
1.902320477379889e+17,-55449420297889.266
-0.0009253430230118,1.3850657576402777e-07
-0.0009253430230118,1.3850657576401168e-07
-0.0009253430230118,1.3850657576397716e-07
-0.0009253430230118,1.3850657576397716e-07
-0.0009253430230118,1.3850657576397716e-07
-0.0009253430230118,1.3850657576397716e-07
-0.0009253430230117997,1.385065761317538e-07
-0.0009253430230118,1.3850657576398105e-07
-0.0009253430230118,1.3850657576397714e-07
-0.0009253430230118,1.3850657576397716e-07
-0.0009253430230118,1.3850657576397716e-07
-0.0009253430230118,1.3850657576397716e-07
0.00011376558262349691,3.5649022926683256
-0.0009253430230118,1.3850657576401613e-07
-0.0009253430230118,1.3850657576397716e-07
-0.0009253430230118,1.3850657576397716e-07
-0.0009253430230118,1.3850657576397716e-07
-0.0009253430230118,1.3850657576397764e-07
-0.0009253430230118,1.3850657576397716e-07
-0.0009253430230117998,1.3850657576397714e-07
-0.0009253430230118,1.3850657576398314e-07
-0.0009253430230117998,1.38506575763988e-07
-0.0009253430230118,1.3850657576397716e-07
-0.0009253430230118,1.3850657576397716e-07
-0.0009253430230118,1.3850657576397716e-07
-107374179.43850319,31301.32111391189
-0.0009253430230118,1.3850657576400024e-07
-0.0009253430230118,1.3850657576397923e-07
-0.0009253430230118,1.3850657576397716e-07
-0.0009253430230118,1.3850657576397716e-07
-0.0009253430230118,1.3850657576397716e-07
-0.0009253430230118,1.3850657576397716e-07
-0.0009253430230118,1.3850657576400808e-07
-0.0009253430230118,1.3850657576397716e-07
-0.0009253430230118,1.3850657576397716e-07
-0.0009253430230118,1.3850657576397716e-07
-0.0009253430230118,1.3850657576397716e-07
-0.0009253430230118,1.3850657576397716e-07
0.00011452273035090306,3.5674998629772894
-0.0009253430230118,1.385065757639993e-07
-0.0009253430230118,1.3850657576397933e-07
-0.0009253430230118,1.3850657576397716e-07
-0.0009253430230118,1.3850657576397716e-07
-0.0009253430230118,1.3850657576397716e-07
-0.0009253430230118,1.3850657576397716e-07
-0.0009253430230118,1.385065757639924e-07
-0.0009253430230118,1.3850657576398854e-07
-0.0009253430230118,1.3850657576471596e-07
-0.0009253430230118,1.3850657576397716e-07
-0.0009253430230118,1.3850657576397716e-07
-0.0009253430230118,1.3850657576397716e-07
0.00011490418829700362,3.5688085425023837
-0.0009253430230118,1.3850657576398346e-07
-0.0009253430230118,1.3850657576397902e-07
-0.0009253430230118,1.3850657576397716e-07
-0.0009253430230118,1.3850657576397716e-07
-0.0009253430230118,1.3850657576397716e-07
-0.0009253430230118,1.3850657576397716e-07
-0.0009253430230118,1.3850657576397716e-07
-0.0009253430230118,1.3850657576398833e-07
-0.0009253430230118,1.3850657576567838e-07
-0.0009253430230118,1.3850657576397716e-07
-0.0009253430230118,1.3850657576397716e-07
-0.0009253430230118,1.3850657576397716e-07
-107374179.43850206,31301.325020161723
-0.0009253430230118,1.3850657576398288e-07
-0.0009253430230118,1.385065757639894e-07
-0.0009253430230118,1.3850657576397716e-07
-0.0009253430230118,1.3850657576397716e-07
-0.0009253430230118,1.3850657576397716e-07
-0.0009253430230118,1.3850657576397716e-07
-0.0009253430230118,1.3850657576401274e-07
-0.0009253430230118,1.385065757639786e-07
-0.0009253430230118,1.3850657576397716e-07
-0.0009253430230118,1.3850657576397716e-07
-0.0009253430230118,1.3850657576397716e-07
-0.0009253430230118,1.3850657576397716e-07
0.0001156556374364439,3.5713865624886916
-0.0009253430230118,1.3850657576401443e-07
-0.0009253430230118,1.3850657576401486e-07
-0.0009253430230118,1.3850657576397716e-07
-0.0009253430230118,1.3850657576397716e-07
-0.0009253430230118,1.3850657576397716e-07
-0.0009253430230118,1.3850657576397716e-07
-0.0009253430230118,1.3850657576397716e-07
-0.0009253430230118,1.3850657576397788e-07
-0.0009253430230118,1.3850657576397984e-07
-0.0009253430230118,1.3850657576397716e-07
-0.0009253430230118,1.3850657576397716e-07
-0.0009253430230118,1.3850657576397716e-07
0.058866034450573985,3.5726781173844997
-0.0009253430230117972,1.3850657576402867e-07
-0.0009253430230118,1.385065757640083e-07
-0.0009253430230118,1.3850657576397716e-07
-0.0009253430230118,1.3850657576397716e-07
-0.0009253430230118,1.3850657576397716e-07
-0.0009253430230118,1.3850657576397716e-07
-0.0009253430230118,1.385065757646006e-07
-0.0009253430230118,1.3850657576397716e-07
-0.0009253430230117839,1.3850657576397528e-07
-0.0009253430230118,1.3850657576397716e-07
-0.0009253430230118,1.3850657576397716e-07
-0.0009253430230118,1.3850657576397716e-07
-4.932681744164906e+32,1.4377931924733352e+29
-0.0009253430230118,1.3850657576402904e-07
-0.0009253430230118,1.3850657576397716e-07
-0.0009253430230059418,1.3850657576226962e-07
-0.0009253430230118,1.3850657576397716e-07
-0.0009253430230118,1.3850657576397716e-07
-0.0009253430230118,1.3850657576397716e-07
-0.0009253430230118,1.3850657576440237e-07
-0.0009253430230118,1.3850657576398137e-07
-0.0009253430230118,1.3850657576397716e-07
-0.0009253430230118,1.3850657576397716e-07
-0.0009253430230118,1.3850657576397716e-07
-0.0009253430230118,1.3850657576397716e-07
0.00011679424310995061,3.575292812322749
-0.0009253430230118,1.3850657576403031e-07
-0.0009253430230118,1.385065757640191e-07
-0.0009253430230071906,1.3850657674148174e-07
-0.0009253430230118,1.3850657576397716e-07
-0.0009253430230118,1.3850657576397716e-07
-0.0009253430230118,1.3850657576397716e-07
-0.0009253430230118,1.385065757644583e-07
-0.0009253430230118,1.3850657576398097e-07
-0.0009253430230117983,1.3850658076155472e-07
-0.0009253430230118,1.3850657576397716e-07
-0.0009253430230118,1.3850657576397716e-07
-0.0009253430230118,1.3850657576397716e-07
0.058867173056247495,3.5765843672185573
-0.0009253430230118,1.385065757640032e-07
-0.0009253430230117997,1.3850657646497673e-07
-0.0009253430230117997,1.38506576482385e-07
-0.0009253430230118,1.3850657576397716e-07
-0.0009253430230118,1.3850657576397716e-07
-0.0009253430230118,1.3850657576397716e-07
-0.0009253430230118,1.3850657576402968e-07
-0.0009253430230118,1.3850657576398113e-07
-0.0009253430230117029,1.3850657816559234e-07
-0.0009253430230118,1.3850657576397716e-07
-0.0009253430230118,1.3850657576397716e-07
-0.0009253430230118,1.3850657576397716e-07
-4.932681744164906e+32,1.4377931924733352e+29
-0.0009253430230118,1.385065757639897e-07
-0.0009253430230118,1.3850657576456686e-07
-0.0009253430230107309,1.3850657576366556e-07
-0.0009253430230118,1.3850657576397716e-07
-0.0009253430230118,1.3850657576397716e-07
-0.0009253430230118,1.3850657576397716e-07
-0.0009253430230118,1.3850657576405975e-07
-0.0009253430230118,1.385065757640085e-07
-0.0009253430230116813,1.3850657794354098e-07
-0.0009253430230118,1.3850657576397716e-07
-0.0009253430230118,1.3850657576397716e-07
-0.0009253430230118,1.3850657576397716e-07
0.00011792711643505082,3.579179511834161
-0.0009253430230118,1.3850657576401083e-07
-0.0009253430230117995,1.385065757639964e-07
-0.0009253430230106407,1.3850657576363928e-07
-0.0009253430230118,1.3850657576397716e-07
-0.0009253430230118,1.3850657576397716e-07
-0.0009253430230118,1.3850657576397716e-07
-0.0009253430230118,1.385065757643075e-07
-0.0009253430230118,1.3850657576398246e-07
-0.0009253430230118,1.3850657576397716e-07
-0.0009253430230118,1.3850657576397716e-07
-0.0009253430230118,1.3850657576397716e-07
-0.0009253430230118,1.3850657576397716e-07
126443834116.51587,-36856232.71288581
-0.0009253430230117998,1.3850657576400424e-07
-0.0009253430230117998,1.3850657576400975e-07
-0.0009253430230116117,1.385065757639223e-07
-0.0009253430230118,1.3850657576397716e-07
-0.0009253430230118,1.3850657576397716e-07
-0.0009253430230118,1.3850657576397716e-07
-0.0009253430230118,1.3850657576468192e-07
-0.0009253430230118,1.3850657576398367e-07
-0.0009253430229980858,1.385065757599797e-07
-0.0009253430230118,1.3850657576397716e-07
-0.0009253430230118,1.3850657576397716e-07
-0.0009253430230118,1.3850657576397716e-07
-4.932681744164906e+32,1.4377931924733352e+29
-0.0009253430230118,1.3850657576404408e-07
-0.0009253430230117981,1.3850658192708857e-07
-0.0009253430230109532,1.3850657576373036e-07
-0.0009253430230118,1.3850657576397716e-07
-0.0009253430230118,1.3850657576397716e-07
-0.0009253430230118,1.3850657576397716e-07
-0.0009253430230118,1.385065757640445e-07
-0.0009253430230117998,1.385065757639808e-07
-0.0009253430230000842,1.3850657576056222e-07
-0.0009253430230118,1.3850657576397716e-07
-0.0009253430230118,1.3850657576397716e-07
-0.0009253430230118,1.3850657576397716e-07
0.00011906572210855732,3.583085761668219
-0.0009253430230118,1.3850657576475985e-07
-0.0009253430230117998,1.3850657576417452e-07
-0.0009253430230118,1.3850657576397716e-07
-0.0009253430230118,1.3850657576397716e-07
-0.0009253430230118,1.3850657576397716e-07
-0.0009253430230118,1.3850657576397716e-07
-0.0009253430230117997,1.3850657576399363e-07
-0.0009253430230118,1.3850657576398185e-07
-0.0009253430230118,1.3850657576397716e-07
-0.0009253430230118,1.3850657576397716e-07
-0.0009253430230118,1.3850657576397716e-07
-0.0009253430230118,1.3850657576397716e-07
2.7200829065229695e+23,-7.92858102104035e+19
-0.0009253428711179756,1.385065314894997e-07
-0.0009253430230117945,1.3850657576417891e-07
-0.0009253430230118,1.3850657576397716e-07
-0.0009253430230118,1.3850657576397716e-07
-0.0009253430230118,1.3850657576397716e-07
-0.0009253430230118,1.3850657576397716e-07
-0.0009253430230117998,1.385065757639771e-07
-0.0009253430230117998,1.3850657576397714e-07
-0.0009253430230118,1.3850657576397716e-07
-0.0009253430230118,1.3850657576397716e-07
-0.0009253430230118,1.3850657576397716e-07
-0.0009253430230118,1.3850657576397716e-07
0.00011982297311866421,3.5856835703957417
-0.0009253428074533213,1.3850651293235448e-07
-0.0009253430230117989,1.3850657942908221e-07
-0.0009253430230118,1.3850657576397716e-07
-0.0009253430230118,1.3850657576397716e-07
-0.0009253430230118,1.3850657576397716e-07
-0.0009253430230118,1.3850657576397716e-07
-0.0009253430230117995,1.3850657664524668e-07
-0.0009253430230117997,1.385065757639771e-07
-0.0009253430230118,1.3850657576397716e-07
-0.0009253430230118,1.3850657576397716e-07
-0.0009253430230118,1.3850657576397716e-07
-0.0009253430230118,1.3850657576397716e-07
-71.67987706146141,3.6078659664658645
-0.0009253430230118,1.3850657576397716e-07
-0.0009253430230118,1.385065757641076e-07
-0.0009253430230118,1.3850657576397716e-07
-0.0009253430230118,1.3850657576397716e-07
-0.0009253430230118,1.3850657576397716e-07
-0.0009253430230118,1.3850657576397716e-07
-0.0009253430230117991,1.3850657837312118e-07
-0.0009253430230117995,1.3850657581363587e-07
-0.0009253430230118,1.3850657576397716e-07
-0.0009253430230118,1.3850657576397716e-07
-0.0009253430230118,1.3850657576397716e-07
-0.0009253430230118,1.3850657576397716e-07
5.8486029013067675e+35,-1.704768698472419e+32
-0.0009253429684400731,1.38506559857243e-07
-0.0009253430230117995,1.385065772908764e-07
-0.0009253430230118,1.3850657576397716e-07
-0.0009253430230118,1.3850657576397716e-07
-0.0009253430230118,1.3850657576397716e-07
-0.0009253430230118,1.3850657576397716e-07
-0.0009253430230117994,1.3850657731141064e-07
-0.0009253430230118,1.3850657576397716e-07
-0.0009253430230118,1.3850657576397716e-07
-0.0009253430230118,1.3850657576397716e-07
-0.0009253430230118,1.3850657576397716e-07
-0.0009253430230118,1.3850657576397716e-07
0.00012096157879217071,3.5895898202297998
-0.0009253429709411731,1.3850656058627126e-07
-0.0009253430230118,1.3850657576397716e-07
-0.0009253430230118,1.3850657576397716e-07
-0.0009253430230118,1.3850657576397716e-07
-0.0009253430230118,1.3850657576397716e-07
-0.0009253430230118,1.3850657576397716e-07
-0.0009253430230117994,1.3850657723508273e-07
-0.0009253430230118,1.3850657576397716e-07
-0.0009253430230118,1.3850657576397716e-07
-0.0009253430230118,1.3850657576397716e-07
-0.0009253430230118,1.3850657576397716e-07
-0.0009253430230118,1.3850657576397716e-07
-151996487006560.72,44304401875.13165
-0.0009253421826058686,1.3850633079988062e-07
-0.0009253430230118,1.3850657576397716e-07
-0.0009253430230118,1.3850657576397716e-07
-0.0009253430230118,1.3850657576397716e-07
-0.0009253430230118,1.3850657576397716e-07
-0.0009253430230118,1.3850657576397716e-07
-0.0009253430230117995,1.3850657707548817e-07
-0.0009253430230118,1.3850657576397716e-07
-0.0009253430230118,1.3850657576397716e-07
-0.0009253430230118,1.3850657576397716e-07
-0.0009253430230118,1.3850657576397716e-07
-0.0009253430230118,1.3850657576397716e-07
0.00012170732937093057,3.592148289893452
-0.0009253430230118,1.3850657576397716e-07
-0.0009253430230118,1.3850657576397716e-07
-0.0009253430230118,1.3850657576397716e-07
-0.0009253430230118,1.3850657576397716e-07
-0.0009253430230118,1.3850657576397716e-07
-0.0009253430230118,1.3850657576397716e-07
-0.0009253430230117995,1.3850657675629884e-07
-0.0009253430230118,1.3850657576397716e-07
-0.0009253430230118,1.3850657576397716e-07
-0.0009253430230118,1.3850657576397716e-07
-0.0009253430230118,1.3850657576397716e-07
-0.0009253430230118,1.3850657576397716e-07
0.0001221305105386061,3.5934569694063843
-0.0009253430230118,1.3850657576397716e-07
-0.0009253430230118,1.3850657576397716e-07
-0.0009253430230118,1.3850657576397716e-07
-0.0009253430230118,1.3850657576397716e-07
-0.0009253430230118,1.3850657576397716e-07
-0.0009253430230118,1.3850657576397716e-07
-0.0009253430230117996,1.385065766348383e-07
-0.0009253430230118,1.3850657576397716e-07
-0.0009253430230118,1.3850657576397716e-07
-0.0009253430230118,1.3850657576397716e-07
-0.0009253430230118,1.3850657576397716e-07
-0.0009253430230118,1.3850657576397716e-07
-151996487006560.72,44304401875.13556
-0.0009253430230118,1.3850657576397716e-07
-0.0009253430230118,1.3850657576397716e-07
-0.0009253430230118,1.3850657576397716e-07
-0.0009253430230118,1.3850657576397716e-07
-0.0009253430230118,1.3850657576397716e-07
-0.0009253430230118,1.3850657576397716e-07
-0.0009253430230117996,1.3850657674242105e-07
-0.0009253430230118,1.3850657576397716e-07
-0.0009253430230118,1.3850657576397716e-07
-0.0009253430230118,1.3850657576397716e-07
-0.0009253430230118,1.3850657576397716e-07
-0.0009253430230118,1.3850657576397716e-07
0.00012284593504443707,3.5960545397275094
-0.0009253411165795356,1.3850602007125792e-07
-0.0009253430230118,1.3850657576397716e-07
-0.0009253430230118,1.3850657576397716e-07
-0.0009253430230118,1.3850657576397716e-07
-0.0009253430230118,1.3850657576397716e-07
-0.0009253430230118,1.3850657576397716e-07
-0.0009253430230117995,1.385065769158934e-07
-0.0009253430230118,1.3850657576397716e-07
-0.0009253430230118,1.3850657576397716e-07
-0.0009253430230118,1.3850657576397716e-07
-0.0009253430230118,1.3850657576397716e-07
-0.0009253430230118,1.3850657576397716e-07
89128.95727441776,-22.382237923949134
-0.0009253430230118,1.3850657576397716e-07
-0.0009253430230118,1.3850657576397716e-07
-0.0009253430230118,1.3850657576397716e-07
-0.0009253430230118,1.3850657576397716e-07
-0.0009253430230118,1.3850657576397716e-07
-0.0009253430230118,1.3850657576397716e-07
-0.0009253430230117995,1.3850657677711541e-07
-0.0009253430230118,1.3850657576397716e-07
-0.0009253430230118,1.3850657576397716e-07
-0.0009253430230118,1.3850657576397716e-07
-0.0009253430230118,1.3850657576397716e-07
-0.0009253430230118,1.3850657576397716e-07
-3.218643847351014e+26,9.381801731262799e+22
-0.0009253430230118,1.3850657576397716e-07
-0.0009253430230118,1.3850657576397716e-07
-0.0009253430230118,1.3850657576397716e-07
-0.0009253430230118,1.3850657576397716e-07
-0.0009253430230118,1.3850657576397716e-07
-0.0009253430230118,1.3850657576397716e-07
-0.0009253430230117996,1.3850657662789942e-07
-0.0009253430230118,1.3850657576397716e-07
-0.0009253430230118,1.3850657576397716e-07
-0.0009253430230118,1.3850657576397716e-07
-0.0009253430230118,1.3850657576397716e-07
-0.0009253430230118,1.3850657576397716e-07
0.00012398454071794356,3.5999607895615675
-0.0009253430230118,1.3850657576397716e-07
-0.0009253430230118,1.3850657576397716e-07
-0.0009253430230118,1.3850657576397716e-07
-0.0009253430230118,1.3850657576397716e-07
-0.0009253430230118,1.3850657576397716e-07
-0.0009253430230118,1.3850657576397716e-07
-0.0009253430230117996,1.3850657650646877e-07
-0.0009253430230118,1.3850657576397716e-07
-0.0009253430230118,1.3850657576397716e-07
-0.0009253430230118,1.3850657576397716e-07
-0.0009253430230118,1.3850657576397716e-07
-0.0009253430230118,1.3850657576397716e-07
89128.95727555636,-22.378331674115078
-0.0009253430230118,1.3850657576397716e-07
-0.0009253430230118,1.3850657576397716e-07
-0.0009253430230118,1.3850657576397716e-07
-0.0009253430230118,1.3850657576397716e-07
-0.0009253430230118,1.3850657576397716e-07
