x,y
-107374183.73103024,7603.228458176173
-0.0002246890065853,8.835071904209877e-09
-0.0002246890065853,8.835071904209877e-09
-0.0002246890065853,8.835071904209877e-09
-0.0002246890065853,8.835071904209877e-09
-0.0002246890065853,8.835071904209877e-09
-0.0002246890065853,8.835071904209877e-09
-0.00022468900658529988,8.835072615476512e-09
-0.0002246890065853,8.835071904209877e-09
-0.0002246890065853,8.835071904209877e-09
-0.0002246890065853,8.835071904209877e-09
-0.0002246890065853,8.835071904209877e-09
-0.0002246890065853,8.835071904209877e-09
3.033087874943982e-05,3.603144407082635
-0.0002246890065853,8.835071904209877e-09
-0.0002246890065853,8.835071904209877e-09
-0.0002246890065853,8.835071904209877e-09
-0.0002246890065853,8.835071904209877e-09
-0.0002246890065853,8.835071904209877e-09
-0.0002246890065853,8.835071904209877e-09
-0.00022468900658529988,8.835072612007118e-09
-0.0002246890065853,8.835071904209877e-09
-0.0002246890065853,8.835071904209877e-09
-0.0002246890065853,8.835071904209877e-09
-0.0002246890065853,8.835071904209877e-09
-0.0002246890065853,8.835071904209877e-09
3.042350323993894e-05,3.6044530866600453
-0.0002246890065853,8.835071904209877e-09
-0.0002246890065853,8.835071904209877e-09
-0.0002246890065853,8.835071904209877e-09
-0.0002246890065853,8.835071904209877e-09
-0.0002246890065853,8.835071904209877e-09
-0.0002246890065853,8.835071904209877e-09
-0.00022468900658529988,8.835072428126484e-09
-0.0002246890065853,8.835071904209877e-09
-0.0002246890065853,8.835071904209877e-09
-0.0002246890065853,8.835071904209877e-09
-0.0002246890065853,8.835071904209877e-09
-0.0002246890065853,8.835071904209877e-09
-4.932681941356223e+32,3.491206135644238e+28
-0.0002246890065853,8.835071904209877e-09
-0.0002246890065853,8.835071904209877e-09
-0.0002246890065853,8.835071904209877e-09
-0.0002246890065853,8.835071904209877e-09
-0.0002246890065853,8.835071904209877e-09
-0.0002246890065853,8.835071904209877e-09
-0.0002246890065852999,8.835072369145727e-09
-0.0002246890065853,8.835071904209877e-09
-0.0002246890065853,8.835071904209877e-09
-0.0002246890065853,8.835071904209877e-09
-0.0002246890065853,8.835071904209877e-09
-0.0002246890065853,8.835071904209877e-09
3.060596783658118e-05,3.6070311067494134
-0.0002246890065853,8.835071904209877e-09
-0.0002246890065853,8.835071904209877e-09
-0.0002246890065853,8.835071904209877e-09
-0.0002246890065853,8.835071904209877e-09
-0.0002246890065853,8.835071904209877e-09
-0.0002246890065853,8.835071904209877e-09
-0.0002246890065852999,8.835072348329099e-09
-0.0002246890065853,8.835071904209877e-09
-0.0002246890065853,8.835071904209877e-09
-0.0002246890065853,8.835071904209877e-09
-0.0002246890065853,8.835071904209877e-09
-0.0002246890065853,8.835071904209877e-09
0.058780698296137385,3.608335628175906
-0.0002246890065853,8.835071904209877e-09
-0.0002246890065853,8.835071904209877e-09
-0.0002246890065853,8.835071904209877e-09
-0.0002246890065853,8.835071904209877e-09
-0.0002246890065853,8.835071904209877e-09
-0.0002246890065853,8.835071904209877e-09
-0.0002246890065852999,8.835072400370803e-09
-0.0002246890065853,8.835071904209877e-09
-0.0002246890065853,8.835071904209877e-09
-0.0002246890065853,8.835071904209877e-09
-0.0002246890065853,8.835071904209877e-09
-0.0002246890065853,8.835071904209877e-09
-4.932681941356223e+32,3.491206135644238e+28
-0.0002246890065853,8.835071904209877e-09
-0.0002246890065853,8.835071904209877e-09
-0.0002246890065853,8.835071904209877e-09
-0.0002246890065853,8.835071904209877e-09
-0.0002246890065853,8.835071904209877e-09
-0.0002246890065853,8.835071904209877e-09
-0.00022468900658529988,8.835072490576475e-09
-0.0002246890065853,8.835071904209877e-09
-0.0002246890065853,8.835071904209877e-09
-0.0002246890065853,8.835071904209877e-09
-0.0002246890065853,8.835071904209877e-09
-0.0002246890065853,8.835071904209877e-09
3.088244063769298e-05,3.6109373567396297
-0.0002246883189745001,8.83502323715467e-09
-0.0002246890065853,8.835071904209877e-09
-0.0002246890065853,8.835071904209877e-09
-0.0002246890065853,8.835071904209877e-09
-0.0002246890065853,8.835071904209877e-09
-0.0002246890065853,8.835071904209877e-09
-0.00022468900658529985,8.835072546087626e-09
-0.0002246890065853,8.835071904209877e-09
-0.0002246890065853,8.835071904209877e-09
-0.0002246890065853,8.835071904209877e-09
-0.0002246890065853,8.835071904209877e-09
-0.0002246890065853,8.835071904209877e-09
126443839171.29684,-8949316.70433688
-0.00022468831897438907,8.835023237146812e-09
-0.0002246890065853,8.835071904209877e-09
-0.0002246890065853,8.835071904209877e-09
-0.0002246890065853,8.835071904209877e-09
-0.0002246890065853,8.835071904209877e-09
-0.0002246890065853,8.835071904209877e-09
-0.00022468900658529988,8.835072518331998e-09
-0.0002246890065853,8.835071904209877e-09
-0.0002246890065853,8.835071904209877e-09
-0.0002246890065853,8.835071904209877e-09
-0.0002246890065853,8.835071904209877e-09
-0.0002246890065853,8.835071904209877e-09
-4.932681941356223e+32,3.491206135644238e+28
-0.00022468831897444458,8.835023237150741e-09
-0.0002246890065853,8.835071904209877e-09
-0.0002246890065853,8.835071904209877e-09
-0.0002246890065853,8.835071904209877e-09
-0.0002246890065853,8.835071904209877e-09
-0.0002246890065853,8.835071904209877e-09
-0.00022468900658529988,8.83507244547377e-09
-0.0002246890065853,8.835071904209877e-09
-0.0002246890065853,8.835071904209877e-09
-0.0002246890065853,8.835071904209877e-09
-0.0002246890065853,8.835071904209877e-09
-0.0002246890065853,8.835071904209877e-09
3.115749596439209e-05,3.6148240564064102
-0.0002246890065853,8.835071904209877e-09
-0.0002246890065853,8.835071904209877e-09
-0.0002246890065853,8.835071904209877e-09
-0.0002246890065853,8.835071904209877e-09
-0.0002246890065853,8.835071904209877e-09
-0.0002246890065853,8.835071904209877e-09
-0.00022468900658529988,8.835072435065377e-09
-0.0002246890065853,8.835071904209877e-09
-0.0002246890065853,8.835071904209877e-09
-0.0002246890065853,8.835071904209877e-09
-0.0002246890065853,8.835071904209877e-09
-0.0002246890065853,8.835071904209877e-09
126443839171.29684,-8949316.70043063
-0.0002246890065853,8.835071904209877e-09
-0.0002246890065853,8.835071904209877e-09
-0.0002246890065853,8.835071904209877e-09
-0.0002246890065853,8.835071904209877e-09
-0.0002246890065853,8.835071904209877e-09
-0.0002246890065853,8.835071904209877e-09
-0.00022468900658529988,8.835072369145937e-09
-0.0002246890065853,8.835071904209877e-09
-0.0002246890065853,8.835071904209877e-09
-0.0002246890065853,8.835071904209877e-09
-0.0002246890065853,8.835071904209877e-09
-0.0002246890065853,8.835071904209877e-09
-4.932681941356223e+32,3.491206135644238e+28
-0.0002246890065853,8.835071904209877e-09
-0.0002246890065853,8.835071904209877e-09
-0.0002246890065853,8.835071904209877e-09
-0.0002246890065853,8.835071904209877e-09
-0.0002246890065853,8.835071904209877e-09
-0.0002246890065853,8.835071904209877e-09
-0.00022468900658529988,8.835072476698793e-09
-0.0002246890065853,8.835071904209877e-09
-0.0002246890065853,8.835071904209877e-09
-0.0002246890065853,8.835071904209877e-09
-0.0002246890065853,8.835071904209877e-09
-0.0002246890065853,8.835071904209877e-09
-71.67996869302047,3.6237840541130115
-0.0002246890065853,8.835071904209877e-09
-0.0002246890065853,8.835071904209877e-09
-0.0002246890065853,8.835071904209877e-09
-0.0002246890065853,8.835071904209877e-09
-0.0002246890065853,8.835071904209877e-09
-0.0002246890065853,8.835071904209877e-09
-0.00022468900658529988,8.835072598129436e-09
-0.0002246890065853,8.835071904209877e-09
-0.0002246890065853,8.835071904209877e-09
-0.0002246890065853,8.835071904209877e-09
-0.0002246890065853,8.835071904209877e-09
-0.0002246890065853,8.835071904209877e-09
5.848603135113401e+35,-4.139468020239309e+31
-0.0002246890065853,8.835071904209877e-09
-0.0002246890065853,8.835071904209877e-09
-0.0002246890065853,8.835071904209877e-09
-0.0002246890065853,8.835071904209877e-09
-0.0002246890065853,8.835071904209877e-09
-0.0002246890065853,8.835071904209877e-09
-0.00022468900658529985,8.83507276119339e-09
-0.0002246890065853,8.835071904209877e-09
-0.0002246890065853,8.835071904209877e-09
-0.0002246890065853,8.835071904209877e-09
-0.0002246890065853,8.835071904209877e-09
-0.0002246890065853,8.835071904209877e-09
3.161648402443386e-05,3.6213085649045706
-0.0002246890065853,8.835071904209877e-09
-0.0002246890065853,8.835071904209877e-09
-0.0002246890065853,8.835071904209877e-09
-0.0002246890065853,8.835071904209877e-09
-0.0002246890065853,8.835071904209877e-09
-0.0002246890065853,8.835071904209877e-09
-0.00022468900658529983,8.835072868776367e-09
-0.0002246890065853,8.835071904209877e-09
-0.0002246890065853,8.835071904209877e-09
-0.0002246890065853,8.835071904209877e-09
-0.0002246890065853,8.835071904209877e-09
-0.0002246890065853,8.835071904209877e-09
-71.67996841654767,3.627690304103228
-0.0002246890065853,8.835071904209877e-09
-0.0002246890065853,8.835071904209877e-09
-0.0002246890065853,8.835071904209877e-09
-0.0002246890065853,8.835071904209877e-09
-0.0002246890065853,8.835071904209877e-09
-0.0002246890065853,8.835071904209877e-09
-0.00022468900658529983,8.835072854898473e-09
-0.0002246890065853,8.835071904209877e-09
-0.0002246890065853,8.835071904209877e-09
-0.0002246890065853,8.835071904209877e-09
-0.0002246890065853,8.835071904209877e-09
-0.0002246890065853,8.835071904209877e-09
5.848603135113401e+35,-4.139468020239309e+31
-0.0002246890065853,8.835071904209877e-09
-0.0002246890065853,8.835071904209877e-09
-0.0002246890065853,8.835071904209877e-09
-0.0002246890065853,8.835071904209877e-09
-0.0002246890065853,8.835071904209877e-09
-0.0002246890065853,8.835071904209877e-09
-0.00022468900658529983,8.835073056126289e-09
-0.0002246890065853,8.835071904209877e-09
-0.0002246890065853,8.835071904209877e-09
-0.0002246890065853,8.835071904209877e-09
-0.0002246890065853,8.835071904209877e-09
-0.0002246890065853,8.835071904209877e-09
3.193329636210293e-05,3.6251952645683962
-0.0002246890065853,8.835071904209877e-09
-0.0002246890065853,8.835071904209877e-09
-0.0002246890065853,8.835071904209877e-09
-0.0002246890065853,8.835071904209877e-09
-0.0002246890065853,8.835071904209877e-09
-0.0002246890065853,8.835071904209877e-09
-0.00022468900658529983,8.835072917348728e-09
-0.0002246890065853,8.835071904209877e-09
-0.0002246890065853,8.835071904209877e-09
-0.0002246890065853,8.835071904209877e-09
-0.0002246890065853,8.835071904209877e-09
-0.0002246890065853,8.835071904209877e-09
-3.218643976021107e+26,2.278060846236053e+22
-0.0002246890065853,8.835071904209877e-09
-0.0002246890065853,8.835071904209877e-09
-8.965923027724992e-06,3.0479247582047355
-0.0002246890065853,8.835071904209877e-09
-0.0002246890065853,8.835071904209877e-09
-0.0002246890065853,8.835071904209877e-09
-0.0002246890065852998,8.835072924287834e-09
-0.0002246890065853,8.835071904209877e-09
-0.0002246890065853,8.835071904209877e-09
84.03675477579942,-0.005947879591885398
-0.0002246890065853,8.835071904209877e-09
-0.0002246890065853,8.835071904209877e-09
3.207542144947271e-05,3.627792834984155
-0.0002246890065853,8.835071904209877e-09
-0.0002246890065853,8.835071904209877e-09
-0.0002246890065853,8.835071904209877e-09
-0.0002246890065853,8.835071904209877e-09
-0.0002246890065853,8.835071904209877e-09
-0.0002246890065853,8.835071904209877e-09
-0.00022468900658529977,8.835073229599056e-09
-0.0002246890065853,8.835071904209877e-09
-0.0002246890065853,8.835071904209877e-09
101.53679287893983,-0.007186480440795871
-0.0002246890065853,8.835071904209877e-09
-0.0002246890065853,8.835071904209877e-09
3.220976916321473e-05,3.6291015145586125
-0.0002246890065853,8.835071904209877e-09
-0.0002246890065853,8.835071904209877e-09
-0.0002246890065853,8.835071904209877e-09
-0.0002246890065853,8.835071904209877e-09
-0.0002246890065853,8.835071904209877e-09
-0.0002246890065853,8.835071904209877e-09
-0.00022468900658529977,8.835073271232527e-09
-0.0002246890065853,8.835071904209877e-09
-0.00022407101785735443,0.008731495088994321
-0.0002246890065853,8.835071904209877e-09
-0.0002246890065853,8.835071904209877e-09
-0.0002246890065853,8.835071904209877e-09
-3.218643976021107e+26,2.278060846236053e+22
-0.0002246890065853,8.835071904209877e-09
-0.0002246890065853,8.835071904209877e-09
0.00023329851568745964,6.470849029797983
-0.0002246890065853,8.835071904209877e-09
-0.0002246890065853,8.835071904209877e-09
-0.0002246890065853,8.835071904209877e-09
-0.00022468900658529975,8.83507369456604e-09
-0.0002246890065853,8.835071904209877e-09
-0.0002246890065853,8.835071904209877e-09
-0.0002246890065853,8.835071904209877e-09
-0.0002246890065853,8.835071904209877e-09
-0.0002246890065853,8.835071904209877e-09
3.2350510536590814e-05,3.6316795346509334
-0.0002246890065853,8.835071904209877e-09
-0.0002246890065853,8.835071904209877e-09
-0.0002246325598699582,0.0007975374902052356
-0.0002246890065853,8.835071904209877e-09
-0.0002246890065853,8.835071904209877e-09
-0.0002246890065853,8.835071904209877e-09
-0.0002246890065852997,8.835074166411034e-09
-0.0002246890065853,8.835071904209877e-09
-0.0002246890065853,8.835071904209877e-09
11.129424445409526,-0.0007877147564264322
-0.0002246890065853,8.835071904209877e-09
-0.0002246890065853,8.835071904209877e-09
1.90232055342799e+17,-13464061269399.67
-0.0002246890065853,8.835071904209877e-09
-0.0002246890065853,8.835071904209877e-09
-0.00022468850864334027,7.0441953948065484e-06
-0.0002246890065853,8.835071904209877e-09
-0.0002246890065853,8.835071904209877e-09
-0.0002246890065853,8.835071904209877e-09
-0.0002246890065852997,8.83507388885528e-09
-0.0002246890065853,8.835071904209877e-09
-0.0002246890065853,8.835071904209877e-09
-0.0002246890065853,8.835071904209877e-09
-0.0002246890065853,8.835071904209877e-09
-0.0002246890065853,8.835071904209877e-09
3.2534375749072235e-05,3.6342773434823177
-0.0002246890065853,8.835071904209877e-09
-0.0002246890065853,8.835071904209877e-09
-0.00022468874601301142,3.6904286881981766e-06
-0.0002246890065853,8.835071904209877e-09
-0.0002246890065853,8.835071904209877e-09
-0.0002246890065853,8.835071904209877e-09
-0.0002246890065852996,8.835074582744665e-09
-0.0002246890065853,8.835071904209877e-09
-0.0002246758177263663,4.447986910983856e-07
-0.00012833240147241298,2.0152368737058048e-09
-0.0002246890065853,8.835071904209877e-09
-0.0002246890065853,8.835071904209877e-09
3.262698333770256e-05,3.6355857846411497
-0.0002246890065853,8.835071904209877e-09
-0.0002246890065853,8.835071904209877e-09
-0.0002246888609707786,2.066204623247397e-06
-0.0002246890065853,8.835071904209877e-09
-0.0002246890065853,8.835071904209877e-09
-0.0002246890065853,8.835071904209877e-09
-0.0002246890065852995,8.835076012278567e-09
-0.0002246890065853,8.835071904209877e-09
-0.0002246890065853,8.835071904209877e-09
-0.0002134788932424704,8.041653294434412e-09
-0.0002246890065853,8.835071904209877e-09
-0.0002246890065853,8.835071904209877e-09
1.90232055342799e+17,-13464061269399.666
-0.0002246890065853,8.835071904209877e-09
-0.0002246890065853,8.835071904209877e-09
-0.00022465215694315193,6.870884235587941e-07
-0.0002246890065853,8.835071904209877e-09
-0.0002246890065853,8.835071904209877e-09
-0.0002246890065853,8.835071904209877e-09
-0.00022468900658529977,8.835071904209862e-09
-0.0002246890065853,8.835071904209877e-09
-0.00022468720163803705,1.061796722238543e-08
-0.0002246890065853,8.835071904209877e-09
-0.0002246890065853,8.835071904209877e-09
-0.0002246890065853,8.835071904209877e-09
3.280946483621359e-05,3.638164043149096
-0.00022467730631257863,8.834243793571503e-09
-0.00022468900653121543,9.599225975647525e-09
-0.00022468899590239228,1.5977255270649306e-07
-0.0002246890065853,8.835071904209877e-09
-0.0002246890065853,8.835071904209877e-09
-0.0002246890065853,8.835071904209877e-09
-0.00022468900658529977,8.835071904209862e-09
-0.0002246890065853,8.835071904209877e-09
-0.00022468823134758165,1.1047738602257373e-08
-0.00022210999111946697,8.652536830485622e-09
-0.0002246890065853,8.835071904209877e-09
-0.0002246890065853,8.835071904209877e-09
-107374183.73102757,7603.266055832329
-0.00022468749311950665,8.834964785585028e-09
-0.0002246890065131788,9.854063237412618e-09
-0.0002246890050604268,3.0379816505235664e-08
-0.0002246890065853,8.835071904209877e-09
-0.0002246890065853,8.835071904209877e-09
-0.0002246890065853,8.835071904209877e-09
-0.00022468900658529975,8.835071904209859e-09
-0.0002246890065853,8.835071904209877e-09
-0.0002246890058781225,8.83507185415795e-09
-0.00022459118291993262,8.828148235001076e-09
-0.0002246890065853,8.835071904209877e-09
-0.0002246890065853,8.835071904209877e-09
4.05648181990065e+29,-2.8710576491928973e+25
-0.0002246890065853,8.835071904209877e-09
-0.0002246890065853,8.835071904209877e-09
-0.0002246824273144106,8.834606242908983e-09
-0.0002246890065853,8.835071904209877e-09
-0.0002246890065853,8.835071904209877e-09
-0.0002246890065853,8.835071904209877e-09
-0.0002246890065852997,8.835071904209855e-09
-0.0002246890065853,8.835071904209877e-09
-0.00022468900648579698,8.835121647783155e-09
-0.00022434427793875778,8.810673031948318e-09
-0.0002246890065853,8.835071904209877e-09
-0.0002246890065853,8.835071904209877e-09
3.308455395063982e-05,3.642050742815875
-0.0002246890065853,8.835071904209877e-09
-0.00022468900658198407,8.88192205632247e-09
-0.0002246890065106654,8.835071898927462e-09
-0.0002246890065853,8.835071904209877e-09
-0.0002246890065853,8.835071904209877e-09
-0.0002246890065853,8.835071904209877e-09
-0.0002246890065852997,8.835071904209855e-09
-0.0002246890065853,8.835071904209877e-09
-0.00022468900653911165,8.835114990252328e-09
-0.0002246890065853,8.835071904209877e-09
-0.0002246890065853,8.835071904209877e-09
-0.0002246890065853,8.835071904209877e-09
-107374183.7310273,7603.269962082319
-0.0002246890065853,8.835071904209877e-09
-0.00022468900658504347,8.838696370596216e-09
-0.00022468900651244185,8.83507189905788e-09
-0.0002246890065853,8.835071904209877e-09
-0.0002246890065853,8.835071904209877e-09
-0.0002246890065853,8.835071904209877e-09
-0.00022468900658529928,8.835076733924789e-09
-0.0002246890065853,8.835071904209877e-09
-0.0002246890065691938,8.835101669735616e-09
-0.00022468900658529996,8.835071904216468e-09
-0.0002246890065853,8.835071904209877e-09
-0.0002246890065853,8.835071904209877e-09
3.32684022612525e-05,3.6446483132286804
-0.0002246890065853,8.835071904209877e-09
-0.00022468900658520894,8.836358338273565e-09
-0.00022468900658529996,8.835071904235083e-09
-0.00022468900658529996,8.835071904209875e-09
-0.0002246890065853,8.835071904209877e-09
-0.0002246890065853,8.835071904209877e-09
-0.00022468900658529918,8.835077844148232e-09
-0.0002246890065853,8.835071904209877e-09
-0.00022468900658281492,8.83507479140605e-09
-0.0002246890065853,8.83507190421451e-09
-0.0002246890065853,8.835071904209877e-09
-0.0002246890065853,8.835071904209877e-09
3.3361026751751565e-05,3.645956992806091
-0.0002246890065853,8.835071904209877e-09
-0.0002246890065853,8.835071904209877e-09
-0.00022468900658529996,8.835071904219831e-09
-0.00022468900658529988,8.835071904234128e-09
-0.0002246890065853,8.835071904209877e-09
-0.0002246890065853,8.835071904209877e-09
-0.00022468900658529934,8.835075817991642e-09
-0.0002246890065853,8.835071904209877e-09
-0.00022468900658316208,8.835071904239875e-09
-0.0002246890065853,8.835071904212314e-09
-0.0002246890065853,8.835071904209877e-09
-0.0002246890065853,8.835071904209877e-09
-2.302153570190268e+20,1.6293960901995088e+16
-0.0002246885663730178,8.835040747288777e-09
-0.00022465200423746928,0.0005228104281054823
-0.00022468900658529996,8.835071904220202e-09
-0.0002246890065853,8.835071904233604e-09
-0.0002246890065853,8.835071904209877e-09
-0.0002246890065853,8.835071904209877e-09
-0.00022468900658529956,8.835072757724502e-09
-0.0002246890065853,8.835071904209877e-09
-0.00022468900658529977,8.835071904252225e-09
-0.0002246890065853,8.835071904212737e-09
-0.0002246890065853,8.835071904209877e-09
-0.0002246890065853,8.835071904209877e-09
3.354487506236425e-05,3.6485545632188963
-0.00022468883195389387,8.835059544316339e-09
-0.00022468900611142523,1.5530389965171977e-08
-0.0002246890065853,8.83507190421271e-09
-0.0002246890065853,8.835071904211983e-09
-0.0002246890065853,8.835071904209877e-09
-0.0002246890065853,8.835071904209877e-09
-0.00022468900658529956,8.835072258108842e-09
9.004263825706599e-05,-1.344070145029435e-08
-0.00022468900658529966,8.835071904212847e-09
-0.0002246890065853,8.83507190421041e-09
-0.0002246890065853,8.835071904209877e-09
-0.0002246890065853,8.835071904209877e-09
0.058783635819649196,3.649839534321951
-0.0002246889315477962,8.835066593277674e-09
-0.00022468900658529996,8.835072211341774e-09
-0.0002246890065853,8.835071904418305e-09
-0.0002246890065853,8.83507190421197e-09
-0.0002246890065853,8.835071904209877e-09
-0.0002246890065853,8.835071904209877e-09
-0.00022468900658529956,8.835072332701951e-09
-0.0002246890065853,8.835071904209877e-09
-0.00022468900658529983,8.835071904212684e-09
-0.0002246890065853,8.835071904210506e-09
-0.0002246890065853,8.835071904209877e-09
-0.0002246890065853,8.835071904209877e-09
-4.932681941356223e+32,3.491206135644238e+28
-0.0002246889946476547,8.835071059298712e-09
0.000439245383674996,-3.815623717469365e-08
-0.0002246890065853,8.83507190421081e-09
-0.0002246890065853,8.835071904211081e-09
-0.0002246890065853,8.835071904209877e-09
-0.0002246890065853,8.835071904209877e-09
-0.00022468900658529958,8.835072214740783e-09
-0.0002246890065853,8.835071904209877e-09
-0.00022468900658529834,8.835071904209761e-09
-0.0002246890065853,8.835071904211492e-09
-0.0002246890065853,8.835071904209877e-09
-0.0002246890065853,8.835071904209877e-09
3.3818546675092964e-05,3.65242171256224
-0.0002246889975466656,8.835071264482112e-09
-0.0002246890065853,8.835071904209877e-09
-0.0002246890065853,8.835071904211214e-09
-0.0002246890065853,8.835071904211174e-09
-0.0002246890065853,8.835071904209877e-09
-0.0002246890065853,8.835071904209877e-09
-0.00022468900658529956,8.835072134943473e-09
-0.0002246890065853,8.835071904209877e-09
-0.0002246890065852998,8.835071904209864e-09
-0.0002246890065853,8.835071904210267e-09
-0.0002246890065853,8.835071904209877e-09
-0.0002246890065853,8.835071904209877e-09
126443839171.29684,-8949316.662832974
-0.00022468900530625725,8.835071813683022e-09
-0.0002246886772607155,8.870984936390252e-09
-0.0002246890065853,8.83507190421077e-09
-0.0002246890065853,8.835071904210843e-09
-0.0002246890065853,8.835071904209877e-09
-0.0002246890065853,8.835071904209877e-09
-0.00022468900658529956,8.8350721115169e-09
-0.0002246890065853,8.835071904209877e-09
-0.00022468900658529977,8.83507190421272e-09
-0.0002246890065853,8.835071904221476e-09
-0.0002246890065853,8.835071904209877e-09
-0.0002246890065853,8.835071904209877e-09
-4.932681941356223e+32,3.491206135644238e+28
-0.00022468900532757863,8.835071815192086e-09
-0.0002246890065852999,8.835073139678472e-09
-0.0002246890065853,8.83507190421161e-09
-0.0002246890065853,8.835071904211399e-09
-0.0002246890065853,8.835071904209877e-09
-0.0002246890065853,8.835071904209877e-09
-0.00022468900658529977,8.835072100240457e-09
-0.0002246890065853,8.835071904209877e-09
-0.0002246890065853,8.835071904223436e-09
-0.0002246890065853,8.835071904216711e-09
-0.0002246890065853,8.835071904209877e-09
-0.0002246890065853,8.835071904209877e-09
3.4095019476204766e-05,3.656327962552456
-0.00022468900010492822,8.835071445548362e-09
-0.00022468900658527297,8.835453909020818e-09
-0.0002246890065853,8.835071905931511e-09
-0.0002246890065853,8.83507190421091e-09
-0.0002246890065853,8.835071904209877e-09
-0.0002246890065853,8.835071904209877e-09
-0.00022468900658529988,8.835072100240558e-09
-0.0002246890065853,8.835071904209877e-09
-0.0002246890065853,8.835071904238264e-09
-0.0002246890065853,8.83507190421197e-09
-0.0002246890065853,8.835071904209877e-09
-0.0002246890065853,8.835071904209877e-09
2.720083015262345e+23,-1.9251941692665848e+19
-0.00022468898248277278,8.83507019830441e-09
-0.0002246890065852971,8.83511277142512e-09
-0.00022468900658529994,8.835072650378351e-09
-0.0002246890065853,8.835071904211267e-09
-0.0002246890065853,8.835071904209877e-09
-0.0002246890065853,8.835071904209877e-09
-0.00022468900658529994,8.835072109781964e-09
-0.0002246890065853,8.835071904209877e-09
-0.0002246890065853,8.835071904225865e-09
-0.0002246890065853,8.835071904212114e-09
-0.0002246890065853,8.835071904209877e-09
-0.0002246890065853,8.835071904209877e-09
3.4277534735134736e-05,3.6589062210604
-0.00022468898793969936,8.835070584529506e-09
-0.00022468900619797123,8.835071876795896e-09
-0.0002246890065853,8.835071904386965e-09
-0.0002246890065853,8.835071904221211e-09
-0.0002246890065853,8.835071904209877e-09
-0.0002246890065853,8.835071904209877e-09
-0.0002246890065852999,8.83507206554654e-09
-2.34238104241774e-05,-5.409313793096142e-09
-0.00022468900639873506,8.835071891007522e-09
-0.00022468900658519978,8.835071904208001e-09
-0.0002246890065853,8.835071904209877e-09
-0.0002246890065853,8.835071904209877e-09
-71.67996575549697,3.665287960259057
-0.0002246890065853,8.835071904209877e-09
-0.00022468900658512996,8.837474246634748e-09
-0.00022468900658529972,8.835071904216478e-09
-0.0002246890065853,8.835071904251828e-09
-0.0002246890065853,8.835071904209877e-09
-0.0002246890065853,8.835071904209877e-09
-0.00022468900658529994,8.835071957988095e-09
-0.00022468900497207167,8.835071790030357e-09
-0.0002246890065853,8.835071904214696e-09
-0.00022468900658524467,8.835072246091461e-09
-0.0002246890065853,8.835071904209877e-09
-0.0002246890065853,8.835071904209877e-09
5.848603135113401e+35,-4.139468020239309e+31
-0.00022468900658497207,8.839704931233207e-09
-0.0002246890065853,8.835071904209877e-09
-0.00022468900658529975,8.835071904484415e-09
-0.0002246890065853,8.835071904209887e-09
-0.0002246890065853,8.835071904209877e-09
-0.0002246890065853,8.835071904209877e-09
-0.00022468900658529994,8.835072193923173e-09
-0.00022468899998934373,8.848261616384441e-09
-0.00022468900658529915,8.835083786788678e-09
-0.00022468900658524055,8.83507190425312e-09
-0.0002246890065853,8.835071904209877e-09
-0.0002246890065853,8.835071904209877e-09
3.455400753624654e-05,3.662812471050616
-0.0002246890031742732,8.839135967246234e-09
-0.00022468900658507364,8.838270055364167e-09
-0.0002246890065853,8.835071904212021e-09
-0.0002246890065853,8.835071904209882e-09
-0.0002246890065853,8.835071904209877e-09
-0.0002246890065853,8.835071904209877e-09
-0.00022468900658529994,8.835072455851939e-09
-0.00022468900372811344,8.838056608803724e-09
-0.00022468900658529994,8.835071904226925e-09
-0.00022468900647646433,8.835073305681541e-09
-0.0002246890065853,8.835071904209877e-09
-0.0002246890065853,8.835071904209877e-09
-151996493082847.22,10757861458.265461
-0.0002246890065853,8.835071904209877e-09
-0.0002246888219152699,8.835077047007826e-09
-0.0002246890065853,8.835071904233071e-09
-0.0002246890065853,8.835071904209879e-09
-0.0002246890065853,8.835071904209877e-09
-0.0002246890065853,8.835071904209877e-09
-0.00022468900658529994,8.835072539146512e-09
-0.00022464056806641852,8.832055762638102e-09
-0.00022468900658529996,8.835071904295874e-09
-0.00022468900656242097,8.835072451051496e-09
-0.0002246890065853,8.835071904209877e-09
-0.0002246890065853,8.835071904209877e-09
3.4736472160173644e-05,3.665390491139984
-0.00022468251615312456,8.83461253064995e-09
-0.0002246890065853,8.835071904209877e-09
-0.00022468900658529614,8.835126098397533e-09
-0.0002246890065853,8.835071904209879e-09
-0.0002246890065853,8.835071904209877e-09
-0.0002246890065853,8.835071904209877e-09
-0.00022468900658529996,8.835071968831706e-09
-0.0002246890065853,8.835071904209877e-09
-0.00022468900658529996,8.835071904246946e-09
-0.00022468900658397415,8.835071906570172e-09
-0.0002246890065853,8.835071904209877e-09
-0.0002246890065853,8.835071904209877e-09
3.487081987391561e-05,3.6666991707144416
-0.0002246878698343694,2.8979466031715343e-08
-0.00022451480576485692,8.82274248627119e-09
-0.00022468900658529996,8.835071904209875e-09
-0.0002246890065853,8.83507190420988e-09
-0.0002246890065853,8.835071904209877e-09
-0.0002246890065853,8.835071904209877e-09
-0.00022468900658529996,8.83507196406166e-09
-0.0002246890065853,8.835071904209877e-09
-0.00022468900658529996,8.835071915542906e-09
-0.00022468900658331435,8.835072958781214e-09
-0.0002246890065853,8.835071904209877e-09
-0.0002246890065853,8.835071904209877e-09
-3.218643976021107e+26,2.278060846236053e+22
-0.0002246875441178232,8.834968395094778e-09
-0.0002246890065853,8.835071904231375e-09
-0.0002246890065853,8.835071904209877e-09
-0.0002246890065853,8.835071956707917e-09
-0.0002246890065853,8.835071904209877e-09
-0.0002246890065853,8.835071904209877e-09
-0.00022468900658529996,8.835071948230465e-09
-0.0002246875583650932,8.834969403474337e-09
-0.00022468900658529996,8.835071904260287e-09
-0.0002246890065853,8.835071904256482e-09
-0.0002246890065853,8.835071904209877e-09
-0.0002246890065853,8.835071904209877e-09
3.501294496128539e-05,3.6692967411302004
-0.0002246879149168804,8.834994639153465e-09
-0.0002246890013543745,8.835071534024102e-09
-0.0002246890065852903,8.835208683686168e-09
-0.00022468900658529996,8.835072105528777e-09
-0.0002246890065853,8.835071904209877e-09
-0.0002246890065853,8.835071904209877e-09
-0.00022468900658529996,8.835071926979112e-09
-0.00022468900657184352,9.025196500355494e-09
-0.00022468900658529994,8.83507190420991e-09
-0.00022468900658459862,8.83507576448114e-09
-0.0002246890065853,8.835071904209877e-09
-0.0002246890065853,8.835071904209877e-09
1.90232055342799e+17,-13464061269399.633
-0.0002246890065853,8.835071904209877e-09
-0.0002246890065853,8.83507190429672e-09
-0.0002246890065853,8.835071904209877e-09
-0.0002246890065853,8.835071904209882e-09
-0.0002246890065853,8.835071904209877e-09
-0.0002246890065853,8.835071904209877e-09
-0.0002246890065853,8.835071911095545e-09
-0.0002246890065853,8.835071904209877e-09
-0.00022468900658529996,8.83507190420993e-09
-0.00022468900658529918,8.835071904209827e-09
-0.0002246890065853,8.835071904209877e-09
-0.0002246890065853,8.835071904209877e-09
3.519542645977311e-05,3.671874999638147
-0.00022468900657332435,9.004274153219808e-09
-0.0002246890065853,8.835071904255627e-09
-0.00022468900653417148,8.835697422850408e-09
-0.0002246890065853,8.83507190420988e-09
-0.0002246890065853,8.835071904209877e-09
-0.0002246890065853,8.835071904209877e-09
-0.0002246890065853,8.835071909576678e-09
-0.00022468821600027118,1.1038330952162168e-05
-0.0002246890065852999,8.83507190420987e-09
-0.00022468900658529866,8.835071904711506e-09
-0.0002246890065853,8.835071904209877e-09
-0.0002246890065853,8.835071904209877e-09
3.528803404840344e-05,3.673183440796979
-0.00022468892880350594,8.874174671319132e-09
-0.0002246890065853,8.835071904278085e-09
-0.00022468900620338018,8.835115619966004e-09
-0.0002246890065853,8.835071904209879e-09
-0.0002246890065853,8.835071904209877e-09
-0.0002246890065853,8.835071904209877e-09
-0.0002246890065853,8.835071909712203e-09
-0.0002246890065853,8.835071904209877e-09
-0.0002246890065853,8.835071904209877e-09
-0.00022468900658529996,8.83507190938694e-09
-0.0002246890065853,8.835071904209877e-09
-0.0002246890065853,8.835071904209877e-09
1.90232055342799e+17,-13464061269399.629
-0.0002246858191654244,8.834846308074572e-09
-0.00022468900658353743,8.859975011501538e-09
-0.00022468900658529522,8.835139436235686e-09
-0.0002246890065853,8.835071904209877e-09
-0.0002246890065853,8.835071904209877e-09
-0.0002246890065853,8.835071904209884e-09
-0.0002246890065853,8.8350719092524e-09
5.0635866004951735,-0.00035839272525234355
-0.0002246890065853,8.835071904209981e-09
-0.00022468900658529985,8.835071905877389e-09
-0.0002246890065853,8.835071904209877e-09
-0.0002246890065853,8.835071904209877e-09
3.547189926088491e-05,3.675781249628363
-0.00022468772574176085,8.83498124989898e-09
-0.0002246890065853,8.835071904217292e-09
-0.0002246890065853,8.83507190455897e-09
-0.0002246890065853,8.835071904209877e-09
-0.0002246890065853,8.835071904209877e-09
244838366618.7545,-17328934.197316002
-0.0002246890065853,8.835071910797388e-09
10.00239789031002,-0.0007079471559410143
-0.0002246890065853,8.835071947807321e-09
-0.0002246890065852999,8.83507190420987e-09
-0.0002246890065853,8.835071904209877e-09
-0.0002246890065853,8.835071904209877e-09
-1.4485704427517356e-05,3.6770701440060654
-0.00022468892289459306,8.835065980829594e-09
-0.0002246890065853,8.835071904209877e-09
-0.0002246890065852618,8.83507190461895e-09
-0.0002246890065853,8.835071904209877e-09
-0.0002246890065853,8.835071904210631e-09
-0.0002246890065853,8.835071904209877e-09
-0.0002246890065853,8.835071916734386e-09
26.88002998914999,-0.0019024959518930903
-0.0002246890065853,8.835071904209877e-09
-0.0002246890065853,8.835071904209877e-09
-0.0002246890065853,8.835071904209877e-09
-0.0002246890065853,8.835071904209877e-09
4.05648181990065e+29,-2.8710576491928973e+25
-0.0002246887282110326,8.835052201703982e-09
-0.0002246890065853,8.83507190421043e-09
-0.00022468900658529945,8.835071904209839e-09
-0.0002246890065853,8.835071904209877e-09
-0.0002246890065853,8.835071904209877e-09
-0.0002246890065853,8.835071904209877e-09
-0.00022468900658529996,8.835071997020639e-09
48.76027323573827,-0.003451114743456097
-0.000224576291450579,8.827094302999362e-09
-0.0002246890065852542,8.835071904206638e-09
-0.0002246890065853,8.835071904209877e-09
-0.0002246890065853,8.835071904209877e-09
3.5745604661340696e-05,3.6796483989717044
-0.000224688637330452,8.83504576944574e-09
-0.0002246890065853,8.835071904209877e-09
-0.0002246890065853,8.835071904280207e-09
-0.0002246890065853,8.835071904209877e-09
-0.0002246890065853,8.835071904209877e-09
-0.0002246890065853,8.83507190420988e-09
-0.00022468900658529996,8.835072013500513e-09
-0.00022468900658529972,8.835071904212942e-09
-0.00022445985082661688,8.818852938570349e-09
-0.0002246890065852999,8.83507190420987e-09
-0.0002246890065853,8.835071904209877e-09
-0.0002246890065853,8.835071904209877e-09
-107374183.73102464,7603.307559738475
-0.0002246890064040659,8.835244233314404e-09
-0.0002246890065852972,8.835071909957311e-09
-0.00022468900658529283,8.83517229785457e-09
-0.0002246890065853,8.835071904209877e-09
-0.0002246890065853,8.835071904209877e-09
-0.0002246890065853,8.835071904209877e-09
-0.00022468900658529994,8.83507254618414e-09
-0.0002246890065853,8.835071904213796e-09
-0.0002246890065852758,8.835071904278493e-09
-0.00022468898543954823,8.835070407576217e-09
-0.0002246890065853,8.835071904209877e-09
-0.0002246890065853,8.835071904209877e-09
4.05648181990065e+29,-2.8710576491928973e+25
-0.00022468784215763752,8.834989489773125e-09
-0.0002246890065853,8.835071904209877e-09
-0.0002246890065853,8.835071904209877e-09
-0.0002246890065853,8.835071904209877e-09
-0.0002246890065853,8.835071904209877e-09
-0.0002246890065853,8.835071904209877e-09
-0.00022468900658529994,8.835072294585523e-09
-0.0002246890065853,8.835071904217925e-09
-0.00022468900658529994,8.835071914946625e-09
-0.0002246890065844671,8.835071904150927e-09
-0.0002246890065853,8.835071904209877e-09
-0.0002246890065853,8.835071904209877e-09
3.602207746245244e-05,3.68355464896192
-0.0002246890065853,8.835071904497936e-09
-0.0002246890065853,8.83507190430773e-09
-0.0002246890065853,8.835071904209877e-09
-0.0002246890065853,8.835071904209877e-09
-0.0002246890065853,8.835071904209877e-09
-0.0002246890065853,8.83507190421001e-09
-0.00022468900658529983,8.835072186969794e-09
-0.0002246890065853,8.835071904407272e-09
-0.0002246890065852929,8.835071904211626e-09
-0.0002246890065853,8.835071904209877e-09
-0.0002246890065853,8.835071904209877e-09
-0.0002246890065853,8.835071904209879e-09
-2.302153570190268e+20,1.6293960901995088e+16
-0.0002246890065853,8.835071904496242e-09
-0.0002246890065853,8.83507190421259e-09
-0.0002246890065853,8.835071904209877e-09
-0.0002246890065853,8.835071904209877e-09
-0.0002246890065853,8.835071904209877e-09
-0.00022468900658529996,8.835072452454174e-09
-0.0002246890065853,8.835072059498995e-09
-0.00022468900658529977,8.835071905911004e-09
-0.0002246890065853,8.835071904209877e-09
-0.0002246890065853,8.835071904209877e-09
-0.0002246890065853,8.835071904209877e-09
-0.0002246890065853,8.835071904209877e-09
3.620592577306518e-05,3.686152219374726
-0.00022468900658529983,8.835071904238885e-09
-0.0002246890065853,8.835071904209877e-09
-0.00022468900658525334,8.835071904206577e-09
-0.0002246890065853,8.835071904209877e-09
-0.0002246890065853,8.83507190421037e-09
-0.0002246890065853,8.835071904209877e-09
-0.0002246890065853,8.835071904209877e-09
-0.0002246890065852989,8.835071904220655e-09
-0.0002246890065853,8.835071904211035e-09
-0.0002246890065853,8.835071904209877e-09
-0.0002246890065853,8.835071904209877e-09
-0.0002246890065853,8.835071904209877e-09
0.0587862968703599,3.6874371904777807
-0.00022468900658529988,8.835071904269603e-09
-0.0002246890065853,8.835071904302647e-09
-0.0002246890065853,8.835071904209877e-09
-0.0002246890065853,8.835071904209877e-09
-0.0002246890065853,8.835071904209877e-09
-0.0002246890065853,8.835071904209877e-09
-0.0002246890065853,8.83507190433527e-09
-0.00022468900658529996,8.835071904209875e-09
-0.0002246890065853,8.835071939784258e-09
-0.0002246890065853,8.835071904209877e-09
-0.0002246890065853,8.835071904209877e-09
-0.00022468900658510185,8.837871555121944e-09
-4.932681941356223e+32,3.491206135644238e+28
-0.00022468900658529988,8.83507190420987e-09
-0.00022468900658529918,8.835071904253241e-09
-0.0002246890065852988,8.835071904209793e-09
-0.0002246890065853,8.835071904209879e-09
-0.0002246890065853,8.835071904209877e-09
-0.0002246890065853,8.835071904209877e-09
-0.0002246890065853,8.835071904209877e-09
-0.0002246890065853,8.835071904209877e-09
-0.00022468900658529996,8.835071904233385e-09
-0.0002246890065853,8.835071904209877e-09
1.077406044076451e+22,-7.625560772778502e+17
-0.0002246890065853,8.835071904209877e-09
3.6479597385793896e-05,3.6900193687180693
-0.0002246890065852999,8.835071904229675e-09
-0.00022468900658529834,8.83507190420996e-09
-0.0002246890065853,8.835071904209877e-09
-0.0002246890065853,8.835071904209877e-09
-0.0002246890065853,8.835071904209877e-09
-0.0002246890065853,8.835071904209884e-09
-0.0002246890065853,8.835071904209877e-09
-0.0002246890065853,8.83507190498591e-09
-0.00022468900658529904,8.835071906094391e-09
-0.0002246890065853,8.835071904209877e-09
-0.0002246890065853,8.835071904209877e-09
-0.0002246890065853,8.835071904209877e-09
126443839171.29684,-8949316.625235317
-0.0002246890065853,8.835071904245884e-09
-0.0002246890065853,8.835071904210018e-09
-0.00022468900658529928,8.835071904209827e-09
-0.0002246890065853,8.835071904209877e-09
-0.0002246890065853,8.835071904209877e-09
-0.0002246890065853,8.835071904209877e-09
-0.0002246890065853,8.835071904209877e-09
-0.00022468900658529958,8.8350719042109e-09
-0.00022442999809840227,8.816740050881572e-09
-0.0002246890065853,8.835071904209877e-09
-0.0002246890065853,8.835071904209877e-09
7.72960921087564e+17,1.092106919123274e+22
3.6663496358694256e-05,3.692617177549451
-0.00022468900658508225,8.835071904324096e-09
-0.0002246890065853,8.835071904210077e-09
-0.0002246890065853,8.835071904209877e-09
-0.0002246890065853,8.835071904209877e-09
-0.0002246890065853,8.835071904209877e-09
-0.00022468881323136616,1.6359397611825297e-08
-0.0002246890065853,8.835071904209877e-09
-0.00022468900658529996,8.835071904863935e-09
-0.0002246890065853,8.835071904209877e-09
-0.0002246890065853,8.835071904209877e-09
-0.0002246890065853,8.835071904209877e-09
-0.0002246890065853,8.835071904209877e-09
3.675607018690564e-05,3.693925618708285
-0.00022468899066482848,8.835070777406073e-09
-0.0002246890065853,8.835071904209877e-09
-0.0002246890065853,8.835071904209877e-09
-0.0002246890065853,8.835071904209877e-09
-0.0002246890065853,8.835071904209877e-09
-0.0002246890065853,8.835071904209986e-09
-0.0002246890065853,8.835071904209877e-09
-0.0002246890065852999,8.835071904545371e-09
-0.0002246890065853,8.835071904209879e-09
-0.0002246890065853,8.835071904209877e-09
-0.0002246890065853,8.835071904209877e-09
-0.00022468900658513302,8.837431130950222e-09
2.720083015262345e+23,-1.9251941692665848e+19
-0.00022468900304625983,8.8350716537271e-09
-0.00022468766746482218,8.834977125229955e-09
-0.0002246890065853,8.835071904209877e-09
-0.0002246890065853,8.835071904209877e-09
-0.0002246890065853,8.835071904209877e-09
-0.0002246890065853,8.835071904209877e-09
-0.0002246890065853,8.835071904209877e-09
-0.0002246890065853,8.835071904290363e-09
-0.0002246890065853,8.835071904209879e-09
-0.0002246890065853,8.835071904209877e-09
-0.0002246890065853,8.835071904209877e-09
-0.0002246890065853,8.835071904209877e-09
3.6938585445835614e-05,3.6965038772162297
-0.00022468900658527603,8.835071904208181e-09
-0.0002246890065852999,8.835071915813567e-09
-0.0002246890065853,8.835071904209877e-09
-0.0002246890065853,8.835071904209877e-09
-0.0002246890065853,8.835071904209877e-09
1.6975153446451929e+22,-1.2014510680058373e+18
-0.0002246890065853,8.835071904209877e-09
-0.00022468761687739915,8.83497354482106e-09
-0.0002246890065853,8.835071904209877e-09
-0.0002246890065853,8.835071904209877e-09
2240.251234543598,-0.15855835217103875
-0.0002246890065853,8.835071904369139e-09
-71.67996309444625,3.7028856164148864
-0.00022468900658528503,8.835071904208818e-09
-0.00022468900658529996,8.835071917060404e-09
-0.0002246890065853,8.835071904209877e-09
-0.0002246890065853,8.835071904209877e-09
-0.0002246890065853,8.835071904209877e-09
-0.0002246890065853,8.835071904209884e-09
-0.0002246890065853,8.835071904209877e-09
-0.00022468804585325293,8.83500390645681e-09
-0.0002246890065853,8.835071904209877e-09
-0.0002246890065853,8.835071904209877e-09
0.13748604585032703,-9.737922740425798e-06
9.889482544470412e+21,-6.999482745507981e+17
5.848603135113401e+35,-4.139468020239309e+31
-0.00022468900658528947,8.835071904209132e-09
-0.00022468900658529996,8.835071904276389e-09
-0.0002246890065853,8.835071904209877e-09
-0.0002246890065853,8.835071904209877e-09
-0.0002246890065853,8.835071904209877e-09
1.8372012932352996e+26,2.595758969730893e+30
-0.0002246890065853,8.835071904209877e-09
-0.0002246890065853,8.835071904209877e-09
-0.0002246890065853,8.835071904209877e-09
-0.0002246890065853,8.835071904209877e-09
-0.00019106822170812413,6.455492360183996e-09
-0.0002246890065853,8.835071904209877e-09
3.7215058246947415e-05,3.7004101272064456
-0.00021971109214076852,0.07033198447659035
-0.0002246890065853,8.835071904209877e-09
-0.0002246890065853,8.835071904209877e-09
-0.0002246890065853,8.835071904209877e-09
-0.0002246890065853,8.835071904209877e-09
-0.0002246890065853,8.835071911332661e-09
-0.0002246890065853,8.835071904209877e-09
-0.0002246890065853,8.835071904209877e-09
-0.0002246890065853,8.835071904209877e-09
-0.0002246890065853,8.835071904209877e-09
-0.00022468900610562748,8.835071870260078e-09
-0.0002246890065853,8.835071904209877e-09
-71.67996281797345,3.7067918664051023
-0.0002246890065853,8.835071904209877e-09
-0.0002246890065853,8.835071905924614e-09
-0.0002246890065853,8.835071904209877e-09
-0.0002246890065853,8.835071904209877e-09
-0.0002246890065853,8.835071904209877e-09
-0.0002246890065853,8.835071904209877e-09
-0.0002246890065853,8.835071904209877e-09
-0.0002246890065853,8.835071904209877e-09
-0.0002246890065853,8.835071904209877e-09
-0.0002246890065853,8.835071904209877e-09
-0.00022468888198437352,8.83506308532546e-09
12.823274958439896,-0.0009076004773032551
3.739752287087452e-05,3.7029881472958137
-0.00022468900570053984,8.835071841589175e-09
-0.00022468900658529996,8.835071906365412e-09
-0.0002246890065853,8.835071904209877e-09
-0.0002246890065853,8.835071904209877e-09
-0.0002246890065853,8.835071904209877e-09
-0.0002246890065847768,8.842463858427576e-09
-0.0002246890065853,8.835071904209877e-09
-0.0002246890065853,8.835071904209877e-09
-0.0002246890065853,8.835071904209877e-09
-0.0002246890065853,8.835071904209877e-09
-0.00022468900658330137,8.83507190406842e-09
7.156780205053591e+17,1.0111726178325238e+22
89128.96075174795,-2.6040064970369103
-0.0002246890056542199,8.835071838310788e-09
-0.0002246890065853,8.835071904218933e-09
-0.0002246890065853,8.835071904209877e-09
-0.0002246890065853,8.835071904209877e-09
-0.0002246890065853,8.835071904209877e-09
-0.0002246890065853,8.835071904209877e-09
-0.0002246890065853,8.835071904209877e-09
-0.0002246890065853,8.835071904209877e-09
-0.0002246890065853,8.835071904209877e-09
-0.0002246890065853,8.835071904209877e-09
-0.0002246890065852995,8.835071904209844e-09
-0.0002246890065853,8.835071904209877e-09
-3.218643976021107e+26,2.278060846236053e+22
-0.00022468900658529918,8.835071904209819e-09
-0.0002246890065853,8.835071904216124e-09
-0.0002246890065853,8.835071904209877e-09
-0.0002246890065853,8.835071904209877e-09
-0.0002246890065853,8.835071904209877e-09
-0.0002246890065853,8.83507190420988e-09
-0.0002246890065853,8.835071904209877e-09
-0.00022468900658529937,8.835071904209832e-09
-0.0002246890065853,8.835071904209877e-09
-0.0002246890065853,8.835071904209877e-09
-0.0002246890065853,8.835071904209877e-09
-0.0002246890065853,8.835071904209877e-09
3.767399567198627e-05,3.7068943972860295
-0.0002246890065852993,8.835071904860486e-09
-0.0002246890065853,8.835071904209877e-09
-0.0002246890065853,8.835071904209877e-09
-0.0002246890065853,8.835071904209877e-09
-0.0002246890065853,8.835071904209877e-09
-0.0002246890065853,8.835071904209877e-09
-0.0002246890065853,8.835071904209877e-09
-0.0002246890065853,8.835071904209877e-09
-0.0002246890065853,8.835071904209877e-09
-0.0002246890065853,8.835071904209877e-09
-0.0002246890065853,8.835071904209877e-09
-0.0002246890065853,8.835071904209927e-09
89128.96075202442,-2.6001002470466945
-0.00022468900658529958,8.83507190459955e-09
-0.0002246890065853,8.835071904209877e-09
-0.0002246890065853,8.835071904209877e-09
-0.0002246890065853,8.835071904209877e-09
7.468689643281004e+17,1.0552419163358336e+22
-0.0002246890065853,8.835071904259011e-09
-0.0002246890065853,8.835071904209877e-09
-0.0002246890065853,8.835071904209877e-09
-0.0002246890065853,8.835071904209877e-09
-0.0002246890065853,8.835071904209877e-09
-0.0002246890065853,8.835071904209877e-09
-0.0002246890065853,8.835071904209877e-09
3.785647717047399e-05,3.7094726557939763
-0.00022467008282891804,0.0002671135457851337
-0.0002246890065853,8.835071904209877e-09
-0.0002246890065853,8.835071904209877e-09
-0.0002246890065853,8.835071904209877e-09
-0.00022468899729031182,1.4016280959299094e-07
1.2036189443473074e+19,1.7005783102980902e+23
-0.0002246890065853,8.835071904209877e-09
-0.0002246890065852998,8.835071904209864e-09
-0.0002246890065853,8.835071904209877e-09
-0.0002246890065853,8.835071904209877e-09
-0.0002246890065853,8.835071904209877e-09
1.2327453669822984e+18,1.7417306723660545e+22
-1.210112651792828e-05,3.7107615501716786
-0.00022468899757693695,1.2526891723431194e-07
-0.00022458421080462056,8.827654769341426e-09
-0.0002246890065853,8.835071904209877e-09
-0.0002246890065853,8.835071904209877e-09
-0.0002246890065853,8.835071904209877e-09
-0.0002246890065853,8.835071904209986e-09
-0.0002246890065853,8.835071904209877e-09
-0.00022458839700505303,1.1129413973586902e-07
-0.0002246890065853,8.835071904209877e-09
-0.0002246890065853,8.835071904209877e-09
-0.0002246890065853,8.835071904209877e-09
-0.0002246890065853,8.835071904209877e-09
1.90232055342799e+17,-13464061269399.59
-0.00022468900619265796,8.835071876419838e-09
-0.0002246890065853,8.835071904216125e-09
-0.0002246890065853,8.835071904209877e-09
-0.0002246890065853,8.835071904209877e-09
-0.0002246890065853,8.835071904209877e-09
-0.0002246890065853,8.835071904209903e-09
-0.0002246890065853,8.835071904209877e-09
-0.0002246890065853,8.835071904209877e-09
-0.0002246890065853,8.835071904209877e-09
-0.0002246890065853,8.835071904209877e-09
-0.0002246890065853,8.835071904209877e-09
1.8740297371028424e+18,1.741749582945716e+22
3.8131566257615347e-05,3.7133593554607547
-0.0002246890065852999,8.835071904282732e-09
-0.0002246890065853,8.835071904214061e-09
-0.0002246890065853,8.835071904209877e-09
-0.0002246890065853,8.835071904209877e-09
-0.0002246890065853,8.835071904209877e-09
-0.0002246890065515529,9.311880384602105e-09
-0.0002246890065853,8.835071904209877e-09
-0.00022468900658529994,8.835071904209874e-09
-0.0002246890065853,8.835071904209877e-09
-0.0002246890065853,8.835071904209877e-09
-0.0002246890065853,8.835071904209877e-09
-0.0002246890065853,8.835071904209925e-09
-1.1824653716816479e-05,3.714667800161895
-0.00022468899356600344,8.83507098274264e-09
-0.0002246889414468304,9.291684471066876e-07
-0.0002246890065853,8.835071904209877e-09
-0.0002246890065853,8.835071904209877e-09
-0.0002246890065853,8.835071904209877e-09
-0.00022468900657686346,8.954270471594264e-09
-0.0002246890065853,8.835071904209877e-09
-0.0002246890065853,8.835071904209877e-09
-0.0002246890065853,8.835071904209877e-09
-0.0002246890065853,8.835071904209877e-09
-0.0002246890065853,8.835071904209877e-09
-0.0002246890065853,8.835071954954817e-09
4.05648181990065e+29,-2.8710576491928973e+25
-0.00022468900658529994,8.835071904246728e-09
-0.00022468900658529996,8.835072473372711e-09
-0.0002246890065853,8.835071904209877e-09
-0.0002246890065853,8.835071904209877e-09
-0.0002246890065853,8.835071904209877e-09
-0.0002246890065853,8.835071904209877e-09
-0.0002246890065853,8.835071904209877e-09
-0.00022468900658529996,8.835071904209875e-09
-0.0002246890065853,8.835071904209877e-09
-0.0002246890065853,8.835071904209877e-09
-0.0002246890065853,8.835071904209877e-09
-0.0002246890065853,8.835071904209877e-09
3.840665537204157e-05,3.7172460551275335
-0.00022468899973459642,8.835071419337374e-09
-0.0002246890065853,8.835071904209877e-09
-0.0002246890065853,8.835071904209877e-09
-0.0002246890065853,8.835071904209877e-09
-0.0002246890065853,8.835071904209877e-09
-0.0002246890065853,8.835071904209877e-09
-0.0002246890065853,8.835071904209877e-09
-0.0002246890065853,8.835071904209877e-09
-0.0002246890065853,8.835071904209877e-09
-0.0002246890065853,8.835071904209877e-09
2.5090485143409944e+21,-1.775830201914036e+17
16.670048997975176,235532.23378507257
-107374183.73102199,7603.34515739463
-0.0002246890030888937,8.83507165676451e-09
-0.0002246890065853,8.835071904209877e-09
-0.0002246890065853,8.835071904209877e-09
-0.0002246890065853,8.835071904209877e-09
-0.0002246890065853,8.835071904209877e-09
-0.00022468900658526692,8.83553895167061e-09
-0.0002246890065853,8.835071904209877e-09
-0.0002246890065853,8.835071904209877e-09
-0.0002246890065853,8.835071904209877e-09
-0.0002246890065853,8.835071904209877e-09
-0.0002246890065853,8.835071904209877e-09
-0.0002246890065853,8.835071904209877e-09
3.8590503682654255e-05,3.719843625540339
-0.00022468900658529996,8.835071904209875e-09
-0.0002246890065853,8.835071904249062e-09
-0.0002246890065853,8.835071904209877e-09
-0.0002246890065853,8.835071904209877e-09
-0.0002246890065853,8.835071904209877e-09
0.002996510718774358,45.51193226788846
-0.0002246890065853,8.835071947368965e-09
-0.0002246890065853,8.835071904209877e-09
-0.0002246890065853,8.835071904209877e-09
-0.0002246890065853,8.835071904209877e-09
-0.0002246890065853,8.835071904209877e-09
-0.0002246890065853,8.835071904210734e-09
3.868312817315332e-05,3.7211523051177497
-0.00022468900429681527,8.835071742248298e-09
-0.00022468900658513167,8.835071904236304e-09
-0.0002246890065853,8.835071904209877e-09
-0.0002246890065853,8.835071904209877e-09
-0.0002246890065853,8.835071904209877e-09
-0.00022468899629894389,1.5416972429709203e-07
-0.00022468900658529996,8.835071949754208e-09
-0.0002246890065853,8.835071904209877e-09
-0.0002246890065853,8.835071904209877e-09
-0.0002246890065853,8.835071904209877e-09
-0.0002246890065853,8.835071904209877e-09
9.963848233131102e+21,-7.05211657668142e+17
-4.932681941356223e+32,3.491206135644238e+28
-0.00022468900414049521,8.835071731181093e-09
-0.0002246890065853,8.835071904226823e-09
-0.0002246890065853,8.835071904209877e-09
-0.0002246890065853,8.835071904209877e-09
-0.0002246890065853,8.835071904209877e-09
-0.00022468900424455211,4.190720885034088e-08
-0.0002246890065853,8.835071942815323e-09
-0.0002246890065853,8.835071904209877e-09
-0.0002246890065853,8.835071904209877e-09
-0.0002246890065853,8.835071904209877e-09
-0.0002246890065853,8.835071904209877e-09
-0.0002246890065853,8.835071904209884e-09
3.886559276979561e-05,3.7237303252071174
-0.0002246890065853,8.835071904216337e-09
-0.0002246890065853,8.83507190422841e-09
-0.0002246890065853,8.835071904209877e-09
-0.0002246890065853,8.835071904209877e-09
-0.0002246890065853,8.835071904209877e-09
-0.0002246890065853,8.835071904209986e-09
-0.0002246890065853,8.835071904209877e-09
-0.0002246890065853,8.835071904209877e-09
-0.0002246890065853,8.835071904209877e-09
-0.0002246890065853,8.835071904209877e-09
-0.0002246890065853,8.835071904209877e-09
16263809.483399382,229789351360.44788
0.0587889579210706,3.72503484663361
-0.0002246890049436788,8.8350717880254e-09
-0.0002246890065853,8.835071904234128e-09
-0.0002246890065853,8.835071904209877e-09
-0.0002246890065853,8.835071904209877e-09
-0.0002246890065853,8.835071904209877e-09
2.9101047878529335e+21,4.111651038860117e+25
-0.0002246890065853,8.835071950187897e-09
-0.0002246890065853,8.835071904209877e-09
-0.0002246890065853,8.835071904209889e-09
-0.0002246890065853,8.835071904209877e-09
-0.0002246890065853,8.835071904209877e-09
-0.0002246890065853,8.835071904210334e-09
-4.932681941356223e+32,3.491206135644238e+28
-0.0002246890050715765,8.835071797076243e-09
-0.0002246890065853,8.835071904209875e-09
-0.0002246890065853,8.835071904209877e-09
-0.0002246890065853,8.835071904209877e-09
-0.0002246890065853,8.835071904210363e-09
-0.00022468900658529788,8.835101668635861e-09
-0.00022468900658529994,8.835071939779543e-09
-0.0002246890065853,8.835071904209877e-09
-0.0002246890065853,8.835071904209877e-09
-0.0002246890065853,8.835071904209877e-09
-0.0002246890065853,8.835071904209877e-09
-0.0002246890065853,8.835071904209877e-09
3.914206557090741e-05,3.7276365751973337
-0.0002246890065853,8.83507190421222e-09
-0.0002246890065853,8.835071904209877e-09
-0.0002246890065853,8.835071904209877e-09
-0.0002246890065853,8.835071904209877e-09
-0.0002246890065853,8.835071904209877e-09
1.462508224658618e+19,2.0663597703970255e+23
-0.00022468900658529994,8.835071936093248e-09
-0.0002246890065853,8.835071904209877e-09
-0.0002246890065853,8.835071904209897e-09
-0.0002246890065853,8.835071904209877e-09
-0.0002246890065853,8.835071904209877e-09
-0.0002246890065853,8.835071904209877e-09
2.720083015262345e+23,-1.9251941692665848e+19
-0.00022468900548369106,8.835071826243406e-09
-0.0002246890065853,8.83507190422015e-09
-0.0002246890065853,8.835071904209877e-09
-0.0002246890065853,8.835071904209877e-09
-0.0002246890065853,8.835071904209877e-09
-0.0002246890065853,8.835071916410758e-09
-0.0002246890065853,8.835071930126221e-09
-0.0002246890065853,8.835071904209877e-09
-0.0002246890065853,8.835071904209877e-09
-0.0002246890065853,8.835071904209877e-09
-0.0002246890065853,8.835071904209877e-09
-0.0002246890065853,8.835071904209877e-09
3.9324547069395134e-05,3.73021483370528
-0.00022468900560448278,8.835071834792129e-09
-0.0002246890065853,8.835071904209877e-09
-0.0002246890065853,8.835071904209877e-09
-0.0002246890065853,8.835071904209877e-09
-0.00022468900658529996,8.835071904209875e-09
-0.0002241013997786625,0.00830223268294545
-0.0002246890065853,8.835071904211928e-09
-0.0002246890065853,8.835071904209877e-09
-0.0002246890065853,8.835071904209877e-09
-0.0002246890065853,8.835071904209877e-09
-0.0002246890065853,8.835071904209877e-09
-0.0002246890065853,8.835071904209877e-09
-71.67996070986834,3.7365770225804997
-0.00022468900556184924,8.835071831774422e-09
-0.0002246890065853,8.835071904209879e-09
-0.0002246890065853,8.835071904209877e-09
-0.0002246890065853,8.835071904209877e-09
-0.0002246890065853,8.835071904209877e-09
-0.00022468900432714986,4.074019570048312e-08
-0.0002246890065853,8.835071929042023e-09
-0.0002246890065853,8.835071904209877e-09
-0.00022468900658529996,8.835071904209875e-09
-0.0002246890065853,8.835071904209877e-09
-0.0002246890065853,8.835071904209877e-09
-0.0002246890065853,8.835071904209877e-09
2.720083015262345e+23,-1.9251941692665848e+19
-0.00022468900560448213,8.835071834791495e-09
-0.0002246890065853,8.835071904209877e-09
-0.0002246890065853,8.835071904209877e-09
-0.0002246890065853,8.835071904209877e-09
-0.0002246890065853,8.835071904209877e-09
166670514.44643804,2354867071221.7773
-0.0002246890065853,8.835071928499915e-09
-0.0002246890065853,8.835071904209877e-09
-0.0002246890065853,8.835071904209877e-09
-0.0002246890065853,8.835071904209877e-09
-0.0002246890065853,8.835071904209877e-09
-0.0002246890065853,8.835071904209877e-09
3.960101987050688e-05,3.7341210836954963
-0.0002246890065853,8.835071904209877e-09
-0.0002246890065853,8.835071904209877e-09
-0.0002246890065853,8.835071904209877e-09
-0.0002246890065853,8.835071904209877e-09
-0.000224688997085619,1.4305488905054735e-07
1.0056515043454213e+21,1.420872564394425e+25
-0.0002246890065853,8.835071904209877e-09
-0.0002246890065853,8.835071904209879e-09
-0.0002246890065853,8.835071904209877e-09
-0.0002246890065853,8.835071904209877e-09
1.064926682130255e+22,-7.53723554623145e+17
7.175180131802943e+17,1.013772320710912e+22
-71.67996043339554,3.7404832725707156
-0.0002246890065853,8.835071904209877e-09
-0.0002246890065853,8.835071904209875e-09
-0.0002246890065853,8.835071904209877e-09
-0.0002246890065853,8.835071904209877e-09
-0.00022468900658526118,8.835071904207129e-09
-0.00022468900655004453,8.843279569787309e-09
-0.0002246890065853,8.835071904209877e-09
-0.0002246890065853,8.835071904209877e-09
-0.00022468900658529994,8.835071904209874e-09
-0.0002246890065853,8.835071904209877e-09
-0.0002246890065853,8.835071904209877e-09
7.158456040738038e+17,1.0114093945823397e+22
3.97821007804636e-05,3.736679553461427
-0.0002246890065853,8.835071904210539e-09
-0.0002246890065853,8.835071904209877e-09
-0.0002246890065853,8.835071904209877e-09
-0.0002246890065853,8.835071904209877e-09
-0.00022468900658529118,8.835196332766759e-09
-0.00022468900658529996,8.835072400575206e-09
-0.0002246890065853,8.835071920368407e-09
-0.0002246890065853,8.835071904209877e-09
-0.00022468900658529996,8.835071904209875e-09
-0.0002246890065853,8.835071904209877e-09
-0.0002246890065853,8.835071904209877e-09
9.962691933929671e+21,-7.051298182364764e+17
3.991644849420556e-05,3.7379882330358845
-0.00022468900608423249,8.835071868745804e-09
-0.0002246890065853,8.835071904209877e-09
-0.0002246890065853,8.835071904209877e-09
-0.0002246890065853,8.835071904209877e-09
-0.00022468900658529996,8.835071904209874e-09
-0.00022468900658529985,8.83507383696478e-09
-0.0002246890065853,8.835071921994708e-09
-0.0002246890065853,8.835071904209877e-09
-0.0002246890065853,8.835071904209887e-09
-0.0002246890065853,8.835071904209877e-09
-0.0002246890065853,8.835071904209877e-09
7.156228765066126e+17,1.0110947055591655e+22
-151996493082847.22,10757861458.340656
-0.00022468900610910143,8.835071870505953e-09
-0.0002246890065853,8.835071904209877e-09
-0.0002246890065853,8.835071904209877e-09
-0.0002246890065853,8.835071904209877e-09
-0.0002246890065853,8.835071904209877e-09
-0.0002246890065853,8.835071904209877e-09
-0.00022468900658529996,8.83507192036841e-09
-0.0002246890065853,8.835071904209877e-09
-0.0002246890065853,8.835071904209877e-09
-0.0002246890065853,8.835071904209877e-09
-0.0002246890065853,8.835071904209877e-09
-0.0002246890065853,8.835071904209905e-09
4.00585735815754e-05,3.740585803451643
-0.00022468900624061943,8.835071879814408e-09
-0.0002246890065853,8.835071904209877e-09
-0.0002246890065853,8.835071904209877e-09
-0.0002246890065853,8.835071904209877e-09
-0.0002246890065853,8.835071904209877e-09
-0.00022468900657624712,8.835071903569141e-09
-0.0002246890065853,8.835071917981207e-09
-0.0002246890065853,8.835071904209877e-09
-0.0002246890065853,8.835071904209877e-09
-0.0002246890065853,8.835071904209877e-09
-0.0002246890065853,8.835071904209877e-09
-0.0002246890065853,8.835071904209877e-09
89128.960754409,-2.566408840881081
-0.000224689006203316,8.835071877174182e-09
-0.00022468900658529996,8.835071904251602e-09
-0.0002246890065853,8.835071904209877e-09
-0.0002246890065853,8.835071904209877e-09
-0.0002246890065853,8.835071904209877e-09
-0.0002246890065853,8.835071904219672e-09
-0.0002246890065853,8.835071911122648e-09
-0.0002246890065853,8.835071904209877e-09
-0.0002246890065853,8.835071904209877e-09
-0.0002246890065853,8.835071904209877e-09
-0.0002246890065853,8.835071904209877e-09
35392575.911127724,-2504.9816640632425
-3.218643976021107e+26,2.278060846236053e+22
-0.00022468900638809077,8.835071890251992e-09
-0.0002246890065853,8.835071904230634e-09
-0.0002246890065853,8.835071904209877e-09
-0.0002246890065853,8.835071904209877e-09
-0.0002246890065853,8.835071904209877e-09
1.166123578813719e+22,-8.25347719896677e+17
-0.0002246890065853,8.835071916029653e-09
-0.0002246890065853,8.835071904209877e-09
-0.00022468900658529996,8.835071904209875e-09
-0.0002246890065853,8.835071904209877e-09
-0.0002246890065853,8.835071904209877e-09
-0.0002246890065853,8.835071904211679e-09
4.0333662668693446e-05,3.7444725031184216
-0.00022468900642184155,8.835071892640972e-09
-0.00022468900658529996,8.835071904209875e-09
-0.0002246890065853,8.835071904209877e-09
-0.0002246890065853,8.835071904209877e-09
-0.0002246890065853,8.835071912179425e-09
-0.00022468900658525337,8.835730544722318e-09
-0.0002246890065853,8.835071904209877e-09
-0.0002246890065853,8.835071904209877e-09
-0.0002246890065853,8.835071904209877e-09
-0.0002246890065853,8.835071904209877e-09
-0.0002246890065853,8.83507190421793e-09
-0.0002246890065853,8.835071904209877e-09
1.90232055342799e+17,-13464061269399.557
-0.0002246890065853,8.835071904209877e-09
-0.00022468900658529996,8.835071904209875e-09
-0.0002246890065853,8.835071904209877e-09
-0.0002246890065853,8.835071904209877e-09
0.002341332278522502,36.25499717144535
-0.0002246890065853,8.835071904209879e-09
-0.0002246890065853,8.835071909957131e-09
-0.0002246890065853,8.835071904212564e-09
-0.0002246890065853,8.835071904209877e-09
-0.0002246890065853,8.835071904209877e-09
-0.0002246890065853,8.835071904209877e-09
-0.00019240932257423256,6.550411506156506e-09
4.051752788117487e-05,3.7470703119498054
-0.0002246890065040148,8.835071898456751e-09
-0.0002246890065853,8.835071904209877e-09
-0.0002246890065853,8.835071904209877e-09
-0.0002246890065853,8.835071904209877e-09
-0.0002246890065853,8.835071904209877e-09
1.11834078929905e+16,1.580089860445761e+20
-0.0002246890065853,8.83507190974029e-09
-0.0002246890065853,8.835071904209877e-09
-0.0002246890065853,8.835071904209877e-09
-0.0002246890065853,8.835071904209877e-09
-0.0002246890065853,8.835071904209877e-09
-0.0002246890065853,8.835071904209877e-09
-9.440075807227403e-06,3.748359206327508
-0.0002246890065853,8.835071904210013e-09
-0.0002246890065853,8.835071904209879e-09
-0.0002246890065853,8.835071904209877e-09
-0.0002246890065853,8.835071904209877e-09
-0.0002246890065853,8.835071904209877e-09
-0.0002246890065494974,9.340922209030173e-09
-0.0002246890065853,8.835071904210013e-09
-0.0002246890065853,8.835071904209877e-09
-0.0002246890065853,8.835071904209877e-09
-0.0002246890065853,8.835071904209877e-09
-0.0002246890065853,8.835071904209877e-09
-0.0002246890065853,8.835071904209905e-09
1.90232055342799e+17,-13464061269399.553
-0.0002246890065853,8.83507190420999e-09
-0.0002246890065853,8.835071904209882e-09
-0.0002246890065853,8.835071904209877e-09
-0.0002246890065853,8.835071904209877e-09
-0.0002246890065853,8.835071904209877e-09
-0.0002246890065764117,8.835071903580818e-09
-0.0002246890065853,8.835071908439248e-09
-0.0002246890065853,8.835071904209877e-09
-0.0002246890065853,8.835071904209877e-09
-0.0002246890065853,8.835071904209877e-09
-0.0002246890065853,8.835071904209877e-09
-0.0002246890065853,8.835071904209877e-09
4.075874972516249e-05,3.750478505529526
-0.0002246890065853,8.835071904209983e-09
-0.0002246890065853,8.835071904209877e-09
-0.0002246890065853,8.835071904209877e-09
-0.0002246890065853,8.835071904209877e-09
-0.0002246890065853,8.835071904209879e-09
-0.0002246890065853,8.835071904209877e-09
-0.0002246890065853,8.835071907612051e-09
-0.0002246890065853,8.835071904209877e-09
-0.0002246890065853,8.835071904209877e-09
-0.0002246890065853,8.835071904209877e-09
-0.0002246890065853,8.835071904209877e-09
-0.0002246890065853,8.835071904238901e-09
2.720083015262345e+23,-1.9251941692665848e+19
-0.00022468900649602128,8.835071897890995e-09
-0.0002246890065853,8.835071904209892e-09
-0.0002246890065853,8.835071904209877e-09
-0.0002246890065853,8.835071904209877e-09
-0.0002246890065853,8.835071904209877e-09
-0.0002246890065853,8.83507190420999e-09
-0.0002246890065853,8.835071907381658e-09
-0.0002246890065853,8.835071904209877e-09
-0.0002246890065853,8.835071904209877e-09
-0.0002246890065853,8.835071904209877e-09
-0.0002246890065853,8.835071904209877e-09
1.0258420802720245e+22,-7.260606314022835e+17
-9.198162106254556e-06,3.751777175068947
-0.0002246890065853,8.835071904209877e-09
-0.0002246890065853,8.835071904209898e-09
-0.0002246890065853,8.835071904209877e-09
-0.0002246890065853,8.835071904209877e-09
-0.0002246890065853,8.835071904209877e-09
-0.00022468900658529945,8.835079623380348e-09
-0.0002246890065853,8.835071907313895e-09
-0.0002246890065853,8.835071904211207e-09
-0.0002246890065853,8.835071904209877e-09
-0.0002246890065853,8.835071904209877e-09
-0.0002246890065853,8.835071904209877e-09
-0.0002246890065853,8.835071904209905e-09
4.08962942687332e-05,3.752421855362915
-0.0002246890065853,8.835071904209953e-09
-0.0002246890065853,8.835071904209877e-09
-0.0002246890065853,8.835071904209877e-09
-0.0002246890065853,8.835071904209877e-09
-0.0002246890065853,8.835071904209877e-09
-0.0002246890065853,8.835071911638996e-09
-0.0002246890065853,8.835071907341002e-09
-0.0002246890065853,8.835071904209877e-09
-0.0002246890065853,8.835071904209877e-09
-0.0002246890065853,8.835071904209877e-09
-0.0002246890065853,8.835071904209877e-09
7.471340061486648e+17,1.0556163906439114e+22
4.05648181990065e+29,-2.8710576491928973e+25
-0.0002246890065853,8.835071904209938e-09
-0.0002246890065853,8.835071904212193e-09
-0.0002246890065853,8.835071904209877e-09
-0.0002246890065853,8.835071904209877e-09
-0.0002246890065853,8.835071904209877e-09
-0.00022468900658473642,8.843034510458719e-09
-0.0002246890065853,8.835071906920872e-09
-0.0002246890065853,8.835071904209877e-09
-0.0002246890065853,8.835071904209877e-09
-0.0002246890065853,8.835071904209877e-09
-0.0002246890065853,8.835071904209877e-09
7.366077180411337e+17,1.0407439284517156e+22
-71.67995913742928,3.7587938193998536
-0.00022468900649468904,8.835071897796757e-09
-0.0002246890065853,8.835071904212167e-09
-0.0002246890065853,8.835071904209877e-09
-0.0002246890065853,8.835071904209877e-09
-0.0002246890065853,8.835071904209877e-09
-0.0002246890065853,8.835071904209877e-09
-0.0002246890065853,8.835071906338112e-09
-0.0002246890065853,8.835071904209877e-09
-0.0002246890065853,8.835071904209877e-09
-0.0002246890065853,8.835071904209877e-09
-0.0002246890065853,8.835071904209877e-09
6.621007492598618e+17,-46861529401490.86
4.103453066928907e-05,3.754374980358023
-0.00022468900652911433,8.835071900233223e-09
-0.0002246890065853,8.835071904211942e-09
-0.0002246890065853,8.835071904209877e-09
-0.0002246890065853,8.835071904209877e-09
-0.0002246890065853,8.835071904209877e-09
-0.00022468900582291727,1.9606683035818995e-08
-0.0002246890065853,8.835071906473637e-09
-0.0002246890065853,8.835071904209877e-09
-0.0002246890065853,8.835071904209877e-09
-0.0002246890065853,8.835071904209877e-09
-0.0002246890065853,8.835071904209877e-09
-0.0002246890065853,8.835071904209877e-09
5.848603135113401e+35,-4.139468020239309e+31
-0.00022468900653089069,8.835071900358948e-09
-0.0002246890065853,8.835071904209877e-09
-0.0002246890065853,8.835071904209877e-09
-0.0002246890065853,8.835071904209877e-09
-0.0002246890065853,8.835071904210377e-09
-0.0002246890065846925,8.835071904166882e-09
-0.0002246890065853,8.83507190659561e-09
-0.0002246890065853,8.835071904209877e-09
-0.0002246890065853,8.835071904209877e-09
-0.0002246890065853,8.835071904209877e-09
-0.0002246890065853,8.835071904209877e-09
9.063266155906886,-0.00064147819418134
-151996493082847.22,10757861458.357014
-0.0002246890065853,8.83507190420992e-09
-0.0002246890065853,8.835071904209953e-09
-0.0002246890065853,8.835071904209877e-09
-0.0002246890065853,8.835071904209885e-09
-0.0002246890065853,8.835071904209877e-09
-0.0002246890065853,8.835071904209877e-09
-0.0002246890065853,8.835071906731135e-09
-0.0002246890065853,8.835071904209877e-09
-0.0002246890065853,8.835071904209877e-09
-0.0002246890065853,8.835071904209877e-09
-0.0002246890065853,8.835071904209877e-09
-0.0002246890065853,8.835071904209877e-09
4.117138338315937e-05,3.756308555029694
-0.00022468900652978046,8.83507190028041e-09
-0.0002246890065853,8.835071904209933e-09
-0.0002246890065853,8.835071904209877e-09
-0.0002246890065853,8.83507190421259e-09
-0.0002246890065853,8.835071904209877e-09
-0.0002246890065853,8.835071904209877e-09
-0.0002246890065853,8.835071906473637e-09
-0.0002246890065853,8.835071904209877e-09
-0.0002246890065853,8.835071904209877e-09
-0.0002246890065853,8.835071904209877e-09
-0.0002246890065853,8.835071904209877e-09
-0.0001898630648337386,6.370194927179188e-09
5.848603135113401e+35,-4.139468020239309e+31
-0.00022468900652621943,8.835071900028328e-09
-0.0002246890065853,8.835071904209877e-09
-0.0002246890065853,8.835071904209877e-09
-0.0002246890065853,8.835071906027318e-09
-0.0002246890065853,8.835071904209877e-09
-0.00022468900657434255,8.835071903434342e-09
-0.0002246890065853,8.83507190632456e-09
-0.0002246890065852796,8.835071922861417e-09
-0.0002246890065853,8.835071904209877e-09
-0.0002246890065853,8.835071904209877e-09
-0.0002246890065853,8.835071904209877e-09
-0.0002246890065853,8.835071904209877e-09
-151996493082847.22,10757861458.358967
-0.0002246890065852732,8.835071928606813e-09
-0.00022468900658527917,8.835071904208411e-09
-0.0002246890065853,8.835071904209877e-09
-0.0002246890065853,8.835071904209958e-09
-0.0002246890065853,8.835071904209877e-09
1.09268799606374e+22,-7.73372190130238e+17
-0.0002246890065853,8.835071904209915e-09
-0.0002246890065853,8.835071904209877e-09
-0.0002246890065853,8.835071904209877e-09
-0.0002246890065853,8.835071904209877e-09
-0.0002246890065853,8.835071904209877e-09
1.3577979043744284e+22,-9.610091287202577e+17
4.130961978371524e-05,3.758261680024802
-0.0002246890065853,8.83507190420991e-09
-0.0002246890065853,8.835071904209877e-09
-0.0002246890065853,8.835071904209877e-09
-0.0002246890065853,8.835071904209981e-09
-0.0002246890065853,8.835071904209877e-09
-0.0002246890065853,8.835071904209877e-09
-0.0002246890065853,8.835071906134826e-09
-0.0002246890065853,8.835071904209877e-09
-0.0002246890065853,8.835071904209877e-09
-0.0002246890065853,8.835071904209877e-09
-0.0002246890065853,8.835071904209877e-09
11.81326901004192,-0.0008361152486587604
4.135453983678683e-05,3.758896350280781
-0.0002246890065468779,8.835071901490502e-09
-0.0002246890065853,8.835071904209877e-09
-0.0002246890065853,8.835071904209877e-09
-0.0002246890065853,8.835071904210274e-09
-0.0002246890065853,8.835071904209877e-09
-0.0002246890065853,8.835071904209877e-09
-0.0002246890065853,8.835071904209877e-09
-0.0002246890065853,8.835071904209903e-09
-0.00022468900657563818,8.835071903526042e-09
-0.0002246890065853,8.835071904209877e-09
-0.0002246890065853,8.835071904217085e-09
-0.0002246890065853,8.835071904209877e-09
-2.302153570190268e+20,1.6293960901995088e+16
-0.0002246890065853,8.835071904209877e-09
-0.0002246890065853,8.835071904209877e-09
-0.00022468900658529983,8.835074153275259e-09
-0.0002246890065853,8.835071904209877e-09
-0.0002246890065853,8.835071904209877e-09
9539.033931106127,-0.6751445670520866
-0.0002246890065853,8.835071905470507e-09
-0.0002246890065853,8.835071904209877e-09
-0.0002246890065853,8.835071904209877e-09
-0.0002246890065853,8.835071904209877e-09
-0.0002246890065853,8.835071904209877e-09
7.155139432027306e+17,1.0109407950422856e+22
0.058791446176280605,3.7601910965455545
-0.0002246890065853,8.835071904209908e-09
-0.0002246890065853,8.835071904209877e-09
-0.0002246890065853,8.835071904209877e-09
-0.00022468900658524554,8.835071907270276e-09
-0.0002246890065853,8.835071904209877e-09
-0.0002246890065853,8.835071904209877e-09
-0.0002246890065853,8.835071905073973e-09
-0.0002246890065853,8.835071904209877e-09
-0.0002246890065853,8.835071904209877e-09
-0.0002246890065853,8.835071904209877e-09
-0.0002246890065853,8.835071904209877e-09
-0.00022408410328811614,0.008546612657235029
4.1492776237342756e-05,3.7608494752758888
-0.0002246890065603158,8.835071902441596e-09
-0.0002246890065853,8.835071904209877e-09
-0.0002246890065853,8.835071904209877e-09
-0.0002246890065853,8.835071904313638e-09
-0.0002246890065853,8.835071904209877e-09
-0.0002246890065853,8.835071904209877e-09
-0.0002246890065853,8.835071905091036e-09
-0.0002246890065853,8.835071904209877e-09
-0.0002246890065853,8.835071904209877e-09
-0.0002246890065853,8.835071904209877e-09
-0.0002246890065853,8.835071904209877e-09
-0.0002246890065853,8.835071904209877e-09
-2.302153570190268e+20,1.6293960901995088e+16
-0.0002246890065598717,8.835071902410139e-09
-0.0002246890065853,8.835071904209877e-09
-0.0002246890065853,8.835071904209877e-09
-0.0002246890065853,8.835071904209877e-09
-0.0002246890065853,8.835071904209877e-09
-0.0002246890065853,8.835071904209877e-09
-0.0002246890065853,8.835071905063809e-09
-0.0002246890065853,8.835071904209877e-09
-0.0002246890065853,8.835071904209877e-09
-0.0002246890065853,8.835071904209877e-09
-0.0002246890065853,8.835071904209877e-09
-0.0002246890065853,8.835071904209877e-09
89128.9607558432,-2.5461451690568353
-0.00022468900655709615,8.835071902213692e-09
-0.0002246890065853,8.835071904209877e-09
-0.0002246890065853,8.835071904209877e-09
-0.0002246890065853,8.835071904209877e-09
-0.0002246890065853,8.835071904209877e-09
-0.0002246890065853,8.835071904209884e-09
-0.0002246890065853,8.835071905033314e-09
-0.0002246890065853,8.835071904209877e-09
-0.0002246890065853,8.835071904209917e-09
-0.0002246890065853,8.835071904209877e-09
-0.0002246890065853,8.835071904209877e-09
7.207770872564961e+17,1.0183770261383836e+22
4.162962892390493e-05,3.762783049947559
-0.0002246890065853,8.835071904209905e-09
-0.0002246890065853,8.835071904209877e-09
-0.0002246890065853,8.835071904209877e-09
-0.0002246890065853,8.835071904209877e-09
-0.0002246890065853,8.835071904209877e-09
0.0003781783632591273,8.517838465588868
-0.0002246890065853,8.835071904901177e-09
-0.0002246890065853,8.835071904209877e-09
-0.0002246890065853,8.835071904209877e-09
-0.0002246890065853,8.835071904209877e-09
-0.0002246890065853,8.835071904209877e-09
-0.0002246890065853,8.835071904209877e-09
-4.932681941356223e+32,3.491206135644238e+28
-0.00022468900656109295,8.835071902496607e-09
-0.0002246890065853,8.835071904209902e-09
-0.0002246890065853,8.835071904209877e-09
-0.0002246890065853,8.835071904209877e-09
-0.0002246890065853,8.835071904209877e-09
-0.0002246890065853,8.835071904209877e-09
-0.0002246890065853,8.835071904619902e-09
-0.0002246890065853,8.835071904209877e-09
-0.0002246890065853,8.835071904209877e-09
-0.0002246890065853,8.835071904209877e-09
-0.0002246890065853,8.835071904209877e-09
0.0003170435803750707,-2.9507155589064613e-08
89128.96075598143,-2.5441920440617274
-0.0002246890065853,8.835071904209912e-09
-0.0002246890065853,8.835071904209877e-09
-0.0002246890065853,8.835071904209877e-09
-0.0002246890065853,8.835071904209877e-09
-0.0002246890065853,8.835071904209877e-09
-0.0002246890065412649,9.45723827662737e-09
-0.0002246890065853,8.835071904635149e-09
-0.0002246890065853,8.835071904209877e-09
-0.0002246890065853,8.835071904209877e-09
-0.0002246890065853,8.835071904209877e-09
-0.0002246890065853,8.835071904209877e-09
-0.0002246890065853,8.835071904209877e-09
4.17678653244608e-05,3.7647361749426675
-0.00022468900658527223,8.835071904207948e-09
-0.0002246890065853,8.835071904209877e-09
-0.0002246890065853,8.835071904209877e-09
-0.0002246890065853,8.835071904209877e-09
-0.0002246890065853,8.835071904209877e-09
659.6203154973747,9319696.976657016
-0.0002246890065853,8.835071904624984e-09
-0.0002246890065853,8.835071904209897e-09
-0.0002246890065853,8.835071917440135e-09
-0.0002246890065853,8.835071904209877e-09
-0.0002246890065853,8.835071904209877e-09
-0.0002246890065853,8.835071904209877e-09
4.181349413638635e-05,3.765380858778943
-0.0002246890065852745,8.835071904208074e-09
-0.0002246890065853,8.835071904209877e-09
-0.0002246890065853,8.835071904209877e-09
-0.0002246890065853,8.835071904209877e-09
-0.0002246890065853,8.835071904209877e-09
-0.0002246890065853,8.835071904209907e-09
-0.0002246890065853,8.83507190461482e-09
-0.0002246890065853,8.835071904209877e-09
-0.0002246890065853,8.835071904209877e-09
-0.0002246890065853,8.835071904209877e-09
-0.0002246890065853,8.835071904326026e-09
-0.0002246890065853,8.835071904209877e-09
1.90232055342799e+17,-13464061269399.537
-0.0002246890065853,8.835071904209893e-09
-0.0002246890065853,8.835071904209877e-09
-0.0002246890065853,8.835071904209877e-09
-0.0002246890065853,8.835071904209877e-09
7.573138114432632e+17,1.0699993115578383e+22
1.151483164591742e+22,-8.149856684674932e+17
-0.0002246890065853,8.835071904209877e-09
-0.0002246890065853,8.835071904209877e-09
-0.0002246890065853,8.835071904209877e-09
-0.0002246890065853,8.835071904209877e-09
-0.00022468900658529996,8.835071904209875e-09
-0.00019082134119093562,6.438018888619711e-09
4.190537610761257e-05,3.766679524776059
-0.0002246890065853,8.835071904209905e-09
-0.0002246890065853,8.835071904209877e-09
-0.0002246890065853,8.835071904209877e-09
-0.0002246890065853,8.835071904209877e-09
-0.0002246890065853,8.835071904209877e-09
-0.0002246890065853,8.835071904209877e-09
-0.0002246890065853,8.835071904209893e-09
-0.0002246890065853,8.835071904209877e-09
-0.0002246890065853,8.835071904209877e-09
-0.0002246890065853,8.835071904209877e-09
-0.0002246890065853,8.835071904209877e-09
-0.0002246890065853,8.835071904209877e-09
4.1951038679957056e-05,3.7673242086123326
-0.0002246890065853,8.835071904209903e-09
-0.0002246890065853,8.835071904209877e-09
-0.0002246890065853,8.835071904209877e-09
-0.0002246890065853,8.835071904209877e-09
-0.0002246890065853,8.835071904209877e-09
1.1145892261767682e+22,-7.888732319281484e+17
-0.0002246890065853,8.835071904528423e-09
-0.0002246890065853,8.835071904209877e-09
-0.0002246890065853,8.835071904209877e-09
-0.0002246890065853,8.835071904209879e-09
-0.0002246890065853,8.835071904209877e-09
-0.0002246890065853,8.835071904209877e-09
1.90232055342799e+17,-13464061269399.535
-0.000224689006575861,8.835071903541814e-09
-0.0002246890065853,8.835071904209877e-09
-0.0002246890065853,8.835071904209877e-09
-0.0002246890065853,8.835071904209877e-09
-0.0002246890065853,8.835071904209877e-09
-0.0002246890065853,8.835071904217133e-09
-0.0002246890065853,8.835071904533505e-09
-0.0002246890065853,8.835071904209877e-09
-0.0002246890065852575,8.835071904206868e-09
-0.0002246890065853,8.835071904209877e-09
-0.0002246890065853,8.835071904209877e-09
-0.0002246890065853,8.835071904209877e-09
-8.005873151460045e-06,3.7686228781517537
-0.0002246890065853,8.835071904209902e-09
-0.0002246890065853,8.835071904209877e-09
-0.0002246890065853,8.835071904209877e-09
-0.0002246890065853,8.835071904209877e-09
-0.0002246890065853,8.835071904209877e-09
-0.0002246890065853,8.835071904209877e-09
-0.0002246890065853,8.835071904209897e-09
-0.0002246890065853,8.835071904209877e-09
-0.0002246890065852588,8.835071904207005e-09
-0.0002246890065853,8.835071904209877e-09
-0.0002246890065853,8.835071904209877e-09
-0.0002246890065853,8.835071904209877e-09
4.208858322352771e-05,3.769267558445722
-0.0002246890065812189,8.835071903921068e-09
-0.0002246890065853,8.835071904209925e-09
-0.0002246890065853,8.835071904209877e-09
-0.0002246890065853,8.835071904209877e-09
-0.0002246890065853,8.835071904209877e-09
-0.0002246890065853,8.835071904209877e-09
-0.0002246890065853,8.835071904491153e-09
-0.00022468899771538913,8.835071276423866e-09
-0.0002246890065853,8.835071904209908e-09
-0.0002246890065853,8.835071904209877e-09
-0.0002246890065853,8.835071904209877e-09
-0.0002246890065853,8.835071904209877e-09
4.05648181990065e+29,-2.8710576491928973e+25
-0.0002246890065853,8.835071904209902e-09
-0.0002246890065853,8.835071904209935e-09
-0.0002246890065853,8.835071904209877e-09
-0.0002246890065853,8.835071904209877e-09
-0.0002246890065853,8.835071904209877e-09
-0.0002246890065853,8.835071904239394e-09
-0.0002246890065853,8.835071904209877e-09
-0.0002246890065853,8.835071904209877e-09
-0.0002246890065853,8.835071904209902e-09
-0.0002246890065853,8.835071904209877e-09
-0.0002246890065853,8.835071904209877e-09
-0.0002246890065853,8.835071904209877e-09
-71.67995794514033,3.77563952248266
-0.0002246890065853,8.835071904209902e-09
-0.0002246890065853,8.835071904209877e-09
-0.0002246890065853,8.835071904209877e-09
-0.0002246890065853,8.835071904209877e-09
-0.0002246890065853,8.835071904210363e-09
-0.000224689006585291,8.835198939364958e-09
-0.0002246890065853,8.835071904209907e-09
-0.0002246890065853,8.835071904209898e-09
-0.0002246890065853,8.835071904209877e-09
-0.0002246890065853,8.835071904209877e-09
-0.0002246890065853,8.835071904209877e-09
1.0285226227635214e+22,-7.279578399603112e+17
4.2226819624083636e-05,3.7712206834408297
-0.0002246890065840875,8.835140755231231e-09
-0.00022468900652889055,8.835071900217384e-09
-0.0002246890065853,8.835071904209877e-09
-0.0002246890065853,8.835071904209877e-09
11364508763.787687,160567737834754.88
-0.0002246890065853,8.835071904209877e-09
-0.0002246890065853,8.835071904209898e-09
-0.0002246890065853,8.835071904209877e-09
-0.0002246890065853,8.835071904209877e-09
-0.0002246890065853,8.835071904209877e-09
-0.0002246890065853,8.835071904209877e-09
-0.0002246890065853,8.835071904209877e-09
5.848603135113401e+35,-4.139468020239309e+31
-0.0002246890065853,8.835071904209877e-09
-0.0002246890065853,8.835071904209877e-09
-0.0002246890065853,8.835071904209877e-09
-0.0002246890065853,8.835071904209877e-09
-0.0002246890065853,8.835071904209877e-09
-0.0002246890065853,8.835071904209879e-09
-0.0002246890065853,8.835071904209908e-09
-0.0002246890065853,8.835071904209877e-09
-0.0002246890065853,8.835071904209877e-09
-0.0002246890065853,8.835071904209877e-09
-0.0002246890065853,8.835071904209877e-09
-0.0002246890065853,8.835071904209877e-09
-107374183.73101816,7603.399112472621
-0.0002246890065853,8.835071904209892e-09
-0.0002246890065853,8.835071904209877e-09
-0.0002246890065853,8.835071904209877e-09
-0.0002246890065853,8.835071904209877e-09
1.9387247853011953e+20,2.7392002552006944e+24
-0.00022468900658529985,8.835073903319648e-09
-0.0002246890065853,8.835071904368302e-09
-0.0002246890065853,8.835071904209877e-09
-0.0002246890065853,8.835071904209877e-09
-0.0002246890065853,8.835071904209877e-09
-0.0002246890065853,8.835071904209877e-09
-0.0002246890065853,8.835071904209877e-09
4.2363672337953934e-05,3.7731542581125006
-0.00022468900658466148,8.835071904164685e-09
-0.0002246890065853,8.835071904209877e-09
-0.0002246890065853,8.835071904210016e-09
-0.0002246890065853,8.835071904209877e-09
-0.0002246890065853,8.835071904209877e-09
2.0589534687826944e+32,2.9090698741233215e+36
-0.0002246890065853,8.83507190434882e-09
-0.0002246890065853,8.835071904209902e-09
-0.0002246890065853,8.835071904209877e-09
-0.0002246890065853,8.835071904209877e-09
-0.0002246890065853,8.835071904209877e-09
-0.0002246890065853,8.835071904209877e-09
5.848603135113401e+35,-4.139468020239309e+31
-0.0002246890065848072,8.835071904174998e-09
-0.0002246890065853,8.835071904210343e-09
-0.0002246890065853,8.835071904209877e-09
-0.0002246890065853,8.835071904209903e-09
-0.0002246890065853,8.835071904209877e-09
-0.0002246890065853,8.835071904209877e-09
-0.0002246890065853,8.83507190434882e-09
-0.0002246890065853,8.835071904209877e-09
-0.0002246890065853,8.835071904209877e-09
-0.0002246890065853,8.835071904209877e-09
-0.0002246890065853,8.835071904209877e-09
9.976707984097366e+21,1.0494452076781142e+22
-151996493082847.22,10757861458.375813
-0.000224689006583259,8.85792737858013e-09
-0.0002246890065853,8.835071904209877e-09
-0.0002246890065853,8.835071904209877e-09
-0.0002246890065853,8.835071904209877e-09
-0.0002246890065853,8.835071904209877e-09
-0.0002246890065853,8.835071904209877e-09
-0.0002246890065853,8.835071904333574e-09
-0.0002246890065853,8.835071904209877e-09
-0.0002246890065853,8.835071904209877e-09
-0.0002246890065853,8.835071904209877e-09
-0.0002246890065853,8.835071904209877e-09
-0.0002246890065853,8.835071904209877e-09
4.2542940104767484e-05,3.7750976079429366
-0.00022468900658475862,8.835071904171593e-09
-0.0002246890065853,8.835071904209877e-09
-0.0002246890065853,8.835071904210024e-09
-0.0002246890065853,8.835071904209877e-09
-0.0002246890065853,8.835071904209877e-09
1.2922765071377243e+25,-9.146350249835242e+20
-0.0002246890065853,8.835071904328491e-09
-0.0002246890065853,8.835071904209908e-09
-0.0002246890065853,8.835071904209877e-09
-0.0002246890065853,8.835071904209877e-09
-0.0002246890065853,8.835071904209877e-09
-0.00019193245385766572,4.1213332440156595e-08
4.2546828791581394e-05,3.7757420533635875
-0.00022468900658272214,8.862815903902788e-09
-0.0002246890065853,8.835071904209877e-09
-0.0002246890065853,8.835071904209877e-09
-0.0002246890065853,8.835071904209907e-09
-0.0002246890065853,8.835071904209877e-09
-0.0002246890065853,8.835071904209877e-09
-0.0002246890065853,8.835071904317889e-09
-0.0002246890065853,8.835071904209877e-09
-0.0002246890065853,8.835071904209877e-09
-0.0002246890065853,8.835071904209877e-09
-0.0002246890065853,8.835071904209877e-09
-0.0002246890065853,8.835071904209877e-09
-2.302153570190268e+20,1.6293960901995088e+16
-0.00022468900658219768,8.870323684739816e-09
-0.0002246890065853,8.835071904209877e-09
-0.0002246890065853,8.835071904209877e-09
-0.0002246890065853,8.8350719042099e-09
-0.0002246890065853,8.835071904209879e-09
-0.0002246890065853,8.835071904209877e-09
-0.0002246890065853,8.83507190433442e-09
-0.0002246890065853,8.835071904210066e-09
-0.0002246890065853,8.835071904209877e-09
-0.0002246890065853,8.835071904209877e-09
-0.0002246890065853,8.835071904209877e-09
6.125257629524375e+17,-43352758748352.58
0.0587926384652354,3.777036799628361
-0.0002246890065848072,8.835071904175041e-09
-0.0002246890065853,8.835071904209877e-09
-0.0002246890065853,8.835071904209903e-09
-0.0002246890065853,8.835071904209877e-09
-0.00022468900658526486,8.83507190420739e-09
-0.0002246890065853,8.835071904209877e-09
-0.0002246890065853,8.835071904209917e-09
-0.0002246890065853,8.835071904209877e-09
-0.0002246890065853,8.835071904209877e-09
-0.0002246890065853,8.835071904209877e-09
-0.0002246890065853,8.835071904209877e-09
-0.0002246890065853,8.835071904209877e-09
4.268506519213727e-05,3.7776951783586954
-0.0002246890065853,8.835071904209922e-09
-0.0002246890065853,8.835071904209877e-09
-0.0002246890065853,8.835071904209879e-09
-0.0002246890065853,8.835071904209877e-09
722114.1061083957,10202660838.445452
18173518190596.363,2.5677138933281952e+17
-0.0002246890065853,8.835071904360679e-09
-0.0002246890065853,8.835071904209877e-09
-0.0002246890065853,8.835071904209877e-09
-0.0002246890065853,8.835071904209877e-09
-0.00022468900657589546,8.967947239611426e-09
-0.0002246890065853,8.835071904209877e-09
-4.932681941356223e+32,3.491206135644238e+28
-0.0002246890065853,8.835071904209877e-09
-0.0002246890065853,8.835071904209877e-09
-0.0002246890065853,8.835071904209877e-09
-0.0002246890065853,8.835071904209877e-09
-0.0002246890065853,8.835071904209877e-09
-0.0002246890065853,8.835071904211907e-09
-0.0002246890065853,8.835071904209877e-09
-0.0002246890065853,8.835071904209877e-09
-0.0002246890065853,8.835071904209877e-09
-0.0002246890065853,8.835071904209877e-09
-0.00022468684721528928,8.834919070398166e-09
-0.0002246890065853,8.835071904209877e-09
89128.96075703549,-2.5292994659740287
-0.0002246890065853,8.835071904209877e-09
-0.0002246890065853,8.83507190420996e-09
-0.0002246890065853,8.835071904209877e-09
-0.0002246890065853,8.835071904209877e-09
-0.0002246890065853,8.835071904209877e-09
0.010393077204583791,150.0171047356271
-0.0002246890065853,8.835071904209877e-09
-0.0002246890065853,8.835071904209927e-09
-0.0002246890065853,8.835071904209877e-09
-0.0002246890065853,8.835071904209877e-09
-0.0002246890065853,8.835071904209877e-09
-0.0002246890065853,8.835071904209877e-09
4.282191787869944e-05,3.779628753030366
-0.00022468900657822126,8.931041261410164e-09
-0.0002246890065853,8.835071904209984e-09
-0.0002246890065853,8.835071904209877e-09
-0.0002246890065853,8.835071904209877e-09
-0.0002246890065853,8.835071904209877e-09
-0.0002246890065853,8.835071904209877e-09
-0.0002246890065853,8.835071904351331e-09
-0.0002246890065853,8.835071904209877e-09
-0.0002246890065853,8.835071904209877e-09
-0.0002246890065853,8.835071904209877e-09
-0.0002246890065853,8.835071904209877e-09
-0.0002246890065853,8.835071904209877e-09
-4.932681941356223e+32,3.491206135644238e+28
-0.00022468900657823687,8.931041198961224e-09
-0.0002246890065853,8.835071904209951e-09
-0.0002246890065853,8.835071904209877e-09
-0.0002246890065853,8.835071904209877e-09
-0.0002246890065853,8.835071904209877e-09
-0.0002246890065853,8.835071904209889e-09
-0.0002246890065853,8.83507190436576e-09
-0.0002246890065853,8.835071904209877e-09
-0.0002246890065853,8.835071904209877e-09
-0.0002246890065853,8.835071904209877e-09
-0.0002246890065853,8.835071904209877e-09
-0.0002246890065853,8.835071904209877e-09
89128.96075717373,-2.5273463409789207
-0.00022468900658529403,8.835071904209526e-09
-0.0002246890065853,8.835071904209996e-09
-0.0002246890065853,8.835071904209877e-09
-0.0002246890065853,8.835071904209884e-09
-0.0002246890065853,8.835071904209877e-09
-0.0002246890065853,8.835071904209877e-09
-0.0002246890065853,8.83507190436322e-09
-0.0002246890065853,8.835071904209877e-09
-0.0002246890065853,8.835071904209935e-09
-0.0002246890065853,8.835071904209877e-09
-0.0002246890065853,8.835071904209877e-09
-0.0002246890065853,8.835071904209877e-09
4.295942866185121e-05,3.7815721028637577
-0.00022468900658529576,8.83507190420966e-09
-0.0002246890065853,8.835071904209953e-09
-0.0002246890065853,8.835071904209877e-09
-0.0002246890065853,8.835071904209877e-09
-0.0002246890065853,8.835071904209877e-09
16482842757982.24,2.3081489197304493e+17
-0.0002246890065853,8.835071904395407e-09
-0.0002246889042486472,8.83506466112479e-09
-0.0002246890065853,8.83507190420994e-09
-0.0002246890065853,8.835071904209877e-09
-0.0002246890065853,8.835071904209877e-09
1.0501435057922693e+18,1.4837347625989327e+22
4.3005091234195694e-05,3.7822167867000314
-0.0002246890065853,8.835071904209971e-09
-0.0002246890065853,8.835071904209877e-09
-0.0002246890065853,8.835071904209877e-09
-0.0002246890065853,8.835071904209882e-09
-0.0002246890065853,8.835071904209877e-09
9.89525052967872e+21,-7.003565154548124e+17
-0.0002246890065853,8.83507190434035e-09
-0.0002246890065853,8.835071904209877e-09
-0.0002246890065853,8.83507190420996e-09
-0.0002246890065853,8.835071904209877e-09
-0.0002246890065853,8.835071904209877e-09
-0.0002246890065853,8.835071904209877e-09
1.90232055342799e+17,-13464061269399.52
-0.00022468900658529465,8.835071904209599e-09
-0.0002246890065853,8.835071904209877e-09
-0.0002246890065853,8.835071904209877e-09
-0.0002246890065853,8.835071904209877e-09
-0.0002246890065853,8.835071904209877e-09
-0.0002246890065853,8.835071904209877e-09
-0.0002246890065853,8.835071904337809e-09
-0.0002246890065853,8.835071904209877e-09
-0.0002246890065853,8.835071904209877e-09
-0.0002246890065853,8.835071904209877e-09
-0.0002246890065853,8.835071904209877e-09
-0.00022468900658482462,8.835071904176232e-09
4.309766506240708e-05,3.7835252278588656
-0.00022468900658014252,8.907849021692755e-09
-0.0002246890065853,8.835071904209877e-09
-0.0002246890065853,8.835071904209877e-09
-0.0002246890065853,8.835071904209877e-09
-0.0002246890065853,8.835071904209877e-09
-0.00016164774057417502,0.8907022542237638
-0.0002246890065853,8.835071904364067e-09
-0.0002246890065853,8.835071904209991e-09
-0.0002246890065853,8.835071904209877e-09
-0.0002246890065853,8.835071904209877e-09
-0.0002246890065853,8.835071904209877e-09
1.0331053731428646e+22,-7.312013749039182e+17
4.314332763475157e-05,3.7841699116951393
-0.0002246890065853,8.835071904209877e-09
-0.0002246890065853,8.835071904209877e-09
-0.0002246890065853,8.835071904209877e-09
-0.0002246890065853,8.835071904209877e-09
-0.00018487359471812244,0.5625470354907912
9.96413308580682e+21,-7.052318186965853e+17
-0.0002246890065853,8.835071904352178e-09
-0.0002246890065853,8.83507190421001e-09
-0.0002246890065853,8.835071904209877e-09
-0.0002246890065853,8.835071904209877e-09
-0.0002246890065853,8.835071904209877e-09
-0.0002246890065853,8.835071904209877e-09
2.720083015262345e+23,-1.9251941692665848e+19
-0.0002246890065812102,8.889877688968036e-09
-0.0002246890065853,8.835071904209877e-09
-0.0002246890065853,8.835071904209877e-09
-0.0002246890065853,8.835071904209877e-09
-0.0002246890065853,8.835071904209877e-09
1.0058671523047886e+22,-7.119229691918771e+17
-0.0002246890065853,8.835071904322562e-09
-0.0002246890065853,8.835071904209877e-09
-0.0002246890065853,8.835071904209877e-09
-0.0002246890065853,8.835071904209877e-09
-0.0002246890065853,8.835071904209877e-09
-0.0002246890065853,8.835071904209877e-09
-71.67995689108777,3.7905321005703585
-0.0002246890065850432,8.835071904191884e-09
-0.0002246890065853,8.835071904209877e-09
-0.0002246890065853,8.835071904209877e-09
-0.0002246890065853,8.835071904209877e-09
-0.0002246890065853,8.835071904209877e-09
11171253957474.363,1.5783726459385808e+17
-0.0002246890065853,8.835071904329338e-09
-0.0002246890065853,8.835071904209877e-09
-0.0002246890065853,8.835071904209877e-09
-0.0002246890065853,8.835071904209877e-09
-0.0002246890065853,8.835071904209877e-09
8.566213797175379e+17,1.2103097457270663e+22
4.328087217832227e-05,3.7861132615285285
-0.00022468900658313855,8.862129371502412e-09
-0.0002246890065853,8.835071904209877e-09
-0.0002246890065853,8.835071904209877e-09
-0.0002246890065853,8.835071904209877e-09
-0.0002246890065853,8.835071904209877e-09
9.964143218905957e+21,-7.052325358873206e+17
-0.0002246890065853,8.835071904349667e-09
-0.0002246890065853,8.835071904209877e-09
-0.0002246890065853,8.835071904209877e-09
-0.0002246890065853,8.835071904209877e-09
-0.0002246890065853,8.835071904209877e-09
-0.0002246890065853,8.835071904209877e-09
4.05648181990065e+29,-2.8710576491928973e+25
-0.00022468900658273333,8.868504567000088e-09
-0.0002246890065853,8.835071904209877e-09
-0.0002246890065853,8.835071904209877e-09
-0.0002246890065853,8.835071904209877e-09
-0.0002246890065853,8.835071904209877e-09
658.8416265353698,9308694.976684572
-0.0002246890065853,8.835071904324256e-09
-0.0002246890065853,8.835071904209877e-09
-0.0002246890065853,8.835071904209877e-09
-0.0002246890065853,8.835071904209877e-09
-0.0002246890065853,8.835071904209877e-09
-0.0002246890065853,8.835071904209877e-09
-71.67995675285137,3.792485225565467
-0.0002246890065853,8.835071904210208e-09
-0.0002246890065853,8.835071904209877e-09
-0.0002246890065853,8.835071904209877e-09
-0.0002246890065853,8.835071904209877e-09
-0.0002246890065853,8.835071904209877e-09
-0.0002246890065853,8.835071904209877e-09
-0.0002246890065853,8.835071904331032e-09
-0.0002246890065853,8.835071904210176e-09
-0.0002246890065853,8.835071904209908e-09
-0.0002246890065853,8.835071904209877e-09
-0.0002246890065853,8.835071904209877e-09
-0.0002246890065853,8.835071904209877e-09
4.341772489219257e-05,3.7880468362001993
-0.00022468900658322106,8.861110545856855e-09
-0.0002246890065853,8.835071904209877e-09
-0.0002246890065853,8.835071904209877e-09
-0.0002246890065853,8.835071904209877e-09
-0.0002246890065853,8.835071904209877e-09
-0.0002246890065853,8.835071904209877e-09
-0.0002246890065853,8.835071904325103e-09
-0.0002246890065853,8.835071904209877e-09
-0.0002246890065853,8.83507190420991e-09
-0.0002246890065853,8.835071904209877e-09
-0.0002246890065853,8.835071904209877e-09
-0.0002246890065853,8.835071904209877e-09
5.848603135113401e+35,-4.139468020239309e+31
-0.00022468900658528546,8.835071904209271e-09
-0.0002246890065853,8.835071904209877e-09
-0.0002246890065853,8.835071904209877e-09
-0.0002246890065853,8.835071904209877e-09
-0.0002246890065853,8.835071904209877e-09
654.2571147352509,9243920.976846812
-0.0002246890065853,8.8350719043145e-09
-0.0002246890065853,8.835071904209877e-09
-0.0002246890065853,8.835071904209877e-09
-0.0002246890065853,8.835071904209877e-09
-0.0002246890065853,8.835071904209877e-09
2224.189711146327,-0.1574215651310674
-151996493082847.22,10757861458.390705
-0.00022468900658375533,8.856790449519873e-09
-0.0002246890065853,8.835071904209877e-09
-0.0002246890065853,8.835071904209877e-09
-0.0002246890065853,8.835071904209877e-09
-0.0002246890065853,8.835071904209877e-09
1.0115495691203906e+22,-7.159448154588317e+17
-0.0002246890065853,8.835071904298407e-09
-0.0002246890065853,8.835071904209877e-09
-0.0002246890065853,8.83507190420988e-09
-0.0002246890065853,8.835071904209877e-09
-0.0002246890065853,8.835071904209877e-09
-0.0002246890065853,8.835071904209877e-09
4.3555961292748445e-05,3.7899999611953072
-0.00022468900658270295,8.871687812339903e-09
-0.0002246890065853,8.835071904209877e-09
-0.0002246890065853,8.835071904209877e-09
-0.0002246890065853,8.835071904209877e-09
-0.0002246890065853,8.835071904209877e-09
-0.0002246890065853,8.835071904209879e-09
-0.0002246890065853,8.835071904299677e-09
-0.0002246890065853,8.835071904209877e-09
-0.0002246890065853,8.835071904209877e-09
-0.0002246890065853,8.835071904209877e-09
-0.0002246890065853,8.835071904209877e-09
6.080401678392068e+17,-43035281615881.7
4.360157320280525e-05,3.7906444066130045
-0.0002246890065853,8.835071904210655e-09
-0.0002246890065853,8.835071904209877e-09
-0.0002246890065853,8.835071904209877e-09
-0.0002246890065853,8.835071904209877e-09
-0.0002246890065853,8.835071904209877e-09
-0.0002246890065853,8.835071904209877e-09
-0.0002246890065853,8.83507190429036e-09
-0.0002246890065853,8.835071904210648e-09
-0.00022468900658529947,8.83507190420984e-09
-0.0002246890065853,8.835071904209877e-09
-0.0002246890065853,8.835071904209877e-09
-0.0002246890065853,8.835071904209877e-09
-2.302153570190268e+20,1.6293960901995088e+16
-0.0002246890065845475,8.845703798853457e-09
-0.0002246890065853,8.835071904735198e-09
-0.0002246890065853,8.835071904209877e-09
-0.00022468900556155542,8.83507183175227e-09
-0.0002246890065853,8.835071904209877e-09
-0.0002246890065853,8.835071904209884e-09
-0.0002246890065853,8.835071904282737e-09
-0.0002246890065853,8.835071904210969e-09
-0.0002246890065852995,8.835071904209842e-09
-0.0002246890065853,8.835071904209882e-09
-0.0002246890065853,8.835071904209877e-09
-6.874936949153375e-05,2.203251842000681
0.05879369251778964,3.79192937771606
-0.00022468900658448104,8.845135360321912e-09
-0.0002246890065853,8.835071904381017e-09
-0.0002246890065853,8.835071904209877e-09
-0.0002246890065853,8.835071904209877e-09
-0.0002246890065853,8.835071904209877e-09
-0.0002246890065853,8.835071904209877e-09
-0.0002246890065853,8.835071904270455e-09
-0.00022468890742506436,1.409857768915192e-06
-0.0002246890065853,8.835071904209877e-09
-0.0002246890065853,8.835071904209877e-09
-0.0002246890065853,8.835071904209877e-09
-0.000224686694634801,3.26740975418331e-05
4.373911774637596e-05,3.792587756446394
-0.00022468900658436215,8.846385912929482e-09
-0.00022468900658529956,8.83507190431744e-09
-0.0002246890065853,8.835071904209877e-09
-0.0002246890065853,8.835071904209877e-09
-0.0002246890065853,8.835071904209877e-09
1.0506586030065385e+22,-7.436250309451959e+17
-0.0002246890065853,8.835071904212087e-09
-0.0002246890065853,8.835071904209877e-09
-0.0002246890065853,8.835071904209877e-09
-0.0002246890065853,8.835071904209877e-09
-0.0002246890065853,8.835071904209877e-09
0.03827808828564589,544.0009752087789
-2.302153570190268e+20,1.6293960901995088e+16
-0.00022468900658384315,8.854061939393083e-09
-0.0002246890065852997,8.835071904216185e-09
-0.0002246890065853,8.835071904209877e-09
-0.0002246890065853,8.835071904209877e-09
-0.0002246890065853,8.835071904209877e-09
-0.0002246890065845089,8.835071904153893e-09
-0.0002246890065853,8.835071904212431e-09
-0.0002246890065853,8.835071904209877e-09
-0.0002246890065853,8.835071904209907e-09
-0.0002246890065853,8.835071904209877e-09
-0.0002246890065853,8.835071904209877e-09
-0.0002246890065853,8.835071904209877e-09
0.058793830754190195,3.793882502711168
-0.0002246890065851872,8.835071904204568e-09
-0.0002246890065852956,8.835071904209566e-09
-0.0002246890065853,8.835071904209877e-09
-0.0002246890065853,8.835071904209877e-09
-0.0002246890065853,8.835071904239737e-09
-0.0002246890065853,8.835071904209877e-09
-0.0002246890065853,8.83507190421312e-09
-0.0002246890065853,8.835071904212617e-09
-0.0002246890065853,8.835071904209887e-09
-0.0002246890065853,8.835071904209877e-09
-0.0002246890065853,8.835071904209877e-09
-0.0002246890065853,8.835071904210631e-09
4.387597043293813e-05,3.7945213311180646
-0.0002246890065853,8.835071904213093e-09
-0.0002246890065853,8.835071904209877e-09
-0.0002246890065853,8.835071904209877e-09
-0.0002246890065853,8.835071904209877e-09
-0.0002246890065853,8.835071904209877e-09
-0.0002246890065853,8.835071904209877e-09
-0.0002246890065853,8.835071904214352e-09
-0.0002246890065853,8.835071904209877e-09
-0.0002246890065853,8.835071904209877e-09
-0.0002246890065853,8.835071904209877e-09
-0.0002246890065853,8.835071904209877e-09
-0.00022465093540955633,0.0005379117654073872
-4.932681941356223e+32,3.491206135644238e+28
-0.00022468900658519642,8.835211381879268e-09
-0.00022468347556878017,8.834680438663431e-09
-0.0002246890065853,8.835071904209877e-09
-0.0002246890065853,8.835071904209877e-09
-0.0002246890065853,8.835071904209877e-09
-0.0002246890065853,8.835071904209877e-09
-0.0002246890065853,8.835071904215781e-09
-0.0002246890065853,8.835071904213186e-09
-0.0002246890065853,8.835071904209877e-09
-0.0002246890065853,8.835071904209877e-09
-0.0002246890065853,8.835071904209877e-09
-0.0002246890065853,8.835071904209877e-09
89128.96075822778,-2.512453762891222
-0.0002246890065851997,8.835152745230755e-09
-0.0002246890065853,8.835071914024451e-09
-0.0002246890065853,8.835071904209877e-09
-0.0002246890065853,8.835071904209877e-09
-0.0002246890065853,8.835071904209877e-09
-0.0002246890065853,8.835071904209877e-09
-0.0002246890065853,8.835071904257317e-09
-0.0002246890065853,8.83507190421676e-09
-0.00022468900658529847,8.83507190420977e-09
-0.0002246890065853,8.835071904209877e-09
-0.0002246890065853,8.835071904209877e-09
-0.00022468900658515818,8.837075693049778e-09
4.4014206833494006e-05,3.7964744561131725
-0.00022468900658503965,8.837573551524509e-09
-0.0002246890065853,8.835071904215702e-09
-0.0002246890065853,8.835071904209877e-09
-0.0002246890065853,8.835071904209877e-09
-0.0002246890065853,8.835071904209877e-09
-0.0002246890065853,8.835071904209877e-09
-0.0002246890065853,8.835071904260706e-09
-0.0002246890065853,8.835071904209875e-09
-0.0002246890065853,8.835071904209877e-09
-0.0002246890065853,8.83507190420988e-09
-0.0002246890065853,8.835071904209877e-09
-0.0002246890065853,8.835071904209877e-09
-4.932681941356223e+32,3.491206135644238e+28
-0.00022468900658508955,8.836770369569322e-09
-0.0002246890065850223,8.838995431935394e-09
-0.0002246890065853,8.835071904209877e-09
-0.0002246890065853,8.835071904209877e-09
-0.0002246890065853,8.835071904209877e-09
-0.0002246890065853,8.835071904209877e-09
-0.0002246890065853,8.835071904248e-09
-0.00022468893517188333,8.835066849779824e-09
-0.0002246890065853,8.835071905158915e-09
-0.0002246890065853,8.835071904209879e-09
-0.0002246890065853,8.835071904209877e-09
-0.0002246890065853,8.835071904209877e-09
1.90232055342799e+17,-13464061269399.506
-0.00022468900658521713,8.835071904222013e-09
-0.0002246889819102429,8.83507015778566e-09
-0.0002246890065853,8.835071904209877e-09
-0.0002246890065853,8.835071904209877e-09
-0.0002246890065853,8.835071904209877e-09
7.051294994850386e+17,9.962687430330056e+21
-0.0002246890065853,8.835071904248635e-09
-0.0002246890065853,8.835071904233493e-09
-0.00022468900658525228,8.835071904206924e-09
-0.0002246890065853,8.835071904209879e-09
-0.0002246890065853,8.835071904209877e-09
-0.0002246890065853,8.835071904209877e-09
4.415171761664577e-05,3.7984178059465643
-0.0002246890065851196,8.836578522815472e-09
-0.00022468899652151254,8.835071191929742e-09
-0.0002246890065853,8.835071904209877e-09
-0.0002246890065853,8.835071904209884e-09
-0.0002246890065853,8.835071904209877e-09
-0.00022468887435321392,8.835062545214595e-09
-0.0002246890065853,8.835071904247365e-09
-0.00022468899663496744,8.841865172040795e-09
-0.0002246890065853,8.835071904209877e-09
-0.0002246890065853,8.835071904211599e-09
-0.0002246890065853,8.835071904209877e-09
-0.0002246890065853,8.835071904209877e-09
4.419738018899026e-05,3.799062489782838
-0.00022468900658514002,8.836578522057975e-09
-0.00022468900038811402,8.835071465620647e-09
-0.0002246890065853,8.835071904209877e-09
-0.0002246890065853,8.835071904209877e-09
-0.0002246890065853,8.835071904209877e-09
-0.00022468900658529161,8.83519003901382e-09
-0.0002246890065853,8.835071904236989e-09
-0.00022468900220704122,8.837758036550938e-09
-0.0002246890065853,8.835071904209965e-09
-0.0002246890065853,8.835071904209877e-09
-0.0002246890065853,8.835071904209877e-09
-0.0002246890065853,8.835071904209877e-09
1.90232055342799e+17,-13464061269399.504
-0.00022468900658524315,8.835071904259227e-09
-0.00022468900658529996,8.835071904211291e-09
-0.0002246890065853,8.835071904209877e-09
-0.0002246890065853,8.835071904209892e-09
-0.0002246890065853,8.835071904209877e-09
-0.0002246890065853,8.835071904209877e-09
-0.0002246890065853,8.835071904220625e-09
-0.00022468900658529996,8.835071904209874e-09
-0.0002246890065853,8.835071904209877e-09
-0.0002246890065853,8.835071904209879e-09
-0.0002246890065853,8.835071904209877e-09
0.000298000129247675,-2.8159316539025945e-08
-5.759531642426843e-06,3.800361159322259
-0.00022468900658524315,8.835071904205855e-09
-0.00022468900658529994,8.835071926007393e-09
-0.0002246890065853,8.835071904209877e-09
-0.0002246890065853,8.835071904209877e-09
-0.0002246890065853,8.835071904209877e-09
-0.0002245651296981957,8.826304265155412e-09
-0.0002246890065853,8.835071904217236e-09
-0.0002246890065853,8.835071904209877e-09
-0.0002246890065853,8.835071904209877e-09
-0.0002246890065853,8.835071904209879e-09
-0.0002246890065853,8.835071904209877e-09
-0.0002246890065853,8.835071904209877e-09
4.433492473256091e-05,3.801005839616227
-0.00022468900658529994,8.835071904271298e-09
-0.00022468900658529994,8.835071929260006e-09
-0.0002246890065853,8.835071904209877e-09
-0.0002246890065853,8.83507190420989e-09
-0.0002246890065853,8.835071904209877e-09
-0.0002246888837673778,8.835063211521221e-09
-0.0002246890065853,8.835071904215702e-09
-0.00022468900638631303,8.835071890126169e-09
-0.0002246890065853,8.835071904209877e-09
-0.0002246890065853,8.835071904209877e-09
-0.0002246890065853,8.835071904209877e-09
-0.0002246890065853,8.835071904209877e-09
4.05648181990065e+29,-2.8710576491928973e+25
-0.0002246890065852999,8.835071904275108e-09
-0.00022468900658529988,8.835071929151558e-09
-0.0002246890065853,8.835071904209877e-09
-0.0002246890065853,8.83507190420989e-09
-0.0002246890065853,8.835071904209877e-09
-0.0002246890065853,8.835071904209877e-09
-0.0002246890065853,8.835071904213876e-09
-0.0002246890065853,8.835071904209877e-09
-0.0002246890065853,8.835071904209877e-09
-0.0002246890065853,8.835071904209877e-09
-0.0002246890065853,8.835071904209877e-09
-0.0002246890065853,8.835071904209877e-09
-71.67995569879882,3.8073778036531656
-0.00022468900658526595,8.835071904287951e-09
-0.00022468900658529996,8.83507190421227e-09
-0.0002246890065853,8.835071904209877e-09
-0.0002246890065853,8.835071904209887e-09
-0.0002246890065853,8.835071904209877e-09
-0.0002246890065853,8.835071904209877e-09
-0.0002246890065853,8.835071904212087e-09
-0.0002246890065852998,8.83507190440641e-09
-0.00022468900658526942,8.835071904207713e-09
-0.0002246890065853,8.835071904209877e-09
-0.0002246890065853,8.835071904209877e-09
-0.0002246890065853,8.835071904209877e-09
4.4472469276131616e-05,3.8029491894496164
-0.00022468900658529972,8.835071904431843e-09
-0.00022468900658529996,8.835071904209925e-09
-0.0002246890065853,8.835071904209877e-09
-0.0002246890065853,8.835071904209887e-09
-0.0002246890065853,8.835071904209877e-09
144976248468.87857,-10260989.339970922
-0.0002246890065853,8.835071904211942e-09
-0.00022468900655853925,8.83507190231583e-09
-0.0002246890065853,8.835071904209877e-09
-0.0002246890065853,8.835071904209877e-09
-0.0002246890065853,8.835071904209877e-09
-0.0002246890065853,8.835071904209877e-09
5.848603135113401e+35,-4.139468020239309e+31
-0.0002246890065853,8.835071904550447e-09
-0.00022468900658529996,8.835071904210097e-09
-0.0002246890065853,8.835071904209877e-09
-0.0002246890065853,8.835071904209892e-09
-0.0002246890065853,8.835071904209877e-09
2.1093350801084156,-0.00014929955531293334
-0.0002246890065853,8.835071904211955e-09
-0.0002246890065853,8.835071904209877e-09
-0.0002246890065853,8.835071904209877e-09
-0.0002246890065853,8.835071904209877e-09
-0.0002246890065853,8.835071904209877e-09
-0.0002246890065853,8.835071904209877e-09
-151996493082847.22,10757861458.405598
-0.0002246890065852994,8.835071904209834e-09
-0.0002246890065853,8.83507190430307e-09
-0.0002246890065853,8.835071904209877e-09
-0.0002246890065853,8.835071904209877e-09
-0.0002246890065853,8.835071904209877e-09
-0.0002246890065853,8.835071904209877e-09
-0.0002246890065853,8.83507190421132e-09
-0.0002246890065841201,8.835071904142255e-09
-0.0002246890065853,8.835071904209877e-09
-0.0002246890065853,8.835071904209877e-09
-0.0002246890065853,8.835071904209877e-09
-0.0002246890065853,8.835071904209877e-09
4.461001384698714e-05,3.804892539283006
-0.00022468900658529907,8.835073694961133e-09
-0.00022468900658529354,8.835162962982313e-09
-0.0002246890065853,8.835071904209877e-09
-0.0002246890065853,8.835071904209879e-09
-0.0002246890065853,8.835071904209877e-09
144980573844.86774,-10261295.477268478
-0.0002246890065853,8.835071904211928e-09
-0.00022468900658529996,8.835071904232327e-09
-0.0002246890065853,8.8350719042099e-09
-0.0002246890065853,8.835071904209877e-09
-0.0002246890065853,8.835071904209877e-09
-0.00022468900658516118,8.837033227452874e-09
4.4655625757043945e-05,3.8055369847007032
-0.00022468900658529996,8.835071904226503e-09
-0.0002246890065853,8.835071904209877e-09
-0.0002246890065853,8.835071904209877e-09
-0.0002246890065853,8.835071904209887e-09
-0.0002246890065853,8.835071904209877e-09
-0.0002246890065853,8.835071904209877e-09
-0.0002246890065853,8.835071904211783e-09
-0.00022468900658529996,8.835071904222425e-09
-0.0002246890065853,8.835071904209893e-09
-0.0002246890065853,8.835071904209877e-09
-0.0002246890065853,8.835071904209877e-09
-0.0002246890065853,8.835071904209877e-09
-2.302153570190268e+20,1.6293960901995088e+16
-0.00022468900658529996,8.835071904227244e-09
-0.00022468900658529994,8.83507190421084e-09
-0.0002246890065853,8.835071904209879e-09
-0.0002246890065853,8.835071904209889e-09
-0.0002246890065853,8.835071904209877e-09
0.008015788154745896,-5.744014871990858e-07
-0.0002246890065853,8.835071904210211e-09
-0.00022468900658432827,8.835071904141102e-09
-0.0002246890065853,8.835071904209877e-09
-0.0002246890065853,8.835071904209877e-09
-0.0002246890065853,8.835071904209877e-09
-0.0002246890065853,8.835071904209877e-09
4.478928161380069e-05,3.806835889113442
-0.0002246890065852959,8.835072193972943e-09
-0.0002246890065853,8.835071904216468e-09
-0.0002246890065853,8.835071904209877e-09
-0.0002246890065853,8.835071904209877e-09
-0.0002246890065853,8.835071904209877e-09
-0.0002246890065853,8.835071904209877e-09
-0.0002246890065853,8.835071904210466e-09
-0.0002246890065853,8.835071904209877e-09
-0.00022468900658529994,8.835071904209874e-09
-0.0002246890065853,8.835071904209877e-09
-0.0002246890065853,8.835071904209877e-09
-0.0002246890065853,8.835071904209877e-09
4.4793170300614596e-05,3.8074803345340924
-0.00022468900658529495,8.835072171421576e-09
-0.0002246890065853,8.835071904210241e-09
-0.0002246890065853,8.835071904209877e-09
-0.0002246890065853,8.835071904209912e-09
-0.0002246890065853,8.835071904209877e-09
9.816560259486676e+21,-6.94787051269282e+17
-0.0002246890065853,8.835071904210903e-09
-0.00022468900658521583,8.835071904203921e-09
-0.0002246890065853,8.835071904209877e-09
-0.0002246890065853,8.835071904209877e-09
-0.0002246890065853,8.835071904209877e-09
-0.0002225579029344267,8.684238701703822e-09
-2.302153570190268e+20,1.6293960901995088e+16
-0.00022468900658529652,8.835072061234345e-09
-0.00022468900658529994,8.835071904874103e-09
-0.0002246890065853,8.835071904209877e-09
-0.0002246890065853,8.835071904209885e-09
-0.0002246890065853,8.835071904209877e-09
-0.0002246890065853,8.835071904209877e-09
-0.0002246890065853,8.835071904211141e-09
-0.00022468900658527137,8.835071955174213e-09
-0.0002246890065853,8.83507190421271e-09
-0.0002246890065853,8.835071904209877e-09
-0.0002246890065853,8.835071904209877e-09
-0.0002246890065853,8.835071904209877e-09
89128.96075914359,-2.499514309798631
-0.00022468900658529844,8.835071940863831e-09
-0.0002246890065853,8.835071904209877e-09
-0.0002246890065853,8.835071904209877e-09
-0.0002246890065853,8.835071904209884e-09
-0.0002246890065853,8.835071904210373e-09
144980508308.86792,-10261290.838824576
-0.0002246890065853,8.83507190421126e-09
-0.00022468900658525944,8.835071940861891e-09
-0.0002246890065852999,8.835071904209872e-09
-0.0002246890065853,8.835071904209877e-09
-0.0002246890065853,8.835071904209877e-09
-0.0002246890065853,8.835071904209877e-09
4.49307148441853e-05,3.809423684367482
-0.00022468900658529915,8.835071904209817e-09
-0.0002246890065853,8.835071904209877e-09
-0.0002246890065853,8.835071904209877e-09
-0.0002246890065853,8.835071904209988e-09
-0.0002246890065853,8.835071904209877e-09
-0.0002246890065853,8.835071904209877e-09
-0.0002246890065853,8.835071904210595e-09
-0.0002246890065853,8.835071904209877e-09
-0.0002246890065853,8.835071904209877e-09
-0.0002246890065853,8.835071904209877e-09
-0.0002246890065853,8.835071904209877e-09
-0.0002246890065853,8.835071904209877e-09
-3.218643976021107e+26,2.278060846236053e+22
-0.0002246890065852992,8.83507190420982e-09
-0.0002246890065853,8.835071904209877e-09
-0.0002246890065853,8.835071904209877e-09
-0.0002246890065853,8.83507190420992e-09
-0.0002246890065853,8.835071904209877e-09
-0.0002246890065853,8.835071904209877e-09
-0.0002246890065853,8.835071904210254e-09
-0.0002246890065853,8.835071904209877e-09
-0.0002246890065853,8.835071904209877e-09
-0.0002246890065853,8.835071904209877e-09
-0.0002246890065853,8.835071904209877e-09
-0.0002246890065853,8.835071904209877e-09
126443839171.29686,-8949316.505850552
-0.00022468900658529934,8.835071904209832e-09
-0.0002246890065853,8.835071904209877e-09
-0.0002246890065853,8.835071904209877e-09
-0.0002246890065853,8.835071904209885e-09
-0.0002246890065853,8.835071904209877e-09
-0.0002246890065853,8.835071904209877e-09
-0.0002246890065853,8.835071904210347e-09
-0.0002246890065853,8.835071904209877e-09
-0.0002246890065853,8.835071904211366e-09
-0.0002246890065853,8.835071904209877e-09
-0.0002246890065853,8.835071904209877e-09
-0.0002246890065853,8.835071904209877e-09
4.5067533770328536e-05,3.8113572590391547
-0.00022468900658529918,8.835071904209819e-09
-0.0002246890065853,8.835071904209877e-09
-0.0002246890065853,8.835071904209877e-09
-0.0002246890065853,8.835071904209882e-09
-0.0002246890065853,8.835071904209877e-09
-0.0002246890065853,8.835071904209877e-09
-0.0002246890065853,8.835071904210393e-09
-0.0002246890065853,8.835071904209877e-09
-0.00022468900658529988,8.83507190420987e-09
-0.0002246890065853,8.835071904209877e-09
-0.0002246890065853,8.835071904209877e-09
-0.0002246890065853,8.835071904209877e-09
4.5113888199658245e-05,3.812011718037147
-0.0002246890065852992,8.835071904209822e-09
-0.00022436059698467992,0.0046400674377635774
-0.0002246890065853,8.835071904209877e-09
-0.0002246890065853,8.835071904209877e-09
-0.0002246890065853,8.835071904209877e-09
6.841990050706693e+17,9.6669630651391e+21
-0.0002246890065853,8.83507190421047e-09
-0.0002246890065853,8.835071904209877e-09
-0.00022468900658529994,8.835071904210425e-09
-0.0002246890065853,8.835071904209877e-09
-0.0002246890065853,8.835071904209877e-09
-0.0002246890065853,8.835071904209877e-09
126443839171.29686,-8949316.503897427
-0.00022468900658529956,8.835071904209847e-09
-0.0002246890065853,8.835071904209877e-09
-0.0002246890065853,8.835071904209877e-09
-0.0002246890065853,8.835071904210075e-09
-0.0002246890065853,8.835071904209877e-09
-0.00022468900655509582,8.835071902072115e-09
-0.0002246890065853,8.835071904210572e-09
-0.0002246890065853,8.835071904209877e-09
-0.00022468900658529975,8.83507190420986e-09
-0.0002246890065853,8.835071904209877e-09
-0.0002246890065853,8.835071904209877e-09
-0.0002246890065853,8.835071904209877e-09
4.520577017088441e-05,3.813310384034263
-0.00022468900658529912,8.835071904209816e-09
-0.0002246890065853,8.835071904209877e-09
-0.0002246890065853,8.835071904209877e-09
-0.0002246890065853,8.835071904209879e-09
-0.0002246890065853,8.835071904209877e-09
-0.0002246890065853,8.835071904209877e-09
-0.0002246890065853,8.835071904210661e-09
-0.0002246890065853,8.835071904209877e-09
-0.0002246890065853,8.835071904209884e-09
-0.0002246890065853,8.835071904209877e-09
-0.0002246890065853,8.835071904209877e-09
-0.0002246890065853,8.835071904209877e-09
4.525074088624373e-05,3.813945292708818
-0.000224689006585299,8.835071904209807e-09
-0.0002246890065853,8.835071904209877e-09
-0.0002246890065853,8.835071904209877e-09
-0.0002246890065853,8.835071904209877e-09
-0.0002246890065853,8.835071904209877e-09
-0.000224127319697013,0.007936013364459546
-0.0002246890065853,8.83507190421081e-09
-0.0002246890065853,8.835071904209877e-09
-0.0002246890065853,8.835071904211545e-09
-0.0002246890065853,8.835071904209877e-09
-0.0002246890065853,8.835071904209877e-09
-6.432565280317507e-05,2.2657539876113444
2.720083015262345e+23,-1.9251941692665848e+19
-0.00022468900658529896,8.835071904209804e-09
-0.0002246890065853,8.835071904209877e-09
-0.0002246890065853,8.835071904209877e-09
-0.0002246890065853,8.835071904209879e-09
-0.0002246890065853,8.835071904209877e-09
-0.0002246890065853,8.835071904209877e-09
-0.0002246890065853,8.835071904211406e-09
-0.0002246890065853,8.835071904209877e-09
-0.0002246890065853,8.835071904840243e-09
-0.0002246890065853,8.835071904209877e-09
-0.0002246890065853,8.835071904209877e-09
-0.0002246890065853,8.835071904209877e-09
-4.705479088188151e-06,3.8152537374099578
-0.0002246890065852989,8.835071904209801e-09
-0.0002246890065853,8.835071904209877e-09
-0.00022468900658529815,8.835071904209746e-09
-0.0002246890065853,8.835071904209877e-09
-0.0002246890065853,8.835071904209877e-09
-0.0002246890065853,8.835071904209877e-09
-0.0002246890065853,8.835071904213743e-09
-0.0002246890065853,8.835071904209877e-09
-0.0002246890065853,8.835071904209877e-09
-0.0002246890065853,8.835071904209877e-09
-0.0002246890065853,8.835071904209877e-09
-0.0002246890065853,8.835071904209877e-09
4.53889772867996e-05,3.815898417703926
-0.00022468900658529907,8.83507190420981e-09
-0.0002246890065853,8.835071904209877e-09
-0.0002246890065853,8.835071904209877e-09
-0.0002246890065853,8.835071904209877e-09
-0.0002246890065853,8.835071904209877e-09
-0.00022468900655156436,9.311718403063219e-09
-0.0002246890065853,8.835071904214617e-09
-0.0002246890065853,8.835071904209877e-09
-0.0002246890065853,8.835071904380174e-09
-0.0002246890065853,8.835071904209879e-09
-0.0002246890065853,8.835071904209877e-09
-0.0002246890065853,8.835071904209877e-09
4.05648181990065e+29,-2.8710576491928973e+25
-0.00022468900658529904,8.835071904209809e-09
-0.0002246890065853,8.835071904209877e-09
-0.0002246890065853,8.835071904209879e-09
-0.0002246890065853,8.835071904209889e-09
-0.0002246890065853,8.835071904209877e-09
-0.0002246890065853,8.835071904209877e-09
-0.0002246890065853,8.835071904213558e-09
-0.0002246890065853,8.835071904209877e-09
-0.0002246890065853,8.83507190422195e-09
-0.0002246890065853,8.835071904209879e-09
-0.0002246890065853,8.835071904209877e-09
-0.0002246890065853,8.835071904209877e-09
-107374183.731015,7603.443790206884
-0.00022468900658529912,8.835071904209816e-09
-0.0002246890065853,8.835071904209877e-09
-0.0002246890065853,8.835071904209877e-09
-0.0002246890065853,8.835071904209889e-09
-0.0002246890065853,8.835071904209877e-09
-0.0002246890065853,8.835071904209877e-09
-0.0002246890065853,8.83507190421226e-09
-0.0002246890065853,8.835071904209877e-09
-0.0002246890065853,8.835071904213027e-09
-0.0002246890065853,8.835071904209879e-09
-0.0002246890065853,8.835071904209877e-09
-0.0002246890065853,8.835071904209877e-09
4.552652183037031e-05,3.817841767537315
-0.0002246890065852992,8.835071904209822e-09
-0.0002246890065853,8.835071904209877e-09
-0.0002246890065853,8.835071904209877e-09
-0.0002246890065853,8.835071904209877e-09
-0.0002246890065853,8.835071904209877e-09
-0.0002246890065853,8.835071904209884e-09
-0.0002246890065853,8.835071904213186e-09
-0.0002246890065853,8.835071904209877e-09
-0.0002246890065853,8.835071904209877e-09
-0.0002246890065853,8.835071904209877e-09
-0.0002246890065853,8.835071904209877e-09
-0.0002246890065853,8.835071904209877e-09
5.848603135113401e+35,-4.139468020239309e+31
-0.00022468900658529823,8.835071904209753e-09
-0.0002246890065853,8.835071904209877e-09
-0.0002246890065853,8.835071904210014e-09
-0.0002246890065853,8.835071904209951e-09
-0.0002246890065853,8.835071904209877e-09
-0.0002246890065853,8.835071904209877e-09
-0.0002246890065853,8.835071904212868e-09
-0.0002246890065853,8.835071904209877e-09
-0.0002246890065853,8.83507190420989e-09
-0.0002246890065853,8.835071904210166e-09
-0.0002246890065853,8.835071904209877e-09
-0.0002246890065853,8.835071904210343e-09
-151996493082847.22,10757861458.42049
-0.00022468900658529782,8.835071904209725e-09
-0.0002246890065853,8.835071904209877e-09
-0.0002246890065853,8.835071904209903e-09
-0.0002246890065853,8.83507190420998e-09
-0.0002246890065853,8.835071904209877e-09
-0.0002246890065853,8.835071904209877e-09
-0.0002246890065853,8.835071904212789e-09
-0.0002246890065853,8.835071904209877e-09
-0.0002246890065853,8.835071904209895e-09
-0.0002246890065853,8.835071904209961e-09
-0.0002246890065853,8.835071904209877e-09
-0.0002240409715816036,0.009156015200505128
4.5664066401225774e-05,3.8197851173707047
-0.000224689006585298,8.835071904209736e-09
-0.0002246890065853,8.835071904209877e-09
-0.0002246890065853,8.835071904209885e-09
-0.0002246890065853,8.835071904209877e-09
-0.0002246890065853,8.835071904209877e-09
-0.0002246890065853,8.835071904209877e-09
-0.0002246890065853,8.835071904212431e-09
-0.00022468899282702598,8.835070930440005e-09
-0.0002246890064697945,8.835071896034758e-09
-0.0002246890065853,8.835071904209927e-09
-0.0002246890065853,8.835071904209877e-09
-0.0002246890065853,8.835071904209877e-09
4.570967831128258e-05,3.820429562788402
-0.00022468900658529828,8.835071904209756e-09
-0.0002246890065853,8.835071904209877e-09
-0.0002246890065853,8.835071904209893e-09
-0.0002246890065853,8.835071904209877e-09
-0.0002246890065853,8.835071904209877e-09
-0.0002246890065853,8.835071904209877e-09
-0.0002246890065853,8.835071904212127e-09
-0.00022468899583972718,8.83507114367007e-09
-0.00022468899771772667,8.83507127658935e-09
-0.0002246890065853,8.835071904210077e-09
-0.0002246890065853,8.835071904209877e-09
-0.0002246890065853,8.835071904209877e-09
-2.302153570190268e+20,1.6293960901995088e+16
-0.0002246890065852983,8.835071904209758e-09
-0.00022468900004710599,8.835071441455876e-09
-0.0002246890065853,8.835071904211492e-09
-0.0002246890065853,8.835071904209877e-09
-0.0002246890065853,8.835071904209877e-09
-0.0002246890065853,8.835071904209877e-09
-0.0002246890065853,8.835071904211968e-09
-0.0002246890065853,8.835071904209877e-09
-0.0002246890028038652,8.835071636571126e-09
-0.0002246890065853,8.835071904211075e-09
-0.0002246890065853,8.835071904209877e-09
-0.0002246890065853,8.835071904209877e-09
0.05879580062289812,3.821714533891457
-0.00022468900658529855,8.835071904209776e-09
-0.0002246890065853,8.835071904209877e-09
-0.0002246890065853,8.835071904209902e-09
-0.0002246890065853,8.835071904209877e-09
-0.0002246890065853,8.835071904209877e-09
-0.0002246890065853,8.835071904209877e-09
-0.0002246890065853,8.835071904211624e-09
-0.00022468625571843925,8.834877206003573e-09
-0.0002246890065853,8.835071904209877e-09
-0.0002246890065853,8.835071904209877e-09
-0.0002246890065853,8.835071904209877e-09
-0.0002246890065853,8.835071904209877e-09
4.584722285485329e-05,3.822372912621791
-0.00022468900658529866,8.835071904209783e-09
-0.0002246890065853,8.835071904209877e-09
-0.0002246890065853,8.835071904209922e-09
-0.0002246890065853,8.835071904209877e-09
-0.0002246890065853,8.835071904209877e-09
-0.0002246890065853,8.835071904209877e-09
-0.0002246890065853,8.835071904211875e-09
-0.0002246890065853,8.835071904209877e-09
-0.0002246890065853,8.835071904209877e-09
-0.0002246890065853,8.835071904209877e-09
-0.0002246890065853,8.835071904209877e-09
-0.0002246890065853,8.835071904209877e-09
-2.302153570190268e+20,1.6293960901995088e+16
-0.00022468900658529893,8.835071904209803e-09
-0.0002246890065853,8.835071904209877e-09
-0.0002246890065853,8.83507190420995e-09
-0.0002246890065853,8.835071904209877e-09
-0.0002246890065853,8.835071904209877e-09
-0.0002246890065853,8.835071904209877e-09
-0.0002246890065853,8.835071904211419e-09
-0.00022468709973240696,8.834936942811613e-09
-0.00022468900658526654,8.83554459358765e-09
-0.0002246890065853,8.835071904209877e-09
-0.0002246890065853,8.835071904209877e-09
-0.0002246890065853,8.835071904209877e-09
89128.96076019765,-2.4846217317109325
-0.00022468900658529882,8.835071904209796e-09
-0.0002246890065853,8.835071904209877e-09
-0.0002246890065853,8.835071904209877e-09
-0.00022468900568971075,8.8355411036361e-09
-0.0002246890065853,8.835071904209877e-09
-0.0002246890065853,8.835071904209877e-09
-0.0002246890065853,8.835071904211313e-09
-0.0002246890065853,8.835071904209877e-09
-0.0002246890065852878,8.835244255261604e-09
-0.0002246890061339373,8.835850162566842e-09
-0.0002246890065853,8.835071904209877e-09
-0.0002246890065853,8.835071904209877e-09
4.598407554141546e-05,3.824306487293462
-0.00022468900658529896,8.835071904209804e-09
-0.0002246890065853,8.835071904209877e-09
-0.0002246890065853,8.835071904209877e-09
-0.00022468900347203622,8.835071683862291e-09
-0.0002246890065853,8.835071904209877e-09
-0.0002246890065853,8.835071904209877e-09
-0.0002246890065853,8.8350719042112e-09
-0.0002246890065853,8.835071904209877e-09
-0.0002246890065853,8.835071904209877e-09
-0.0002246890063871794,8.835079998652647e-09
-0.0002246890065853,8.835071904209877e-09
-0.0002246890065853,8.835071904209877e-09
-4.932681941356223e+32,3.491206135644238e+28
-0.00022468900658529904,8.835071904209809e-09
-0.0002246890065853,8.835071904209877e-09
-0.0002246890065853,8.835071904209877e-09
-0.00022468900551183494,8.835117144350303e-09
-0.0002246890065853,8.835071904209877e-09
-0.0002246890065853,8.835071904209877e-09
-0.0002246890065853,8.835071904211267e-09
-0.0002246890065853,8.835071904209877e-09
-0.0002246890065853,8.835071904209877e-09
-0.00022468900625478524,8.835073824665738e-09
-0.0002246890065853,8.835071904209877e-09
-0.0002246890065853,8.835071904209877e-09
89128.96076033589,-2.4826686067158246
-0.00022468900658529904,8.835071904209809e-09
-0.0002246890065853,8.835071904209877e-09
-0.0002246890065853,8.835071904209877e-09
-0.0002246890065852988,8.835088678091382e-09
-0.0002246890065853,8.835071904209877e-09
-0.0002246890065853,8.835071904209877e-09
-0.0002246890065853,8.835071904209877e-09
-0.0002246890065853,8.835071904209877e-09
-0.0002246890065853,8.835071904209877e-09
-0.0002246890065731393,8.83507524789605e-09
-0.0002246890065853,8.835071904209877e-09
-0.0002246890065853,8.835071904209877e-09
4.6122311941971335e-05,3.82625961228857
-0.00022468900658529907,8.83507190420981e-09
-0.0002246890065853,8.835071904209877e-09
-0.0002246890065853,8.835071904209877e-09
-0.00022468900658297497,8.835162092061562e-09
-0.0002246890065853,8.835071904209877e-09
-0.0002246890065853,8.835071904209877e-09
-0.0002246890065853,8.835071904209877e-09
-0.0002246890065853,8.835071904209877e-09
-0.0002246890065853,8.835071904209877e-09
-0.00022468900658529977,8.835075083177036e-09
-0.0002246890065853,8.835071904209877e-09
-0.0002246890065853,8.835071904209877e-09
4.616724889691166e-05,3.826894520963127
-0.0002246890065852992,8.83507190420982e-09
-0.0002246890065853,8.835071904209877e-09
-0.00022468900658524768,8.835811074109528e-09
-0.00022468900658188467,8.83507668029886e-09
-0.0002246890065853,8.835071904209877e-09
-0.0002246890065853,8.835071904209877e-09
-0.0002246890065853,8.835071904209877e-09
-0.0002246890065853,8.835071904209877e-09
-0.0002246890065853,8.835071904209877e-09
-0.0002246890061195798,8.836365546920883e-09
-0.0002246890065853,8.835071904209877e-09
-0.0002246890065853,8.835071904209877e-09
1.90232055342799e+17,-13464061269399.475
-0.0002246890065852995,8.83507873307842e-09
-0.0002246890065853,8.835071904209877e-09
-0.0002246889910041193,8.835099118524392e-09
-0.0002246890065849181,8.835073375817472e-09
-0.0002246890065853,8.835071904209877e-09
-0.0002246890065853,8.835071904209877e-09
-0.0002246890065853,8.835071904209877e-09
-0.0002246890065853,8.835071904209877e-09
-0.0002246890065853,8.835071904209877e-09
-0.00022468900657796897,8.835072632512358e-09
-0.0002246890065853,8.835071904209877e-09
-0.0002246890065853,8.835071904209877e-09
4.62598227251231e-05,3.8282029621219613
-0.0002246890065852995,8.835078677566421e-09
0.00581906735895416,-4.1892409758136443e-07
-0.00022468900658529947,8.835079345896591e-09
-0.0002246890065843765,8.835073257817835e-09
-0.0002246890065853,8.835071904209877e-09
-0.0002246890065853,8.835071904209877e-09
-0.0002246890065853,8.835071904210555e-09
-0.0002246890065853,8.835071904209877e-09
-0.0002246890065853,8.835071904209877e-09
-0.00022468900657441633,8.835071903439563e-09
-0.0002246890065853,8.835071904209877e-09
-0.0002246890065853,8.835071904209877e-09
4.630548529746759e-05,3.828847645958235
-0.00022468900658529972,8.835075874252867e-09
0.0032091767126706705,-2.3420377005989845e-07
-0.00022468900613858877,8.870782595255892e-09
-0.00022468900658489908,8.835121883004924e-09
-0.0002246890065853,8.835071904209877e-09
-0.0002246890065853,8.835071904209877e-09
-0.0002246890065853,8.835071904210466e-09
-0.00022468900274729976,8.835071632567592e-09
-0.0002246890065853,8.835071904209877e-09
-0.00022468900657314297,8.83507318010592e-09
-0.0002246890065853,8.835071904209877e-09
-0.0002246890065853,8.835071904209877e-09
2.720083015262345e+23,-1.9251941692665848e+19
-0.00022468900658529866,8.835078982874305e-09
0.0017436947775470002,-1.3048130053102297e-07
-0.00022468900653865883,8.835071900908753e-09
-0.0002246890065848974,8.835072046502002e-09
-0.0002246890065853,8.835071904209877e-09
-0.0002246890065853,8.835071904209877e-09
-0.0002246890065853,8.835071904210377e-09
-0.00022468900650445908,8.835071898488196e-09
-0.00022468900658527345,8.835446803620582e-09
-0.0002246890065537557,8.83507380417483e-09
-0.0002246890065853,8.835071904209877e-09
-0.0002246890065853,8.835071904209877e-09
-71.67995372893012,3.8352098348334547
-0.00022468900658529953,8.835078511024921e-09
0.0011946956044240537,-9.162476559815312e-08
-0.00022468900631341968,8.835121857718885e-09
-0.00022468900658502403,8.835072095950505e-09
-0.0002246890065853,8.835071904209877e-09
-0.0002246890065853,8.835071904209877e-09
-0.0002246890065853,8.835071904210324e-09
-0.0002246036675982777,0.0012057528210277664
-0.00022468900658528974,8.835216721351192e-09
-0.0002246890062139308,8.835073252296143e-09
-0.0002246890065853,8.835071904209877e-09
-0.0002246890065853,8.835071904209877e-09
4.644302984103824e-05,3.8307909957916246
-0.00022468900658529953,8.835078400002618e-09
0.0006833674398197135,-5.5434473038897646e-08
-0.00022468900656097548,8.83513854123346e-09
-0.0002246890065844913,8.835072383229025e-09
-0.0002246890065853,8.835071904209877e-09
-0.0002246890065853,8.835071904209877e-09
-0.0002246890065853,8.835071904210337e-09
-0.00022468900653577578,8.8350719007047e-09
-0.00022468900504291994,8.837487640352421e-09
-0.00022468900657558158,8.835079012702615e-09
-0.0002246890065853,8.835071904209877e-09
-0.0002246890065853,8.835071904209877e-09
5.848603135113401e+35,-4.139468020239309e+31
-0.00022468900658529994,8.835072757817175e-09
-0.0002246890056968819,8.836372446790201e-09
-0.000224689006585261,8.835622777520307e-09
-0.00022468900658176002,8.83507345885602e-09
-0.0002246890065853,8.835071904209877e-09
-0.0002246890065853,8.835071904209877e-09
-0.0002246890065853,8.835071904210272e-09
-0.00022468900633827764,8.835675987264835e-09
-0.0002246890065848694,8.84115555470508e-09
-0.0002246890065771361,8.835076041087747e-09
-0.0002246890065853,8.835071904209877e-09
-0.0002246890065853,8.835071904209877e-09
-107374183.73101395,7603.458682784972
-0.00022468900658529966,8.835076346089604e-09
0.0002159877762209605,-2.2354725172918854e-08
-0.00022468900657306577,9.007927800040183e-09
-0.00022468900658452598,8.835072820670899e-09
-0.0002246890065853,8.835071904209877e-09
-0.0002246890065853,8.835071904209877e-09
-0.0002246890065853,8.835071904210224e-09
-0.00022468900619795982,8.835473403020471e-09
-0.0002246890065853,8.835071904209877e-09
-0.0002246890065736945,8.835075040702805e-09
-0.0002246890065853,8.835071904209877e-09
-0.0002246890065853,8.835071904209877e-09
4.6580574384608945e-05,3.832734345625014
-0.00022468900658529972,8.83507587424355e-09
-0.00022468900619617156,8.83553743785304e-09
-0.0002246890063916292,8.835083828561952e-09
-0.0002246890065845361,8.835077041259454e-09
-0.0002246890065853,8.835071904209877e-09
-0.0002246890065853,8.835071904209877e-09
-0.0002246890065853,8.835071904210206e-09
-0.00022468900654754414,8.83507190153763e-09
-0.0002246890059917705,8.835931794663213e-09
-0.00022468899984760064,8.835071427335478e-09
-0.0002246890065853,8.835071904209877e-09
-0.0002246890065853,8.835071904209877e-09
4.6625494464965346e-05,3.8333690158809923
-0.00022468900658529975,8.835075513418104e-09
-0.0002246890065853,8.835071904209877e-09
-0.00022468900654776898,8.83514919835849e-09
-0.00022468900658347774,8.838654226462646e-09
-0.0002246890065853,8.835071904209877e-09
-0.0002246890065853,8.835071904209877e-09
-0.0002246890065853,8.835071904210148e-09
-0.00022467334117181966,0.0002212983396517519
-0.0002246890065853,8.835071904209877e-09
-0.00022468900649245786,8.835073154044032e-09
-0.0002246890065853,8.835071904209877e-09
-0.0002246890065853,8.835071904209877e-09
-151996493082847.22,10757861458.435383
-0.0002246890065852993,8.835075360270069e-09
-0.0002246890065853,8.835071904209877e-09
-0.00022468900623525624,8.835179818388545e-09
-0.00022468900654866225,8.835077149732971e-09
-0.0002246890065853,8.835071904209877e-09
-0.0002246890065853,8.835071904209877e-09
-0.0002246890065853,8.835071904210127e-09
-0.00022468900623706837,8.835071879563074e-09
-0.0002246890065853,8.835071904209877e-09
-0.00022468900638007586,8.835075346182879e-09
-0.0002246890065853,8.835071904209877e-09
-0.0002246890065853,8.835071904209877e-09
4.675915032172214e-05,3.8346679202937315
-0.00022468900658529934,8.835076539390972e-09
-0.0002246890065853,8.835071904209877e-09
-0.00022468900658445914,8.846952178722029e-09
-0.00022468900658499742,8.835080290978484e-09
-0.0002246890065853,8.835071904209877e-09
-0.0002246890065853,8.835071904209877e-09
-0.0002246890065853,8.835071904210082e-09
-0.0002246890065853,8.835071904209877e-09
-0.0002246890065853,8.835071904209877e-09
-0.0002246890065747484,8.83508689890072e-09
-0.0002246890065853,8.835071904209877e-09
-0.0002246890065853,8.835071904209877e-09
4.6763730865521274e-05,3.8353221408761007
-0.0002246890065852994,8.835076373386492e-09
-0.0002246890065853,8.835071904209877e-09
-0.00022468900658528622,8.835266465698704e-09
-0.00022468900658490857,8.835159426545067e-09
-0.0002246890065853,8.835071904209877e-09
-0.0002246890065853,8.835071904209877e-09
-0.0002246890065853,8.835071904210079e-09
-0.0002246890065853,8.835071904209877e-09
-0.0002246890065853,8.835071904209877e-09
-0.00022468900657263935,8.835081343915297e-09
-0.0002246890065853,8.835071904209877e-09
-0.0002246890065853,8.835071904209877e-09
-2.302153570190268e+20,1.6293960901995088e+16
-0.00022468900658529972,8.835071904209859e-09
-0.0002246890065853,8.835071904209877e-09
-0.00022468900628322617,8.835071882829986e-09
-0.0002246890065850923,8.835076264113056e-09
-0.0002246890065853,8.835071904209877e-09
-0.0002246890065853,8.835071904209877e-09
-0.0002246890065853,8.835071904210056e-09
-0.0002246890065853,8.835071904209877e-09
-0.0002246890065853,8.835071904209877e-09
-0.0002246890065782551,8.835761366902218e-09
-0.0002246890065853,8.835071904209877e-09
-0.0002246890065853,8.835071904209877e-09
89128.96076111347,-2.471682278618342
-0.0002246890065852996,8.83507473554115e-09
-0.0002246890065853,8.835071904209877e-09
-0.0002246890065853,8.835071904209877e-09
-0.00022468900658504312,8.835072131583275e-09
-0.0002246890065853,8.835071904209877e-09
-0.0002246890065853,8.835071904209877e-09
-0.0002246890065853,8.83507190421004e-09
-0.0002246890065853,8.835071904209877e-09
-0.00022468891164024456,1.3503020096291907e-06
-0.0002246890065844177,8.835083842739734e-09
-0.0002246890065853,8.835071904209877e-09
-0.0002246890065853,8.835071904209877e-09
4.690058355210676e-05,3.837255715547771
-0.0002246890065852997,8.8350738057281e-09
-0.0002207536767059765,2.9894324820255978e-06
-0.000224070413367531,8.79134034768525e-09
-0.00022468900658493556,8.835072105483237e-09
-0.0002246890065853,8.835071904209877e-09
-0.0002246890065853,8.835071904209877e-09
-0.0002246890065853,8.835071904210018e-09
-0.000224688978618338,8.835069924791164e-09
-0.0002246890065853,8.835071904209877e-09
-0.0002246890065844588,8.83509100737254e-09
-0.0002246890065853,8.835071904209877e-09
-0.0002246890065853,8.835071904209877e-09
-3.218643976021107e+26,2.278060846236053e+22
-0.00022468900658529975,8.835073361507709e-09
-0.0002246890065853,8.835071904209877e-09
-0.00022468900658529915,8.835083675701154e-09
-0.0002246890065847964,8.835075681200458e-09
-0.0002246890065853,8.835071904209877e-09
-0.0002246890065853,8.835071904209877e-09
-0.0002246890065853,8.835071904210003e-09
-0.00022468891925694039,8.835065723367315e-09
-0.0002246890065853,8.835071904209877e-09
-0.00022468900641471292,8.835106989949375e-09
-0.0002246890065853,8.835071904209877e-09
-0.0002246890065853,8.835071904209877e-09
89128.9607612517,-2.469729153623234
-0.0002246890065852998,8.835073111707e-09
-0.0002246890065853,8.835071904209877e-09
-0.00022468900658529928,8.83508184382978e-09
-0.0002246890065762476,8.835072245451208e-09
-0.0002246890065853,8.835071904209877e-09
-0.0002246890065853,8.835071904209877e-09
-0.0002246890065853,8.835071904209986e-09
-0.00022468818432787324,8.835013707265344e-09
-0.0002246890065853,8.835071904209877e-09
-0.00022468900651865915,8.835077591223042e-09
-0.0002246890065853,8.835071904209877e-09
-0.0002246890065853,8.835071904209877e-09
4.70381280956541e-05,3.8391990653811607
-0.00022468900658529983,8.835072952111807e-09
-0.0002246890065853,8.835071904209877e-09
-0.00022468900658527936,8.835363326368989e-09
-0.00022468900658177918,8.836763573013688e-09
-0.0002246890065853,8.835071904209877e-09
-0.0002246890065853,8.835071904209877e-09
-0.0002246890065853,8.835071904209978e-09
-0.0002246890065853,8.835071904209877e-09
-0.0002246890065853,8.835071904209877e-09
-0.0002246890065324235,8.835302944330442e-09
-0.0002246890065853,8.835071904209877e-09
-0.0002246890065853,8.835071904209877e-09
4.7083756907579646e-05,3.8398437492174367
-0.00022468900658529985,8.835072730000765e-09
-0.0002246890065853,8.835071904209877e-09
-0.00022468900658517373,8.836855764591204e-09
-0.00022468900657724637,8.835078539476832e-09
-0.0002246890065853,8.835071904209877e-09
-0.0002246890065853,8.835071904209877e-09
-0.0002246890065853,8.835071904209963e-09
-0.0002234275994302275,0.017822274415432573
-0.0002246890065853,8.835071904209877e-09
-0.00022468900648002388,8.835071896758745e-09
-0.0002246890065853,8.835071904209877e-09
-0.0002246890065853,8.835071904209877e-09
126443839171.29686,-8949316.476065395
-0.00022468900658529988,8.835072598161888e-09
-0.0002246890065853,8.835071904209877e-09
-0.00022468900658501422,8.839109376379266e-09
-0.00022468900658529958,8.835077568600819e-09
-0.0002246890065853,8.835071904209877e-09
-0.0002246890065853,8.835071904209877e-09
-0.0002246890065853,8.835071904209958e-09
-0.0002246890065853,8.835071904209877e-09
-0.0002246890065853,8.835071904209877e-09
0.9687619390061575,-6.857316760522733e-05
-0.0002246890065853,8.835071904209877e-09
-0.0002246890065853,8.835071904209877e-09
4.7175638878805865e-05,3.841142415214552
-0.00022468900658529988,8.83507256693676e-09
-0.0002246890065853,8.835071904209877e-09
-0.0002246890065853,8.835071904209877e-09
-0.00022468900658035635,8.83508778903121e-09
-0.0002246890065853,8.835071904209877e-09
-0.0002246890065853,8.835071904209877e-09
-0.0002246890065853,8.835071904209945e-09
-0.0002246890065853,8.835071904209877e-09
-0.0002246890065853,8.835071904209877e-09
-0.0002246890065853,8.835071904209877e-09
-0.0002246890065853,8.835071904209877e-09
-0.0002246890065853,8.835071904209877e-09
4.722130145115035e-05,3.841787099050826
-0.0002246890065852999,8.835072318839964e-09
-0.0002246890065853,8.835071904209877e-09
-0.0002246890065853,8.835071904209877e-09
-0.00022468900654774946,8.835198094689364e-09
-0.0002246890065853,8.835071904209877e-09
-0.0002246890065853,8.835071904209877e-09
-0.0002246890065853,8.83507190420994e-09
-0.0002246890065853,8.835071904209877e-09
-0.0002246890065853,8.835071904209877e-09
0.0012635033458788085,-9.649477367900281e-08
-0.0002246890065853,8.835071904209877e-09
-0.0002246890065853,8.835071904209877e-09
1.90232055342799e+17,-13464061269399.46
-0.0002246890065852999,8.835072320574663e-09
-0.0002246890065853,8.835071904209877e-09
-0.0002246890065853,8.835071904209877e-09
-0.00022468900649511082,8.835170041542177e-09
-0.0002246890065853,8.835071904209877e-09
-0.0002246890065853,8.835071904209877e-09
-0.0002246890065853,8.835071904209928e-09
-0.0002246890065853,8.835071904209877e-09
-0.0002246890065853,8.835071904209877e-09
0.0022939308634612595,-1.694253804866133e-07
-0.0002246890065853,8.835071904209877e-09
-0.0002246890065853,8.835071904209877e-09
-2.73561038026675e-06,3.843085768590247
-0.00022468900658529994,8.835072216491228e-09
-0.0002246890065853,8.835071904209877e-09
-0.0002246890065853,8.835071904209877e-09
-0.00022468900658529582,8.835131003826206e-09
-0.0002246890065853,8.835071904209877e-09
-0.0002246890065853,8.835071904209877e-09
-0.0002246890065853,8.835071904209923e-09
-0.0002246890065853,8.835071904209877e-09
-0.0002246890065853,8.835071904209877e-09
0.06914058125548599,-4.900633246115515e-06
-0.0002246890065853,8.835071904209877e-09
-0.0002246890065853,8.835071904209877e-09
4.7358845994721e-05,3.843730448884215
-0.00022468900658529994,8.835072117596399e-09
-0.0002246890065853,8.835071904209877e-09
-0.0002246890065853,8.835071904209877e-09
1308.7879366308034,18491705.953683935
-0.0002246890065853,8.835071904209877e-09
-0.0002246890065853,8.835071904209877e-09
-0.0002246890065853,8.835071904209918e-09
-0.0002246890065853,8.835071904209877e-09
-0.0002246890065853,8.835071904209877e-09
-0.0002246890065853,8.835071904209877e-09
-0.0002246890065853,8.835071904209877e-09
-0.0002246890065853,8.835071904209877e-09
4.05648181990065e+29,-2.8710576491928973e+25
-0.00022468900658529994,8.835072107188047e-09
-0.0002246890065853,8.835071904209877e-09
-0.0002246890065853,8.835071904209877e-09
-0.00010401497248158621,2.941212959086818e-10
-0.0002246890065853,8.835071904209877e-09
-0.0002246890065853,8.835071904209877e-09
-0.0002246890065853,8.83507190420992e-09
-0.0002246890065853,8.835071904209877e-09
-0.0002246890065853,8.835071904209877e-09
0.0014542368116984676,-1.0999432329641034e-07
-0.0002246890065853,8.835071904209877e-09
-0.0002246890065853,8.835071904209877e-09
-71.67995267487755,3.8501024129211534
-0.00022468900658529996,8.835072083769293e-09
-0.0002246890065853,8.835071904209877e-09
-0.0002246890065853,8.835071904209877e-09
13735.727752768993,194070399.51391295
-0.0002246890065853,8.835071904209877e-09
-0.0002246890065853,8.835071904209877e-09
-0.0002246890065853,8.835071904209918e-09
-0.0002246890065853,8.835071904209877e-09
-0.0002246890065853,8.835071904209877e-09
-0.0002246890065853,8.835071904209877e-09
-0.0002246890065853,8.835071904209877e-09
-0.0002246890065853,8.835071904209877e-09
4.749639053829171e-05,3.8456737987176046
-0.00022468900658529996,8.835072032594924e-09
-0.0002246890065853,8.835071904209877e-09
-0.0002246890065853,8.835071904209877e-09
3452.4836409289314,48779715.87782171
-0.0002246890065853,8.835071904209877e-09
-0.0002246890065853,8.835071904209877e-09
-0.0002246890065853,8.835071904209913e-09
-0.0002246890065853,8.835071904209877e-09
-0.0002246890065853,8.835071904209877e-09
0.011070484282317727,-7.9060382884399e-07
-0.0002246890065853,8.835071904209877e-09
-0.0002246890065853,8.835071904209877e-09
5.848603135113401e+35,-4.139468020239309e+31
-0.00022468900658529996,8.83507201307151e-09
-0.0002246890065853,8.835071904209877e-09
-0.0002246890065853,8.835071904209877e-09
-0.0002246890065853,8.835071904209877e-09
-0.0002246890065853,8.835071904209877e-09
-0.0002246890065853,8.835071904209877e-09
-0.0002246890065853,8.835071904209908e-09
-0.0002246890065853,8.835071904209877e-09
-0.0002246890065853,8.835071904209877e-09
-0.0002246890065853,8.835071904209877e-09
-0.0002246890065853,8.835071904209877e-09
-0.0002246890065853,8.835071904209877e-09
-151996493082847.22,10757861458.448322
-0.00022468900658529996,8.83507198661699e-09
-0.0002246890065853,8.835071904209877e-09
-0.0002246890065853,8.835071904209877e-09
-0.0002246890065853,8.835071904209877e-09
-0.0002246890065853,8.835071904209877e-09
-0.0002246890065853,8.835071904209877e-09
-0.0002246890065853,8.835071904209905e-09
-0.0002246890065853,8.835071904209877e-09
-0.0002246890065853,8.835071904209877e-09
-0.0002246890065853,8.835071904209877e-09
-0.0002246890065853,8.835071904209877e-09
-0.0002246890065853,8.835071904209877e-09
4.763393510914723e-05,3.847617148550994
-0.00022468900658529996,8.835071989652736e-09
-0.0002246890065853,8.835071904209877e-09
-0.0002246890065853,8.835071904209877e-09
-0.0002246890065853,8.835071904209877e-09
-0.0002246890065853,8.835071904209877e-09
-0.0002246890065853,8.835071904209877e-09
-0.0002246890065853,8.835071904209877e-09
-0.0002246890065853,8.835071904209877e-09
-0.0002246890065853,8.835071904209877e-09
-0.0002246890065853,8.835071904209877e-09
-0.0002246890065853,8.835071904209877e-09
-0.0002246890065853,8.835071904209877e-09
4.767954701920404e-05,3.848261593968691
-0.00022468900658529996,8.835071981412793e-09
-0.0002246890065853,8.835071904209877e-09
-0.0002246890065853,8.835071904209877e-09
-0.0002246890065853,8.835071904209877e-09
-0.0002246890065853,8.835071904209877e-09
-0.0002246890065853,8.835071904209877e-09
-0.0002246890065853,8.835071904209903e-09
-0.0002246890065853,8.835071904209877e-09
-0.0002246890065853,8.835071904209877e-09
-0.0002246890065853,8.835071904209877e-09
-0.0002246890065853,8.835071904209877e-09
-0.0002246890065853,8.835071904209877e-09
-2.302153570190268e+20,1.6293960901995088e+16
-0.00022468900658529996,8.835071958640679e-09
-0.0002246890065853,8.835071904209877e-09
-0.0002246890065853,8.835071904209877e-09
-0.0002246890065853,8.835071904209877e-09
-0.0002246890065853,8.835071904209877e-09
-0.0002246890065853,8.835071904209877e-09
-0.0002246890065853,8.8350719042099e-09
-0.0002246890065853,8.835071904209877e-09
-0.0002246890065853,8.835071904209877e-09
-0.0002246890065853,8.835071904209877e-09
-0.0002246890065853,8.835071904209877e-09
-0.0002246890065853,8.835071904209877e-09
0.05879777049160603,3.8495465650717464
-0.00022468900658529996,8.835071952785994e-09
-0.0002246890065853,8.835071904209877e-09
-0.0002246890065853,8.835071904209877e-09
-0.0002246890065853,8.835071904209877e-09
-0.0002246890065853,8.835071904209877e-09
-0.0002246890065853,8.835071904209877e-09
-0.0002246890065853,8.8350719042099e-09
-0.0002246890065853,8.835071904209877e-09
-0.0002246890065853,8.835071904209877e-09
-0.0002246890065853,8.835071904209877e-09
-0.0002246890065853,8.835071904209877e-09
-0.0002246890065853,8.835071904209877e-09
4.781709156277469e-05,3.8502049438020807
-0.00022468900658529996,8.835071954516856e-09
-0.0002246890065853,8.835071904209877e-09
-0.0002246890065853,8.835071904209877e-09
-0.0002246890065853,8.835071904209877e-09
-0.0002246890065853,8.835071904209877e-09
-0.0002246890065853,8.835071904209877e-09
-0.0002246890065853,8.8350719042099e-09
-0.0002246890065853,8.835071904209877e-09
-0.0002246890065853,8.835071904209877e-09
-0.0002246890065853,8.835071904209877e-09
-0.0002246890065853,8.835071904209877e-09
-0.0002246890065853,8.835071904209877e-09
-2.302153570190268e+20,1.6293960901995088e+16
-0.00022468900658529996,8.835071950617616e-09
-0.0002246890065853,8.835071904209877e-09
-0.0002246890065853,8.835071904209877e-09
-0.0002246890065853,8.835071904209877e-09
-0.0002246890065853,8.835071904209877e-09
-0.0002246890065853,8.835071904209877e-09
-0.0002246890065853,8.835071904209902e-09
-0.0002246890065853,8.835071904209877e-09
-0.0002246890065853,8.835071904209877e-09
-0.0002246890065853,8.835071904209877e-09
-0.0002246890065853,8.835071904209877e-09
-0.0002246890065853,8.835071904209877e-09
89128.96076216751,-2.4567897005306434
-0.00022468900658529996,8.835071945413452e-09
-0.0002246890065853,8.835071904209877e-09
-0.0002246890065853,8.835071904209877e-09
-0.0002246890065853,8.835071904209877e-09
-0.0002246890065853,8.835071904209877e-09
-0.0002246890065853,8.835071904209877e-09
-0.0002246890065853,8.8350719042099e-09
-0.0002246890065853,8.835071904209877e-09
-0.0002246890065853,8.835071904209877e-09
-0.0002246890065853,8.835071904209877e-09
-0.0002246890065853,8.835071904209877e-09
-0.0002246890065853,8.835071904209877e-09
-9.901804419703555e-05,1.7749999805444285
-0.0002246890065853,8.835071947364985e-09
-0.0002246890065853,8.835071904209877e-09
-0.0002246890065853,8.835071904209877e-09
-0.0002246890065853,8.835071904209877e-09
-0.0002246890065853,8.835071904209877e-09
-0.0002246890065853,8.835071904209877e-09
-0.0002246890065853,8.8350719042099e-09
-0.0002246890065853,8.835071904209877e-09
-0.0002246890065853,8.835071904209877e-09
-0.0002246890065853,8.835071904209877e-09
-0.0002246890065853,8.835071904209877e-09
-0.0002246890065853,8.835071904209877e-09
-71.68008980745404,1.9125732114981322
-0.0002246890065853,8.835071941076615e-09
-0.0002246890065853,8.835071904209877e-09
-0.0002246890065853,8.835071904209877e-09
-0.0002246890065853,8.835071904209877e-09
-0.0002246890065853,8.835071904209877e-09
-0.0002246890065853,8.835071904209877e-09
-0.0002246890065853,8.835071904209898e-09
-0.0002246890065853,8.835071904209877e-09
-0.0002246890065853,8.835071904209877e-09
-0.0002246890065853,8.835071904209877e-09
-0.0002246890065853,8.835071904209877e-09
-0.0002246890065853,8.835071904209877e-09
-8.375427098835194e-05,1.991249922785285
-0.0002246890065853,8.835071944112388e-09
-0.0002246890065853,8.835071904209877e-09
-0.0002246890065853,8.835071904209877e-09
-0.0002246890065853,8.835071904209877e-09
-0.0002246890065853,8.835071904209877e-09
-0.0002246890065853,8.835071904209877e-09
-0.0002246890065853,8.8350719042099e-09
-0.0002246890065853,8.835071904209877e-09
-0.0002246890065853,8.835071904209877e-09
-0.0002246890065853,8.835071904209877e-09
-0.0002246890065853,8.835071904209877e-09
-0.0002246890065853,8.835071904209877e-09
-7.800359790241648e-05,2.0724999941073494
-0.0002246890065853,8.835071934354565e-09
-0.0002246890065853,8.835071904209877e-09
-0.0002246890065853,8.835071904209877e-09
-0.0002246890065853,8.835071904209877e-09
-0.0002246890065853,8.835071904209877e-09
-0.0002246890065853,8.835071904209877e-09
-0.0002246890065853,8.8350719042099e-09
-0.0002246890065853,8.835071904209877e-09
-0.0002246890065853,8.835071904209877e-09
-0.0002246890065853,8.835071904209877e-09
-0.0002246890065853,8.835071904209877e-09
-0.0002246890065853,8.835071904209877e-09
-7.20760203715975e-05,2.1562500034343244
-0.0002246890065853,8.835071933266495e-09
-0.0002246890065853,8.835071904209877e-09
-0.0002246890065853,8.835071904209877e-09
-0.0002246890065853,8.835071904209877e-09
-0.0002246890065853,8.835071904209877e-09
-0.0002246890065853,8.835071904209877e-09
-0.0002246890065853,8.835071904209902e-09
-0.0002246890065853,8.835071904209877e-09
-0.0002246890065853,8.835071904209877e-09
-0.0002246890065853,8.835071904209877e-09
-0.0002246890065853,8.835071904209877e-09
-0.0002246890065853,8.835071904209877e-09
-4.932681941356223e+32,3.491206135644238e+28
-0.0002246890065853,8.835071939558722e-09
-0.0002246890065853,8.835071904209877e-09
-0.0002246890065853,8.835071904209877e-09
-0.0002246890065853,8.835071904209877e-09
-0.0002246890065853,8.835071904209877e-09
-0.0002246890065853,8.835071904209877e-09
-0.0002246890065853,8.8350719042099e-09
-0.0002246890065853,8.835071904209877e-09
-0.0002246890065853,8.835071904209877e-09
-0.0002246890065853,8.835071904209877e-09
-0.0002246890065853,8.835071904209877e-09
-0.0002246890065853,8.835071904209877e-09
-6.291924254874019e-05,2.2856249840367933
-0.0002246890065853,8.835071937607159e-09
-0.0002246890065853,8.835071904209877e-09
-0.0002246890065853,8.835071904209877e-09
-0.0002246890065853,8.835071904209877e-09
-0.0002246890065853,8.835071904209877e-09
-0.0002246890065853,8.835071904209877e-09
-0.0002246890065853,8.835071904209902e-09
-0.0002246890065853,8.835071904209877e-09
-0.0002246890065853,8.835071904209877e-09
-0.0002246890065853,8.835071904209877e-09
-0.0002246890065853,8.835071904209877e-09
-0.0002246890065853,8.835071904209877e-09
-5.9999690443982186e-05,2.3268749743967314
-0.0002246890065853,8.835071941943957e-09
-0.0002246890065853,8.835071904209877e-09
-0.0002246890065853,8.835071904209877e-09
-0.0002246890065853,8.835071904209877e-09
-0.0002246890065853,8.835071904209877e-09
-0.0002246890065853,8.835071904209877e-09
-0.0002246890065853,8.835071904209902e-09
-0.0002246890065853,8.835071904209877e-09
-0.0002246890065853,8.835071904209877e-09
-0.0002246890065853,8.835071904209877e-09
-0.0002246890065853,8.835071904209877e-09
-0.0002246890065853,8.835071904209877e-09
-5.703591011585303e-05,2.36874985985093
-0.00022468900658529996,8.835071945413416e-09
-0.0002246890065853,8.835071904209877e-09
-0.0002246890065853,8.835071904209877e-09
-0.0002246890065853,8.835071904209877e-09
-0.0002246890065853,8.835071904209877e-09
-0.0002246890065853,8.835071904209877e-09
-0.0002246890065853,8.835071904209902e-09
-0.0002246890065853,8.835071904209877e-09
-0.0002246890065853,8.835071904209877e-09
-0.0002246890065853,8.835071904209877e-09
-0.0002246890065853,8.835071904209877e-09
-0.0002246890065853,8.835071904209877e-09
-5.411635801111836e-05,2.409999850210868
-0.0002246890065853,8.835071949750215e-09
-0.0002246890065853,8.835071904209877e-09
-0.0002246890065853,8.835071904209877e-09
-0.0002246890065853,8.835071904209877e-09
-0.0002246890065853,8.835071904209877e-09
-0.0002246890065853,8.835071904209877e-09
-0.0002246890065853,8.835071904209902e-09
-0.0002246890065853,8.835071904209877e-09
-0.0002246890065853,8.835071904209877e-09
-0.0002246890065853,8.835071904209877e-09
-0.0002246890065853,8.835071904209877e-09
-0.0002246890065853,8.835071904209877e-09
-5.115256080840522e-05,2.4518749740836445
-0.00022468900658529996,8.835071951268108e-09
-0.0002246890065853,8.835071904209877e-09
-0.0002246890065853,8.835071904209877e-09
-0.0002246890065853,8.835071904209877e-09
-0.0002246890065853,8.835071904209877e-09
-0.0002246890065853,8.835071904209877e-09
-0.0002246890065853,8.835071904209902e-09
-0.0002246890065853,8.835071904209877e-09
-0.0002246890065853,8.835071904209877e-09
-0.0002246890065853,8.835071904209877e-09
-0.0002246890065853,8.835071904209877e-09
-0.0002246890065853,8.835071904209877e-09
-9.832608136466463e-05,2.492499834473052
-0.00022468900658529996,8.835071951701785e-09
-0.0002246890065853,8.835071904209877e-09
-0.0002246890065853,8.835071904209877e-09
-0.0002246890065853,8.835071904209877e-09
-0.0002246890065853,8.835071904209877e-09
-0.0002246890065853,8.835071904209877e-09
-0.0002246890065853,8.835071904209902e-09
-0.0002246890065853,8.835071904209877e-09
-0.0002246890065853,8.835071904209877e-09
-0.0002246890065853,8.835071904209877e-09
-0.0002246890065853,8.835071904209877e-09
-0.0002246890065853,8.835071904209877e-09
-4.652994367360539e-05,2.517187359479139
-0.00022468900658529996,8.835071951918632e-09
-0.0002246890065853,8.835071904209877e-09
-0.0002246890065853,8.835071904209877e-09
-0.0002246890065853,8.835071904209877e-09
-0.0002246890065853,8.835071904209877e-09
-0.0002246890065853,8.835071904209877e-09
-0.0002246890065853,8.835071904209902e-09
-0.0002246890065853,8.835071904209877e-09
-0.0002246890065853,8.835071904209877e-09
-0.0002246890065853,8.835071904209877e-09
-0.0002246890065853,8.835071904209877e-09
-0.0002246890065853,8.835071904209877e-09
-4.507015918394608e-05,2.5378124738683976
-0.00022468900658529996,8.835071963631884e-09
-0.0002246890065853,8.835071904209877e-09
-0.0002246890065853,8.835071904209877e-09
-0.0002246890065853,8.835071904209877e-09
-0.0002246890065853,8.835071904209877e-09
-0.0002246890065853,8.835071904209877e-09
-0.0002246890065853,8.835071904209903e-09
-0.0002246890065853,8.835071904209877e-09
-0.0002246890065853,8.835071904209877e-09
-0.0002246890065853,8.835071904209877e-09
-0.0002246890065853,8.835071904209877e-09
-0.0002246890065853,8.835071904209877e-09
1.90232055342799e+17,-13464061269400.744
-0.00022468900658529996,8.835071979678062e-09
179354.72826745833,2534080761.652902
-0.0002246890065853,8.835071904209877e-09
0.014148707494267556,203.0799402960803
-0.0002246890065853,8.835071904209877e-09
-0.0002246890065853,8.835071904209877e-09
-0.0002246890065853,8.835071904209903e-09
-0.00022468161482739056,0.00010444606775916052
-0.0002246890065853,8.835071904209877e-09
-0.0002246890065853,8.835071904209877e-09
-0.0002246890065853,8.835071904209877e-09
-0.0002246890065853,8.835071904209877e-09
-2.302153570190268e+20,1.6293960901995086e+16
-0.00022468900658529996,8.835072002229481e-09
218540.2298790564,3087727864.2661853
-0.0002246890065853,8.835071904209877e-09
-0.0002246890065853,8.835071904209877e-09
-0.0002246890065853,8.835071904209877e-09
-0.0002246890065853,8.835071904209877e-09
-0.0002246890065853,8.835071904209905e-09
-0.00022468884309115607,2.318823597242358e-06
-0.0002246890065853,8.835071904209877e-09
-0.0002246890065853,8.835071904209877e-09
-0.0002246890065853,8.835071904209877e-09
-0.0002246890065853,8.835071904209877e-09
2.720083015262345e+23,-1.9251941692665848e+19
-0.00022468900658529996,8.83507200483156e-09
-0.0002246890065853,8.835071904209877e-09
-0.0002246890065853,8.835071904209877e-09
-0.0002246890065853,8.835071904209877e-09
-0.0002246890065853,8.835071904209877e-09
-0.0002246890065853,8.835071904209877e-09
-0.0002246890065853,8.83507190420991e-09
-0.00022468894593690036,8.657288043933307e-07
-0.0002246890065853,8.835071904209877e-09
-0.0002246890065853,8.835071904209877e-09
-0.0002246890065853,8.835071904209877e-09
-0.0002246890065853,8.835071904209877e-09
-3.9186826751082254e-05,2.620937349682534
-0.00022468900658529996,8.835072021319168e-09
-0.0002246890065853,8.835071904209877e-09
-0.0002246890065853,8.835071904209877e-09
0.008306769708533187,120.53992432850143
-0.0002246890065853,8.835071904209877e-09
-0.0002246890065853,8.835071904209877e-09
-0.0002246890065853,8.835071904209912e-09
-0.00022468896307509378,6.235853903471524e-07
-0.0002246890065853,8.835071904209877e-09
-0.0002246890065853,8.835071904209877e-09
-0.0002246890065853,8.835071904209877e-09
-0.0002246890065853,8.835071904209877e-09
-3.772704223411479e-05,2.641562464071792
-0.00022468900658529996,8.835072038666403e-09
-0.0002246890065853,8.835071904209877e-09
-0.0002246890065853,8.835071904209877e-09
0.01471492703086012,211.07998605240982
-0.0002246890065853,8.835071904209877e-09
-0.0002246890065853,8.835071904209877e-09
-0.0002246890065853,8.835071904209917e-09
-0.00022468900631858818,8.83824120344731e-09
-0.0002246890065853,8.835071904209877e-09
-0.0002246890065853,8.835071904209877e-09
-0.0002246890065853,8.835071904209877e-09
-0.0002246890065853,8.835071904209877e-09
-3.626730840674324e-05,2.6621873400424745
-0.00022468900658529996,8.835072011336786e-09
-0.0002246890065853,8.835071904209877e-09
-0.0002246890065853,8.835071904209877e-09
0.018896452870937788,270.16024713490054
-0.0002246890065853,8.835071904209877e-09
-0.0002246890065853,8.835071904209877e-09
-0.0002246890065853,8.835071904209917e-09
-0.0002246889797731152,3.8695203624747463e-07
-0.0002246890065853,8.835071904209877e-09
-0.0002246890065853,8.835071904209877e-09
-0.0002246890065853,8.835071904209877e-09
-0.0002246890065853,8.835071904209877e-09
-3.218643976021107e+26,2.278060846236053e+22
-0.00022468900658529996,8.835072112392204e-09
-0.0002246890065853,8.835071904209877e-09
-0.0002246890065853,8.835071904209877e-09
-0.0002246890065853,8.835071904209877e-09
-0.0002246890065853,8.835071904209877e-09
-0.0002246890065853,8.835071904209877e-09
-0.0002246890065853,8.835071904209918e-09
-0.00022468896490371922,5.975136447599959e-07
-0.0002246890065853,8.835071904209877e-09
-0.0002246890065853,8.835071904209877e-09
-0.0002246890065853,8.835071904209877e-09
-0.0002246890065853,8.835071904209877e-09
4.05648181990065e+29,-2.8710576491928973e+25
-0.00022468900658529996,8.835071931858971e-09
-0.0002246890065853,8.835071904209877e-09
-0.0002246890065853,8.835071904209877e-09
-1.4480866927831914e-05,2.970004798377929
-0.0002246890065853,8.835071904209877e-09
-0.0002246890065853,8.835071904209877e-09
-0.0002246890065853,8.835071904209918e-09
-0.00022468896332703277,6.198641927833595e-07
-0.0002246890065853,8.835071904209877e-09
-0.0002246890065853,8.835071904209877e-09
-0.0002246890065853,8.835071904209877e-09
-0.0002246890065853,8.835071904209877e-09
-4.932681941356223e+32,3.491206135644238e+28
-0.00022468900658529996,8.83507190881822e-09
-0.0002246890065853,8.835071904209877e-09
-0.0002246890065853,8.835071904209877e-09
0.00596830173831857,87.4999997896743
-0.0002246890065853,8.835071904209877e-09
-0.0002246890065853,8.835071904209877e-09
-0.0002246890065853,8.835071904209922e-09
-0.00022468897624989748,4.37284126619609e-07
-0.0002246890065853,8.835071904209877e-09
1.1330588040579008,-8.020161294500637e-05
-0.0002246890065853,8.835071904209877e-09
-0.0002246890065853,8.835071904209877e-09
5.848603135113401e+35,-4.139468020239309e+31
-0.00022468900658529996,8.835071905626235e-09
-0.0002246890065853,8.835071904209877e-09
-0.0002246890065853,8.835071904209877e-09
-0.0002246890065853,8.835071904209877e-09
-0.0002246890065853,8.835071904209877e-09
-0.0002246890065853,8.835071904209877e-09
-0.0002246890065853,8.835071904209923e-09
-0.0002246889683401619,5.490829383256669e-07
-0.0002246890065853,8.835071904209877e-09
-0.0002246890065853,8.835071904209877e-09
-0.0002246890065853,8.835071904209877e-09
-0.0002246890065853,8.835071904209877e-09
1.90232055342799e+17,-13464061269400.545
-0.00022468900658529996,8.835071904523307e-09
-0.00022468900658529945,8.835071904209839e-09
-0.0002246890065853,8.835071904209877e-09
-0.0002246890065853,8.835071904209877e-09
-0.0002246890065853,8.835071904209877e-09
-0.0002246890065853,8.835071904209877e-09
-0.0002246890065853,8.83507190420993e-09
-0.00022468900656298228,8.83507190308099e-09
-0.0002246890065853,8.835071904209877e-09
-0.0002246890065853,8.835071904209877e-09
-0.0002246890065853,8.835071904209877e-09
-0.0002246890065853,8.835071904209877e-09
-2.8758263918351052e-05,2.768281223291144
-0.0002246890065853,8.835071904307292e-09
-0.0002246890065852993,8.835071904209829e-09
-0.0002246890065853,8.835071904209877e-09
-0.0002246890065853,8.835071904209877e-09
-0.0002246890065853,8.835071904209877e-09
-0.0002246890065853,8.835071904209877e-09
-0.0002246890065853,8.835071904209937e-09
-0.00022468896884329375,5.416322440588539e-07
-0.0002246890065853,8.835071904209877e-09
45.01493099048053,-0.0031860305158049576
-0.0002246890065853,8.835071904209877e-09
-0.0002246890065853,8.835071904209877e-09
-2.302153570190268e+20,1.6293960901995086e+16
-0.0002246890065853,8.835071904244185e-09
-0.0002246890065853,8.835071904209877e-09
-0.0002246890065853,8.835071904209877e-09
1.8576986611442807,26250.369074884682
-0.0002246890065853,8.835071904209877e-09
-0.0002246890065853,8.835071904209877e-09
-0.0002246890065853,8.835071904209946e-09
-0.00022468896803476925,5.528079443947498e-07
-0.0002246890065853,8.835071904209877e-09
-0.0002246890065853,8.835071904209877e-09
-0.0002246890065853,8.835071904209877e-09
-0.0002246890065853,8.835071904209877e-09
-2.729849630327572e-05,2.7889060992618235
-0.0002246890065853,8.835071904213371e-09
-0.0002246890065853,8.835071904209877e-09
-0.0002246890065853,8.835071904209877e-09
4.023641741377786,56852.710795110164
-0.0002246890065853,8.835071904209877e-09
-0.0002246890065853,8.835071904209877e-09
-0.0002246890065853,8.835071904209877e-09
-0.00022468895458736539,7.427983744180155e-07
-0.0002246890065853,8.835071904209877e-09
-0.0002246890065853,8.835071904209877e-09
-0.0002246890065853,8.835071904209877e-09
-0.0002246890065853,8.835071904209877e-09
-71.6800266831905,2.804448118665198
-0.0002246890065853,8.835071904209951e-09
-0.0002246890065853,8.835071904209877e-09
-0.0002246890065853,8.835071904209877e-09
5.689541226918071,-0.0004026959391709297
-0.0002246890065853,8.835071904209877e-09
-0.0002246890065853,8.835071904209877e-09
-0.0002246890065853,8.83507190420989e-09
-0.0002246889672456963,5.639033249809709e-07
-0.0002246890065853,8.835071904209877e-09
-0.0002246890065853,8.835071904209877e-09
-0.0002246890065853,8.835071904209877e-09
-0.0002246890065853,8.835071904209877e-09
-2.582765897639046e-05,2.809687377820002
-0.0002246890065853,8.835071904210611e-09
-0.0002246890065853,8.835071904209877e-09
-0.0002246890065853,8.835071904209877e-09
-0.0002246890065853,8.835071904209877e-09
-0.0002246890065853,8.835071904209877e-09
-0.0002246890065853,8.835071904209877e-09
-0.0002246890065853,8.835071904209884e-09
-0.00022468894138441732,9.291276903708449e-07
-0.0002246890065853,8.835071904209877e-09
-0.0002246890065853,8.835071904209877e-09
-0.0002246890065853,8.835071904209877e-09
-0.0002246890065853,8.835071904209877e-09
89128.96068916142,-3.4882838385720656
-0.0002246890065853,8.835071904210638e-09
-0.0002246890065853,8.835071904209877e-09
-0.0002246890065853,8.835071904209877e-09
-0.0002246890065853,8.835071904209877e-09
-0.0002246890065853,8.835071904209877e-09
-0.0002246890065853,8.835071904209877e-09
-0.0002246890065853,8.835071904209882e-09
-0.00022468890210094656,1.4843410647002938e-06
-0.0002246890065853,8.835071904209877e-09
-0.0002246890065853,8.835071904209877e-09
-0.0002246890065853,8.835071904209877e-09
-0.0002246890065853,8.835071904209877e-09
-2.4367874486731176e-05,2.8303124922092606
-0.0002246890065853,8.835071904210535e-09
-0.0002246890065853,8.835071904209877e-09
-0.0002246890065853,8.835071904209877e-09
-0.0002246890065853,8.835071904209877e-09
-0.0002246890065853,8.835071904209877e-09
-0.0002246890065853,8.835071904209877e-09
-0.0002246890065853,8.83507190420988e-09
-0.0002246888915947976,1.633352221521053e-06
-0.0002246890065853,8.835071904209877e-09
-0.0002246890065853,8.835071904209877e-09
-0.0002246890065853,8.835071904209877e-09
-0.0002246890065853,8.835071904209877e-09
-107374183.73108412,7602.46722770933
-0.0002246890065853,8.835071904210241e-09
-0.0002246890065853,8.835071904209877e-09
-0.0002246890065853,8.835071904209877e-09
-0.0002246890065853,8.835071904209877e-09
-0.0002246890065853,8.835071904209877e-09
-0.0002246890065853,8.835071904209877e-09
-0.0002246890065853,8.83507190420988e-09
-0.0002246888894974369,1.663154998582301e-06
-0.0002246890065853,8.835071904209877e-09
-0.0002246890065853,8.835071904209877e-09
-0.0002246890065853,8.835071904209877e-09
-0.0002246890065853,8.835071904209877e-09
-3.218643976021107e+26,2.278060846236053e+22
-0.0002246890065853,8.835071904210125e-09
-0.0002246890065853,8.835071904209877e-09
-0.0002246890065853,8.835071904209877e-09
-0.0002246890065853,8.835071904209877e-09
-0.0002246890065853,8.835071904209877e-09
-0.0002246890065853,8.835071904209877e-09
-0.0002246890065853,8.83507190420988e-09
-0.00022468887262223208,1.9015738044603283e-06
-0.0002246890065853,8.835071904209877e-09
-0.0002246890065853,8.835071904209877e-09
-0.0002246890065853,8.835071904209877e-09
-0.0002246890065853,8.835071904209877e-09
-2.216719555004246e-05,2.8614060895434923
-0.0002246890065853,8.835071904210648e-09
-0.0002246890065853,8.835071904209877e-09
-0.0002246890065853,8.835071904209877e-09
-0.0002246890065853,8.835071904209877e-09
-0.0002246890065853,8.835071904209877e-09
-0.0002246890065853,8.835071904209877e-09
-0.0002246890065853,8.835071904209879e-09
-0.0002246888989893531,1.5290448892340902e-06
-0.0002246890065853,8.835071904209877e-09
-0.0002246890065853,8.835071904209877e-09
-0.0002246890065853,8.835071904209877e-09
-0.0002246890065853,8.835071904209877e-09
-107374183.7310819,7602.498477709251
-0.0002246890065853,8.83507190421072e-09
-0.0002246890065853,8.835071904209877e-09
-0.0002246890065853,8.835071904209877e-09
-0.0002246890065853,8.835071904209877e-09
-0.0002246890065853,8.835071904209877e-09
-0.0002246890065853,8.835071904209877e-09
-0.0002246890065853,8.835071904209879e-09
-0.00022468891797318552,1.2608246705376683e-06
-0.0002246890065853,8.835071904209877e-09
-0.0002246890065853,8.835071904209877e-09
-0.0002246890065853,8.835071904209877e-09
-0.0002246890065853,8.835071904209877e-09
-2.069632446273826e-05,2.8821873681016688
-0.0002246890065853,8.835071904211915e-09
-0.0002246890065853,8.835071904209877e-09
-0.0002246890065853,8.835071904209877e-09
-0.0002246890065853,8.835071904209877e-09
-0.0002246890065853,8.835071904209877e-09
-0.0002246890065853,8.835071904209877e-09
-0.0002246890065853,8.835071904209879e-09
-0.00022468894118586122,9.328530375080033e-07
-0.0002246890065853,8.835071904209877e-09
-0.0002246890065853,8.835071904209877e-09
-0.0002246890065853,8.835071904209877e-09
-0.0002246890065853,8.835071904209877e-09
126443839171.29678,-8949317.42406344
-0.0002246890065853,8.835071904318327e-09
-0.0002246890065853,8.835071904209877e-09
-0.0002246890065853,8.835071904209877e-09
-0.0002246890065853,8.835071904209877e-09
-0.0002246890065853,8.835071904209877e-09
-0.0002246890065853,8.835071904209877e-09
-0.0002246890065853,8.83507190420988e-09
-0.00022468893853905627,9.702520279854347e-07
-0.0002246890065853,8.835071904209877e-09
-0.0002246890065853,8.835071904209877e-09
-0.0002246890065853,8.835071904209877e-09
-0.0002246890065853,8.835071904209877e-09
-1.923653997307895e-05,2.902812482490927
-0.0002246890065853,8.835071904253084e-09
-0.0002246890065853,8.835071904209877e-09
-0.0002246890065853,8.835071904209877e-09
-0.0002246890065853,8.835071904209877e-09
-0.0002246890065853,8.835071904209877e-09
-0.0002246890065853,8.835071904209877e-09
-0.0002246890065853,8.835071904209879e-09
-0.00022468896227923068,6.348300417511953e-07
-0.0002246890065853,8.835071904209877e-09
-0.0002246890065853,8.835071904209877e-09
-0.0002246890065853,8.835071904209877e-09
-0.0002246890065853,8.835071904209877e-09
-1.845387164051894e-05,2.9132812038515237
-0.0002246890065853,8.835071904209877e-09
-0.0002246890065853,8.835071904209877e-09
-0.0002246890065853,8.835071904209877e-09
-0.0002246890065853,8.835071904209877e-09
-0.0002246890065853,8.835071904209877e-09
-0.0002246890065853,8.835071904209877e-09
-0.0002246890065853,8.83507190420988e-09
-0.00022468898206445408,3.552870687934115e-07
-0.0002246890065853,8.835071904209877e-09
-0.0002246890065853,8.835071904209877e-09
-0.0002246890065853,8.835071904209877e-09
-0.0002246890065853,8.835071904209877e-09
126443839171.2968,-8949317.39281344
-0.0002246890065853,8.835071904211386e-09
-0.0002246890065853,8.835071904209877e-09
-0.0002246890065853,8.835071904209877e-09
-0.0002246890065853,8.835071904209877e-09
-0.0002246890065853,8.835071904209877e-09
-0.0002246890065853,8.835071904209877e-09
-0.0002246890065853,8.83507190420988e-09
-0.00022468899056506272,2.351830214980209e-07
-0.0002246890065853,8.835071904209877e-09
-0.0002246890065853,8.835071904209877e-09
-0.0002246890065853,8.835071904209877e-09
-0.0002246890065853,8.835071904209877e-09
-6.70846548390335e-05,2.9339060833674644
-0.0002246890065853,8.835071904211465e-09
-0.0002246890065853,8.835071904209877e-09
-0.0002246890065853,8.835071904209877e-09
-0.0002246890065853,8.835071904209877e-09
-0.0002246890065853,8.835071904209877e-09
-0.0002246890065853,8.835071904209877e-09
-0.0002246890065853,8.83507190420988e-09
-0.00022468899969575615,1.0617658428858981e-07
-0.0002246890065853,8.835071904209877e-09
-0.0002246890065853,8.835071904209877e-09
-0.0002246890065853,8.835071904209877e-09
-0.0002246890065853,8.835071904209877e-09
5.848603135113401e+35,-4.139468020239309e+31
-0.0002246890065853,8.835071904210698e-09
-0.0002246890065853,8.835071904209877e-09
-0.0002246890065853,8.835071904209877e-09
-0.0002246890065853,8.835071904209877e-09
-0.0002246890065853,8.835071904209877e-09
-0.0002246890065853,8.835071904209877e-09
-0.0002246890065853,8.83507190420988e-09
-0.0002246890016732432,7.823691422553316e-08
-0.0002246890065853,8.835071904209877e-09
-0.0002246890065853,8.835071904209877e-09
-0.0002246890065853,8.835071904209877e-09
-0.0002246890065853,8.835071904209877e-09
-1.5564989949086032e-05,2.9546873583833353
-0.0002246890065853,8.835071904211836e-09
-0.0002246890065853,8.835071904209877e-09
-0.0002246890065853,8.835071904209877e-09
-0.00022415748429243688,0.0075098215289314905
-0.0002246890065853,8.835071904209877e-09
-0.0002246890065853,8.835071904209877e-09
-0.0002246890065853,8.83507190420988e-09
-0.00022468900354929964,4.982243107636395e-08
-0.0002246890065853,8.835071904209877e-09
55567.88244863042,-3.9329300936988174
-0.0002246890065853,8.835071904209877e-09
-0.0002246890065853,8.835071904209877e-09
1.90232055342799e+17,-13464061269400.338
-0.0002246890065853,8.8350719042101e-09
2.3012741115032305,32517.591715437204
3.2622160175470656,46094.620978305895
-0.0002245917650511444,0.0013739224363968007
-0.0002246890065853,8.835071904209877e-09
-0.0002246890065853,8.835071904209877e-09
-0.0002246890065853,8.83507190420988e-09
-0.0002246890046963701,3.421820032208196e-08
-0.0002246890065853,8.835071904209877e-09
-0.0002246890065853,8.835071904209877e-09
-0.0002246890065853,8.835071904209877e-09
-0.0002246890065853,8.835071904209877e-09
5.848603135113401e+35,-4.139468020239309e+31
-0.0002246890065853,8.83507190421251e-09
-0.0002246890065853,8.835071904209877e-09
-0.0002246890065853,8.835071904209877e-09
0.000309665955461809,0.0002461745492341127
-0.0002246890065853,8.835071904209877e-09
-0.0002246890065853,8.835071904209877e-09
-0.0002246890065853,8.83507190420988e-09
-0.00022468900641295998,8.835071892012162e-09
-0.0002246890065853,8.835071904209877e-09
751.9997734274632,-0.05322432305255907
-0.0002246890065853,8.835071904209877e-09
-0.0002246890065853,8.835071904209877e-09
-2.302153570190268e+20,1.6293960901995086e+16
-0.0002246890065853,8.835071904217131e-09
0.016340227470761564,234.04365481813502
0.015067211697958011,216.05737251455236
-0.00011640840338965158,5.128060364765863e-05
-0.0002246890065853,8.835071904209877e-09
-0.0002246890065853,8.835071904209877e-09
-0.0002246890065853,8.83507190420988e-09
-0.00022468900658526074,8.835071930882741e-09
136.05607396896963,140.0397481393024
212.05987914996484,-0.015008977036099345
-0.0002246890065853,8.835071904209877e-09
-0.0002246890065853,8.835071904209877e-09
-1.2634368132564798e-05,2.9960937513307724
-0.0002246890065853,8.835071904211419e-09
0.013579924104433433,195.04367017460714
218.0527380216733,-0.015433133831767507
-0.0002021488996919957,1.1336982625306775e-05
-0.0002246890065853,8.835071904209877e-09
-0.0002246890065853,8.835071904209877e-09
-0.0002246890065853,8.83507190420988e-09
-0.00022468900556074731,2.2225128040188666e-08
-0.0002246890065853,8.835071904209877e-09
14.440958365032625,-0.0010220953160496107
-0.0002246890065853,8.835071904209877e-09
-0.0002246890065853,8.835071904209877e-09
-2.302153570190268e+20,1.6293960901995088e+16
-0.0002246890065853,8.835071904243343e-09
0.00010717511347940078,4.688867089223462
0.00014480622737828534,5.220552440217191
-0.0002197990585388574,2.49820003276229e-06
-0.0002246890065853,8.835071904209877e-09
-0.0002246890065853,8.835071904209877e-09
-0.0002246890065853,8.83507190420988e-09
-0.00022468900608132457,1.538458215240627e-08
1.8049459776184755,1.6877587249479
2.3131879715198234,-0.00016372765900430267
-0.0002246890065853,8.835071904209877e-09
-0.0002246890065853,8.835071904209877e-09
4.05648181990065e+29,-2.8710576491928973e+25
-0.0002246890065853,8.835071904224174e-09
0.7148344194940103,0.7462143950835106
-0.00016662971835182622,0.8203125067804398
-0.00022468896121344246,6.498884318038953e-07
-0.0002246890065853,8.835071904209877e-09
-0.0002246890065853,8.835071904209877e-09
-0.0002246890065853,8.83507190420988e-09
-0.00022468900622536116,1.3871184307327629e-08
0.28895071531632643,0.30671660794023414
0.38856058285631156,-2.7508234601610272e-05
-0.0002246890065853,8.835071904209877e-09
-0.0002246890065853,8.835071904209877e-09
126443839171.2968,-8949317.30296969
-0.0002246890065853,8.835071904250966e-09
-0.0002159440402856548,0.12355655539249429
-0.0002148703241223298,0.13872695817937575
-0.00022468899484683709,1.7468636152368272e-07
-0.0002246890065853,8.835071904209877e-09
-0.0002246890065853,8.835071904209877e-09
-0.0002246890065853,8.83507190420988e-09
-0.00022468900636142395,1.1571405499365764e-08
0.055943167379037144,0.0581135834526122
0.07206895744596624,-5.107895036865968e-06
-0.0002246890065853,8.835071904209877e-09
-0.0002246890065853,8.835071904209877e-09
-1.09891060105009e-05,3.0187499535873563
-0.0002246890065853,8.835071904347126e-09
-0.0002228483557481134,0.02600633671194774
-0.00022276185820055983,0.027228449856264686
-0.00022468900328948737,5.540120051834988e-08
-0.0002246890065853,8.835071904209877e-09
-0.0002246890065853,8.835071904209877e-09
-0.0002246890065853,8.835071904209882e-09
-0.0002246890064132787,1.0443345632471659e-08
-0.00022327165555129154,0.020025586181068353
0.02785840252480453,-1.9788029438420496e-06
-0.0002246890065853,8.835071904209877e-09
-0.0002246890065853,8.835071904209877e-09
-71.68001078600444,3.02905749310262
-0.0002246890065853,8.835071904209877e-09
0.005363249206480605,0.02759286844950324
0.0281022115983573,-1.996059027725681e-06
-0.00022468900564977666,2.205296531754085e-08
-0.0002246890065853,8.835071904209877e-09
-0.0002246890065853,8.835071904209877e-09
-0.0002246890065853,8.835071904209882e-09
-0.0002246890064874971,9.755624145135819e-09
0.001958031216977308,-1.4565139869116282e-07
0.002782142728706629,-2.039795698647819e-07
-0.0002246890065853,8.835071904209877e-09
-0.0002246890065853,8.835071904209877e-09
-1.0295419034901242e-05,3.0291404736601097
-0.0002246890065853,8.835071904796146e-09
0.0008133082132815404,0.0011599391985629218
0.0010495057637756717,0.0012134030981047267
-0.00022468900652682975,9.661190797654573e-09
-0.0002246890065853,8.835071904209877e-09
-0.0002246890065853,8.835071904209877e-09
-0.0002246890065853,8.835071904209882e-09
-0.00022468900651044312,9.577363406810493e-09
-0.0002246890065853,8.835071904209877e-09
0.00048130149285757236,0.000831789184531381
-0.0002246890065853,8.835071904209877e-09
-0.0002246890065853,8.835071904209877e-09
-9.930472912463104e-06,3.0342967522574242
-0.0002246890065853,8.83507190674469e-09
8.622786022332944e-05,0.0002690068353331581
6.916456446180377e-05,0.0002976362878576232
-0.0002246890065666323,9.098825367063405e-09
-0.0002246890065853,8.835071904209877e-09
-0.0002246890065853,8.835071904209877e-09
-0.0002246890065853,8.835071904209884e-09
-0.0002246890065064889,9.642703195829091e-09
-0.0002246890065853,8.835071904209877e-09
-5.582126170301788e-05,0.00020890825319119
-0.0002246890065853,8.835071904209877e-09
0.00030560007068346733,-2.8697217877215198e-08
-9.559991934166663e-06,3.0395312321484886
-0.0002246890065853,8.835071904562304e-09
-0.0001526667397886928,3.737549243460589e-09
-0.00012976596233069219,0.0001073157178615185
-0.00022468900655413379,9.27541552578326e-09
-0.0002246890065853,8.835071904209879e-09
-0.0002246890065853,8.835071904209877e-09
-0.0002246890065853,8.835071904209884e-09
-0.00022468900652778903,9.380912718496635e-09
-0.00011165631411609948,8.349528175054615e-10
-0.00022467611041863787,0.00018221717779169918
-0.0002246890065853,8.835071904209877e-09
-0.0002246890065853,8.835071904209877e-09
-4.932681941356223e+32,3.491206135644238e+28
-0.0002246890065853,8.83507190423095e-09
-0.00020500822374048047,8.872011580626932e-05
-0.00013454229303737,2.454754600391066e-09
-0.0002246890065314645,9.595706790712882e-09
-0.0002246890065853,8.835071904209877e-09
-0.0002246890065853,8.835071904209877e-09
-0.0002246890065853,8.835071904209885e-09
-0.00022468900653818363,9.322705113684228e-09
-0.00021687801144752174,8.2822328102909e-09
-0.00021228692902145783,1.4972253824134669e-05
-0.0002246890065853,8.835071904209877e-09
-0.0002246890065853,8.835071904209877e-09
-151996493082847.22,10757861457.651203
-0.0002246890065853,8.83507190445219e-09
-0.0002192637420093128,8.451087751159618e-09
-0.0002246890065853,8.835071904209877e-09
-0.00022468900649153325,1.015989071110268e-08
-0.0002246890065853,8.835071904209877e-09
-0.0002246890065853,8.835071904209877e-09
-0.0002246890065853,8.835071904209885e-09
-0.000224689006534901,9.255330562899947e-09
-0.00022468881885581314,2.6612417577656244e-06
-0.00022121622362968938,8.589278615558167e-09
-0.0002246890065853,8.835071904209877e-09
-0.0002246890065853,8.835071904209877e-09
-5.851399800456831e-05,3.0549998330641617
-0.0002246890065853,8.835071904222902e-09
-0.00022313887173894874,1.4693678272558155e-06
-0.0002246890065853,8.835071904209877e-09
-0.00022468900642042534,1.1164565607416437e-08
-0.0002246890065853,8.835071904209877e-09
-0.00022468900654531963,8.835071901380185e-09
-0.0002246890065853,8.835071904209885e-09
-0.00022468900654757986,9.17347615145504e-09
-0.00022392881289409386,8.471555890476557e-07
-0.0002246890065853,8.835071904209877e-09
-0.0002246890065853,8.835071904209877e-09
-0.0002246890065853,8.835071904209877e-09
89128.9607061645,-3.2480494641737794
-0.0002246890065853,8.835071904243555e-09
-0.00022407790351113227,8.791819839158653e-09
-0.0002246890065853,8.835071904209877e-09
-0.00022468900630086765,1.2853781259427494e-08
-0.0002246890065853,8.835071904209877e-09
-0.0002246890065853,8.835071904209877e-09
-0.0002246890065853,8.835071904209885e-09
-0.00022468900653478248,9.118906607084101e-09
-0.0002246890065853,8.835071904209877e-09
-0.00022468892218121246,1.2013699788501485e-06
-0.0002246890065853,8.835071904209877e-09
1.5575982999024307e+22,-1.1024219291125164e+18
-151996493082847.22,10757861457.666828
-0.0002246890065853,8.835071904220467e-09
-0.00022460982474752303,8.829467648327072e-09
-0.0002246890065853,8.835071904209877e-09
-0.00022468900606192148,1.6229822031238975e-08
-0.0002246890065853,8.835071904209877e-09
-0.0002246890065853,8.835071904209877e-09
-0.0002246890065853,8.835071904209887e-09
-0.00022468900653765665,9.166200082097992e-09
-0.0002246890065853,8.835071904209877e-09
-0.00022468884515937503,2.2896019872949354e-06
-0.0002246890065853,8.835071904209877e-09
6.064277833981416e+25,8.568143099212053e+29
-7.3647972183566975e-06,3.070546866607547
-0.0002246890065853,8.835071904209877e-09
-0.00022463880218273074,1.9317381999563356e-06
-0.0002246890065853,8.835071904209877e-09
-0.00022468900559621932,2.280967023659113e-08
-0.0002246890065853,8.835071904209877e-09
-0.0002246890065853,8.835071904209877e-09
-0.0002246890065853,8.835071904209887e-09
-0.0002246890065594176,9.200760937903256e-09
-0.00022197629039642037,8.64307388942861e-09
-0.0002246890065853,8.835071904209877e-09
-0.0002246890065853,8.835071904209877e-09
3424.3781847027217,-0.2423673494452598
-6.99433311462087e-06,3.0757811080800326
-0.0002246890065853,8.835071908791612e-09
-0.0002246039603484047,3.914247514997561e-06
-0.0002246890065853,8.835071904209877e-09
-0.0002246890065853,8.835071904209877e-09
-0.0002246890065853,8.835071904209877e-09
-0.0002246890065853,8.835071904209877e-09
-0.0002246890065853,8.835071904209889e-09
-0.00022468900654379318,9.231683784490712e-09
-0.00021926498392432496,8.451175650224708e-09
-0.0002246890065853,8.835071904209877e-09
-0.0002246890065853,8.835071904209877e-09
-0.0002246890065853,8.835071904209877e-09
5.848603135113401e+35,-4.139468020239309e+31
-0.0002246890065853,8.835071907652709e-09
-0.00022453657115790462,8.356117564041744e-06
-0.0002246890065853,8.835071904209877e-09
-0.0002246890065853,8.835071904209877e-09
-0.0002246890065853,8.835071904209877e-09
-0.00022468900658530246,8.835071904210052e-09
-0.0002246890065853,8.83507190420989e-09
-0.00022468900654103792,9.240778842358515e-09
-0.000224523188009068,8.82333575666119e-09
-0.0002246890065853,8.835071904209877e-09
-0.0002246890065853,8.835071904209877e-09
-0.0002246890065853,8.835071904209877e-09
-6.258906013909574e-06,3.086171866568411
-0.0002246890065853,8.835071906067065e-09
-0.0002246878418652039,1.6465021161795046e-05
-0.0002246890065853,8.835071904209877e-09
-0.0002246890065853,8.835071904209877e-09
-0.0002246890065853,8.835071904209877e-09
-0.0002246890065852915,8.83519181534355e-09
-0.0002246890065853,8.835071904209893e-09
-0.0002246890065580014,9.220770209870202e-09
-0.00022468719217466512,2.5644418377571168e-05
-0.0002246890065853,8.835071904209877e-09
-0.0002246890065853,8.835071904209877e-09
-0.0002246890065853,8.835071904209877e-09
-3.218643976021107e+26,2.278060846236053e+22
-0.0002246890065853,8.835071905917742e-09
-0.00022468899949783689,1.089729607453064e-07
-0.0002246890065853,8.835071904209877e-09
-0.0002246890065853,8.835071904209877e-09
-0.0002246890065853,8.835071904209877e-09
-0.0002246890065853,8.835071904210324e-09
-0.0002246890065853,8.835071904209895e-09
-0.00022468900627719147,9.297167661868857e-09
-0.0002244719663476174,8.819710439220086e-09
-0.0002246890065853,8.835071904209877e-09
-0.0002246890065853,8.835071904209877e-09
6.7140851695202675e+28,9.486247841480966e+32
-5.534548624961533e-06,3.096406222469291
-0.0002246890065853,8.835071904985883e-09
-0.000224688978103595,4.112495566302552e-07
-0.0002246890065853,8.835071904209877e-09
-0.0002246890065853,8.835071904209877e-09
-0.0002246890065853,8.835071904209877e-09
-0.00022468900655052694,9.326375844953363e-09
-0.0002246890065853,8.835071904209898e-09
-0.00022468900636155644,9.460949295399544e-09
-0.00022457954640361222,1.3553011188314863e-07
-0.0002246890065853,8.835071904209877e-09
-0.0002246890065853,8.835071904209877e-09
-0.0002246890065853,8.835071904209877e-09
-5.164118281668009e-06,3.1016404639417785
-0.0002246890065853,8.835071905199458e-09
-0.00022468900396512896,4.5855144152451176e-08
-0.00022468728910736665,8.834950346210192e-09
-0.0002246890065853,8.835071904209877e-09
-0.0002246890065853,8.835071904209877e-09
10397.147821319508,2212184.269661522
-0.0002246890065853,8.835071904209903e-09
-0.00022468900625753922,9.650124408524715e-09
-0.00022464359046506794,6.216076513154421e-08
-0.0002246890065853,8.835071904209877e-09
-0.0002246890065853,8.835071904209877e-09
-0.0002246890065852993,8.835081507942253e-09
0.058745206100294656,3.106870785681922
-0.0002246890065853,8.835071905423075e-09
-0.0002237687023707713,8.769935498525906e-09
-0.0002246890065853,8.835071904209877e-09
-0.0002246890065853,8.835071904209877e-09
-0.0002246890065853,8.835071904209877e-09
-0.0002246890065853,8.835071904209877e-09
-0.0002246890065853,8.835071904209908e-09
-0.00022468900632095304,1.0072276116554148e-08
-0.0002246890065853,8.835071904209877e-09
-0.0002246890065853,8.835071904209877e-09
-0.0002246890065853,8.835071904209877e-09
-0.00022468900363539356,5.051393482734483e-08
-4.428657420514436e-06,3.112031222430155
-0.0002246890065853,8.835071905334983e-09
-0.0002222147513443426,4.6695154749256e-07
-0.0002246890065853,8.835071904209877e-09
-0.0002246890065853,8.835071904209877e-09
-0.0002246890065853,8.835071904209877e-09
743317502138.2166,-52609810.54625194
-0.0002246890065853,8.835071904209915e-09
-0.00022468900622181644,1.0079552289214567e-08
-0.00022465383886598482,8.832582837229492e-09
-0.0002246890065853,8.835071904209877e-09
-0.0002246890065853,8.835071904209877e-09
-0.0002246890065853,8.835071904209877e-09
-4.0637112980996355e-06,3.1171875010274697
-0.0002246890065853,8.835071904728384e-09
-0.0002246888293571283,2.512869975721471e-06
-0.0002246890065853,8.835071904209877e-09
-0.0002246890065853,8.835071904209877e-09
-0.0002246890065853,8.835071904209877e-09
-0.0002246890065853,8.835071904209877e-09
-0.0002246890065853,8.835071904209923e-09
-0.0002246890062406379,1.0567041118851085e-08
-0.00022468234052650063,8.834600100317845e-09
-0.0002246890065853,8.835071904209877e-09
-0.0002246890065853,8.835071904209877e-09
-0.0002246890065853,8.835071904209877e-09
-2.302153570190268e+20,1.6293960901995088e+16
-0.0002246890065853,8.835071904508094e-09
-0.0002246889792903732,3.944817144464358e-07
-0.0002246890065853,8.835071904209877e-09
-0.0002246890065853,8.835071904209877e-09
-0.0002246890065853,8.835071904209877e-09
-0.0002246890065853,8.835071904209877e-09
-0.0002246890065853,8.835071904209928e-09
-0.00022468900608707575,1.2284459541975997e-08
-0.00022466304046690665,1.4509799553425984e-08
-0.0002246890065853,8.835071904209877e-09
-0.0002246890065853,8.835071904209877e-09
-0.0002246890065853,8.835071904209877e-09
4.05648181990065e+29,-2.8710576491928973e+25
-0.0002246890065853,8.835071904557222e-09
-0.00022468900497824446,3.1540960572110754e-08
-0.00022313339502538727,0.02197905204023783
-0.0002246890065853,8.835071904209877e-09
-0.0002246890065853,8.835071904209877e-09
-0.0002246890065853,8.835071904209877e-09
-0.0002246890065853,8.83507190420994e-09
-0.00022468900575125055,1.4569695746407884e-08
-0.0002246802118826011,4.842610393974776e-08
-0.0002246890065853,8.835071904209877e-09
-0.0002246890065853,8.835071904209877e-09
-0.0002246890065853,8.835071904209877e-09
126443839171.29681,-8949317.183829065
-0.0002246890065853,8.835071915758605e-09
-0.0002246889769174364,4.2800864492759196e-07
-0.00022055828157409454,0.058362511293614645
-0.0002246890065853,8.835071904209877e-09
-0.0002246890065853,8.835071904209877e-09
0.009401849854482145,136.012176181838
-0.0002246890065853,8.835071904209956e-09
-0.0002246890053987499,1.791780729561568e-08
-0.00022468900534899786,2.6302631703457503e-08
-0.0002246890065853,8.835071904209877e-09
-0.0002246890065853,8.835071904209877e-09
-0.0002238803061874244,0.011426036670670955
-2.302153570190268e+20,1.6293960901995088e+16
-0.0002246890065853,8.835071912885471e-09
-0.00022468899484943608,1.746496406751906e-07
-0.0002246890065853,8.835071904209877e-09
-0.0002246890065853,8.835071904209877e-09
-0.0002246890065853,8.835071904209877e-09
-0.00022468900658529788,8.835101725078748e-09
-0.0002246890065853,8.835071904209973e-09
-0.00022468900549343644,1.6228620285598424e-08
-0.0002246890065853,8.835071904209877e-09
-0.0002246890065853,8.835071904209877e-09
-0.0002246890065853,8.835071904209877e-09
-0.0002246890065853,8.835071904209877e-09
4.05648181990065e+29,-2.8710576491928973e+25
-0.0002246890065853,8.835071915216504e-09
-0.0002246890065853,8.835071904209877e-09
-0.0002246890065853,8.835071904209877e-09
-0.0002246890065853,8.835071904209877e-09
-0.0002246890065853,8.835071904209877e-09
-0.0002246890065853,8.835071904209877e-09
-0.0002246890065853,8.835071904209975e-09
-0.00022468900540552702,8.835071820709041e-09
-0.00022468895225842748,7.764127300807126e-07
-0.0002246890065853,8.835071904209877e-09
-0.0002246890065853,8.835071904209877e-09
-0.0002246890065853,8.835071904209877e-09
-1.8629986009919533e-06,3.148281098361699
-0.0002246890065853,8.83507190965898e-09
9.586641776632664e-07,3.188148022547733
-0.0002246890065853,8.835071904209877e-09
-0.0002246890065853,8.835071904209877e-09
-0.0002246890065853,8.835071904209877e-09
-0.0002246890065853,8.835071904238046e-09
-0.0002246890065853,8.835071904209968e-09
-0.00022468900204419213,5.33151748504875e-08
8.253045130458583,8.564733042233694
-0.0002246890065853,8.835071904209877e-09
-0.0002246890065853,8.835071904209877e-09
-0.0002246890065853,8.835071904209877e-09
-1.4980524785538154e-06,3.1534373769590136
-0.0002246890065853,8.835071907924259e-09
0.00027968867401551224,7.126289835498833
8.252807974648261,-0.0005841163652871943
-0.0002246890065853,8.835071904209877e-09
-0.0002246890065853,8.835071904209877e-09
42.501961026071626,-0.003008169946995977
-0.0002246890065853,8.835071904209968e-09
-0.0002246889985575401,9.826079705132294e-08
7.37662683590639,7.282146029089173
-0.0002246890065853,8.835071904209877e-09
-0.0002246890065853,8.835071904209877e-09
-0.0002246890065853,8.835071904209877e-09
-1.1275715002573739e-06,3.1586718568500776
-0.0002246890065853,8.835071908466365e-09
0.0006867469836495835,12.87756631416615
-0.0002246890065853,8.835071904209877e-09
-0.0002246890065853,8.835071904209877e-09
-0.0002246890065853,8.835071904209877e-09
-0.0002246890065853,8.835071904209877e-09
-0.0002246890065853,8.835071904209975e-09
-0.00022468898466030315,2.808555855916321e-07
24.131816781609437,24.003924475076175
-0.0002246890065853,8.835071904209877e-09
-0.0002246890065853,8.835071904209877e-09
-0.0002246890065853,8.835071904209877e-09
-7.571073965448294e-07,3.1639060983225633
-0.0002246890065853,8.835071909848724e-09
0.0031025569375086144,47.01024616794424
0.003934403117628717,58.76329789631894
-0.0002246890065853,8.835071904209877e-09
-0.0002246890065853,8.835071904209877e-09
11142970.971865574,-788.6664716909618
-0.0002246890065853,8.835071904209976e-09
-0.0002246890023777837,8.835071606414341e-09
76.02712391039556,86.51723276045368
-0.0002246890065853,8.835071904209877e-09
-0.0002246890065853,8.835071904209877e-09
-0.0002246890065853,8.835071904209877e-09
-3.921612741067187e-07,3.169062376919878
-0.0002246890065853,8.835071905206238e-09
0.011810289742745327,170.04072529094282
0.014713027360324354,211.0531458425161
-0.0002246890065853,8.835071904209877e-09
-0.0002246890065853,8.835071904209877e-09
1.835165350159877e+20,2.5928824109567687e+24
-0.0002246890065853,8.835071904209986e-09
-0.00022468895266724212,6.907091683141006e-07
392.10879740037683,336.06255004944336
-0.0002246890065853,8.835071904209877e-09
-0.0002246890065853,8.835071904209877e-09
-0.0002246890065853,8.835071904209877e-09
2.720083015262345e+23,-1.9251941692665848e+19
-0.0002246890065853,8.835071906094176e-09
0.043102339950220656,612.1622299208682
-0.0002246890065853,8.835071904209877e-09
-0.0002246890065853,8.835071904209877e-09
-0.0002246890065853,8.835071904209877e-09
2.887884028418369e+21,4.080255602862503e+25
-0.0002246890065853,8.835071904209978e-09
-0.00022468896438864732,6.050263551960964e-07
1320.4278933595476,1240.2710490785814
-0.0002246890065853,8.835071904209877e-09
-0.0002246890065853,8.835071904209877e-09
-0.0002246890065853,8.835071904209877e-09
89128.96071459692,-3.1289088394721905
-0.0002246890065853,8.835071905484064e-09
0.19120245199160055,2704.6503838595127
0.24217650263278248,3424.8564367431163
-0.0002246890065853,8.835071904209877e-09
-0.0002246890065853,8.835071904209877e-09
-0.00022468900658529075,8.83507190420923e-09
-0.0002246890065853,8.835071904209981e-09
-0.0002246889670094974,5.67772315435286e-07
-0.0002246890065853,8.835071904209877e-09
-0.0002246890065853,8.835071904209877e-09
-0.0002246890065853,8.835071904209877e-09
-0.0002246890065853,8.835071904209877e-09
-151996493082847.22,10757861457.785969
-0.0002246890065853,8.835071907029304e-09
3.85984736566872,54538.48033215661
3.407104906643307,48141.73816067849
-0.0002246890065853,8.835071904209877e-09
-0.0002246890065853,8.835071904209877e-09
-0.0002246890065853,8.835071904209884e-09
-0.0002246890065853,8.835071904209983e-09
-0.0002246889551697942,7.242333706562173e-07
105501.67229179143,110607.93943125974
-0.0002246890065853,8.835071904209877e-09
-0.0002246890065853,8.835071904209877e-09
-0.0002246890065853,8.835071904209877e-09
-4.8975686366211924e-05,3.189765457726615
-0.0002246890065853,8.83507191337339e-09
4.63970221347595,65556.9529608087
6.270876257558589,88603.60915308386
-0.0002246890065853,8.835071904209877e-09
-0.0002246890065853,8.835071904209877e-09
1.2942175486643402e+22,-9.160088366680859e+17
-0.0002246890065853,8.835071904209996e-09
-0.00022468900622996083,8.835071879060024e-09
-0.0002246890065853,8.835071904209877e-09
-0.0002246890065853,8.835071904209877e-09
-0.0002246890065853,8.835071904209877e-09
-0.0002246890065853,8.835071904209877e-09
89128.96071570281,-3.1132838395113263
-0.0002246890065853,8.835071904221949e-09
17.686814218473494,249897.98374909075
-0.0002246890065853,8.835071904209877e-09
-0.0002246890065853,8.835071904209877e-09
-0.0002246890065853,8.835071904209877e-09
-0.0002246890065853,8.835071904209877e-09
-0.0002246890065853,8.83507190421e-09
-0.0002246890065853,8.835071904209877e-09
-0.0002246890065853,8.835071904209877e-09
-0.0002246890065853,8.835071904209877e-09
-0.0002246890065853,8.835071904209877e-09
-0.0002246890065853,8.835071904209877e-09
5.848603135113401e+35,-4.139468020239309e+31
-0.0002246890065853,8.835071904209877e-09
97.43086949824901,1376591.8715520669
-0.0002246890065853,8.835071904209877e-09
-0.0002246890065853,8.835071904209877e-09
-0.0002246890065853,8.835071904209877e-09
2.609226121565692,-0.00018468036218104023
-0.0002246890065853,8.83507190421001e-09
-0.00022468900638631463,8.835071890126283e-09
-0.0002246890065853,8.835071904209877e-09
-0.0002246890065853,8.835071904209877e-09
-0.0002246890065853,8.835071904209877e-09
-0.0002246890065853,8.835071904209877e-09
2.1735144199997152e-06,3.2053124912700004
-0.0002246890065853,8.835071904216468e-09
526.5571147475549,7439663.481365925
-0.0002246890065853,8.835071904209877e-09
-0.0002246890065853,8.835071904209877e-09
-0.0002246890065853,8.835071904209877e-09
-0.0002246890065853,8.835071904209877e-09
-0.0002246890065853,8.835071904210006e-09
-0.00022468900657702677,8.835071903624322e-09
-0.0002246890065853,8.835071904209877e-09
-0.0002246890065853,8.835071904209877e-09
-0.0002246890065853,8.835071904209877e-09
-0.0002246890065853,8.835071904209877e-09
-3.218643976021107e+26,2.278060846236053e+22
-0.0002246890065853,8.835071920476923e-09
-0.0002246890065853,8.835071904209877e-09
-0.0002246890065853,8.835071904209877e-09
-0.0002246890065853,8.835071904209877e-09
-0.0002246890065853,8.835071904209877e-09
-0.0002246890065853,8.835071904209877e-09
-0.0002246890065853,8.83507190421002e-09
-0.00022468900657191974,8.835071903262863e-09
31170.34279928693,440401918.8969278
-0.0002246890065853,8.835071904209877e-09
-0.0002246890065853,8.835071904209877e-09
14106406019113.719,1.9930766481389907e+17
5.848603135113401e+35,-4.139468020239309e+31
-0.0002246890065853,8.835071925247418e-09
-0.0002246890065853,8.835071904209877e-09
-0.0002246890065853,8.835071904209877e-09
-0.0002246890065853,8.835071904209877e-09
-0.0002246890065853,8.835071904209877e-09
-0.00022468900654821315,8.835071901584988e-09
-0.0002246890065853,8.835071904210028e-09
-0.00022468900658280147,8.835071904033039e-09
-0.0002246890065853,8.835071904209877e-09
-0.0002246890065853,8.835071904209877e-09
-0.0002246890065853,8.835071904209877e-09
-0.0002246890065853,8.835071904209877e-09
3.279405624446812e-06,3.220937491230864
-0.0002246890065853,8.835071923508676e-09
-0.0002246890065853,8.835071904209877e-09
-0.0002246890065853,8.835071904209877e-09
-0.0002246890065853,8.835071904209877e-09
-0.0002246890065853,8.835071904209877e-09
-0.0002246890065853,8.835071904209877e-09
-0.0002246890065853,8.835071904210034e-09
-0.0002246890065853,8.835071904209877e-09
-8.919239343993927e-05,1.9144148866999597
-0.0002246890065853,8.835071904209877e-09
-0.0002246890065853,8.835071904209877e-09
-0.0002246890065853,8.835071904209877e-09
0.05875363852072857,3.2260114103835114
-0.0002246890065853,8.835071919067429e-09
-0.0002246890065853,8.835071904209877e-09
-0.0002246890065853,8.835071904209877e-09
-0.0002246890065853,8.835071904209877e-09
-0.0002246890065853,8.835071904209877e-09
-0.0002246890065827849,8.870607124720275e-09
-0.0002246890065853,8.835071904210054e-09
-0.00022468900658513777,8.835071904198396e-09
-0.0002246890065853,8.835071904209877e-09
-0.0002246890065853,8.835071904209877e-09
-0.0002246890065853,8.835071904209877e-09
-0.00022468596518933034,4.298034231937884e-05
4.003763013394853e-06,3.231171847131744
-0.00022468900658529996,8.835071914349144e-09
-0.0002246890065853,8.835071904209877e-09
-0.0002246890065853,8.835071904209877e-09
-0.0002246890065853,8.835071904209877e-09
-0.0002246890065853,8.835071904209877e-09
1.3134463427651802e+22,-9.296184074338497e+17
-0.0002246890065853,8.835071904210079e-09
-0.00022468899606720668,8.835071159770394e-09
-0.0002246890065853,8.835071904209877e-09
-0.0002246890065853,8.835071904209877e-09
-0.0002246890065853,8.835071904209877e-09
-0.0002246890065853,8.835071904209877e-09
4.374193356688404e-06,3.2364060886042316
-0.00022468900658529996,8.835071916680162e-09
-0.0002246890065853,8.835071904209877e-09
-0.0002246890065853,8.835071904209877e-09
-0.0002246890065853,8.835071904209877e-09
-0.0002246890065853,8.835071904209877e-09
-0.00018486710223092592,0.5626387670388708
-0.0002246890065853,8.835071904210102e-09
-0.00022468900492060708,3.235531182316887e-08
-0.0002246890065853,8.835071904209877e-09
-0.0002246890065853,8.835071904209877e-09
-0.0002246890065853,8.835071904209877e-09
11133389869842.26,-787988349.66898
0.05875474441193301,3.2416364103443756
-0.00022468900658529994,8.835071917222252e-09
-0.0002246890065853,8.835071904209877e-09
-0.0002246890065853,8.835071904209877e-09
-0.0002246890065853,8.835071904209877e-09
-0.0002246890065853,8.835071904209877e-09
-0.0002246890065853,8.835071904209877e-09
-0.0002246890065853,8.835071904210105e-09
-0.00022468899742047002,1.383236549912099e-07
-0.0002246890065853,8.835071904209877e-09
-0.0002246890065853,8.835071904209877e-09
-0.0002246890065853,8.835071904209877e-09
-0.0002246890065853,8.835071904209877e-09
5.109654217841977e-06,3.2467968470926083
-0.00022468900658529994,8.835071914891206e-09
7.620192496930143e-05,4.251250742052955
-0.0002246890065853,8.835071904209877e-09
-0.0002246890065853,8.835071904209877e-09
-0.0002246890065853,8.835071904209877e-09
-0.0002246890065853,8.835071904209877e-09
-0.0002246890065853,8.835071904210107e-09
-0.00022468896491640783,5.975696923720312e-07
-0.0002246890065853,8.835071904209877e-09
-0.0002246890065853,8.835071904209877e-09
-0.0002246890065853,8.835071904209877e-09
-0.00022392431497559136,0.01080424194925406
5.4054821399788404e-06,3.250976563192369
-0.00022468900658529988,8.835071915053823e-09
-0.0002003538757781821,0.34382806025622104
-0.0002246890065853,8.835071904209877e-09
-0.0002246890065853,8.835071904209877e-09
-0.0002246890065853,8.835071904209877e-09
-0.0002246890065853,8.835071904209885e-09
-0.0002246890065853,8.835071904210114e-09
-0.00022468895463349255,7.428557294310544e-07
-0.00021127682843312038,0.18949901403575065
-0.0002246890065853,8.835071904209877e-09
-0.0002246890065853,8.835071904209877e-09
-0.0002246890065853,8.835071904209877e-09
4.05648181990065e+29,-2.8710576491928973e+25
-0.00022468900658529983,8.835071916409059e-09
-0.0002246890065853,8.835071904209877e-09
-0.0002246890065853,8.835071904209877e-09
-0.0002246890065853,8.835071904209877e-09
1.002771703042563e+18,1.416803728774473e+22
5.311606267475688e+28,7.504702758073334e+32
-0.0002246890065853,8.83507190421016e-09
-0.0002246890065853,8.835071904209877e-09
-0.0002246890065853,8.835071904209877e-09
-0.0002246890065853,8.835071904209877e-09
-0.0002246890065853,8.835071904209877e-09
-0.0002246890065853,8.835071904209877e-09
-4.4275648747311655e-05,3.2561717075602874
-0.00022468900658529977,8.835071904209862e-09
-0.0002246890065853,8.835071904209877e-09
-0.0002246890065853,8.835071904209877e-09
-0.0002246890065853,8.835071904209877e-09
-0.0002246890065853,8.835071904209877e-09
-0.0002246890065853,8.83507190420988e-09
-0.0002246890065853,8.835071904209877e-09
-0.0002246890065853,8.835071904209877e-09
-0.0002246890065853,8.835071904209877e-09
-0.0002246890065853,8.835071904209877e-09
9.4735559796261e+21,-6.70510224572602e+17
1.2028173322257575e+22,-8.513184714219017e+17
5.955660341546424e-06,3.258749962525926
-0.0002246890065853,8.835071904209877e-09
-0.0002246890065853,8.835071904209877e-09
-0.0002246890065853,8.835071904209877e-09
-0.0002246890065853,8.835071904209877e-09
56434610034.64832,-3994274.497282571
-0.0002246890065853,8.835071904209877e-09
-0.0002246890065853,8.835071904209877e-09
-0.0002246890065853,8.835071904209877e-09
-0.0002246890065853,8.835071904209877e-09
-0.0002246890065853,8.835071904209877e-09
-0.00022468900612902608,8.835071871916162e-09
-0.0002246890065853,8.835071904210482e-09
4.05648181990065e+29,-2.8710576491928973e+25
-0.0002246890065853,8.835071904209877e-09
-0.0002246890065853,8.835071904209877e-09
-0.0002246890065853,8.835071904209877e-09
-0.0002246890065853,8.835071904209877e-09
8.93325209345593e+17,1.2621681323563947e+22
-0.0002246890065853,8.835071904209877e-09
-0.0002246890065853,8.835071904209877e-09
-0.0002246890065853,8.835071904209877e-09
-0.0002246890065853,8.835071904209877e-09
-0.0002246890065853,8.835071904209877e-09
-0.0002246890065853,8.835071904209877e-09
9.348609920198746e+17,1.3208535256437545e+22
6.320606436676409e-06,3.263906241123241
-0.0002246890065852998,8.835071965792547e-09
-0.0002246890065853,8.835071904209877e-09
-0.0002246890065853,8.835071904209877e-09
-0.0002246890065853,8.835071904209877e-09
-0.0002246890065853,8.835071904209877e-09
-0.00022468900658529996,8.835072414236153e-09
-0.0002246890065853,8.835071904210218e-09
-0.00022468898543545255,8.835070407286337e-09
-0.0002246890065853,8.835071904209877e-09
-0.0002246890065853,8.835071904209877e-09
-0.0002246890065853,8.835071904209877e-09
696498.498030795,-49.2961001550441
126443839171.29681,-8949317.050040003
-0.0002246890065852998,8.835071925245963e-09
0.0009700344748182596,16.880100216799722
-0.0002246890065853,8.835071904209877e-09
-0.0002246890065853,8.835071904209877e-09
-0.0002246890065853,8.835071904209877e-09
-0.0002246890065853,8.835071904209885e-09
-0.0002246890065853,8.835071904210231e-09
-0.0002246889679236082,8.835069167849875e-09
-0.0002246890065853,8.835071904209877e-09
-0.0002246890065853,8.835071904209877e-09
-0.0002246890065853,8.835071904209877e-09
0.049900110627669025,708.2070905201489
-71.67999343733617,3.2741746799886764
-0.0002246890065852998,8.835071927089087e-09
-0.0002246890065853,8.835071904209877e-09
-0.0002246890065853,8.835071904209877e-09
-0.0002246890065853,8.835071904209877e-09
-0.0002246890065853,8.835071904209877e-09
1.2044898565331832e+22,-8.525022345741825e+17
-0.0002246890065853,8.835071904210272e-09
-0.0002246890065853,8.835071904209877e-09
-0.0002246890065853,8.835071904209877e-09
-0.0002246890065853,8.835071904209877e-09
-0.0002246890065853,8.835071904209877e-09
9.146241007342467e+17,1.29226107240112e+22
6.873552038899958e-06,3.271718741103673
-0.00022468900658529975,8.835072716141656e-09
-0.0002246890065853,8.835071904209877e-09
-0.0002246890065853,8.835071904209877e-09
-0.0002246890065853,8.835071904209877e-09
-0.0002246890065853,8.835071904209877e-09
-0.0002246890065853,8.835071904209877e-09
-0.0002246890065853,8.83507190421032e-09
-0.0002246890065853,8.835071904209877e-09
-0.0002246890065853,8.835071904209877e-09
-0.0002246890065853,8.835071904209877e-09
-0.0002246890065853,8.835071904209877e-09
-0.0002246890065853,8.835071904246513e-09
126443839171.29681,-8949317.042227503
-0.00022468900658529977,8.835071904209862e-09
-0.0002246890065853,8.835071904209877e-09
-0.0002246890065853,8.835071904209877e-09
-0.0002246890065853,8.835071904209877e-09
-0.0002246890065853,8.835071904209877e-09
-0.00022468900642537526,8.835071892890878e-09
-0.0002246890065853,8.835071904210363e-09
-0.0002246889893010435,8.849740494892843e-09
-0.0002246890065853,8.835071904209877e-09
-0.0002246890065853,8.835071904209877e-09
-0.0002246890065853,8.835071904209877e-09
-0.0002246890065853,8.835071904209877e-09
-3.218643976021107e+26,2.278060846236053e+22
-0.00022468900658529964,8.83507355582627e-09
-0.0002246890065853,8.835071904209877e-09
-0.0002246890065853,8.835071904209877e-09
-0.0002246890065853,8.835071904209877e-09
-0.0002246890065853,8.835071904209877e-09
-0.0002246890065853,8.835071904209877e-09
-0.0002246890065853,8.835071904210436e-09
-0.00022468899339535752,8.84746494890072e-09
-0.0002246890065853,8.835071904209877e-09
-0.0002246890065853,8.835071904209877e-09
-0.0002246890065853,8.835071904209877e-09
-0.0002246890065853,8.835071904209877e-09
1.90232055342799e+17,-13464061269400.023
-0.0002246890065852996,8.835073555824786e-09
-0.0002246890065853,8.835071904209877e-09
-0.0002246890065853,8.835071904209877e-09
-0.0002246890065853,8.835071904209877e-09
-0.0002246890065853,8.835071904209877e-09
-0.0002246890065853,8.835071904209877e-09
-0.0002246890065853,8.835071904210433e-09
-0.00022468899686308466,8.843712944947511e-09
-0.0002246890065853,8.835071904209877e-09
-0.0002246890065853,8.835071904209877e-09
-0.0002246890065853,8.835071904209877e-09
-0.00022398914677380815,0.009888241495930457
7.6061948370864955e-06,3.2820701605265983
-0.0002246890065852996,8.835073326840123e-09
-0.0002246890065853,8.835071904209877e-09
-0.0002246890065853,8.835071904209877e-09
-0.0002246890065853,8.835071904209877e-09
-0.0002246890065853,8.835071904209877e-09
1.254558737855058e+22,-8.879395053639777e+17
-0.0002246890065853,8.835071904210499e-09
-0.00022468898236591075,8.854172552134376e-09
-0.0002246890065853,8.835071904209877e-09
-0.0002246890065853,8.835071904209877e-09
-0.0002246890065853,8.835071904209877e-09
-0.0002246890065853,8.835071904209877e-09
-3.218643976021107e+26,2.278060846236053e+22
-0.00022468900658529956,8.835073423985164e-09
0.015528259509387776,0.015443275089255486
-0.00022468487137169068,5.8434756377564e-05
-0.0002246890065853,8.835071904209877e-09
-0.0002246890065853,8.835071904209877e-09
-0.0002246890065853,8.835071904209877e-09
-0.0002246890065853,8.835071904210506e-09
-0.00022468882830256463,8.835059285886074e-09
-0.0002246890065853,8.835071904209877e-09
-0.0002246890065853,8.835071904209877e-09
-0.0002246890065853,8.835071904209877e-09
-0.0002246890065853,8.835071904209877e-09
1.90232055342799e+17,-13464061269400.016
-0.0002246890065852995,8.835073680880936e-09
0.011558268050150651,0.01086594448898292
-0.0002246890065853,8.835071904209877e-09
-0.0002246890065853,8.835071904209877e-09
-0.0002246890065853,8.835071904209877e-09
-0.0002246890065853,8.835071904209877e-09
-0.0002246890065853,8.835071904210482e-09
-0.00022468842008649664,8.295404078553654e-06
-0.0002246890065853,8.835071904209877e-09
-0.0002246890065853,8.835071904209877e-09
-0.0002246890065853,8.835071904209877e-09
-0.0002246890065853,8.835071904209877e-09
-107374183.73105232,7602.9164464582045
-0.00022468900658529947,8.835073944554032e-09
-0.00022416837075701847,0.007356008018183553
-0.00022468879559358788,2.9899108595429516e-06
-0.0002246890065853,8.835071904209877e-09
-0.0002246890065853,8.835071904209877e-09
-0.0002246890065853,8.835071904209877e-09
-0.0002246890065853,8.83507190421044e-09
-0.00022468716124818825,1.389822969844047e-05
0.00014160775719325544,-1.7090327794654846e-08
-0.0002246890065853,8.835071904209877e-09
-0.0002246890065853,8.835071904209877e-09
-0.0002246890065853,8.835071904209877e-09
8.341621937821102e-06,3.2924609190149767
-0.00022468900658529945,8.835074083331275e-09
-0.0002246877068925364,1.8372033276791407e-05
0.00016069458133523957,9.893181180543156e-08
-0.0002246890065853,8.835071904209877e-09
-0.0002246890065853,8.835071904209877e-09
3.1407166410944036e+21,-2.2229061858443875e+17
-0.0002246890065853,8.835071904210473e-09
-0.0002246881374394731,1.2288888893156015e-05
3.4816577316744445e-05,0.0002861847317784702
-0.0002246890065853,8.835071904209877e-09
-0.0002246890065853,8.835071904209877e-09
-0.0002246890065853,8.835071904209877e-09
8.524086561748182e-06,3.295038939104345
-0.00022468900658529942,8.835074166596728e-09
-0.00022467273671257637,0.0002298838531998888
3.8624898037839365e-05,2.0027022270162906e-06
-0.0002246890065853,8.835071904209877e-09
-0.0002246890065853,8.835071904209877e-09
-0.0002246890065853,8.835071904209877e-09
-0.0002246890065853,8.835071904209877e-09
-0.0002246890065852988,8.835071904209793e-09
-2.4368400554149698e-05,0.0002107904564219122
-0.0002246890065853,8.835071904209877e-09
-0.0002246890065853,8.835071904209877e-09
-0.0002246890065853,8.835071904209877e-09
-4.932681941356223e+32,3.491206135644238e+28
-0.0002246890065853,8.835071904209877e-09
-4.154510914072682e-05,0.00018027432676766288
-0.0002246728046773823,0.00022892358686828928
-0.0002246890065853,8.835071904209877e-09
-0.0002246890065853,8.835071904209877e-09
-0.0002246890065853,8.835071904209877e-09
-0.0002246890065853,8.835071904209877e-09
-0.0002246890065853,8.835071904209877e-09
-0.0002246890065853,8.835071904209877e-09
-0.0002246890065853,8.835071904209877e-09
2.36971332749974e+21,9.548328203781493e+21
1.3828315576603104e+22,1.712376749577757e+22
0.05875889150394969,3.300230160197616
-0.0002246890065853,8.835071904209877e-09
-0.0002246890065853,8.835071904209877e-09
-0.0002246890065853,8.835071904209877e-09
-0.0002246890065853,8.835071904209877e-09
9.47355597963062e+21,-6.7044634551578e+17
0.013959408037413724,2.5572481750026616e-06
-0.0002246890065853,8.835071904209877e-09
-0.0002246890065853,8.835071904209877e-09
-0.0002246890065853,8.835071904209877e-09
-0.0002246890065853,8.835071904209877e-09
4.645562036402754e+28,6.563657107054273e+32
0.06641695755400422,941.5689673770419
9.074230975588646e-06,3.3028123384379047
-0.0002246890065853,8.835071904209877e-09
-0.0002246890065853,8.835071904209877e-09
-0.0002246890065853,8.835071904209877e-09
-0.0002246890065853,8.835071904209877e-09
2100735.994517604,-148.62742368540344
0.01670661230990425,236.09150635983264
-0.0002246890065853,8.835071904209877e-09
-0.0002246890065853,8.835071904209877e-09
-0.0002246890065853,8.835071904209877e-09
-0.0002246890065853,8.835071904209877e-09
141186682432741.1,35564147684962.93
800.8654349261634,-0.05668288979722706
9.256746234518671e-06,3.305390596945849
-0.0002246890065853,8.835071904209877e-09
-0.0002246890065853,8.835071904209877e-09
-0.0002246890065853,8.835071904209877e-09
-0.0002246890065853,8.835071904209877e-09
200020.99388591008,969932916.2724923
0.057278606430304656,0.9184290114053827
-0.0002246890065853,8.835071904209877e-09
-0.0002246890065853,8.835071904209877e-09
-0.0002246890065853,8.835071904209877e-09
-0.0002246890065853,8.835071904209877e-09
35299632876188.336,35573789540268.32
58685.413690822024,-4.153578838879674
2.720083015262345e+23,-1.9251941692665848e+19
-0.0002246890065853,8.835071904209877e-09
-0.0002246890065853,8.835071904209877e-09
-0.0002246890065853,8.835071904209877e-09
-0.0002246890065853,8.835071904209877e-09
4.872358615998582e+18,6.884095187484854e+22
64846.19065492836,61641131.56477095
-0.0002246890065853,8.835071904209877e-09
-0.0002246890065853,8.835071904209877e-09
-0.0002246890065853,8.835071904209877e-09
-0.0002246890065853,8.835071904209877e-09
141190977552018.88,35566294864620.49
852433469.8646901,-60332.71457038682
9.627176577812222e-06,3.3106248384183368
-0.0002246890065853,8.835071904209877e-09
-0.0002246890065853,8.835071904209877e-09
-0.0002246890065853,8.835071904209877e-09
-0.0002246890065853,8.835071904209877e-09
4.810015934771538e+18,6.796011984753512e+22
1006203910370.7156,3873946886.22406
-0.0002246890065853,8.835071904209877e-09
-0.0002246890065853,8.835071904209877e-09
-0.0002246890065853,8.835071904209877e-09
-0.0002246890065853,8.835071904209877e-09
2259015977659688.0,8664660744620.769
818846077.9488161,-57955.49915028287
9.809691836742246e-06,3.313203096926281
-0.0002246890065853,8.835071904209877e-09
-0.0002246890065853,8.835071904209877e-09
-0.0002246890065853,8.835071904209877e-09
-0.0002246890065853,8.835071904209877e-09
45.93535284924845,195804.02848925407
52303.26386980621,3770454.8075737837
-0.0002246890065853,8.835071904209877e-09
-0.0002246890065853,8.835071904209877e-09
-0.0002246890065853,8.835071904209877e-09
-0.0002246890065853,8.835071904209877e-09
2236537367079.6035,-158162024.5358193
-0.00022453053905682006,8.82385604449636e-09
-4.0059438530357024e-05,3.315742019911082
-0.0002246890065853,8.835071904209877e-09
-0.0002246890065853,8.835071904209877e-09
-0.0002246890065853,8.835071904209877e-09
-0.0002246890065853,8.835071904209877e-09
-0.0002246890065853,8.835071904209877e-09
-0.0002246890065853,8.835071904209877e-09
-0.0002246890065853,8.835071904209965e-09
-0.0002246890065853,8.835071904209877e-09
-0.0002246890065853,8.835071904209877e-09
-0.0002246890065853,8.835071904209877e-09
-0.0002246890065853,8.835071904209877e-09
-0.0002246890065853,8.835071904209877e-09
1.0174637959157047e-05,3.3183593755235954
-0.00022468900658529893,8.835075346194894e-09
-0.000211692006325637,2.3497293023082197e-05
-0.0002246890065853,8.835071904209877e-09
-0.0002246890065853,8.835071904209877e-09
-0.0002246890065853,8.835071904209877e-09
-0.0002246890065853,8.835071904209877e-09
-0.0002246890065853,8.835071904209975e-09
-0.00022468736110604697,2.3257607790824456e-05
-0.000224687411523998,2.2545258800370852e-05
-0.0002246890065853,8.835071904209877e-09
-0.0002246890065853,8.835071904209877e-09
-0.0002246890065853,8.835071904209877e-09
89128.96072461906,-2.987307277326859
-0.00022468900658529877,8.835076151407489e-09
-0.00021657985692714887,1.98021364334208e-05
-0.00020155599071375267,7.197785577889468e-09
-0.0002246890065853,8.835071904209877e-09
-0.0002246890065853,8.835071904209877e-09
-0.0002246890065853,8.835071904209877e-09
-0.0002246890065853,8.835071904209973e-09
-0.0002246794216152064,2.0277429552338956e-05
-0.00022468767308020252,1.8849763557595104e-05
-0.0002246890065853,8.835071904209877e-09
-0.0002246890065853,8.835071904209877e-09
-0.0002246890065853,8.835071904209877e-09
-3.950649292813345e-05,3.323554519891514
-0.0002246890065852996,8.835076206919547e-09
-0.00020716108513161801,1.5986707041860124e-05
-0.00020656291546756051,7.552160877757208e-09
-0.0002246890065853,8.835071904209877e-09
-0.0002246890065853,8.835071904209877e-09
-0.0002246890065853,8.835071904209885e-09
-0.0002246890065853,8.835071904209961e-09
-0.0002246878673485301,1.6104970400158995e-05
-0.0002246890065853,8.835071904209877e-09
-0.0002246890065853,8.835071904209877e-09
-0.0002246890065853,8.835071904209877e-09
-0.0002246890065853,8.835071904209877e-09
1.0727583561380595e-05,3.3261718755040275
-0.00022468900658529953,8.835077428154704e-09
-0.0002103217200209428,1.3779011385354171e-05
-0.00020972506210017436,7.775968247801278e-09
-0.0002246890065853,8.835071904209877e-09
-0.0002246890065853,8.835071904209877e-09
1.1659820531957832e+22,-8.252475522573356e+17
-0.0002246890065853,8.835071904209963e-09
-0.00022468805728917247,1.3421322571369928e-05
-0.00021204911536184975,1.3004683443369242e-05
-0.0002246890065853,8.835071904209877e-09
-0.0002246890065853,8.835071904209877e-09
-0.0002246890065853,8.835071904209877e-09
1.0907280757366895e-05,3.3287107949465207
-0.00022468900658529942,8.835078787592606e-09
-0.00021330209212207842,1.1931520171352672e-05
-0.0002110949125318978,1.4972093059184031e-05
-0.0002246890065853,8.835071904209877e-09
-0.0002246890065853,8.835071904209877e-09
-0.0002246890065853,8.835071904209877e-09
-0.0002246890065853,8.835071904209965e-09
-0.00022468835259700852,9.24895470129211e-06
-0.00022468822171153502,1.1098219359838739e-05
-0.0002246890065853,8.835071904209877e-09
-0.0002246890065853,8.835071904209877e-09
-0.0002246890065853,8.835071904210463e-09
-2.302153570190268e+20,1.6293960901995088e+16
-0.00022468900658529926,8.835080730482893e-09
-0.00021401904518979578,1.032226460158903e-05
-0.00021306291856125711,8.012211838922175e-09
-0.0002246890065853,8.835071904209877e-09
-0.0002246890065853,8.835071904209877e-09
-0.0002246890065853,8.835071904209877e-09
-0.0002246890065853,8.835071904209991e-09
-0.0002246737681829386,1.0501358799348564e-05
-0.0002246883060836944,9.90613556226375e-06
-0.0002246890065853,8.835071904209877e-09
-0.0002246890065853,8.835071904209877e-09
-0.0002246890065853,8.835071904209877e-09
126443839171.29681,-8949316.98265719
-0.0002246890065852989,8.835084838308069e-09
-0.00021526938376033403,8.770051182836797e-06
-0.00021467151288768967,1.0800048340474061e-05
-0.0002246890065853,8.835071904209877e-09
-0.0002246890065853,8.835071904209877e-09
-0.0002246890065853,8.835071904209877e-09
-0.0002246890065853,8.83507190421001e-09
-0.0002246701176004072,8.594010812876027e-06
-0.00021687745246306775,8.355859236660152e-06
-0.0002246890065853,8.835071904209877e-09
-0.0002246890065853,8.835071904209877e-09
-0.00022395014900506498,0.010439236144079841
1.1460226359590443e-05,3.3365232949269528
-0.00022468900658529985,8.835071904209867e-09
-0.00021688026653413577,7.519265734531383e-06
-0.00021562590281876947,8.193612271217767e-09
-0.0002246890065853,8.835071904209877e-09
-0.0002246890065853,8.835071904209877e-09
-0.0002246890065853,8.835071904209877e-09
-0.0002246890065853,8.835071904210037e-09
-0.00022466860177074074,6.983633461998446e-06
-0.00021768355759368366,7.341185318378405e-06
-0.0002246890065853,8.835071904209877e-09
-0.0002246890065853,8.835071904209877e-09
-0.0002246890065853,8.835071904209877e-09
-2.302153570190268e+20,1.6293960901995088e+16
-0.00022468900658529885,8.835086004042243e-09
-0.00021762537310806183,6.833840497976277e-06
-0.0002246890065853,8.835071904209877e-09
-0.0002246890065853,8.835071904209877e-09
-0.0002246890065853,8.835071904209877e-09
-0.0002246890065853,8.835071904209877e-09
-0.0002246890065853,8.835071904210056e-09
-0.000224664527227285,6.9836345378563865e-06
-0.0002184882854723124,6.625978350084936e-06
-0.0002246890065853,8.835071904209877e-09
-0.0002246890065853,8.835071904209877e-09
-0.0002246890065853,8.835071904209877e-09
126443839171.29683,-8949316.97484469
-0.00022468900658529858,8.835090000845124e-09
-0.0002186386921985348,6.266894565669028e-06
-0.0002246890065853,8.835071904209877e-09
-0.0002246890065853,8.835071904209877e-09
-0.0002246890065853,8.835071904209877e-09
-0.0002246890065853,8.835071904209877e-09
-0.0002246890065853,8.83507190421005e-09
-0.0002246848477713729,6.119373172149924e-06
-0.00022468858461687432,5.97077473491671e-06
-0.0002246890065853,8.835071904209877e-09
-0.0002246890065853,8.835071904209877e-09
-0.0002246890065853,8.835071904209877e-09
-71.67998811523475,3.349369992300335
-0.00022468900658529817,8.83509544093793e-09
-0.00021911557576058526,5.611277223903166e-06
-0.0002246890065853,8.835071904209877e-09
-0.0002246890065853,8.835071904209877e-09
-0.0002246890065853,8.835071904209877e-09
-0.0002246890065853,8.835071904209877e-09
-0.0002246890065853,8.835071904210054e-09
-0.00022468856777144172,6.2087817670695865e-06
-0.00021953181830047303,8.470061396808094e-09
-0.0002246890065853,8.835071904209877e-09
-0.0002246890065853,8.835071904209877e-09
12.538718142744258,177161.17143127424
1.2234609282888619e-05,3.3468749527655035
-0.000224689006585298,8.835096995250156e-09
-0.00022468864378224676,5.134834509748742e-06
-0.0002246890065853,8.835071904209877e-09
-0.0002246890065853,8.835071904209877e-09
-0.0002246890065853,8.835071904209877e-09
-0.0002246890065853,8.835071904209877e-09
-0.0002246890065853,8.835071904210052e-09
-0.00022468900657190844,9.024279483895027e-09
-0.00022006885900436755,8.508071546718788e-09
-0.0002246890065853,8.835071904209877e-09
-0.0002246890065853,8.835071904209877e-09
-0.0002246890065853,8.835071904209877e-09
5.848603135113401e+35,-4.139468020239309e+31
-0.00022468900658529785,8.835099437740807e-09
-0.0002246886796406881,4.628195030426898e-06
-0.0002246890065853,8.835071904209877e-09
-0.0002246890065853,8.835071904209877e-09
-0.0002246890065853,8.835071904209877e-09
-0.00022468900654905367,8.835071901644469e-09
-0.0002246890065853,8.835071904210044e-09
-0.00022468778894925025,3.2280244598948426e-06
-0.00022039747217222083,8.531329813144689e-09
-0.0002246890065853,8.835071904209877e-09
-0.0002246890065853,8.835071904209877e-09
-0.0002246890065853,8.835071904209877e-09
-3.218643976021107e+26,2.278060846236053e+22
-0.00022468900658529769,8.83510254636527e-09
-0.00022468847292732056,7.548822617105759e-06
-0.0002246890065853,8.835071904209877e-09
-0.0002246890065853,8.835071904209877e-09
-0.0002246890065853,8.835071904209877e-09
-0.0002246890065853,8.835071904209877e-09
-0.0002246890065853,8.835071904210054e-09
-0.0002246890065853,8.835071904209877e-09
-0.0002246890065853,8.835071904209877e-09
-0.0002246890065853,8.835071904209877e-09
-0.0002246890065853,8.835071904209877e-09
-0.0002246890065853,8.835071904209877e-09
1.90232055342799e+17,-13464061269399.947
-0.00022468900658529674,8.835115869041531e-09
-0.0002246890065853,8.835071904209877e-09
-0.0002246890065853,8.835071904209877e-09
451426.84083226806,6378153968.024673
-0.0002246890065853,8.835071904209877e-09
-0.0002246890065853,8.835071904209877e-09
-0.0002246890065853,8.835071904210152e-09
-0.0002246890065853,8.835071904209877e-09
-0.0002246890065853,8.835071904209877e-09
-0.0002246890065853,8.835071904209877e-09
-0.0002246890065853,8.835071904209877e-09
5.6488650411959755e+19,7.981211505497102e+23
1.292829625848825e-05,3.357265472838257
-0.0002246890065852967,8.835115646996925e-09
-0.0002246890065853,8.835071904209877e-09
-0.0002246890065853,8.835071904209877e-09
1311732.0770296745,18533300177.579746
-0.0002246890065853,8.835071904209877e-09
-0.0002246890065853,8.835071904209877e-09
-0.0002246890065853,8.83507190421013e-09
-0.0002246890065853,8.835071904209877e-09
-0.0002246890065853,8.835071904209877e-09
-0.0002246890065853,8.835071904209877e-09
-0.0002246890065853,8.835071904209877e-09
-0.0002246890065853,8.83507190421045e-09
-3.218643976021107e+26,2.278060846236053e+22
-0.00022468900658529647,8.835118533576779e-09
964202.6106502999,13623099357.878298
-0.0002246890065853,8.835071904209877e-09
-0.0002246890065853,8.835071904209877e-09
-0.0002246890065853,8.835071904209877e-09
-0.0002246890065853,8.835071904209877e-09
-0.0002246890065853,8.83507190421013e-09
-0.0002246890065853,8.835071904209877e-09
-0.0002246890065853,8.835071904209877e-09
-0.0002246890065853,8.835071904209877e-09
-0.0002246890065853,8.835071904209877e-09
-0.0002246890065853,8.835071904209877e-09
1.3293242380926388e-05,3.3624217514355714
-0.0002246890065852957,8.835129635807e-09
-0.0002246890065853,8.835071904209877e-09
-0.0002246890065853,8.835071904209877e-09
-0.0002246890065853,8.835071904209877e-09
-0.0002246890065853,8.835071904209877e-09
-0.0002246890065853,8.835071904209877e-09
-0.0002246890065853,8.835071904210186e-09
-0.00022468710028440984,8.834936981880743e-09
-0.0002246890065853,8.835071904209877e-09
-0.0002246890065853,8.835071904209877e-09
-0.0002246890065853,8.835071904209877e-09
-0.0002246890065853,8.835071904209877e-09
1.3481241860711826e-05,3.365077972818689
-0.00022468900658529397,8.83515450480269e-09
-0.0002246890065853,8.835071904209877e-09
-0.0002246890065853,8.835071904209877e-09
-0.00022458000693537837,8.827357231925843e-09
-0.0002246890065853,8.835071904209877e-09
-0.0002246890065853,8.835071904209877e-09
-0.0002246890065853,8.835071904210102e-09
-0.0002246844954915905,8.834752622362308e-09
-0.0002246890065853,8.835071904209877e-09
-0.0002246890065853,8.835071904209877e-09
-0.0002246890065853,8.835071904209877e-09
-0.0002246890065853,8.835071904209877e-09
0.05876366065976887,3.3676129725288426
-0.0002246890065852922,8.83517937379838e-09
-0.00022468320173644853,8.202482607741672e-05
-0.0002246890065853,8.835071904209877e-09
-0.00022462416232196607,1.1717457676255127e-06
-0.0002246890065853,8.835071904209877e-09
-0.0002246890065853,8.835071904209877e-09
-0.0002246890065853,8.835071904210135e-09
-0.00022468182548138137,8.115066273403709e-06
-0.0002246890065853,8.835071904209877e-09
-0.0002246887318030204,8.835052455934237e-09
-0.0002246890065853,8.835071904209877e-09
-0.0002246890065853,8.835071904209877e-09
1.3846187983149964e-05,3.3702342514160035
-0.00022468900658529012,8.835208683686155e-09
-0.00012931550034171995,8.583277350924117e-05
-0.00022468899603495803,1.57899547848866e-07
-0.00022468797648344697,2.736999423760983e-06
-0.0002246890065853,8.835071904209877e-09
-0.0002246890065853,8.835071904209877e-09
-0.0002246890065853,8.835071904210155e-09
-0.00022465849937617312,8.832912694332748e-09
-0.00022468326923469098,8.107115176339913e-05
-0.00022467374880096893,8.833992003439744e-09
-0.0002246890065853,8.835071904209877e-09
-0.0002246890065853,8.835071904209877e-09
-4.932681941356223e+32,3.491206135644238e+28
-0.00022468900658529365,8.835158509418598e-09
-0.00022468873659233014,3.823532327974559e-06
-0.00022468900432669523,4.0746619006798295e-08
-0.00022468876392493228,3.4373533752377442e-06
-0.0002246890065853,8.835071904209877e-09
-0.0002246890065853,8.835071904209877e-09
-0.0002246890065853,8.835071904210148e-09
-0.00022453359671948813,1.1096910566997236e-05
-0.0002246890065853,8.835071904209877e-09
-0.0002246792811700008,2.3506716287031526e-08
-0.0002246890065853,8.835071904209877e-09
-0.00022468900658529996,8.835071904209875e-09
0.058764213605371096,3.3754254725092747
-0.00022468900658528337,8.835302860766327e-09
-0.00022468306673996362,8.393217470545188e-05
-0.00022468260302141468,8.834618678930157e-09
-0.0002246805977944346,3.616170370016084e-06
-0.0002246890065853,8.835071904209877e-09
-0.0002246890065853,8.835071904209877e-09
-0.0002246890065853,8.83507190421013e-09
-0.00022457730144340236,9.776044484222378e-05
-0.0002246890065853,8.835071904209877e-09
-0.00022468572590781419,8.756370688600591e-08
-0.0002246890065853,8.835071904209877e-09
2096.0002583424025,-0.14834869545338267
1.4399133585373512e-05,3.3780467513964356
-0.00022468900658527448,8.83542717557684e-09
-0.00022468333673293344,8.011747744938154e-05
-0.0002246810735447546,0.00011209378313252783
-0.00022467592514096717,3.0201208615685826e-06
-0.0002246890065853,8.835071904209877e-09
-0.0002246890065853,8.835071904209877e-09
-0.0002246890065853,8.835071904210195e-09
0.000474416773849447,9.874999984088294
-0.0002246890065853,8.835071904209877e-09
-0.00010783354011644011,6.6490947313463535e-09
-0.0002246890065853,8.835071904209877e-09
-0.0002246890065853,8.835071904209877e-09
1.4578847655920453e-05,3.3805859092575075
-0.00022468900658528302,8.835306383312066e-09
-0.0002246890065853,8.835071904209877e-09
-0.0002246889501543094,8.061415538533593e-07
-0.0002244279706002584,1.7677793541850774e-06
-0.0002246890065853,8.835071904209877e-09
-0.0002246890065853,8.835071904209877e-09
-0.0002246890065853,8.835071904210246e-09
-0.0002243369666529771,8.810155560802186e-09
-0.0002246890065853,8.835071904209877e-09
-0.00022468900621231953,1.4104866713748246e-08
-0.0002246890065853,8.835071904209877e-09
-0.0002246890065853,8.835071904209877e-09
2.720083015262345e+23,-1.9251941692665848e+19
-0.00022468900658529885,8.835080176305628e-09
-0.0002246890065853,8.835071904209877e-09
-0.00022468878824418324,3.093749688373686e-06
279148.9644592721,3944061174.1213317
-0.0002246890065853,8.835071904209877e-09
-0.0002246890065853,8.835071904209877e-09
-0.0002246890065853,8.83507190421044e-09
-0.0002246890065853,8.835071904209877e-09
-0.0002246890065853,8.835071904209877e-09
-0.00022254229090699223,1.3254446401843948e-08
-0.0002246890065853,8.835071904209877e-09
-0.0002246890065853,8.835071904209877e-09
-151996493082847.22,10757861457.98714
-0.0002246890065852971,8.83510676895323e-09
-0.0002246890065853,8.835071904209877e-09
-0.0002246890065853,8.835071904209877e-09
-0.00022387288584124973,8.77730929589803e-09
-0.0002246890065853,8.835071904209877e-09
-0.0002246890065853,8.835071904209877e-09
-0.0002246890065853,8.835071904210363e-09
-0.000219890832692899,8.495471371838382e-09
-0.0002246890065853,8.835071904209877e-09
-0.0002246890065853,8.835071904209877e-09
-0.0002246890065853,8.835071904209877e-09
-0.0002246890065853,8.835071904209877e-09
1.5131793258144001e-05,3.3883984092379396
-0.00022468900658529606,8.835117205053004e-09
-0.0002246890065853,8.835071904209877e-09
-0.0002246890065853,8.835071904209877e-09
6614869.194208173,93460668181.90958
-0.0002246890065853,8.835071904209877e-09
-0.0002246890065853,8.835071904209877e-09
-0.0002246890065853,8.83507190421044e-09
-0.0002161655424037678,8.231806362233185e-09
-0.0002246890065853,8.835071904209877e-09
-0.0002246890065853,8.835071904209877e-09
-0.0002246890065853,8.835071904209877e-09
-0.0002246890065853,8.835071904209877e-09
1.531425788207108e-05,3.3909764293273077
-0.00022468900658529557,8.83512542068643e-09
-0.0002246890065853,8.835071904209877e-09
-0.00022468897797456468,4.130726103336834e-07
-0.00022446635240631964,8.819313101087668e-09
-0.0002246890065853,8.835071904209877e-09
-0.0002246890065853,8.835071904209877e-09
-0.0002246890065853,8.835071904210453e-09
-0.00020907057789098672,7.729645794540287e-09
0.19021951283850488,0.20506465527235967
-9.969586946517598e-05,-1.1572019221729848e-11
-0.0002246890065853,8.835071904209877e-09
-0.0002246890065853,8.835071904209877e-09
1.54967393805588e-05,3.393554687835254
-0.00022468900658529777,8.835093000332734e-09
-0.0002246890065853,8.835071904209877e-09
-0.0002246890065853,8.835071904209877e-09
208040364125.36072,2939376557336896.0
-0.0002246890065853,8.835071904209877e-09
-0.0002246890065853,8.835071904209877e-09
-0.0002246890065853,8.835071904210433e-09
-0.00019905900939607733,7.021056638126116e-09
-0.0002246890065853,8.835071904209877e-09
-0.00022450458121123435,8.822018822637595e-09
-0.0002246890065853,8.835071904209877e-09
-0.0002246890065853,8.835071904209877e-09
89128.96072994116,-2.9121119650152
-0.00022468900658529758,8.835094996848675e-09
-0.0002246890065853,8.835071904209877e-09
-0.0002246890065853,8.835071904209877e-09
-0.0002246890065853,8.835071904209877e-09
-0.0002246890065853,8.835071904209877e-09
-0.0002246890065853,8.835071904209877e-09
-0.0002246890065853,8.835071904210463e-09
-0.00019786490288229068,6.936541316905171e-09
-0.0002246890065853,8.835071904209877e-09
-0.0002246890065853,8.835071904209877e-09
-0.0002246890065853,8.835071904209877e-09
-0.0002246890065853,8.835071904209877e-09
-3.4184391506731694e-05,3.3987498322031726
-0.00022468900658529758,8.835094108670255e-09
-0.0002246890065853,8.835071904209877e-09
-0.0002245140267683121,0.002472277013526592
-0.0002246890065853,8.835071904209877e-09
-0.0002246890065853,8.835071904209877e-09
-0.0002246890065853,8.835071904209877e-09
-0.0002246890065853,8.835071904210512e-09
-0.0002246890065853,8.835071904209877e-09
-0.0002043019734902557,7.392138103182533e-09
0.007558054286339767,-5.42004440138876e-07
-0.0002246890065853,8.835071904209877e-09
-0.0002246890065853,8.835071904209877e-09
1.604968498278235e-05,3.401367187815686
-0.0002246890065852971,8.83510143995385e-09
-0.0002246781393682641,0.00015355039962873578
-0.00022456749787570896,0.0017167903547818935
-0.0002246890065853,8.835071904209877e-09
-0.0002246890065853,8.835071904209877e-09
-0.0002246890065853,8.835071904209877e-09
-0.0002246890065853,8.835071904210565e-09
-0.0001753322753846997,5.341748700899878e-09
-0.00021741067032725745,8.489461842751386e-05
-0.0002245847518255539,0.0014730114327974016
-0.0002246890065853,8.835071904209877e-09
-0.0002246890065853,8.835071904209877e-09
4.05648181990065e+29,-2.8710576491928973e+25
-0.0002246890065852929,8.83516161782618e-09
-0.00022468350487602384,7.774180453472484e-05
-0.00022465538956847986,0.0004749795052305216
-0.0002246890065853,8.835071904209877e-09
-0.0002246890065853,8.835071904209877e-09
-0.0002246890065853,8.835071904209877e-09
-0.0002246890065853,8.835071904210611e-09
-0.0002246890065853,8.835071904209877e-09
-0.0002219916203843277,8.644158900553952e-09
8.625521129006528e-05,-1.317263859072425e-08
-0.0002246890065853,8.835071904209877e-09
-0.0002246890065853,8.835071904209877e-09
-2.302153570190268e+20,1.6293960901995088e+16
-0.0002246890065852896,8.835208683686119e-09
0.01945386091696679,278.035796431581
-4.8206339068107134e-05,0.0004711533671522189
-0.0002246890065853,8.835071904209877e-09
-0.0002246890065853,8.835071904209877e-09
-0.0002246890065853,8.835071904209877e-09
-0.0002246890065853,8.83507190421072e-09
-0.0001335996054193223,2.3880339637221816e-09
-0.00021774451205883478,8.343561156345255e-09
-7.207816797222838e-05,-1.9662711068758508e-09
-0.0002246890065853,8.835071904209877e-09
-0.0002246890065853,8.835071904209877e-09
126443839171.29683,-8949316.90746188
-0.00022468900658528855,8.835222030919552e-09
-0.0002246890065853,8.835071904209877e-09
-0.0002246890065853,8.835071904209877e-09
-0.0002246890065853,8.835071904209877e-09
-0.0002246890065853,8.835071904209877e-09
-0.0002246890065853,8.835071904209877e-09
-0.0002246890065853,8.83507190421077e-09
-0.00013933515548072593,2.7939792041355847e-09
-0.00022468775770559873,1.7654101807872304e-05
0.0016904522302428077,-1.267129507765562e-07
-0.0002246890065853,8.835071904209877e-09
-0.0002246890065853,8.835071904209877e-09
1.6782327780992198e-05,3.411718607238612
-0.00022468900658528763,8.835235353351869e-09
-0.0002246890065853,8.835071904209877e-09
-0.0002243304087912377,0.0050665926867725095
0.003050255789342827,46.27128971837908
-0.0002246890065853,8.835071904209877e-09
-0.0002246890065853,8.835071904209877e-09
-0.0002246890065853,8.83507190421089e-09
-0.0001316973717894771,2.253399503221806e-09
-0.00020429015072084684,0.00016787224675139304
-0.0002246890065853,8.835071904209877e-09
-0.0002246890065853,8.835071904209877e-09
-0.0002246890065853,8.835071904209877e-09
-2.302153570190268e+20,1.6293960901995088e+16
-0.00022468900658528608,8.83524598717959e-09
-0.0002246890065853,8.835071904209877e-09
-0.0002246890065853,8.835071904209877e-09
0.003510317600104592,52.77144610468607
-0.0002246890065853,8.835071904209877e-09
-0.0002246890065853,8.835071904209877e-09
-0.0002246890065853,8.835071904210969e-09
-0.00013122892381157644,2.2202441432346745e-09
-0.00021282659000157215,7.995485203647305e-09
-0.0002246890065853,8.835071904209877e-09
-0.0002246890065853,8.835071904209877e-09
-0.0002246890065853,8.835071904209877e-09
126443839171.29683,-8949316.89964938
-0.00022468900658528644,8.835233576439288e-09
-0.0002246890065853,8.835071904209877e-09
-0.0002246890065853,8.835071904209877e-09
-0.0002246890065853,8.835071904209877e-09
-0.0002246890065853,8.835071904209877e-09
-0.0002246890065853,8.835071904209877e-09
-0.0002246890065853,8.835071904211227e-09
-0.00012503004077046213,1.7815055672516253e-09
-0.0002246890065853,8.835071904209877e-09
-0.0002246890065853,8.835071904209877e-09
-0.0002246890065853,8.835071904209877e-09
-0.0002246890065853,8.835071904209877e-09
-71.67998279313333,3.4245653046119937
-0.00022468900658528354,8.835266438634117e-09
-0.0002246890065853,8.835071904209877e-09
-0.0001013702829106143,1.742354993522824
-0.0002246890065853,8.835071904209877e-09
-0.0002246890065853,8.835071904209877e-09
-0.0002246890065853,8.835071904209877e-09
-0.0002246890065853,8.835071904211545e-09
-9.975767144899605e-05,-7.197857910037726e-12
-0.0002246875214647112,2.0991920070177682e-05
0.3064616817901242,-2.169751762168846e-05
-0.0002246890065853,8.835071904209877e-09
-0.0002246890065853,8.835071904209877e-09
1.7517754881703494e-05,3.4221093657269903
-0.0002246890065852818,8.835284178851431e-09
-0.0002246890065853,8.835071904209877e-09
-0.00022328917793683486,0.019778014564323564
-0.0002246890065853,8.835071904209877e-09
-0.0002246890065853,8.835071904209877e-09
-0.0002246890065853,8.835071904209877e-09
-0.0002246890065853,8.835071904211452e-09
-0.0002246890065853,8.835071904209877e-09
-0.0002246890065853,8.835071904209877e-09
0.14042310941776154,-9.94579939797865e-06
-0.0002246890065853,8.835071904209877e-09
-0.0002246890065853,8.835071904209877e-09
126443839171.29683,-8949316.89183688
-0.0002246890065852792,8.835320594166544e-09
-0.0002246890065853,8.835071904209877e-09
-0.0002246890065853,8.835071904209877e-09
-0.0002246890065853,8.835071904209877e-09
-0.0002246890065853,8.835071904209877e-09
-0.0002246890065853,8.835071904209877e-09
-0.0002246890065853,8.835071904211664e-09
7.672111659845433e-05,-1.2497843615477711e-08
-7.779425955756444e-05,0.00016595566862301082
-0.0002246890065853,8.835071904209877e-09
-0.0002246890065853,8.835071904209877e-09
-0.0002246890065853,8.835071904209877e-09
-3.218643976021107e+26,2.278060846236053e+22
-0.00022468900658527554,8.835372108514758e-09
-0.0002246890065853,8.835071904209877e-09
-0.0002218547912428908,0.04004428664119107
-0.0002246890065853,8.835071904209877e-09
-0.0002246890065853,8.835071904209877e-09
-0.0002246890065853,8.835071904209877e-09
-0.0002246890065853,8.835071904211624e-09
0.00019497585842172363,-2.0867563883898483e-08
-0.00022464472264209666,0.0006256911879438111
-0.0002246890065853,8.835071904209877e-09
-0.0002246890065853,8.835071904209877e-09
-0.0002246890065853,8.835071904209877e-09
1.8070700483927043e-05,3.4299218657074224
-0.00022468900658527294,8.835396977510387e-09
-0.0002246890065853,8.835071904209877e-09
-0.0002246890065853,8.835071904209877e-09
0.006074467293945493,88.99999978591727
-0.0002246890065853,8.835071904209877e-09
-0.0002246890065853,8.835071904209877e-09
-0.0002246890065853,8.835071904211637e-09
0.0003285352860097896,-3.03205044669758e-08
-0.0002246890065853,8.835071904209877e-09
-0.0002246890065853,8.835071904209877e-09
-0.0002246890065853,8.835071904209877e-09
-0.0002246890065853,8.835071904209877e-09
1.8250397679890032e-05,3.4324607851499156
-0.00022468900658527028,8.835423622862856e-09
-0.0002246890065852717,8.835471615641449e-09
-0.0002246890065853,8.835071904209877e-09
0.0053343587851302325,78.54309826181564
-0.0002246890065853,8.835071904209877e-09
-0.0002246890065853,8.835071904209877e-09
-0.0002246890065853,8.835071904212431e-09
-0.0002246890059599005,8.835569326544195e-09
5.46908271993241,-0.0003870925392073049
-0.0002246890065853,8.835071904209877e-09
-0.0002246890065853,8.835071904209877e-09
-0.0002246890065853,8.835071904209877e-09
-3.218643976021107e+26,2.278060846236053e+22
-0.00022468900658526703,8.83544849185844e-09
-0.00022468900658529663,8.835119203610347e-09
-0.0002246890065853,8.835071904209877e-09
-0.0002246890065853,8.835071904209877e-09
-0.0002246890065853,8.835071904209877e-09
-0.0002246890065853,8.835071904209877e-09
-0.0002246890065853,8.835071904213e-09
0.0004696795501456787,-4.031027730902374e-08
-0.0002246890065853,8.835071904209877e-09
-0.0002246890065853,8.835071904209877e-09
-0.0002246890065853,8.835071904209877e-09
-0.0002246890065853,8.835071904209877e-09
1.90232055342799e+17,-13464061269399.865
-0.00022468900658525516,8.835626127541985e-09
-0.0002246890065853,8.835071904209877e-09
-0.0002246890065853,8.835071904209877e-09
-0.0002246890065853,8.835071904209877e-09
-0.0002246890065853,8.835071904209877e-09
-0.0002246890065853,8.835071904209877e-09
-0.0002246890065853,8.835071904213424e-09
0.0018508811580523136,-1.3806763497801472e-07
-0.0002246890065853,8.835071904209877e-09
-0.0002246890065853,8.835071904209877e-09
-0.0002246890065853,8.835071904209877e-09
-0.0002246890065853,8.835071904209877e-09
1.880334328211358e-05,3.4402732851303477
-0.0002246890065852049,8.836322616847374e-09
-0.0002246890065853,8.835071904209877e-09
-0.0002246890065853,8.835071904209877e-09
9094.57385956392,128496111.67815651
-0.0002246890065853,8.835071904209877e-09
-0.0002246890065853,8.835071904209877e-09
-0.0002246890065853,8.835071904214456e-09
0.0026595606547589086,-1.9530357384934426e-07
-0.0002246890065853,8.835071904209877e-09
-0.0002246890065853,8.835071904209877e-09
-0.0002246890065853,8.835071904209877e-09
-0.0002246890065853,8.835071904209877e-09
-3.218643976021107e+26,2.278060846236053e+22
-0.0002246890065851858,8.836571304418914e-09
-0.0002246890065853,8.835071904209877e-09
-0.0002246890065853,8.835071904209877e-09
0.0008992828845710509,15.880459754520798
-0.0002246890065853,8.835071904209877e-09
-0.0002246890065853,8.835071904209877e-09
-0.0002246890065853,8.835071904214906e-09
0.0035445636660785805,-2.5794146495840196e-07
-0.0002246890065853,8.835071904209877e-09
-0.0002246890065853,8.835071904209877e-09
-0.0002246890065853,8.835071904209877e-09
-0.0002246890065853,8.835071904209877e-09
1.916828940455172e-05,3.445429563727662
-0.00022468900658515622,8.836962250157123e-09
-0.00022468900658524968,8.835071904206315e-09
-0.0002246890065853,8.835071904209877e-09
-0.0002246890065853,8.835071904209877e-09
-0.0002246890065853,8.835071904209877e-09
-0.0002246890065853,8.835071904209877e-09
-0.0002246890065853,8.835071904215965e-09
-0.0002246890065852345,8.835071904205241e-09
-0.0002246890065853,8.835071904209877e-09
-0.0002246890065853,8.835071904209877e-09
-0.0002246890065853,8.835071904209877e-09
-0.0002246890065853,8.835071904209877e-09
-107374183.73104113,7603.074649582808
-0.00022468900658509548,8.837828810017057e-09
-0.0002246890065853,8.835071904209877e-09
-0.0002246890065853,8.835071904209877e-09
0.0028556605162774885,43.521877188644424
-0.0002246890065853,8.835071904209877e-09
-0.0002246890065853,8.835071904209877e-09
-0.0002246890065853,8.835071904215991e-09
-0.0002246890065853,8.835071904209877e-09
-0.0002246890065853,8.835071904209877e-09
-0.0002246890065853,8.835071904209877e-09
-0.0002246890065853,8.835071904209877e-09
-0.0002246890065853,8.835071904209877e-09
0.0587695357067925,3.4506207848209334
-0.00022468900658507393,8.838127237965297e-09
-0.0002246890065853,8.835071904209877e-09
-0.0002246890065853,8.835071904209877e-09
-0.0002246890065853,8.835071904209877e-09
-0.0002246890065853,8.835071904209877e-09
-0.0002246890065853,8.835071904209877e-09
-0.0002246890065853,8.835071904216867e-09
-0.0002246890065853,8.835071904209877e-09
-0.0002246890065853,8.835071904209877e-09
97291.8276566247,-6.886027318398106
-0.0002246890065853,8.835071904209877e-09
-0.0002246890065853,8.835071904209877e-09
1.9721235006775267e-05,3.4532420637080943
-0.00022468900658508873,8.837857509281839e-09
-0.0002246890065853,8.835071904209877e-09
-0.0002246890065853,8.835071904209877e-09
0.03305295321940281,470.17568852845426
-0.0002246890065853,8.835071904209877e-09
-0.0002246890065853,8.835071904209877e-09
-0.0002246890065853,8.835071904217767e-09
-0.0002246890065853,8.835071904209877e-09
-0.0002246890065853,8.835071904209877e-09
-0.0002246890065853,8.835071904209877e-09
-0.0002246890065853,8.835071904209877e-09
-0.0002246890065853,8.835071904209877e-09
-107374183.73104057,7603.082462082789
-0.0002246890065851124,8.837488007544352e-09
-0.0002246890065853,8.835071904209877e-09
-0.0002246890065853,8.835071904209877e-09
0.19352065914937275,2737.4040458868494
-0.0002246890065853,8.835071904209877e-09
-0.0002246890065853,8.835071904209877e-09
-0.0002246890065853,8.835071904219567e-09
-0.0002246890065853,8.835071904209877e-09
-0.0002246890065853,8.835071904209877e-09
-0.0002246890065853,8.835071904209877e-09
-0.0002246890065853,8.835071904209877e-09
-0.0002246890065853,8.835071904209877e-09
2.720083015262345e+23,-1.9251941692665848e+19
-0.0002246890065850429,8.838354870980276e-09
-0.0002246890065853,8.835071904209877e-09
-0.0002246890065853,8.835071904209877e-09
-0.0002246890065853,8.835071904209877e-09
-0.0002246890065853,8.835071904209877e-09
-0.0002246890065853,8.835071904209877e-09
-0.0002246890065853,8.835071904219037e-09
-0.0002246890065853,8.835071904209877e-09
-0.0002246890065853,8.835071904209877e-09
-0.0002246890065853,8.835071904209877e-09
-0.0002246890065853,8.835071904209877e-09
-0.0002246890065853,8.835071904209877e-09
2.0271379420615785e-05,3.461015463041654
-0.00022468900658493169,8.839932537359306e-09
-0.0002246890065853,8.835071904209877e-09
-0.0002246890065853,8.835071904209877e-09
-0.0002246890065853,8.835071904209877e-09
-0.0002246890065853,8.835071904209877e-09
-0.0002246890065853,8.835071904209877e-09
-0.0002246890065853,8.835071904220467e-09
-0.0002246890065853,8.835071904209877e-09
-0.0002246890065853,8.835071904209877e-09
-0.0002246890065853,8.835071904209877e-09
-0.0002246890065853,8.835071904209877e-09
-0.0002246890065853,8.835071904209877e-09
2.0453894679545756e-05,3.463593721549598
-0.00022468900658475713,8.842291543572393e-09
-0.0002246890065853,8.835071904209877e-09
-0.0002246890065853,8.835071904209877e-09
-0.0002246890065853,8.835071904209877e-09
-0.0002246890065853,8.835071904209877e-09
-0.0002246890065853,8.835071904209877e-09
-0.0002246890065853,8.835071904220255e-09
-0.0002246890065853,8.835071904209877e-09
-0.0002246890065853,8.835071904209877e-09
-0.0002246890065853,8.835071904209877e-09
-0.0002246890065853,8.835071904209877e-09
-0.0002246890065853,8.835071904209877e-09
2.720083015262345e+23,-1.9251941692665848e+19
-0.00022468900658469858,8.843087880958637e-09
-0.0002246890065853,8.835071904209877e-09
-0.0002246890065853,8.835071904209877e-09
15443.328442818425,218196879.4534835
-0.0002246890065853,8.835071904209877e-09
-0.0002246890065853,8.835071904209877e-09
-0.0002246890065853,8.835071904220625e-09
-0.0002246890065853,8.835071904209877e-09
-0.0002246890065853,8.835071904209877e-09
-0.0002246890065853,8.835071904209877e-09
-0.0002246890065853,8.835071904209877e-09
-0.0002246890065853,8.835071904209877e-09
2.0824325022839334e-05,3.468827963022086
-0.00022468900658459957,8.844395281323425e-09
-0.0002246890065853,8.835071904209877e-09
-0.0002246890065853,8.835071904209877e-09
-0.0002246890065853,8.835071904209877e-09
-0.0002246890065853,8.835071904209877e-09
-0.0002246890065853,8.835071904209877e-09
-0.0002246890065853,8.835071904221737e-09
-0.0002246890065853,8.835071904209877e-09
-0.0002246890065853,8.835071904209877e-09
-0.0002246890065853,8.835071904209877e-09
-0.0002246890065853,8.835071904209877e-09
-0.0002246890065853,8.835071904209877e-09
2.1006840281769304e-05,3.4714062215300303
-0.00022468900658449974,8.845646404656368e-09
-0.0002246890065853,8.835071904209877e-09
-0.0002246890065853,8.835071904209877e-09
-0.0002246890065853,8.835071904209877e-09
-0.0002246890065853,8.835071904209877e-09
-0.0002246890065853,8.835071904209877e-09
-0.0002246890065853,8.83507190422036e-09
-0.0002246890065853,8.835071904209877e-09
-0.0002246890065853,8.835071904209877e-09
-0.0002246890065853,8.835071904209877e-09
-0.0002246890065853,8.835071904209877e-09
-0.0002246890065853,8.835071904209877e-09
2.118930490569641e-05,3.4739842416193984
-0.0002246890065842376,8.849113830645606e-09
-0.0002246890065853,8.835071904209877e-09
-0.0002246890065853,8.835071904209877e-09
-0.0002246890065853,8.835071904209877e-09
-0.0002246890065853,8.835071904209877e-09
-0.0002246890065853,8.835071904209877e-09
-0.0002246890065853,8.83507190422481e-09
-0.0002246890065853,8.835071904209877e-09
-0.0002246890065853,8.835071904209877e-09
-0.0002246890065853,8.835071904209877e-09
-0.0002246890065853,8.835071904209877e-09
-0.0002246890065853,8.835071904209877e-09
-151996493082847.22,10757861458.077961
-0.00022468900658376698,8.855879750918552e-09
-0.0002246890065853,8.835071904209877e-09
-0.0002246890065853,8.835071904209877e-09
-0.0002246890065853,8.835071904209877e-09
-0.0002246890065853,8.835071904209877e-09
-0.0002246890065853,8.835071904209877e-09
-0.0002246890065853,8.835071904232535e-09
-0.0002246890065853,8.835071904209877e-09
-0.0002246890065853,8.835071904209877e-09
-0.0002246890065853,8.835071904209877e-09
-0.0002246890065853,8.835071904209877e-09
-0.0002246890065853,8.835071904209877e-09
2.1559785883992853e-05,3.4792187215104624
-0.0002246890065827405,8.870321082693017e-09
-0.0002246890065853,8.835071904209877e-09
-0.0002246890065853,8.835071904209877e-09
-0.0002246890065853,8.835071904209877e-09
-0.0002246890065853,8.835071904209877e-09
-0.0002246890065853,8.835071904209877e-09
-0.0002246890065853,8.83507190423529e-09
-0.0002246890065853,8.835071904209877e-09
-0.0002246890065853,8.835071904209877e-09
-0.0002246890065853,8.835071904209877e-09
-0.0002246890065853,8.835071904209877e-09
-0.0002246890065853,8.835071904209877e-09
2.174225050791996e-05,3.4817967415998305
-0.00022468900658107396,8.893291895384528e-09
-0.0002246890065853,8.835071904209877e-09
-0.0002246890065853,8.835071904209877e-09
-0.0002246890065853,8.835071904209877e-09
-0.0002246890065853,8.835071904209877e-09
-0.0002246890065853,8.835071904209877e-09
-0.0002246890065853,8.835071904236348e-09
-0.0002246890065853,8.835071904209877e-09
-0.0002246890065853,8.835071904209877e-09
-0.0002246890065853,8.835071904209877e-09
-0.0002246890065853,8.835071904209877e-09
-0.0002246890065853,8.835071904209877e-09
2.192196460575166e-05,3.4843358994609024
-0.0002246890065801136,8.906934184038336e-09
-0.0002246890065853,8.835071904209877e-09
-0.0002246890065853,8.835071904209877e-09
-0.0002246890065853,8.835071904209877e-09
-0.0002246890065853,8.835071904209877e-09
-0.0002246890065853,8.835071904209877e-09
-0.0002246890065853,8.83507190424821e-09
-0.0002246890065853,8.835071904209877e-09
-0.0002246890065853,8.835071904209877e-09
-0.0002246890065853,8.835071904209877e-09
-0.0002246890065853,8.835071904209877e-09
-0.0002246890065853,8.835071904209877e-09
4.05648181990065e+29,-2.8710576491928973e+25
-0.00022468900657737046,8.94558754917179e-09
-0.0002246890065853,8.835071904209877e-09
-0.0002246890065853,8.835071904209877e-09
-0.0002246890065853,8.835071904209877e-09
-0.0002246890065853,8.835071904209877e-09
-0.0002246890065853,8.835071904209877e-09
-0.0002246890065853,8.835071904246093e-09
-0.0002246890065853,8.835071904209877e-09
-0.0002246890065853,8.835071904209877e-09
-0.0002246890065853,8.835071904209877e-09
-0.0002246890065853,8.835071904209877e-09
-0.0002246890065853,8.835071904209877e-09
-2.7756398880882788e-05,3.4895701444756955
-0.00022468900657294456,9.007899711389011e-09
-0.0002246890065853,8.835071904209877e-09
-0.0002246890065853,8.835071904209877e-09
-0.0002246890065853,8.835071904209877e-09
-0.0002246890065853,8.835071904209877e-09
-0.0002246890065853,8.835071904209877e-09
-0.0002246890065853,8.835071904247575e-09
-0.0002246890065853,8.835071904209877e-09
-0.0002246890065853,8.835071904209877e-09
-0.0002246890065853,8.835071904209877e-09
-0.0002246890065853,8.835071904209877e-09
-0.0002246890065853,8.835071904209877e-09
2.2474910207975264e-05,3.4921483994413345
-0.0002246890065677247,9.080682546516063e-09
-0.0002246890065853,8.835071904209877e-09
-0.0002246890065853,8.835071904209877e-09
-0.0002246890065853,8.835071904209877e-09
-0.0002246890065853,8.835071904209877e-09
-0.0002246890065853,8.835071904209877e-09
-0.0002246890065853,8.83507190425054e-09
-0.0002246890065853,8.835071904209877e-09
-0.0002246890065853,8.835071904209877e-09
-0.0002246890065853,8.835071904209877e-09
-0.0002246890065853,8.835071904209877e-09
-0.0002246890065853,8.835071904209877e-09
4.05648181990065e+29,-2.8710576491928973e+25
-0.00022468900656332581,9.142527547701947e-09
-0.0002246890065853,8.835071904209877e-09
-0.0002246890065853,8.835071904209877e-09
-0.0002246890065853,8.835071904209877e-09
-0.0002246890065853,8.835071904209877e-09
-0.0002246890065853,8.835071904209877e-09
-0.0002246890065853,8.835071904250963e-09
-0.0002246890065853,8.835071904209877e-09
-0.0002246890065853,8.835071904209877e-09
-0.0002246890065853,8.835071904209877e-09
-0.0002246890065853,8.835071904209877e-09
-0.0002246890065853,8.835071904209877e-09
-2.302153570190268e+20,1.6293960901995088e+16
-0.00022468900655248715,9.295321963325985e-09
-0.0002246890065853,8.835071904209877e-09
-0.0002246890065853,8.835071904209877e-09
-0.0002246890065853,8.835071904209877e-09
-0.0002246890065853,8.835071904209877e-09
-0.0002246890065853,8.835071904209877e-09
-0.0002246890065853,8.835071904258163e-09
-0.0002246890065853,8.835071904209877e-09
-0.0002246890065853,8.835071904209877e-09
-0.0002246890065853,8.835071904209877e-09
-0.0002246890065853,8.835071904209877e-09
-0.0002246890065853,8.835071904209877e-09
126443839171.29683,-8949316.816641567
-0.00022468900654078837,9.460894907156706e-09
-0.0002246890065853,8.835071904209877e-09
-0.0002246890065853,8.835071904209877e-09
-0.0002246890065853,8.835071904209877e-09
-0.0002246890065853,8.835071904209877e-09
-0.0002246890065853,8.835071904209877e-09
-0.0002246890065853,8.83507190425308e-09
-0.0002246890065853,8.835071904209877e-09
-0.0002246890065853,8.835071904209877e-09
-0.0002246890065853,8.835071904209877e-09
-0.0002246890065853,8.835071904209877e-09
-0.0002246890065853,8.835071904209877e-09
-107374183.73103736,7603.127872238925
-0.00022468900654920476,9.340840718639249e-09
-0.0002246890065853,8.835071904209877e-09
-0.0002246890065853,8.835071904209877e-09
-0.0002246890065853,8.835071904209877e-09
-0.0002246890065853,8.835071904209877e-09
-0.0002246890065853,8.835071904209877e-09
-0.0002246890065853,8.835071904258798e-09
-0.0002246890065853,8.835071904209877e-09
-0.0002246890065853,8.835071904209877e-09
-0.0002246890065853,8.835071904209877e-09
-0.0002246890065853,8.835071904209877e-09
-0.0002246890065853,8.835071904209877e-09
4.05648181990065e+29,-2.8710576491928973e+25
-0.00022468900654052927,9.464530998575426e-09
-0.0002246890065853,8.835071904209877e-09
-0.0002246890065853,8.835071904209877e-09
-0.0002246890065853,8.835071904209877e-09
-0.0002246890065853,8.835071904209877e-09
-0.0002246890065853,8.835071904209877e-09
-0.0002246890065853,8.83507190427044e-09
-0.0002246890065853,8.835071904209877e-09
-0.0002246890065853,8.835071904209877e-09
-0.0002246890065853,8.835071904209877e-09
-0.0002246890065853,8.835071904209877e-09
-0.0002246890065853,8.835071904209877e-09
2.330432861131056e-05,3.5038671494119824
-0.00022468900647994912,1.0319541225712974e-08
-0.0002246890065853,8.835071904209877e-09
-0.0002246890065853,8.835071904209877e-09
-0.0002246890065853,8.835071904209877e-09
-0.0002246890065853,8.835071904209877e-09
-0.0002246890065853,8.835071904209877e-09
-0.0002246890065853,8.83507190427764e-09
-0.0002246890065853,8.835071904209877e-09
-0.0002246890065853,8.835071904209877e-09
-0.0002246890065853,8.835071904209877e-09
-0.0002246890065853,8.835071904209877e-09
-0.0002246890065853,8.835071904209877e-09
-2.302153570190268e+20,1.6293960901995088e+16
-0.00022468900645799565,1.0625110572527373e-08
-0.0002246890065853,8.835071904209877e-09
-0.0002246890065853,8.835071904209877e-09
-0.0002246890065853,8.835071904209877e-09
-0.0002246890065853,8.835071904209877e-09
-0.0002246890065853,8.835071904209877e-09
-0.0002246890065853,8.835071904303474e-09
-0.0002246890065853,8.835071904209877e-09
-0.0002246890065853,8.835071904209877e-09
-0.0002246890065853,8.835071904209877e-09
-0.0002246890065853,8.835071904209877e-09
-0.0002246890065853,8.835071904209877e-09
2.3488176921923295e-05,3.506464719824788
-0.00022468900640956017,1.1309204574479456e-08
-0.0002246890065853,8.835071904209877e-09
-0.0002246890065853,8.835071904209877e-09
-0.0002246890065853,8.835071904209877e-09
-0.0002246890065853,8.835071904209877e-09
-0.0002246890065853,8.835071904209877e-09
-0.0002246890065853,8.835071904309403e-09
-0.0002246890065853,8.835071904209877e-09
-0.0002246890065853,8.835071904209877e-09
-0.0002246890065853,8.835071904209877e-09
-0.0002246890065853,8.835071904209877e-09
-0.0002246890065853,8.835071904209877e-09
0.058773579121508754,3.507749690927843
-0.00022468900639278585,1.1542039214332156e-08
-0.0002246890065853,8.835071904209877e-09
-0.0002246890065853,8.835071904209877e-09
-0.0002246890065853,8.835071904209877e-09
-0.0002246890065853,8.835071904209877e-09
-0.0002246890065853,8.835071904209877e-09
-0.0002246890065853,8.835071904335256e-09
-0.0002246890065853,8.835071904209877e-09
-0.0002246890065853,8.835071904209877e-09
-0.0002246890065853,8.835071904209877e-09
-0.0002246890065853,8.835071904209877e-09
-0.0002246890065853,8.835071904209877e-09
-2.302153570190268e+20,1.6293960901995088e+16
-0.00022468900637282837,1.1818525824995715e-08
-0.0002246890065853,8.835071904209877e-09
-0.0002246890065853,8.835071904209877e-09
-0.0002246890065853,8.835071904209877e-09
-0.0002246890065853,8.835071904209877e-09
-0.0002246890065853,8.835071904209877e-09
-0.0002246890065853,8.835071904355567e-09
-0.0002246890065853,8.835071904209877e-09
-0.0002246890065853,8.835071904209877e-09
-0.0002246890065853,8.835071904209877e-09
-0.0002246890065853,8.835071904209877e-09
-0.0002246890065853,8.835071904209877e-09
2.3763266009064652e-05,3.510351419491567
-0.00022468900635339814,1.209501354591962e-08
-0.0002246890065853,8.835071904209877e-09
-0.0002246890065853,8.835071904209877e-09
-0.0002246890065853,8.835071904209877e-09
-0.0002246890065853,8.835071904209877e-09
-0.0002246890065853,8.835071904209877e-09
-0.0002246890065853,8.835071904381825e-09
-0.0002246890065853,8.835071904209877e-09
-0.0002246890065853,8.835071904209877e-09
-0.0002246890065853,8.835071904209877e-09
-0.0002246890065853,8.835071904209877e-09
-0.0002246890065853,8.835071904209877e-09
126443839171.29683,-8949316.804922817
-0.00022468900623561533,1.3754250733825676e-08
-0.0002246890065853,8.835071904209877e-09
-0.0002246890065853,8.835071904209877e-09
-0.0002246890065853,8.835071904209877e-09
-0.0002246890065853,8.835071904209877e-09
-0.0002246890065853,8.835071904209877e-09
-0.0002246890065853,8.83507190440046e-09
-0.0002246890065853,8.835071904209877e-09
-0.0002246890065853,8.835071904209877e-09
-0.0002246890065853,8.835071904209877e-09
-0.0002246890065853,8.835071904209877e-09
-0.0002246890065853,8.835071904209877e-09
-4.932681941356223e+32,3.491206135644238e+28
-0.000224689006227638,1.3841567109831275e-08
-0.0002246890065853,8.835071904209877e-09
-0.0002246890065853,8.835071904209877e-09
-0.0002246890065853,8.835071904209877e-09
-0.0002246890065853,8.835071904209877e-09
-0.0002246890065853,8.835071904209877e-09
-0.0002246890065853,8.835071904398784e-09
-0.0002246890065853,8.835071904209877e-09
-0.0002246890065853,8.835071904209877e-09
-0.0002246890065853,8.835071904209877e-09
-0.0002246890065853,8.835071904209877e-09
-0.0002246890065853,8.835071904209877e-09
2.403832133576376e-05,3.5142381191583474
-0.000224689005957739,1.7625716538452992e-08
-0.0002246890065853,8.835071904209877e-09
-0.0002246890065853,8.835071904209877e-09
-0.0002246890065853,8.835071904209877e-09
-0.0002246890065853,8.835071904209877e-09
-0.0002246890065853,8.835071904209877e-09
-0.0002246890065853,8.835071904448778e-09
-0.0002246890065853,8.835071904209877e-09
-0.0002246890065853,8.835071904209877e-09
-0.0002246890065853,8.835071904209877e-09
-0.0002246890065853,8.835071904209877e-09
-0.0002246890065853,8.835071904209877e-09
126443839171.29683,-8949316.801016567
-0.00022468900574398233,2.0652524668368083e-08
-0.0002246890065853,8.835071904209877e-09
-0.0002246890065853,8.835071904209877e-09
-0.0002246890065853,8.835071904209877e-09
-0.0002246890065853,8.835071904209877e-09
-0.0002246890065853,8.835071904209877e-09
-0.0002246890065853,8.835071904589386e-09
-0.0002246890065853,8.835071904209877e-09
-0.0002246890065853,8.835071904209877e-09
-0.0002246890065853,8.835071904209877e-09
-0.0002246890065853,8.835071904209877e-09
-0.0002246890065853,8.835071904209877e-09
-4.932681941356223e+32,3.491206135644238e+28
-0.0002246890055058129,2.3971699816770804e-08
-0.0002246890065853,8.835071904209877e-09
-0.0002246890065853,8.835071904209877e-09
-0.0002246890065853,8.835071904209877e-09
-0.0002246890065853,8.835071904209877e-09
-0.0002246890065853,8.835071904209877e-09
-0.0002246890065853,8.835071904768919e-09
-0.0002246890065853,8.835071904209877e-09
-0.0002246890065853,8.835071904209877e-09
-0.0002246890065853,8.835071904209877e-09
-0.0002246890065853,8.835071904209877e-09
-0.0002246890065853,8.835071904209877e-09
-71.6799758121951,3.5231981168649487
-0.00022468900483313577,3.340136217704293e-08
-0.0002246890065853,8.835071904209877e-09
-0.0002246890065853,8.835071904209877e-09
-0.0002246890065853,8.835071904209877e-09
-0.0002246890065853,8.835071904209877e-09
-0.0002246890065853,8.835071904209877e-09
-0.0002246890065853,8.835071904863866e-09
-0.0002246890065853,8.835071904209877e-09
-0.0002246890065853,8.835071904209877e-09
-0.0002246890065853,8.835071904209877e-09
-0.0002246890065853,8.835071904209877e-09
-0.0002246890065853,8.835071904209877e-09
2.720083015262345e+23,-1.9251941692665848e+19
-0.00022468900421503354,4.213523622358292e-08
-0.0002246890065853,8.835071904209877e-09
-0.0002246890065853,8.835071904209877e-09
-0.0002246890065853,8.835071904209877e-09
-0.0002246890065853,8.835071904209877e-09
-0.0002246890065853,8.835071904209877e-09
-0.0002246890065853,8.835071904992615e-09
-0.0002246890065853,8.835071904209877e-09
-0.0002246890065853,8.835071904209877e-09
-0.0002246890065853,8.835071904209877e-09
-0.0002246890065853,8.835071904209877e-09
-0.0002246890065853,8.835071904209877e-09
2.449730939580553e-05,3.520722627656508
-0.00022468900413113256,4.3299467598530986e-08
-0.0002246890065853,8.835071904209877e-09
-0.0002246890065853,8.835071904209877e-09
-0.0002246890065853,8.835071904209877e-09
-0.0002246890065853,8.835071904209877e-09
-0.0002246890065853,8.835071904209877e-09
-0.0002246890065853,8.835071905033272e-09
-0.0002246890065853,8.835071904209877e-09
-0.0002246890065853,8.835071904209877e-09
-0.0002246890065853,8.835071904209877e-09
-0.0002246890065853,8.835071904209877e-09
-0.0002246890065853,8.835071904209877e-09
-71.67997553572229,3.5271043668551645
-0.00022468900362038581,5.051731345699963e-08
-0.0002246890065853,8.835071904209877e-09
-0.0002246890065853,8.835071904209877e-09
-0.0002246890065853,8.835071904209877e-09
-0.0002246890065853,8.835071904209877e-09
-0.0002246890065853,8.835071904209877e-09
-0.0002246890065853,8.835071904951959e-09
-0.0002246890065853,8.835071904209877e-09
-0.0002246890065853,8.835071904209877e-09
-0.0002246890065853,8.835071904209877e-09
-0.0002246890065853,8.835071904209877e-09
-0.0002246890065853,8.835071904209877e-09
5.848603135113401e+35,-4.139468020239309e+31
-0.00022468900328713877,5.517395473986367e-08
-0.0002246890065853,8.835071904209877e-09
-0.0002246890065853,8.835071904209877e-09
-0.0002246890065853,8.835071904209877e-09
-0.0002246890065853,8.835071904209877e-09
-0.0002246890065853,8.835071904209877e-09
-0.0002246890065853,8.83507190495196e-09
-0.0002246890065853,8.835071904209877e-09
-0.0002246890065853,8.835071904209877e-09
-0.0002246890065853,8.835071904209877e-09
-0.0002246890065853,8.835071904209877e-09
-0.0002246890065853,8.835071904209877e-09
2.4814121733474602e-05,3.5246093273203334
-0.0002246890027096986,6.332312317056012e-08
-0.0002246890065853,8.835071904209877e-09
-0.0002246890065853,8.835071904209877e-09
-0.0002246890065853,8.835071904209877e-09
-0.0002246890065853,8.835071904209877e-09
-0.0002246890065853,8.835071904209877e-09
-0.0002246890065853,8.835071904955349e-09
-0.0002246890065853,8.835071904209877e-09
-0.0002246890065853,8.835071904209877e-09
-0.0002246890065853,8.835071904209877e-09
-0.0002246890065853,8.835071904209877e-09
-0.0002246890065853,8.835071904209877e-09
-151996493082847.22,10757861458.127277
-0.00022468900198786785,7.357354410162656e-08
-0.0002246890065853,8.835071904209877e-09
-0.0002246890065853,8.835071904209877e-09
-0.0002246890065853,8.835071904209877e-09
-0.0002246890065853,8.835071904209877e-09
-0.0002246890065853,8.835071904209877e-09
-0.0002246890065853,8.835071904958738e-09
-0.0002246890065853,8.835071904209877e-09
-0.0002246890065853,8.835071904209877e-09
-0.0002246890065853,8.835071904209877e-09
-0.0002246890065853,8.835071904209877e-09
-0.0002246890065853,8.835071904209877e-09
2.4956246820844385e-05,3.5272068977360918
-0.00022468900201103232,7.310821676987863e-08
-0.0002246890065853,8.835071904209877e-09
-0.0002246890065853,8.835071904209877e-09
-0.0002246890065853,8.835071904209877e-09
-0.0002246890065853,8.835071904209877e-09
-0.0002246890065853,8.835071904209877e-09
-0.0002246890065853,8.835071904880813e-09
-0.0002246890065853,8.835071904209877e-09
-0.0002246890065853,8.835071904209877e-09
-0.0002246890065853,8.835071904209877e-09
-0.0002246890065853,8.835071904209877e-09
-0.0002246890065853,8.835071904209877e-09
2.5090594534586403e-05,3.528515577310549
-0.00022468900269901026,6.332664390906813e-08
-0.0002246890065853,8.835071904209877e-09
-0.0002246890065853,8.835071904209877e-09
-0.0002246890065853,8.835071904209877e-09
-0.0002246890065853,8.835071904209877e-09
-0.0002246890065853,8.835071904209877e-09
-0.0002246890065853,8.835071905070486e-09
-0.0002246890065853,8.835071904209877e-09
-0.0002246890065853,8.835071904209877e-09
-0.0002246890065853,8.835071904209877e-09
-0.0002246890065853,8.835071904209877e-09
-0.0002246890065853,8.835071904209877e-09
-151996493082847.22,10757861458.131184
-0.00022468900327421405,5.516836987303184e-08
-0.0002246890065853,8.835071904209877e-09
-0.0002246890065853,8.835071904209877e-09
-0.0002246890065853,8.835071904209877e-09
-0.0002246890065853,8.835071904209877e-09
-0.0002246890065853,8.835071904209877e-09
-0.0002246890065853,8.835071905016373e-09
-0.0002246890065853,8.835071904209877e-09
-0.0002246890065853,8.835071904209877e-09
-0.0002246890065853,8.835071904209877e-09
-0.0002246890065853,8.835071904209877e-09
-0.0002246890065853,8.835071904209877e-09
2.5232719621956186e-05,3.531113147726308
-0.00022468900187241976,7.497728522031172e-08
-0.0002246890065853,8.835071904209877e-09
-0.0002246890065853,8.835071904209877e-09
-0.0002246890065853,8.835071904209877e-09
-0.0002246890065853,8.835071904209877e-09
-0.0002246890065853,8.835071904209877e-09
-0.0002246890065853,8.835071905050254e-09
-0.0002246890065853,8.835071904209877e-09
-0.0002246890065853,8.835071904209877e-09
-0.0002246890065853,8.835071904209877e-09
-0.0002246890065853,8.835071904209877e-09
-0.0002246890065853,8.835071904209877e-09
89128.96073958314,-2.775881496606416
-0.00022468899853187436,1.2200904669805025e-07
-0.0002246890065853,8.835071904209877e-09
-0.0002246890065853,8.835071904209877e-09
-0.0002246890065853,8.835071904209877e-09
-0.0002246890065853,8.835071904209877e-09
-0.0002246890065853,8.835071904209877e-09
-0.0002246890065853,8.835071905131692e-09
-0.0002246890065853,8.835071904209877e-09
-0.0002246890065853,8.835071904209877e-09
-0.0002246890065853,8.835071904209877e-09
-0.0002246890065853,8.835071904209877e-09
-0.0002246890065853,8.835071904209877e-09
-3.218643976021107e+26,2.278060846236053e+22
-0.00022468899242133764,2.0817465268705124e-07
-0.0002246890065853,8.835071904209877e-09
-0.0002246890065853,8.835071904209877e-09
-0.0002246890065853,8.835071904209877e-09
-0.0002246890065853,8.835071904209877e-09
-0.0002246890065853,8.835071904209877e-09
-0.0002246890065853,8.835071905165573e-09
-0.0002246890065853,8.835071904209877e-09
-0.0002246890065853,8.835071904209877e-09
-0.0002246890065853,8.835071904209877e-09
-0.0002246890065853,8.835071904209877e-09
-0.0002246890065853,8.835071904209877e-09
2.5509192423067988e-05,3.535019397716524
-0.000224688982009538,3.5536011258294375e-07
-0.0002246890065853,8.835071904209877e-09
-0.0002246890065853,8.835071904209877e-09
-0.0002246890065853,8.835071904209877e-09
-0.0002246890065853,8.835071904209877e-09
-0.0002246890065853,8.835071904209877e-09
-0.0002246890065853,8.835071905585458e-09
-0.0002246890065853,8.835071904209877e-09
-0.0002246890065853,8.835071904209877e-09
-0.0002246890065853,8.835071904209877e-09
-0.0002246890065853,8.835071904209877e-09
-0.0002246890065853,8.835071904209877e-09
89128.96073985961,-2.7719752466161998
-0.00022468896512558466,5.938517917235139e-07
-0.0002246890065853,8.835071904209877e-09
-0.0002246890065853,8.835071904209877e-09
-0.0002246890065853,8.835071904209877e-09
-0.0002246890065853,8.835071904209877e-09
-0.0002246890065853,8.835071904209877e-09
-0.0002246890065853,8.835071905755107e-09
-0.0002246890065853,8.835071904209877e-09
-0.0002246890065853,8.835071904209877e-09
-0.0002246890065853,8.835071904209877e-09
-0.0002246890065853,8.835071904209877e-09
-0.0002246890065853,8.835071904209877e-09
2.569167392155571e-05,3.5375976562244706
-0.0002246889384719827,9.702522553543636e-07
-0.0002246890065853,8.835071904209877e-09
-0.0002246890065853,8.835071904209877e-09
-0.0002246890065853,8.835071904209877e-09
-0.0002246890065853,8.835071904209877e-09
-0.0002246890065853,8.835071904209877e-09
-0.0002246890065853,8.835071906582054e-09
-0.0002246890065853,8.835071904209877e-09
-0.0002246890065853,8.835071904209877e-09
-0.0002246890065853,8.835071904209877e-09
-0.0002246890065853,8.835071904209877e-09
-0.0002246890065853,8.835071904209877e-09
2.5784281510186035e-05,3.5389060973833026
-0.00022468892847915626,1.1115209974827064e-06
-0.0002246890065853,8.835071904209877e-09
-0.0002246890065853,8.835071904209877e-09
-0.0002246890065853,8.835071904209877e-09
-0.0002246890065853,8.835071904209877e-09
-0.0002246890065853,8.835071904209877e-09
-0.0002246890065853,8.835071907015373e-09
-0.0002246890065853,8.835071904209877e-09
-0.0002246890065853,8.835071904209877e-09
-0.0002246890065853,8.835071904209877e-09
-0.0002246890065853,8.835071904209877e-09
-0.0002246890065853,8.835071904209877e-09
1.90232055342799e+17,-13464061269399.762
-0.0002246888783607446,1.8196190097107775e-06
-0.0002246890065853,8.835071904209877e-09
-0.0002246890065853,8.835071904209877e-09
-0.0002246890065853,8.835071904209877e-09
-0.0002246890065853,8.835071904209877e-09
-0.0002246890065853,8.835071904209877e-09
-0.0002246890065853,8.83507190816746e-09
-0.0002246890065853,8.835071904209877e-09
-0.0002246890065853,8.835071904209877e-09
-0.0002246890065853,8.835071904209877e-09
-0.0002246890065853,8.835071904209877e-09
-0.0002246890065853,8.835071904209877e-09
2.5966763008697066e-05,3.5414843558912494
-0.0002246890064951333,8.835071897828145e-09
-0.0002246890065853,8.835071904209877e-09
-0.0002246890065853,8.835071904209877e-09
-0.0002246890065853,8.835071904209877e-09
-0.0002246890065853,8.835071904209877e-09
-0.0002246890065853,8.835071904209877e-09
-0.0002246890065853,8.835071907516816e-09
-0.0002246890065853,8.835071904209877e-09
-0.0002246890065853,8.835071904209877e-09
-0.0002246890065853,8.835071904209877e-09
-0.0002246890065853,8.835071904209877e-09
-0.0002246890065853,8.835071904209877e-09
-2.3989456965734814e-05,3.542792800592389
-0.00022468876810986753,3.377082753112218e-06
-0.0002246890065853,8.835071904209877e-09
-0.0002246890065853,8.835071904209877e-09
-0.0002246890065853,8.835071904209877e-09
-0.0002246890065853,8.835071904209877e-09
-0.0002246890065853,8.835071904209877e-09
-0.0002246890065853,8.835071908384297e-09
-0.0002246890065853,8.835071904209877e-09
-0.0002246890065853,8.835071904209877e-09
-0.0002246890065853,8.835071904209877e-09
-0.0002246890065853,8.835071904209877e-09
-0.0002246890065853,8.835071904209877e-09
4.05648181990065e+29,-2.8710576491928973e+25
-0.00022468874172864355,3.7496129188926763e-06
-0.0002246890065853,8.835071904209877e-09
-0.0002246890065853,8.835071904209877e-09
-0.0002246890065853,8.835071904209877e-09
-0.0002246890065853,8.835071904209877e-09
-0.0002246890065853,8.835071904209877e-09
-0.0002246890065853,8.835071910417151e-09
-0.0002246890065853,8.835071904209877e-09
-0.0002246890065853,8.835071904209877e-09
-0.0002246890065853,8.835071904209877e-09
-0.0002246890065853,8.835071904209877e-09
-0.0002246890065853,8.835071904209877e-09
2.6241852123123238e-05,3.545371055558028
-0.00022468859508156209,5.821458442619809e-06
-0.0002246890065853,8.835071904209877e-09
-0.0002246890065853,8.835071904209877e-09
-0.0002246890065853,8.835071904209877e-09
-0.0002246890065853,8.835071904209877e-09
-0.0002246890065853,8.835071904209877e-09
-0.0002246890065853,8.835071911853929e-09
-0.0002246890065853,8.835071904209877e-09
-0.0002246890065853,8.835071904209877e-09
-0.0002246890065853,8.835071904209877e-09
-0.0002246890065853,8.835071904209877e-09
-0.0002246890065853,8.835071904209877e-09
-107374183.73103414,7603.1732823950615
-0.00022468851700699336,6.924143913453188e-06
-0.0002246890065853,8.835071904209877e-09
-0.0002246890065853,8.835071904209877e-09
-0.0002246890065853,8.835071904209877e-09
-0.0002246890065853,8.835071904209877e-09
-0.0002246890065853,8.835071904209877e-09
-0.0002246890065853,8.835071912179224e-09
-0.0002246890065853,8.835071904209877e-09
-0.0002246890065853,8.835071904209877e-09
-0.0002246890065853,8.835071904209877e-09
-0.0002246890065853,8.835071904209877e-09
-0.0002246890065853,8.835071904209877e-09
4.05648181990065e+29,-2.8710576491928973e+25
-0.00022468813721318855,1.2289739270688286e-05
-0.0002246890065853,8.835071904209877e-09
-0.0002246890065853,8.835071904209877e-09
-0.0002246890065853,8.835071904209877e-09
-0.0002246890065853,8.835071904209877e-09
-0.0002246890065853,8.835071904209877e-09
-0.0002246890065853,8.835071908465586e-09
-0.0002246890065853,8.835071904209877e-09
-0.0002246890065853,8.835071904209877e-09
-0.0002246890065853,8.835071904209877e-09
-0.0002246890065853,8.835071904209877e-09
-0.0002246890065853,8.835071904209877e-09
2.651832492423504e-05,3.549277305548244
-0.0002246884367514947,8.056055996446883e-06
-0.0002246890065853,8.835071904209877e-09
-0.0002246890065853,8.835071904209877e-09
-0.0002246890065853,8.835071904209877e-09
-0.0002246890065853,8.835071904209877e-09
-0.0002246890065853,8.835071904209877e-09
-0.0002246890065853,8.835071907476148e-09
-0.0002246890065853,8.835071904209877e-09
-0.0002246890065853,8.835071904209877e-09
-0.0002246890065853,8.835071904209877e-09
-0.0002246890065853,8.835071904209877e-09
-0.0002246890065853,8.835071904209877e-09
-2.302153570190268e+20,1.6293960901995088e+16
-0.000224688436606284,8.056049629973678e-06
-0.0002246890065853,8.835071904209877e-09
-0.0002246890065853,8.835071904209877e-09
-0.0002246890065853,8.835071904209877e-09
-0.0002246890065853,8.835071904209877e-09
-0.0002246890065853,8.835071904209877e-09
-0.0002246890065853,8.835071907421942e-09
-0.0002246890065853,8.835071904209877e-09
-0.0002246890065853,8.835071904209877e-09
-0.0002246890065853,8.835071904209877e-09
-0.0002246890065853,8.835071904209877e-09
-0.0002246890065853,8.835071904209877e-09
2.670217323484772e-05,3.5518748759610492
-0.00022468829310813072,1.0082588447867708e-05
-0.0002246890065853,8.835071904209877e-09
-0.0002246890065853,8.835071904209877e-09
-0.0002246890065853,8.835071904209877e-09
-0.0002246890065853,8.835071904209877e-09
-0.0002246890065853,8.835071904209877e-09
-0.00022468900658529996,8.835071908899291e-09
-0.0002246890065853,8.835071904209877e-09
-0.0002246890065853,8.835071904209877e-09
-0.0002246890065853,8.835071904209877e-09
-0.0002246890065853,8.835071904209877e-09
-0.0002246890065853,8.835071904209877e-09
0.05877679311782168,3.5531598470641046
-0.00022468806522067368,1.3301177412031463e-05
-0.0002246890065853,8.835071904209877e-09
-0.0002246890065853,8.835071904209877e-09
-0.0002246890065853,8.835071904209877e-09
-0.0002246890065853,8.835071904209877e-09
-0.0002246890065853,8.835071904209877e-09
-0.00022468900658529996,8.8350719091701e-09
-0.0002246890065853,8.835071904209877e-09
-0.0002246890065853,8.835071904209877e-09
-0.0002246890065853,8.835071904209877e-09
-0.0002246890065853,8.835071904209877e-09
-0.0002246890065853,8.835071904209877e-09
-2.302153570190268e+20,1.6293960901995088e+16
-0.00022468796379076817,1.473170798243371e-05
-0.0002246890065853,8.835071904209877e-09
-0.0002246890065853,8.835071904209877e-09
-0.0002246890065853,8.835071904209877e-09
-0.0002246890065853,8.835071904209877e-09
-0.0002246890065853,8.835071904209877e-09
-0.00022468900658529996,8.835071911691352e-09
-0.0002246890065853,8.835071904209877e-09
-0.0002246890065853,8.835071904209877e-09
-0.0002246890065853,8.835071904209877e-09
-0.0002246890065853,8.835071904209877e-09
-0.0002246890065853,8.835071904209877e-09
2.6977262321989078e-05,3.555761575627828
-0.0002246890053915226,8.835071820419224e-09
-0.0002246890065853,8.835071904209877e-09
-0.0002246890065853,8.835071904209877e-09
-0.0002246890065853,8.835071904209877e-09
-0.0002246890065853,8.835071904209877e-09
-0.0002246890065853,8.835071904209877e-09
-0.00022468900658529994,8.835071943243084e-09
-0.0002246890065853,8.835071904209877e-09
-0.0002246890065853,8.835071904209877e-09
-0.0002246890065853,8.835071904209877e-09
-0.0002246890065853,8.835071904209877e-09
-0.0002246890065853,8.835071904209877e-09
126443839171.29683,-8949316.759512661
-0.00022468709845307975,2.695123129342164e-05
-0.0002246890065853,8.835071904209877e-09
-0.0002246890065853,8.835071904209877e-09
-0.0002246890065853,8.835071904209877e-09
-0.0002246890065853,8.835071904209877e-09
-0.0002246890065853,8.835071904209877e-09
-0.00022468900658529994,8.835071950181971e-09
-0.0002246890065853,8.835071904209877e-09
-0.0002246890065853,8.835071904209877e-09
-0.0002246890065853,8.835071904209877e-09
-0.0002246890065853,8.835071904209877e-09
-0.0002246890065853,8.835071904209877e-09
-4.932681941356223e+32,3.491206135644238e+28
-0.00022468900658529996,8.835071909739566e-09
-0.0002246890065853,8.835071904209877e-09
-0.0002246890065853,8.835071904209877e-09
-0.0002246890065853,8.835071904209877e-09
-0.0002246890065853,8.835071904209877e-09
-0.0002246890065853,8.835071904209877e-09
-0.00022468900658529994,8.835071967964806e-09
-0.0002246890065853,8.835071904577507e-09
-0.0002246890065853,8.835071904209877e-09
-0.0002246890065853,8.835071904209877e-09
-0.0002246890065853,8.835071904209877e-09
-0.0002246890065853,8.835071904209877e-09
2.725231764868824e-05,3.559648275294609
-0.00022468900449617316,8.835071756363977e-09
-0.0002246890065853,8.835071904209877e-09
-0.0002246890065853,8.835071904209877e-09
-0.0002246890065853,8.835071904209877e-09
-0.0002246890065853,8.835071904209877e-09
-0.0002246890065853,8.835071904209877e-09
-0.0002246890065852999,8.83507200569502e-09
-0.0002246890065853,8.835071904552096e-09
-0.0002246890065853,8.83507190430604e-09
-0.0002246890065853,8.835071904209877e-09
-0.0002246890065853,8.835071904209877e-09
-0.0002246890065853,8.835071904209877e-09
126443839171.29684,-8949316.755606411
-0.00022468900348720204,8.83507168496893e-09
-0.0002246890065853,8.835071904209877e-09
-0.00022468900658529977,8.835071904209862e-09
-0.0002246890065853,8.835071904209877e-09
-0.0002246890065853,8.835071904209877e-09
-0.0002246890065853,8.835071904209877e-09
-0.0002246890065852999,8.835072057740563e-09
-0.0002246890065853,8.83507190453685e-09
-0.0002246890065853,8.835071904302652e-09
-0.0002246890065853,8.835071904209877e-09
-0.0002246890065853,8.835071904209877e-09
-0.0002246890065853,8.835071904209877e-09
-4.932681941356223e+32,3.491206135644238e+28
-0.00022468900334509393,8.835071675636666e-09
-0.0002246890065853,8.835071904339514e-09
-0.0002246890065853,8.835071904209877e-09
-0.0002246890065853,8.835071904209877e-09
-0.0002246890065853,8.835071904209877e-09
-0.0002246890065853,8.835071904209877e-09
-0.00022468900658529988,8.835072117588534e-09
-0.0002246890065853,8.835071904420798e-09
-0.00022468900658529996,8.83507190434799e-09
-0.0002246890065853,8.835071904209877e-09
-0.0002246890065853,8.835071904209877e-09
-0.0002246890065853,8.835071904209877e-09
-71.67997259819879,3.5686082730012103
-0.00022468900658529996,8.835071904260487e-09
-0.00022468900658529988,8.835071904352213e-09
-0.0002246890065853,8.835071904209877e-09
-0.0002246890065853,8.835071904209877e-09
-0.0002246890065853,8.835071904209877e-09
-0.0002246890065853,8.835071904209877e-09
-0.00022468900658529985,8.835072232087905e-09
-0.0002246890065853,8.83507190421361e-09
-0.00022468900658529994,8.835071904209874e-09
-0.0002246890065853,8.835071904209877e-09
-0.0002246890065853,8.835071904209877e-09
-0.0002246890065853,8.835071904209877e-09
5.848603135113401e+35,-4.139468020239309e+31
-0.0002246890065853,8.835071904209877e-09
-0.0002246890065853,8.835071904209877e-09
-0.0002246890065853,8.835071904209877e-09
-0.0002246890065853,8.835071904209877e-09
-0.0002246890065853,8.835071904210367e-09
-0.0002246890065853,8.835071904209877e-09
-0.0002246890065852999,8.83507190420987e-09
-0.0002246890065853,8.835071904216389e-09
-0.00022468900658529988,8.83507190422173e-09
-0.0002246890065853,8.835071904209877e-09
-0.0002246890065853,8.835071904209877e-09
-0.0002246890065853,8.835071904209877e-09
2.7712689422700347e-05,3.5661523341162065
-0.0002246890065853,8.83507190423317e-09
-0.00022468900658529996,8.8350719042119e-09
-0.0002246890065853,8.835071904209877e-09
-0.0002246890065853,8.835071904209877e-09
-0.0002246890065853,8.835071904209877e-09
-0.0002246890065853,8.835071904209877e-09
-0.00022468900658529996,8.835071904246088e-09
-0.0002246890065853,8.835071904209877e-09
-0.0002246890065853,8.835071904209875e-09
-0.0002246890065853,8.835071904209877e-09
-0.0002246890065853,8.835071904209877e-09
-0.0002246890065853,8.835071904209877e-09
-71.67997232172598,3.572514522991426
-0.00022468900658529996,8.835071904231688e-09
-0.0002246890065853,8.8350719042121e-09
-0.0002246890065853,8.835071904209877e-09
-0.0002246890065853,8.835071904209877e-09
-0.0002246890065853,8.835071904209877e-09
-0.0002246890065853,8.835071904209877e-09
-0.00022468900658529996,8.835071904239735e-09
-0.0002246890065853,8.835071904220624e-09
-0.0002246890065853,8.835071904870755e-09
-0.0002246890065853,8.835071904209877e-09
-0.0002246890065853,8.835071904209877e-09
-0.0002246890065853,8.835071904209877e-09
5.848603135113401e+35,-4.139468020239309e+31
-0.0002246890065853,8.835071904216256e-09
-0.0002246890065853,8.83507190421177e-09
-0.0002246890065853,8.835071904209877e-09
-0.0002246890065853,8.835071904209877e-09
-0.0002246890065853,8.835071904209877e-09
-0.0002246890065853,8.835071904209877e-09
-0.00022468900658529994,8.835071904209874e-09
-0.0002246890065853,8.8350719042211e-09
-0.0002246890065853,8.835071905945366e-09
-0.0002246890065853,8.835071904209877e-09
-0.0002246890065853,8.835071904209884e-09
-0.0002246890065853,8.835071904209877e-09
2.8028118046399028e-05,3.5700194834565946
-0.00022468900658529996,8.835071904215275e-09
-0.0002246890065853,8.835071904221684e-09
-0.0002246890065853,8.835071904209877e-09
-0.0002246890065853,8.835071904209877e-09
-0.0002246890065853,8.835071904209877e-09
-0.0002246890065853,8.835071904209877e-09
-0.0002246890065853,8.835071904241854e-09
-0.0002246890065853,8.835071904211326e-09
-0.0002246890065853,8.835071904209877e-09
-0.0002246890065853,8.835071904209877e-09
-0.0002246890065853,8.835071904209877e-09
-0.0002246890065853,8.835071904209877e-09
-151996493082847.22,10757861458.172688
-0.00022468900658529996,8.835071904245029e-09
-0.0002246890065853,8.835071904247792e-09
-0.0002246890065853,8.835071904209877e-09
-0.0002246890065853,8.835071904209877e-09
-0.0002246890065853,8.835071904209877e-09
-0.0002246890065853,8.835071904209877e-09
-0.0002246890065853,8.835071904317453e-09
-0.0002246890065853,8.835071904210588e-09
-0.0002246890065853,8.835071904212564e-09
-0.0002246890065853,8.835071904209877e-09
-0.0002246890065853,8.835071904209877e-09
-0.0002246890065853,8.835071904209877e-09
2.8170243133768865e-05,3.5726170538723534
-0.00022468900658529712,8.835071904262405e-09
-0.00022468900658529996,8.835071904241225e-09
-0.0002246890065853,8.835071904209877e-09
-0.0002246890065853,8.835071904209877e-09
-0.0002246890065853,8.835071904209877e-09
-0.0002246890065853,8.835071904209877e-09
-0.0002246890065853,8.835071904860428e-09
-0.0002246890065853,8.83507190421406e-09
-0.0002246890065852848,8.835071904211594e-09
-0.0002246890065853,8.835071904209877e-09
-0.0002246890065853,8.835071904209877e-09
-0.0002246890065853,8.835071904209877e-09
2.830459084751083e-05,3.573925733446811
-0.0002246890065853,8.835071904261971e-09
-0.0002246890065853,8.835071904209877e-09
-0.0002246890065791643,8.835071903775612e-09
-0.0002246890065853,8.835071904209877e-09
-0.0002246890065853,8.835071904209877e-09
-0.0002246890065853,8.835071904209877e-09
-0.0002246890065853,8.835071904589363e-09
-0.0002246890065853,8.835071904213953e-09
-0.0002246890065853,8.835071904209877e-09
-0.0002246890065853,8.835071904209877e-09
-0.0002246890065853,8.835071904209877e-09
-0.0002246890065853,8.835071904209877e-09
-151996493082847.22,10757861458.176594
-0.00022468900658529996,8.835071904263453e-09
-0.0002246890065853,8.835071904250333e-09
-0.0002246890065808018,8.83507294518956e-09
-0.0002246890065853,8.835071904209877e-09
-0.0002246890065853,8.835071904209877e-09
-0.0002246890065853,8.835071904209877e-09
-0.0002246890065853,8.835071904680857e-09
-0.0002246890065853,8.835071904213689e-09
-0.0002246890065852995,8.835076651989189e-09
-0.0002246890065853,8.835071904209877e-09
-0.0002246890065853,8.835071904209877e-09
-0.0002246890065853,8.835071904209877e-09
2.8446715934880612e-05,3.5765233038625692
-0.00022468900658529996,8.835071904218399e-09
-0.00022468900658529964,8.835072608679003e-09
-0.00022468900658529994,8.835072653842504e-09
-0.0002246890065853,8.835071904209877e-09
-0.0002246890065853,8.835071904209877e-09
-0.0002246890065853,8.835071904209877e-09
-0.0002246890065853,8.835071904261548e-09
-0.00022468900658529996,8.835071904213794e-09
-0.0002246890065852035,8.835074680546239e-09
-0.0002246890065853,8.835071904209877e-09
-0.0002246890065853,8.835071904209877e-09
-0.0002246890065853,8.835071904209877e-09
89128.96074279714,-2.7304713404701544
-0.00022468900658529996,8.835071904221947e-09
-0.0002246890065853,8.835071904768919e-09
-0.0002246890065841824,8.835071904130777e-09
-0.0002246890065853,8.835071904209877e-09
-0.0002246890065853,8.835071904209877e-09
-0.0002246890065853,8.835071904209877e-09
-0.0002246890065853,8.835071904289501e-09
-0.00022468900658529996,8.835071904241642e-09
-0.00022468900658516276,8.835074125432265e-09
-0.0002246890065853,8.835071904209877e-09
-0.0002246890065853,8.835071904209877e-09
-0.0002246890065853,8.835071904209877e-09
-3.218643976021107e+26,2.278060846236053e+22
-0.00022468900658529996,8.83507190424376e-09
-0.00022468900658529953,8.835071904230709e-09
-0.0002246890065841477,8.835071904128322e-09
-0.0002246890065853,8.835071904209877e-09
-0.0002246890065853,8.835071904209877e-09
-0.0002246890065853,8.835071904209877e-09
-0.0002246890065853,8.835071904543623e-09
-0.00022468900658529996,8.835071904215303e-09
-0.0002246890065853,8.835071904209877e-09
-0.0002246890065853,8.835071904209877e-09
-0.0002246890065853,8.835071904209877e-09
-0.0002246890065853,8.835071904209877e-09
2.8721805021998713e-05,3.580410003529348
-0.00022468900658529983,8.835071904237396e-09
-0.00022468900658529988,8.835071904242068e-09
-0.0002246890065851152,8.835071904196798e-09
-0.0002246890065853,8.835071904209877e-09
-0.0002246890065853,8.835071904209877e-09
-0.0002246890065853,8.835071904209877e-09
-0.0002246890065853,8.835071904941743e-09
-0.00022468900658529994,8.835071904215723e-09
-0.00022468900657180785,8.835071903254943e-09
-0.0002246890065853,8.835071904209877e-09
-0.0002246890065853,8.835071904209877e-09
-0.0002246890065853,8.835071904209877e-09
89128.9607430736,-2.7265650904799386
-0.00022468900658529996,8.835071904278913e-09
-0.00022468900658529956,8.835077484454868e-09
-0.00022468900658446017,8.835071904150437e-09
-0.0002246890065853,8.835071904209877e-09
-0.0002246890065853,8.835071904209877e-09
-0.0002246890065853,8.835071904209877e-09
-0.00022468900658529996,8.835071904278065e-09
-0.00022468900658529994,8.83507190421387e-09
-0.00022468900657241848,8.83507190329816e-09
-0.0002246890065853,8.835071904209877e-09
-0.0002246890065853,8.835071904209877e-09
-0.0002246890065853,8.835071904209877e-09
2.8904286520509744e-05,3.582988262037295
-0.0002246890065853,8.835071904982404e-09
-0.00022468900658529985,8.835071904414043e-09
-0.0002246890065853,8.835071904209877e-09
-0.0002246890065853,8.835071904209877e-09
-0.0002246890065853,8.835071904209877e-09
-0.0002246890065853,8.835071904209877e-09
-0.00022468900658529977,8.835071904226062e-09
-0.00022468900658529996,8.83507190421472e-09
-0.00022468900658434898,8.835071904142568e-09
-0.0002246890065853,8.835071904209877e-09
-0.0002246890065853,8.835071904209877e-09
-0.0002246890065853,8.835071904209877e-09
-2.1051933453922135e-05,3.5842967067384346
-0.00022468886196741323,8.835061668604223e-09
-0.00022468900658529476,8.83507190440606e-09
-0.0002246890065853,8.835071904209877e-09
-0.0002246890065853,8.835071904209877e-09
-0.0002246890065853,8.835071904209877e-09
-0.0002246890065853,8.835071904209877e-09
-0.00022468900658529983,8.835071904209864e-09
-0.00022468900658529994,8.835071904209872e-09
-0.0002246890065853,8.835071904209877e-09
-0.0002246890065853,8.835071904209877e-09
-0.0002246890065853,8.835071904209877e-09
-0.0002246890065853,8.835071904209877e-09
1.90232055342799e+17,-13464061269399.717
-0.00022468880466927494,8.835057613214824e-09
-0.00022468900658529975,8.835075207808193e-09
-0.0002246890065853,8.835071904209877e-09
-0.0002246890065853,8.835071904209877e-09
-0.0002246890065853,8.835071904209877e-09
-0.0002246890065853,8.835071904209877e-09
-0.00022468900658529977,8.83507271262102e-09
-0.00022468900658529983,8.835071904209865e-09
-0.0002246890065853,8.835071904209877e-09
-0.0002246890065853,8.835071904209877e-09
-0.0002246890065853,8.835071904209877e-09
-0.0002246890065853,8.835071904209877e-09
2.918075932162149e-05,3.5868945120275106
-0.00022468900658529996,8.835071904209875e-09
-0.0002246890065853,8.835071904342014e-09
-0.0002246890065853,8.835071904209877e-09
-0.0002246890065853,8.835071904209877e-09
-0.0002246890065853,8.835071904209877e-09
-0.0002246890065853,8.835071904209877e-09
-0.00022468900658529966,8.835074513354459e-09
-0.00022468900658529964,8.835071963195162e-09
-0.0002246890065853,8.835071904209877e-09
-0.0002246890065853,8.835071904209877e-09
-0.0002246890065853,8.835071904209877e-09
-0.0002246890065853,8.835071904209877e-09
-2.0775460652810388e-05,3.5882029567286504
-0.00022468895633367088,8.83506834754845e-09
-0.0002246890065853,8.835071904415747e-09
-0.0002246890065853,8.835071904209877e-09
-0.0002246890065853,8.835071904209877e-09
-0.0002246890065853,8.835071904209877e-09
-0.0002246890065853,8.835071904209877e-09
-0.00022468900658529975,8.83507366674895e-09
-0.0002246890065853,8.835071904209877e-09
-0.0002246890065853,8.835071904209877e-09
-0.0002246890065853,8.835071904209877e-09
-0.0002246890065853,8.835071904209877e-09
-0.0002246890065853,8.835071904209877e-09
4.05648181990065e+29,-2.8710576491928973e+25
-0.00022468896292750397,8.835068814240422e-09
-0.0002246890065853,8.835071904209877e-09
-0.0002246890065853,8.835071904209877e-09
-0.0002246890065853,8.835071904209877e-09
-0.0002246890065853,8.835071904209877e-09
-0.0002246890065853,8.835071904209877e-09
-0.0002246890065852998,8.835073375315302e-09
-0.0002246890065853,8.835071904209877e-09
-0.0002246890065853,8.835071904209877e-09
-0.0002246890065853,8.835071904209877e-09
-0.0002246890065853,8.835071904209877e-09
-0.0002246890065853,8.835071904209877e-09
2.9455848436047663e-05,3.5907812116942894
-0.00022468834444040717,8.835025039556125e-09
-0.0002246890065853,8.835071904209877e-09
-0.0002246890065853,8.835071904209877e-09
-0.0002246890065853,8.835071904209877e-09
-0.0002246890065853,8.835071904209877e-09
-0.0002246890065853,8.835071904209877e-09
-0.0002246890065852998,8.835073167148485e-09
-0.0002246890065853,8.835071904209877e-09
-0.0002246890065853,8.835071904209877e-09
-0.0002246890065853,8.835071904209877e-09
-0.0002246890065853,8.835071904209877e-09
-0.0002246890065853,8.835071904209877e-09
-107374183.73103093,7603.218692551198
-0.0002246890065853,8.835071904209877e-09
-0.0002246890065853,8.835071904209877e-09
-0.0002246890065853,8.835071904209877e-09
-0.0002246890065853,8.835071904209877e-09
-0.0002246890065853,8.835071904209877e-09
-0.0002246890065853,8.835071904209877e-09
-0.00022468900658529983,8.835072903470413e-09
-0.0002246890065853,8.835071904209877e-09
-0.0002246890065853,8.835071904209877e-09
-0.0002246890065853,8.835071904209877e-09
-0.0002246890065853,8.835071904209877e-09
-0.0002246890065853,8.835071904209877e-09
2.96396967466604e-05,3.5933787821070946
-0.0002246890065853,8.835071904209877e-09
-0.0002246890065853,8.835071904209877e-09
-0.0002246890065853,8.835071904209877e-09
-0.0002246890065853,8.835071904209877e-09
-0.0002246890065853,8.835071904209877e-09
-0.0002246890065853,8.835071904209877e-09
-0.00022468900658529983,8.835072743846048e-09
-0.0002246890065853,8.835071904209877e-09
-0.0002246890065853,8.835071904209877e-09
-0.0002246890065853,8.835071904209877e-09
-0.0002246890065853,8.835071904209877e-09
-0.0002246890065853,8.835071904209877e-09
2.9732321237159465e-05,3.5946874616845053
-0.0002246890065853,8.835071904209877e-09
-0.0002246890065853,8.835071904209877e-09
-0.0002246890065853,8.835071904209877e-09
-0.0002246890065853,8.835071904209877e-09
-0.0002246890065853,8.835071904209877e-09
-0.0002246890065853,8.835071904209877e-09
-0.00022468900658529983,8.835072834081791e-09
-0.0002246890065853,8.835071904209877e-09
-0.0002246890065853,8.835071904209877e-09
-0.0002246890065853,8.835071904209877e-09
-0.0002246890065853,8.835071904209877e-09
-0.0002246890065853,8.835071904209877e-09
-4.932681941356223e+32,3.491206135644238e+28
-0.00022468704194552073,8.834932852827014e-09
-0.0002246890065853,8.835071904209877e-09
-0.0002246890065853,8.835071904209877e-09
-0.0002246890065853,8.835071904209877e-09
-0.0002246890065853,8.835071904209877e-09
-0.0002246890065853,8.835071904209877e-09
-0.00022468900658529983,8.835072882653837e-09
562079230.5919386,-39782.302647747456
-0.0002246890065853,8.835071904209877e-09
-0.0002246890065853,8.835071904209877e-09
-0.0002246890065853,8.835071904209877e-09
-0.0002246890065853,8.835071904209877e-09
2.9914785833801757e-05,3.5972654817738734
-0.0002246890065853,8.835071904209877e-09
-0.0002246890065853,8.835071904209877e-09
-0.0002246890065853,8.835071904209877e-09
-0.0002246890065853,8.835071904209877e-09
-0.0002246890065853,8.835071904209877e-09
-0.0002246890065853,8.835071904209877e-09
-0.00022468900658529983,8.835072882653943e-09
-0.0002246890065853,8.835071904209877e-09
-0.0002246890065853,8.835071904209877e-09
-0.0002246890065853,8.835071904209877e-09
-0.0002246890065853,8.835071904209877e-09
-0.0002246890065853,8.835071904209877e-09
0.05878000711413461,3.598570003200366
-0.0002246890065853,8.835071904209877e-09
-0.0002246890065853,8.835071904209877e-09
-0.0002246890065853,8.835071904209877e-09
-0.0002246890065853,8.835071904209877e-09
-0.0002246890065853,8.835071904209877e-09
-0.0002246890065853,8.835071904209877e-09
-0.00022468900658529985,8.83507281326511e-09
-0.0002246890065853,8.835071904209877e-09
-0.0002246890065853,8.835071904209877e-09
-0.0002246890065853,8.835071904209877e-09
-0.0002246890065853,8.835071904209877e-09
-0.0002246890065853,8.835071904209877e-09
-4.932681941356223e+32,3.491206135644238e+28
-0.0002246890065853,8.835071904209877e-09
-0.0002246890065853,8.835071904209877e-09
-0.0002246890065853,8.835071904209877e-09
-0.0002246890065853,8.835071904209877e-09
-0.0002246890065853,8.835071904209877e-09
-0.0002246890065853,8.835071904209877e-09
-0.00022468900658529985,8.83507264670164e-09
-0.0002246890065853,8.835071904209877e-09
-0.0002246890065853,8.835071904209877e-09
-0.0002246890065853,8.835071904209877e-09
-0.0002246890065853,8.835071904209877e-09
-0.0002246890065853,8.835071904209877e-09
3.0191258634913558e-05,3.6011717317640897
-0.0002246890065853,8.835071904209877e-09
-0.0002246890065853,8.835071904209877e-09
-0.0002246890065853,8.835071904209877e-09
-0.0002246890065853,8.835071904209877e-09
-0.0002246890065853,8.835071904209877e-09
