x,y
-4.932681935300833e+32,4.261734703498677e+28
-0.000274279117195,1.2925976994460992e-08
-0.000274279117195,1.2925976994460992e-08
-0.000274279117195,1.2925976994460992e-08
-0.000274279117195,1.2925976994460992e-08
-0.000274279117195,1.2925976994460992e-08
-0.000274279117195,1.2925976994460992e-08
-0.0002742791171949999,1.292597768491105e-08
-0.000274279117195,1.2925976994460992e-08
-0.000274279117195,1.2925976994460992e-08
-0.000274279117195,1.2925976994460992e-08
-0.000274279117195,1.2925976994460992e-08
-0.000274279117195,1.2925976994460992e-08
3.702166003750917e-05,3.603105306103475
-0.000274279117195,1.2925976994460992e-08
-0.000274279117195,1.2925976994460992e-08
-0.000274279117195,1.2925976994460992e-08
-0.000274279117195,1.2925976994460992e-08
-0.000274279117195,1.2925976994460992e-08
-0.000274279117195,1.2925976994460992e-08
-0.0002742791171949999,1.2925977698788732e-08
-0.000274279117195,1.2925976994460992e-08
-0.000274279117195,1.2925976994460992e-08
-0.000274279117195,1.2925976994460992e-08
-0.000274279117195,1.2925976994460992e-08
-0.000274279117195,1.2925976994460992e-08
126443839016.07362,-10924481.368394958
-0.000274279117195,1.2925976994460992e-08
-0.000274279117195,1.2925976994460992e-08
-0.000274279117195,1.2925976994460992e-08
-0.000274279117195,1.2925976994460992e-08
-0.000274279117195,1.2925976994460992e-08
-0.000274279117195,1.2925976994460992e-08
-0.0002742791171949999,1.292597750449981e-08
-0.000274279117195,1.2925976994460992e-08
-0.000274279117195,1.2925976994460992e-08
-0.000274279117195,1.2925976994460992e-08
-0.000274279117195,1.2925976994460992e-08
-0.000274279117195,1.2925976994460992e-08
3.7246139083120565e-05,3.6057031149316665
-0.000274279117195,1.2925976994460992e-08
-0.000274279117195,1.2925976994460992e-08
-0.000274279117195,1.2925976994460992e-08
-0.000274279117195,1.2925976994460992e-08
-0.000274279117195,1.2925976994460992e-08
-0.000274279117195,1.2925976994460992e-08
-0.0002742791171949999,1.2925977469805182e-08
-0.000274279117195,1.2925976994460992e-08
-0.000274279117195,1.2925976994460992e-08
-0.000274279117195,1.2925976994460992e-08
-0.000274279117195,1.2925976994460992e-08
-0.000274279117195,1.2925976994460992e-08
-71.6799626801479,3.6131850088358988
-0.000274279117195,1.2925976994460992e-08
-0.000274279117195,1.2925976994460992e-08
-0.000274279117195,1.2925976994460992e-08
-0.000274279117195,1.2925976994460992e-08
-0.000274279117195,1.2925976994460992e-08
-0.000274279117195,1.2925976994460992e-08
-0.0002742791171949999,1.2925977426422113e-08
-0.000274279117195,1.2925976994460992e-08
-0.000274279117195,1.2925976994460992e-08
-0.000274279117195,1.2925976994460992e-08
-0.000274279117195,1.2925976994460992e-08
-0.000274279117195,1.2925976994460992e-08
2.7200830119231544e+23,-2.3500952058858275e+19
-0.000274279117195,1.2925976994460992e-08
-0.000274279117195,1.2925976994460992e-08
-0.000274279117195,1.2925976994460992e-08
-0.000274279117195,1.2925976994460992e-08
-0.000274279117195,1.2925976994460992e-08
-0.000274279117195,1.2925976994460992e-08
-0.0002742791171949999,1.2925977473274682e-08
-0.000274279117195,1.2925976994460992e-08
-0.000274279117195,1.2925976994460992e-08
-0.000274279117195,1.2925976994460992e-08
-0.000274279117195,1.2925976994460992e-08
-0.000274279117195,1.2925976994460992e-08
3.758363096566567e-05,3.6096093649170875
-0.000274279117195,1.2925976994460992e-08
-0.000274279117195,1.2925976994460992e-08
-0.000274279117195,1.2925976994460992e-08
-0.000274279117195,1.2925976994460992e-08
-0.000274279117195,1.2925976994460992e-08
-0.000274279117195,1.2925976994460992e-08
-0.0002742791171949999,1.2925977580827588e-08
-0.000274279117195,1.2925976994460992e-08
-0.000274279117195,1.2925976994460992e-08
-0.000274279117195,1.2925976994460992e-08
-0.000274279117195,1.2925976994460992e-08
-0.000274279117195,1.2925976994460992e-08
-71.67996234265601,3.6170912588213193
-0.000274279117195,1.2925976994460992e-08
-0.000274279117195,1.2925976994460992e-08
-0.000274279117195,1.2925976994460992e-08
-0.000274279117195,1.2925976994460992e-08
-0.000274279117195,1.2925976994460992e-08
-0.000274279117195,1.2925976994460992e-08
-0.0002742791171949999,1.2925977601644217e-08
-0.000274279117195,1.2925976994460992e-08
-0.000274279117195,1.2925976994460992e-08
-0.000274279117195,1.2925976994460992e-08
-0.000274279117195,1.2925976994460992e-08
-0.000274279117195,1.2925976994460992e-08
5.8486031279336205e+35,-5.05307158341753e+31
-0.000274279117195,1.2925976994460992e-08
-0.000274279117195,1.2925976994460992e-08
-0.000274279117195,1.2925976994460992e-08
-0.000274279117195,1.2925976994460992e-08
-0.000274279117195,1.2925976994460992e-08
-0.000274279117195,1.2925976994460992e-08
-0.0002742791171949999,1.2925977629399899e-08
-0.000274279117195,1.2925976994460992e-08
-0.000274279117195,1.2925976994460992e-08
-0.000274279117195,1.2925976994460992e-08
-0.000274279117195,1.2925976994460992e-08
-0.000274279117195,1.2925976994460992e-08
3.791943374088845e-05,3.6134960645790946
-0.000274279117195,1.2925976994460992e-08
-0.000274279117195,1.2925976994460992e-08
-0.000274279117195,1.2925976994460992e-08
-0.000274279117195,1.2925976994460992e-08
-0.000274279117195,1.2925976994460992e-08
-0.000274279117195,1.2925976994460992e-08
-0.0002742791171949999,1.292597752184699e-08
-0.000274279117195,1.2925976994460992e-08
-0.000274279117195,1.2925976994460992e-08
-0.000274279117195,1.2925976994460992e-08
-0.000274279117195,1.2925976994460992e-08
-0.000274279117195,1.2925976994460992e-08
-151996492896255.4,13132181179.747234
-0.00027427820766743905,1.2925898413169491e-08
-0.000274279117195,1.2925976994460992e-08
-0.000274279117195,1.2925976994460992e-08
-0.000274279117195,1.2925976994460992e-08
-0.000274279117195,1.2925976994460992e-08
-0.000274279117195,1.2925976994460992e-08
-0.0002742791171949999,1.2925977521846937e-08
-0.000274279117195,1.2925976994460992e-08
-0.000274279117195,1.2925976994460992e-08
-0.000274279117195,1.2925976994460992e-08
-0.000274279117195,1.2925976994460992e-08
-0.000274279117195,1.2925976994460992e-08
3.814216931986549e-05,3.6160740846652977
-0.000274279117195,1.2925976994460992e-08
-0.000274279117195,1.2925976994460992e-08
-0.000274279117195,1.2925976994460992e-08
-0.000274279117195,1.2925976994460992e-08
-0.000274279117195,1.2925976994460992e-08
-0.000274279117195,1.2925976994460992e-08
-0.0002742791171949999,1.2925977448988606e-08
-0.000274279117195,1.2925976994460992e-08
-0.000274279117195,1.2925976994460992e-08
-0.000274279117195,1.2925976994460992e-08
-0.000274279117195,1.2925976994460992e-08
-0.000274279117195,1.2925976994460992e-08
3.829695976658771e-05,3.6173827642374974
-0.000274279117195,1.2925976994460992e-08
-0.000274279117195,1.2925976994460992e-08
-0.000274279117195,1.2925976994460992e-08
-0.000274279117195,1.2925976994460992e-08
-0.000274279117195,1.2925976994460992e-08
-0.000274279117195,1.2925976994460992e-08
-0.0002742791171949999,1.29259775634803e-08
-0.000274279117195,1.2925976994460992e-08
-0.000274279117195,1.2925976994460992e-08
-0.000274279117195,1.2925976994460992e-08
-0.000274279117195,1.2925976994460992e-08
-0.000274279117195,1.2925976994460992e-08
-3.21864397206988e+26,2.780841516622228e+22
-0.000274279117195,1.2925976994460992e-08
-0.000274279117195,1.2925976994460992e-08
-0.000274279117195,1.2925976994460992e-08
-0.000274279117195,1.2925976994460992e-08
-0.000274279117195,1.2925976994460992e-08
-0.000274279117195,1.2925976994460992e-08
-0.0002742791171949999,1.2925977726544413e-08
-0.000274279117195,1.2925976994460992e-08
-0.000274279117195,1.2925976994460992e-08
-0.000274279117195,1.2925976994460992e-08
-0.000274279117195,1.2925976994460992e-08
-0.000274279117195,1.2925976994460992e-08
3.8479661202410595e-05,3.6199803346507187
-0.000274279117195,1.2925976994460992e-08
-0.000274279117195,1.2925976994460992e-08
-0.000274279117195,1.2925976994460992e-08
-0.000274279117195,1.2925976994460992e-08
-0.000274279117195,1.2925976994460992e-08
-0.000274279117195,1.2925976994460992e-08
-0.00027427911719499985,1.2925977830627928e-08
-0.000274279117195,1.2925976994460992e-08
-0.000274279117195,1.2925976994460992e-08
-0.000274279117195,1.2925976994460992e-08
-0.000274279117195,1.2925976994460992e-08
-0.000274279117195,1.2925976994460992e-08
89128.96064343497,-4.079287545014679
-0.000274279117195,1.2925976994460992e-08
-0.000274279117195,1.2925976994460992e-08
-0.000274279117195,1.2925976994460992e-08
-0.000274279117195,1.2925976994460992e-08
-0.000274279117195,1.2925976994460992e-08
-0.000274279117195,1.2925976994460992e-08
-0.00027427911719499985,1.2925977861852894e-08
-0.000274279117195,1.2925976994460992e-08
-0.000274279117195,1.2925976994460992e-08
-0.000274279117195,1.2925976994460992e-08
-0.000274279117195,1.2925976994460992e-08
-0.000274279117195,1.2925976994460992e-08
-3.21864397206988e+26,2.780841516622228e+22
-0.000274279117195,1.2925976994460992e-08
-0.000274279117195,1.2925976994460992e-08
-0.000274279117195,1.2925976994460992e-08
-0.000274279117195,1.2925976994460992e-08
-0.000274279117195,1.2925976994460992e-08
-0.000274279117195,1.2925976994460992e-08
-0.00027427911719499985,1.292597800066116e-08
-0.000274279117195,1.2925976994460992e-08
-0.000274279117195,1.2925976994460992e-08
-0.000274279117195,1.2925976994460992e-08
-0.000274279117195,1.2925976994460992e-08
-0.000274279117195,1.2925976994460992e-08
3.881546397761006e-05,3.6238670343127257
-0.000274279117195,1.2925976994460992e-08
-0.000274279117195,1.2925976994460992e-08
-0.000274279117195,1.2925976994460992e-08
-0.000274279117195,1.2925976994460992e-08
-0.000274279117195,1.2925976994460992e-08
-0.000274279117195,1.2925976994460992e-08
-0.00027427911719499985,1.2925978125561038e-08
-0.000274279117195,1.2925976994460992e-08
-0.000274279117195,1.2925976994460992e-08
-0.000274279117195,1.2925976994460992e-08
-0.000274279117195,1.2925976994460992e-08
-0.000274279117195,1.2925976994460992e-08
1.90232055109269e+17,-16435654307547.033
-0.000274279117195,1.2925976994460992e-08
-0.000274279117195,1.2925976994460992e-08
-0.000274279117195,1.2925976994460992e-08
-0.000274279117195,1.2925976994460992e-08
-0.000274279117195,1.2925976994460992e-08
-0.000274279117195,1.2925976994460992e-08
-0.0002742791171949998,1.292597807004978e-08
-0.000274279117195,1.2925976994460992e-08
-0.000274279117195,1.2925976994460992e-08
-0.000274279117195,1.2925976994460992e-08
-0.000274279117195,1.2925976994460992e-08
-0.000274279117195,1.2925976994460992e-08
3.903822015548019e-05,3.6264452928175075
-0.000274279117195,1.2925976994460992e-08
-0.000274279117195,1.2925976994460992e-08
-1.0944772585035696e-05,3.047924520135412
-0.000274279117195,1.2925976994460992e-08
-0.000274279117195,1.2925976994460992e-08
-0.000274279117195,1.2925976994460992e-08
-0.0002742791171949998,1.2925978035355416e-08
-0.000274279117195,1.2925976994460992e-08
-0.000274279117195,1.2925976994460992e-08
84.53671271005287,-0.007303807103501349
-0.000274279117195,1.2925976994460992e-08
-0.000274279117195,1.2925976994460992e-08
-1.0897560748789146e-05,3.627753738298848
-0.000274279117195,1.2925976994460992e-08
-0.000274279117195,1.2925976994460992e-08
-0.000274279117195,1.2925976994460992e-08
-0.000274279117195,1.2925976994460992e-08
-0.000274279117195,1.2925976994460992e-08
-0.000274279117195,1.2925976994460992e-08
-0.00027427911719499974,1.2925978361483424e-08
-0.000274279117195,1.2925976994460992e-08
-0.000274279117195,1.2925976994460992e-08
88.53672795391267,-0.007649400109555192
-0.000274279117195,1.2925976994460992e-08
-0.000274279117195,1.2925976994460992e-08
1.90232055109269e+17,-16435654307547.03
-0.000274279117195,1.2925976994460992e-08
-0.000274279117195,1.2925976994460992e-08
0.0022211866179585806,28.883399868503357
-0.000274279117195,1.2925976994460992e-08
-0.000274279117195,1.2925976994460992e-08
-0.000274279117195,1.2925976994460992e-08
-0.0002742791171949998,1.2925978347606063e-08
-0.000274279117195,1.2925976994460992e-08
-0.00027339290207831424,0.010257379001058118
-0.000274279117195,1.2925976994460992e-08
-0.000274279117195,1.2925976994460992e-08
-0.000274279117195,1.2925976994460992e-08
3.93757120380253e-05,3.630351542802928
-0.000274279117195,1.2925976994460992e-08
-0.000274279117195,1.2925976994460992e-08
0.00028748876900735803,6.502099502665756
-0.000274279117195,1.2925976994460992e-08
-0.000274279117195,1.2925976994460992e-08
-0.000274279117195,1.2925976994460992e-08
-0.00027427911719499974,1.2925978729245225e-08
-0.000274279117195,1.2925976994460992e-08
-0.000274279117195,1.2925976994460992e-08
15.31685670619514,-0.001323355366046467
-0.000274279117195,1.2925976994460992e-08
-0.000274279117195,1.2925976994460992e-08
-107374183.5992078,9280.53800712891
-0.000274279117195,1.2925976994460992e-08
-0.000274279117195,1.2925976994460992e-08
-0.0002742092236356224,0.0008089856136777765
-0.000274279117195,1.2925976994460992e-08
-0.000274279117195,1.2925976994460992e-08
-0.000274279117195,1.2925976994460992e-08
-0.0002742791171949997,1.292597915951763e-08
-0.000274279117195,1.2925976994460992e-08
-0.000274279117195,1.2925976994460992e-08
10.379374844435317,-0.0008967671920235706
-0.000274279117195,1.2925976994460992e-08
-0.000274279117195,1.2925976994460992e-08
4.0564818149208885e+29,-3.5047160047032943e+25
-0.000274279117195,1.2925976994460992e-08
-0.000274279117195,1.2925976994460992e-08
-0.0002742784630071081,7.5847271827418045e-06
-0.000274279117195,1.2925976994460992e-08
-0.000274279117195,1.2925976994460992e-08
-0.000274279117195,1.2925976994460992e-08
-0.0002742791171949997,1.2925978965229237e-08
-0.000274279117195,1.2925976994460992e-08
-0.000274279117195,1.2925976994460992e-08
-0.000274279117195,1.2925976994460992e-08
-0.000274279117195,1.2925976994460992e-08
-0.000274279117195,1.2925976994460992e-08
3.971151484053289e-05,3.6342382424649355
-0.000274279117195,1.2925976994460992e-08
-0.000274279117195,1.2925976994460992e-08
-0.000274279117195,1.2925976994460992e-08
-0.000274279117195,1.2925976994460992e-08
-0.000274279117195,1.2925976994460992e-08
-0.000274279117195,1.2925976994460992e-08
-0.0002742791171949996,1.2925979672995775e-08
-0.000274279117195,1.2925976994460992e-08
-0.0002742659591914735,1.2924840170295293e-08
-0.000274279117195,1.2925976994460992e-08
-0.000274279117195,1.2925976994460992e-08
-0.000274279117195,1.2925976994460992e-08
-107374183.59920746,9280.541913378895
-0.000274279117195,1.2925976994460992e-08
-0.000274279117195,1.2925976994460992e-08
-0.00027427892141859353,2.2789110996262335e-06
-0.000274279117195,1.2925976994460992e-08
-0.000274279117195,1.2925976994460992e-08
-0.000274279117195,1.2925976994460992e-08
-0.0002742791171949996,1.2925980200351075e-08
-0.000274279117195,1.2925976994460992e-08
-0.000274279117195,1.2925976994460992e-08
-0.00026330742244414374,1.1978045364381812e-08
-0.000274279117195,1.2925976994460992e-08
-0.000274279117195,1.2925976994460992e-08
4.0564818149208885e+29,-3.5047160047032943e+25
-0.000274279117195,1.2925976994460992e-08
-0.000274279117195,1.2925976994460992e-08
-0.0002742401672755958,6.241232330886402e-07
-0.000274279117195,1.2925976994460992e-08
-0.000274279117195,1.2925976994460992e-08
-0.000274279117195,1.2925976994460992e-08
-0.0002742791171949998,1.2925976994460974e-08
-0.000274279117195,1.2925976994460992e-08
-0.00027427707898110986,1.4992999317178806e-08
-0.000274279117195,1.2925976994460992e-08
-0.000274279117195,1.2925976994460992e-08
-0.000274279117195,1.2925976994460992e-08
0.05879004694930421,3.638119866249042
-0.00027426730050697165,1.2924956057167416e-08
-0.00027427911713023595,1.3675579094275354e-08
-0.00027427910520035287,1.5175624997578423e-07
-0.000274279117195,1.2925976994460992e-08
-0.000274279117195,1.2925976994460992e-08
-0.000274279117195,1.2925976994460992e-08
-0.0002742791171949998,1.2925976994460974e-08
-0.000274279117195,1.2925976994460992e-08
-0.0002742783382029066,1.6084505532284917e-08
-0.0002711785613198686,1.2658095409017179e-08
-0.000274279117195,1.2925976994460992e-08
-0.000274279117195,1.2925976994460992e-08
-4.932681935300833e+32,4.261734703498677e+28
-0.0002742775018658023,1.2925837433374554e-08
-0.00027427911711450483,1.3857656613323882e-08
-0.0002742791152631727,3.5285627042428555e-08
-0.000274279117195,1.2925976994460992e-08
-0.000274279117195,1.2925976994460992e-08
-0.000274279117195,1.2925976994460992e-08
-0.00027427911719499974,1.292597699446097e-08
-0.000274279117195,1.2925976994460992e-08
-0.00027427911649470965,1.338082787034966e-08
-0.000274178965209114,1.2917324070970829e-08
-0.000274279117195,1.2925976994460992e-08
-0.000274279117195,1.2925976994460992e-08
4.0271742274770276e-05,3.640722512536559
-0.000274279117195,1.2925976994460992e-08
-0.0002742791171948827,1.2927334480194326e-08
-0.00027427279985770366,1.292543118964441e-08
-0.000274279117195,1.2925976994460992e-08
-0.000274279117195,1.2925976994460992e-08
-0.000274279117195,1.2925976994460992e-08
-0.00027427911719499974,1.2925976994460967e-08
-0.000274279117195,1.2925976994460992e-08
-0.00027427911712347373,1.2926028071174938e-08
-0.0002739530149434604,1.2897802437485614e-08
-0.000274279117195,1.2925976994460992e-08
-0.000274279117195,1.2925976994460992e-08
0.058790384441186755,3.642026116234463
-0.000274279117195,1.2925976994460992e-08
-0.000274279117190854,1.2973964011419598e-08
-0.0002742791171057105,1.2925976986746562e-08
-0.000274279117195,1.2925976994460992e-08
-0.000274279117195,1.2925976994460992e-08
-0.000274279117195,1.2925976994460992e-08
-0.00027427911719499974,1.2925976994460967e-08
-0.000274279117195,1.2925976994460992e-08
-0.00027427911714636807,1.2926025186593415e-08
-0.000274279117195,1.292597699446099e-08
-0.000274279117195,1.2925976994460992e-08
-0.000274279117195,1.2925976994460992e-08
-4.932681935300833e+32,4.261734703498677e+28
-0.000274279117195,1.2925976994460992e-08
-0.00027427911719467085,1.2929786901697569e-08
-0.0002742791171208096,1.2925976988055755e-08
-0.000274279117195,1.2925976994460992e-08
-0.000274279117195,1.2925976994460992e-08
-0.000274279117195,1.2925976994460992e-08
-0.0002742791171949993,1.292598143559826e-08
-0.000274279117195,1.2925976994460992e-08
-0.00027427911717856025,1.292600698175435e-08
-0.000274279117195,1.2925976994467772e-08
-0.000274279117195,1.2925976994460992e-08
-0.000274279117195,1.2925976994460992e-08
4.0607511289550804e-05,3.64460921219857
-0.000274279117195,1.2925976994460992e-08
-0.0002742791171948729,1.292744816952529e-08
-0.000274279117195,1.2925976994484822e-08
-0.00027427911719499996,1.2925976994460987e-08
-0.000274279117195,1.2925976994460992e-08
-0.000274279117195,1.2925976994460992e-08
-0.00027427911719499914,1.2925982407042973e-08
-0.000274279117195,1.2925976994460992e-08
-0.0002742791171925982,1.292597978448145e-08
-0.000274279117195,1.2925976994465176e-08
-0.000274279117195,1.2925976994460992e-08
-0.000274279117195,1.2925976994460992e-08
126443839016.07364,-10924481.326891052
-0.000274279117195,1.2925976994460992e-08
-0.000274279117195,1.2925976994460992e-08
-0.000274279117195,1.2925976994471423e-08
-0.0002742791171949999,1.2925976994486087e-08
-0.000274279117195,1.2925976994460992e-08
-0.000274279117195,1.2925976994460992e-08
-0.00027427911719499925,1.2925981074775776e-08
-0.000274279117195,1.2925976994460992e-08
-0.0002742791171931535,1.2925976994477691e-08
-0.000274279117195,1.2925976994463522e-08
-0.000274279117195,1.2925976994460992e-08
-0.000274279117195,1.2925976994460992e-08
4.08319903351622e-05,3.6472070210267615
-0.0002742786878967103,1.292593990398073e-08
-0.000274279117195,1.2925976994460992e-08
-0.000274279117195,1.2925976994471952e-08
-0.000274279117195,1.292597699446099e-08
-0.000274279117195,1.2925976994460992e-08
-0.000274279117195,1.2925976994460992e-08
-0.0002742791171949996,1.2925977872261688e-08
-0.000274279117195,1.2925976994460992e-08
-0.0002742791171949998,1.2925976994500796e-08
-0.000274279117195,1.2925976994463853e-08
-0.000274279117195,1.2925976994460992e-08
-0.000274279117195,1.2925976994460992e-08
4.094500317209591e-05,3.6485154621839904
-0.0002742789480205762,1.2925962378142274e-08
-0.0002742791166039659,1.9766814198944426e-08
-0.000274279117195,1.2925976994460992e-08
-0.000274279117195,1.2925976994463072e-08
-0.000274279117195,1.2925976994460992e-08
-0.000274279117195,1.2925976994460992e-08
-0.0002742791171949996,1.2925977365707157e-08
2.5219369903000147e-05,0.00029564619986626286
-0.00027427911719499974,1.2925976994463826e-08
-0.000274279117195,1.2925976994461555e-08
-0.000274279117195,1.2925976994460992e-08
-0.000274279117195,1.2925976994460992e-08
2.7200830119231544e+23,-2.3500952058858275e+19
-0.0002742790362457808,1.2925970000616641e-08
-0.00027427911719499996,1.2925977346695645e-08
-0.000274279117195,1.2925976994759264e-08
-0.000274279117195,1.2925976994463336e-08
-0.000274279117195,1.2925976994460992e-08
-0.000274279117195,1.2925976994460992e-08
-0.0002742791171949996,1.2925977412544692e-08
-0.000274279117195,1.2925976994460992e-08
-0.00027427911719499985,1.292597699446385e-08
-0.000274279117195,1.2925976994461608e-08
-0.000274279117195,1.2925976994460992e-08
-0.000274279117195,1.2925976994460992e-08
4.116779311038498e-05,3.651093720688769
-0.00027427910474576224,1.2925975918872715e-08
0.0003896551558417238,-4.4357870837978904e-08
-0.000274279117195,1.2925976994461892e-08
-0.000274279117195,1.2925976994462256e-08
-0.000274279117195,1.2925976994460992e-08
-0.000274279117195,1.2925976994460992e-08
-0.0002742791171949996,1.2925977292848826e-08
-0.000274279117195,1.2925976994460992e-08
-0.00027427911719499833,1.2925976994461833e-08
-0.000274279117195,1.2925976994461727e-08
-0.000274279117195,1.2925976994460992e-08
-0.000274279117195,1.2925976994460992e-08
-71.67995875680477,3.6585951649164143
-0.00027427910815636824,1.2925976213541986e-08
-0.000274279117195,1.2925976994460992e-08
-0.000274279117195,1.292597699446221e-08
-0.000274279117195,1.2925976994462349e-08
-0.000274279117195,1.2925976994460992e-08
-0.000274279117195,1.2925976994460992e-08
-0.0002742791171949996,1.2925977249480739e-08
-0.000274279117195,1.2925976994460992e-08
-0.00027427911719499985,1.2925976994521563e-08
-0.000274279117195,1.292597699446137e-08
-0.000274279117195,1.2925976994460992e-08
-0.000274279117195,1.2925976994460992e-08
5.8486031279336205e+35,-5.05307158341753e+31
-0.00027427911580937565,1.2925976874745926e-08
-0.0002742787969647738,1.2961885671547128e-08
-0.000274279117195,1.2925976994461912e-08
-0.000274279117195,1.2925976994461952e-08
-0.000274279117195,1.2925976994460992e-08
-0.000274279117195,1.2925976994460992e-08
-0.0002742791171949996,1.2925977200900726e-08
-0.000274279117195,1.2925976994460992e-08
-0.0002742791171949998,1.292597699446366e-08
-0.000274279117195,1.2925976994460992e-08
-0.000274279117195,1.2925976994460992e-08
-0.000274279117195,1.2925976994460992e-08
4.150528499293008e-05,3.6549999706741896
-0.0002742791159301727,1.292597688518254e-08
-0.0002742791171949999,1.2925978209112798e-08
-0.000274279117195,1.2925976994462673e-08
-0.000274279117195,1.2925976994462441e-08
-0.000274279117195,1.2925976994460992e-08
-0.000274279117195,1.2925976994460992e-08
-0.0002742791171949998,1.2925977190491607e-08
-0.000274279117195,1.2925976994460992e-08
-0.000274279117195,1.2925976994473701e-08
-0.000274279117195,1.292597699446769e-08
-0.000274279117195,1.2925976994460992e-08
-0.000274279117195,1.2925976994460992e-08
-71.67995841931288,3.662501414901835
-0.00027427911060093834,1.2925976424747767e-08
-0.0002742791171949667,1.2926362552012234e-08
-0.000274279117195,1.2925976996155521e-08
-0.000274279117195,1.2925976994462011e-08
-0.000274279117195,1.2925976994460992e-08
-0.000274279117195,1.2925976994460992e-08
-0.0002742791171949999,1.29259771809506e-08
-0.000274279117195,1.2925976994460992e-08
-0.000274279117195,1.292597699448768e-08
-0.000274279117195,1.2925976994463136e-08
-0.000274279117195,1.2925976994460992e-08
-0.000274279117195,1.2925976994460992e-08
4.1728020571907124e-05,3.6575779907603927
-0.00027427909297880336,1.2925974902231915e-08
-0.0002742791171949963,1.2926019860084399e-08
-0.00027427911719499996,1.29259777545072e-08
-0.000274279117195,1.2925976994462428e-08
-0.000274279117195,1.2925976994460992e-08
-0.000274279117195,1.2925976994460992e-08
-0.00027427911719499996,1.2925977196563525e-08
-0.000274279117195,1.2925976994460992e-08
-0.000274279117195,1.2925976994476027e-08
-0.000274279117195,1.2925976994463269e-08
-0.000274279117195,1.2925976994460992e-08
-0.000274279117195,1.2925976994460992e-08
4.1882811018629346e-05,3.6588866703325924
-0.0002742790976399168,1.2925975304942437e-08
-0.00027427911681655306,1.292597696176396e-08
-0.000274279117195,1.2925976994647397e-08
-0.000274279117195,1.2925976994471903e-08
-0.000274279117195,1.2925976994460992e-08
-0.000274279117195,1.2925976994460992e-08
-0.00027427911719499996,1.2925977157532511e-08
-6.34771781524741e-05,-5.286300402411723e-09
-0.0002742791170137642,1.292597697880471e-08
-0.0002742791171948898,1.292597699445661e-08
-0.000274279117195,1.2925976994460992e-08
-0.000274279117195,1.2925976994460992e-08
-3.21864397206988e+26,2.780841516622228e+22
-0.00027427908991015906,1.2925974637107424e-08
-0.000274279117195,1.2925976994460992e-08
-0.00027427911719499974,1.2925976994467456e-08
-0.000274279117195,1.2925976994487791e-08
-0.000274279117195,1.2925976994460992e-08
-0.000274279117195,1.2925976994460992e-08
-0.00027427911719499996,1.2925977049106532e-08
-0.0002742791155891734,1.2925976855720913e-08
-0.000274279117195,1.2925976994465838e-08
-0.00027427911719494726,1.2925977339811384e-08
-0.000274279117195,1.2925976994460992e-08
-0.000274279117195,1.2925976994460992e-08
4.206551245445223e-05,3.6614842407458137
-0.00027427911719458254,1.2930808973443905e-08
-0.00027427911719499996,1.2925977363957091e-08
-0.00027427911719499974,1.2925976994732137e-08
-0.000274279117195,1.2925976994461002e-08
-0.000274279117195,1.2925976994460992e-08
-0.000274279117195,1.2925976994460992e-08
-0.00027427911719499996,1.2925977292833427e-08
-0.0002742791105419992,1.2939109755269472e-08
-0.0002742791171949989,1.2925989654197586e-08
-0.00027427911719493794,1.2925976994503294e-08
-0.000274279117195,1.2925976994460992e-08
-0.000274279117195,1.2925976994460992e-08
89128.96064702082,-4.037783638919583
-0.00027427911364182283,1.2929785196551757e-08
-0.00027427911719471633,1.2929260410522488e-08
-0.000274279117195,1.2925976994463216e-08
-0.000274279117195,1.2925976994460999e-08
-0.000274279117195,1.2925976994460992e-08
-0.000274279117195,1.2925976994460992e-08
-0.00027427911719499996,1.2925977570389181e-08
-0.000274279114266706,1.2929032702340185e-08
-0.00027427911719499996,1.2925976994478252e-08
-0.0002742791170883847,1.2925978345851917e-08
-0.000274279117195,1.2925976994460992e-08
-0.000274279117195,1.2925976994460992e-08
4.228826863229905e-05,3.664062499250595
-0.000274279117195,1.2925976994460992e-08
-0.00027427911719499844,1.2925995207658124e-08
-0.000274279117195,1.2925976994483869e-08
-0.000274279117195,1.2925976994460992e-08
-0.000274279117195,1.2925976994460992e-08
-0.000274279117195,1.2925976994460992e-08
-0.00027427911719499996,1.2925977629397627e-08
-0.00027423323981324145,1.2922434359067344e-08
-0.000274279117195,1.2925976994545295e-08
-0.00027427911716668087,1.2925977679253244e-08
-0.000274279117195,1.2925976994460992e-08
-0.000274279117195,1.2925976994460992e-08
4.24013152296517e-05,3.6653709404078207
-0.00027427242303513193,1.2925398632957153e-08
-0.000274279117195,1.2925976994460992e-08
-0.00027427911719499535,1.2926030522507992e-08
-0.000274279117195,1.2925976994460994e-08
-0.000274279117195,1.2925976994460992e-08
-0.000274279117195,1.2925976994460992e-08
-0.000274279117195,1.2925977060817538e-08
-0.000274279117195,1.2925976994460992e-08
-0.000274279117195,1.2925976994498061e-08
-0.00027427911719372965,1.292597699662919e-08
-0.000274279117195,1.2925976994460992e-08
-0.000274279117195,1.2925976994460992e-08
1.90232055109269e+17,-16435654307546.992
-0.00027427767627995144,1.2925852502394652e-08
-0.00027412819945326017,1.2912938015163736e-08
-0.000274279117195,1.292597699446099e-08
-0.000274279117195,1.2925976994460995e-08
-0.000274279117195,1.2925976994460992e-08
-0.000274279117195,1.2925976994460992e-08
-0.000274279117195,1.2925977053445427e-08
-0.000274279117195,1.2925976994460992e-08
-0.000274279117195,1.2925977005956652e-08
-0.0002742791171930976,1.2925978049008506e-08
-0.000274279117195,1.2925976994460992e-08
-0.000274279117195,1.2925976994460992e-08
4.2624071407521827e-05,3.6679491989126025
-0.00027427771293518573,1.2925855669330732e-08
-0.000274279117195,1.2925976994482067e-08
-0.000274279117195,1.2925976994460992e-08
-0.000274279117195,1.2925977040020125e-08
-0.000274279117195,1.2925976994460992e-08
-0.000274279117195,1.2925976994460992e-08
-0.000274279117195,1.2925977038915258e-08
-0.00027427760349095465,1.2925846213576567e-08
-0.000274279117195,1.292597699451119e-08
-0.000274279117195,1.2925976994508444e-08
-0.000274279117195,1.2925976994460992e-08
-0.000274279117195,1.2925976994460992e-08
4.27388071121968e-05,3.6692771903932417
-0.00027427811283796177,1.2925890220099687e-08
-0.0002742791120777622,1.2925976552382313e-08
-0.00027427911719498765,1.292612005226727e-08
-0.000274279117195,1.292597721486181e-08
-0.000274279117195,1.2925976994460992e-08
-0.000274279117195,1.2925976994460992e-08
-0.000274279117195,1.292597701419447e-08
-0.000274279117177945,1.3123377575715814e-08
-0.00027427911719499996,1.2925976994461025e-08
-0.0002742791171942882,1.2925980604920643e-08
-0.000274279117195,1.2925976994460992e-08
-0.000274279117195,1.2925976994460992e-08
4.0564818149208885e+29,-3.5047160047032943e+25
-0.000274279117195,1.2925976994460992e-08
-0.000274279117195,1.2925976994546564e-08
-0.000274279117195,1.2925976994460992e-08
-0.000274279117195,1.2925976994461002e-08
-0.000274279117195,1.2925976994460992e-08
-0.000274279117195,1.2925976994460992e-08
-0.000274279117195,1.2925977001672902e-08
-0.0002742790628038581,1.338080011117707e-08
-0.00027427911719499996,1.2925976994460989e-08
-0.0002742791171949992,1.292597699446093e-08
-0.000274279117195,1.2925976994460992e-08
-0.000274279117195,1.2925976994460992e-08
4.2959874210029474e-05,3.6718358985746096
-0.0002742789843594241,1.3098805746629147e-08
-0.000274279117195,1.2925976994506954e-08
-0.00027427911714364737,1.2926513694441951e-08
-0.000274279117195,1.2925976994460995e-08
-0.000274279117195,1.2925976994460992e-08
-0.000274279117195,1.2925976994460992e-08
-0.000274279117195,1.2925976999692266e-08
-0.0002742791074723867,1.2925976154447404e-08
-0.0002742791171949999,1.2925976994460984e-08
-0.00027427911719499865,1.2925976994911779e-08
-0.000274279117195,1.2925976994460992e-08
-0.000274279117195,1.2925976994460992e-08
-107374183.59920421,9280.579511035005
-0.00027427903804846406,1.2963714186629179e-08
-0.000274279117195,1.2925976994527082e-08
-0.00027427911680597423,1.2926018927280462e-08
-0.000274279117195,1.2925976994460994e-08
-0.000274279117195,1.2925976994460992e-08
-0.000274279117195,1.2925976994460992e-08
-0.000274279117195,1.2925976999800688e-08
-0.00027427909956876626,1.292597547159102e-08
-0.0002742791171949999,1.2925976994460984e-08
-0.00027427911719499996,1.292597699977358e-08
-0.000274279117195,1.2925976994460992e-08
-0.000274279117195,1.2925976994460992e-08
4.0564818149208885e+29,-3.5047160047032943e+25
-0.000274279117195,1.2925976994460992e-08
-0.0002742791171929368,1.2949856923655853e-08
-0.0002742791171949935,1.2926052076003258e-08
-0.000274279117195,1.2925976994460992e-08
-0.000274279117195,1.2925976994460992e-08
-0.000274279117195,1.2925977107224834e-08
-0.000274279117195,1.2925976999611935e-08
4.844787481821795,-0.0004185903433604762
-0.000274279117195,1.2925976994461098e-08
-0.00027427911719499985,1.2925976996148831e-08
-0.000274279117195,1.2925976994460992e-08
-0.000274279117195,1.2925976994460992e-08
4.3297366092574525e-05,3.6757421485600306
-0.0002742778217997693,1.2925865075004563e-08
-0.000274279117195,1.2925976994467664e-08
-0.000274279117195,1.2925976994805003e-08
-0.000274279117195,1.2925976994460992e-08
-0.000274279117195,1.2925976994460992e-08
14593.503577503541,-1.2608483982738974
-0.000274279117195,1.2925977001075608e-08
10.752349238795217,-0.0009289914047502127
-0.000274279117195,1.292597703827528e-08
-0.0002742791171949999,1.2925976994460984e-08
-0.000274279117195,1.2925976994460992e-08
-0.000274279117195,1.2925976994460992e-08
-2.30215356736413e+20,1.9890128492991176e+16
-0.00027427903350428625,1.292596976375721e-08
-0.000274279117195,1.2925976994465571e-08
-0.00027427911719496163,1.2925976994845732e-08
-0.000274279117195,1.2925976994460992e-08
-0.000274279117195,1.2925976994460992e-08
-0.000274279117195,1.2925976994460992e-08
-0.000274279117195,1.2925977006985496e-08
20.12997657653679,-0.001739198922403463
-0.000274279117195,1.2925976994460992e-08
-0.000274279117195,1.2925976994460992e-08
-0.000274279117195,1.2925976994460992e-08
-0.000274279117195,1.2925976994460992e-08
4.352179075158908e-05,3.678339718969647
-0.00027427888978689464,1.2925957346873183e-08
-0.000274279117195,1.2925976994461538e-08
-0.00027427911719499947,1.2925976994460948e-08
-0.000274279117195,1.2925976994460992e-08
-0.000274279117195,1.2925976994460992e-08
-0.000274279117195,1.2925976994460992e-08
-0.000274279117195,1.2925977082934945e-08
49.0102159554414,-0.0042343915989391835
-0.0002741719899816334,1.2916721464419425e-08
-0.000274279117195,1.2925976994460992e-08
-0.000274279117195,1.2925976994460992e-08
-0.000274279117195,1.2925976994460992e-08
0.05879363280055625,3.679623772344137
-0.00027427874794015244,1.2925945091609383e-08
-0.000274279117195,1.2925976994460992e-08
-0.000274279117195,1.2925976994531322e-08
-0.000274279117195,1.2925976994460992e-08
-0.000274279117195,1.2925976994460992e-08
-0.000274279117195,1.2925976994460995e-08
-0.000274279117195,1.2925977104618982e-08
-0.00027427911719499974,1.2925976994464041e-08
-0.0002740564806803853,1.2906741662212398e-08
-0.0002742791171949999,1.2925976994460986e-08
-0.000274279117195,1.2925976994460992e-08
-0.000274279117195,1.2925976994460992e-08
-4.932681935300833e+32,4.261734703498677e+28
-0.0002742791170164279,1.2926147544607839e-08
-0.00027427911719499703,1.2925977000533628e-08
-0.0002742791171949908,1.2926082717169283e-08
-0.000274279117195,1.2925976994460992e-08
-0.000274279117195,1.2925976994460992e-08
-0.000274279117195,1.2925976994460992e-08
-0.00027427911719499996,1.29259776364352e-08
-0.000274279117195,1.2925976994464858e-08
-0.00027427911719497627,1.2925976994527575e-08
-0.00027427909752717714,1.2925975295201962e-08
-0.000274279117195,1.2925976994460992e-08
-0.000274279117195,1.2925976994460992e-08
4.385759352681191e-05,3.6822264186316542
-0.0002742781893731841,1.292589683288718e-08
-0.000274279117195,1.2925976994460992e-08
-0.000274279117195,1.2925976994460992e-08
-0.000274279117195,1.2925976994460992e-08
-0.000274279117195,1.2925976994460992e-08
-0.000274279117195,1.2925976994460992e-08
-0.00027427911719499996,1.292597738483653e-08
-0.000274279117195,1.2925976994468988e-08
-0.00027427911719499996,1.2925977005360367e-08
-0.00027427911719417406,1.2925976994389631e-08
-0.000274279117195,1.2925976994460992e-08
-0.000274279117195,1.2925976994460992e-08
126443839016.07364,-10924481.289293395
-0.0002742779454909373,1.2925875761945757e-08
-0.000274279117195,1.2925976994558846e-08
-0.000274279117195,1.2925976994460992e-08
-0.000274279117195,1.2925976994460992e-08
-0.000274279117195,1.2925976994460992e-08
-0.000274279117195,1.2925976994460992e-08
-0.00027427911719499985,1.2925977282425078e-08
-0.000274279117195,1.2925976994660081e-08
-0.00027427911719499296,1.292597699446266e-08
-0.000274279117195,1.2925976994460992e-08
-0.000274279117195,1.2925976994460992e-08
-0.000274279117195,1.2925976994460992e-08
-4.932681935300833e+32,4.261734703498677e+28
-0.000274279117195,1.2925976994740581e-08
-0.000274279117195,1.292597699446389e-08
-0.000274279117195,1.2925977005469347e-08
-0.000274279117195,1.2925976994460992e-08
-0.000274279117195,1.2925976994460992e-08
-0.0002742791171949998,1.2925979201315966e-08
-0.000274279117195,1.292597715495432e-08
-0.000274279117195,1.2925976996182463e-08
-0.000274279117195,1.2925976994460992e-08
-0.000274279117195,1.2925976994460992e-08
-0.000274279117195,1.2925976994460992e-08
-0.000274279117195,1.2925976994460992e-08
4.419336254159244e-05,3.686113118293665
-0.00027427911719499985,1.2925976994490208e-08
-0.000274279117195,1.2925976994460992e-08
-0.00027427911719495404,1.292597699445702e-08
-0.000274279117195,1.2925976994460992e-08
-0.000274279117195,1.2925976994461482e-08
-0.000274279117195,1.2925976994460992e-08
-0.000274279117195,1.2925976994460992e-08
-0.000274279117194999,1.2925976994471757e-08
-0.000274279117195,1.2925976994462243e-08
-0.000274279117195,1.2925976994460992e-08
-0.000274279117195,1.2925976994460992e-08
-0.000274279117195,1.2925976994460992e-08
2.7200830119231544e+23,-2.3500952058858275e+19
-0.0002742791171949999,1.2925976994516058e-08
-0.000274279117195,1.2925976994553339e-08
-0.0002742791171949345,1.2925976994455333e-08
-0.000274279117195,1.2925976994460992e-08
-0.000274279117195,1.2925976994460992e-08
-0.0002740878784695256,1.2909454365925497e-08
-0.000274279117195,1.2925976994583843e-08
-0.000274279117195,1.292597699446099e-08
-0.000274279117195,1.2925977028300647e-08
-0.000274279117195,1.2925976994460992e-08
-0.000274279117195,1.2925976994460992e-08
-0.0002742791171947655,1.292869138024165e-08
4.4417841587203835e-05,3.6887109271218566
-0.0002742791171949999,1.2925976994460984e-08
-0.0002742791171949992,1.2925976994504131e-08
-0.0002742791171949988,1.292597699446089e-08
-0.000274279117195,1.2925976994460994e-08
-0.000274279117195,1.2925976994460992e-08
-0.000274279117195,1.2925976994460992e-08
-0.000274279117195,1.2925976994460992e-08
-0.000274279117195,1.2925976994460992e-08
-0.00027427911719499996,1.2925976994484607e-08
-0.000274279117195,1.2925976994460992e-08
1.0626486475499323e+22,-9.181063523434508e+17
-0.000274279117195,1.2925976994460992e-08
-71.6799555084454,3.696192821026089
-0.00027427911719499996,1.2925976994481213e-08
-0.00027427911719499833,1.292597699446105e-08
-0.0002742791171949998,1.2925976994460974e-08
-0.000274279117195,1.2925976994460992e-08
-0.000274279117195,1.2925976994460992e-08
-0.0002742789523672474,1.9207004735806784e-06
-0.000274279117195,1.2925976994460992e-08
-0.000274279117195,1.292597699526074e-08
-0.0002742791171949991,1.2925976996453913e-08
-0.000274279117195,1.2925976994460992e-08
-0.000274279117195,1.2925976994460992e-08
-0.000274279117195,1.2925976994460992e-08
5.8486031279336205e+35,-5.05307158341753e+31
-0.000274279117195,1.2925976994497e-08
-0.000274279117195,1.2925976994461131e-08
-0.00027427911719499925,1.2925976994460928e-08
-0.000274279117195,1.2925976994460992e-08
-0.000274279117195,1.2925976994460992e-08
-0.000274279117195,1.2925976994460992e-08
-0.000274279117195,1.2925976994460992e-08
-0.00027427911719499963,1.292597699446199e-08
-0.000274279117195,1.2925976994460992e-08
-0.000274279117195,1.2925976994460992e-08
-0.000274279117195,1.2925976994460992e-08
-0.0002742791171481647,1.3468065200093423e-08
4.475364436242661e-05,3.692597626783864
-0.0002742791171947866,1.2925976994571338e-08
-0.000274279117195,1.2925976994461189e-08
-0.000274279117195,1.2925976994460992e-08
-0.000274279117195,1.2925976994460992e-08
-0.000274279117195,1.2925976994460992e-08
-0.0002742791165449127,2.045031634016572e-08
-0.000274279117195,1.2925976994460992e-08
-0.000274279117195,1.2925976995142156e-08
-0.000274279117195,1.2925976994460992e-08
-0.000274279117195,1.2925976994460992e-08
-0.000274279117195,1.2925976994460992e-08
-0.000274279117195,1.2925976994460992e-08
-71.67995517095352,3.7000990710115094
-0.00027427909979660137,1.29259754912755e-08
-0.000274279117195,1.292597699446108e-08
-0.000274279117195,1.2925976994460992e-08
-0.000274279117195,1.2925976994460992e-08
-0.000274279117195,1.2925976994460992e-08
-0.00027427911719499996,1.2925977445589309e-08
-0.000274279117195,1.2925976994460992e-08
-0.0002742791171949999,1.2925976994803261e-08
-0.000274279117195,1.2925976994460994e-08
-0.000274279117195,1.2925976994460992e-08
-0.000274279117195,1.2925976994460992e-08
-0.0002742791171947974,1.292832201034378e-08
5.8486031279336205e+35,-5.05307158341753e+31
-0.000274279113413838,1.2925976667776452e-08
-0.00027427780717824315,1.2925863811735118e-08
-0.000274279117195,1.2925976994460992e-08
-0.000274279117195,1.2925976994460992e-08
-0.000274279117195,1.2925976994460992e-08
-0.000274279117195,1.2925976994460992e-08
-0.000274279117195,1.2925976994460992e-08
-0.000274279117195,1.2925976994539784e-08
-0.000274279117195,1.2925976994460994e-08
-0.000274279117195,1.2925976994460992e-08
-0.000274279117195,1.2925976994460992e-08
-0.000274279117195,1.2925976994460992e-08
89128.9606499317,-4.00409223279533
-0.00027427911253276587,1.292597659165365e-08
-0.00027427911719499996,1.292597700568521e-08
-0.000274279117195,1.2925976994460992e-08
-0.000274279117195,1.2925976994460992e-08
-0.000274279117195,1.2925976994460992e-08
1.697515342561313e+22,-1.466617985915969e+18
-0.000274279117195,1.2925976994460992e-08
-0.00027427774931497364,1.2925858812488203e-08
-0.000274279117195,1.2925976994460992e-08
-0.000274279117195,1.2925976994460992e-08
2240.250938062717,-0.19355303714737845
-0.000274279117195,1.2925976994620258e-08
-3.21864397206988e+26,2.780841516622228e+22
-0.0002742791096895203,1.2925976346003139e-08
-0.000274279117195,1.2925977008233091e-08
-0.000274279117195,1.2925976994460992e-08
-0.000274279117195,1.2925976994460992e-08
-0.000274279117195,1.2925976994460992e-08
-0.000274279117195,1.2925976994460999e-08
-0.000274279117195,1.2925976994460992e-08
-0.00027427818935752996,1.2925896831247806e-08
-0.000274279117195,1.2925976994460992e-08
-0.000274279117195,1.2925976994460992e-08
0.008332641800796112,-7.306941073245244e-07
-0.00027427908671979096,1.292597436146625e-08
4.531387182394876e-05,3.6990818968554877
-0.0002742791171949902,1.2925976994460143e-08
-0.000274279117195,1.2925976994526657e-08
-0.000274279117195,1.2925976994460992e-08
-0.000274279117195,1.2925976994460992e-08
-0.000274279117195,1.2925976994460992e-08
1.4353165279603747e+28,1.661285932016498e+32
-0.000274279117195,1.2925976994460992e-08
-0.000274279117195,1.2925976994460992e-08
-0.000274279117195,1.2925976994460992e-08
-0.000274279117195,1.2925976994460992e-08
-0.00024065833235909723,1.0021211040089956e-08
-0.000274279117195,1.2925976994460992e-08
89128.96065026919,-4.000185982809909
-0.0002742790926343324,1.2925974872470339e-08
-0.000274279117195,1.2925976994460992e-08
-0.000274279117195,1.2925976994460992e-08
-0.000274279117195,1.2925976994460992e-08
-0.000274279117195,1.2925976994460992e-08
-0.000274279117195,1.2925977108425556e-08
-0.000274279117195,1.2925976994460992e-08
-0.000274279117195,1.292597699447942e-08
-0.000274279117195,1.2925976994460992e-08
-0.000274279117195,1.2925976994460992e-08
-0.0002742791167153275,1.2925976953018284e-08
-0.000274279117195,1.2925976994460992e-08
-3.21864397206988e+26,2.780841516622228e+22
-0.000274279117195,1.2925976994460992e-08
-0.000274279117195,1.292597699617573e-08
-0.000274279117195,1.2925976994460992e-08
-0.000274279117195,1.2925976994460992e-08
-0.000274279117195,1.2925976994460992e-08
-0.000274279117195,1.2925976994460992e-08
-0.000274279117195,1.2925976994460992e-08
-0.000274279117195,1.2925976994460992e-08
-0.000274279117195,1.2925976994460992e-08
-0.000274279117195,1.2925976994460992e-08
-0.00027427861879129466,1.2925933933416407e-08
840304.8715894505,-72.60059497602012
4.5649674599148227e-05,3.702968596517495
-0.0002742791162924764,1.2925976916484828e-08
-0.000274279117195,1.2925976996616527e-08
-0.000274279117195,1.2925976994460992e-08
-0.000274279117195,1.2925976994460992e-08
-0.000274279117195,1.2925976994460992e-08
-0.0002742791171847813,1.3044251814512647e-08
-0.000274279117195,1.2925976994460992e-08
-0.000274279117195,1.2925976994460992e-08
-0.000274279117195,1.2925976994460992e-08
-0.000274279117195,1.2925976994460992e-08
-0.0002742791171632441,1.292597699171735e-08
8.736571309172276e+17,1.0112015522187e+22
1.90232055109269e+17,-16435654307546.953
-0.0002742791162639198,1.2925976914017598e-08
-0.000274279117195,1.2925976994470154e-08
-0.000274279117195,1.2925976994460992e-08
-0.000274279117195,1.2925976994460992e-08
-0.000274279117195,1.2925976994460992e-08
-0.000274279117195,1.2925976994460992e-08
-0.000274279117195,1.2925976994460992e-08
-0.000274279117195,1.2925976994460992e-08
-0.000274279117195,1.2925976994460992e-08
-0.000274279117195,1.2925976994460992e-08
-0.00027427911719499996,1.2925976994460989e-08
-0.000274279117195,1.2925976994460992e-08
4.587411988434068e-05,3.70556640534569
-0.000274279117195,1.2925976994460992e-08
-0.000274279117195,1.2925976994467557e-08
-0.000274279117195,1.2925976994460992e-08
-0.000274279117195,1.2925976994460992e-08
-0.000274279117195,1.2925976994460992e-08
-0.000274279117195,1.2925976994460995e-08
-0.000274279117195,1.2925976994460992e-08
-0.00027427911719499936,1.2925976994460938e-08
-0.000274279117195,1.2925976994460992e-08
-0.000274279117195,1.2925976994460992e-08
-0.000274279117195,1.2925976994460992e-08
-0.000274279117195,1.2925976994460992e-08
-4.063350127250982e-06,3.706855300503617
-0.00027427911719499936,1.292597699509465e-08
-0.000274279117195,1.2925976994460992e-08
-0.000274279117195,1.2925976994460992e-08
-0.000274279117195,1.2925976994460992e-08
-0.000274279117195,1.2925976994460992e-08
-0.000274279117195,1.2925976994460992e-08
-0.000274279117195,1.2925976994460992e-08
-0.000274279117195,1.2925976994460992e-08
-0.000274279117195,1.2925976994460992e-08
-0.000274279117195,1.2925976994460992e-08
-0.000274279117195,1.2925976994460992e-08
-0.000274279117195,1.2925976994460995e-08
1.90232055109269e+17,-16435654307546.95
-0.0002742791171949996,1.2925976994460956e-08
-0.000274279117195,1.2925976994460992e-08
-0.000274279117195,1.2925976994460992e-08
-0.000274279117195,1.2925976994460992e-08
3477886540787.938,4.025428447877549e+16
-0.000274279117195,1.2925976994510128e-08
-0.000274279117195,1.2925976994460992e-08
-0.000274279117195,1.2925976994460992e-08
-0.000274279117195,1.2925976994460992e-08
-0.000274279117195,1.2925976994460992e-08
2.55804732757811e+18,-221009974130164.72
-0.000274279117195,1.2925976994460992e-08
4.6208233579526e-05,3.709433554684284
-0.000274255360382403,0.00027474705996850715
-0.000274279117195,1.2925976994460992e-08
-0.000274279117195,1.2925976994460992e-08
-0.000274279117195,1.2925976994460992e-08
-0.0002742791058485551,1.44253728732878e-07
-0.0002742791142972299,4.646578957421056e-08
-0.000274279117195,1.2925976994460992e-08
-0.0002742791171949998,1.2925976994460976e-08
-0.000274279117195,1.2925976994460992e-08
-0.000274279117195,1.2925976994460992e-08
-0.000274279117195,1.2925976994460992e-08
0.00024085472184561018,-3.158051638137796e-08
-107374183.59920096,9280.617108691114
-0.00027427910630033685,1.2935980795295214e-07
-0.0002741757183912005,1.2917043552654805e-08
-0.000274279117195,1.2925976994460992e-08
-0.000274279117195,1.2925976994460992e-08
-0.000274279117195,1.2925976994460992e-08
-0.000274279117195,1.2925976994461101e-08
-0.000274279117195,1.2925976994460992e-08
-0.0002741780404192313,1.1445211750383967e-07
-0.000274279117195,1.2925976994460992e-08
-0.000274279117195,1.2925976994460992e-08
-0.000274279117195,1.2925976994460992e-08
-0.000274279117195,1.2925976994460992e-08
4.0564818149208885e+29,-3.5047160047032943e+25
-0.0002742791168041344,1.2925976960691013e-08
-0.000274279117195,1.2925976994467161e-08
-0.000274279117195,1.2925976994460992e-08
-0.000274279117195,1.2925976994460992e-08
-0.000274279117195,1.2925976994460992e-08
-0.000274279117195,1.2925976994460994e-08
-0.000274279117195,1.2925976994460992e-08
-0.000274279117195,1.2925976994460992e-08
-0.000274279117195,1.2925976994460992e-08
-0.000274279117195,1.2925976994460992e-08
-0.000274279117195,1.2925976994460992e-08
2.146106434379883e+18,1.7417495798058116e+22
4.654572546207111e-05,3.7133398046697046
-0.0002742791171949999,1.2925976994531304e-08
-0.000274279117195,1.2925976994465229e-08
-0.000274279117195,1.2925976994460992e-08
-0.000274279117195,1.2925976994460992e-08
-0.000274279117195,1.2925976994460992e-08
-0.00027427911715380596,1.3402771263413225e-08
-0.000274279117195,1.2925976994460992e-08
-0.000274279117195,1.2925976994460992e-08
-0.000274279117195,1.2925976994460992e-08
-0.000274279117195,1.2925976994460992e-08
-0.000274279117195,1.2925976994460992e-08
-0.000274279117195,1.292597699446104e-08
-107374183.59920062,9280.6210149411
-0.00027427910423254517,1.2925975874531827e-08
-0.000274279117195,1.2925976994460992e-08
-0.000274279117195,1.2925976994460992e-08
-0.000274279117195,1.2925976994460992e-08
-0.000274279117195,1.2925976994460992e-08
-0.0002742791171847009,1.3045182667126382e-08
-0.000274279117195,1.2925976994460992e-08
-0.000274279117195,1.2925976994460992e-08
-0.000274279117195,1.2925976994460992e-08
-0.000274279117195,1.2925976994460992e-08
-0.000274279117195,1.2925976994460992e-08
-0.000274279117195,1.2925976997632552e-08
4.6768461013763335e-05,3.7159178247559077
-0.00027427911719499996,1.292597699449869e-08
-0.00027427911719499996,1.2925977542807304e-08
-0.000274279117195,1.2925976994460992e-08
-0.000274279117195,1.2925976994460992e-08
-0.000274279117195,1.2925976994460992e-08
-0.000274279117195,1.2925976994460992e-08
-0.000274279117195,1.2925976994460992e-08
-0.000274279117195,1.292597699446099e-08
-0.000274279117195,1.2925976994460992e-08
-0.000274279117195,1.2925976994460992e-08
-0.000274279117195,1.2925976994460992e-08
-0.000274279117195,1.2925976994460992e-08
0.05879688115992575,3.7172214284538114
-0.0002742791107421995,1.2925976436952436e-08
-0.000274279117195,1.2925976994460992e-08
-0.000274279117195,1.2925976994460992e-08
-0.000274279117195,1.2925976994460992e-08
-0.000274279117195,1.2925976994460992e-08
-0.000274279117195,1.2925976994460992e-08
-0.000274279117195,1.2925976994460992e-08
-0.000274279117195,1.2925976994460992e-08
-0.000274279117195,1.2925976994460992e-08
-0.000274279117195,1.2925976994460992e-08
2.4682573600983475e+18,-213252307500658.38
20.34922131877625,235532.23349593586
-4.932681935300833e+32,4.261734703498677e+28
-0.00027427911384070205,1.2925976704675682e-08
-0.000274279117195,1.2925976994460992e-08
-0.000274279117195,1.2925976994460992e-08
-0.000274279117195,1.2925976994460992e-08
-0.000274279117195,1.2925976994460992e-08
-0.00027427911719435437,1.2933449771170784e-08
-0.000274279117195,1.2925976994460992e-08
-0.000274279117195,1.2925976994460992e-08
-0.000274279117195,1.2925976994460992e-08
-0.000274279117195,1.2925976994460992e-08
-0.000274279117195,1.2925976994460992e-08
-0.000274279117195,1.2925976994460992e-08
4.710595289630844e-05,3.7198240747413287
-0.000274279117195,1.292597699446099e-08
-0.000274279117195,1.2925976994499966e-08
-0.000274279117195,1.2925976994460992e-08
-0.000274279117195,1.2925976994460992e-08
-0.000274279117195,1.2925976994460992e-08
0.0033553801631941867,42.01095566667534
-0.000274279117195,1.2925977038270598e-08
-0.000274279117195,1.2925976994460992e-08
-0.000274279117195,1.2925976994460992e-08
-0.000274279117195,1.2925976994460992e-08
-0.000274279117195,1.2925976994460992e-08
-0.000274279117195,1.2925976994461849e-08
0.05879721865180829,3.721127678439232
-0.00027427911472177396,1.2925976780789832e-08
-0.00027427911719482475,1.2925976994490966e-08
-0.000274279117195,1.2925976994460992e-08
-0.000274279117195,1.2925976994460992e-08
-0.000274279117195,1.2925976994460992e-08
-0.000274279104638388,1.5826062920892946e-07
-0.000274279117195,1.2925977040439011e-08
-0.000274279117195,1.2925976994460992e-08
-0.000274279117195,1.2925976994460992e-08
-0.000274279117195,1.2925976994460992e-08
-0.000274279117195,1.2925976994460992e-08
9.963848220899424e+21,-8.608557839399974e+17
-4.932681935300833e+32,4.261734703498677e+28
-0.0002742791148638823,1.292597679306391e-08
-0.00027427911719494016,1.292597699447319e-08
-0.000274279117195,1.2925976994460992e-08
-0.000274279117195,1.2925976994460992e-08
-0.000274279117195,1.2925976994460992e-08
-0.0002742791170164147,1.4992985773101313e-08
-0.000274279117195,1.2925977032632752e-08
-0.000274279117195,1.2925976994460992e-08
-0.000274279117195,1.2925976994460992e-08
-0.000274279117195,1.2925976994460992e-08
-0.000274279117195,1.2925976994460992e-08
-0.000274279117195,1.292597699446102e-08
4.744172191108897e-05,3.723710774403339
-0.000274279117195,1.29259769944674e-08
-0.000274279117195,1.2925976994480585e-08
-0.000274279117195,1.2925976994460992e-08
-0.000274279117195,1.2925976994460992e-08
-0.000274279117195,1.2925976994460992e-08
-0.000274279117195,1.2925976994461426e-08
-0.000274279117195,1.2925976994460992e-08
-0.000274279117195,1.2925976994460992e-08
-0.000274279117195,1.2925976994460992e-08
-0.000274279117195,1.2925976994460992e-08
-0.000274279117195,1.2925976994460992e-08
77553.45624297182,897631036.6497712
2.7200830119231544e+23,-2.3500952058858275e+19
-0.00027427911551785157,1.2925976849563354e-08
-0.000274279117195,1.2925976994485561e-08
-0.000274279117195,1.2925976994460992e-08
-0.000274279117195,1.2925976994460992e-08
-0.000274279117195,1.2925976994460992e-08
3.552381063549524e+21,4.1116510338126295e+25
-0.000274279117195,1.292597704065585e-08
-0.000274279117195,1.2925976994460992e-08
-0.000274279117195,1.2925976994461004e-08
-0.000274279117195,1.2925976994460992e-08
-0.000274279117195,1.2925976994460992e-08
-0.000274279117195,1.2925976994461449e-08
4.7666200956700364e-05,3.7263085832315306
-0.0002742791156741712,1.2925976863067891e-08
-0.000274279117195,1.292597699446099e-08
-0.000274279117195,1.2925976994460992e-08
-0.000274279117195,1.2925976994460992e-08
-0.000274279117195,1.2925976994461475e-08
-0.00027427911719499985,1.2925978854791824e-08
-0.00027427911719499996,1.292597703154855e-08
-0.000274279117195,1.2925976994460992e-08
-0.000274279117195,1.2925976994460992e-08
-0.000274279117195,1.2925976994460992e-08
-0.000274279117195,1.2925976994460992e-08
-0.000274279117195,1.2925976994460992e-08
-71.67995226008603,3.733790477135763
-0.000274279117195,1.2925976994463374e-08
-0.000274279117195,1.292597699446099e-08
-0.000274279117195,1.2925976994460992e-08
-0.000274279117195,1.2925976994460992e-08
-0.000274279117195,1.2925976994460992e-08
3247463.57949766,37587287923.712944
-0.00027427911719499996,1.2925977026344366e-08
-0.000274279117195,1.2925976994460992e-08
-0.000274279117195,1.2925976994461012e-08
-0.000274279117195,1.2925976994460992e-08
-0.000274279117195,1.2925976994460992e-08
-0.000274279117195,1.2925976994460992e-08
5.8486031279336205e+35,-5.05307158341753e+31
-0.00027427911611470714,1.2925976901127945e-08
-0.000274279117195,1.2925976994470948e-08
-0.000274279117195,1.2925976994460992e-08
-0.000274279117195,1.2925976994460992e-08
-0.000274279117195,1.2925976994460992e-08
-0.00027427911719499985,1.2925978979907695e-08
-0.000274279117195,1.2925977020268921e-08
-0.000274279117195,1.2925976994460992e-08
-0.000274279117195,1.2925976994460992e-08
-0.000274279117195,1.2925976994460992e-08
-0.000274279117195,1.2925976994460992e-08
-0.000274279117195,1.2925976994460992e-08
4.800200373192314e-05,3.730195282893538
-0.0002742791162070774,1.2925976909108137e-08
-0.000274279117195,1.292597699446099e-08
-0.000274279117195,1.2925976994460992e-08
-0.000274279117195,1.2925976994460992e-08
-0.00027427911719499996,1.2925976994460989e-08
-0.00027140985556272463,0.0332098582257263
-0.000274279117195,1.292597699446307e-08
-0.000274279117195,1.2925976994460992e-08
-0.000274279117195,1.2925976994460992e-08
-0.000274279117195,1.2925976994460992e-08
-0.000274279117195,1.2925976994460992e-08
-0.000274279117195,1.2925976994460992e-08
-71.67995192259414,3.7376967271211834
-0.00027427911617865436,1.2925976906652177e-08
-0.000274279117195,1.2925976994460994e-08
-0.000274279117195,1.2925976994460992e-08
-0.000274279117195,1.2925976994460992e-08
-0.000274279117195,1.2925976994460992e-08
-0.0002742791144384639,4.4831097198853644e-08
-0.000274279117195,1.2925977018967874e-08
-0.000274279117195,1.2925976994460992e-08
-0.000274279117195,1.292597699446099e-08
-0.000274279117195,1.2925976994460992e-08
-0.000274279117195,1.2925976994460992e-08
-0.000274279117195,1.2925976994460992e-08
5.8486031279336205e+35,-5.05307158341753e+31
-0.0002742791162497093,1.2925976912791023e-08
-0.000274279117195,1.2925976994460992e-08
-0.000274279117195,1.2925976994460992e-08
-0.000274279117195,1.2925976994460992e-08
-0.000274279117195,1.2925976994460992e-08
7.620194877683405e+23,6.676711315397635e+26
-0.000274279117195,1.2925976994462236e-08
-0.000274279117195,1.2925976994460992e-08
-0.000274279117195,1.2925976994460992e-08
-0.000274279117195,1.2925976994460992e-08
-0.000274279117195,1.2925976994460992e-08
-0.000274279117195,1.2925976994460992e-08
4.833949561446825e-05,3.7341015328789586
-0.000274279117195,1.2925976994460992e-08
-0.000274279117195,1.2925976994460992e-08
-0.000274279117195,1.292597699446099e-08
-0.000274279117195,1.2925976994460992e-08
-0.0002742791055986867,1.4714579397602942e-07
-0.00027427854930118123,5.6011456124648837e-08
-0.000274279117195,1.2925976994460992e-08
-0.000274279117195,1.2925976994460994e-08
-0.000274279117195,1.2925976994460992e-08
-0.000274279117195,1.2925976994460992e-08
1.0645231582978383e+22,-9.197258906820696e+17
8.758787067822874e+17,1.0137728824163504e+22
-3.21864397206988e+26,2.780841516622228e+22
-0.000274279117195,1.2925976994460992e-08
-0.000274279117195,1.2925976994461007e-08
-0.000274279117195,1.2925976994460992e-08
-0.000274279117195,1.2925976994460992e-08
-0.00027427911719496033,1.2925976994457563e-08
-0.00027427911718562226,1.2934184661733557e-08
-0.000274279117195,1.2925976994460992e-08
-0.000274279117195,1.2925976994460992e-08
-0.00027427911719499996,1.2925976994460989e-08
-0.000274279117195,1.2925976994460992e-08
-0.000274279117195,1.2925976994460992e-08
8.738117988227117e+17,1.0113805703032198e+22
4.856223119344529e-05,3.736679552965162
-0.000274279117195,1.2925976994460992e-08
-0.000274279117195,1.2925976994460992e-08
-0.000274279117195,1.2925976994460992e-08
-0.000274279117195,1.2925976994460992e-08
-0.00027427911719498933,1.2926100534839304e-08
-0.00027427911719499985,1.2925978966049602e-08
-0.000274279117195,1.29259770110532e-08
-0.000274279117195,1.2925976994460992e-08
-0.000274279117195,1.292597699446099e-08
-0.000274279117195,1.2925976994460992e-08
-0.000274279117195,1.2925976994460992e-08
9.962691921699412e+21,-8.607558820916124e+17
89128.96065351754,-3.9625883267002346
-0.00027427911668327415,1.2925976950248941e-08
-0.000274279117195,1.2925976994460992e-08
-0.000274279117195,1.2925976994460992e-08
-0.000274279117195,1.2925976994460992e-08
-0.000274279117195,1.2925976994460992e-08
-0.00027427911719499985,1.2925978928408517e-08
-0.000274279117195,1.2925977011703723e-08
-0.000274279117195,1.2925976994460992e-08
-0.000274279117195,1.2925976994461002e-08
-0.000274279117195,1.2925976994460992e-08
-0.000274279117195,1.2925976994460992e-08
8.735648165509985e+17,1.0110947043179395e+22
-3.21864397206988e+26,2.780841516622228e+22
-0.0002742791167045907,1.2925976952090647e-08
-0.000274279117195,1.2925976994460992e-08
-0.000274279117195,1.2925976994460992e-08
-0.000274279117195,1.2925976994460992e-08
-0.000274279117195,1.2925976994460992e-08
-0.000274279117195,1.2925976994460994e-08
-0.000274279117195,1.2925977010944784e-08
-0.000274279117195,1.2925976994460992e-08
-0.000274279117195,1.2925976994460992e-08
-0.000274279117195,1.2925976994460992e-08
-0.000274279117195,1.2925976994460992e-08
-0.000274279117195,1.292597699446102e-08
4.8899723075990394e-05,3.7405858029505827
-0.0002742791168414377,1.2925976963913945e-08
-0.000274279117195,1.2925976994460992e-08
-0.000274279117195,1.2925976994460992e-08
-0.000274279117195,1.2925976994460992e-08
-0.000274279117195,1.2925976994460992e-08
-0.00027427911719443075,1.292597699441181e-08
-0.000274279117195,1.2925977008342704e-08
-0.000274279117195,1.2925976994460992e-08
-0.000274279117195,1.2925976994460992e-08
-0.000274279117195,1.2925976994460992e-08
-0.000274279117195,1.2925976994460992e-08
-0.000274279117195,1.2925976994460992e-08
1.90232055109269e+17,-16435654307546.916
-0.0002742791168094633,1.2925976961151422e-08
-0.000274279117195,1.2925976994504199e-08
-0.000274279117195,1.2925976994460992e-08
-0.000274279117195,1.2925976994460992e-08
-0.000274279117195,1.2925976994460992e-08
-0.000274279117195,1.2925976995087902e-08
-0.000274279117195,1.2925977000885873e-08
-0.000274279117195,1.2925976994460992e-08
-0.000274279117195,1.2925976994460992e-08
-0.000274279117195,1.2925976994460992e-08
-0.000274279117195,1.2925976994460992e-08
35393603.86762616,-3057.933835255068
4.912247925383721e-05,3.743164061455364
-0.00027427911699956715,1.2925976977575996e-08
-0.000274279117195,1.2925976994481008e-08
-0.000274279117195,1.2925976994460992e-08
-0.000274279117195,1.2925976994460992e-08
-0.000274279117195,1.2925976994460992e-08
160808.1397505366,-13.893489166749573
-0.000274279117195,1.2925977006172346e-08
-0.000274279117195,1.2925976994460992e-08
-0.000274279117195,1.2925976994460992e-08
-0.000274279117195,1.2925976994460992e-08
-0.000274279117195,1.2925976994460992e-08
-0.000274279117195,1.2925976994462807e-08
-8.149907577543981e-07,3.7444529566132916
-0.00027427911703242975,1.292597698041546e-08
-0.000274279117195,1.292597699446099e-08
-0.000274279117195,1.2925976994460992e-08
-0.000274279117195,1.2925976994460992e-08
-0.000274279117195,1.292597700243054e-08
-0.00027427911719495816,1.2926461552003013e-08
-0.000274279117195,1.2925976994460992e-08
-0.000274279117195,1.2925976994460992e-08
-0.000274279117195,1.2925976994460992e-08
-0.000274279117195,1.2925976994460992e-08
-0.000274279117195,1.2925976994461118e-08
-0.000274279117195,1.2925976994460992e-08
1.90232055109269e+17,-16435654307546.912
-0.000274279117195,1.2925976994460992e-08
-0.000274279117195,1.292597699446099e-08
-0.000274279117195,1.2925976994460992e-08
-0.000274279117195,1.2925976994460992e-08
-0.0002253360480961069,0.566484342896343
-0.000274279117195,1.2925976994460994e-08
-0.000274279117195,1.2925977000126931e-08
-0.000274279117195,1.2925976994463705e-08
-0.000274279117195,1.2925976994460992e-08
-0.000274279117195,1.2925976994460992e-08
-0.000274279117195,1.2925976994460992e-08
-0.0002419994332235593,1.0137079368312533e-08
4.9458282029060045e-05,3.7470507611173716
-0.000274279117195,1.2925976994460992e-08
-0.000274279117195,1.2925976994460992e-08
-0.000274279117195,1.2925976994460992e-08
-0.000274279117195,1.2925976994460992e-08
-0.000274279117195,1.2925976994460992e-08
859453631068949.4,9.947619209431695e+18
-0.000274279117195,1.292597699991009e-08
-0.000274279117195,1.2925976994460992e-08
-0.000274279117195,1.292597699446099e-08
-0.000274279117195,1.2925976994460992e-08
-0.000274279117195,1.2925976994460992e-08
-0.000274279117195,1.2925976994460992e-08
-107374183.59919772,9280.654706347224
-0.000274279117195,1.292597699446113e-08
-0.000274279117195,1.2925976994460994e-08
-0.000274279117195,1.2925976994460992e-08
-0.000274279117195,1.2925976994460992e-08
-0.000274279117195,1.2925976994460992e-08
-0.00027427911719499735,1.2926007869113348e-08
-0.000274279117195,1.2925976994461125e-08
-0.000274279117195,1.292597699446221e-08
-0.000274279117195,1.2925976994460992e-08
-0.000274279117195,1.2925976994460992e-08
-0.000274279117195,1.2925976994460992e-08
-0.000274279117195,1.2925976994461106e-08
4.9681017608037086e-05,3.7496287812035747
-0.000274279117195,1.292597699446111e-08
-0.000274279117195,1.2925976994460997e-08
-0.000274279117195,1.2925976994460992e-08
-0.000274279117195,1.2925976994460992e-08
-0.000274279117195,1.2925976994460992e-08
-0.0002742791171861668,1.2925976993697935e-08
-0.000274279117195,1.2925976998744572e-08
-0.000274279117195,1.2925976994460992e-08
-0.000274279117195,1.2925976994460992e-08
-0.000274279117195,1.2925976994460992e-08
-0.000274279117195,1.2925976994460992e-08
-0.000274279117195,1.2925976994460992e-08
4.975358742628696e-05,3.7504687298546147
-0.000274279117195,1.2925976994461105e-08
-0.000274279117195,1.2925976994460992e-08
-0.000274279117195,1.2925976994460992e-08
-0.000274279117195,1.2925976994460992e-08
-0.000274279117195,1.2925976994460992e-08
-0.000274279117195,1.2925976994460992e-08
-0.000274279117195,1.2925976997822509e-08
-0.000274279117195,1.2925976994460992e-08
-0.000274279117195,1.2925976994460992e-08
-0.000274279117195,1.2925976994460992e-08
-0.000274279117195,1.2925976994460992e-08
-0.000274279117195,1.2925976994462819e-08
4.0564818149208885e+29,-3.5047160047032943e+25
-0.0002742791171035009,1.2925976986555655e-08
-0.000274279117195,1.2925976994461007e-08
-0.000274279117195,1.2925976994460992e-08
-0.000274279117195,1.2925976994460992e-08
-0.000274279117195,1.2925976994460992e-08
-0.000274279117195,1.2925976994461105e-08
-0.000274279117195,1.2925976997605668e-08
-0.000274279117195,1.2925976994460992e-08
-0.000274279117195,1.2925976994460992e-08
-0.000274279117195,1.2925976994460992e-08
-0.000274279117195,1.2925976994460992e-08
1.0184633814107503e+22,-8.79931200456794e+17
-71.679950171855,3.7579603989205532
-0.000274279117195,1.2925976994460992e-08
-0.000274279117195,1.2925976994461014e-08
-0.000274279117195,1.2925976994460992e-08
-0.000274279117195,1.2925976994460992e-08
-0.000274279117195,1.2925976994460992e-08
-0.00027427911719495735,1.2926471021370541e-08
-0.000274279117195,1.2925976997605668e-08
-0.000274279117195,1.2925976994462362e-08
-0.000274279117195,1.2925976994460992e-08
-0.000274279117195,1.2925976994460992e-08
-0.000274279117195,1.2925976994460992e-08
-0.000274279117195,1.2925976994461449e-08
4.99214888138984e-05,3.752412079685618
-0.000274279117195,1.2925976994461073e-08
-0.000274279117195,1.2925976994460992e-08
-0.000274279117195,1.2925976994460992e-08
-0.000274279117195,1.2925976994460992e-08
-0.000274279117195,1.2925976994460992e-08
-0.000274279117195,1.2925977024178339e-08
-0.000274279117195,1.2925976994461068e-08
-0.000274279117195,1.2925976994460992e-08
-0.000274279117195,1.2925976994460992e-08
-0.000274279117195,1.2925976994460992e-08
-0.000274279117195,1.2925976994460992e-08
-0.0002742791143170602,4.623626650784831e-08
5.8486031279336205e+35,-5.05307158341753e+31
-0.000274279117195,1.2925976994461055e-08
-0.000274279117195,1.292597699446311e-08
-0.000274279117195,1.2925976994460992e-08
-0.000274279117195,1.2925976994460992e-08
-0.000274279117195,1.2925976994460992e-08
0.011828186382510436,140.07820078405734
-0.000274279117195,1.2925976997171987e-08
-0.000274279117195,1.2925976994460992e-08
-0.000274279117195,1.2925976994460992e-08
-0.000274279117195,1.2925976994460992e-08
-0.000274279117195,1.2925976994460992e-08
8.991812263385868e+17,1.0407440397640822e+22
-107374183.59919725,9280.660077440954
-0.0002742791171070536,1.292597698686266e-08
-0.000274279117195,1.2925976994463255e-08
-0.000274279117195,1.2925976994460992e-08
-0.000274279117195,1.2925976994460992e-08
-0.000274279117195,1.2925976994460992e-08
-0.000274279117195,1.2925976994460992e-08
-0.000274279117195,1.2925976996629885e-08
-0.000274279117195,1.2925976994460992e-08
-0.000274279117195,1.2925976994460992e-08
-0.000274279117195,1.2925976994460992e-08
-0.000274279117195,1.2925976994460992e-08
1.0847858662556679e+22,-9.372324493500316e+17
5.00902347551709e-05,3.7543652046783285
-0.0002742791171372684,1.2925976989473101e-08
-0.000274279117195,1.2925976994463163e-08
-0.000274279117195,1.2925976994460992e-08
-0.000274279117195,1.2925976994460992e-08
-0.000274279117195,1.2925976994460992e-08
-0.00027427911713589305,1.3610102081819078e-08
-0.000274279117195,1.2925976996778962e-08
-0.000274279117195,1.2925976994460992e-08
-0.000274279117195,1.2925976994460992e-08
-0.000274279117195,1.2925976994460992e-08
-0.000274279117195,1.2925976994460992e-08
-0.000274279117195,1.2925976994460992e-08
5.8486031279336205e+35,-5.05307158341753e+31
-0.000274279117195,1.2925976994460992e-08
-0.000274279117195,1.2925976994460992e-08
-0.000274279117195,1.2925976994460992e-08
-0.000274279117195,1.2925976994460992e-08
-0.000274279117195,1.2925976994492971e-08
-0.00027427911719439253,1.2925976994408508e-08
-0.000274279117195,1.292597699698225e-08
-0.000274279117195,1.2925976994460992e-08
-0.000274279117195,1.2925976994460992e-08
-0.000274279117195,1.2925976994460992e-08
-0.000274279117195,1.2925976994460992e-08
-0.000274279117195,1.2925976994461457e-08
-2.30215356736413e+20,1.9890128492991176e+16
-0.000274279117195,1.2925976994461037e-08
-0.000274279117195,1.292597699446107e-08
-0.000274279117195,1.2925976994460992e-08
-0.000274279117195,1.2925976994461e-08
-0.000274279117195,1.2925976994460992e-08
-0.000274279117195,1.2925976994460992e-08
-0.000274279117195,1.292597699698225e-08
-0.000274279117195,1.2925976994460992e-08
-0.000274279117195,1.2925976994460992e-08
-0.000274279117195,1.2925976994460992e-08
-0.000274279117195,1.2925976994460992e-08
-0.000274279117195,1.2925976994460992e-08
5.0299014839597664e-05,3.756298779344021
-0.0002742791171383703,1.29259769895683e-08
-0.000274279117195,1.2925976994461052e-08
-0.000274279117195,1.2925976994460992e-08
-0.000274279117195,1.2925976994463705e-08
-0.000274279117195,1.2925976994460992e-08
-0.000274279117195,1.2925976994460992e-08
-0.000274279117195,1.2925976996751857e-08
-0.000274279117195,1.2925976994460992e-08
-0.000274279117195,1.2925976994460992e-08
-0.000274279117195,1.2925976994460992e-08
-0.000274279117195,1.2925976994460992e-08
1.0778106911788299e+22,-9.312060430100643e+17
5.031381488780916e-05,3.7569529999262388
-0.00027427911713591945,1.2925976989356552e-08
-0.000274279117195,1.2925976994460992e-08
-0.000274279117195,1.2925976994460992e-08
-0.000274279117195,1.2925976996291988e-08
-0.000274279117195,1.2925976994460992e-08
-0.000274279117195,1.2925976994460992e-08
-0.000274279117195,1.292597699654857e-08
-0.00027427911719497984,1.2925977013329075e-08
-0.000274279117195,1.2925976994460992e-08
-0.000274279117195,1.2925976994460992e-08
-0.000274279117195,1.2925976994460992e-08
-0.000274279117195,1.2925976994460992e-08
-2.30215356736413e+20,1.9890128492991176e+16
-0.00027427911719497345,1.2925977018532269e-08
-0.00027427911719497984,1.2925976994459258e-08
-0.000274279117195,1.2925976994460992e-08
-0.000274279117195,1.2925976994461073e-08
-0.000274279117195,1.2925976994460992e-08
1.092687656952379e+22,-9.440594323328504e+17
-0.000274279117195,1.292597699446103e-08
-0.000274279117195,1.2925976994460992e-08
-0.000274279117195,1.2925976994460992e-08
-0.000274279117195,1.2925976994460992e-08
-0.000274279117195,1.2925976994460992e-08
1.3577979027075877e+22,-1.1731091763478433e+18
5.0467760780870217e-05,3.7582519043367313
-0.000274279117195,1.2925976994461024e-08
-0.000274279117195,1.2925976994460992e-08
-0.000274279117195,1.2925976994460992e-08
-0.000274279117195,1.2925976994461095e-08
-0.000274279117195,1.2925976994460992e-08
-0.000274279117195,1.2925976994460992e-08
-0.000274279117195,1.2925976996399493e-08
-0.000274279117195,1.2925976994460992e-08
-0.000274279117195,1.2925976994460992e-08
-0.000274279117195,1.2925976994460992e-08
-0.000274279117195,1.2925976994460992e-08
11.938463545586544,-0.0010314692164127355
5.048171627542055e-05,3.7588963497572423
-0.0002742791171579102,1.2925976991256536e-08
-0.000274279117195,1.2925976994460992e-08
-0.000274279117195,1.2925976994460992e-08
-0.000274279117195,1.2925976994461399e-08
-0.000274279117195,1.2925976994460992e-08
-0.000274279117195,1.2925976994460992e-08
-0.000274279117195,1.2925976994460992e-08
-0.000274279117195,1.2925976994461019e-08
-0.000274279117184228,1.292597699353031e-08
-0.000274279117195,1.2925976994460992e-08
-0.000274279117195,1.2925976994468147e-08
-0.000274279117195,1.2925976994460992e-08
-3.21864397206988e+26,2.780841516622228e+22
-0.00027427911716501564,1.2925976991870403e-08
-0.000274279117195,1.2925976994460992e-08
-0.0002742791171949998,1.2925979201893007e-08
-0.000274279117195,1.2925976994460992e-08
-0.000274279117195,1.2925976994460992e-08
9411.033870283576,-0.8130937834257588
-0.000274279117195,1.2925976995735175e-08
-0.000274279117195,1.2925976994460992e-08
-0.000274279117195,1.2925976994460992e-08
-0.000274279117195,1.2925976994460992e-08
-0.000274279117195,1.2925976994460992e-08
8.734318410624471e+17,1.0109407938012485e+22
89128.96065543703,-3.940371529908154
-0.000274279117195,1.2925976994461022e-08
-0.000274279117195,1.2925976994460992e-08
-0.000274279117195,1.2925976994460992e-08
-0.00027427911719494775,1.2925976997466518e-08
-0.000274279117195,1.2925976994460992e-08
-0.000274279117195,1.2925976994460992e-08
-0.000274279117195,1.2925976995314924e-08
-0.000274279117195,1.2925976994460992e-08
-0.000274279117195,1.2925976994460992e-08
-0.000274279117195,1.2925976994460992e-08
-0.000274279117195,1.2925976994460992e-08
-0.0002735459816940082,0.008485581581626057
5.0649617663031936e-05,3.760839699588246
-0.0002742791171704599,1.2925976992340804e-08
-0.000274279117195,1.2925976994460992e-08
-0.000274279117195,1.2925976994460992e-08
-0.000274279117195,1.2925976994564373e-08
-0.000274279117195,1.2925976994460992e-08
-0.000274279117195,1.2925976994460992e-08
-0.000274279117195,1.2925976995355704e-08
-0.000274279117195,1.2925976994460992e-08
-0.000274279117195,1.2925976994460992e-08
-0.000274279117195,1.2925976994460992e-08
-0.000274279117195,1.2925976994460992e-08
-0.000274279117195,1.2925976994460992e-08
-3.21864397206988e+26,2.780841516622228e+22
-0.00027427911716957173,1.292597699226404e-08
-0.000274279117195,1.2925976994460992e-08
-0.000274279117195,1.2925976994460992e-08
-0.000274279117195,1.2925976994460992e-08
-0.000274279117195,1.2925976994460992e-08
-0.000274279117195,1.2925976994460992e-08
-0.000274279117195,1.292597699530476e-08
-0.000274279117195,1.2925976994460992e-08
-0.000274279117195,1.2925976994460992e-08
-0.000274279117195,1.2925976994460992e-08
-0.000274279117195,1.2925976994460992e-08
-0.000274279117195,1.2925976994460992e-08
126443839016.07364,-10924481.210680116
-0.000274279117195,1.2925976994460992e-08
-0.000274279117195,1.2925976994460992e-08
-0.000274279117195,1.2925976994460992e-08
-0.000274279117195,1.2925976994460992e-08
-0.000274279117195,1.2925976994460992e-08
-0.000274279117195,1.2925976994460992e-08
-0.000274279117195,1.2925976995291207e-08
-0.000274279117195,1.2925976994460992e-08
-0.000274279117195,1.292597699446103e-08
-0.000274279117195,1.2925976994460992e-08
-0.000274279117195,1.2925976994460992e-08
8.798814927211322e+17,1.0184058479257254e+22
5.0817519050620015e-05,3.76278304941925
-0.000274279117195,1.2925976994461024e-08
-0.000274279117195,1.2925976994460992e-08
-0.000274279117195,1.2925976994460992e-08
-0.000274279117195,1.2925976994460992e-08
-0.000274279117195,1.2925976994460992e-08
-0.000274234199569104,0.0005199053576948419
-0.000274279117195,1.2925976995148905e-08
-0.000274279117195,1.2925976994460992e-08
-0.000274279117195,1.2925976994460992e-08
-0.000274279117195,1.2925976994460992e-08
-0.000274279117195,1.2925976994460992e-08
-0.000274279117195,1.2925976994460992e-08
5.087321839453992e-05,3.763427733254734
-0.00027427911717123706,1.2925976992407955e-08
-0.000274279117195,1.2925976994461017e-08
-0.000274279117195,1.2925976994460992e-08
-0.000274279117195,1.2925976994460992e-08
-0.000274279117195,1.2925976994460992e-08
-0.000274279117195,1.2925976994460992e-08
-0.000274279117195,1.2925976994877794e-08
-0.000274279117195,1.2925976994460992e-08
-0.000274279117195,1.2925976994460992e-08
-0.000274279117195,1.2925976994460992e-08
-0.000274279117195,1.2925976994460992e-08
0.00026745346910033644,-3.387859287874579e-08
126443839016.07364,-10924481.208726991
-0.000274279117195,1.2925976994461024e-08
-0.000274279117195,1.2925976994460992e-08
-0.000274279117195,1.2925976994460992e-08
-0.000274279117195,1.2925976994460992e-08
-0.000274279117195,1.2925976994460992e-08
-0.0002742791171949967,1.2926014967615337e-08
-0.000274279117195,1.292597699489304e-08
-0.000274279117195,1.2925976994460992e-08
-0.000274279117195,1.2925976994460992e-08
-0.000274279117195,1.2925976994460992e-08
-0.000274279117195,1.2925976994460992e-08
-0.000274279117195,1.2925976994460992e-08
5.0985386677812464e-05,3.7647263992502564
-0.0002742791171949728,1.2925976994458641e-08
-0.000274279117195,1.2925976994460992e-08
-0.000274279117195,1.2925976994460992e-08
-0.000274279117195,1.2925976994460992e-08
-0.000274279117195,1.2925976994460992e-08
810.9748567063866,9386511.96496673
-0.000274279117195,1.2925976994881182e-08
-0.000274279117195,1.2925976994461012e-08
-0.000274279117195,1.292597700714915e-08
-0.000274279117195,1.2925976994460992e-08
-0.000274279117195,1.2925976994460992e-08
-0.000274279117195,1.2925976994460992e-08
5.104111978215131e-05,3.765371083085738
-0.0002742791171949744,1.2925976994458782e-08
-0.000274279117195,1.2925976994460992e-08
-0.000274279117195,1.2925976994460992e-08
-0.000274279117195,1.2925976994460992e-08
-0.000274279117195,1.2925976994460992e-08
-0.000274279117195,1.2925976994461108e-08
-0.000274279117195,1.2925976994862547e-08
-0.000274279117195,1.2925976994460992e-08
-0.000274279117195,1.2925976994460992e-08
-0.000274279117195,1.2925976994460992e-08
-0.000274279117195,1.2925976994460992e-08
-0.000274279117195,1.2925976994460992e-08
2.7200830119231544e+23,-2.3500952058858275e+19
-0.000274279117195,1.2925976994461009e-08
-0.000274279117195,1.2925976994460992e-08
-0.000274279117195,1.2925976994460992e-08
-0.000274279117195,1.2925976994460992e-08
9.244571721832855e+17,1.0699993102443008e+22
1.1514833883581548e+22,-9.948577226414877e+17
-0.000274279117195,1.2925976994460992e-08
-0.000274279117195,1.2925976994460992e-08
-0.000274279117195,1.2925976994460992e-08
-0.000274279117195,1.2925976994460992e-08
-0.0002742791171949995,1.292597699446095e-08
-0.0002404114554801906,9.999881390699868e-09
1.1044943242208066e-06,3.7666697534053717
-0.000274279117195,1.292597699446102e-08
-0.000274279117195,1.2925976994460992e-08
-0.000274279117195,1.2925976994460992e-08
-0.000274279117195,1.2925976994460992e-08
-0.000274279117195,1.2925976994460992e-08
-0.000274279117195,1.2925976994460992e-08
-0.000274279117195,1.2925976994461009e-08
-0.000274279117195,1.2925976994460992e-08
-0.000274279117195,1.2925976994460992e-08
-0.000274279117195,1.2925976994460992e-08
-0.000274279117195,1.2925976994460992e-08
-0.000274279117195,1.2925976994460992e-08
5.12090211697627e-05,3.7673144329167414
-0.000274279117195,1.2925976994461019e-08
-0.000274279117195,1.2925976994460992e-08
-0.000274279117195,1.2925976994460992e-08
-0.000274279117195,1.2925976994460992e-08
-0.000274279117195,1.2925976994460992e-08
1.262163176847378e+22,-1.0904827602513064e+18
-0.000274279117195,1.2925976994774456e-08
-0.000274279117195,1.2925976994460992e-08
-0.000274279117195,1.2925976994460992e-08
-0.000274279117195,1.2925976994460994e-08
-0.000274279117195,1.2925976994460992e-08
-0.000274279117195,1.2925976994460992e-08
2.7200830119231544e+23,-2.3500952058858275e+19
-0.00027427911718584067,1.2925976993669645e-08
-0.000274279117195,1.2925976994460992e-08
-0.000274279117195,1.2925976994460992e-08
-0.000274279117195,1.2925976994460992e-08
-0.000274279117195,1.2925976994460992e-08
-0.000274279117195,1.2925976994462805e-08
-0.000274279117195,1.2925976994772762e-08
-0.000274279117195,1.2925976994460992e-08
-0.00027427911719495816,1.2925976994457376e-08
-0.000274279117195,1.2925976994460992e-08
-0.000274279117195,1.2925976994460992e-08
-0.000274279117195,1.2925976994460992e-08
-71.67994871642126,3.7748061019826804
-0.000274279117195,1.2925976994461017e-08
-0.000274279117195,1.2925976994460992e-08
-0.000274279117195,1.2925976994460992e-08
-0.000274279117195,1.2925976994460992e-08
-0.000274279117195,1.2925976994460992e-08
-0.000274279117195,1.2925976994460992e-08
-0.000274279117195,1.2925976994461012e-08
-0.000274279117195,1.2925976994460992e-08
-0.0002742791171949586,1.2925976994457458e-08
-0.000274279117195,1.2925976994460992e-08
-0.000274279117195,1.2925976994460992e-08
-0.000274279117195,1.2925976994460992e-08
5.137776711103525e-05,3.7692675579094517
-0.00027427911719083564,1.2925976994101236e-08
-0.000274279117195,1.292597699446104e-08
-0.000274279117195,1.2925976994460992e-08
-0.000274279117195,1.2925976994460992e-08
-0.000274279117195,1.2925976994460992e-08
-0.000274279117195,1.2925976994460992e-08
-0.000274279117195,1.2925976994742268e-08
-0.00027427910866615056,1.2925976257586119e-08
-0.000274279117195,1.2925976994461024e-08
-0.000274279117195,1.2925976994460992e-08
-0.000274279117195,1.2925976994460992e-08
-0.000274279117195,1.2925976994460992e-08
5.8486031279336205e+35,-5.05307158341753e+31
-0.000274279117195,1.2925976994461017e-08
-0.000274279117195,1.2925976994461048e-08
-0.000274279117195,1.2925976994460992e-08
-0.000274279117195,1.2925976994460992e-08
-0.000274279117195,1.2925976994460992e-08
-0.000274279117195,1.292597699449051e-08
-0.000274279117195,1.2925976994460992e-08
-0.000274279117195,1.2925976994460992e-08
-0.000274279117195,1.2925976994461019e-08
-0.000274279117195,1.2925976994460992e-08
-0.000274279117195,1.2925976994460992e-08
-0.000274279117195,1.2925976994460992e-08
-107374183.5991958,9280.676923144016
-0.000274279117195,1.2925976994461017e-08
-0.000274279117195,1.2925976994460992e-08
-0.000274279117195,1.2925976994460992e-08
-0.000274279117195,1.2925976994460992e-08
-0.000274279117195,1.2925976994461479e-08
-0.00027427911719499985,1.2925978993263075e-08
-0.000274279117195,1.2925976994461022e-08
-0.000274279117195,1.2925976994461014e-08
-0.000274279117195,1.2925976994460992e-08
-0.000274279117195,1.2925976994460992e-08
-0.000274279117195,1.2925976994460992e-08
1.027888514675734e+22,-8.880743197674111e+17
5.154566849864664e-05,3.7712109077404556
-0.00027427911719382094,1.2926048065939541e-08
-0.0002742791171397008,1.2925976989683255e-08
-0.000274279117195,1.2925976994460992e-08
-0.000274279117195,1.2925976994460992e-08
840925.4997952601,9733168091.672892
-0.000274279117195,1.2925976994460992e-08
-0.000274279117195,1.2925976994461012e-08
-0.000274279117195,1.2925976994460992e-08
-0.000274279117195,1.2925976994460992e-08
-0.000274279117195,1.2925976994460992e-08
-0.000274279117195,1.2925976994460992e-08
-0.000274279117195,1.2925976994460992e-08
5.8486031279336205e+35,-5.05307158341753e+31
-0.000274279117195,1.2925976994460992e-08
-0.000274279117195,1.2925976994460992e-08
-0.000274279117195,1.2925976994460992e-08
-0.000274279117195,1.2925976994460992e-08
-0.000274279117195,1.2925976994460992e-08
-0.000274279117195,1.2925976994460994e-08
-0.000274279117195,1.2925976994461022e-08
-0.000274279117195,1.2925976994460992e-08
-0.000274279117195,1.2925976994460992e-08
-0.000274279117195,1.2925976994460992e-08
-0.000274279117195,1.2925976994460992e-08
-0.000274279117195,1.2925976994460992e-08
-151996492896255.4,13132181179.90495
-0.000274279117195,1.2925976994461007e-08
-0.000274279117195,1.2925976994460992e-08
-0.000274279117195,1.2925976994460992e-08
-0.000274279117195,1.2925976994460992e-08
9.308328945286575e+17,1.077378795976177e+22
-0.00027427911719499996,1.2925977494251881e-08
-0.000274279117195,1.2925976994617723e-08
-0.000274279117195,1.2925976994460992e-08
-0.000274279117195,1.2925976994460992e-08
-0.000274279117195,1.2925976994460992e-08
-0.000274279117195,1.2925976994460992e-08
-0.000274279117195,1.2925976994460992e-08
5.171356991354284e-05,3.773154257571459
-0.0002742791171943754,1.2925976994407025e-08
-0.000274279117195,1.2925976994460992e-08
-0.000274279117195,1.2925976994461123e-08
-0.000274279117195,1.2925976994460992e-08
-0.000274279117195,1.2925976994460992e-08
6.1361716920761235e+28,7.10222136365266e+32
-0.000274279117195,1.2925976994597394e-08
-0.000274279117195,1.2925976994461017e-08
-0.000274279117195,1.2925976994460992e-08
-0.000274279117195,1.2925976994460992e-08
-0.000274279117195,1.2925976994460992e-08
-0.000274279117195,1.2925976994460992e-08
5.176924863128484e-05,3.7737987029883655
-0.00027427911719241934,1.2950424084514835e-08
-0.000274279117195,1.2925976994461479e-08
-0.000274279117195,1.2925976994460992e-08
-0.000274279117195,1.2925976994460992e-08
-0.000274279117195,1.2925976994460992e-08
-0.000274279117195,1.2925976994460992e-08
-0.000274279117195,1.292597699460163e-08
-0.000274279117195,1.2925976994460992e-08
-0.000274279117195,1.2925976994460992e-08
-0.000274279117195,1.2925976994460992e-08
-0.000274279117195,1.2925976994460992e-08
9.976871915508071e+21,1.0494296230493709e+22
-2.30215356736413e+20,1.9890128492991176e+16
-0.00027427911719261243,1.294883246706275e-08
-0.000274279117195,1.2925976994460992e-08
-0.000274279117195,1.2925976994460992e-08
-0.000274279117195,1.2925976994460992e-08
-0.000274279117195,1.2925976994460992e-08
-0.000274279117195,1.2925976994460992e-08
-0.000274279117195,1.2925976994585536e-08
-0.000274279117195,1.2925976994460992e-08
-0.000274279117195,1.2925976994460992e-08
-0.000274279117195,1.2925976994460992e-08
-0.000274279117195,1.2925976994460992e-08
-0.000274279117195,1.2925976994460992e-08
0.05880188025843595,3.7750827563628553
-0.00027427911719446214,1.2925976994414553e-08
-0.000274279117195,1.2925976994460992e-08
-0.000274279117195,1.2925976994461138e-08
-0.000274279117195,1.2925976994460992e-08
-0.000274279117195,1.2925976994460992e-08
1.3073880782400998e+25,-1.1295561353960418e+21
-0.000274279117195,1.292597699457876e-08
-0.000274279117195,1.2925976994461024e-08
-0.000274279117195,1.2925976994460992e-08
-0.000274279117195,1.2925976994460992e-08
-0.000274279117195,1.2925976994460992e-08
-0.00024159986373898943,4.479923327927869e-08
5.193715001889623e-05,3.775742052819369
-0.0002742791171920061,1.2953720995846471e-08
-0.000274279117195,1.2925976994460992e-08
-0.000274279117195,1.2925976994460992e-08
-0.000274279117195,1.2925976994461022e-08
-0.000274279117195,1.2925976994460992e-08
-0.000274279117195,1.2925976994460992e-08
-0.000274279117195,1.2925976994567733e-08
-0.000274279117195,1.2925976994460992e-08
-0.000274279117195,1.2925976994460992e-08
-0.000274279117195,1.2925976994460992e-08
-0.000274279117195,1.2925976994460992e-08
-0.000274279117195,1.2925976994460992e-08
-2.30215356736413e+20,1.9890128492991176e+16
-0.0002742791171913632,1.2961001404732724e-08
-0.000274279117195,1.2925976994460992e-08
-0.000274279117195,1.2925976994460992e-08
-0.000274279117195,1.2925976994461017e-08
-0.000274279117195,1.2925976994460994e-08
-0.000274279117195,1.2925976994460992e-08
-0.000274279117195,1.29259769945813e-08
-0.000274279117195,1.292597699446118e-08
-0.000274279117195,1.2925976994460992e-08
-0.000274279117195,1.2925976994460992e-08
-0.000274279117195,1.2925976994460992e-08
6.080397547759142e+17,-52533371460475.11
0.05880204900437722,3.777035881355566
-0.00027427911719450377,1.2925976994418157e-08
-0.000274279117195,1.2925976994460992e-08
-0.000274279117195,1.2925976994461017e-08
-0.000274279117195,1.2925976994460992e-08
-0.0002742789698530147,1.2925964264419603e-08
-0.000274279117195,1.2925976994460992e-08
-0.000274279117195,1.2925976994461032e-08
-0.000274279117195,1.2925976994460992e-08
-0.000274279117195,1.2925976994460992e-08
-0.000274279117195,1.2925976994460992e-08
-0.000274279117195,1.2925976994460992e-08
-0.000274279117195,1.2925976994460994e-08
5.210505140650762e-05,3.7776854026503726
-0.000274279117195,1.2925976994461037e-08
-0.000274279117195,1.2925976994460992e-08
-0.000274279117195,1.2925976994460994e-08
-0.000274279117195,1.2925976994460992e-08
881488.6965476152,10202660825.920605
1217.70015882873,14094093.94739662
-0.000274279117195,1.2925976994606712e-08
-0.000274279117195,1.2925976994460992e-08
-0.000274279117195,1.2925976994460992e-08
-0.000274279117195,1.2925976994460992e-08
-0.0002742791171835263,1.3058777736590235e-08
-0.000274279117195,1.2925976994460992e-08
-4.932681935300833e+32,4.261734703498677e+28
-0.000274279117195,1.2925976994460992e-08
-0.000274279117195,1.2925976994460992e-08
-0.000274279117195,1.2925976994460992e-08
-0.000274279117195,1.2925976994460992e-08
-0.000274279117195,1.2925976994460992e-08
-0.000274279117195,1.2925976994463062e-08
-0.000274279117195,1.2925976994460992e-08
-0.000274279117195,1.2925976994460992e-08
-0.000274279117195,1.2925976994460992e-08
-0.000274279117195,1.2925976994460992e-08
-0.0002742445672748709,1.2922991953147794e-08
-0.000274279117195,1.2925976994460992e-08
89128.96065706121,-3.921572701853317
-0.000274279117195,1.2925976994460992e-08
-0.000274279117195,1.2925976994461075e-08
-0.000274279117195,1.2925976994460992e-08
-0.000274279117195,1.2925976994460992e-08
-0.000274279117195,1.2925976994460992e-08
0.012773284939781991,151.01710455182382
-0.000274279117195,1.2925976994460992e-08
-0.000274279117195,1.2925976994461042e-08
-0.000274279117195,1.2925976994460992e-08
-0.000274279117195,1.2925976994460992e-08
-0.000274279117195,1.2925976994460992e-08
-0.000274279117195,1.2925976994460992e-08
5.22729527940957e-05,3.7796287524813765
-0.00027427911718638635,1.3022401098888482e-08
-0.000274279117195,1.2925976994461096e-08
-0.000274279117195,1.2925976994460992e-08
-0.000274279117195,1.2925976994460992e-08
-0.000274279117195,1.2925976994460992e-08
-0.000274279117195,1.2925976994460992e-08
-0.000274279117195,1.2925976994600753e-08
-0.000274279117195,1.2925976994460992e-08
-0.000274279117195,1.2925976994460992e-08
-0.000274279117195,1.2925976994460992e-08
-0.000274279117195,1.2925976994460992e-08
-0.00027427911719499996,1.2925976994460989e-08
5.232865213801566e-05,3.7802734363168606
-0.0002742791171864343,1.302194627521221e-08
-0.000274279117195,1.2925976994461067e-08
-0.000274279117195,1.2925976994460992e-08
-0.000274279117195,1.2925976994460992e-08
-0.000274279117195,1.2925976994460992e-08
-0.000274279117195,1.2925976994460999e-08
-0.000274279117195,1.2925976994620264e-08
-0.000274279117195,1.2925976994460992e-08
-0.000274279117195,1.2925976994460992e-08
-0.000274279117195,1.2925976994460992e-08
-0.000274279117195,1.2925976994460992e-08
-0.000274279117195,1.2925976994460992e-08
126443839016.07364,-10924481.191881288
-0.0002742791171949938,1.2925976994460527e-08
-0.000274279117195,1.2925976994461113e-08
-0.000274279117195,1.2925976994460992e-08
-0.000274279117195,1.2925976994460999e-08
-0.000274279117195,1.2925976994460992e-08
-0.000274279117195,1.2925976994460992e-08
-0.000274279117195,1.2925976994610947e-08
-0.000274279117195,1.2925976994460992e-08
-0.000274279117195,1.292597699446105e-08
-0.000274279117195,1.2925976994460992e-08
-0.000274279117195,1.2925976994460992e-08
-0.000274279117195,1.2925976994460992e-08
5.2440820421288204e-05,3.781572102312383
-0.00027427911719499567,1.2925976994460696e-08
-0.000274279117195,1.2925976994461072e-08
-0.000274279117195,1.2925976994460992e-08
-0.000274279117195,1.2925976994460992e-08
-0.000274279117195,1.2925976994460992e-08
21062265231325.926,2.4208703331368848e+17
-0.000274279117195,1.2925976994644828e-08
-0.0002742790139488596,1.2925968074208979e-08
-0.000274279117195,1.2925976994461057e-08
-0.000274279117195,1.2925976994460992e-08
-0.000274279117195,1.2925976994460992e-08
1.2819112385770176e+18,1.483729243867968e+22
5.249655352562705e-05,3.7822167861478646
-0.000274279117195,1.2925976994461083e-08
-0.000274279117195,1.2925976994460992e-08
-0.000274279117195,1.2925976994460992e-08
-0.000274279117195,1.2925976994460997e-08
-0.000274279117195,1.2925976994460992e-08
-0.000274279117195,1.2925976994460992e-08
-0.000274279117195,1.2925976994594006e-08
-0.000274279117195,1.2925976994460992e-08
-0.000274279117195,1.2925976994461075e-08
-0.000274279117195,1.2925976994460992e-08
-0.000274279117195,1.2925976994460992e-08
-0.000274279117195,1.2925976994460992e-08
1.90232055109269e+17,-16435654307546.875
-0.0002742791171949946,1.2925976994460627e-08
-0.000274279117195,1.2925976994460992e-08
-0.000274279117195,1.2925976994460992e-08
-0.000274279117195,1.2925976994460992e-08
-0.000274279117195,1.2925976994460992e-08
-0.000274279117195,1.2925976994460992e-08
-0.000274279117195,1.2925976994588077e-08
-0.000274279117195,1.2925976994460992e-08
-0.000274279117195,1.2925976994460992e-08
-0.000274279117195,1.2925976994460992e-08
-0.000274279117195,1.2925976994460992e-08
-0.00027427911719452464,1.2925976994419923e-08
5.26095663625607e-05,3.7835252273050934
-0.0002742791171883522,1.3002846824119352e-08
-0.000274279117195,1.2925976994460992e-08
-0.000274279117195,1.2925976994460992e-08
-0.000274279117195,1.2925976994460992e-08
-0.000274279117195,1.2925976994460992e-08
-0.00027427911606335125,2.6024078215834064e-08
-0.000274279117195,1.2925976994611794e-08
-0.000274279117195,1.2925976994461106e-08
-0.000274279117195,1.2925976994460992e-08
-0.000274279117195,1.2925976994460992e-08
-0.000274279117195,1.2925976994460992e-08
1.0331053718746182e+22,-8.925815759942058e+17
5.2664454913238436e-05,3.784160135978868
-0.000274279117195,1.2925976994460992e-08
-0.000274279117195,1.2925976994460992e-08
-0.000274279117195,1.2925976994460992e-08
-0.000274279117195,1.2925976994460992e-08
-0.0002740892621394783,0.0021974622461532964
9.964133073574791e+21,-8.608803946192978e+17
-0.000274279117195,1.2925976994605835e-08
-0.000274279117195,1.292597699446112e-08
-0.000274279117195,1.2925976994460992e-08
-0.000274279117195,1.2925976994460992e-08
-0.000274279117195,1.2925976994460992e-08
-0.000274279117195,1.2925976994460992e-08
4.0564818149208885e+29,-3.5047160047032943e+25
-0.00027427911719009253,1.2980328031799314e-08
-0.000274279117195,1.2925976994460992e-08
-0.000274279117195,1.2925976994460992e-08
-0.000274279117195,1.2925976994460992e-08
-0.000274279117195,1.2925976994460992e-08
1.0060113788475082e+22,-8.691729289631372e+17
-0.000274279117195,1.2925976994571983e-08
-0.000274279117195,1.2925976994460992e-08
-0.000274279117195,1.2925976994460992e-08
-0.000274279117195,1.2925976994460992e-08
-0.000274279117195,1.2925976994460992e-08
-0.000274279117195,1.2925976994460992e-08
-71.67994726098752,3.791651805044807
-0.00027427911719473975,1.2925976994438686e-08
-0.000274279117195,1.2925976994460992e-08
-0.000274279117195,1.2925976994460992e-08
-0.000274279117195,1.2925976994460992e-08
-0.000274279117195,1.2925976994460992e-08
13831361038627.947,1.6008904702550784e+17
-0.000274279117195,1.2925976994582148e-08
-0.000274279117195,1.2925976994460992e-08
-0.000274279117195,1.2925976994460992e-08
-0.000274279117195,1.2925976994460992e-08
-0.000274279117195,1.2925976994460992e-08
1.0329322917518737e+18,1.1955522364474038e+22
5.283320085451099e-05,3.7861132609715784
-0.0002742791171924049,1.2953261835391807e-08
-0.000274279117195,1.2925976994460992e-08
-0.000274279117195,1.2925976994460992e-08
-0.000274279117195,1.2925976994460992e-08
-0.000274279117195,1.2925976994460992e-08
9.964143206673915e+21,-8.60881270098008e+17
-0.000274279117195,1.292597699460163e-08
-0.000274279117195,1.2925976994460992e-08
-0.000274279117195,1.2925976994460992e-08
-0.000274279117195,1.2925976994460992e-08
-0.000274279117195,1.2925976994460992e-08
-0.000274279117195,1.2925976994460992e-08
4.0564818149208885e+29,-3.5047160047032943e+25
-0.00027427911719207434,1.2957590660871905e-08
-0.000274279117195,1.2925976994460992e-08
-0.000274279117195,1.2925976994460992e-08
-0.000274279117195,1.2925976994460992e-08
-0.000274279117195,1.2925976994460992e-08
-0.000274279117195,1.2925976994468511e-08
-0.000274279117195,1.2925976994577065e-08
-0.000274279117195,1.2925976994460992e-08
-0.000274279117195,1.2925976994460992e-08
-0.000274279117195,1.2925976994460992e-08
-0.000274279117195,1.2925976994460992e-08
-0.000274279117195,1.2925976994460992e-08
-71.67994709224158,3.7936049300375174
-0.000274279117195,1.2925976994461321e-08
-0.000274279117195,1.2925976994460992e-08
-0.000274279117195,1.2925976994460992e-08
-0.000274279117195,1.2925976994460992e-08
-0.000274279117195,1.2925976994460992e-08
-0.000274279117195,1.2925976994460992e-08
-0.000274279117195,1.29259769945813e-08
-0.000274279117195,1.2925976994461298e-08
-0.000274279117195,1.2925976994461024e-08
-0.000274279117195,1.2925976994460992e-08
-0.000274279117195,1.2925976994460992e-08
-0.000274279117195,1.2925976994460992e-08
5.300025771574603e-05,3.7880468356408756
-0.00027427911719241093,1.2953152504444841e-08
-0.000274279117195,1.2925976994460992e-08
-0.000274279117195,1.2925976994460992e-08
-0.000274279117195,1.2925976994460992e-08
-0.000274279117195,1.2925976994460992e-08
-0.000274279117195,1.2925976994460992e-08
-0.000274279117195,1.2925976994573677e-08
-0.000274279117195,1.2925976994460992e-08
-0.000274279117195,1.2925976994461025e-08
-0.000274279117195,1.2925976994460992e-08
-0.000274279117195,1.2925976994460992e-08
-0.000274279117195,1.2925976994460992e-08
5.8486031279336205e+35,-5.05307158341753e+31
-0.0002742791171949856,1.2925976994460163e-08
-0.000274279117195,1.2925976994460992e-08
-0.000274279117195,1.2925976994460992e-08
-0.000274279117195,1.2925976994460992e-08
-0.000274279117195,1.2925976994460992e-08
798.6332591501532,9243665.965499874
-0.000274279117195,1.2925976994565192e-08
-0.000274279117195,1.2925976994460992e-08
-0.000274279117195,1.2925976994460992e-08
-0.000274279117195,1.2925976994460992e-08
-0.000274279117195,1.2925976994460992e-08
9.183064478664596e+17,1.0628802451599054e+22
-151996492896255.4,13132181179.921795
-0.00027427911719308645,1.294803660199081e-08
-0.000274279117195,1.2925976994460992e-08
-0.000274279117195,1.2925976994460992e-08
-0.000274279117195,1.2925976994460992e-08
-0.000274279117195,1.2925976994460992e-08
1.011491921803591e+22,-8.73908004205431e+17
-0.000274279117195,1.2925976994552063e-08
-0.000274279117195,1.2925976994460992e-08
-0.000274279117195,1.2925976994460995e-08
-0.000274279117195,1.2925976994460992e-08
-0.000274279117195,1.2925976994460992e-08
-0.000274279117195,1.2925976994460992e-08
5.316900365701858e-05,3.789999960633586
-0.00027427911719189,1.2961910791930542e-08
-0.000274279117195,1.2925976994460992e-08
-0.000274279117195,1.2925976994460992e-08
-0.000274279117195,1.2925976994460992e-08
-0.000274279117195,1.2925976994460992e-08
-0.000274279117195,1.2925976994460994e-08
-0.000274279117195,1.2925976994549946e-08
-0.000274279117195,1.2925976994460992e-08
-0.000274279117195,1.2925976994460992e-08
-0.000274279117195,1.2925976994460992e-08
-0.000274279117195,1.2925976994460992e-08
2176.1925886924273,-0.1880185288587641
5.322468237476058e-05,3.7906444060504922
-0.00027427911719420914,1.2935130961941379e-08
-0.000274279117195,1.2925976994460992e-08
-0.000274279117195,1.2925976994460992e-08
-0.000274279117195,1.2925976994460992e-08
-0.000274279117195,1.2925976994460992e-08
-0.000274279117195,1.2925976994460992e-08
-0.000274279117195,1.2925976994538934e-08
-0.000274279117195,1.2925976994461773e-08
-0.0002742791171949995,1.2925976994460948e-08
-0.000274279117195,1.2925976994460992e-08
-0.000274279117195,1.2925976994460992e-08
-0.000274279117195,1.2925976994460992e-08
-2.30215356736413e+20,1.9890128492991176e+16
-0.00027427911719412565,1.2936097296588959e-08
-0.000274279117195,1.2925976994979537e-08
-0.000274279117195,1.2925976994460992e-08
-0.0002742791161783612,1.2925976906625512e-08
-0.000274279117195,1.2925976994460992e-08
-0.000274279117195,1.2925976994460999e-08
-0.000274279117195,1.2925976994534699e-08
-0.000274279117195,1.2925976994462084e-08
-0.0002742791171949995,1.2925976994460949e-08
-0.000274279117195,1.2925976994460997e-08
-0.000274279117195,1.2925976994460992e-08
-8.392273684083938e-05,2.2032518433868615
0.05880333569217942,3.791928459424982
-0.00027427911719399035,1.2936438354489623e-08
-0.000274279117195,1.2925976994627897e-08
-0.000274279117195,1.2925976994460992e-08
-0.000274279117195,1.2925976994460992e-08
-0.000274279117195,1.2925976994460992e-08
-0.000274279117195,1.2925976994460992e-08
-0.000274279117195,1.2925976994521146e-08
-0.00027427898263159093,1.5704102958027892e-06
-0.000274279117195,1.2925976994460992e-08
-0.000274279117195,1.2925976994460992e-08
-0.000274279117195,1.2925976994460992e-08
-0.0002742762949845105,3.267818476884449e-05
5.339258376237197e-05,3.7925877558814958
-0.0002742791171939109,1.2937006785204038e-08
-0.0002742791171949996,1.2925976994568124e-08
-0.000274279117195,1.2925976994460992e-08
-0.000274279117195,1.2925976994460992e-08
-0.000274279117195,1.2925976994460992e-08
1.0506584891267534e+22,-9.077471045908603e+17
-0.000274279117195,1.2925976994463044e-08
-0.000274279117195,1.2925976994460992e-08
-0.000274279117195,1.2925976994460992e-08
-0.000274279117195,1.2925976994460992e-08
-0.000274279117195,1.2925976994460992e-08
-0.0002735619456571623,0.008300809046157123
-2.30215356736413e+20,1.9890128492991176e+16
-0.00027427911719331267,1.2944171220023095e-08
-0.00027427911719499974,1.2925976994467269e-08
-0.000274279117195,1.2925976994460992e-08
-0.000274279117195,1.2925976994460992e-08
-0.000274279117195,1.2925976994460992e-08
-0.00027427911705731837,1.2925976982565592e-08
-0.000274279117195,1.2925976994463639e-08
-0.000274279117195,1.2925976994460992e-08
-0.000274279117195,1.2925976994461022e-08
-0.000274279117195,1.2925976994460992e-08
-0.000274279117195,1.2925976994460992e-08
-0.000274279117195,1.2925976994460992e-08
89128.9606583479,-3.9066801237839006
-0.0002742791171948894,1.292597699445415e-08
-0.00027427911719499513,1.2925976994460574e-08
-0.000274279117195,1.2925976994460992e-08
-0.000274279117195,1.2925976994460992e-08
-0.000274279117195,1.2925976994490852e-08
-0.000274279117195,1.2925976994460992e-08
-0.000274279117195,1.2925976994464208e-08
-0.000274279117195,1.2925976994463719e-08
-0.000274279117195,1.2925976994461002e-08
-0.000274279117195,1.2925976994460992e-08
-0.000274279117195,1.2925976994460992e-08
-0.000274279117195,1.2925976994461498e-08
5.3559640596298887e-05,3.794521330550793
-0.000274279117195,1.2925976994464195e-08
-0.000274279117195,1.2925976994460992e-08
-0.000274279117195,1.2925976994460992e-08
-0.000274279117195,1.2925976994460992e-08
-0.000274279117195,1.2925976994460992e-08
-0.000274279117195,1.2925976994460992e-08
-0.000274279117195,1.2925976994465467e-08
-0.000274279117195,1.2925976994460992e-08
-0.000274279117195,1.2925976994460992e-08
-0.000274279117195,1.2925976994460992e-08
-0.000274279117195,1.2925976994460992e-08
8.989319094569795e+17,1.0404554716190356e+22
-4.932681935300833e+32,4.261734703498677e+28
-0.00027427911719489365,1.2926113807606976e-08
-0.000274273557076433,1.2925496615144532e-08
-0.000274279117195,1.2925976994460992e-08
-0.000274279117195,1.2925976994460992e-08
-0.000274279117195,1.2925976994460992e-08
-0.000274279117195,1.2925976994460992e-08
-0.000274279117195,1.2925976994466605e-08
-0.000274279117195,1.2925976994464235e-08
-0.000274279117195,1.2925976994460992e-08
-0.000274279117195,1.2925976994460992e-08
-0.000274279117195,1.2925976994460992e-08
-0.000274279117195,1.2925976994460992e-08
89128.96065851665,-3.9047269987911903
-0.0002742791171948993,1.2926058279589907e-08
-0.000274279117195,1.292597700460083e-08
-0.000274279117195,1.2925976994460992e-08
-0.000274279117195,1.2925976994460992e-08
-0.000274279117195,1.2925976994460992e-08
-0.000274279117195,1.2925976994460992e-08
-0.000274279117195,1.2925976994508221e-08
-0.000274279117195,1.2925976994467982e-08
-0.0002742791171949985,1.2925976994460861e-08
-0.000274279117195,1.2925976994460992e-08
-0.000274279117195,1.2925976994460992e-08
-0.00027427911719482686,1.2927980783298433e-08
5.3727508223491336e-05,3.7964646803817996
-0.0002742791171947087,1.2928364954283283e-08
-0.000274279117195,1.2925976994466711e-08
-0.000274279117195,1.2925976994460992e-08
-0.000274279117195,1.2925976994460992e-08
-0.000274279117195,1.2925976994460992e-08
-0.000274279117195,1.2925976994460992e-08
-0.000274279117195,1.292597699451182e-08
-0.000274279117195,1.292597699446099e-08
-0.000274279117195,1.2925976994460992e-08
-0.000274279117195,1.2925976994460995e-08
-0.000274279117195,1.2925976994460992e-08
-0.000274279117195,1.2925976994460992e-08
5.378408588149134e-05,3.797119139378988
-0.0002742791171947623,1.2927703881309576e-08
-0.00027427911719466103,1.2929900521748011e-08
-0.000274279117195,1.2925976994460992e-08
-0.000274279117195,1.2925976994460992e-08
-0.000274279117195,1.2925976994460992e-08
-0.000274279117195,1.2925976994460992e-08
-0.000274279117195,1.2925976994499327e-08
-0.0002742790494195761,1.2925971138805187e-08
-0.000274279117195,1.292597699541003e-08
-0.000274279117195,1.2925976994460994e-08
-0.000274279117195,1.2925976994460992e-08
-0.000274279117195,1.2925976994460992e-08
1.90232055109269e+17,-16435654307546.861
-0.0002742791171949176,1.2925976994473248e-08
-0.00027427909365681483,1.2925974960813887e-08
-0.000274279117195,1.2925976994460992e-08
-0.000274279117195,1.2925976994460992e-08
-0.000274279117195,1.2925976994460992e-08
8.607554929899635e+17,9.962687418099802e+21
-0.000274279117195,1.2925976994497845e-08
-0.000274279117195,1.2925976994483761e-08
-0.0002742791171949523,1.292597699445729e-08
-0.000274279117195,1.2925976994460994e-08
-0.000274279117195,1.2925976994460992e-08
-0.000274279117195,1.2925976994460992e-08
5.389625416476389e-05,3.79841780537451
-0.00027427911719479656,1.2927483613063625e-08
-0.0002742791076996485,1.2925976174087037e-08
-0.000274279117195,1.2925976994460992e-08
-0.000274279117195,1.2925976994460999e-08
-0.000274279117195,1.2925976994460992e-08
-0.00027427898588306695,1.2925965649382808e-08
-0.000274279117195,1.2925976994498692e-08
-0.000274279106846682,1.2932485854953085e-08
-0.000274279117195,1.2925976994460992e-08
-0.000274279117195,1.2925976994462741e-08
-0.000274279117195,1.2925976994460992e-08
-0.000274279117195,1.2925976994460992e-08
5.395198726910273e-05,3.7990624892099913
-0.0002742791171948175,1.2927469401776987e-08
-0.00027427911105465657,1.2925976463976888e-08
-0.000274279117195,1.2925976994460992e-08
-0.000274279117195,1.2925976994461e-08
-0.000274279117195,1.2925976994460992e-08
-0.000274279117195,1.2925976994460992e-08
-0.000274279117195,1.2925976994488527e-08
-0.0002742791128166955,1.292869148011866e-08
-0.000274279117195,1.292597699446108e-08
-0.000274279117195,1.2925976994460992e-08
-0.000274279117195,1.2925976994460992e-08
-0.000274279117195,1.2925976994460992e-08
1.90232055109269e+17,-16435654307546.86
-0.00027427911719494276,1.292597699451005e-08
-0.00027427911719499996,1.2925976994462446e-08
-0.000274279117195,1.2925976994460992e-08
-0.000274279117195,1.2925976994461007e-08
-0.000274279117195,1.2925976994460992e-08
-0.000274279117195,1.2925976994460992e-08
-0.000274279117195,1.292597699447174e-08
-0.00027427911719499996,1.2925976994460989e-08
-0.000274279117195,1.2925976994460992e-08
-0.000274279117195,1.2925976994460994e-08
-0.000274279117195,1.2925976994460992e-08
0.00024840995978865795,-3.223327324179194e-08
4.015361811172231e-06,3.800361159529625
-0.00027427911719493973,1.2925976994496025e-08
-0.00027427911719499996,1.292597701669219e-08
-0.000274279117195,1.2925976994460992e-08
-0.000274279117195,1.2925976994460992e-08
-0.000274279117195,1.2925976994460992e-08
-0.0002741552403080478,1.2915274288813029e-08
-0.000274279117195,1.2925976994468404e-08
-0.000274279117195,1.2925976994460992e-08
-0.000274279117195,1.2925976994460992e-08
-0.000274279117195,1.2925976994460994e-08
-0.000274279117195,1.2925976994460992e-08
-0.000274279117195,1.2925976994460992e-08
5.4119888656714175e-05,3.801005839040995
-0.00027427911719499996,1.2925976994524108e-08
-0.00027427911719499996,1.2925977019185864e-08
-0.000274279117195,1.2925976994460992e-08
-0.000274279117195,1.2925976994461005e-08
-0.000274279117195,1.2925976994460992e-08
-0.00027415335167125236,1.2915111114518007e-08
-0.000274279117195,1.2925976994466844e-08
-0.0002742791170235466,1.2925976979647772e-08
-0.000274279117195,1.2925976994460992e-08
-0.000274279117195,1.2925976994460992e-08
-0.000274279117195,1.2925976994460992e-08
-0.000274279117195,1.2925976994460992e-08
4.0564818149208885e+29,-3.5047160047032943e+25
-0.00027427911719499996,1.2925976994525377e-08
-0.0002742791171949999,1.2925977019185831e-08
-0.000274279117195,1.2925976994460992e-08
-0.000274279117195,1.2925976994461005e-08
-0.000274279117195,1.2925976994460992e-08
-0.000274279117195,1.2925976994460992e-08
-0.000274279117195,1.2925976994465044e-08
-0.000274279117195,1.2925976994460992e-08
-0.000274279117195,1.2925976994460992e-08
-0.000274279117195,1.2925976994460992e-08
-0.000274279117195,1.2925976994460992e-08
-0.000274279117195,1.2925976994460992e-08
-71.67994580555377,3.808497508106934
-0.00027427911719496445,1.2925976994538827e-08
-0.000274279117195,1.2925976994463333e-08
-0.000274279117195,1.2925976994460992e-08
-0.000274279117195,1.2925976994461002e-08
-0.000274279117195,1.2925976994460992e-08
-0.000274279117195,1.2925976994460992e-08
-0.000274279117195,1.2925976994463242e-08
-0.0002742791171949998,1.2925976994653287e-08
-0.00027427911719496857,1.2925976994458274e-08
-0.000274279117195,1.2925976994460992e-08
-0.000274279117195,1.2925976994460992e-08
-0.000274279117195,1.2925976994460992e-08
5.4287790044325564e-05,3.802949188871999
-0.00027427911719499974,1.2925976994682953e-08
-0.000274279117195,1.2925976994461038e-08
-0.000274279117195,1.2925976994460992e-08
-0.000274279117195,1.2925976994461002e-08
-0.000274279117195,1.2925976994460992e-08
144976248290.90482,-12525646.628515264
-0.000274279117195,1.292597699446307e-08
-0.0002742791171675731,1.2925976992091366e-08
-0.000274279117195,1.292597699446099e-08
-0.000274279117195,1.2925976994460992e-08
-0.000274279117195,1.2925976994460992e-08
-0.000274279117195,1.2925976994460992e-08
5.8486031279336205e+35,-5.05307158341753e+31
-0.0002742791171949997,1.2925976994806618e-08
-0.000274279117195,1.2925976994461206e-08
-0.000274279117195,1.2925976994460992e-08
-0.000274279117195,1.2925976994461007e-08
-0.000274279117195,1.2925976994460992e-08
2.109285487408098,-0.00018224865472143961
-0.000274279117195,1.2925976994463083e-08
-0.000274279117195,1.2925976994460992e-08
-0.000274279117195,1.2925976994460992e-08
-0.000274279117195,1.2925976994460992e-08
-0.000274279117195,1.2925976994460992e-08
-0.000274279117195,1.2925976994460992e-08
-151996492896255.4,13132181179.936687
-0.0002742791171949994,1.2925976994460941e-08
-0.000274279117195,1.2925976994551221e-08
-0.000274279117195,1.2925976994460992e-08
-0.000274279117195,1.2925976994460992e-08
-0.000274279117195,1.2925976994460992e-08
-0.000274279117195,1.2925976994460992e-08
-0.000274279117195,1.2925976994462428e-08
-0.00027427911719384094,1.2925976994376949e-08
-0.000274279117195,1.2925976994460992e-08
-0.000274279117195,1.2925976994460992e-08
-0.000274279117195,1.2925976994460992e-08
-0.000274279117195,1.2925976994460992e-08
5.445569145922177e-05,3.8048925387030024
-0.0002742791171949991,1.2925978722504058e-08
-0.0002742791171949998,1.2925979548614296e-08
-0.000274279117195,1.2925976994460992e-08
-0.000274279117195,1.2925976994460994e-08
-0.000274279117195,1.2925976994460992e-08
144972185058.91998,-12525295.573714139
-0.000274279117195,1.2925976994463044e-08
-0.000274279117195,1.2925976994483442e-08
-0.000274279117195,1.2925976994461014e-08
-0.000274279117195,1.2925976994460992e-08
-0.000274279117195,1.2925976994460992e-08
-0.00027427911719483055,1.2927938373212732e-08
5.8486031279336205e+35,-5.05307158341753e+31
-0.000274279117195,1.2925976994477511e-08
-0.000274279117195,1.2925976994460992e-08
-0.000274279117195,1.2925976994460992e-08
-0.000274279117195,1.2925976994461002e-08
-0.000274279117195,1.2925976994460992e-08
-0.000274279117195,1.2925976994460992e-08
-0.000274279117195,1.2925976994462898e-08
-0.000274279117195,1.2925976994473435e-08
-0.000274279117195,1.2925976994461009e-08
-0.000274279117195,1.2925976994460992e-08
-0.000274279117195,1.2925976994460992e-08
-0.000274279117195,1.2925976994460992e-08
-2.30215356736413e+20,1.9890128492991176e+16
-0.000274279117195,1.2925976994478676e-08
-0.00027427911719499996,1.2925976994461948e-08
-0.000274279117195,1.2925976994460994e-08
-0.000274279117195,1.2925976994461004e-08
-0.000274279117195,1.2925976994460992e-08
35392575.86763,-3057.8450181913227
-0.000274279117195,1.2925976994461326e-08
-0.00027427911719395197,1.2925976994370444e-08
-0.000274279117195,1.2925976994460992e-08
-0.000274279117195,1.2925976994460992e-08
-0.000274279117195,1.2925976994460992e-08
-0.000274279117195,1.2925976994460992e-08
5.466531607002483e-05,3.8068358885304012
-0.00027427911719499594,1.2925977303305904e-08
-0.000274279117195,1.2925976994467504e-08
-0.000274279117195,1.2925976994460992e-08
-0.000274279117195,1.2925976994460992e-08
-0.000274279117195,1.2925976994460992e-08
-0.000274279117195,1.2925976994460992e-08
-0.000274279117195,1.2925976994461584e-08
-0.000274279117195,1.2925976994460992e-08
-0.00027427911719499996,1.2925976994460987e-08
-0.000274279117195,1.2925976994460992e-08
-0.000274279117195,1.2925976994460992e-08
-0.000274279117195,1.2925976994460992e-08
5.467927156457516e-05,3.8074803339509122
-0.00027427911719499497,1.2925977259937941e-08
-0.000274279117195,1.2925976994461358e-08
-0.000274279117195,1.2925976994460992e-08
-0.000274279117195,1.2925976994461027e-08
-0.000274279117195,1.2925976994460992e-08
9.816272017060732e+21,-8.481055065542007e+17
-0.000274279117195,1.2925976994462038e-08
-0.000274279117195,1.2925976994460992e-08
-0.000274279117195,1.2925976994460992e-08
-0.000274279117195,1.2925976994460992e-08
-0.000274279117195,1.2925976994460992e-08
-0.000274270792571374,1.2925257764276641e-08
-2.30215356736413e+20,1.9890128492991176e+16
-0.00027427911719499654,1.2925977150618044e-08
-0.00027427911719499996,1.2925976995131994e-08
-0.000274279117195,1.2925976994460992e-08
-0.000274279117195,1.2925976994461e-08
-0.000274279117195,1.2925976994460992e-08
-0.000274279117195,1.2925976994460992e-08
-0.000274279117195,1.2925976994462276e-08
-0.00027427911719497323,1.2925977050854932e-08
-0.000274279117195,1.2925976994463772e-08
-0.000274279117195,1.2925976994460992e-08
-0.000274279117195,1.2925976994460992e-08
-0.000274279117195,1.2925976994460992e-08
89128.96065963458,-3.891787545714484
-0.00027427911719499844,1.2925977031982287e-08
-0.000274279117195,1.2925976994460992e-08
-0.000274279117195,1.2925976994460992e-08
-0.000274279117195,1.2925976994460999e-08
-0.000274279117195,1.2925976994461485e-08
-0.000274279117195,1.2925976994460992e-08
-0.000274279117195,1.2925976994462395e-08
-0.000274279117194959,1.29259770308955e-08
-0.0002742791171949999,1.2925976994460986e-08
-0.000274279117195,1.2925976994460992e-08
-0.000274279117195,1.2925976994460992e-08
-0.000274279117195,1.2925976994460992e-08
5.484717295218655e-05,3.8094236837819158
-0.00027427911719499914,1.292597699446092e-08
-0.000274279117195,1.2925976994460992e-08
-0.000274279117195,1.2925976994460992e-08
-0.000274279117195,1.2925976994461098e-08
-0.000274279117195,1.2925976994460992e-08
-0.000274279117195,1.2925976994460992e-08
-0.000274279117195,1.29259769944617e-08
-0.000274279117195,1.2925976994460992e-08
-0.000274279117195,1.2925976994460992e-08
-0.000274279117195,1.2925976994460992e-08
-0.000274279117195,1.2925976994460992e-08
-0.000274279117195,1.2925976994460992e-08
-3.21864397206988e+26,2.780841516622228e+22
-0.0002742791171949992,1.2925976994460923e-08
-0.000274279117195,1.2925976994460992e-08
-0.000274279117195,1.2925976994460992e-08
-0.000274279117195,1.2925976994461035e-08
-0.000274279117195,1.2925976994460992e-08
-0.000274279117195,1.2925976994460992e-08
-0.000274279117195,1.292597699446137e-08
-0.000274279117195,1.2925976994460992e-08
-0.000274279117195,1.2925976994460992e-08
-0.000274279117195,1.2925976994460992e-08
-0.000274279117195,1.2925976994460992e-08
-0.000274279117195,1.2925976994460992e-08
89128.96065980333,-3.889834420721774
-0.00027427911719499936,1.2925976994460936e-08
-0.00027243297905582304,0.021367866353625302
-0.000274279117195,1.2925976994460992e-08
-0.000274279117195,1.2925976994461e-08
-0.000274279117195,1.2925976994460992e-08
-0.000274279117195,1.2925976994460992e-08
-0.000274279117195,1.2925976994461429e-08
-0.000274279117195,1.2925976994460992e-08
-0.000274279117195,1.2925976994462488e-08
-0.000274279117195,1.2925976994460992e-08
-0.000274279117195,1.2925976994460992e-08
-0.000274279117195,1.2925976994460992e-08
5.5015074339774626e-05,3.8113670336129197
-0.0002742791171949992,1.2925976994460923e-08
-0.000274279117195,1.2925976994460992e-08
-0.000274279117195,1.2925976994460992e-08
-0.000274279117195,1.2925976994460997e-08
-0.000274279117195,1.2925976994460992e-08
-0.000274279117195,1.2925976994460992e-08
-0.000274279117195,1.2925976994461518e-08
-0.000274279117195,1.2925976994460992e-08
-0.0002742791171949999,1.2925976994460984e-08
-0.000274279117195,1.2925976994460992e-08
-0.000274279117195,1.2925976994460992e-08
-0.000274279117195,1.2925976994460992e-08
5.507077368369453e-05,3.812011717448404
-0.0002742791171949992,1.2925976994460923e-08
-0.000274279117195,1.2925976994460992e-08
-0.000274279117195,1.2925976994460992e-08
-0.000274279117195,1.2925976994461002e-08
-0.000274279117195,1.2925976994460992e-08
-0.000274279117195,1.2925976994460992e-08
-0.000274279117195,1.2925976994461584e-08
-0.000274279117195,1.2925976994460992e-08
-0.00027427911719499996,1.2925976994461538e-08
-0.000274279117195,1.2925976994460992e-08
-0.000274279117195,1.2925976994460992e-08
-0.000274279117195,1.2925976994460992e-08
126443839016.07365,-10924481.160143007
-0.0002742791171949996,1.2925976994460956e-08
-0.000274279117195,1.2925976994460992e-08
-0.000274279117195,1.2925976994460992e-08
-0.000274279117195,1.2925976994461192e-08
-0.000274279117195,1.2925976994460992e-08
-0.0002742791171647958,1.2925976991851414e-08
-0.000274279117195,1.2925976994461687e-08
-0.000274279117195,1.2925976994460992e-08
-0.00027427911719499974,1.292597699446097e-08
-0.000274279117195,1.2925976994460992e-08
-0.000274279117195,1.2925976994460992e-08
-0.000274279117195,1.2925976994460992e-08
5.5182941966967075e-05,3.8133103834439264
-0.00027427911719499914,1.292597699446092e-08
-0.000274279117195,1.2925976994460992e-08
-0.000274279117195,1.2925976994460992e-08
-0.000274279117195,1.2925976994460994e-08
-0.000274279117195,1.2925976994460992e-08
-0.000274279117195,1.2925976994460992e-08
-0.000274279117195,1.292597699446178e-08
-0.000274279117195,1.2925976994460992e-08
-0.000274279117195,1.2925976994460999e-08
-0.000274279117195,1.2925976994460992e-08
-0.000274279117195,1.2925976994460992e-08
-0.000274279117195,1.2925976994460992e-08
5.523867507130592e-05,3.813955067279408
-0.00027427911719499903,1.2925976994460908e-08
-0.000274279117195,1.2925976994460992e-08
-0.000274279117195,1.2925976994460992e-08
-0.000274279117195,1.2925976994460992e-08
-0.000274279117195,1.2925976994460992e-08
-0.0002742789497989303,1.9504270804235025e-06
-0.000274279117195,1.2925976994461905e-08
-0.000274279117195,1.2925976994460992e-08
-0.000274279117195,1.2925976994462666e-08
-0.000274279117195,1.2925976994460992e-08
-0.000274279117195,1.2925976994460992e-08
-7.987264886047204e-05,2.250128988979114
2.7200830119231544e+23,-2.3500952058858275e+19
-0.0002742791171949989,1.2925976994460901e-08
-0.000274279117195,1.2925976994460992e-08
-0.000274279117195,1.2925976994460992e-08
-0.000274279117195,1.2925976994460994e-08
-0.000274279117195,1.2925976994460992e-08
-0.000274279117195,1.2925976994460992e-08
-0.000274279117195,1.2925976994462508e-08
-0.000274279117195,1.2925976994460992e-08
-0.000274279117195,1.292597699508797e-08
-0.000274279117195,1.2925976994460992e-08
-0.000274279117195,1.2925976994460992e-08
-0.000274279117195,1.2925976994460992e-08
5.302049613375417e-06,3.8152537375990416
-0.000274279117194999,1.2925976994460901e-08
-0.000274279117195,1.2925976994460992e-08
-0.0002742791171949981,1.2925976994460828e-08
-0.000274279117195,1.2925976994460992e-08
-0.000274279117195,1.2925976994460992e-08
-0.000274279117195,1.2925976994460992e-08
-0.000274279117195,1.2925976994464911e-08
-0.000274279117195,1.2925976994460992e-08
-0.000274279117195,1.2925976994460992e-08
-0.000274279117195,1.2925976994460992e-08
-0.000274279117195,1.2925976994460992e-08
-0.000274279117195,1.2925976994460992e-08
5.540657645891731e-05,3.8158984171104113
-0.0002742791171949991,1.2925976994460913e-08
-0.000274279117195,1.2925976994460992e-08
-0.000274279117195,1.2925976994460992e-08
-0.000274279117195,1.2925976994460992e-08
-0.000274279117195,1.2925976994460992e-08
0.04500500290582778,524.078367197533
-0.000274279117195,1.2925976994465626e-08
-0.000274279117195,1.2925976994460992e-08
-0.000274279117195,1.2925976994632136e-08
-0.000274279117195,1.2925976994460994e-08
-0.000274279117195,1.2925976994460992e-08
-0.000274279117195,1.2925976994460992e-08
2.7200830119231544e+23,-2.3500952058858275e+19
-0.00027427911719499903,1.2925976994460908e-08
-0.000274279117195,1.2925976994460992e-08
-0.000274279117195,1.2925976994460994e-08
-0.000274279117195,1.2925976994461004e-08
-0.000274279117195,1.2925976994460992e-08
-0.000274279117195,1.2925976994460992e-08
-0.000274279117195,1.2925976994464805e-08
-0.000274279117195,1.2925976994460992e-08
-0.000274279117195,1.292597699447296e-08
-0.000274279117195,1.2925976994460994e-08
-0.000274279117195,1.2925976994460992e-08
-0.000274279117195,1.2925976994460992e-08
-107374183.59919177,9280.723554003218
-0.00027427911719499914,1.2925976994460918e-08
-0.000274279117195,1.2925976994460992e-08
-0.000274279117195,1.2925976994460992e-08
-0.000274279117195,1.2925976994461004e-08
-0.000274279117195,1.2925976994460992e-08
-0.000274279117195,1.2925976994460992e-08
-0.000274279117195,1.2925976994463467e-08
-0.000274279117195,1.2925976994460992e-08
-0.000274279117195,1.2925976994464142e-08
-0.000274279117195,1.2925976994460994e-08
-0.000274279117195,1.2925976994460992e-08
-0.000274279117195,1.2925976994460992e-08
5.55744778465287e-05,3.817841766941415
-0.0002742791171949992,1.2925976994460924e-08
-0.000274279117195,1.2925976994460992e-08
-0.000274279117195,1.2925976994460992e-08
-0.000274279117195,1.2925976994460992e-08
-0.000274279117195,1.2925976994460992e-08
-0.000274279117195,1.2925976994460999e-08
-0.000274279117195,1.2925976994464354e-08
-0.000274279117195,1.2925976994460992e-08
-0.000274279117195,1.2925976994460992e-08
-0.000274279117195,1.2925976994460992e-08
-0.000274279117195,1.2925976994460992e-08
-0.000274279117195,1.2925976994460992e-08
5.8486031279336205e+35,-5.05307158341753e+31
-0.0002742791171949982,1.2925976994460838e-08
-0.000274279117195,1.2925976994460992e-08
-0.000274279117195,1.2925976994461128e-08
-0.000274279117195,1.2925976994461068e-08
-0.000274279117195,1.2925976994460992e-08
-0.000274279117195,1.2925976994460992e-08
-0.000274279117195,1.2925976994464036e-08
-0.000274279117195,1.2925976994460992e-08
-0.000274279117195,1.2925976994461005e-08
-0.000274279117195,1.2925976994461259e-08
-0.000274279117195,1.2925976994460992e-08
-0.000274279117195,1.2925976994461455e-08
-151996492896255.4,13132181179.95158
-0.0002742791171949978,1.2925976994460802e-08
-0.000274279117195,1.2925976994460992e-08
-0.000274279117195,1.2925976994461019e-08
-0.000274279117195,1.2925976994461096e-08
-0.000274279117195,1.2925976994460992e-08
-0.000274279117195,1.2925976994460992e-08
-0.000274279117195,1.2925976994463957e-08
-0.000274279117195,1.2925976994460992e-08
-0.000274279117195,1.292597699446101e-08
-0.000274279117195,1.2925976994461078e-08
-0.000274279117195,1.2925976994460992e-08
-0.00027427604771572287,3.5540160857828944e-05
5.57423792614249e-05,3.819785116772419
-0.00027427911719499795,1.2925976994460817e-08
-0.000274279117195,1.2925976994460992e-08
-0.000274279117195,1.2925976994461e-08
-0.000274279117195,1.2925976994460992e-08
-0.000274279117195,1.2925976994460992e-08
-0.000274279117195,1.2925976994460992e-08
-0.000274279117195,1.2925976994463586e-08
-0.0002742791038346291,1.2925975840152703e-08
-0.0002742791170830684,1.292597698479035e-08
-0.000274279117195,1.2925976994461042e-08
-0.000274279117195,1.2925976994460992e-08
-0.000274279117195,1.2925976994460992e-08
5.57980579791669e-05,3.820429562189325
-0.0002742791171949983,1.2925976994460842e-08
-0.000274279117195,1.2925976994460992e-08
-0.000274279117195,1.2925976994461009e-08
-0.000274279117195,1.2925976994460992e-08
-0.000274279117195,1.2925976994460992e-08
-0.000274279117195,1.2925976994460992e-08
-0.000274279117195,1.2925976994463507e-08
-0.00027427910616521014,1.2925976041510062e-08
-0.00027427910775899253,1.292597617920959e-08
-0.000274279117195,1.2925976994461192e-08
-0.000274279117195,1.2925976994460992e-08
-0.000274279117195,1.2925976994460992e-08
-2.30215356736413e+20,1.9890128492991176e+16
-0.0002742791171949984,1.292597699446085e-08
-0.00027427911077049195,1.2925976439396846e-08
-0.000274279117195,1.2925976994462607e-08
-0.000274279117195,1.2925976994460992e-08
-0.000274279117195,1.2925976994460992e-08
-0.000274279117195,1.2925976994460992e-08
-0.000274279117195,1.292597699446299e-08
-0.000274279117195,1.2925976994460992e-08
-0.0002742791135556742,1.2925976680030805e-08
-0.000274279117195,1.292597699446219e-08
-0.000274279117195,1.2925976994460992e-08
-0.000274279117195,1.2925976994460992e-08
5.5952003872228014e-05,3.8217284665998177
-0.00027427911719499855,1.2925976994460866e-08
-0.000274279117195,1.2925976994460992e-08
-0.000274279117195,1.2925976994461017e-08
-0.000274279117195,1.2925976994460992e-08
-0.000274279117195,1.2925976994460992e-08
-0.000274279117195,1.2925976994460992e-08
-0.000274279117195,1.29259769944627e-08
-0.0002742763372243123,1.2925736810769647e-08
-0.000274279117195,1.2925976994460992e-08
-0.000274279117195,1.2925976994460992e-08
-0.000274279117195,1.2925976994460992e-08
-0.000274279117195,1.2925976994460992e-08
5.5965959366778345e-05,3.8223729120203287
-0.0002742791171949987,1.2925976994460878e-08
-0.000274279117195,1.2925976994460992e-08
-0.000274279117195,1.2925976994461037e-08
-0.000274279117195,1.2925976994460992e-08
-0.000274279117195,1.2925976994460992e-08
-0.000274279117195,1.2925976994460992e-08
-0.000274279117195,1.2925976994462977e-08
-0.000274279117195,1.2925976994460992e-08
-0.000274279117195,1.2925976994460992e-08
-0.000274279117195,1.2925976994460992e-08
-0.000274279117195,1.2925976994460992e-08
-0.000274279117195,1.2925976994460992e-08
-2.30215356736413e+20,1.9890128492991176e+16
-0.000274279117194999,1.2925976994460903e-08
-0.000274279117195,1.2925976994460992e-08
-0.000274279117195,1.2925976994461065e-08
-0.000274279117195,1.2925976994460992e-08
-0.000274279117195,1.2925976994460992e-08
-0.000274279117195,1.2925976994460992e-08
-0.000274279117195,1.2925976994462534e-08
-0.00027427725399741074,1.2925816018060533e-08
-0.0002742791171949627,1.2926408738509614e-08
-0.000274279117195,1.2925976994460992e-08
-0.000274279117195,1.2925976994460992e-08
-0.000274279117195,1.2925976994460992e-08
89128.96066092128,-3.8768949676450677
-0.0002742791171949988,1.292597699446089e-08
-0.000274279117195,1.2925976994460992e-08
-0.000274279117195,1.2925976994460992e-08
-0.00027427911629940353,1.2926446179788852e-08
-0.000274279117195,1.2925976994460992e-08
-0.000274279117195,1.2925976994460992e-08
-0.000274279117195,1.2925976994462468e-08
-0.000274279117195,1.2925976994460992e-08
-0.0002742791171949849,1.2926152010034204e-08
-0.00027427911668311894,1.2926723266062126e-08
-0.000274279117195,1.2925976994460992e-08
-0.000274279117195,1.2925976994460992e-08
5.6133860754389734e-05,3.824316261851332
-0.0002742791171949989,1.29259769944609e-08
-0.000274279117195,1.2925976994460992e-08
-0.000274279117195,1.2925976994460992e-08
-0.00027427911357123206,1.2925976681374972e-08
-0.000274279117195,1.2925976994460992e-08
-0.000274279117195,1.2925976994460992e-08
-0.000274279117195,1.2925976994462263e-08
-0.000274279117195,1.2925976994460992e-08
-0.000274279117195,1.2925976994460992e-08
-0.0002742791169977674,1.2925985085884831e-08
-0.000274279117195,1.2925976994460992e-08
-0.000274279117195,1.2925976994460992e-08
-4.932681935300833e+32,4.261734703498677e+28
-0.0002742791171949989,1.29259769944609e-08
-0.000274279117195,1.2925976994460992e-08
-0.000274279117195,1.2925976994460992e-08
-0.0002742791161712722,1.2926022444174801e-08
-0.000274279117195,1.2925976994460992e-08
-0.000274279117195,1.2925976994460992e-08
-0.000274279117195,1.2925976994462382e-08
-0.000274279117195,1.2925976994460992e-08
-0.000274279117195,1.2925976994460992e-08
-0.00027427911719499985,1.2925978910553062e-08
-0.000274279117195,1.2925976994460992e-08
-0.000274279117195,1.2925976994460992e-08
89128.96066109002,-3.8749418426523574
-0.00027427911719499914,1.2925976994460916e-08
-0.000274279117195,1.2925976994460992e-08
-0.000274279117195,1.2925976994460992e-08
-0.00027427911719499855,1.2925993768337393e-08
-0.000274279117195,1.2925976994460992e-08
-0.000274279117195,1.2925976994460992e-08
-0.000274279117195,1.2925976994460992e-08
-0.000274279117195,1.2925976994460992e-08
-0.000274279117195,1.2925976994460992e-08
-0.0002742791171823952,1.2925980351796624e-08
-0.000274279117195,1.2925976994460992e-08
-0.000274279117195,1.2925976994460992e-08
5.630176214197781e-05,3.826259611682336
-0.00027427911719499903,1.2925976994460908e-08
-0.000274279117195,1.2925976994460992e-08
-0.000274279117195,1.2925976994460992e-08
-0.0002742791171924933,1.292606584998636e-08
-0.000274279117195,1.2925976994460992e-08
-0.000274279117195,1.2925976994460992e-08
-0.000274279117195,1.2925976994460992e-08
-0.000274279117195,1.2925976994460992e-08
-0.000274279117195,1.2925976994460992e-08
-0.00027427911719499974,1.2925980090160997e-08
-0.000274279117195,1.2925976994460992e-08
-0.000274279117195,1.2925976994460992e-08
5.6357461485897716e-05,3.8269042955178203
-0.00027427911719499914,1.2925976994460918e-08
-0.000274279117195,1.2925976994460992e-08
-0.00027427911719493555,1.2926723269895486e-08
-0.0002742791171917095,1.2925981770507838e-08
-0.000274279117195,1.2925976994460992e-08
-0.000274279117195,1.2925976994460992e-08
-0.000274279117195,1.2925976994460992e-08
-0.000274279117195,1.2925976994460992e-08
-0.000274279117195,1.2925976994460992e-08
-0.0002742791167702427,1.2927092997319452e-08
-0.000274279117195,1.2925976994460992e-08
-0.000274279117195,1.2925976994460992e-08
1.90232055109269e+17,-16435654307546.83
-0.00027427911719499947,1.2925983573529346e-08
-0.000274279117195,1.2925976994460992e-08
-0.0002742791016138174,1.2926001411873966e-08
-0.0002742791171946372,1.2925978459125377e-08
-0.000274279117195,1.2925976994460992e-08
-0.000274279117195,1.2925976994460992e-08
-0.000274279117195,1.2925976994460992e-08
-0.000274279117195,1.2925976994460992e-08
-0.000274279117195,1.2925976994460992e-08
-0.00027427911718792055,1.292597771226235e-08
-0.000274279117195,1.2925976994460992e-08
-0.000274279117195,1.2925976994460992e-08
5.646962976917026e-05,3.828202961513343
-0.00027427911719499947,1.2925983434750621e-08
0.005922064665319319,-5.224252513863128e-07
-0.00027427911719499936,1.2925984325124547e-08
-0.0002742791171941392,1.292597833418226e-08
-0.000274279117195,1.2925976994460992e-08
-0.000274279117195,1.2925976994460992e-08
-0.000274279117195,1.2925976994461694e-08
-0.000274279117195,1.2925976994460992e-08
-0.000274279117195,1.2925976994460992e-08
-0.0002742791171838943,1.2925976993501483e-08
-0.000274279117195,1.2925976994460992e-08
-0.000274279117195,1.2925976994460992e-08
5.6525362873509105e-05,3.8288476453488243
-0.0002742791171949997,1.292598096450313e-08
0.0031595865978455368,-2.837528860843125e-07
-0.0002742791167366639,1.296532565985857e-08
-0.00027427911719459826,1.2926027639383584e-08
-0.000274279117195,1.2925976994460992e-08
-0.000274279117195,1.2925976994460992e-08
-0.000274279117195,1.2925976994461581e-08
-0.0002742791133001555,1.2925976657954519e-08
-0.000274279117195,1.2925976994460992e-08
-0.00027427911718289847,1.2925977978738385e-08
-0.000274279117195,1.2925976994460992e-08
-0.000274279117195,1.2925976994460992e-08
1.90232055109269e+17,-16435654307546.828
-0.0002742791171949986,1.2925984017616369e-08
0.0016483282975042514,-1.5318330894570292e-07
-0.00027427911714991314,1.2925976990565582e-08
-0.00027427911719460086,1.2925977138481852e-08
-0.000274279117195,1.2925976994460992e-08
-0.000274279117195,1.2925976994460992e-08
-0.000274279117195,1.2925976994461502e-08
-0.0002742791171163795,1.2925976987668347e-08
-0.0002742791171949673,1.2926355446584903e-08
-0.00027427911716501,1.2925978977335269e-08
-0.000274279117195,1.2925976994460992e-08
-0.000274279117195,1.2925976994460992e-08
-71.67994340092412,3.836329539253056
-0.0002742791171949994,1.2925983684543178e-08
0.0010001471129345084,-9.718180135473592e-08
-0.00027427911691423713,1.2926026942959003e-08
-0.00027427911719472056,1.2925977187064385e-08
-0.000274279117195,1.2925976994460992e-08
-0.000274279117195,1.2925976994460992e-08
-0.000274279117195,1.2925976994461449e-08
-0.0002741736250822468,0.0012210158158735493
-0.0002742791171949875,1.2926121811602128e-08
-0.0002742791168254071,1.292597832996061e-08
-0.000274279117195,1.2925976994460992e-08
-0.000274279117195,1.2925976994460992e-08
5.6693264261120494e-05,3.830790995179828
-0.00027427911719499947,1.2925983379230578e-08
0.0006795536951119267,-6.948319616655402e-08
-0.00027427911717067507,1.2926036969759698e-08
-0.0002742791171941774,1.2925977442241127e-08
-0.000274279117195,1.2925976994460992e-08
-0.000274279117195,1.2925976994460992e-08
-0.000274279117195,1.2925976994461442e-08
-0.0002742791171452538,1.292597699016302e-08
-0.000274279115673906,1.292830744322362e-08
-0.0002742791171857811,1.292598426937769e-08
-0.000274279117195,1.2925976994460992e-08
-0.000274279117195,1.2925976994460992e-08
4.0564818149208885e+29,-3.5047160047032943e+25
-0.00027427911719499996,1.2925977851537788e-08
-0.0002742791162495713,1.2927270412920473e-08
-0.0002742791171949493,1.2926563394853192e-08
-0.0002742791171914451,1.2925978549050441e-08
-0.000274279117195,1.2925976994460992e-08
-0.000274279117195,1.2925976994460992e-08
-0.000274279117195,1.2925976994461394e-08
-0.0002742791169444152,1.2926584626118094e-08
-0.0002742791171945309,1.2931406946067949e-08
-0.0002742791171874467,1.292598127003985e-08
-0.000274279117195,1.2925976994460992e-08
-0.000274279117195,1.2925976994460992e-08
-71.67994323217818,3.838282664245767
-0.00027427911719499963,1.292598154736217e-08
0.0001911932263081315,-2.7289866350913152e-08
-0.00027427911717927984,1.3107927823185096e-08
-0.0002742791171942121,1.2925977945603087e-08
-0.000274279117195,1.2925976994460992e-08
-0.000274279117195,1.2925976994460992e-08
-0.000274279117195,1.2925976994461336e-08
-0.0002742791167987702,1.2926396250049003e-08
-0.000274279117195,1.2925976994460992e-08
-0.00027427911718378307,1.2925980116928205e-08
-0.000274279117195,1.2925976994460992e-08
-0.000274279117195,1.2925976994460992e-08
5.686116564873188e-05,3.8327343450108313
-0.00027427911719499963,1.2925981131028114e-08
-0.0002742791168058625,1.2926463838307563e-08
-0.00027427911700132903,1.292598897129806e-08
-0.0002742791171942812,1.2925981715168476e-08
-0.000274279117195,1.2925976994460992e-08
-0.000274279117195,1.2925976994460992e-08
-0.000274279117195,1.2925976994461315e-08
-0.0002742791171548017,1.292597699098794e-08
-0.0002742791165872438,1.2926865296124309e-08
-0.00027427911062783176,1.2925976427071302e-08
-0.000274279117195,1.2925976994460992e-08
-0.000274279117195,1.2925976994460992e-08
5.8486031279336205e+35,-5.05307158341753e+31
-0.0002742791171949997,1.2925980742447092e-08
-0.000274279117195,1.2925976994460992e-08
-0.00027427911715591403,1.2926048070640124e-08
-0.00027427911719321823,1.2929573526897437e-08
-0.000274279117195,1.2925976994460992e-08
-0.000274279117195,1.2925976994460992e-08
-0.000274279117195,1.2925976994461259e-08
-0.00027425958293960626,0.00022607078729744394
-0.000274279117195,1.2925976994460992e-08
-0.0002742791171137042,1.2925978229965191e-08
-0.000274279117195,1.2925976994460992e-08
-0.000274279117195,1.2925976994460992e-08
-151996492896255.4,13132181179.966473
-0.0002742791171949993,1.2925980395010235e-08
-0.000274279117195,1.2925976994460992e-08
-0.00027427911683607195,1.2926094253566671e-08
-0.0002742791171612323,1.2925982156391748e-08
-0.000274279117195,1.2925976994460992e-08
-0.000274279117195,1.2925976994460992e-08
-0.000274279117195,1.2925976994461235e-08
-0.0002742791168414393,1.292597696391408e-08
-0.000274279117195,1.2925976994460992e-08
-0.0002742791169871113,1.2925980446875787e-08
-0.000274279117195,1.2925976994460992e-08
-0.000274279117195,1.2925976994460992e-08
5.702906706362809e-05,3.8346776948418353
-0.0002742791171949993,1.2925981629642075e-08
-0.000274279117195,1.2925976994460992e-08
-0.0002742791171941504,1.2935810905887208e-08
-0.00027427911717811573,1.2925984769172982e-08
-0.000274279117195,1.2925976994460992e-08
-0.000274279117195,1.2925976994460992e-08
-0.000274279117195,1.2925976994461199e-08
-0.000274279117195,1.2925976994460992e-08
-0.000274279117195,1.2925976994460992e-08
-0.00027427911718467006,1.2925993765369803e-08
-0.000274279117195,1.2925976994460992e-08
-0.000274279117195,1.2925976994460992e-08
5.708474578137009e-05,3.8353221402587416
-0.00027427911719499936,1.2925981463635481e-08
-0.000274279117195,1.2925976994460992e-08
-0.0002742791171949836,1.2926167115043947e-08
-0.0002742791171946227,1.2926065849045478e-08
-0.000274279117195,1.2925976994460992e-08
-0.000274279117195,1.2925976994460992e-08
-0.000274279117195,1.2925976994461196e-08
-0.000274279117195,1.2925976994460992e-08
-0.000274279117195,1.2925976994460992e-08
-0.00027427911718195066,1.2925986655977979e-08
-0.000274279117195,1.2925976994460992e-08
-0.000274279117195,1.2925976994460992e-08
-2.30215356736413e+20,1.9890128492991176e+16
-0.0002742791171949994,1.2925980658196937e-08
-0.000274279117195,1.2925976994460992e-08
-0.00027427911690003164,1.2925976968976335e-08
-0.0002742791171947949,1.2925981326606e-08
-0.000274279117195,1.2925976994460992e-08
-0.000274279117195,1.2925976994460992e-08
-0.000274279117195,1.2925976994461171e-08
-0.000274279117195,1.2925976994460992e-08
-0.000274279117195,1.2925976994460992e-08
-0.00027427911718797026,1.2926687773164963e-08
-0.000274279117195,1.2925976994460992e-08
-0.000274279117195,1.2925976994460992e-08
0.05880719575558603,3.8366061936332314
-0.0002742791171949996,1.292597992293635e-08
-0.000274279117195,1.2925976994460992e-08
-0.000274279117195,1.2925976994460992e-08
-0.00027427911719472923,1.2925977228768047e-08
-0.000274279117195,1.2925976994460992e-08
-0.000274279117195,1.2925976994460992e-08
-0.000274279117195,1.2925976994461154e-08
-0.000274279117195,1.2925976994460992e-08
-0.000274279117195,1.2925976994460992e-08
-0.0002742791171941314,1.2925989040305807e-08
-0.000274279117195,1.2925976994460992e-08
-0.000274279117195,1.2925976994460992e-08
5.725264716898148e-05,3.837265490089745
-0.0002742791171949997,1.2925978798834062e-08
-0.0002700457110966762,3.0679419705210602e-06
-0.00027375365623510354,1.2880629120037594e-08
-0.00027427911719464076,1.29259771939944e-08
-0.000274279117195,1.2925976994460992e-08
-0.000274279117195,1.2925976994460992e-08
-0.000274279117195,1.2925976994461128e-08
-0.000274279117195,1.2925976994460992e-08
-0.000274279117195,1.2925976994460992e-08
-0.0002742791171941551,1.2925995875565609e-08
-0.000274279117195,1.2925976994460992e-08
-0.000274279117195,1.2925976994460992e-08
-3.21864397206988e+26,2.780841516622228e+22
-0.00027427911719499974,1.2925978535025546e-08
-0.000274279117195,1.2925976994460992e-08
-0.0002742791171949989,1.2925989321064612e-08
-0.000274279117194538,1.2925980771447303e-08
-0.000274279117195,1.2925976994460992e-08
-0.000274279117195,1.2925976994460992e-08
-0.000274279117195,1.2925976994461116e-08
-0.00027427902941190704,1.2925969410184151e-08
-0.000274279117195,1.2925976994460992e-08
-0.0002742791170199711,1.2926016518044166e-08
-0.000274279117195,1.2925976994460992e-08
-0.000274279117195,1.2925976994460992e-08
89128.96066220796,-3.8620023895756517
-0.0002742791171949998,1.292597818808043e-08
-0.000274279117195,1.2925976994460992e-08
-0.00027427911719499914,1.2925987045103184e-08
-0.0002742791171863362,1.2925977342533464e-08
-0.000274279117195,1.2925976994460992e-08
-0.000274279117195,1.2925976994460992e-08
-0.000274279117195,1.2925976994461098e-08
-0.000274279117195,1.2925976994460992e-08
-0.000274279117195,1.2925976994460992e-08
-0.000274279117127915,1.2925982486105772e-08
-0.000274279117195,1.2925976994460992e-08
-0.000274279117195,1.2925976994460992e-08
5.7420548556592866e-05,3.8392088399207487
-0.00027427911719499985,1.2925977993790664e-08
-0.000274279117195,1.2925976994460992e-08
-0.0002742791171949751,1.2926264863933186e-08
-0.00027427911719133806,1.2927711295872414e-08
-0.000274279117195,1.2925976994460992e-08
-0.000274279117195,1.2925976994460992e-08
-0.000274279117195,1.2925976994461095e-08
-0.000274279117195,1.2925976994460992e-08
-0.000274279117195,1.2925976994460992e-08
-0.0002742791171418987,1.2926198204982923e-08
-0.000274279117195,1.2925976994460992e-08
-0.000274279117195,1.2925976994460992e-08
5.747540334682835e-05,3.8398437485945265
-0.00027427911719499985,1.292597780984359e-08
-0.000274279117195,1.2925976994460992e-08
-0.0002742791171948428,1.292779678009582e-08
-0.0002742791171870573,1.2925983629611311e-08
-0.000274279117195,1.2925976994460992e-08
-0.000274279117195,1.2925976994460992e-08
-0.000274279117195,1.2925976994461077e-08
-0.000274279117195,1.2925976994460992e-08
-0.000274279117195,1.2925976994460992e-08
-0.00027427911709016796,1.2925976985403722e-08
-0.000274279117195,1.2925976994460992e-08
-0.000274279117195,1.2925976994460992e-08
126443839016.07365,-10924481.132310975
-0.0002742791171949999,1.2925977643310086e-08
-0.000274279117195,1.2925976994460992e-08
-0.000274279117194661,1.2929900778920767e-08
-0.0002742791171949995,1.2925982825384534e-08
-0.000274279117195,1.2925976994460992e-08
-0.000274279117195,1.2925976994460992e-08
-0.000274279117195,1.2925976994461072e-08
-0.000274279117195,1.2925976994460992e-08
-0.000274279117195,1.2925976994460992e-08
-0.000274279117195,1.2925976994460992e-08
-0.000274279117195,1.2925976994460992e-08
-0.000274279117195,1.2925976994460992e-08
5.7587571630100896e-05,3.841142414590049
-0.00027427911719499996,1.2925976994460987e-08
-0.000274279117195,1.2925976994460992e-08
-0.0002558810847305356,0.21294532439278252
-0.0002742791171900839,1.2925992324097682e-08
-0.000274279117195,1.2925976994460992e-08
-0.000274279117195,1.2925976994460992e-08
-0.000274279117195,1.2925976994461058e-08
-0.000274279117195,1.2925976994460992e-08
-0.000274279117195,1.2925976994460992e-08
-0.000274279117195,1.2925976994460992e-08
-0.000274279117195,1.2925976994460992e-08
-0.000274279117195,1.2925976994460992e-08
5.76441492881009e-05,3.8417968735872368
-0.00027427911719499996,1.2925977396948042e-08
-0.000274279117195,1.2925976994460992e-08
-0.000274279117195,1.2925976994460992e-08
-0.00027427911715789205,1.2926097855335315e-08
-0.000274279117195,1.2925976994460992e-08
-0.000274279117195,1.2925976994460992e-08
-0.000274279117195,1.2925976994461057e-08
-0.000274279117195,1.2925976994460992e-08
-0.000274279117195,1.2925976994460992e-08
0.0013359835454865914,-1.2619737134443393e-07
-0.000274279117195,1.2925976994460992e-08
-0.000274279117195,1.2925976994460992e-08
126443839016.07365,-10924481.13035785
-0.00027427911719499996,1.2925977409091026e-08
-0.000274279117195,1.2925976994460992e-08
-0.000274279117195,1.2925976994460992e-08
-0.0002742791171065857,1.2926074686448714e-08
-0.000274279117195,1.2925976994460992e-08
-0.000274279117195,1.2925976994460992e-08
-0.000274279117195,1.2925976994461043e-08
-0.000274279117195,1.2925976994460992e-08
-0.000274279117195,1.2925976994460992e-08
0.0023511520399678914,-2.1390582000534694e-07
-0.000274279117195,1.2925976994460992e-08
-0.000274279117195,1.2925976994460992e-08
7.706679276509238e-06,3.8430857687451643
-0.00027427911719499996,1.2925977313681235e-08
-0.000274279117195,1.2925976994460992e-08
-0.000274279117195,1.2925976994460992e-08
-0.00027427911719499513,1.2926033411662828e-08
-0.000274279117195,1.2925976994460992e-08
-0.000274279117195,1.2925976994460992e-08
-0.000274279117195,1.2925976994461038e-08
-0.000274279117195,1.2925976994460992e-08
-0.000274279117195,1.2925976994460992e-08
0.0619962539438783,-5.367118697131742e-06
-0.000274279117195,1.2925976994460992e-08
-0.000274279117195,1.2925976994460992e-08
5.781120612205113e-05,3.843730448256534
-0.00027427911719499996,1.2925977218271472e-08
-0.000274279117195,1.2925976994460992e-08
-0.00027317670124938324,0.012759763587291416
1654.2664392070094,19147065.928537406
-0.000274279117195,1.2925976994460992e-08
-0.000274279117195,1.2925976994460992e-08
-0.000274279117195,1.2925976994461035e-08
-0.000274279117195,1.2925976994460992e-08
-0.000274279117195,1.2925976994460992e-08
-0.000274279117195,1.2925976994460992e-08
-0.000274279117195,1.2925976994460992e-08
-0.000274279117195,1.2925976994460992e-08
2.7200830119231544e+23,-2.3500952058858275e+19
-0.00027427911719499996,1.2925977181826662e-08
-0.000274279117195,1.2925976994460992e-08
-0.000274279117195,1.2925976994460992e-08
-9.778090255743867e-05,-2.3231020317661275e-09
-0.000274279117195,1.2925976994460992e-08
-0.000274279117195,1.2925976994460992e-08
-0.000274279117195,1.2925976994461035e-08
-0.000274279117195,1.2925976994460992e-08
-0.000274279117195,1.2925976994460992e-08
0.0013893881428528013,-1.308114175956863e-07
-0.000274279117195,1.2925976994460992e-08
-0.000274279117195,1.2925976994460992e-08
7.87542521778179e-06,3.8450388937378746
-0.00027427911719499996,1.2925977187898181e-08
-0.000274279117195,1.2925976994460992e-08
-0.000274279117195,1.2925976994460992e-08
16767.27907568361,194070399.27567095
-0.000274279117195,1.2925976994460992e-08
-0.000274279117195,1.2925976994460992e-08
-0.000274279117195,1.2925976994461034e-08
-0.000274279117195,1.2925976994460992e-08
-0.000274279117195,1.2925976994460992e-08
-0.000274279117195,1.2925976994460992e-08
-0.000274279117195,1.2925976994460992e-08
-0.000274279117195,1.2925976994460992e-08
5.797995206332368e-05,3.8456835732492443
-0.00027427911719499996,1.2925977136723827e-08
-0.000274279117195,1.2925976994460992e-08
-0.000274279117195,1.2925976994460992e-08
4305.061052727025,49828295.814025834
-0.000274279117195,1.2925976994460992e-08
-0.000274279117195,1.2925976994460992e-08
-0.000274279117195,1.292597699446103e-08
-0.000274279117195,1.2925976994460992e-08
-0.000274279117195,1.2925976994460992e-08
0.0111429644698864,-9.735001467972615e-07
-0.000274279117195,1.2925976994460992e-08
-0.000274279117195,1.2925976994460992e-08
5.8486031279336205e+35,-5.05307158341753e+31
-0.00027427911719499996,1.2925977099853197e-08
-0.000274279117195,1.2925976994460992e-08
-0.000274279117195,1.2925976994460992e-08
-0.000274279117195,1.2925976994460992e-08
-0.000274279117195,1.2925976994460992e-08
-0.000274279117195,1.2925976994460992e-08
-0.000274279117195,1.2925976994461024e-08
-0.000274279117195,1.2925976994460992e-08
-0.000274279117195,1.2925976994460992e-08
-0.000274279117195,1.2925976994460992e-08
-0.000274279117195,1.2925976994460992e-08
-0.000274279117195,1.2925976994460992e-08
-107374183.59918919,9280.753339159357
-0.000274279117195,1.2925977075133381e-08
-0.000274279117195,1.2925976994460992e-08
-0.000274279117195,1.2925976994460992e-08
-0.000274279117195,1.2925976994460992e-08
-0.000274279117195,1.2925976994460992e-08
-0.000274279117195,1.2925976994460992e-08
-0.000274279117195,1.2925976994461019e-08
-0.000274279117195,1.2925976994460992e-08
-0.000274279117195,1.2925976994460992e-08
-0.000274279117195,1.2925976994460992e-08
-0.000274279117195,1.2925976994460992e-08
-0.000274279117195,1.2925976994460992e-08
5.814700892455872e-05,3.847617147918541
-0.000274279117195,1.2925977070796546e-08
-0.000274279117195,1.2925976994460992e-08
-0.000274279117195,1.2925976994460992e-08
-0.000274279117195,1.2925976994460992e-08
-0.000274279117195,1.2925976994460992e-08
-0.000274279117195,1.2925976994460992e-08
-0.000274279117195,1.2925976994460992e-08
-0.000274279117195,1.2925976994460992e-08
-0.000274279117195,1.2925976994460992e-08
-0.000274279117195,1.2925976994460992e-08
-0.000274279117195,1.2925976994460992e-08
-0.000274279117195,1.2925976994460992e-08
5.8486031279336205e+35,-5.05307158341753e+31
-0.000274279117195,1.2925977071663914e-08
-0.000274279117195,1.2925976994460992e-08
-0.000274279117195,1.2925976994460992e-08
-0.000274279117195,1.2925976994460992e-08
-0.000274279117195,1.2925976994460992e-08
-0.000274279117195,1.2925976994460992e-08
-0.000274279117195,1.2925976994461017e-08
-0.000274279117195,1.2925976994460992e-08
-0.000274279117195,1.2925976994460992e-08
-0.000274279117195,1.2925976994460992e-08
-0.000274279117195,1.2925976994460992e-08
-0.000274279117195,1.2925976994460992e-08
-151996492896255.4,13132181179.981365
-0.000274279117195,1.2925977049542332e-08
-0.000274279117195,1.2925976994460992e-08
-0.000274279117195,1.2925976994460992e-08
-0.000274279117195,1.2925976994460992e-08
-0.000274279117195,1.2925976994460992e-08
-0.000274279117195,1.2925976994460992e-08
-0.000274279117195,1.2925976994461015e-08
-0.000274279117195,1.2925976994460992e-08
-0.000274279117195,1.2925976994460992e-08
-0.000274279117195,1.2925976994460992e-08
-0.000274279117195,1.2925976994460992e-08
-0.000274279117195,1.2925976994460992e-08
5.835663353536178e-05,3.8495604977459403
-0.000274279117195,1.29259770419529e-08
-0.000274279117195,1.2925976994460992e-08
-0.000274279117195,1.2925976994460992e-08
-0.000274279117195,1.2925976994460992e-08
-0.000274279117195,1.2925976994460992e-08
-0.000274279117195,1.2925976994460992e-08
-0.000274279117195,1.2925976994461017e-08
-0.000274279117195,1.2925976994460992e-08
-0.000274279117195,1.2925976994460992e-08
-0.000274279117195,1.2925976994460992e-08
-0.000274279117195,1.2925976994460992e-08
-0.000274279117195,1.2925976994460992e-08
5.837058902991211e-05,3.8502049431664513
-0.000274279117195,1.2925977044767971e-08
-0.000274279117195,1.2925976994460992e-08
-0.000274279117195,1.2925976994460992e-08
-0.000274279117195,1.2925976994460992e-08
-0.000274279117195,1.2925976994460992e-08
-0.000274279117195,1.2925976994460992e-08
-0.000274279117195,1.2925976994461015e-08
-0.000274279117195,1.2925976994460992e-08
-0.000274279117195,1.2925976994460992e-08
-0.000274279117195,1.2925976994460992e-08
-0.000274279117195,1.2925976994460992e-08
-0.000274279117195,1.2925976994460992e-08
-2.30215356736413e+20,1.9890128492991176e+16
-0.000274279117195,1.2925977039784516e-08
-0.000274279117195,1.2925976994460992e-08
-0.000274279117195,1.2925976994460992e-08
-0.000274279117195,1.2925976994460992e-08
-0.000274279117195,1.2925976994460992e-08
-0.000274279117195,1.2925976994460992e-08
-0.000274279117195,1.2925976994461017e-08
-0.000274279117195,1.2925976994460992e-08
-0.000274279117195,1.2925976994460992e-08
-0.000274279117195,1.2925976994460992e-08
-0.000274279117195,1.2925976994460992e-08
-0.000274279117195,1.2925976994460992e-08
0.05880848244338824,3.851498771702648
-0.000274279117195,1.2925977037182457e-08
-0.000274279117195,1.2925976994460992e-08
-0.000274279117195,1.2925976994460992e-08
-0.000274279117195,1.2925976994460992e-08
-0.000274279117195,1.2925976994460992e-08
-0.000274279117195,1.2925976994460992e-08
-0.000274279117195,1.2925976994461015e-08
-0.000274279117195,1.2925976994460992e-08
-0.000274279117195,1.2925976994460992e-08
-0.000274279117195,1.2925976994460992e-08
-0.000274279117195,1.2925976994460992e-08
-0.000274279117195,1.2925976994460992e-08
-0.0001707556458789184,1.7774999247852394
-0.000274279117195,1.2925977040001343e-08
-0.000274279117195,1.2925976994460992e-08
-0.000274279117195,1.2925976994460992e-08
-0.000274279117195,1.2925976994460992e-08
-0.000274279117195,1.2925976994460992e-08
-0.000274279117195,1.2925976994460992e-08
-0.000274279117195,1.2925976994461017e-08
-0.000274279117195,1.2925976994460992e-08
-0.000274279117195,1.2925976994460992e-08
-0.000274279117195,1.2925976994460992e-08
-0.000274279117195,1.2925976994460992e-08
-0.000274279117195,1.2925976994460992e-08
-0.00010936708906387094,1.9087499438131181
-0.000274279117195,1.2925977031110898e-08
-0.000274279117195,1.2925976994460992e-08
-0.000274279117195,1.2925976994460992e-08
-0.000274279117195,1.2925976994460992e-08
-0.000274279117195,1.2925976994460992e-08
-0.000274279117195,1.2925976994460992e-08
-0.000274279117195,1.2925976994461014e-08
-0.000274279117195,1.2925976994460992e-08
-0.000274279117195,1.2925976994460992e-08
-0.000274279117195,1.2925976994460992e-08
-0.000274279117195,1.2925976994460992e-08
-0.000274279117195,1.2925976994460992e-08
-0.00010223929591287036,1.9912499244317199
-0.000274279117195,1.2925977032411938e-08
-0.000274279117195,1.2925976994460992e-08
-0.000274279117195,1.2925976994460992e-08
-0.000274279117195,1.2925976994460992e-08
-0.000274279117195,1.2925976994460992e-08
-0.000274279117195,1.2925976994460992e-08
-0.000274279117195,1.2925976994461015e-08
-0.000274279117195,1.2925976994460992e-08
-0.000274279117195,1.2925976994460992e-08
-0.000274279117195,1.2925976994460992e-08
-0.000274279117195,1.2925976994460992e-08
-0.000274279117195,1.2925976994460992e-08
-3.21864397206988e+26,2.780841516622228e+22
-0.000274279117195,1.2925977023521477e-08
-0.000274279117195,1.2925976994460992e-08
-0.000274279117195,1.2925976994460992e-08
-0.000274279117195,1.2925976994460992e-08
-0.000274279117195,1.2925976994460992e-08
-0.000274279117195,1.2925976994460992e-08
-0.000274279117195,1.2925976994461015e-08
-0.000274279117195,1.2925976994460992e-08
-0.000274279117195,1.2925976994460992e-08
-0.000274279117195,1.2925976994460992e-08
-0.000274279117195,1.2925976994460992e-08
-0.000274279117195,1.2925976994460992e-08
-2.30215356736413e+20,1.9890128492991176e+16
-0.000274279117195,1.292597702373445e-08
-0.000274279117195,1.2925976994460992e-08
-0.000274279117195,1.2925976994460992e-08
-0.000274279117195,1.2925976994460992e-08
-0.000274279117195,1.2925976994460992e-08
-0.000274279117195,1.2925976994460992e-08
-0.000274279117195,1.2925976994461015e-08
-0.000274279117195,1.2925976994460992e-08
-0.000274279117195,1.2925976994460992e-08
-0.000274279117195,1.2925976994460992e-08
-0.000274279117195,1.2925976994460992e-08
-0.000274279117195,1.2925976994460992e-08
-151996492896255.4,13132181178.3737
-0.000274279117195,1.2925977029809846e-08
-0.000274279117195,1.2925976994460992e-08
-0.000274279117195,1.2925976994460992e-08
-0.000274279117195,1.2925976994460992e-08
-0.000274279117195,1.2925976994460992e-08
-0.000274279117195,1.2925976994460992e-08
-0.000274279117195,1.2925976994461015e-08
-0.000274279117195,1.2925976994460992e-08
-0.000274279117195,1.2925976994460992e-08
-0.000274279117195,1.2925976994460992e-08
-0.000274279117195,1.2925976994460992e-08
-0.000274279117195,1.2925976994460992e-08
-7.675187889041911e-05,2.2862498804153444
-0.000274279117195,1.2925977031110872e-08
-0.000274279117195,1.2925976994460992e-08
-0.000274279117195,1.2925976994460992e-08
-0.000274279117195,1.2925976994460992e-08
-0.000274279117195,1.2925976994460992e-08
-0.000274279117195,1.2925976994460992e-08
-0.000274279117195,1.2925976994461019e-08
-0.000274279117195,1.2925976994460992e-08
-0.000274279117195,1.2925976994460992e-08
-0.000274279117195,1.2925976994460992e-08
-0.000274279117195,1.2925976994460992e-08
-0.000274279117195,1.2925976994460992e-08
-7.318796543469771e-05,2.327499870724644
-0.000274279117195,1.2925977030460354e-08
-0.000274279117195,1.2925976994460992e-08
-0.000274279117195,1.2925976994460992e-08
-0.000274279117195,1.2925976994460992e-08
-0.000274279117195,1.2925976994460992e-08
-0.000274279117195,1.2925976994460992e-08
-0.000274279117195,1.2925976994461017e-08
-0.000274279117195,1.2925976994460992e-08
-0.000274279117195,1.2925976994460992e-08
-0.000274279117195,1.2925976994460992e-08
-0.000274279117195,1.2925976994460992e-08
-0.000274279117195,1.2925976994460992e-08
-6.957004174240199e-05,2.3693749945460145
-0.000274279117195,1.2925977036531886e-08
-0.000274279117195,1.2925976994460992e-08
-0.000274279117195,1.2925976994460992e-08
-0.000274279117195,1.2925976994460992e-08
-0.000274279117195,1.2925976994460992e-08
-0.000274279117195,1.2925976994460992e-08
-0.000274279117195,1.2925976994461017e-08
-0.000274279117195,1.2925976994460992e-08
-0.000274279117195,1.2925976994460992e-08
-0.000274279117195,1.2925976994460992e-08
-0.000274279117195,1.2925976994460992e-08
-0.000274279117195,1.2925976994460992e-08
-6.600612828668059e-05,2.410624984855314
-0.000274279117195,1.29259770397845e-08
-0.000274279117195,1.2925976994460992e-08
-0.000274279117195,1.2925976994460992e-08
-0.000274279117195,1.2925976994460992e-08
-0.000274279117195,1.2925976994460992e-08
-0.000274279117195,1.2925976994460992e-08
-0.000274279117195,1.2925976994461017e-08
-0.000274279117195,1.2925976994460992e-08
-0.000274279117195,1.2925976994460992e-08
-0.000274279117195,1.2925976994460992e-08
-0.000274279117195,1.2925976994460992e-08
-0.000274279117195,1.2925976994460992e-08
-6.244221483095916e-05,2.4518749751646136
-0.000274279117195,1.2925977040651861e-08
-0.000274279117195,1.2925976994460992e-08
-0.000274279117195,1.2925976994460992e-08
-0.000274279117195,1.2925976994460992e-08
-0.000274279117195,1.2925976994460992e-08
-0.000274279117195,1.2925976994460992e-08
-0.000274279117195,1.2925976994461017e-08
-0.000274279117195,1.2925976994460992e-08
-0.000274279117195,1.2925976994460992e-08
-0.000274279117195,1.2925976994460992e-08
-0.000274279117195,1.2925976994460992e-08
-0.000274279117195,1.2925976994460992e-08
-5.887830134795291e-05,2.493124965473913
-0.000274279117195,1.29259770419529e-08
-0.000274279117195,1.2925976994460992e-08
-0.000274279117195,1.2925976994460992e-08
-0.000274279117195,1.2925976994460992e-08
-0.000274279117195,1.2925976994460992e-08
-0.000274279117195,1.2925976994460992e-08
-0.000274279117195,1.2925976994461017e-08
-0.000274279117195,1.2925976994460992e-08
-0.000274279117195,1.2925976994460992e-08
-0.000274279117195,1.2925976994460992e-08
-0.000274279117195,1.2925976994460992e-08
-0.000274279117195,1.2925976994460992e-08
126443839016.07353,-10924482.455309017
-0.000274279117195,1.2925977040651858e-08
-0.000274279117195,1.2925976994460992e-08
-0.000274279117195,1.2925976994460992e-08
-0.000274279117195,1.2925976994460992e-08
-0.000274279117195,1.2925976994460992e-08
-0.000274279117195,1.2925976994460992e-08
-0.000274279117195,1.2925976994461017e-08
-0.000274279117195,1.2925976994460992e-08
-0.000274279117195,1.2925976994460992e-08
-0.000274279117195,1.2925976994460992e-08
-0.000274279117195,1.2925976994460992e-08
-0.000274279117195,1.2925976994460992e-08
-151996492896255.4,13132181178.670574
-0.000274279117195,1.2925977055184035e-08
-0.000274279117195,1.2925976994460992e-08
-0.000274279117195,1.2925976994460992e-08
-0.000274279117195,1.2925976994460992e-08
-0.000274279117195,1.2925976994460992e-08
-0.000274279117195,1.2925976994460992e-08
-0.000274279117195,1.2925976994461019e-08
-0.000274279117195,1.2925976994460992e-08
-0.000274279117195,1.2925976994460992e-08
-0.000274279117195,1.2925976994460992e-08
-0.000274279117195,1.2925976994460992e-08
-0.000274279117195,1.2925976994460992e-08
1.90232055109269e+17,-16435654307548.1
-0.000274279117195,1.292597706949551e-08
184844.5190128929,2139455608.0149088
-0.000274279117195,1.2925976994460992e-08
0.017616997441277853,207.07994003593984
-0.000274279117195,1.2925976994460992e-08
-0.000274279117195,1.2925976994460992e-08
-0.000274279117195,1.2925976994461019e-08
-0.00027426935247453144,0.00011303324190357982
-0.000274279117195,1.2925976994460992e-08
-0.000274279117195,1.2925976994460992e-08
-0.000274279117195,1.2925976994460992e-08
-0.000274279117195,1.2925976994460992e-08
-5.139949032154117e-05,2.5796873602466612
-0.000274279117195,1.2925977094649e-08
266773.2713566304,3087727860.475672
-0.000274279117195,1.2925976994460992e-08
-0.000274279117195,1.2925976994460992e-08
-0.000274279117195,1.2925976994460992e-08
-0.000274279117195,1.2925976994460992e-08
-0.000274279117195,1.292597699446102e-08
-0.0002742789124670738,2.382519144049781e-06
-0.000274279117195,1.2925976994460992e-08
-0.000274279117195,1.2925976994460992e-08
-0.000274279117195,1.2925976994460992e-08
-0.000274279117195,1.2925976994460992e-08
-4.961752329424554e-05,2.6003124746106003
-0.000274279117195,1.2925977103322624e-08
-0.000274279117195,1.2925976994460992e-08
-0.000274279117195,1.2925976994460992e-08
-0.000274279117195,1.2925976994460992e-08
-0.000274279117195,1.2925976994460992e-08
-0.000274279117195,1.2925976994460992e-08
-0.000274279117195,1.2925976994461025e-08
-0.00027427904831087455,8.102151207221443e-07
-0.000274279117195,1.2925976994460992e-08
-0.000274279117195,1.2925976994460992e-08
-0.000274279117195,1.2925976994460992e-08
-0.000274279117195,1.2925976994460992e-08
1.90232055109269e+17,-16435654307548.037
-0.000274279117195,1.2925977103322624e-08
-0.000274279117195,1.2925976994460992e-08
-0.000274279117195,1.2925976994460992e-08
0.009924125734229652,118.03993182334204
-0.000274279117195,1.2925976994460992e-08
-0.000274279117195,1.2925976994460992e-08
-0.000274279117195,1.2925976994461027e-08
-0.0002742790597235619,6.314016414619701e-07
-0.000274279117195,1.2925976994460992e-08
-0.000274279117195,1.2925976994460992e-08
-0.000274279117195,1.2925976994460992e-08
-0.000274279117195,1.2925976994460992e-08
-4.605360981123932e-05,2.6415624649199
-0.00027427911719499996,1.2925977116774507e-08
-0.00027427911719479244,1.292837924038892e-08
-0.000274279117195,1.2925976994460992e-08
0.017357807630466217,204.07998582350376
-0.000274279117195,1.2925976994460992e-08
-0.000274279117195,1.2925976994460992e-08
-0.000274279117195,1.292597699446103e-08
-0.0002742791169300139,1.2929160500539905e-08
-0.000274279117195,1.2925976994460992e-08
-0.000274279117195,1.2925976994460992e-08
-0.000274279117195,1.2925976994460992e-08
-0.000274279117195,1.2925976994460992e-08
2.7200830119231544e+23,-2.3500952058858275e+19
-0.00027427911719499996,1.2925977101587894e-08
-0.000274279117195,1.2925976994460992e-08
-0.000274279117195,1.2925976994460992e-08
0.12664776794898314,276.1601463278375
-0.000274279117195,1.2925976994460992e-08
-0.000274279117195,1.2925976994460992e-08
-0.000274279117195,1.2925976994461032e-08
-0.00027427908302771355,4.0780674715325505e-07
-0.000274279117195,1.2925976994460992e-08
-0.000274279117195,1.2925976994460992e-08
-0.000274279117195,1.2925976994460992e-08
-0.000274279117195,1.2925976994460992e-08
-4.2435706745121556e-05,2.6834373503226923
-0.00027427911719499996,1.2925977199173857e-08
-0.000274279117195,1.2925976994460992e-08
-0.000274279117195,1.2925976994460992e-08
-0.000274279117195,1.2925976994460992e-08
-0.000274279117195,1.2925976994460992e-08
-0.000274279117195,1.2925976994460992e-08
-0.000274279117195,1.2925976994461034e-08
-0.00027427906696157945,5.941537980279592e-07
-0.000274279117195,1.2925976994460992e-08
-0.000274279117195,1.2925976994460992e-08
-0.000274279117195,1.2925976994460992e-08
-0.000274279117195,1.2925976994460992e-08
-4.06537396905178e-05,2.704062464686631
-0.00027427911719499996,1.29259770216764e-08
-0.000274279117195,1.2925976994460992e-08
-0.000274279117195,1.2925976994460992e-08
-0.000274279117195,1.2925976994460992e-08
-0.000274279117195,1.2925976994460992e-08
-0.000274279117195,1.2925976994460992e-08
-0.000274279117195,1.2925976994461034e-08
-0.00027427906600104723,6.053285320136872e-07
-0.000274279117195,1.2925976994460992e-08
-0.000274279117195,1.2925976994460992e-08
-0.000274279117195,1.2925976994460992e-08
-0.000274279117195,1.2925976994460992e-08
-4.932681935300833e+32,4.261734703498677e+28
-0.00027427911719499996,1.292597699898802e-08
-0.000274279117195,1.2925976994460992e-08
-0.000274279117195,1.2925976994460992e-08
0.006464758793465457,77.99999972180655
-0.000274279117195,1.2925976994460992e-08
-0.000274279117195,1.2925976994460992e-08
-0.000274279117195,1.2925976994461035e-08
-0.00027427908000625834,4.432375626391914e-07
-0.000274279117195,1.2925976994460992e-08
1.0861344511495954,-9.38505310366705e-05
-0.000274279117195,1.2925976994460992e-08
-0.000274279117195,1.2925976994460992e-08
-3.704810301160473e-05,2.745312454992326
-0.00027427911719499996,1.2925976995836691e-08
-0.000274279117195,1.2925976994460992e-08
-0.000274279117195,1.2925976994460992e-08
-0.000274279117195,1.2925976994460992e-08
-0.000274279117195,1.2925976994460992e-08
-0.000274279117195,1.2925976994460992e-08
-0.000274279117195,1.292597699446104e-08
-0.0002742790701887699,5.568994740976467e-07
-0.000274279117195,1.2925976994460992e-08
-0.000274279117195,1.2925976994460992e-08
-0.000274279117195,1.2925976994460992e-08
-0.000274279117195,1.2925976994460992e-08
-8.603169110039087e-05,2.7581248352945646
-0.000274279117195,1.2925976994764258e-08
-0.00027427911719499947,1.2925976994460946e-08
-0.000274279117195,1.2925976994460992e-08
-0.000274279117195,1.2925976994460992e-08
-0.000274279117195,1.2925976994460992e-08
-0.000274279117195,1.2925976994460992e-08
-0.000274279117195,1.2925976994461045e-08
-0.0002742791171725713,1.2925976992990831e-08
-0.000274279117195,1.2925976994460992e-08
-0.000274279117195,1.2925976994460992e-08
-0.000274279117195,1.2925976994460992e-08
-0.000274279117195,1.2925976994460992e-08
5.8486031279336205e+35,-5.05307158341753e+31
-0.000274279117195,1.2925976994553749e-08
-0.00027427911719499936,1.2925976994460934e-08
-0.000274279117195,1.2925976994460992e-08
-0.000274279117195,1.2925976994460992e-08
-0.000274279117195,1.2925976994460992e-08
-0.000274279117195,1.2925976994460992e-08
-0.000274279117195,1.2925976994461052e-08
-0.0002742790653372375,6.127784304600381e-07
-0.000274279117195,1.2925976994460992e-08
43.51486990661574,-0.0037596051182538785
-0.000274279117195,1.2925976994460992e-08
-0.000274279117195,1.2925976994460992e-08
-2.30215356736413e+20,1.9890128492991176e+16
-0.000274279117195,1.2925976994492547e-08
-0.000274279117195,1.2925976994460992e-08
-0.000274279117195,1.2925976994460992e-08
2.3561740303888214,27274.363179466807
-0.000274279117195,1.2925976994460992e-08
-0.000274279117195,1.2925976994460992e-08
-0.000274279117195,1.2925976994461062e-08
-0.00027427906601261133,6.053277362068193e-07
-0.000274279117195,1.2925976994460992e-08
-0.000274279117195,1.2925976994460992e-08
-0.000274279117195,1.2925976994460992e-08
-0.000274279117195,1.2925976994460992e-08
-3.330991305780222e-05,2.789062502516358
-0.000274279117195,1.2925976994464963e-08
-0.000274279117195,1.2925976994460992e-08
-0.000274279117195,1.2925976994460992e-08
4.823211342475331,55828.722447893364
-0.000274279117195,1.2925976994460992e-08
-0.000274279117195,1.2925976994460992e-08
-0.000274279117195,1.2925976994460992e-08
-0.0002742790579228408,6.983793893487798e-07
-0.000274279117195,1.2925976994460992e-08
-0.000274279117195,1.2925976994460992e-08
-0.000274279117195,1.2925976994460992e-08
-0.000274279117195,1.2925976994460992e-08
-3.240543728444571e-05,2.799531223867056
-0.000274279117195,1.2925976994461067e-08
-0.000274279117195,1.2925976994460992e-08
-0.000274279117195,1.2925976994460992e-08
-0.000274279117195,1.2925976994460992e-08
-0.000274279117195,1.2925976994460992e-08
-0.000274279117195,1.2925976994460992e-08
-0.000274279117195,1.2925976994461005e-08
-0.0002742790646785142,6.201482933727738e-07
-0.000274279117195,1.2925976994460992e-08
-0.000274279117195,1.2925976994460992e-08
-0.000274279117195,1.2925976994460992e-08
-0.000274279117195,1.2925976994460992e-08
-2.30215356736413e+20,1.9890128492991176e+16
-0.000274279117195,1.2925976994461723e-08
-0.000274279117195,1.2925976994460992e-08
-0.000274279117195,1.2925976994460992e-08
-0.000274279117195,1.2925976994460992e-08
-0.000274279117195,1.2925976994460992e-08
-0.000274279117195,1.2925976994460992e-08
-0.000274279117195,1.2925976994460999e-08
-0.0002742790366505349,9.443945220272201e-07
-0.000274279117195,1.2925976994460992e-08
-0.000274279117195,1.2925976994460992e-08
-0.000274279117195,1.2925976994460992e-08
-0.000274279117195,1.2925976994460992e-08
-3.0623490856043225e-05,2.8201560998124164
-0.000274279117195,1.292597699446171e-08
-0.000274279117195,1.2925976994460992e-08
-0.000274279117195,1.2925976994460992e-08
-0.000274279117195,1.2925976994460992e-08
-0.000274279117195,1.2925976994460992e-08
-0.000274279117195,1.2925976994460992e-08
-0.000274279117195,1.2925976994460997e-08
-0.0002742789832267889,1.5629377736697193e-06
-0.000274279117195,1.2925976994460992e-08
-0.000274279117195,1.2925976994460992e-08
-0.000274279117195,1.2925976994460992e-08
-0.000274279117195,1.2925976994460992e-08
2.7200830119231544e+23,-2.3500952058858275e+19
-0.000274279117195,1.292597699446167e-08
-0.000274279117195,1.2925976994460992e-08
-0.000274279117195,1.2925976994460992e-08
-0.000274279117195,1.2925976994460992e-08
-0.000274279117195,1.2925976994460992e-08
-0.000274279117195,1.2925976994460992e-08
-0.000274279117195,1.2925976994460995e-08
-0.00027427897747208464,1.6299926577345953e-06
-0.000274279117195,1.2925976994460992e-08
-0.000274279117195,1.2925976994460992e-08
-0.000274279117195,1.2925976994460992e-08
-0.000274279117195,1.2925976994460992e-08
-2.8828031569015633e-05,2.840937378345084
-0.000274279117195,1.2925976994461381e-08
-0.000274279117195,1.2925976994460992e-08
-0.000274279117195,1.2925976994460992e-08
-0.000274279117195,1.2925976994460992e-08
-0.000274279117195,1.2925976994460992e-08
-0.000274279117195,1.2925976994460992e-08
-0.000274279117195,1.2925976994460995e-08
-0.00027427896525319024,1.7715540296093234e-06
-0.000274279117195,1.2925976994460992e-08
-0.000274279117195,1.2925976994460992e-08
-0.000274279117195,1.2925976994460992e-08
-0.000274279117195,1.2925976994460992e-08
89128.96057690689,-4.849307073390734
-0.000274279117195,1.2925976994461259e-08
-0.000274279117195,1.2925976994460992e-08
-0.000274279117195,1.2925976994460992e-08
-0.000274279117195,1.2925976994460992e-08
-0.000274279117195,1.2925976994460992e-08
-0.000274279117195,1.2925976994460992e-08
-0.000274279117195,1.2925976994460994e-08
-0.00027427894977825895,1.9506592289452106e-06
-0.000274279117195,1.2925976994460992e-08
-0.000274279117195,1.2925976994460992e-08
-0.000274279117195,1.2925976994460992e-08
-0.000274279117195,1.2925976994460992e-08
-2.704606454172003e-05,2.861562492709023
-0.000274279117195,1.2925976994461786e-08
-0.000274279117195,1.2925976994460992e-08
-0.000274279117195,1.2925976994460992e-08
-0.000274279117195,1.2925976994460992e-08
-0.000274279117195,1.2925976994460992e-08
-0.000274279117195,1.2925976994460992e-08
-0.000274279117195,1.2925976994460994e-08
-0.00027427898263344735,1.5703888089905401e-06
-0.000274279117195,1.2925976994460992e-08
-0.000274279117195,1.2925976994460992e-08
-0.000274279117195,1.2925976994460992e-08
-0.000274279117195,1.2925976994460992e-08
-2.6141588741078762e-05,2.8720312140597213
-0.000274279117195,1.2925976994461912e-08
-0.000274279117195,1.2925976994460992e-08
-0.000274279117195,1.2925976994460992e-08
-0.000274279117195,1.2925976994460992e-08
-0.000274279117195,1.2925976994460992e-08
-0.000274279117195,1.2925976994460992e-08
-0.000274279117195,1.2925976994460994e-08
-0.00027427901095683434,1.2425639460704588e-06
-0.000274279117195,1.2925976994460992e-08
-0.000274279117195,1.2925976994460992e-08
-0.000274279117195,1.2925976994460992e-08
-0.000274279117195,1.2925976994460992e-08
-3.21864397206988e+26,2.780841516622228e+22
-0.000274279117195,1.292597699446303e-08
-0.000274279117195,1.2925976994460992e-08
-0.000274279117195,1.2925976994460992e-08
-0.000274279117195,1.2925976994460992e-08
-0.000274279117195,1.2925976994460992e-08
-0.000274279117195,1.2925976994460992e-08
-0.000274279117195,1.2925976994460994e-08
-0.00027427903575228616,9.555704497301298e-07
-0.000274279117195,1.2925976994460992e-08
-0.000274279117195,1.2925976994460992e-08
-0.000274279117195,1.2925976994460992e-08
-0.000274279117195,1.2925976994460992e-08
-2.4359676100380002e-05,2.892656090005085
-0.000274279117195,1.2925976994546134e-08
-0.000274279117195,1.2925976994460992e-08
-0.000274279117195,1.2925976994460992e-08
-0.000274279117195,1.2925976994460992e-08
-0.000274279117195,1.2925976994460992e-08
-0.000274279117195,1.2925976994460992e-08
-0.000274279117195,1.2925976994460995e-08
-0.00027427903413055303,9.743431592691194e-07
-0.000274279117195,1.2925976994460992e-08
-0.000274279117195,1.2925976994460992e-08
-0.000274279117195,1.2925976994460992e-08
-0.000274279117195,1.2925976994460992e-08
4.0564818149208885e+29,-3.5047160047032943e+25
-0.000274279117195,1.2925976994502717e-08
-0.000274279117195,1.2925976994460992e-08
-0.000274279117195,1.2925976994460992e-08
-0.000274279117195,1.2925976994460992e-08
-0.000274279117195,1.2925976994460992e-08
-0.000274279117195,1.2925976994460992e-08
-0.000274279117195,1.2925976994460994e-08
-0.0002742790653633318,6.128439709244838e-07
-0.000274279117195,1.2925976994460992e-08
-0.000274279117195,1.2925976994460992e-08
-0.000274279117195,1.2925976994460992e-08
-0.000274279117195,1.2925976994460992e-08
-2.256418305293347e-05,2.9134373685377493
-0.000274279117195,1.2925976994464805e-08
-0.000274279117195,1.2925976994460992e-08
-0.000274279117195,1.2925976994460992e-08
-0.000274279117195,1.2925976994460992e-08
-0.000274279117195,1.2925976994460992e-08
-0.000274279117195,1.2925976994460992e-08
-0.000274279117195,1.2925976994460995e-08
-0.00027427908694041,3.6310326374291406e-07
-0.000274279117195,1.2925976994460992e-08
-0.000274279117195,1.2925976994460992e-08
-0.000274279117195,1.2925976994460992e-08
-0.000274279117195,1.2925976994460992e-08
-2.1659741040019214e-05,2.9239060898884506
-0.000274279117195,1.292597699446256e-08
-0.000274279117195,1.2925976994460992e-08
-0.000274279117195,1.2925976994460992e-08
-0.000274279117195,1.2925976994460992e-08
-0.000274279117195,1.2925976994460992e-08
-0.000274279117195,1.2925976994460992e-08
-0.000274279117195,1.2925976994460995e-08
-0.00027427909908736553,2.2251012002989487e-07
-0.000274279117195,1.2925976994460992e-08
-0.000274279117195,1.2925976994460992e-08
-0.000274279117195,1.2925976994460992e-08
-0.000274279117195,1.2925976994460992e-08
-2.0782216025637867e-05,2.934062482901688
-0.000274279117195,1.292597699446258e-08
-0.000274279117195,1.2925976994460992e-08
-0.000274279117195,1.2925976994460992e-08
-0.000274279117195,1.2925976994460992e-08
-0.000274279117195,1.2925976994460992e-08
-0.000274279117195,1.2925976994460992e-08
-0.000274279117195,1.2925976994460995e-08
-0.00027427910902628924,1.0747351444049807e-07
-0.000274279117195,1.2925976994460992e-08
-0.000274279117195,1.2925976994460992e-08
-0.000274279117195,1.2925976994460992e-08
-0.000274279117195,1.2925976994460992e-08
-1.9836017001804876e-05,2.9445312042487815
-0.000274279117195,1.2925976994461793e-08
-0.000274279117195,1.2925976994460992e-08
-0.000274279117195,1.2925976994460992e-08
-0.000274279117195,1.2925976994460992e-08
-0.000274279117195,1.2925976994460992e-08
-0.000274279117195,1.2925976994460992e-08
-0.000274279117195,1.2925976994460995e-08
-0.00027427911123905784,8.186215083958906e-08
-0.000274279117195,1.2925976994460992e-08
700669.1221106132,-60.53635634866748
-0.000274279117195,1.2925976994460992e-08
-0.000274279117195,1.2925976994460992e-08
-4.932681935300833e+32,4.261734703498677e+28
-0.000274279117195,1.292597699446268e-08
-0.000274279117195,1.2925976994460992e-08
-0.000274279117195,1.2925976994460992e-08
-0.00027363028498253027,0.007509825610617489
-0.000274279117195,1.2925976994460992e-08
-0.000274279117195,1.2925976994460992e-08
-0.000274279117195,1.2925976994460995e-08
-0.00027427911355954945,5.321484063143284e-08
-0.000274279117195,1.2925976994460992e-08
72223.75726866012,-6.239982576161162
-0.000274279117195,1.2925976994460992e-08
-0.000274279117195,1.2925976994460992e-08
-1.808228096527708e-05,2.9653124827850537
-0.000274279117195,1.2925976994461227e-08
2.7870598728446794,32261.587770227987
4.114911391215937,47630.60919724118
-0.0002741630505599091,0.0013434090640194888
-0.000274279117195,1.2925976994460992e-08
-0.000274279117195,1.2925976994460992e-08
-0.000274279117195,1.2925976994460995e-08
-0.0002742791149826342,3.749419635385573e-08
-0.000274279117195,1.2925976994460992e-08
6145.9884723134555,-0.5310006449761321
-0.000274279117195,1.2925976994460992e-08
-0.000274279117195,1.2925976994460992e-08
-151996492896255.4,13132181179.108074
-0.000274279117195,1.292597699446344e-08
-0.000274279117195,1.2925976994460992e-08
-0.000274279117195,1.2925976994460992e-08
0.0003287440758421863,0.00024425695370396193
-0.000274279117195,1.2925976994460992e-08
-0.000274279117195,1.2925976994460992e-08
-0.000274279117195,1.2925976994460995e-08
-0.000274279114516323,4.18015632372404e-08
-0.000274279117195,1.2925976994460992e-08
779.9997228096885,-0.06739036618062756
-0.000274279117195,1.2925976994460992e-08
-0.000274279117195,1.2925976994460992e-08
-1.6300334536851308e-05,2.985937358730414
-0.000274279117195,1.2925976994468088e-08
0.020119399557447102,236.04362400986992
-0.000274279117195,1.2925976994460992e-08
-0.00016885881116054366,5.032957234263771e-05
-0.000274279117195,1.2925976994460992e-08
-0.000274279117195,1.2925976994460992e-08
-0.000274279117195,1.2925976994460995e-08
-0.0002742791171949636,1.2925977020591381e-08
144.05825765223582,140.03691636040762
214.05976825690732,-0.018494329986739954
-0.000274279117195,1.2925976994460992e-08
-0.000274279117195,1.2925976994460992e-08
1.90232055109269e+17,-16435654307547.662
-0.000274279117195,1.2925976994462488e-08
0.016836285115686748,198.04370044564237
218.05267290509056,-0.01883930865210135
-0.0002540038477086224,1.0923686429138633e-05
-0.000274279117195,1.2925976994460992e-08
-0.000274279117195,1.2925976994460992e-08
-0.000274279117195,1.2925976994460995e-08
-0.0002742791160180109,2.6548863762225746e-08
-0.000274279117195,1.2925976994460992e-08
13.628408760226426,-0.0011774769716807237
-0.000274279117195,1.2925976994460992e-08
-0.000274279117195,1.2925976994460992e-08
0.058735204518390635,3.003354243618178
-0.000274279117195,1.2925976994489588e-08
8.763025361494507e-05,4.188866612587278
0.00013896667449576515,4.783052439532196
-0.0002699255764579146,2.4724583501972815e-06
-0.000274279117195,1.2925976994460992e-08
-0.000274279117195,1.2925976994460992e-08
-0.000274279117195,1.2925976994460995e-08
-0.00027427911658582877,1.9475488121914783e-08
1.6408668827820523,1.7658693472196023
2.235013617279419,-0.00019311130391120373
-0.000274279117195,1.2925976994460992e-08
-0.000274279117195,1.2925976994460992e-08
-1.4349621568283152e-05,3.0085155980870635
-0.000274279117195,1.2925976994475924e-08
-0.00020710343743030358,0.7775150041684971
-0.00020003090303507914,0.8593750097185312
-0.0002742790650278951,6.167264332616053e-07
-0.000274279117195,1.2925976994460992e-08
-0.000274279117195,1.2925976994460992e-08
-0.000274279117195,1.2925976994460995e-08
-0.0002742791167606717,1.790388217466994e-08
0.2947646163546412,0.29889914821399205
0.3767922721144869,-3.256484060090706e-05
-0.000274279117195,1.2925976994460992e-08
-0.000274279117195,1.2925976994460992e-08
-1.3904129811459238e-05,3.0136718766780484
-0.000274279117195,1.2925976994503979e-08
-0.00026313819143617366,0.12894901387616572
-0.00026339024821885927,0.12603161984503922
-0.00027427910294626246,1.7784588699577564e-07
-0.000274279117195,1.2925976994460992e-08
-0.000274279117195,1.2925976994460992e-08
-0.000274279117195,1.2925976994460995e-08
-0.000274279116908405,1.5793277599559593e-08
0.05320819991824288,0.049568016602078886
0.06615997736731623,-5.726855749757121e-06
-0.000274279117195,1.2925976994460992e-08
-0.000274279117195,1.2925976994460992e-08
-2.30215356736413e+20,1.9890128492991176e+16
-0.000274279117195,1.292597699460163e-08
-0.0002720533177463988,0.02576220014683851
-0.0002719688227918306,0.026740174528211532
-0.0002742791132522476,5.8560782980296635e-08
-0.000274279117195,1.2925976994460992e-08
-0.000274279117195,1.2925976994460992e-08
-0.000274279117195,1.2925976994460997e-08
-0.0002742791170007742,1.445421496399221e-08
-0.00027241184316706635,0.0216125005786768
0.027808814242365,-2.413394939736833e-06
-0.000274279117195,1.2925976994460992e-08
-0.000274279117195,1.2925976994460992e-08
4.0564818149208885e+29,-3.5047160047032943e+25
-0.000274279117195,1.2925976997849612e-08
0.004764742541670607,0.02722662177212477
0.029029185811973644,-2.5188325077288814e-06
-0.0002742791160530014,2.6143871279744014e-08
-0.000274279117195,1.2925976994460992e-08
-0.000274279117195,1.2925976994460992e-08
-0.000274279117195,1.2925976994460997e-08
-0.0002742791170782747,1.3893966676394164e-08
0.0018931816161906097,-1.7433812693720259e-07
0.0027172931269082465,-2.455396491688175e-07
-0.000274279117195,1.2925976994460992e-08
-0.000274279117195,1.2925976994460992e-08
126443839016.07358,-10924481.943590268
-0.000274279117195,1.2925976994460992e-08
0.000763732925864727,0.0011217801023775272
0.0010762219606518116,0.0011370862824845696
-0.0002742791171248823,1.3737544027228637e-08
-0.000274279117195,1.2925976994460992e-08
-0.000274279117195,1.2925976994460992e-08
-0.000274279117195,1.2925976994460997e-08
-0.0002742791171093423,1.3650078546255849e-08
0.00021781682823397502,-2.959009024022382e-08
0.0004240946897556975,0.0008317827899123173
-0.000274279117195,1.2925976994460992e-08
-0.000274279117195,1.2925976994460992e-08
-1.2073703703267726e-05,3.0343749539134577
-0.000274279117195,1.2925976997117776e-08
3.66416219755491e-05,0.00026519131394979256
-1.284711284270997e-05,0.00028237977180798805
-0.00027427911717079785,1.3206101361561546e-08
-0.000274279117195,1.2925976994460992e-08
-0.000274279117195,1.2925976994460992e-08
-0.000274279117195,1.2925976994460999e-08
-0.0002742791171067412,1.3704648450385771e-08
-0.000274279117195,1.2925976994460992e-08
-0.00011303849239310926,0.0001974662154091982
-0.000274279117195,1.2925976994460992e-08
6.260547716934493e+17,-54089831491520.94
-71.68001170084383,3.0458021984535417
-0.000274279117195,1.2925976994808337e-08
-0.00020702521477508444,7.115379561906532e-09
-0.00017553979641888722,0.00010636432935401995
-0.0002742791171574267,1.3360863702814686e-08
-0.000274279117195,1.2925976994460992e-08
-0.000274279117195,1.2925976994460992e-08
-0.000274279117195,1.2925976994460999e-08
-0.0002742791171267811,1.3500921471626215e-08
-0.00015981591339528882,3.0365940116289507e-09
-0.00027426279799815074,0.0001888970614226132
-0.000274279117195,1.2925976994460992e-08
-0.000274279117195,1.2925976994460992e-08
-1.121770760970027e-05,3.044765473974107
-0.000274279117195,1.2925976994483018e-08
-0.00025292814214898456,8.729325088389162e-05
-0.00017984087662588144,4.766709227965045e-09
-0.00027427911712959703,1.3682974123281327e-08
-0.000274279117195,1.2925976994460992e-08
-0.000274279117195,1.2925976994460992e-08
-0.000274279117195,1.2925976994461e-08
-0.0002742791171427316,1.338443434706849e-08
-0.000265872076530776,1.2199626148767088e-08
-0.0002622940847499994,1.4439747062008377e-05
-0.000274279117195,1.2925976994460992e-08
-0.000274279117195,1.2925976994460992e-08
-1.0772215852853045e-05,3.0499217525650915
-0.000274279117195,1.2925976994718551e-08
-0.00026918167726121934,1.2485568775367736e-08
-0.000274279117195,1.2925976994460992e-08
-0.00027427911707865254,1.4272623894533126e-08
-0.000274279117195,1.2925976994460992e-08
-0.000274279117195,1.2925976994460992e-08
-0.000274279117195,1.2925976994461e-08
-0.0002742791171381011,1.3348054641728452e-08
-0.0002742788841702856,2.710036143014461e-06
-0.00027092554421487947,1.2636235256851401e-08
-0.000274279117195,1.2925976994460992e-08
-0.000274279117195,1.2925976994460992e-08
-1.031996766673993e-05,3.05515623244973
-0.000274279117195,1.292597699447783e-08
-0.0002727289617678122,1.443632309070773e-06
-0.000274279117195,1.2925976994460992e-08
-0.00027427911698745027,1.532823093681194e-08
-0.000274279117195,1.2925976994460992e-08
-0.00027427911715546376,1.2925976991045142e-08
-0.000274279117195,1.2925976994461e-08
-0.00027427911715141123,1.3269838237011899e-08
-0.0002735077371694268,8.214313312939046e-07
-0.000274279117195,1.2925976994460992e-08
-0.000274279117195,1.2925976994460992e-08
-0.000274279117195,1.2925976994460992e-08
-9.867740079519904e-06,3.0603904739157897
-0.000274279117195,1.2925976994497e-08
-0.0002736419372032774,1.2870925967074335e-08
-0.000274279117195,1.2925976994460992e-08
-0.0002742791168377338,1.7061101666137658e-08
-0.000274279117195,1.2925976994460992e-08
-0.000274279117195,1.2925976994460992e-08
-0.000274279117195,1.2925976994461e-08
-0.00027427911713859683,1.3218906615682114e-08
-0.000274279117195,1.2925976994460992e-08
-0.0002742790115876327,1.2352628636923888e-06
-0.000274279117195,1.2925976994460992e-08
1.5575982979903136e+22,-1.3457325665274122e+18
-151996492896255.4,13132181179.197918
-0.000274279117195,1.2925976994460992e-08
-0.0002742013323340715,1.2919256544093955e-08
-0.000274279117195,1.2925976994460992e-08
-0.00027427911656113796,2.026251945171603e-08
-0.000274279117195,1.2925976994460992e-08
-0.000274279117195,1.2925976994460992e-08
-0.000274279117195,1.2925976994461002e-08
-0.0002742791171401036,1.3273476103833311e-08
-0.000274279117195,1.2925976994460992e-08
-0.00027427891756665816,2.3234947571144183e-06
-0.000274279117195,1.2925976994460992e-08
2.9953047847511263e+26,3.466871316586781e+30
-5.9032340496783316e-05,3.0706248341282207
-0.000274279117195,1.2925976994460992e-08
-0.000274228881464026,1.9507292543390375e-06
-0.000274279117195,1.2925976994460992e-08
-0.0002742791159825944,2.6958786523096828e-08
-0.000274279117195,1.2925976994460992e-08
-0.000274279117195,1.2925976994460992e-08
-0.000274279117195,1.2925976994461002e-08
-0.0002742791171627766,1.32989419575369e-08
-0.0002715067956827766,1.26864541759848e-08
-0.000274279117195,1.2925976994460992e-08
-0.000274279117195,1.2925976994460992e-08
3408.3781309685405,-0.29447679954284756
89128.96059631267,-4.624697699229044
-0.000274279117195,1.2925977001075605e-08
-0.0002741949438352573,3.8885357587951924e-06
-0.000274279117195,1.2925976994460992e-08
-0.000274279117195,1.2925976994460992e-08
-0.000274279117195,1.2925976994460992e-08
-0.000274279117195,1.2925976994460992e-08
-0.000274279117195,1.2925976994461004e-08
-0.00027427911714816643,1.3308036986593013e-08
-0.00026882529221840707,1.2454777848146354e-08
-0.000274279117195,1.2925976994460992e-08
-0.000274279117195,1.2925976994460992e-08
-0.000274279117195,1.2925976994460992e-08
-151996492896255.4,13132181179.213543
-0.000274279117195,1.2925976997863166e-08
-0.00027411441841946135,8.658228263664368e-06
-0.000274279117195,1.2925976994460992e-08
-0.000274279117195,1.2925976994460992e-08
-0.000274279117195,1.2925976994460992e-08
-0.00027427911719500017,1.2925976994461005e-08
-0.000274279117195,1.2925976994461005e-08
-0.00027427911714591075,1.333350292140954e-08
-0.0002741132986047607,1.2911650612793228e-08
-0.000274279117195,1.2925976994460992e-08
-0.000274279117195,1.2925976994460992e-08
-0.000274279117195,1.2925976994460992e-08
-5.768237296660295e-05,3.0862498340699034
-0.000274279117195,1.2925976996304627e-08
-0.00027427768511543765,1.6588319516800043e-05
-0.000274279117195,1.2925976994460992e-08
-0.000274279117195,1.2925976994460992e-08
-0.000274279117195,1.2925976994460992e-08
-0.00027427911719499985,1.2925978868072454e-08
-0.000274279117195,1.2925976994461009e-08
-0.0002742791171341301,1.3320770105541677e-08
-0.0002742769229332106,2.5410085216011116e-05
-0.000274279117195,1.2925976994460992e-08
-0.000274279117195,1.2925976994460992e-08
-0.000274279117195,1.2925976994460992e-08
-7.188053708133738e-06,3.0914061083367734
-0.000274279117195,1.2925976996060437e-08
-0.000274279108543292,1.1306389413433698e-07
-0.000274279117195,1.2925976994460992e-08
-0.000274279117195,1.2925976994460992e-08
-0.000274279117195,1.2925976994460992e-08
-0.000274279117195,1.2925976994489583e-08
-0.000274279117195,1.2925976994461012e-08
-0.0002742791168667195,1.3373520858604394e-08
-0.000274063939616937,1.2907386098800697e-08
-0.000274279117195,1.2925976994460992e-08
-0.000274279117195,1.2925976994460992e-08
2.060232136339574e+28,2.3845852800517044e+32
5.8486031279336205e+35,-5.05307158341753e+31
-0.000274279117195,1.2925976995226834e-08
-0.00027427908323187294,4.060271786716862e-07
-0.000274279117195,1.2925976994460992e-08
-0.000274279117195,1.2925976994460992e-08
-0.000274279117195,1.2925976994460992e-08
-0.00027427911719499936,1.292598449094734e-08
-0.000274279117195,1.2925976994461015e-08
-0.00027427911696623487,1.3548216348158245e-08
-0.00027417477668597863,1.470703444286989e-07
-0.000274279117195,1.2925976994460992e-08
-0.000274279117195,1.2925976994460992e-08
-0.000274279117195,1.2925976994460992e-08
-6.290313765196709e-06,3.1017968668123963
-0.000274279117195,1.2925976995477677e-08
-0.000274279117195,1.2925976994460992e-08
-0.0002742774433733694,1.2925832379749885e-08
-0.000274279117195,1.2925976994460992e-08
-0.000274279117195,1.2925976994460992e-08
1.1806286584178855e+22,-1.0200386298420786e+18
-0.000274279117195,1.2925976994461017e-08
-0.0002742791168481259,1.377377119136885e-08
-0.00027423812864926225,1.2922435669273036e-08
-0.000274279117195,1.2925976994460992e-08
-0.000274279117195,1.2925976994460992e-08
-0.0002742791171949992,1.2925986487171056e-08
-3.21864397206988e+26,2.780841516622228e+22
-0.000274279117195,1.2925976995762281e-08
-0.00027336626339163997,1.2847108322529016e-08
-0.000274279117195,1.2925976994460992e-08
-0.000274279117195,1.2925976994460992e-08
-0.000274279117195,1.2925976994460992e-08
766.6136708947913,8873059.966883088
-0.000274279117195,1.2925976994461024e-08
-0.0002742791168914178,1.4177733005065264e-08
-0.000274279117195,1.2925976994460992e-08
-0.000274279117195,1.2925976994460992e-08
-0.000274279117195,1.2925976994460992e-08
-0.0002742791137142579,5.3213312977911735e-08
-107374183.59925269,9280.018475880848
-0.000274279117195,1.2925976995599651e-08
-0.000271834657858637,4.5983047803429414e-07
-0.000274279117195,1.2925976994460992e-08
-0.000274279117195,1.2925976994460992e-08
-0.000274279117195,1.2925976994460992e-08
734710920521.8379,-63477496.9904159
-0.000274279117195,1.292597699446103e-08
-0.0002742791168100812,1.4214112564200035e-08
-0.00027424814042729815,1.2923300666093404e-08
-0.000274279117195,1.2925976994460992e-08
-0.000274279117195,1.2925976994460992e-08
-0.000274279117195,1.2925976994460992e-08
1.90232055109269e+17,-16435654307547.541
-0.000274279117195,1.2925976995138741e-08
-0.00027427890986359287,2.4126527497701294e-06
-0.000274279117195,1.2925976994460992e-08
-0.000274279117195,1.2925976994460992e-08
-0.000274279117195,1.2925976994460992e-08
-0.0002742791171851721,1.292597699361188e-08
-0.000274279117195,1.2925976994461038e-08
-0.000274279116825538,1.4621566304472788e-08
-0.0002742724802404833,1.2925403575380653e-08
-0.000274279117195,1.2925976994460992e-08
-0.000274279117195,1.2925976994460992e-08
-0.000274279117195,1.2925976994460992e-08
0.05874549802080826,3.1224948681735096
-0.000274279117195,1.2925976994759209e-08
-0.000274279117195,1.2925976994460992e-08
-0.000274279117195,1.2925976994460992e-08
-0.000274279117195,1.2925976994460992e-08
-0.000274279117195,1.2925976994460992e-08
-0.000274279117195,1.2925976994460992e-08
-0.000274279117195,1.2925976994461045e-08
-0.0002742791166224772,1.65499876056518e-08
-0.00027425233608752137,1.8542018741956168e-08
-0.000274279117195,1.2925976994460992e-08
-0.000274279117195,1.2925976994460992e-08
-0.000274279117195,1.2925976994460992e-08
-4.056119150657768e-06,3.1276562226423947
-0.000274279117195,1.2925976994813419e-08
-0.0002742791152030844,3.598110982230847e-08
-0.0002722958000778515,0.022955624188451915
-0.000274279117195,1.2925976994460992e-08
-0.000274279117195,1.2925976994460992e-08
-0.000274279117195,1.2925976994460992e-08
-0.000274279117195,1.2925976994461058e-08
-0.00027427911625806003,1.8835222472905252e-08
-0.0002742702053981853,5.32153570671564e-08
-0.000274279117195,1.2925976994460992e-08
-0.000274279117195,1.2925976994460992e-08
-0.000274279117195,1.2925976994460992e-08
-3.6106273938338535e-06,3.1328125012333796
-0.000274279117195,1.2925977006063929e-08
-0.00027427907695605014,4.786657633253662e-07
-0.00026889922604682515,0.062268769023584566
-0.000274279117195,1.2925976994460992e-08
-0.000274279117195,1.2925976994460992e-08
0.011390154877158557,135.0082697727064
-0.000274279117195,1.2925976994461073e-08
-0.0002742791158769516,2.229975156095267e-08
-0.00027427911568583927,3.039353499590851e-08
-0.000274279117195,1.2925976994460992e-08
-0.000274279117195,1.2925976994460992e-08
-0.00027328665874047056,0.011487076834894153
-3.1583998065905163e-06,3.1380467426994394
-0.000274279117195,1.2925977003082375e-08
-0.00027427910246664167,1.833971868392936e-07
-0.000274279117195,1.2925976994460992e-08
-0.000274279117195,1.2925976994460992e-08
-0.000274279117195,1.2925976994460992e-08
3.007912240122792e+21,-2.5987736786900598e+17
-0.000274279117195,1.2925976994461086e-08
-0.0002742791160586491,1.9621032986368614e-08
-0.000274279117195,1.2925976994460992e-08
-0.000274279117195,1.2925976994460992e-08
-0.000274279117195,1.2925976994460992e-08
-0.000274279117195,1.2925976994460992e-08
4.0564818149208885e+29,-3.5047160047032943e+25
-0.000274279117195,1.292597700514236e-08
-0.000274279117195,1.2925976994460992e-08
-0.000274279117195,1.2925976994460992e-08
-0.000274279117195,1.2925976994460992e-08
-0.000274279117195,1.2925976994460992e-08
-0.000274279117195,1.2925976994460992e-08
-0.000274279117195,1.292597699446109e-08
-0.00027427911597259426,1.2925976888847675e-08
-0.00027427905795874674,6.985472479684045e-07
-0.000274279117195,1.2925976994460992e-08
-0.000274279117195,1.2925976994460992e-08
-0.000274279117195,1.2925976994460992e-08
126443839016.0736,-10924481.824449643
-0.000274279117195,1.2925976999801676e-08
0.0001119235718927358,4.470046039638418
-0.000274279117195,1.2925976994460992e-08
-0.000274279117195,1.2925976994460992e-08
-0.000274279117195,1.2925976994460992e-08
-0.00027427911719499996,1.292597745598055e-08
-0.000274279117195,1.2925976994461083e-08
-0.00027427911188220955,5.903589792210849e-08
8.128078821677553,8.002107294511744
-0.000274279117195,1.2925976994460992e-08
-0.000274279117195,1.2925976994460992e-08
-0.000274279117195,1.2925976994460992e-08
-2.30215356736413e+20,1.9890128492991176e+16
-0.000274279117195,1.2925976998310898e-08
0.0003522172978919686,7.25129030721208
8.127758374872718,-0.0007022322073404586
-0.000274279117195,1.2925976994460992e-08
-0.000274279117195,1.2925976994460992e-08
42.501938086665845,-0.0036720899136252366
-0.000274279117195,1.2925976994461082e-08
-0.00027427910839282666,9.629809109059596e-08
7.532939567201097,7.282015392442721
-0.000274279117195,1.2925976994460992e-08
-0.000274279117195,1.2925976994460992e-08
-0.000274279117195,1.2925976994460992e-08
4.0564818149208885e+29,-3.5047160047032943e+25
-0.000274279117195,1.292597699871748e-08
0.0008653151221161192,13.190065347607822
-0.000274279117195,1.2925976994460992e-08
-0.000274279117195,1.2925976994460992e-08
-0.000274279117195,1.2925976994460992e-08
-0.000274279117195,1.2925976994460992e-08
-0.000274279117195,1.2925976994461088e-08
-0.0002742790902303698,2.9425971601883004e-07
24.382304145607062,25.87851827652332
-0.000274279117195,1.2925976994460992e-08
-0.000274279117195,1.2925976994460992e-08
-0.000274279117195,1.2925976994460992e-08
-9.242051920748859e-07,3.1639060985294383
-0.000274279117195,1.2925976999855894e-08
0.004024901437599511,49.760230845272254
0.005018744171582758,61.26331689242717
-0.000274279117195,1.2925976994460992e-08
-0.000274279117195,1.2925976994460992e-08
1.2545873341724813e+22,-1.0839373895869633e+18
-0.000274279117195,1.2925976994461091e-08
-0.0002742791127885309,1.2925976613751218e-08
86.02879928128006,91.0151811448313
-0.000274279117195,1.2925976994460992e-08
-0.000274279117195,1.2925976994460992e-08
-0.000274279117195,1.2925976994460992e-08
-4.3023375546192124e-07,3.169140578410472
-0.000274279117195,1.2925976995348933e-08
0.01528086544702404,180.0407250489677
0.018478664313866796,217.0531760827011
-0.000274279117195,1.2925976994460992e-08
-0.000274279117195,1.2925976994460992e-08
1.400322204938819e+19,1.620782269302627e+23
-0.000274279117195,1.2925976994461101e-08
-0.000274279050107446,7.246024516037051e-07
340.11575603484437,356.06100909002413
-0.000274279117195,1.2925976994460992e-08
-0.000274279117195,1.2925976994460992e-08
-0.000274279117195,1.2925976994460992e-08
-2.6465249114546088e-08,3.174296857005061
-0.000274279117195,1.292597699660279e-08
0.05883592649034959,684.1623509750515
0.08303177948545105,964.2136804962221
-0.000274279117195,1.2925976994460992e-08
-0.000274279117195,1.2925976994460992e-08
5.8707610821964e+28,6.795025770338015e+32
-0.000274279117195,1.2925976994461095e-08
-0.0002742790601796108,6.053919687664125e-07
-0.000274279117195,1.2925976994460992e-08
-0.000274279117195,1.2925976994460992e-08
-0.000274279117195,1.2925976994460992e-08
-0.000274279117195,1.2925976994460992e-08
4.25762338105535e-07,3.1795310984711214
-0.000274279117195,1.2925976995633536e-08
0.23616664877919666,2736.6506245645487
0.305302746834751,3536.856187984191
-0.000274279117195,1.2925976994460992e-08
-0.000274279117195,1.2925976994460992e-08
-0.000274279117195,1.2925976994460994e-08
-0.000274279117195,1.2925976994461096e-08
-0.0002742790676025028,5.867644378209436e-07
5505.369334079439,-0.4756524824765602
-0.000274279117195,1.2925976994460992e-08
-0.000274279117195,1.2925976994460992e-08
-0.000274279117195,1.2925976994460992e-08
8.712540949527055e-07,3.184687377062106
-0.000274279117195,1.2925976997361734e-08
4.424204477006859,51210.47637138004
3.8051866533072403,44045.74592937097
-0.000274279117195,1.2925976994460992e-08
-0.000274279117195,1.2925976994460992e-08
-0.000274279117195,1.2925976994460999e-08
-0.000274279117195,1.2925976994461098e-08
-0.0002742790543251101,7.320496219876898e-07
103455.34017215252,110094.49177199135
-0.000274279117195,1.2925976994460992e-08
-0.000274279117195,1.2925976994460992e-08
-0.000274279117195,1.2925976994460992e-08
1.3235022810658748e-06,3.189921856946744
-0.000274279117195,1.2925977003787136e-08
5.596451819265935,64778.48022699018
7.654894121500868,88603.6168568176
-0.000274279117195,1.2925976994460992e-08
-0.000274279117195,1.2925976994460992e-08
11629874.956319533,-1004.7970323106929
-0.000274279117195,1.2925976994461111e-08
-0.0002742791168467663,1.2925976964374322e-08
-0.000274279117195,1.2925976994460992e-08
-0.000274279117195,1.2925976994460992e-08
-0.000274279117195,1.2925976994460992e-08
-0.000274279117195,1.2925976994460992e-08
-4.932681935300833e+32,4.261734703498677e+28
-0.000274279117195,1.2925976994472905e-08
23.363446369740895,270419.93649072445
-0.000274279117195,1.2925976994460992e-08
-0.000274279117195,1.2925976994460992e-08
-0.000274279117195,1.2925976994460992e-08
-0.000274279117195,1.2925976994460992e-08
-0.000274279117195,1.2925976994461116e-08
-0.000274279117195,1.2925976994460992e-08
-0.000274279117195,1.2925976994460992e-08
-0.000274279117195,1.2925976994460992e-08
-0.000274279117195,1.2925976994460992e-08
-0.000274279117195,1.2925976994460992e-08
-151996492896255.4,13132181179.332684
-0.000274279117195,1.2925976994460992e-08
-0.000274279117195,1.2925976994460992e-08
-0.000274279117195,1.2925976994460992e-08
-0.000274279117195,1.2925976994460992e-08
-0.000274279117195,1.2925976994460992e-08
177172643178.7382,-15307348.250893611
-0.000274279117195,1.2925976994461125e-08
-0.0002742791169818038,1.2925976976041283e-08
-0.000274279117195,1.2925976994460992e-08
-0.000274279117195,1.2925976994460992e-08
-0.000274279117195,1.2925976994460992e-08
-0.000274279117195,1.2925976994460992e-08
-4.738887054897751e-05,3.2053904586252346
-0.000274279117195,1.2925976994467823e-08
-0.000274279117195,1.2925976994460992e-08
-0.000274279117195,1.2925976994460992e-08
-0.000274279117195,1.2925976994460992e-08
-0.000274279117195,1.2925976994460992e-08
-0.000274279117195,1.2925976994460992e-08
-0.000274279117195,1.2925976994461123e-08
-0.00027427910883689506,1.2925976272338088e-08
-0.000274279117195,1.2925976994460992e-08
-0.000274279117195,1.2925976994460992e-08
-0.000274279117195,1.2925976994460992e-08
-0.000274279117195,1.2925976994460992e-08
89128.96060795615,-4.48993207473203
-0.000274279117195,1.2925976994460992e-08
-0.000274279117195,1.2925976994460992e-08
-0.000274279117195,1.2925976994460992e-08
-0.000274279117195,1.2925976994460992e-08
-0.000274279117195,1.2925976994460992e-08
-0.000274279117195,1.2925976994460992e-08
-0.000274279117195,1.2925976994461131e-08
-0.0002742791171818418,1.2925976993324152e-08
38593.37915270685,446693374.3328061
-0.000274279117195,1.2925976994460992e-08
-0.000274279117195,1.2925976994460992e-08
1.1412648055660973e+18,1.3209401057247798e+22
3.5576969228896306e-06,3.2157812127767427
-0.000274279117195,1.2925977016257476e-08
-0.000274279117195,1.2925976994460992e-08
-0.000274279117195,1.2925976994460992e-08
-0.000274279117195,1.2925976994460992e-08
-0.000274279117195,1.2925976994460992e-08
-0.00027427911715724874,1.292597699119937e-08
-0.000274279117195,1.292597699446114e-08
-0.0002742791171923211,1.2925976994229539e-08
-0.000274279117195,1.2925976994460992e-08
-0.000274279117195,1.2925976994460992e-08
-0.000274279117195,1.2925976994460992e-08
-0.000274279117195,1.2925976994460992e-08
-4.6038903018797144e-05,3.2210154585669177
-0.000274279117195,1.2925977013651369e-08
-0.000274279117195,1.2925976994460992e-08
-0.000274279117195,1.2925976994460992e-08
-0.000274279117195,1.2925976994460992e-08
-0.000274279117195,1.2925976994460992e-08
-0.000274279117195,1.2925976994461e-08
-0.000274279117195,1.2925976994461153e-08
-0.000274279117195,1.2925976994460992e-08
-0.00011022756565136829,1.8987904845454802
-0.000274279117195,1.2925976994460992e-08
-0.000274279117195,1.2925976994460992e-08
-0.000274279117195,1.2925976994460992e-08
-3.21864397206988e+26,2.780841516622228e+22
-0.000274279117195,1.2925977007093936e-08
-0.000274279117195,1.2925976994460992e-08
-0.000274279117195,1.2925976994460992e-08
-0.000274279117195,1.2925976994460992e-08
-0.000274279117195,1.2925976994460992e-08
-0.0002742791171920084,1.2960602720229389e-08
-0.000274279117195,1.2925976994461168e-08
-0.0002742791171948204,1.2925976994445478e-08
-0.000274279117195,1.2925976994460992e-08
-0.000274279117195,1.2925976994460992e-08
-0.000274279117195,1.2925976994460992e-08
-0.0002742754498474829,4.246009856416548e-05
5.8486031279336205e+35,-5.05307158341753e+31
-0.000274279117195,1.2925977004708678e-08
-0.000274279117195,1.2925976994460992e-08
-0.000274279117195,1.2925976994460992e-08
-0.000274279117195,1.2925976994460992e-08
-0.000274279117195,1.2925976994460992e-08
1.3060677561408316e+22,-1.1284154045352136e+18
-0.000274279117195,1.2925976994461192e-08
-0.0002742791071316558,1.292597612500896e-08
-0.000274279117195,1.2925976994460992e-08
-0.000274279117195,1.2925976994460992e-08
-0.000274279117195,1.2925976994460992e-08
-0.000274279117195,1.2925976994460992e-08
5.353156182609097e-06,3.23656249130941
-0.00027427911719499996,1.2925977006606019e-08
-0.000274279117195,1.2925976994460992e-08
-0.000274279117195,1.2925976994460992e-08
-0.000274279117195,1.2925976994460992e-08
-0.000274279117195,1.2925976994460992e-08
-0.000274279117195,1.2925976994460999e-08
-0.000274279117195,1.2925976994461219e-08
-0.0002742791150120292,3.8192450258146625e-08
-0.000274279117195,1.2925976994460992e-08
-0.000274279117195,1.2925976994460992e-08
-0.000274279117195,1.2925976994460992e-08
4.669682160731357e+19,-4034508362737927.0
-3.21864397206988e+26,2.780841516622228e+22
-0.00027427911719499996,1.2925977007852838e-08
-0.000274279117195,1.2925976994460992e-08
-0.000274279117195,1.2925976994460992e-08
-0.000274279117195,1.2925976994460992e-08
-0.000274279117195,1.2925976994460992e-08
9.256600799312201e+17,1.0713915980639059e+22
-0.000274279117195,1.2925976994461227e-08
-0.0002742791040763002,1.647662874189932e-07
-0.000274279117195,1.2925976994460992e-08
-0.000274279117195,1.2925976994460992e-08
-0.000274279117195,1.2925976994460992e-08
-0.000274279117195,1.2925976994460992e-08
-107374183.59924103,9280.153241505346
-0.00027427911719499996,1.2925977004600218e-08
5.651691733689758e-05,3.8287498937317572
-0.000274279117195,1.2925976994460992e-08
-0.000274279117195,1.2925976994460992e-08
-0.000274279117195,1.2925976994460992e-08
-0.000274279117195,1.2925976994460992e-08
-0.000274279117195,1.2925976994461214e-08
-0.000274279117195,1.2925976994460992e-08
-0.000274279117195,1.2925976994460992e-08
-0.000274279117195,1.2925976994460992e-08
-0.000274279117195,1.2925976994460992e-08
-0.000274279117195,1.2925976994461578e-08
-151996492896255.4,13132181179.383465
-0.0002742791171949999,1.2925977006714399e-08
-0.00024507932579985366,0.33796868894690973
-0.000274279117195,1.2925976994460992e-08
-0.000274279117195,1.2925976994460992e-08
-0.000274279117195,1.2925976994460992e-08
-0.000274279117195,1.2925976994461e-08
-0.000274279117195,1.2925976994461225e-08
-0.0002742790595705676,6.798914653415918e-07
-0.0002577380522427156,0.19145212798557482
-0.000274279117195,1.2925976994460992e-08
-0.000274279117195,1.2925976994460992e-08
-0.000274279117195,1.2925976994460992e-08
6.8279940614215506e-06,3.2536327846722126
-0.00027427911719499985,1.2925977006497544e-08
-0.000274279117195,1.2925976994460992e-08
-0.000274279117195,1.2925976994460992e-08
-0.000274279117195,1.2925976994460992e-08
1.2240890798511593e+18,1.4168038396251865e+22
6.483907914826401e+28,7.504703522573037e+32
-0.000274279117195,1.2925976994461272e-08
-0.000274279117195,1.2925976994460992e-08
-0.000274279117195,1.2925976994460992e-08
-0.000274279117195,1.2925976994460992e-08
-0.000274279117195,1.2925976994460992e-08
-0.000274279117195,1.2925976994460992e-08
7.050729640398646e-06,3.2562108047584157
-0.0002742791171949998,1.2925976994460974e-08
-0.000274279117195,1.2925976994460992e-08
-0.000274279117195,1.2925976994460992e-08
-0.000274279117195,1.2925976994460992e-08
-0.000274279117195,1.2925976994460992e-08
-0.000274279117195,1.2925976994460995e-08
-0.000274279117195,1.2925976994460992e-08
-0.000274279117195,1.2925976994460992e-08
-0.000274279117195,1.2925976994460992e-08
-0.000274279117195,1.2925976994460992e-08
9.473555967996305e+21,-8.184955519919316e+17
10.125485761520602,-0.0008748317027767638
-151996492896255.4,13132181179.391277
-0.000274279117195,1.2925976994460992e-08
-0.000274279117195,1.2925976994460992e-08
-0.000274279117195,1.2925976994460992e-08
-0.000274279117195,1.2925976994460992e-08
3698498598690428.0,-319542594386.2106
-0.000274279117195,1.2925976994460992e-08
-0.000274279117195,1.2925976994460992e-08
-0.000274279117195,1.2925976994460992e-08
-0.000274279117195,1.2925976994460992e-08
-0.000274279117195,1.2925976994460992e-08
-0.0002742791171878809,1.2925976993845917e-08
-0.000274279117195,1.2925976994461591e-08
7.502977826511761e-06,3.2614452846430537
-0.000274279117195,1.2925976994460992e-08
-0.000274279117195,1.2925976994460992e-08
-0.000274279117195,1.2925976994460992e-08
-0.000274279117195,1.2925976994460992e-08
1.0841369014574964e+18,1.2548182562425128e+22
-0.000274279117195,1.2925976994460992e-08
-0.000274279117195,1.2925976994460992e-08
-0.000274279117195,1.2925976994460992e-08
-0.000274279117195,1.2925976994460992e-08
-0.000274279117195,1.2925976994460992e-08
-0.00027427911719499996,1.292597699446099e-08
1.1539398890582216e+18,1.3356106940461747e+22
-4.2326492310801095e-05,3.263984208406545
-0.0002742791171949998,1.2925977058212063e-08
-0.000274279117195,1.2925976994460992e-08
-0.000274279117195,1.2925976994460992e-08
-0.000274279117195,1.2925976994460992e-08
-0.000274279117195,1.2925976994460992e-08
-0.00027427911719499996,1.2925977507957986e-08
-0.000274279117195,1.292597699446133e-08
-0.00027427909581778583,1.2925975147514106e-08
-0.000274279117195,1.2925976994460992e-08
-0.000274279117195,1.2925976994460992e-08
-0.000274279117195,1.2925976994460992e-08
704722.5595954845,-60.886564925346875
7.945091395975836e-06,3.266562462587212
-0.0002742791171949998,1.292597701495499e-08
0.0011733270557627083,16.7551040153323
-0.000274279117195,1.2925976994460992e-08
-0.000274279117195,1.2925976994460992e-08
-0.000274279117195,1.2925976994460992e-08
-0.000274279117195,1.2925976994461e-08
-0.000274279117195,1.2925976994461353e-08
-0.0002742790808070381,1.2925973850616685e-08
-0.000274279117195,1.2925976994460992e-08
-0.000274279117195,1.2925976994460992e-08
-0.000274279117195,1.2925976994460992e-08
-0.000274279117195,1.2925976994460992e-08
4.0564818149208885e+29,-3.5047160047032943e+25
-0.0002742791171949998,1.2925977017340191e-08
-0.000274279117195,1.2925976994460992e-08
-0.000274279117195,1.2925976994460992e-08
-0.000274279117195,1.2925976994460992e-08
-0.000274279117195,1.2925976994460992e-08
1.2192475880284035e+22,-1.0534045831886395e+18
-0.000274279117195,1.292597699446139e-08
-0.000274279117195,1.2925976994460992e-08
-0.000274279117195,1.2925976994460992e-08
-0.000274279117195,1.2925976994460992e-08
-0.000274279117195,1.2925976994460992e-08
1.1293613106439726e+18,1.307162581206159e+22
-4.165150854571094e-05,3.2717967083773867
-0.00027427911719499974,1.2925977799454139e-08
-0.000274279117195,1.2925976994460992e-08
-0.000274279117195,1.2925976994460992e-08
-0.000274279117195,1.2925976994460992e-08
-0.000274279117195,1.2925976994460992e-08
-0.000274279117195,1.2925976994460992e-08
-0.000274279117195,1.2925976994461426e-08
-0.000274279117195,1.2925976994460992e-08
-0.000274279117195,1.2925976994460992e-08
-0.000274279117195,1.2925976994460992e-08
-0.000274279117195,1.2925976994460992e-08
-0.000274279117195,1.2925976994470257e-08
8.620075161066046e-06,3.274374962558053
-0.0002742791171949997,1.2925978125661188e-08
-0.000274279117195,1.2925976994460992e-08
-0.000274279117195,1.2925976994460992e-08
-0.000274279117195,1.2925976994460992e-08
-0.000274279117195,1.2925976994460992e-08
9.453267364036972e+17,1.094154479345539e+22
-0.000274279117195,1.2925976994461465e-08
-0.0002742790999105063,1.2940758998514786e-08
-0.000274279117195,1.2925976994460992e-08
-0.000274279117195,1.2925976994460992e-08
-0.000274279117195,1.2925976994460992e-08
-0.000274279117195,1.2925976994460992e-08
8.842810712758273e-06,3.2769529826442567
-0.00027427911719499963,1.2925978646076428e-08
-0.000274279117195,1.2925976994460992e-08
-0.000274279117195,1.2925976994460992e-08
-0.000274279117195,1.2925976994460992e-08
-0.000274279117195,1.2925976994460992e-08
-0.000274279117195,1.2925976994460992e-08
-0.000274279117195,1.2925976994461551e-08
-0.000274279103834308,1.2938597185980829e-08
-0.000274279117195,1.2925976994460992e-08
-0.000274279117195,1.2925976994460992e-08
-0.000274279117195,1.2925976994460992e-08
-0.000274279117195,1.2925976994460992e-08
9.065566890605146e-06,3.279531241149038
-0.00027427911719499974,1.2925976994460969e-08
-0.000274279117195,1.2925976994460992e-08
-0.000274279117195,1.2925976994460992e-08
-0.000274279117195,1.2925976994460992e-08
-0.000274279117195,1.2925976994460992e-08
-0.000274279117195,1.2925976994460992e-08
-0.000274279117195,1.2925976994461561e-08
-0.00027427910758629696,1.2935015794478278e-08
-0.000274279117195,1.2925976994460992e-08
-0.000274279117195,1.2925976994460992e-08
-0.000274279117195,1.2925976994460992e-08
0.055713288120411764,648.0198340201025
126443839016.07361,-10924481.690660583
-0.0002742791171949996,1.2925978382396868e-08
-0.000274279117195,1.2925976994460992e-08
-0.000274279117195,1.2925976994460992e-08
-0.000274279117195,1.2925976994460992e-08
-0.000274279117195,1.2925976994460992e-08
1.2545299132774466e+22,-1.0838877791267137e+18
-0.000274279117195,1.2925976994461608e-08
-0.00027427909217938147,1.2946441435611119e-08
-0.000274279117195,1.2925976994460992e-08
-0.000274279117195,1.2925976994460992e-08
-0.000274279117195,1.2925976994460992e-08
-0.000274279117195,1.2925976994460992e-08
-71.67999052322821,3.290919385038691
-0.0002742791171949996,1.2925978569747e-08
0.015478897307349386,0.015137869429236814
-0.000274279117195,1.2925976994460992e-08
-0.000274279117195,1.2925976994460992e-08
-0.000274279117195,1.2925976994460992e-08
-0.000274279117195,1.2925976994460992e-08
-0.000274279117195,1.292597699446163e-08
-0.0002742789352742445,1.2925961276885697e-08
-0.000274279117195,1.2925976994460992e-08
-0.000274279117195,1.2925976994460992e-08
-0.000274279117195,1.2925976994460992e-08
-0.000274279117195,1.2925976994460992e-08
9.740550655695302e-06,3.2873437411198796
-0.0002742791171949995,1.2925978840519078e-08
0.011508836194965401,0.010743685824479326
-0.000274279117195,1.2925976994460992e-08
-0.000274279117195,1.2925976994460992e-08
-0.000274279117195,1.2925976994460992e-08
-0.000274279117195,1.2925976994460992e-08
-0.000274279117195,1.2925976994461614e-08
-0.0002742783188574127,9.253166557834017e-06
-0.000274279117195,1.2925976994460992e-08
-0.000274279117195,1.2925976994460992e-08
-0.000274279117195,1.2925976994460992e-08
-0.000274279117195,1.2925976994460992e-08
5.8486031279336205e+35,-5.05307158341753e+31
-0.00027427911719499947,1.2925978937662107e-08
-0.000273643574351418,0.007356009771751946
-0.0002742788622111049,2.964199438697152e-06
-0.000274279117195,1.2925976994460992e-08
-0.000274279117195,1.2925976994460992e-08
-0.000274279117195,1.2925976994460992e-08
-0.000274279117195,1.2925976994461558e-08
-0.0002742779429285892,1.3604299243734886e-05
9.392499475958103e-05,-1.8886093243796707e-08
-0.000274279117195,1.2925976994460992e-08
-0.000274279117195,1.2925976994460992e-08
-0.000274279117195,1.2925976994460992e-08
-3.21864397206988e+26,2.780841516622228e+22
-0.0002742791171949994,1.2925979215214473e-08
-0.00027427748945572017,1.8852954039804722e-05
9.012360781782619e-05,9.555577248487172e-08
-0.000274279117195,1.2925976994460992e-08
-0.000274279117195,1.2925976994460992e-08
3.0671060910535557e+18,-264991593599637.38
-0.000274279117195,1.2925976994461581e-08
-0.0002742780510741485,1.2352584427724126e-05
-3.0028617751526017e-05,0.00027664940234361894
-0.000274279117195,1.2925976994460992e-08
-0.000274279117195,1.2925976994460992e-08
-0.000274279117195,1.2925976994460992e-08
1.90232055109269e+17,-16435654307547.363
-0.0002742791171949994,1.2925979395625713e-08
-0.00027425917408188715,0.00023084154537605407
-2.6223887014363892e-05,1.9592947723759527e-06
-0.000274279117195,1.2925976994460992e-08
-0.000274279117195,1.2925976994460992e-08
-0.000274279117195,1.2925976994460992e-08
-0.000274279117195,1.2925976994460992e-08
-0.0002742791171949988,1.2925976994460888e-08
-7.395549488814178e-05,0.00020793033697247021
-0.000274279117195,1.2925976994460992e-08
-0.000274279117195,1.2925976994460992e-08
-0.000274279117195,1.2925976994460992e-08
1.0634891785094643e-05,3.2976951605300973
-0.000274279117195,1.2925976994460992e-08
-8.254956768769033e-05,0.00017741376317807812
-0.00027425950422705405,0.00022702032886666868
-0.000274279117195,1.2925976994460992e-08
-0.000274279117195,1.2925976994460992e-08
-0.000274279117195,1.2925976994460992e-08
-0.000274279117195,1.2925976994460992e-08
-0.000274279117195,1.2925976994460992e-08
-0.000274279117195,1.2925976994460992e-08
-0.000274279117195,1.2925976994460992e-08
1.5162383679520382e+23,9.529343114406699e+21
1.3827103520833415e+22,-1.1946330149910764e+18
-3.21864397206988e+26,2.780841516622228e+22
-0.000274279117195,1.2925976994460992e-08
-0.000274279117195,1.2925976994460992e-08
-0.000274279117195,1.2925976994460992e-08
-0.000274279117195,1.2925976994460992e-08
9.4735559680018e+21,-8.18431947813094e+17
57.84778611288662,-0.004997939298316265
-0.000274279117195,1.2925976994460992e-08
-0.000274279117195,1.2925976994460992e-08
-0.000274279117195,1.2925976994460992e-08
-0.000274279117195,1.2925976994460992e-08
5.6715478722709854e+28,6.564449380618875e+32
0.08098325964239397,940.3659022638903
1.1080383541941868e-05,3.302851439121082
-0.000274279117195,1.2925976994460992e-08
-0.000274279117195,1.2925976994460992e-08
-0.000274279117195,1.2925976994460992e-08
-0.000274279117195,1.2925976994460992e-08
2100736.241890019,-181.44280043065982
0.01389845198073402,0.0008956062647302291
-0.000274279117195,1.2925976994460992e-08
-0.000274279117195,1.2925976994460992e-08
-0.000274279117195,1.2925976994460992e-08
-0.000274279117195,1.2925976994460992e-08
141187237958972.84,35561942219708.945
12.450995777865515,-0.0010757509363174117
-107374183.59923598,9280.211835255128
-0.000274279117195,1.2925976994460992e-08
-0.000274279117195,1.2925976994460992e-08
-0.000274279117195,1.2925976994460992e-08
-0.000274279117195,1.2925976994460992e-08
8491755.947498865,965705125.9342343
59.316832949769214,14.689559221577747
-0.000274279117195,1.2925976994460992e-08
-0.000274279117195,1.2925976994460992e-08
-0.000274279117195,1.2925976994460992e-08
-0.000274279117195,1.2925976994460992e-08
35300188565953.234,35573238124426.12
58685.413569189586,-5.070294290914664
1.1532631728054983e-05,3.30808591900572
-0.000274279117195,1.2925976994460992e-08
-0.000274279117195,1.2925976994460992e-08
-0.000274279117195,1.2925976994460992e-08
-0.000274279117195,1.2925976994460992e-08
5.947914420726283e+18,6.8843257633339576e+22
65809.07961837832,61641130.54429549
-0.000274279117195,1.2925976994460992e-08
-0.000274279117195,1.2925976994460992e-08
-0.000274279117195,1.2925976994460992e-08
-0.000274279117195,1.2925976994460992e-08
564756911016834.5,35524272938198.93
852449852.818127,-73649.89255116717
1.1755367307032024e-05,3.3106639390919237
-0.000274279117195,1.2925976994460992e-08
-0.000274279117195,1.2925976994460992e-08
-0.000274279117195,1.2925976994460992e-08
-0.000274279117195,1.2925976994460992e-08
5.871613143752331e+18,6.796011976410687e+22
1006203969312.9144,3841451874.3495455
-0.000274279117195,1.2925976994460992e-08
-0.000274279117195,1.2925976994460992e-08
-0.000274279117195,1.2925976994460992e-08
-0.000274279117195,1.2925976994460992e-08
2259016112687358.0,8628836044091.346
203662943.23959446,-17596.05491654076
-4.932681935300833e+32,4.261734703498677e+28
-0.000274279117195,1.2925976994460992e-08
-0.000274279117195,1.2925976994460992e-08
-0.000274279117195,1.2925976994460992e-08
-0.000274279117195,1.2925976994460992e-08
298.5032296876858,3083712.485719272
52360.742161382645,3754069.490151991
-0.000274279117195,1.2925976994460992e-08
-0.000274279117195,1.2925976994460992e-08
-0.000274279117195,1.2925976994460992e-08
-0.000274279117195,1.2925976994460992e-08
2236671582098.193,-192709921.39337477
-0.0002741206533189043,1.2912286044823593e-08
2.7200830119231544e+23,-2.3500952058858275e+19
-0.000274279117195,1.2925976994460992e-08
-0.000274279117195,1.2925976994460992e-08
-0.000274279117195,1.2925976994460992e-08
-0.000274279117195,1.2925976994460992e-08
-0.000274279117195,1.2925976994460992e-08
-0.000274279117195,1.2925976994460992e-08
-0.000274279117195,1.2925976994461078e-08
-0.000274279117195,1.2925976994460992e-08
-0.000274279117195,1.2925976994460992e-08
-0.000274279117195,1.2925976994460992e-08
-0.000274279117195,1.2925976994460992e-08
-0.000274279117195,1.2925976994460992e-08
1.2426939097035384e-05,3.3184373384159414
-0.00027427911719499887,1.2925980575515886e-08
-0.0002611029097424062,2.3858787862251616e-05
-0.0002742765108448621,3.0179740986759483e-05
-0.000274279117195,1.2925976994460992e-08
-0.000274279117195,1.2925976994460992e-08
-0.000274279117195,1.2925976994460992e-08
-0.000274279117195,1.2925976994461091e-08
-0.0002742770467522638,2.3976959858977703e-05
-0.0002742771906932155,2.231093655655173e-05
-0.000274279117195,1.2925976994460992e-08
-0.000274279117195,1.2925976994460992e-08
-0.000274279117195,1.2925976994460992e-08
1.2649729035324453e-05,3.3210155969207196
-0.0002742791171949987,1.2925981352678344e-08
-0.0002665868599623647,2.016376639833183e-05
-0.00025019243067698284,1.08449373253207e-08
-0.000274279117195,1.2925976994460992e-08
-0.000274279117195,1.2925976994460992e-08
-0.000274279117195,1.2925976994460992e-08
-0.000274279117195,1.292597699446109e-08
-0.00027426966426085476,1.9804675908052505e-05
-0.0002742775305762957,1.8377010007175105e-05
-0.000274279117195,1.2925976994460992e-08
-0.000274279117195,1.2925976994460992e-08
-0.000274279117195,1.2925976994460992e-08
2.7200830119231544e+23,-2.3500952058858275e+19
-0.0002742791171949996,1.2925981213912822e-08
-0.000257466189156667,1.599058593886676e-05
-0.00025567618166713124,1.1318722017027875e-08
-0.000274279117195,1.2925976994460992e-08
-0.000274279117195,1.2925976994460992e-08
-0.000274279117195,1.2925976994461116e-08
-0.000274279117195,1.2925976994461077e-08
-0.000274277809042379,1.5153945423545751e-05
-0.000274279117195,1.2925976994460992e-08
-0.000274279117195,1.2925976994460992e-08
-0.000274279117195,1.2925976994460992e-08
-0.000274279117195,1.2925976994460992e-08
1.310192286212554e-05,3.3262498383867825
-0.00027427911719499947,1.2925982573913998e-08
-0.000260269242487958,1.3782907847766106e-05
-0.00025925556535520716,1.1627973330627523e-08
-0.000274279117195,1.2925976994460992e-08
-0.000274279117195,1.2925976994460992e-08
1.1659820517644168e+22,-1.0073842665791002e+18
-0.000274279117195,1.292597699446108e-08
-0.0002742779274858017,1.3783039508323101e-05
-0.0002617582149873259,1.3187402043019256e-05
-0.000274279117195,1.2925976994460992e-08
-0.000274279117195,1.2925976994460992e-08
-0.000274279117195,1.2925976994460992e-08
89128.96061816528,-4.371768012673053
-0.00027427911719499936,1.2925983739065834e-08
-0.0002625939969054117,1.1935408362529928e-05
-0.000260804015960859,1.4797171614582277e-05
-0.000274279117195,1.2925976994460992e-08
-0.000274279117195,1.2925976994460992e-08
-0.000274279117195,1.2925976994460992e-08
-0.000274279117195,1.292597699446108e-08
-0.00027427826222144305,9.908691228153153e-06
-0.0002742781590946896,1.1102316617778483e-05
-0.000274279117195,1.2925976994460992e-08
-0.000274279117195,1.2925976994460992e-08
-0.000274279117195,1.2925976994460992e-08
-3.650475733689819e-05,3.3313670206550525
-0.0002742791171949991,1.2925986209312052e-08
-0.00026426467668428895,9.968617610756527e-06
-0.00026253381534865005,1.1911207318690199e-08
-0.000274279117195,1.2925976994460992e-08
-0.000274279117195,1.2925976994460992e-08
-0.000274279117195,1.2925976994460992e-08
-0.000274279117195,1.292597699446111e-08
-0.000274264545242332,1.0326632873384365e-05
-0.00027427827238831625,9.791016256603461e-06
-0.000274279117195,1.2925976994460992e-08
-0.000274279117195,1.2925976994460992e-08
-0.000274279117195,1.2925976994460992e-08
1.3770204557238524e-05,3.3339843754825456
-0.0002742791171949987,1.2925989706514561e-08
-0.00026533619271229227,8.775637761760481e-06
-0.00026408266281250373,1.0625150651386566e-05
-0.000274279117195,1.2925976994460992e-08
-0.000274279117195,1.2925976994460992e-08
-0.000274279117195,1.2925976994460992e-08
-0.000274279117195,1.2925976994461125e-08
-0.0002742623008558124,8.657707167007673e-06
-0.00026652703914904514,8.359836905197618e-06
-0.000274279117195,1.2925976994460992e-08
-0.000274279117195,1.2925976994460992e-08
-0.00027335609656494125,0.010683378983613323
89128.96061884025,-4.363955512702212
-0.00027427911719499985,1.2925976994460979e-08
-0.0002662914536162509,7.433810879052027e-06
-0.0002651564087950425,1.2137793943375483e-08
-0.000274279117195,1.2925976994460992e-08
-0.000274279117195,1.2925976994460992e-08
-0.000274279117195,1.2925976994460992e-08
-0.000274279117195,1.292597699446115e-08
-0.0002742603182109814,6.004247553185587e-06
-0.0002672735526032798,7.315364923418303e-06
-0.000274279117195,1.2925976994460992e-08
-0.000274279117195,1.2925976994460992e-08
-0.000274279117195,1.2925976994460992e-08
-3.5829773571808036e-05,3.3391795206258936
-0.0002742791171949987,1.2925990206114922e-08
-0.0002672749843255683,6.808022070479936e-06
-0.000274279117195,1.2925976994460992e-08
-0.000274279117195,1.2925976994460992e-08
-0.000274279117195,1.2925976994460992e-08
-0.000274279117195,1.2925976994460992e-08
-0.000274279117195,1.2925976994461171e-08
-0.0002742785171614522,6.957925719239507e-06
-0.0002680186994351375,6.540560277384561e-06
-0.000274279117195,1.2925976994460992e-08
-0.000274279117195,1.2925976994460992e-08
-0.000274279117195,1.2925976994460992e-08
1.4441810134968949e-05,3.3417577748065606
-0.0002742791171949983,1.2925995646207725e-08
-0.000268377719238787,6.241101510748296e-06
-0.000274279117195,1.2925976994460992e-08
-0.000274279117195,1.2925976994460992e-08
-0.000274279117195,1.2925976994460992e-08
-0.000274279117195,1.2925976994460992e-08
-0.000274279117195,1.2925976994461166e-08
-0.0002742745445819243,5.7658352045439435e-06
-0.00027427859694659446,6.034464365525438e-06
-0.000274279117195,1.2925976994460992e-08
-0.000274279117195,1.2925976994460992e-08
-0.000274279117195,1.2925976994460992e-08
4.0564818149208885e+29,-3.5047160047032943e+25
-0.0002742791171949978,1.2926001086300524e-08
-0.00026921223318484373,5.6749294835397235e-06
-0.000274279117195,1.2925976994460992e-08
-0.000274279117195,1.2925976994460992e-08
-0.000274279117195,1.2925976994460992e-08
-0.000274279117195,1.2925976994460992e-08
-0.000274279117195,1.2925976994461171e-08
-0.00027427728319246803,1.5254645680281948e-08
-0.0002690623242719511,1.2475256925080158e-08
-0.000274279117195,1.2925976994460992e-08
-0.000274279117195,1.2925976994460992e-08
1.115689348727068e+18,1.2913381706645381e+22
-2.30215356736413e+20,1.9890128492991176e+16
-0.0002742791171949977,1.2926001419367425e-08
-0.0002742446784705943,5.168724793874518e-06
-0.000274279117195,1.2925976994460992e-08
-0.000274279117195,1.2925976994460992e-08
-0.000274279117195,1.2925976994460992e-08
-0.000274279117195,1.2925976994460992e-08
-0.000274279117195,1.2925976994461166e-08
-0.00027427911717881005,1.311336552900596e-08
-0.0002696291672974628,1.2524230984728545e-08
-0.000274279117195,1.2925976994460992e-08
-0.000274279117195,1.2925976994460992e-08
-0.000274279117195,1.2925976994460992e-08
1.5116793900059105e-05,3.3495702747774017
-0.00027427911719499746,1.2926004416969583e-08
-0.00027427872839133285,4.513076640740539e-06
-0.000274279117195,1.2925976994460992e-08
-0.000274279117195,1.2925976994460992e-08
-0.000274279117195,1.2925976994460992e-08
-0.00027427911715875806,1.2925976991329761e-08
-0.000274279117195,1.292597699446116e-08
-0.0002742780310183993,1.212738460478744e-06
-0.00026983857117580685,1.25423230447294e-08
-0.000274279117195,1.2925976994460992e-08
-0.000274279117195,1.2925976994460992e-08
-0.000274279117195,1.2925976994460992e-08
1.5339529451751386e-05,3.352148294863605
-0.0002742791171949973,1.2926006970482533e-08
-0.0002742782005452946,1.0622552707415677e-05
-0.000274279117195,1.2925976994460992e-08
-0.000274279117195,1.2925976994460992e-08
-0.000274279117195,1.2925976994460992e-08
-0.000274279117195,1.2925976994460992e-08
-0.000274279117195,1.2925976994461164e-08
-0.000274279117195,1.2925976994460992e-08
-0.000274279117195,1.2925976994460992e-08
-0.000274279117195,1.2925976994460992e-08
-0.000274279117195,1.2925976994460992e-08
-0.000274279117194431,1.2925976994411833e-08
1.5562285629598205e-05,3.3547265533683865
-0.00027427911719499654,1.2926015408177487e-08
-0.000274279117195,1.2925976994460992e-08
-0.000274279117195,1.2925976994460992e-08
588746.9466702504,6814364646.566744
-0.000274279117195,1.2925976994460992e-08
-0.000274279117195,1.2925976994460992e-08
-0.000274279117195,1.292597699446126e-08
-0.000274279117195,1.2925976994460992e-08
-0.000274279117195,1.2925976994460992e-08
-0.000274279117195,1.2925976994460992e-08
-0.000274279117195,1.2925976994460992e-08
0.9232164869338668,10688.807577306585
126443839016.07361,-10924481.61546527
-0.0002742791171949965,1.292601563022209e-08
-0.000274279117195,1.2925976994460992e-08
-0.000274279117195,1.2925976994460992e-08
1647623.687583871,19070177208.824368
-0.000274279117195,1.2925976994460992e-08
-0.000274279117195,1.2925976994460992e-08
-0.000274279117195,1.2925976994461249e-08
-0.000274279117195,1.2925976994460992e-08
-0.000274279117195,1.2925976994460992e-08
-0.000274279117195,1.2925976994460992e-08
-0.000274279117195,1.2925976994460992e-08
-0.000274279117195,1.2925976994460992e-08
-71.67998402650947,3.3661146972580394
-0.0002742791171949956,1.2926025178140062e-08
1205997.8094253386,13958643659.902147
-0.000274279117195,1.2925976994460992e-08
-0.000274279117195,1.2925976994460992e-08
-0.000274279117195,1.2925976994460992e-08
-0.000274279117195,1.2925976994460992e-08
-0.000274279117195,1.2925976994461244e-08
-0.000274279117195,1.2925976994460992e-08
-0.000274279117195,1.2925976994460992e-08
-0.000274279117195,1.2925976994460992e-08
-0.000274279117195,1.2925976994460992e-08
-0.000274279117195,1.2925976994460992e-08
1.6237269394688415e-05,3.362539053339228
-0.00027427911719499453,1.2926038278771707e-08
-0.000274279117195,1.2925976994460992e-08
-0.000274279117195,1.2925976994460992e-08
-0.000274279117195,1.2925976994460992e-08
-0.000274279117195,1.2925976994460992e-08
-0.000274279117195,1.2925976994460992e-08
-0.000274279117195,1.2925976994461298e-08
-0.000274279117195,1.2925976994460992e-08
-0.000274279117195,1.2925976994460992e-08
-0.000274279117195,1.2925976994460992e-08
-0.000274279117195,1.2925976994460992e-08
-0.000274279117195,1.2925976994460992e-08
126443839016.07361,-10924481.60765277
-0.00027427911719499285,1.2926057818696869e-08
-0.000274279117195,1.2925976994460992e-08
-0.000274279117195,1.2925976994460992e-08
-0.00027416872056846095,1.2916438955304165e-08
-0.000274279117195,1.2925976994460992e-08
-0.000274279117195,1.2925976994460992e-08
-0.000274279117195,1.2925976994461227e-08
-0.0002742739076093677,1.2925526897086557e-08
-0.000274279117195,1.2925976994460992e-08
-0.000274279117195,1.2925976994460992e-08
-0.000274279117195,1.2925976994460992e-08
-0.000274279117195,1.2925976994460992e-08
-3.21864397206988e+26,2.780841516622228e+22
-0.0002742791171949907,1.2926083131781736e-08
-0.00027427203118379425,8.202891688182363e-05
-0.000274279117195,1.2925976994460992e-08
-0.0002742138895781581,1.2920341463892268e-08
-0.000274279117195,1.2925976994460992e-08
-0.000274279117195,1.2925976994460992e-08
-0.000274279117195,1.2925976994461244e-08
-0.00027427215176102106,8.536389609888425e-06
-0.000274279117195,1.2925976994460992e-08
-0.0002742788314988677,1.2925952310908761e-08
-0.000274279117195,1.2925976994460992e-08
-0.000274279117195,1.2925976994460992e-08
1.90232055109269e+17,-16435654307547.287
-0.0002742791171949881,1.2926112885758684e-08
-0.00017413639312583316,8.011291673082055e-05
-0.00027427910600590354,1.4243252244279386e-07
-0.0002742780286373144,2.7559912449345666e-06
-0.000274279117195,1.2925976994460992e-08
-0.000274279117195,1.2925976994460992e-08
-0.000274279117195,1.2925976994461277e-08
-0.0002742481442677816,1.2923300997903197e-08
-0.0002742705068674302,9.967189166949037e-05
-0.00027425780581042254,1.2924135735113144e-08
-0.000274279117195,1.2925976994460992e-08
-0.000274279117195,1.2925976994460992e-08
1.7131610524087702e-05,3.3728904727494458
-0.00027427911719499253,1.2926061379223563e-08
-0.00027427880434966514,3.6339081335848477e-06
-0.00027427911457872216,4.320769890023948e-08
-0.00027427882484052887,3.3967396558360562e-06
-0.000274279117195,1.2925976994460992e-08
-0.000274279117195,1.2925976994460992e-08
-0.000274279117195,1.2925976994461263e-08
-0.0002741207142639896,1.1399036576369578e-05
-0.000274279117195,1.2925976994460992e-08
-0.00027426776159574797,2.9231148827542017e-08
-0.000274279117195,1.2925976994460992e-08
-0.000274279117195,1.2925976994460992e-08
-3.21864397206988e+26,2.780841516622228e+22
-0.00027427911719498044,1.2926200830519415e-08
-0.000274271866392836,8.393626550751734e-05
-0.00027427294646887077,1.2925443856544627e-08
-0.00027427158815322483,3.5904579921968287e-06
-0.000274279117195,1.2925976994460992e-08
-0.000274279117195,1.2925976994460992e-08
-0.000274279117195,1.2925976994461249e-08
-0.0002741671870963282,9.347299966310012e-05
-0.000274279117195,1.2925976994460992e-08
-0.0002742757627697422,8.88605938253181e-08
-0.000274279117195,1.2925976994460992e-08
2096.0002061792293,-0.1810900736290252
1.90232055109269e+17,-16435654307547.28
-0.0002742791171949645,1.2926383780175665e-08
-0.0002742708776470863,9.538035726167955e-05
-0.00016983077189197568,0.00010732044991301549
-0.00027426569252190315,3.083816408729047e-06
-0.000274279117195,1.2925976994460992e-08
-0.000274279117195,1.2925976994460992e-08
-0.000274279117195,1.2925976994461318e-08
0.0006114970229884107,10.24999997465284
-0.000274279117195,1.2925976994460992e-08
-0.00015790045882713703,8.955811032253724e-09
-0.000274279117195,1.2925976994460992e-08
-0.000274279117195,1.2925976994460992e-08
-107374183.59922948,9280.287030567346
-0.0002742791171949843,1.2926154630144237e-08
-0.000274279117195,1.2925976994460992e-08
-0.0002742790589306787,6.872977648875804e-07
-0.00027398825790546735,1.6973574598421672e-06
-0.000274279117195,1.2925976994460992e-08
-0.000274279117195,1.2925976994460992e-08
-0.000274279117195,1.2925976994461364e-08
-0.0002738972749408328,1.289298661707216e-08
-0.000274279117195,1.2925976994460992e-08
-0.0002742791167698749,1.7846524945174398e-08
-0.000274279117195,1.2925976994460992e-08
-0.000274279117195,1.2925976994460992e-08
1.8029350467048042e-05,3.3832812312250686
-0.0002742791171949988,1.292598443389115e-08
-0.000274279117195,1.2925976994460992e-08
-0.0002742788236287116,3.4107656557007737e-06
334960.49089420907,3876950769.5300546
-0.000274279117195,1.2925976994460992e-08
-0.000274279117195,1.2925976994460992e-08
-0.000274279117195,1.2925976994461548e-08
-0.000274279117195,1.2925976994460992e-08
-0.000274279117195,1.2925976994460992e-08
-0.0002721473024018004,1.7080272883618595e-08
-0.000274279117195,1.2925976994460992e-08
-0.000274279117195,1.2925976994460992e-08
1.8252086046025137e-05,3.385859251311272
-0.0002742791171949967,1.2926010304902232e-08
-0.000274279117195,1.2925976994460992e-08
-0.000274279117195,1.2925976994460992e-08
2842025.5414416757,32894605189.227448
-0.000274279117195,1.2925976994460992e-08
-0.000274279117195,1.2925976994460992e-08
-0.000274279117195,1.2925976994461482e-08
-0.00026918292008572465,1.2485676152822723e-08
-0.000274279117195,1.2925976994460992e-08
-0.000274279117195,1.2925976994460992e-08
-0.000274279117195,1.2925976994460992e-08
-0.000274279117195,1.2925976994460992e-08
-107374183.5992288,9280.294843067317
-0.00027427911719499556,1.2926019852810017e-08
-0.000274279117195,1.2925976994460992e-08
-0.000274279117195,1.2925976994460992e-08
-0.00027359711162019946,1.2867053129832576e-08
-0.000274279117195,1.2925976994460992e-08
-0.000274279117195,1.2925976994460992e-08
-0.000274279117195,1.2925976994461555e-08
-0.00026623249018035473,1.2230765139242673e-08
-0.000274279117195,1.2925976994460992e-08
-0.000274279117195,1.2925976994460992e-08
-0.000274279117195,1.2925976994460992e-08
-0.000274279117195,1.2925976994460992e-08
0.05876870058773324,3.391049554671183
-0.000274279117194995,1.2926027624364395e-08
-0.000274279117195,1.2925976994460992e-08
-0.000274279117195,1.2925976994460992e-08
-0.0002740639135968621,1.290738385072029e-08
-0.000274279117195,1.2925976994460992e-08
-0.000274279117195,1.2925976994460992e-08
-0.000274279117195,1.2925976994461561e-08
-0.00025931734460158393,1.1633310929152893e-08
-0.0002574045230677453,0.19531251219701204
-0.00013974925165176498,1.302876130414515e-09
-0.000274279117195,1.2925976994460992e-08
-0.000274279117195,1.2925976994460992e-08
1.8923657836028443e-05,3.39363265063529
-0.00027427911719499746,1.2925998201616278e-08
-0.000274279117195,1.2925976994460992e-08
-0.000274279117195,1.2925976994460992e-08
264595548371.84674,3062522124015251.0
-0.000274279117195,1.2925976994460992e-08
-0.000274279117195,1.2925976994460992e-08
-0.000274279117195,1.2925976994461594e-08
-0.0002486491200372409,1.0711598492654492e-08
-0.000274279117195,1.2925976994460992e-08
-0.000274104005061083,1.29108476699291e-08
-0.000274279117195,1.2925976994460992e-08
-0.000274279117195,1.2925976994460992e-08
1.9146447774317512e-05,3.396210909140068
-0.0002742791171949972,1.2926000531188957e-08
-0.000274279117195,1.2925976994460992e-08
-0.000274279117195,1.2925976994460992e-08
-0.000274279117195,1.2925976994460992e-08
-0.000274279117195,1.2925976994460992e-08
-0.000274279117195,1.2925976994460992e-08
-0.000274279117195,1.2925976994461578e-08
-0.0002456668687313641,1.0453938176187435e-08
-0.000274279117195,1.2925976994460992e-08
-0.000274279117195,1.2925976994460992e-08
-0.000274279117195,1.2925976994460992e-08
-0.000274279117195,1.2925976994460992e-08
2.7200830119231544e+23,-2.3500952058858275e+19
-0.0002742791171949973,1.2925998976876726e-08
-0.000274279117195,1.2925976994460992e-08
-0.0002740549717601756,0.002594351180610465
-0.000274279117195,1.2925976994460992e-08
-0.000274279117195,1.2925976994460992e-08
-0.000274279117195,1.2925976994460992e-08
-0.000274279117195,1.2925976994461637e-08
-0.00022969080491294893,9.073639456478943e-09
-0.00025401128431914186,1.1174878345395386e-08
0.007508462303530783,-6.594867111964477e-07
-0.000274279117195,1.2925976994460992e-08
-0.000274279117195,1.2925976994460992e-08
1.9598641601118654e-05,3.401445150606131
-0.00027427911719499627,1.2926010971144433e-08
-0.00027426560433642155,0.00015641551328387802
-0.0002741307908489731,0.0017167943271641313
-0.000274279117195,1.2925976994460992e-08
-0.000274279117195,1.2925976994460992e-08
-0.000274279117195,1.2925976994460992e-08
-0.000274279117195,1.2925976994461697e-08
-0.00022969075034326702,9.073634741771809e-09
-0.00026717711716273476,9.825005145736004e-05
-0.0002741716278166372,0.001244132871903731
-0.000274279117195,1.2925976994460992e-08
-0.000274279117195,1.2925976994460992e-08
1.9821431539407723e-05,3.4040234091109096
-0.0002742791171949916,1.2926065375795994e-08
-0.0002742718244596021,8.442161553431759e-05
-0.0002742392342250654,0.00046163247531481286
-0.000274279117195,1.2925976994460992e-08
-0.000274279117195,1.2925976994460992e-08
-0.000274279117195,1.2925976994460992e-08
-0.000274279117195,1.2925976994461747e-08
-0.00022968812736055692,9.073408121515547e-09
-0.00027141781663320277,1.2678766570977487e-08
5.383123792989156e-05,-1.542207595835412e-08
-0.000274279117195,1.2925976994460992e-08
-0.000274279117195,1.2925976994460992e-08
2.0044167118384764e-05,3.4066014291971127
-0.0002742791171949878,1.2926110221223393e-08
0.0223650534056425,262.0356130486022
-0.00011113993413332254,0.0004768780752123617
-0.000274279117195,1.2925976994460992e-08
-0.000274279117195,1.2925976994460992e-08
-0.000274279117195,1.2925976994460992e-08
-0.000274279117195,1.292597699446183e-08
-0.00017460662549734983,4.314480805904221e-09
-0.00026763264680931923,1.2351735762815385e-08
-0.00012643667943733897,1.526975512316787e-10
-0.000274279117195,1.2925976994460992e-08
-0.000274279117195,1.2925976994460992e-08
-151996492896255.4,13132181179.541668
-0.00027427911719498684,1.2926120015743141e-08
-0.000274279117195,1.2925976994460992e-08
-0.000274279117195,1.2925976994460992e-08
-0.000274279117195,1.2925976994460992e-08
-0.000274279117195,1.2925976994460992e-08
-0.000274279117195,1.2925976994460992e-08
-0.000274279117195,1.2925976994461899e-08
-0.00018701791756951314,5.386790653426767e-09
-0.00027427772657374335,1.6108466475956795e-05
-0.000274279117195,1.2925976994460992e-08
-0.000274279117195,1.2925976994460992e-08
-0.000274279117195,1.2925976994460992e-08
89128.96062533697,-4.288760200482864
-0.00027427911719498516,1.292613953111112e-08
-0.000274279117195,1.2925976994460992e-08
-0.00027382291825026587,0.005280220283196811
0.0031834781454887764,40.02130113308571
-0.000274279117195,1.2925976994460992e-08
-0.000274279117195,1.2925976994460992e-08
-0.000274279117195,1.2925976994462011e-08
-0.00018700947745871219,5.38606144538997e-09
-0.00025448819787311994,1.1216082685553867e-08
3.1563469268290074,-0.00027271258755969636
-0.000274279117195,1.2925976994460992e-08
-0.000274279117195,1.2925976994460992e-08
2.0719150883474974e-05,3.4144139291679543
-0.00027427911719498385,1.2926144860181546e-08
-0.000274279117195,1.2925976994460992e-08
-0.000274279117195,1.2925976994460992e-08
0.00372347932958334,46.27146514174064
-0.000274279117195,1.2925976994460992e-08
-0.000274279117195,1.2925976994460992e-08
-0.000274279117195,1.2925976994462044e-08
-0.00017890324579951397,4.685699872725589e-09
-0.00026247630708937686,1.1906238724576553e-08
-0.000274279117195,1.2925976994460992e-08
-0.000274279117195,1.2925976994460992e-08
-0.000274279117195,1.2925976994460992e-08
2.0941907061321793e-05,3.4169921876727356
-0.0002742791171949835,1.2926143972003092e-08
-0.000274279117195,1.2925976994460992e-08
-0.000274279117195,1.2925976994460992e-08
-0.000274279117195,1.2925976994460992e-08
-0.000274279117195,1.2925976994460992e-08
-0.000274279117195,1.2925976994460992e-08
-0.000274279117195,1.2925976994462362e-08
-0.00016459367094481036,3.4493823369410088e-09
-0.000274279117195,1.2925976994460992e-08
-0.000274279117195,1.2925976994460992e-08
-0.000274279117195,1.2925976994460992e-08
-0.000274279117195,1.2925976994460992e-08
4.0564818149208885e+29,-3.5047160047032943e+25
-0.0002742791171949809,1.2926167976103528e-08
-0.000274279117195,1.2925976994460992e-08
-0.000274279117195,1.2925976994460992e-08
-0.000274279117195,1.2925976994460992e-08
-0.000274279117195,1.2925976994460992e-08
-0.000274279117195,1.2925976994460992e-08
-0.000274279117195,1.2925976994462666e-08
-0.00013790369045790034,1.143423477871984e-09
-0.00027427740729424766,1.9803919877439804e-05
-0.000274279117195,1.2925976994460992e-08
-0.000274279117195,1.2925976994460992e-08
-0.000274279117195,1.2925976994460992e-08
-2.8658071067724767e-05,3.4221873328160837
-0.0002742791171949788,1.2926185732014632e-08
-0.000274279117195,1.2925976994460992e-08
-0.0002726968972470736,0.018313184199642
-0.000274279117195,1.2925976994460992e-08
-0.000274279117195,1.2925976994460992e-08
-0.000274279117195,1.2925976994460992e-08
-0.000274279117195,1.2925976994462547e-08
-0.000274279117195,1.2925976994460992e-08
-0.000274187481010576,0.001060642418369291
0.14720945660897797,-1.2729362356005993e-05
-0.000274279117195,1.2925976994460992e-08
-0.000274279117195,1.2925976994460992e-08
2.161351263905222e-05,3.42476558699675
-0.00027427911719497556,1.2926223908060476e-08
-0.000274279117195,1.2925976994460992e-08
-0.000274279117195,1.2925976994460992e-08
-0.000274279117195,1.2925976994460992e-08
-0.000274279117195,1.2925976994460992e-08
-0.000274279117195,1.2925976994460992e-08
-0.000274279117195,1.292597699446274e-08
-5.293921018051503e-06,-1.0313785072313912e-08
-0.00011402819528648749,0.0001907518434792298
-0.000274279117195,1.2925976994460992e-08
-0.000274279117195,1.2925976994460992e-08
-0.000274279117195,1.2925976994460992e-08
4.0564818149208885e+29,-3.5047160047032943e+25
-0.000274279117194971,1.2926275465695393e-08
-0.000274279117195,1.2925976994460992e-08
-0.000274279117195,1.2925976994460992e-08
-0.000274279117195,1.2925976994460992e-08
-0.000274279117195,1.2925976994460992e-08
-0.000274279117195,1.2925976994460992e-08
-0.000274279117195,1.292597699446274e-08
0.00015110782227775195,-2.382657072997595e-08
-0.00027421813834971386,0.0007058035711139812
-0.000274279117195,1.2925976994460992e-08
-0.000274279117195,1.2925976994460992e-08
-0.000274279117195,1.2925976994460992e-08
-2.7983087302634556e-05,3.429999832786925
-0.00027427911719496857,1.2926296738690562e-08
-0.000274279117195,1.2925976994460992e-08
-0.000274279117195,1.2925976994460992e-08
0.0074151359347124435,88.99999968075124
-0.000274279117195,1.2925976994460992e-08
-0.000274279117195,1.2925976994460992e-08
-0.000274279117195,1.2925976994462845e-08
-0.000274279117195,1.2925976994460992e-08
-0.000274279117195,1.2925976994460992e-08
-0.000274279117195,1.2925976994460992e-08
-0.000274279117195,1.2925976994460992e-08
-0.000274279117195,1.2925976994460992e-08
126443839016.07361,-10924481.540269958
-0.00027427911719496477,1.2926326936756617e-08
-0.0002742791166477612,1.2926339355066787e-08
-0.000274279117195,1.2925976994460992e-08
0.0038530844520285696,47.771560503573475
-0.000274279117195,1.2925976994460992e-08
-0.000274279117195,1.2925976994460992e-08
-0.000274279117195,1.2925976994463547e-08
-0.00027427911658024854,1.2926502829818762e-08
-0.000274279117195,1.2925976994460992e-08
-0.000274279117195,1.2925976994460992e-08
-0.000274279117195,1.2925976994460992e-08
-0.000274279117195,1.2925976994460992e-08
2.2511231955834655e-05,3.435156107053795
-0.0002742791171949612,1.2926353582108998e-08
-0.00027427911719499616,1.2926021629332931e-08
-0.000274279117195,1.2925976994460992e-08
-0.000274279117195,1.2925976994460992e-08
-0.000274279117195,1.2925976994460992e-08
-0.000274279117195,1.2925976994460992e-08
-0.000274279117195,1.2925976994464076e-08
0.0005192716836349615,-5.5635163400251275e-08
16.501955349843282,-0.001425745426523709
-0.000274279117195,1.2925976994460992e-08
-0.000274279117195,1.2925976994460992e-08
-0.000274279117195,1.2925976994460992e-08
-2.30215356736413e+20,1.9890128492991176e+16
-0.0002742791171949439,1.2926563192215336e-08
-0.000274279117195,1.2925976994460992e-08
-0.000274279117195,1.2925976994460992e-08
-0.000274279117195,1.2925976994460992e-08
-0.000274279117195,1.2925976994460992e-08
-0.000274279117195,1.2925976994460992e-08
-0.000274279117195,1.2925976994464671e-08
0.0015340757399526423,-1.433121253610375e-07
-0.000274279117195,1.2925976994460992e-08
-0.000274279117195,1.2925976994460992e-08
-0.000274279117195,1.2925976994460992e-08
-0.000274279117195,1.2925976994460992e-08
126443839016.07361,-10924481.532457458
-0.0002742791171948853,1.2927227549670689e-08
-0.000274279117195,1.2925976994460992e-08
-0.000274279117195,1.2925976994460992e-08
8836.927785304957,102281719.6182539
-0.000274279117195,1.2925976994460992e-08
-0.000274279117195,1.2925976994460992e-08
-0.000274279117195,1.2925976994465519e-08
0.002671005463800042,-2.4154049125027517e-07
-0.000274279117195,1.2925976994460992e-08
-0.000274279117195,1.2925976994460992e-08
-0.000274279117195,1.2925976994460992e-08
-0.000274279117195,1.2925976994460992e-08
-71.67997685480697,3.4491225094482294
-0.000274279117194863,1.2927469288373369e-08
-0.000274279117195,1.2925976994460992e-08
-0.000274279117195,1.2925976994460992e-08
-0.000274279117195,1.2925976994460992e-08
-0.000274279117195,1.2925976994460992e-08
-0.000274279117195,1.2925976994460992e-08
-0.000274279117195,1.2925976994465942e-08
0.0033729046357811833,-3.0218312134125387e-07
-0.000274279117195,1.2925976994460992e-08
-0.000274279117195,1.2925976994460992e-08
-0.000274279117195,1.2925976994460992e-08
-0.000274279117195,1.2925976994460992e-08
2.3447316934603515e-05,3.4455077648789865
-0.0002742791171948269,1.2927867347561516e-08
-0.00027427911719494927,1.2925976994456608e-08
-0.000274279117195,1.2925976994460992e-08
-0.000274279117195,1.2925976994460992e-08
-0.000274279117195,1.2925976994460992e-08
-0.000274279117195,1.2925976994460992e-08
-0.000274279117195,1.2925976994467213e-08
-0.00027427911719492975,1.292597699445492e-08
-0.000274279117195,1.2925976994460992e-08
-0.000274279117195,1.2925976994460992e-08
-0.000274279117195,1.2925976994460992e-08
-0.000274279117195,1.2925976994460992e-08
5.8486031279336205e+35,-5.05307158341753e+31
-0.00027427911719475254,1.2928734198853927e-08
-0.000274279117195,1.2925976994460992e-08
-0.000274279117195,1.2925976994460992e-08
0.004155504534088048,51.271877110382285
-0.000274279117195,1.2925976994460992e-08
-0.000274279117195,1.2925976994460992e-08
-0.000274279117195,1.292597699446716e-08
-0.000274279117195,1.2925976994460992e-08
-0.000274279117195,1.2925976994460992e-08
-0.000274279117195,1.2925976994460992e-08
-0.000274279117195,1.2925976994460992e-08
-0.000274279117195,1.2925976994460992e-08
-3.21864397206988e+26,2.780841516622228e+22
-0.0002742791171947345,1.2928933140193941e-08
-0.000274279117195,1.2925976994460992e-08
-0.000274279117195,1.2925976994460992e-08
-0.000274279117195,1.2925976994460992e-08
-0.000274279117195,1.2925976994460992e-08
-0.000274279117195,1.2925976994460992e-08
-0.000274279117195,1.292597699446777e-08
-0.000274279117195,1.2925976994460992e-08
-0.000274279117195,1.2925976994460992e-08
-0.000274279117195,1.2925976994460992e-08
-0.000274279117195,1.2925976994460992e-08
-0.000274279117195,1.2925976994460992e-08
2.4122300699693725e-05,3.453320264849828
-0.00027427911719474435,1.2928762599095557e-08
-0.000274279117195,1.2925976994460992e-08
-0.000274279117195,1.2925976994460992e-08
-0.000274279117195,1.2925976994460992e-08
-0.000274279117195,1.2925976994460992e-08
-0.000274279117195,1.2925976994460992e-08
-0.000274279117195,1.2925976994468776e-08
-0.000274279117195,1.2925976994460992e-08
-0.000274279117195,1.2925976994460992e-08
-0.000274279117195,1.2925976994460992e-08
-0.000274279117195,1.2925976994460992e-08
-0.000274279117195,1.2925976994460992e-08
5.8486031279336205e+35,-5.05307158341753e+31
-0.00027427911719475926,1.2928577838902897e-08
-0.000274279117195,1.2925976994460992e-08
-0.000274279117195,1.2925976994460992e-08
0.21411391669805252,2481.404531767204
-0.000274279117195,1.2925976994460992e-08
-0.000274279117195,1.2925976994460992e-08
-0.000274279117195,1.2925976994470946e-08
-0.000274279117195,1.2925976994460992e-08
-0.000274279117195,1.2925976994460992e-08
-0.000274279117195,1.2925976994460992e-08
-0.000274279117195,1.2925976994460992e-08
-0.000274279117195,1.2925976994460992e-08
-3.21864397206988e+26,2.780841516622228e+22
-0.0002742791171946762,1.292944470233763e-08
-0.000274279117195,1.2925976994460992e-08
-0.000274279117195,1.2925976994460992e-08
0.027561141709034762,322.1769702460116
-0.000274279117195,1.2925976994460992e-08
-0.000274279117195,1.2925976994460992e-08
-0.000274279117195,1.2925976994470046e-08
-0.000274279117195,1.2925976994460992e-08
-0.000274279117195,1.2925976994460992e-08
-0.000274279117195,1.2925976994460992e-08
-0.000274279117195,1.2925976994460992e-08
-0.000274279117195,1.2925976994460992e-08
1.90232055109269e+17,-16435654307547.197
-0.0002742791171945705,1.2930667096480768e-08
-0.000274279117195,1.2925976994460992e-08
-0.000274279117195,1.2925976994460992e-08
-0.000274279117195,1.2925976994460992e-08
-0.000274279117195,1.2925976994460992e-08
-0.000274279117195,1.2925976994460992e-08
-0.000274279117195,1.2925976994471476e-08
-0.000274279117195,1.2925976994460992e-08
-0.000274279117195,1.2925976994460992e-08
-0.000274279117195,1.2925976994460992e-08
-0.000274279117195,1.2925976994460992e-08
-0.000274279117195,1.2925976994460992e-08
2.497829679326118e-05,3.4637107849104773
-0.00027427911719437844,1.2932827150725756e-08
-0.000274279117195,1.2925976994460992e-08
-0.000274279117195,1.2925976994460992e-08
-0.000274279117195,1.2925976994460992e-08
-0.000274279117195,1.2925976994460992e-08
-0.000274279117195,1.2925976994460992e-08
-0.000274279117195,1.2925976994471105e-08
-0.000274279117195,1.2925976994460992e-08
-0.000274279117195,1.2925976994460992e-08
-0.000274279117195,1.2925976994460992e-08
-0.000274279117195,1.2925976994460992e-08
-0.000274279117195,1.2925976994460992e-08
-3.21864397206988e+26,2.780841516622228e+22
-0.0002742791171942937,1.2933765598392202e-08
-0.000274279117195,1.2925976994460992e-08
-0.000274279117195,1.2925976994460992e-08
17764.61789865318,205613951.23258695
-0.000274279117195,1.2925976994460992e-08
-0.000274279117195,1.2925976994460992e-08
-0.000274279117195,1.2925976994471423e-08
-0.000274279117195,1.2925976994460992e-08
-0.000274279117195,1.2925976994460992e-08
-0.000274279117195,1.2925976994460992e-08
-0.000274279117195,1.2925976994460992e-08
-0.000274279117195,1.2925976994460992e-08
1.90232055109269e+17,-16435654307547.19
-0.00027427911719411205,1.2935755124982956e-08
-0.000274279117195,1.2925976994460992e-08
-0.000274279117195,1.2925976994460992e-08
-0.000274279117195,1.2925976994460992e-08
-0.000274279117195,1.2925976994460992e-08
-0.000274279117195,1.2925976994460992e-08
-0.000274279117195,1.2925976994472746e-08
-0.000274279117195,1.2925976994460992e-08
-0.000274279117195,1.2925976994460992e-08
-0.000274279117195,1.2925976994460992e-08
-0.000274279117195,1.2925976994460992e-08
-0.000274279117195,1.2925976994460992e-08
-107374183.59922163,9280.377850879508
-0.00027427911719399013,1.2937063087396236e-08
-0.000274279117195,1.2925976994460992e-08
-0.000274279117195,1.2925976994460992e-08
-0.000274279117195,1.2925976994460992e-08
-0.000274279117195,1.2925976994460992e-08
-0.000274279117195,1.2925976994460992e-08
-0.000274279117195,1.2925976994471317e-08
-0.000274279117195,1.2925976994460992e-08
-0.000274279117195,1.2925976994460992e-08
-0.000274279117195,1.2925976994460992e-08
-0.000274279117195,1.2925976994460992e-08
-0.000274279117195,1.2925976994460992e-08
0.05877587229023732,3.4740573668613726
-0.000274279117193746,1.2939677857764286e-08
-0.000274279117195,1.2925976994460992e-08
-0.000274279117195,1.2925976994460992e-08
-0.000274279117195,1.2925976994460992e-08
-0.000274279117195,1.2925976994460992e-08
-0.000274279117195,1.2925976994460992e-08
-0.000274279117195,1.2925976994475819e-08
-0.000274279117195,1.2925976994460992e-08
-0.000274279117195,1.2925976994460992e-08
-0.000274279117195,1.2925976994460992e-08
-0.000274279117195,1.2925976994460992e-08
-0.000274279117195,1.2925976994460992e-08
2.6098772315198563e-05,3.4766795634723033
-0.0002742791171931736,1.2946443780631476e-08
-0.000274279117195,1.2925976994460992e-08
-0.000274279117195,1.2925976994460992e-08
-0.000274279117195,1.2925976994460992e-08
-0.000274279117195,1.2925976994460992e-08
-0.000274279117195,1.2925976994460992e-08
-0.000274279117195,1.2925976994483756e-08
-0.000274279117195,1.2925976994460992e-08
-0.000274279117195,1.2925976994460992e-08
-0.000274279117195,1.2925976994460992e-08
-0.000274279117195,1.2925976994460992e-08
-0.000274279117195,1.2925976994460992e-08
-4.932681935300833e+32,4.261734703498677e+28
-0.00027427911719163367,1.296418202373061e-08
-0.000274279117195,1.2925976994460992e-08
-0.000274279117195,1.2925976994460992e-08
-0.000274279117195,1.2925976994460992e-08
-0.000274279117195,1.2925976994460992e-08
-0.000274279117195,1.2925976994460992e-08
-0.000274279117195,1.2925976994486828e-08
-0.000274279117195,1.2925976994460992e-08
-0.000274279117195,1.2925976994460992e-08
-0.000274279117195,1.2925976994460992e-08
-0.000274279117195,1.2925976994460992e-08
-0.000274279117195,1.2925976994460992e-08
0.05877654727400241,3.481869866832214
-0.00027427911718996806,1.2983054038718928e-08
-0.000274279117195,1.2925976994460992e-08
-0.000274279117195,1.2925976994460992e-08
-0.000274279117195,1.2925976994460992e-08
-0.000274279117195,1.2925976994460992e-08
-0.000274279117195,1.2925976994460992e-08
-0.000274279117195,1.2925976994487675e-08
-0.000274279117195,1.2925976994460992e-08
-0.000274279117195,1.2925976994460992e-08
-0.000274279117195,1.2925976994460992e-08
-0.000274279117195,1.2925976994460992e-08
-0.000274279117195,1.2925976994460992e-08
2.677034410520187e-05,3.484452962796321
-0.0002742791171888474,1.299602020153611e-08
-0.000274279117195,1.2925976994460992e-08
-0.000274279117195,1.2925976994460992e-08
-0.000274279117195,1.2925976994460992e-08
-0.000274279117195,1.2925976994460992e-08
-0.000274279117195,1.2925976994460992e-08
-0.000274279117195,1.2925976994499324e-08
-0.000274279117195,1.2925976994460992e-08
-0.000274279117195,1.2925976994460992e-08
111145148001.17264,-9602709.85591546
-0.000274279117195,1.2925976994460992e-08
-0.000274279117195,1.2925976994460992e-08
2.6993134043490992e-05,3.487031221301099
-0.00027427911718487524,1.3041949669926096e-08
-0.000274279117195,1.2925976994460992e-08
-0.000274279117195,1.2925976994460992e-08
-0.000274279117195,1.2925976994460992e-08
-0.000274279117195,1.2925976994460992e-08
-0.000274279117195,1.2925976994460992e-08
-0.000274279117195,1.2925976994497631e-08
-0.000274279117195,1.2925976994460992e-08
-0.000274279117195,1.2925976994460992e-08
-0.000274279117195,1.2925976994460992e-08
-0.000274279117195,1.2925976994460992e-08
-0.000274279117195,1.2925976994460992e-08
2.7200830119231544e+23,-2.3500952058858275e+19
-0.0002742791171801832,1.3096076261819976e-08
-0.000274279117195,1.2925976994460992e-08
-0.000274279117195,1.2925976994460992e-08
-0.000274279117195,1.2925976994460992e-08
-0.000274279117195,1.2925976994460992e-08
-0.000274279117195,1.2925976994460992e-08
-0.000274279117195,1.2925976994498267e-08
-0.000274279117195,1.2925976994460992e-08
-0.000274279117195,1.2925976994460992e-08
-0.000274279117195,1.2925976994460992e-08
-0.000274279117195,1.2925976994460992e-08
-0.000274279117195,1.2925976994460992e-08
2.744532787029208e-05,3.4922654627671625
-0.0002742791171721823,1.3187958402256354e-08
501.1021434568362,5799935.978352909
-0.000274279117195,1.2925976994460992e-08
-0.000274279117195,1.2925976994460992e-08
-0.000274279117195,1.2925976994460992e-08
-0.000274279117195,1.2925976994460992e-08
-0.000274279117195,1.2925976994501655e-08
-0.000274279117195,1.2925976994460992e-08
-0.000274279117195,1.2925976994460992e-08
-0.000274279117195,1.2925976994460992e-08
-0.000274279117195,1.2925976994460992e-08
-0.000274279117195,1.2925976994460992e-08
2.7668117808581202e-05,3.4948437212719408
-0.0002742791171671343,1.324616542457269e-08
-0.000274279117195,1.2925976994460992e-08
-0.000274279117195,1.2925976994460992e-08
-0.000274279117195,1.2925976994460992e-08
-0.000274279117195,1.2925976994460992e-08
-0.000274279117195,1.2925976994460992e-08
-0.000274279117195,1.2925976994502925e-08
-0.000274279117195,1.2925976994460992e-08
-0.000274279117195,1.2925976994460992e-08
-0.000274279117195,1.2925976994460992e-08
-0.000274279117195,1.2925976994460992e-08
-0.000274279117195,1.2925976994460992e-08
2.7890853387558243e-05,3.497421741358144
-0.00027427911715470764,1.3389865087315145e-08
-0.000274279117195,1.2925976994460992e-08
-0.000274279117195,1.2925976994460992e-08
-0.000274279117195,1.2925976994460992e-08
-0.000274279117195,1.2925976994460992e-08
-0.000274279117195,1.2925976994460992e-08
-0.000274279117195,1.2925976994509913e-08
-0.000274279117195,1.2925976994460992e-08
-0.000274279117195,1.2925976994460992e-08
-0.000274279117195,1.2925976994460992e-08
-0.000274279117195,1.2925976994460992e-08
-0.000274279117195,1.2925976994460992e-08
-3.21864397206988e+26,2.780841516622228e+22
-0.00027427911714261136,1.352997217938735e-08
-0.000274279117195,1.2925976994460992e-08
-0.000274279117195,1.2925976994460992e-08
-0.000274279117195,1.2925976994460992e-08
-0.000274279117195,1.2925976994460992e-08
-0.000274279117195,1.2925976994460992e-08
-0.000274279117195,1.2925976994503984e-08
-0.000274279117195,1.2925976994460992e-08
-0.000274279117195,1.2925976994460992e-08
-0.000274279117195,1.2925976994460992e-08
-0.000274279117195,1.2925976994460992e-08
-0.000274279117195,1.2925976994460992e-08
2.822834527010335e-05,3.501327991343565
-0.00027427911714938063,1.3449935535694437e-08
-0.000274279117195,1.2925976994460992e-08
-0.000274279117195,1.2925976994460992e-08
-0.000274279117195,1.2925976994460992e-08
-0.000274279117195,1.2925976994460992e-08
-0.000274279117195,1.2925976994460992e-08
-0.000274279117195,1.2925976994509278e-08
-0.000274279117195,1.2925976994460992e-08
-0.000274279117195,1.2925976994460992e-08
-0.000274279117195,1.2925976994460992e-08
-0.000274279117195,1.2925976994460992e-08
-0.000274279117195,1.2925976994460992e-08
89128.96063318365,-4.197939888321832
-0.0002742791171394779,1.3566350079944177e-08
-0.000274279117195,1.2925976994460992e-08
-0.000274279117195,1.2925976994460992e-08
-0.000274279117195,1.2925976994460992e-08
-0.000274279117195,1.2925976994460992e-08
-0.000274279117195,1.2925976994460992e-08
-0.000274279117195,1.2925976994522826e-08
-0.000274279117195,1.2925976994460992e-08
-0.000274279117195,1.2925976994460992e-08
-0.000274279117195,1.2925976994460992e-08
-0.000274279117195,1.2925976994460992e-08
-0.000274279117195,1.2925976994460992e-08
2.8451101447950168e-05,3.503906249848346
-0.0002742791170645901,1.4432274742011242e-08
-0.000274279117195,1.2925976994460992e-08
-0.000274279117195,1.2925976994460992e-08
-0.000274279117195,1.2925976994460992e-08
-0.000274279117195,1.2925976994460992e-08
-0.000274279117195,1.2925976994460992e-08
-0.000274279117195,1.2925976994529178e-08
-0.000274279117195,1.2925976994460992e-08
-0.000274279117195,1.2925976994460992e-08
-0.000274279117195,1.2925976994460992e-08
-0.000274279117195,1.2925976994460992e-08
-0.000274279117195,1.2925976994460992e-08
2.8564148045302816e-05,3.505214691005572
-0.0002742791170428144,1.4679635650586349e-08
-0.000274279117195,1.2925976994460992e-08
-0.000274279117195,1.2925976994460992e-08
-0.000274279117195,1.2925976994460992e-08
-0.000274279117195,1.2925976994460992e-08
-0.000274279117195,1.2925976994460992e-08
-0.000274279117195,1.292597699455586e-08
-0.000274279117195,1.2925976994460992e-08
-0.000274279117195,1.2925976994460992e-08
-0.000274279117195,1.2925976994460992e-08
-0.000274279117195,1.2925976994460992e-08
-0.000274279117195,1.2925976994460992e-08
1.90232055109269e+17,-16435654307547.152
-0.0002742791169931325,1.5254591176072268e-08
-0.000274279117195,1.2925976994460992e-08
-0.000274279117195,1.2925976994460992e-08
-0.000274279117195,1.2925976994460992e-08
-0.000274279117195,1.2925976994460992e-08
-0.000274279117195,1.2925976994460992e-08
-0.000274279117195,1.2925976994562213e-08
-0.000274279117195,1.2925976994460992e-08
-0.000274279117195,1.2925976994460992e-08
-0.000274279117195,1.2925976994460992e-08
-0.000274279117195,1.2925976994460992e-08
-0.000274279117195,1.2925976994460992e-08
2.8786904223172946e-05,3.5077929495103537
-0.0002742791169513652,1.5734807041327336e-08
-0.000274279117195,1.2925976994460992e-08
-0.000274279117195,1.2925976994460992e-08
-0.000274279117195,1.2925976994460992e-08
-0.000274279117195,1.2925976994460992e-08
-0.000274279117195,1.2925976994460992e-08
-0.000274279117195,1.2925976994579595e-08
-0.000274279117195,1.2925976994460992e-08
-0.000274279117195,1.2925976994460992e-08
-0.000274279117195,1.2925976994460992e-08
-0.000274279117195,1.2925976994460992e-08
-0.000274279117195,1.2925976994460992e-08
-2.1148876681096392e-05,3.5091013949916943
-0.00027427911694343296,1.5822120086650322e-08
-0.000274279117195,1.2925976994460992e-08
-0.000274279117195,1.2925976994460992e-08
-0.000274279117195,1.2925976994460992e-08
-0.000274279117195,1.2925976994460992e-08
-0.000274279117195,1.2925976994460992e-08
-0.000274279117195,1.2925976994606682e-08
-0.000274279117195,1.2925976994460992e-08
-0.000274279117195,1.2925976994460992e-08
-0.000274279117195,1.2925976994460992e-08
-0.000274279117195,1.2925976994460992e-08
-0.000274279117195,1.2925976994460992e-08
1.90232055109269e+17,-16435654307547.148
-0.00027427911690083894,1.6316885424625977e-08
-0.000274279117195,1.2925976994460992e-08
-0.000274279117195,1.2925976994460992e-08
-0.000274279117195,1.2925976994460992e-08
-0.000274279117195,1.2925976994460992e-08
-0.000274279117195,1.2925976994460992e-08
-0.000274279117195,1.292597699464141e-08
-0.000274279117195,1.2925976994460992e-08
-0.000274279117195,1.2925976994460992e-08
-0.000274279117195,1.2925976994460992e-08
-0.000274279117195,1.2925976994460992e-08
-0.000274279117195,1.2925976994460992e-08
2.912270702568054e-05,3.5116796491723608
-0.00027427911678112226,1.769963711036949e-08
-0.000274279117195,1.2925976994460992e-08
-0.000274279117195,1.2925976994460992e-08
-0.000274279117195,1.2925976994460992e-08
-0.000274279117195,1.2925976994460992e-08
-0.000274279117195,1.2925976994460992e-08
-0.000274279117195,1.2925976994654963e-08
-0.000274279117195,1.2925976994460992e-08
-0.000274279117195,1.2925976994460992e-08
-0.000274279117195,1.2925976994460992e-08
-0.000274279117195,1.2925976994460992e-08
-0.000274279117195,1.2925976994460992e-08
-107374183.59921804,9280.419354785603
-0.0002742791167368762,1.8194407111139138e-08
-0.000274279117195,1.2925976994460992e-08
-0.000274279117195,1.2925976994460992e-08
-0.000274279117195,1.2925976994460992e-08
-0.000274279117195,1.2925976994460992e-08
-0.000274279117195,1.2925976994460992e-08
-0.000274279117195,1.2925976994659216e-08
-0.000274279117195,1.2925976994460992e-08
-0.000274279117195,1.2925976994460992e-08
-0.000274279117195,1.2925976994460992e-08
-0.000274279117195,1.2925976994460992e-08
-0.000274279117195,1.2925976994460992e-08
4.0564818149208885e+29,-3.5047160047032943e+25
-0.000274279116419952,2.1833040491925052e-08
-0.000274279117195,1.2925976994460992e-08
-0.000274279117195,1.2925976994460992e-08
-0.000274279117195,1.2925976994460992e-08
-0.000274279117195,1.2925976994460992e-08
-0.000274279117195,1.2925976994460992e-08
-0.000274279117195,1.2925976994704976e-08
-0.000274279117195,1.2925976994460992e-08
-0.000274279117195,1.2925976994460992e-08
-0.000274279117195,1.2925976994460992e-08
-0.000274279117195,1.2925976994460992e-08
-0.000274279117195,1.2925976994460992e-08
2.9460198908225644e-05,3.5155858991577817
-0.00027427911616394277,2.4801642733792396e-08
-0.000274279117195,1.2925976994460992e-08
-0.000274279117195,1.2925976994460992e-08
-0.000274279117195,1.2925976994460992e-08
-0.000274279117195,1.2925976994460992e-08
-0.000274279117195,1.2925976994460992e-08
-0.000274279117195,1.2925976994874382e-08
-0.000274279117195,1.2925976994460992e-08
-0.000274279117195,1.2925976994460992e-08
-0.000274279117195,1.2925976994460992e-08
-0.000274279117195,1.2925976994460992e-08
-0.000274279117195,1.2925976994460992e-08
-107374183.59921771,9280.423261035588
-0.0002742791159446675,2.7304588130679866e-08
-0.000274279117195,1.2925976994460992e-08
-0.000274279117195,1.2925976994460992e-08
-0.000274279117195,1.2925976994460992e-08
-0.000274279117195,1.2925976994460992e-08
-0.000274279117195,1.2925976994460992e-08
-0.000274279117195,1.2925976995043829e-08
-0.000274279117195,1.2925976994460992e-08
-0.000274279117195,1.2925976994460992e-08
-0.000274279117195,1.2925976994460992e-08
-0.000274279117195,1.2925976994460992e-08
-0.000274279117195,1.2925976994460992e-08
2.9684623567240197e-05,3.5181834695673984
-0.0002742791149790121,3.842359868988369e-08
-0.000274279117195,1.2925976994460992e-08
-0.000274279117195,1.2925976994460992e-08
-0.000274279117195,1.2925976994460992e-08
-0.000274279117195,1.2925976994460992e-08
-0.000274279117195,1.2925976994460992e-08
-0.000274279117195,1.292597699513531e-08
-0.000274279117195,1.2925976994460992e-08
-0.000274279117195,1.2925976994460992e-08
-0.000274279117195,1.2925976994460992e-08
-0.000274279117195,1.2925976994460992e-08
-0.000274279117195,1.2925976994460992e-08
0.058779795633371906,3.519467522941888
-0.0002742791143646256,4.5527656449794286e-08
-0.000274279117195,1.2925976994460992e-08
-0.000274279117195,1.2925976994460992e-08
-0.000274279117195,1.2925976994460992e-08
-0.000274279117195,1.2925976994460992e-08
-0.000274279117195,1.2925976994460992e-08
-0.000274279117195,1.2925976995240342e-08
-0.000274279117195,1.2925976994460992e-08
-0.000274279117195,1.2925976994460992e-08
-0.000274279117195,1.2925976994460992e-08
-0.000274279117195,1.2925976994460992e-08
-0.000274279117195,1.2925976994460992e-08
-2.30215356736413e+20,1.9890128492991176e+16
-0.0002742791139220107,5.064999453990273e-08
-0.000274279117195,1.2925976994460992e-08
-0.000274279117195,1.2925976994460992e-08
-0.000274279117195,1.2925976994460992e-08
-0.000274279117195,1.2925976994460992e-08
-0.000274279117195,1.2925976994460992e-08
-0.000274279117195,1.2925976995267449e-08
-0.000274279117195,1.2925976994460992e-08
-0.000274279117195,1.2925976994460992e-08
-0.000274279117195,1.2925976994460992e-08
-0.000274279117195,1.2925976994460992e-08
-0.000274279117195,1.2925976994460992e-08
3.0022115449785303e-05,3.522089719552819
-0.0002742791133765924,5.693650005459826e-08
-0.000274279117195,1.2925976994460992e-08
-0.000274279117195,1.2925976994460992e-08
-0.000274279117195,1.2925976994460992e-08
-0.000274279117195,1.2925976994460992e-08
-0.000274279117195,1.2925976994460992e-08
-0.000274279117195,1.2925976995203074e-08
-0.000274279117195,1.2925976994460992e-08
-0.000274279117195,1.2925976994460992e-08
-0.000274279117195,1.2925976994460992e-08
-0.000274279117195,1.2925976994460992e-08
-0.000274279117195,1.2925976994460992e-08
0.05878013312525445,3.523373772927309
-0.0002742791131526469,5.949768331027932e-08
-0.000274279117195,1.2925976994460992e-08
-0.000274279117195,1.2925976994460992e-08
-0.000274279117195,1.2925976994460992e-08
-0.000274279117195,1.2925976994460992e-08
-0.000274279117195,1.2925976994460992e-08
-0.000274279117195,1.2925976995179359e-08
-0.000274279117195,1.2925976994460992e-08
-0.000274279117195,1.2925976994460992e-08
-0.000274279117195,1.2925976994460992e-08
-0.000274279117195,1.2925976994460992e-08
-0.000274279117195,1.2925976994460992e-08
-4.932681935300833e+32,4.261734703498677e+28
-0.000274279112569493,6.624988208518353e-08
-0.000274279117195,1.2925976994460992e-08
-0.000274279117195,1.2925976994460992e-08
-0.000274279117195,1.2925976994460992e-08
-0.000274279117195,1.2925976994460992e-08
-0.000274279117195,1.2925976994460992e-08
-0.000274279117195,1.2925976995209854e-08
-0.000274279117195,1.2925976994460992e-08
-0.000274279117195,1.2925976994460992e-08
-0.000274279117195,1.2925976994460992e-08
-0.000274279117195,1.2925976994460992e-08
-0.000274279117195,1.2925976994460992e-08
3.0356195357243503e-05,3.525956868891416
-0.000274279111423479,7.952710135970651e-08
-0.000274279117195,1.2925976994460992e-08
-0.000274279117195,1.2925976994460992e-08
-0.000274279117195,1.2925976994460992e-08
-0.000274279117195,1.2925976994460992e-08
-0.000274279117195,1.2925976994460992e-08
-0.000274279117195,1.2925976995206466e-08
-0.000274279117195,1.2925976994460992e-08
-0.000274279117195,1.2925976994460992e-08
-0.000274279117195,1.2925976994460992e-08
-0.000274279117195,1.2925976994460992e-08
-0.000274279117195,1.2925976994460992e-08
126443839016.07362,-10924481.445543395
-0.00027427911153604504,7.813041593024493e-08
-0.000274279117195,1.2925976994460992e-08
-0.000274279117195,1.2925976994460992e-08
-0.000274279117195,1.2925976994460992e-08
-0.000274279117195,1.2925976994460992e-08
-0.000274279117195,1.2925976994460992e-08
-0.000274279117195,1.2925976995108211e-08
-0.000274279117195,1.2925976994460992e-08
-0.000274279117195,1.2925976994460992e-08
-0.000274279117195,1.2925976994460992e-08
-0.000274279117195,1.2925976994460992e-08
-0.000274279117195,1.2925976994460992e-08
-4.932681935300833e+32,4.261734703498677e+28
-0.00027427911243650005,6.765037246924447e-08
-0.000274279117195,1.2925976994460992e-08
-0.000274279117195,1.2925976994460992e-08
-0.000274279117195,1.2925976994460992e-08
-0.000274279117195,1.2925976994460992e-08
-0.000274279117195,1.2925976994460992e-08
-0.000274279117195,1.2925976995291108e-08
-0.000274279117195,1.2925976994460992e-08
-0.000274279117195,1.2925976994460992e-08
-0.000274279117195,1.2925976994460992e-08
-0.000274279117195,1.2925976994460992e-08
-0.000274279117195,1.2925976994460992e-08
3.069368723978861e-05,3.5298631188768366
-0.0002742791133226299,5.73966297637632e-08
-0.000274279117195,1.2925976994460992e-08
-0.000274279117195,1.2925976994460992e-08
-0.000274279117195,1.2925976994460992e-08
-0.000274279117195,1.2925976994460992e-08
-0.000274279117195,1.2925976994460992e-08
-0.000274279117195,1.292597699522683e-08
-0.000274279117195,1.2925976994460992e-08
-0.000274279117195,1.2925976994460992e-08
-0.000274279117195,1.2925976994460992e-08
-0.000274279117195,1.2925976994460992e-08
-0.000274279117195,1.2925976994460992e-08
2.7200830119231544e+23,-2.3500952058858275e+19
-0.00027427911100570175,8.419044305380145e-08
-0.000274279117195,1.2925976994460992e-08
-0.000274279117195,1.2925976994460992e-08
-0.000274279117195,1.2925976994460992e-08
-0.000274279117195,1.2925976994460992e-08
-0.000274279117195,1.2925976994460992e-08
-0.000274279117195,1.2925976995291205e-08
-0.000274279117195,1.2925976994460992e-08
-0.000274279117195,1.2925976994460992e-08
-0.000274279117195,1.2925976994460992e-08
-0.000274279117195,1.2925976994460992e-08
-0.000274279117195,1.2925976994460992e-08
3.0918166285400005e-05,3.5324609277050283
-0.00027427910733146435,1.2656563425037091e-07
-0.000274279117195,1.2925976994460992e-08
-0.000274279117195,1.2925976994460992e-08
-0.000274279117195,1.2925976994460992e-08
-0.000274279117195,1.2925976994460992e-08
-0.000274279117195,1.2925976994460992e-08
-0.000274279117195,1.2925976995362478e-08
-0.000274279117195,1.2925976994460992e-08
-0.000274279117195,1.2925976994460992e-08
-0.000274279117195,1.2925976994460992e-08
-0.000274279117195,1.2925976994460992e-08
-0.000274279117195,1.2925976994460992e-08
-71.6799690081207,3.5399428216092605
-0.0002742790998382633,2.1319692273556588e-07
-0.000274279117195,1.2925976994460992e-08
-0.000274279117195,1.2925976994460992e-08
-0.000274279117195,1.2925976994460992e-08
-0.000274279117195,1.2925976994460992e-08
-0.000274279117195,1.2925976994460992e-08
-0.000274279117195,1.292597699550478e-08
-0.000274279117195,1.2925976994460992e-08
-0.000274279117195,1.2925976994460992e-08
-0.000274279117195,1.2925976994460992e-08
-0.000274279117195,1.2925976994460992e-08
-0.000274279117195,1.2925976994460992e-08
2.7200830119231544e+23,-2.3500952058858275e+19
-0.00027427908591789026,3.7435220680688625e-07
-0.000274279117195,1.2925976994460992e-08
-0.000274279117195,1.2925976994460992e-08
-0.000274279117195,1.2925976994460992e-08
-0.000274279117195,1.2925976994460992e-08
-0.000274279117195,1.2925976994460992e-08
-0.000274279117195,1.2925976995809469e-08
-0.000274279117195,1.2925976994460992e-08
-0.000274279117195,1.2925976994460992e-08
-0.000274279117195,1.2925976994460992e-08
-0.000274279117195,1.2925976994460992e-08
-0.000274279117195,1.2925976994460992e-08
3.125565816794511e-05,3.5363671776904493
-0.00027427906272895343,6.426462363523865e-07
-0.000274279117195,1.2925976994460992e-08
-0.000274279117195,1.2925976994460992e-08
-0.000274279117195,1.2925976994460992e-08
-0.000274279117195,1.2925976994460992e-08
-0.000274279117195,1.2925976994460992e-08
-0.000274279117195,1.292597699610109e-08
-0.000274279117195,1.2925976994460992e-08
-0.000274279117195,1.2925976994460992e-08
-0.000274279117195,1.2925976994460992e-08
-0.000274279117195,1.2925976994460992e-08
-0.000274279117195,1.2925976994460992e-08
-71.67996867062881,3.543849071594681
-0.00027427903504569095,9.630211439806512e-07
-0.000274279117195,1.2925976994460992e-08
-0.000274279117195,1.2925976994460992e-08
-0.000274279117195,1.2925976994460992e-08
-0.000274279117195,1.2925976994460992e-08
-0.000274279117195,1.2925976994460992e-08
-0.000274279117195,1.2925976996873827e-08
-0.000274279117195,1.2925976994460992e-08
-0.000274279117195,1.2925976994460992e-08
-0.000274279117195,1.2925976994460992e-08
-0.000274279117195,1.2925976994460992e-08
-0.000274279117195,1.2925976994460992e-08
5.8486031279336205e+35,-5.05307158341753e+31
-0.0002742790167079917,1.1752165457707271e-06
-0.000274279117195,1.2925976994460992e-08
-0.000274279117195,1.2925976994460992e-08
-0.000274279117195,1.2925976994460992e-08
-0.000274279117195,1.2925976994460992e-08
-0.000274279117195,1.2925976994460992e-08
-0.000274279117195,1.29259769970632e-08
-0.000274279117195,1.2925976994460992e-08
-0.000274279117195,1.2925976994460992e-08
-0.000274279117195,1.2925976994460992e-08
-0.000274279117195,1.2925976994460992e-08
-0.000274279117195,1.2925976994460992e-08
3.16314950863221e-05,3.5402343270254386
-0.0002742789542419213,1.8982157182678207e-06
-0.000274279117195,1.2925976994460992e-08
-0.000274279117195,1.2925976994460992e-08
-0.000274279117195,1.2925976994460992e-08
-0.000274279117195,1.2925976994460992e-08
-0.000274279117195,1.2925976994460992e-08
-0.000274279117195,1.2925976998635415e-08
-0.000274279117195,1.2925976994460992e-08
-0.000274279117195,1.2925976994460992e-08
-0.000274279117195,1.2925976994460992e-08
-0.000274279117195,1.2925976994460992e-08
-0.000274279117195,1.2925976994460992e-08
-151996492896255.4,13132181179.673992
-0.0002742788763143623,2.8000276875542514e-06
-0.000274279117195,1.2925976994460992e-08
-0.000274279117195,1.2925976994460992e-08
-0.000274279117195,1.2925976994460992e-08
-0.000274279117195,1.2925976994460992e-08
-0.000274279117195,1.2925976994460992e-08
-0.000274279117195,1.2925976997862799e-08
-0.000274279117195,1.2925976994460992e-08
-0.000274279117195,1.2925976994460992e-08
-0.000274279117195,1.2925976994460992e-08
-0.000274279117195,1.2925976994460992e-08
-0.000274279117195,1.2925976994460992e-08
3.181419652214498e-05,3.54283189743866
-0.0002742788273951355,3.3662720381810125e-06
-0.000274279117195,1.2925976994460992e-08
-0.000274279117195,1.2925976994460992e-08
-0.000274279117195,1.2925976994460992e-08
-0.000274279117195,1.2925976994460992e-08
-0.000274279117195,1.2925976994460992e-08
-0.000274279117195,1.2925976999096196e-08
-0.000274279117195,1.2925976994460992e-08
-0.000274279117195,1.2925976994460992e-08
-0.000274279117195,1.2925976994460992e-08
-0.000274279117195,1.2925976994460992e-08
-0.000274279117195,1.2925976994460992e-08
89128.96063676951,-4.156435982226737
-0.00027427878741356933,3.828796476534293e-06
-0.000274279117195,1.2925976994460992e-08
-0.000274279117195,1.2925976994460992e-08
-0.000274279117195,1.2925976994460992e-08
-0.000274279117195,1.2925976994460992e-08
-0.000274279117195,1.2925976994460992e-08
-0.000274279117195,1.292597700026169e-08
-0.000274279117195,1.2925976994460992e-08
-0.000274279117195,1.2925976994460992e-08
-0.000274279117195,1.2925976994460992e-08
-0.000274279117195,1.2925976994460992e-08
-0.000274279117195,1.2925976994460992e-08
-3.21864397206988e+26,2.780841516622228e+22
-0.00027427863291517625,5.616933084637429e-06
-0.000274279117195,1.2925976994460992e-08
-0.000274279117195,1.2925976994460992e-08
-0.000274279117195,1.2925976994460992e-08
-0.000274279117195,1.2925976994460992e-08
-0.000274279117195,1.2925976994460992e-08
-0.000274279117195,1.2925977002918191e-08
-0.000274279117195,1.2925976994460992e-08
-0.000274279117195,1.2925976994460992e-08
-0.000274279117195,1.2925976994460992e-08
-0.000274279117195,1.2925976994460992e-08
-0.000274279117195,1.2925976994460992e-08
3.2151688404690034e-05,3.5467381474240804
-0.000274278501564998,7.136851065986948e-06
-0.000274279117195,1.2925976994460992e-08
-0.000274279117195,1.2925976994460992e-08
-0.000274279117195,1.2925976994460992e-08
-0.000274279117195,1.2925976994460992e-08
-0.000274279117195,1.2925976994460992e-08
-0.000274279117195,1.2925977001888215e-08
-0.000274279117195,1.2925976994460992e-08
-0.000274279117195,1.2925976994460992e-08
-0.000274279117195,1.2925976994460992e-08
-0.000274279117195,1.2925976994460992e-08
-0.000274279117195,1.2925976994460992e-08
89128.960637107,-4.152529732241316
-0.0002742781795776737,1.0863316872440156e-05
-0.000274279117195,1.2925976994460992e-08
-0.000274279117195,1.2925976994460992e-08
-0.000274279117195,1.2925976994460992e-08
-0.000274279117195,1.2925976994460992e-08
-0.000274279117195,1.2925976994460992e-08
-0.000274279117195,1.2925976998554072e-08
-0.000274279117195,1.2925976994460992e-08
-0.000274279117195,1.2925976994460992e-08
-0.000274279117195,1.2925976994460992e-08
-0.000274279117195,1.2925976994460992e-08
-0.000274279117195,1.2925976994460992e-08
-3.21864397206988e+26,2.780841516622228e+22
-0.00027427846030683565,7.612814652740839e-06
-0.000274279117195,1.2925976994460992e-08
-0.000274279117195,1.2925976994460992e-08
-0.000274279117195,1.2925976994460992e-08
-0.000274279117195,1.2925976994460992e-08
-0.000274279117195,1.2925976994460992e-08
-0.000274279117195,1.2925976997740816e-08
-0.000274279117195,1.2925976994460992e-08
-0.000274279117195,1.2925976994460992e-08
-0.000274279117195,1.2925976994460992e-08
-0.000274279117195,1.2925976994460992e-08
-0.000274279117195,1.2925976994460992e-08
3.2487491179889556e-05,3.550624847086088
-0.00027427840093567364,8.298558193897552e-06
-0.000274279117195,1.2925976994460992e-08
-0.000274279117195,1.2925976994460992e-08
-0.000274279117195,1.2925976994460992e-08
-0.000274279117195,1.2925976994460992e-08
-0.000274279117195,1.2925976994460992e-08
-0.000274279117195,1.2925976997673057e-08
-0.000274279117195,1.2925976994460992e-08
-0.000274279117195,1.2925976994460992e-08
-0.000274279117195,1.2925976994460992e-08
-0.000274279117195,1.2925976994460992e-08
-0.000274279117195,1.2925976994460992e-08
1.90232055109269e+17,-16435654307547.105
-0.0002742782772443777,9.729053292254662e-06
-0.000274279117195,1.2925976994460992e-08
-0.000274279117195,1.2925976994460992e-08
-0.000274279117195,1.2925976994460992e-08
-0.000274279117195,1.2925976994460992e-08
-0.000274279117195,1.2925976994460992e-08
-0.000274279117195,1.29259769991233e-08
-0.000274279117195,1.2925976994460992e-08
-0.000274279117195,1.2925976994460992e-08
-0.000274279117195,1.2925976994460992e-08
-0.000274279117195,1.2925976994460992e-08
-0.000274279117195,1.2925976994460992e-08
3.271193646508201e-05,3.5532226559142828
-0.0002742780042250922,1.2888046702859676e-05
-0.000274279117195,1.2925976994460992e-08
-0.000274279117195,1.2925976994460992e-08
-0.000274279117195,1.2925976994460992e-08
-0.000274279117195,1.2925976994460992e-08
-0.000274279117195,1.2925976994460992e-08
-0.000274279117195,1.2925976999529636e-08
-0.000274279117195,1.2925976994460992e-08
-0.000274279117195,1.2925976994460992e-08
-0.000274279117195,1.2925976994460992e-08
-0.000274279117195,1.2925976994460992e-08
-0.000274279117195,1.2925976994460992e-08
3.282498306243461e-05,3.5545310970715085
-0.00027427775679420425,1.5749596238813402e-05
-0.000274279117195,1.2925976994460992e-08
-0.000274279117195,1.2925976994460992e-08
-0.000274279117195,1.2925976994460992e-08
-0.000274279117195,1.2925976994460992e-08
-0.000274279117195,1.2925976994460992e-08
-0.00027427911719499996,1.2925977002105096e-08
-0.000274279117195,1.2925976994460992e-08
-0.000274279117195,1.2925976994460992e-08
-0.000274279117195,1.2925976994460992e-08
-0.000274279117195,1.2925976994460992e-08
-0.000274279117195,1.2925976994460992e-08
1.90232055109269e+17,-16435654307547.102
-0.0002742791160509605,1.2925976896329894e-08
-0.000274279117195,1.2925976994460992e-08
-0.000274279117195,1.2925976994460992e-08
-0.000274279117195,1.2925976994460992e-08
-0.000274279117195,1.2925976994460992e-08
-0.000274279117195,1.2925976994460992e-08
-0.00027427911719499996,1.2925977029591058e-08
-0.000274279117195,1.2925976994460992e-08
-0.000274279117195,1.2925976994460992e-08
-0.000274279117195,1.2925976994460992e-08
-0.000274279117195,1.2925976994460992e-08
-0.000274279117195,1.2925976994460992e-08
3.304773924030479e-05,3.55710935557629
-0.0002742762731751465,3.2916879833341994e-05
-0.000274279117195,1.2925976994460992e-08
-0.000274279117195,1.2925976994460992e-08
-0.000274279117195,1.2925976994460992e-08
-0.000274279117195,1.2925976994460992e-08
-0.000274279117195,1.2925976994460992e-08
-0.00027427911719499996,1.2925977041950963e-08
-0.000274279117195,1.2925976994460992e-08
-0.000274279117195,1.2925976994460992e-08
-0.000274279117195,1.2925976994460992e-08
-0.000274279117195,1.2925976994460992e-08
-0.000274279117195,1.2925976994460992e-08
-107374183.59921412,9280.464764941684
-0.000274279117195,1.2925977000071998e-08
-0.000274279117195,1.2925976994460992e-08
-0.000274279117195,1.2925976994460992e-08
-0.000274279117195,1.2925976994460992e-08
-0.000274279117195,1.2925976994460992e-08
-0.000274279117195,1.2925976994460992e-08
-0.00027427911719499996,1.2925977061251674e-08
-0.000274279117195,1.2925976994840481e-08
-0.000274279117195,1.2925976994460992e-08
-0.000274279117195,1.2925976994460992e-08
-0.000274279117195,1.2925976994460992e-08
-0.000274279117195,1.2925976994460992e-08
4.0564818149208885e+29,-3.5047160047032943e+25
-0.00027427911486428843,1.2925976793109296e-08
-0.000274279117195,1.2925976994460992e-08
-0.000274279117195,1.2925976994460992e-08
-0.000274279117195,1.2925976994460992e-08
-0.000274279117195,1.2925976994460992e-08
-0.000274279117195,1.2925976994460992e-08
-0.00027427911719499996,1.2925977102451362e-08
-0.000274279117195,1.2925976994806598e-08
-0.000274279117195,1.2925976994557579e-08
-0.000274279117195,1.2925976994460992e-08
-0.000274279117195,1.2925976994460992e-08
-0.000274279117195,1.2925976994460992e-08
3.3383542042812384e-05,3.5609960552382973
-0.0002742791141537455,1.2925976731736169e-08
-0.000274279117195,1.2925976994460992e-08
-0.0002742791171949998,1.2925976994460974e-08
-0.000274279117195,1.2925976994460992e-08
-0.000274279117195,1.2925976994460992e-08
-0.000274279117195,1.2925976994460992e-08
-0.0002742791171949999,1.2925977142787519e-08
-0.000274279117195,1.2925976994825235e-08
-0.000274279117195,1.292597699455292e-08
-0.000274279117195,1.2925976994460992e-08
-0.000274279117195,1.2925976994460992e-08
-0.000274279117195,1.2925976994460992e-08
-107374183.5992138,9280.46867119167
-0.0002742791137984741,1.292597670185189e-08
-0.000274279117195,1.2925976994594865e-08
-0.000274279117195,1.2925976994460992e-08
-0.000274279117195,1.2925976994460992e-08
-0.000274279117195,1.2925976994460992e-08
-0.000274279117195,1.2925976994460992e-08
-0.0002742791171949999,1.2925977205237562e-08
-0.000274279117195,1.292597699467276e-08
-0.00027427911719499996,1.2925976994618585e-08
-0.000274279117195,1.2925976994460992e-08
-0.000274279117195,1.2925976994460992e-08
-0.000274279117195,1.2925976994460992e-08
3.360796670182694e-05,3.563593625647914
-0.00027427911719499996,1.2925976994511179e-08
-0.0002742791171949999,1.2925976994507792e-08
-0.000274279117195,1.2925976994460992e-08
-0.000274279117195,1.2925976994460992e-08
-0.000274279117195,1.2925976994460992e-08
-0.000274279117195,1.2925976994460992e-08
-0.00027427911719499985,1.292597735182929e-08
-0.000274279117195,1.2925976994464936e-08
-0.00027427911719499996,1.2925976994460989e-08
-0.000274279117195,1.2925976994460992e-08
-0.000274279117195,1.2925976994460992e-08
-0.000274279117195,1.2925976994460992e-08
3.372103392535749e-05,3.564902305223718
-0.000274279117195,1.2925976994500591e-08
-0.000274279117195,1.2925976994460992e-08
-0.000274279117195,1.292597699446099e-08
-0.000274279117195,1.2925976994460992e-08
-0.000274279117195,1.2925976994461482e-08
-0.000274279117195,1.2925976994460992e-08
-0.0002742791171949999,1.2925976994460984e-08
-0.000274279117195,1.2925976994466948e-08
-0.0002742791171949999,1.2925976994471681e-08
-0.000274279117195,1.2925976994460992e-08
-0.000274279117195,1.2925976994460992e-08
-0.000274279117195,1.2925976994460992e-08
-2.30215356736413e+20,1.9890128492991176e+16
-0.000274279117195,1.292597699448418e-08
-0.000274279117195,1.2925976994463055e-08
-0.000274279117195,1.2925976994460992e-08
-0.000274279117195,1.2925976994460992e-08
-0.000274279117195,1.2925976994460992e-08
-0.000274279117195,1.2925976994460992e-08
-0.000274279117195,1.2925976994493603e-08
-0.000274279117195,1.2925976994460992e-08
-0.000274279117195,1.292597699446099e-08
-0.000274279117195,1.2925976994460992e-08
-0.000274279117195,1.2925976994460992e-08
-0.000274279117195,1.2925976994460992e-08
3.394545858437204e-05,3.5674998756333345
-0.000274279117195,1.292597699448291e-08
-0.000274279117195,1.2925976994463136e-08
-0.000274279117195,1.2925976994460992e-08
-0.000274279117195,1.2925976994460992e-08
-0.000274279117195,1.2925976994460992e-08
-0.000274279117195,1.2925976994460992e-08
-0.00027427911719499996,1.2925976994483966e-08
-0.000274279117195,1.2925976994472639e-08
-0.00027427911719499985,1.2925976995199785e-08
-0.000274279117195,1.2925976994460992e-08
-0.000274279117195,1.2925976994460992e-08
-0.000274279117195,1.2925976994460992e-08
0.05878405646838904,3.5687839290078247
-0.000274279117195,1.2925976994467371e-08
-0.000274279117195,1.2925976994462819e-08
-0.000274279117195,1.2925976994460992e-08
-0.000274279117195,1.2925976994460992e-08
-0.000274279117195,1.2925976994460992e-08
-0.000274279117195,1.2925976994460992e-08
-0.00027427911719499996,1.2925976994460989e-08
-0.000274279117195,1.2925976994472374e-08
-0.000274279117195,1.2925976996175769e-08
-0.000274279117195,1.2925976994460992e-08
-0.000274279117195,1.2925976994460992e-08
-0.000274279117195,1.2925976994460992e-08
-4.932681935300833e+32,4.261734703498677e+28
-0.000274279117195,1.2925976994466576e-08
-0.000274279117195,1.292597699447317e-08
-0.000274279117195,1.2925976994460992e-08
-0.000274279117195,1.2925976994460992e-08
-0.000274279117195,1.2925976994460992e-08
-0.000274279117195,1.2925976994460992e-08
-0.000274279117195,1.2925976994495087e-08
-0.000274279117195,1.2925976994462422e-08
-0.000274279117195,1.2925976994460992e-08
-0.000274279117195,1.2925976994460992e-08
-0.000274279117195,1.2925976994460992e-08
-0.000274279117195,1.2925976994460992e-08
3.427953849183024e-05,3.5713670249719316
-0.000274279117195,1.2925976994497415e-08
-0.000274279117195,1.2925976994498695e-08
-0.000274279117195,1.2925976994460992e-08
-0.000274279117195,1.2925976994460992e-08
-0.000274279117195,1.2925976994460992e-08
-0.000274279117195,1.2925976994460992e-08
-0.000274279117195,1.2925976994568145e-08
-0.000274279117195,1.2925976994461713e-08
-0.000274279117195,1.2925976994463679e-08
-0.000274279117195,1.2925976994460992e-08
-0.000274279117195,1.2925976994460992e-08
-0.000274279117195,1.2925976994460992e-08
126443839016.07362,-10924481.40013324
-0.0002742791171949972,1.2925976994513055e-08
-0.00027427911719499996,1.2925976994491915e-08
-0.000274279117195,1.2925976994460992e-08
-0.000274279117195,1.2925976994460992e-08
-0.000274279117195,1.2925976994460992e-08
-0.000274279117195,1.2925976994460992e-08
-0.000274279117195,1.2925976995094603e-08
-0.000274279117195,1.2925976994460992e-08
-0.00027427911719498407,1.292597699446242e-08
-0.000274279117195,1.2925976994460992e-08
-0.000274279117195,1.2925976994460992e-08
-0.000274279117195,1.2925976994460992e-08
-4.932681935300833e+32,4.261734703498677e+28
-0.000274279117195,1.2925976994513298e-08
-0.000274279117195,1.2925976994460992e-08
-0.0002742791171890864,1.2925976993950066e-08
-0.000274279117195,1.2925976994460992e-08
-0.000274279117195,1.2925976994460992e-08
-0.000274279117195,1.2925976994460992e-08
-0.000274279117195,1.292597699488283e-08
-0.000274279117195,1.2925976994465227e-08
-0.000274279117195,1.2925976994460992e-08
-0.000274279117195,1.2925976994460992e-08
-0.000274279117195,1.2925976994460992e-08
-0.000274279117195,1.2925976994460992e-08
3.461703037437535e-05,3.5752732749573526
-0.000274279117195,1.2925976994514355e-08
-0.000274279117195,1.2925976994502507e-08
-0.00027427911719027977,1.2925977986779074e-08
-0.000274279117195,1.2925976994460992e-08
-0.000274279117195,1.2925976994460992e-08
-0.000274279117195,1.2925976994460992e-08
-0.000274279117195,1.2925976994928584e-08
-0.000274279117195,1.2925976994464802e-08
-0.0002742791171949994,1.2925981881016903e-08
-0.000274279117195,1.2925976994460992e-08
-0.000274279117195,1.2925976994460992e-08
-0.000274279117195,1.2925976994460992e-08
2.7200830119231544e+23,-2.3500952058858275e+19
-0.000274279117195,1.2925976994479202e-08
-0.00027427911719499996,1.2925977685052404e-08
-0.00027427911719499996,1.2925977782257746e-08
-0.000274279117195,1.2925976994460992e-08
-0.000274279117195,1.2925976994460992e-08
-0.000274279117195,1.2925976994460992e-08
-0.000274279117195,1.2925976994513298e-08
-0.000274279117195,1.2925976994464961e-08
-0.00027427911719490525,1.2925979326707e-08
-0.000274279117195,1.2925976994460992e-08
-0.000274279117195,1.2925976994460992e-08
-0.000274279117195,1.2925976994460992e-08
3.4841509419986745e-05,3.5778710837855443
-0.000274279117195,1.2925976994473327e-08
-0.000274279117195,1.2925976995043918e-08
-0.0002742791171939379,1.2925976994369231e-08
-0.000274279117195,1.2925976994460992e-08
-0.000274279117195,1.2925976994460992e-08
-0.000274279117195,1.2925976994460992e-08
-0.000274279117195,1.2925976994543581e-08
-0.000274279117195,1.2925976994493181e-08
-0.00027427911719488617,1.2925979187927684e-08
-0.000274279117195,1.2925976994460992e-08
-0.000274279117195,1.2925976994460992e-08
-0.000274279117195,1.2925976994460992e-08
-71.67996508477756,3.585352977689776
-0.000274279117195,1.2925976994495509e-08
-0.0002742791171949995,1.2925976994481286e-08
-0.00027427911719391017,1.2925976994366833e-08
-0.000274279117195,1.2925976994460992e-08
-0.000274279117195,1.2925976994460992e-08
-0.000274279117195,1.2925976994460992e-08
-0.000274279117195,1.2925976994803208e-08
-0.000274279117195,1.2925976994466311e-08
-0.000274279117195,1.2925976994460992e-08
-0.000274279117195,1.2925976994460992e-08
-0.000274279117195,1.2925976994460992e-08
-0.000274279117195,1.2925976994460992e-08
2.7200830119231544e+23,-2.3500952058858275e+19
-0.00027427911719499985,1.292597699448798e-08
-0.0002742791171949999,1.292597699449297e-08
-0.00027427911719481174,1.2925976994444726e-08
-0.000274279117195,1.2925976994460992e-08
-0.000274279117195,1.2925976994460992e-08
-0.000274279117195,1.2925976994460992e-08
-0.000274279117195,1.2925976995179306e-08
-0.00027427911719499996,1.2925976994467447e-08
-0.0002742791171810638,1.292597699325693e-08
-0.000274279117195,1.2925976994460992e-08
-0.000274279117195,1.2925976994460992e-08
-0.000274279117195,1.2925976994460992e-08
3.517900130253185e-05,3.581777333770965
-0.000274279117195,1.2925976994528333e-08
-0.00027427911719499947,1.2925982852262155e-08
-0.0002742791171941567,1.2925976994388134e-08
-0.000274279117195,1.2925976994460992e-08
-0.000274279117195,1.2925976994460992e-08
-0.000274279117195,1.2925976994460992e-08
-0.00027427911719499996,1.2925976994528333e-08
-0.00027427911719499996,1.292597699446464e-08
-0.00027427911718239605,1.2925976993372035e-08
-0.000274279117195,1.2925976994460992e-08
-0.000274279117195,1.2925976994460992e-08
-0.000274279117195,1.2925976994460992e-08
-71.67996474728568,3.589259227675197
-0.000274279117195,1.2925976995240294e-08
-0.0002742791171949999,1.2925976994663464e-08
-0.000274279117195,1.2925976994460992e-08
-0.000274279117195,1.2925976994460992e-08
-0.000274279117195,1.2925976994460992e-08
-0.000274279117195,1.2925976994460992e-08
-0.0002742791171949998,1.2925976994477173e-08
-0.00027427911719499996,1.2925976994465753e-08
-0.0002742791171940629,1.2925976994380028e-08
-0.000274279117195,1.2925976994460992e-08
-0.000274279117195,1.2925976994460992e-08
-0.000274279117195,1.2925976994460992e-08
5.8486031279336205e+35,-5.05307158341753e+31
-0.000274278956206195,1.2925963085383698e-08
-0.00027427911719499464,1.2925976994663858e-08
-0.000274279117195,1.2925976994460992e-08
-0.000274279117195,1.2925976994460992e-08
-0.000274279117195,1.2925976994460992e-08
-0.000274279117195,1.2925976994460992e-08
-0.00027427911719499985,1.2925976994460977e-08
-0.00027427911719499996,1.2925976994460987e-08
-0.000274279117195,1.2925976994460992e-08
-0.000274279117195,1.2925976994460992e-08
-0.000274279117195,1.2925976994460992e-08
-0.000274279117195,1.2925976994460992e-08
3.551480407775463e-05,3.5856640334329724
-0.0002742789107314878,1.2925959156465813e-08
-0.0002742791171949997,1.2925980492348756e-08
-0.000274279117195,1.2925976994460992e-08
-0.000274279117195,1.2925976994460992e-08
-0.000274279117195,1.2925976994460992e-08
-0.000274279117195,1.2925976994460992e-08
-0.0002742791171949998,1.2925977841036102e-08
-0.00027427911719499985,1.2925976994460977e-08
-0.000274279117195,1.2925976994460992e-08
-0.000274279117195,1.2925976994460992e-08
-0.000274279117195,1.2925976994460992e-08
-0.000274279117195,1.2925976994460992e-08
-71.6799644097938,3.5931654776606177
-0.000274279117195,1.292597699446099e-08
-0.000274279117195,1.292597699459313e-08
-0.000274279117195,1.2925976994460992e-08
-0.000274279117195,1.2925976994460992e-08
-0.000274279117195,1.2925976994460992e-08
-0.000274279117195,1.2925976994460992e-08
-0.0002742791171949999,1.292597699446098e-08
-0.00027427911719499963,1.2925977045637659e-08
-0.000274279117195,1.2925976994460992e-08
-0.000274279117195,1.2925976994460992e-08
-0.000274279117195,1.2925976994460992e-08
-0.000274279117195,1.2925976994460992e-08
3.573753965673167e-05,3.5882420535191755
-0.00027427906262326074,1.2925972279576104e-08
-0.0002742791171949999,1.2925978556054739e-08
-0.000274279117195,1.2925976994460992e-08
-0.000274279117195,1.2925976994460992e-08
-0.000274279117195,1.2925976994460992e-08
-0.000274279117195,1.2925976994460992e-08
-0.0002742791171949998,1.292597852107767e-08
-0.000274279117195,1.2925976994460992e-08
-0.000274279117195,1.2925976994460992e-08
-0.000274279117195,1.2925976994460992e-08
-0.000274279117195,1.2925976994460992e-08
-0.000274279117195,1.2925976994460992e-08
3.589233010345389e-05,3.5895507330913747
-0.00027427906557912546,1.2925972534956673e-08
-0.000274279117195,1.2925976994460992e-08
-0.000274279117195,1.2925976994460992e-08
-0.000274279117195,1.2925976994460992e-08
-0.000274279117195,1.2925976994460992e-08
-0.000274279117195,1.2925976994460992e-08
-0.0002742791171949998,1.2925978493322307e-08
-0.000274279117195,1.2925976994460992e-08
-0.000274279117195,1.2925976994460992e-08
-0.000274279117195,1.2925976994460992e-08
-0.000274279117195,1.2925976994460992e-08
-0.000274279117195,1.2925976994460992e-08
-3.21864397206988e+26,2.780841516622228e+22
-0.000274278225857444,1.2925899984748129e-08
-0.000274279117195,1.2925976994460992e-08
-0.000274279117195,1.2925976994460992e-08
-0.000274279117195,1.2925976994460992e-08
-0.000274279117195,1.2925976994460992e-08
-0.000274279117195,1.2925976994460992e-08
-0.0002742791171949998,1.2925978208827446e-08
-0.000274279117195,1.2925976994460992e-08
-0.000274279117195,1.2925976994460992e-08
-0.000274279117195,1.2925976994460992e-08
-0.000274279117195,1.2925976994460992e-08
-0.000274279117195,1.2925976994460992e-08
3.6075031539276774e-05,3.592148303504596
-0.000274279117195,1.2925976994460992e-08
-0.000274279117195,1.2925976994460992e-08
-0.000274279117195,1.2925976994460992e-08
-0.000274279117195,1.2925976994460992e-08
-0.000274279117195,1.2925976994460992e-08
-0.000274279117195,1.2925976994460992e-08
-0.00027427911719499985,1.2925978014538418e-08
-0.000274279117195,1.2925976994460992e-08
-0.000274279117195,1.2925976994460992e-08
-0.000274279117195,1.2925976994460992e-08
-0.000274279117195,1.2925976994460992e-08
-0.000274279117195,1.2925976994460992e-08
89128.96064103035,-4.107119576160801
-0.000274279117195,1.2925976994460992e-08
-0.000274279117195,1.2925976994460992e-08
-0.000274279117195,1.2925976994460992e-08
-0.000274279117195,1.2925976994460992e-08
-0.000274279117195,1.2925976994460992e-08
-0.000274279117195,1.2925976994460992e-08
-0.00027427911719499985,1.2925977861852682e-08
-0.000274279117195,1.2925976994460992e-08
-0.000274279117195,1.2925976994460992e-08
-0.000274279117195,1.2925976994460992e-08
-0.000274279117195,1.2925976994460992e-08
-0.000274279117195,1.2925976994460992e-08
-3.21864397206988e+26,2.780841516622228e+22
-0.000274279117195,1.2925976994460992e-08
-0.000274279117195,1.2925976994460992e-08
-0.000274279117195,1.2925976994460992e-08
-0.000274279117195,1.2925976994460992e-08
-0.000274279117195,1.2925976994460992e-08
-0.000274279117195,1.2925976994460992e-08
-0.00027427911719499985,1.2925977931271797e-08
-0.000274279117195,1.2925976994460992e-08
-0.000274279117195,1.2925976994460992e-08
-0.000274279117195,1.2925976994460992e-08
-0.000274279117195,1.2925976994460992e-08
-0.000274279117195,1.2925976994460992e-08
3.641083431447624e-05,3.5960350031666035
-0.0002742771816590535,1.2925809768176765e-08
-0.000274279117195,1.2925976994460992e-08
-0.000274279117195,1.2925976994460992e-08
-0.000274279117195,1.2925976994460992e-08
-0.000274279117195,1.2925976994460992e-08
-0.000274279117195,1.2925976994460992e-08
-0.00027427911719499985,1.2925978049232782e-08
-0.000274279117195,1.2925976994460992e-08
-0.000274279117195,1.2925976994460992e-08
-0.000274279117195,1.2925976994460992e-08
-0.000274279117195,1.2925976994460992e-08
-0.000274279117195,1.2925976994460992e-08
1.90232055109269e+17,-16435654307547.06
-0.000274279117195,1.2925976994460992e-08
-0.000274279117195,1.2925976994460992e-08
-0.000274279117195,1.2925976994460992e-08
-0.000274279117195,1.2925976994460992e-08
-0.000274279117195,1.2925976994460992e-08
-0.000274279117195,1.2925976994460992e-08
-0.00027427911719499985,1.2925977972904949e-08
-0.000274279117195,1.2925976994460992e-08
-0.000274279117195,1.2925976994460992e-08
-0.000274279117195,1.2925976994460992e-08
-0.000274279117195,1.2925976994460992e-08
-0.000274279117195,1.2925976994460992e-08
3.66352795996687e-05,3.5986328119947983
-0.000274279117195,1.2925976994460992e-08
-0.000274279117195,1.2925976994460992e-08
-0.000274279117195,1.2925976994460992e-08
-0.000274279117195,1.2925976994460992e-08
-0.000274279117195,1.2925976994460992e-08
-0.000274279117195,1.2925976994460992e-08
-0.00027427911719499985,1.2925977858383343e-08
-0.000274279117195,1.2925976994460992e-08
-0.000274279117195,1.2925976994460992e-08
-0.000274279117195,1.2925976994460992e-08
-0.000274279117195,1.2925976994460992e-08
-0.000274279117195,1.2925976994460992e-08
3.674832619702135e-05,3.599941253152024
-0.000274279117195,1.2925976994460992e-08
-0.000274279117195,1.2925976994460992e-08
-0.000274279117195,1.2925976994460992e-08
-0.000274279117195,1.2925976994460992e-08
-0.000274279117195,1.2925976994460992e-08
-0.000274279117195,1.2925976994460992e-08
-0.00027427911719499985,1.2925977736952594e-08
-0.000274279117195,1.2925976994460992e-08
-0.000274279117195,1.2925976994460992e-08
-0.000274279117195,1.2925976994460992e-08
-0.000274279117195,1.2925976994460992e-08
-0.000274279117195,1.2925976994460992e-08
1.90232055109269e+17,-16435654307547.057
-0.000274279117195,1.2925976994460992e-08
-0.000274279117195,1.2925976994460992e-08
-0.000274279117195,1.2925976994460992e-08
-0.000274279117195,1.2925976994460992e-08
-0.000274279117195,1.2925976994460992e-08
