x,y
-4.932681766024734e+32,1.3607329294792867e+29
-0.0008757481459125,1.242442065908814e-07
-0.0008757481459125,1.242442065908814e-07
-0.0008757481459125,1.242442065908814e-07
-0.0008757481459125,1.242442065908814e-07
-0.0008757481459125,1.242442065908814e-07
-0.0008757481459125,1.242442065908814e-07
-0.0008757481459124998,1.2424420728480077e-07
-0.0008757481459125,1.242442065908814e-07
-0.0008757481459125,1.242442065908814e-07
-0.0008757481459125,1.242442065908814e-07
-0.0008757481459125,1.242442065908814e-07
-0.0008757481459125,1.242442065908814e-07
0.00011820685029164996,3.603105293773031
-0.0008757481459125,1.242442065908814e-07
-0.0008757481459125,1.242442065908814e-07
-0.0008757481459125,1.242442065908814e-07
-0.0008757481459125,1.242442065908814e-07
-0.0008757481459125,1.242442065908814e-07
-0.0008757481459125,1.242442065908814e-07
-0.0008757481459124998,1.2424420729173971e-07
-0.0008757481459125,1.242442065908814e-07
-0.0008757481459125,1.242442065908814e-07
-0.0008757481459125,1.242442065908814e-07
-0.0008757481459125,1.242442065908814e-07
-0.0008757481459125,1.242442065908814e-07
126443834676.8684,-34880878.18275843
-0.0008757481459125,1.242442065908814e-07
-0.0008757481459125,1.242442065908814e-07
-0.0008757481459125,1.242442065908814e-07
-0.0008757481459125,1.242442065908814e-07
-0.0008757481459125,1.242442065908814e-07
-0.0008757481459125,1.242442065908814e-07
-0.0008757481459124998,1.2424420713908397e-07
-0.0008757481459125,1.242442065908814e-07
-0.0008757481459125,1.242442065908814e-07
-0.0008757481459125,1.242442065908814e-07
-0.0008757481459125,1.242442065908814e-07
-0.0008757481459125,1.242442065908814e-07
-4.932681766024734e+32,1.3607329294792867e+29
-0.0008757481459125,1.242442065908814e-07
-0.0008757481459125,1.242442065908814e-07
-0.0008757481459125,1.242442065908814e-07
-0.0008757481459125,1.242442065908814e-07
-0.0008757481459125,1.242442065908814e-07
-0.0008757481459125,1.242442065908814e-07
-0.0008757481459124998,1.2424420707316448e-07
-0.0008757481459125,1.242442065908814e-07
-0.0008757481459125,1.242442065908814e-07
-0.0008757481459125,1.242442065908814e-07
-0.0008757481459125,1.242442065908814e-07
-0.0008757481459125,1.242442065908814e-07
-71.67987829871211,3.6267656859328863
-0.0008757481459125,1.242442065908814e-07
-0.0008757481459125,1.242442065908814e-07
-0.0008757481459125,1.242442065908814e-07
-0.0008757481459125,1.242442065908814e-07
-0.0008757481459125,1.242442065908814e-07
-0.0008757481459125,1.242442065908814e-07
-0.0008757481459124998,1.2424420702457732e-07
-0.0008757481459125,1.242442065908814e-07
-0.0008757481459125,1.242442065908814e-07
-0.0008757481459125,1.242442065908814e-07
-0.0008757481459125,1.242442065908814e-07
-0.0008757481459125,1.242442065908814e-07
126443834676.8684,-34880878.17885218
-0.0008757481459125,1.242442065908814e-07
-0.0008757481459125,1.242442065908814e-07
-0.0008757481459125,1.242442065908814e-07
-0.0008757481459125,1.242442065908814e-07
-0.0008757481459125,1.242442065908814e-07
-0.0008757481459125,1.242442065908814e-07
-0.0008757481459124998,1.242442070974507e-07
-0.0008757481459125,1.242442065908814e-07
-0.0008757481459125,1.242442065908814e-07
-0.0008757481459125,1.242442065908814e-07
-0.0008757481459125,1.242442065908814e-07
-0.0008757481459125,1.242442065908814e-07
0.00012000109805555619,3.6096093523634356
-0.0008757481459125,1.242442065908814e-07
-0.0008757481459125,1.242442065908814e-07
-0.0008757481459125,1.242442065908814e-07
-0.0008757481459125,1.242442065908814e-07
-0.0008757481459125,1.242442065908814e-07
-0.0008757481459125,1.242442065908814e-07
-0.0008757481459124998,1.2424420715990073e-07
-0.0008757481459125,1.242442065908814e-07
-0.0008757481459125,1.242442065908814e-07
-0.0008757481459125,1.242442065908814e-07
-0.0008757481459125,1.242442065908814e-07
-0.0008757481459125,1.242442065908814e-07
-71.67987722113139,3.630671935784255
-0.0008757481459125,1.242442065908814e-07
-0.0008757481459125,1.242442065908814e-07
-0.0008757481459125,1.242442065908814e-07
-0.0008757481459125,1.242442065908814e-07
-0.0008757481459125,1.242442065908814e-07
-0.0008757481459125,1.242442065908814e-07
-0.0008757481459124998,1.2424420717724796e-07
-0.0008757481459125,1.242442065908814e-07
-0.0008757481459125,1.242442065908814e-07
-0.0008757481459125,1.242442065908814e-07
-0.0008757481459125,1.242442065908814e-07
-0.0008757481459125,1.242442065908814e-07
2.720082918577375e+23,-7.503639143551025e+19
-0.0008757481459125,1.242442065908814e-07
-0.0008757481459125,1.242442065908814e-07
-0.0008757481459125,1.242442065908814e-07
-0.0008757481459125,1.242442065908814e-07
-0.0008757481459125,1.242442065908814e-07
-0.0008757481459125,1.242442065908814e-07
-0.0008757481459124998,1.2424420723622867e-07
-0.0008757481459125,1.242442065908814e-07
-0.0008757481459125,1.242442065908814e-07
-0.0008757481459125,1.242442065908814e-07
-0.0008757481459125,1.242442065908814e-07
-0.0008757481459125,1.242442065908814e-07
0.00012107328561730441,3.6134960518920622
-0.0008757481459125,1.242442065908814e-07
-0.0008757481459125,1.242442065908814e-07
-0.0008757481459125,1.242442065908814e-07
-0.0008757481459125,1.242442065908814e-07
-0.0008757481459125,1.242442065908814e-07
-0.0008757481459125,1.242442065908814e-07
-0.0008757481459124998,1.242442071390841e-07
-0.0008757481459125,1.242442065908814e-07
-0.0008757481459125,1.242442065908814e-07
-0.0008757481459125,1.242442065908814e-07
-0.0008757481459125,1.242442065908814e-07
-0.0008757481459125,1.242442065908814e-07
-71.67987614355066,3.634578185635624
-0.0008757473127825223,1.2424397676308206e-07
-0.0008757481459125,1.242442065908814e-07
-0.0008757481459125,1.242442065908814e-07
-0.0008757481459125,1.242442065908814e-07
-0.0008757481459125,1.242442065908814e-07
-0.0008757481459125,1.242442065908814e-07
-0.0008757481459124998,1.2424420712520626e-07
-0.0008757481459125,1.242442065908814e-07
-0.0008757481459125,1.242442065908814e-07
-0.0008757481459125,1.242442065908814e-07
-0.0008757481459125,1.242442065908814e-07
-0.0008757481459125,1.242442065908814e-07
0.00012178445995819403,3.616074071889795
-0.0008757481459125,1.242442065908814e-07
-0.0008757481459125,1.242442065908814e-07
-0.0008757481459125,1.242442065908814e-07
-0.0008757481459125,1.242442065908814e-07
-0.0008757481459125,1.242442065908814e-07
-0.0008757481459125,1.242442065908814e-07
-0.0008757481459124998,1.2424420704540906e-07
-0.0008757481459125,1.242442065908814e-07
-0.0008757481459125,1.242442065908814e-07
-0.0008757481459125,1.242442065908814e-07
-0.0008757481459125,1.242442065908814e-07
-0.0008757481459125,1.242442065908814e-07
0.00012218719642809737,3.617382751409179
-0.0008757481459125,1.242442065908814e-07
-0.0008757481459125,1.242442065908814e-07
-0.0008757481459125,1.242442065908814e-07
-0.0008757481459125,1.242442065908814e-07
-0.0008757481459125,1.242442065908814e-07
-0.0008757481459125,1.242442065908814e-07
-0.0008757481459124998,1.2424420715990084e-07
-0.0008757481459125,1.242442065908814e-07
-0.0008757481459125,1.242442065908814e-07
-0.0008757481459125,1.242442065908814e-07
-0.0008757481459125,1.242442065908814e-07
-0.0008757481459125,1.242442065908814e-07
-151996487680153.16,41929853937.46763
-0.0008757481459125,1.242442065908814e-07
-0.0008757481459125,1.242442065908814e-07
-0.0008757481459125,1.242442065908814e-07
-0.0008757481459125,1.242442065908814e-07
-0.0008757481459125,1.242442065908814e-07
-0.0008757481459125,1.242442065908814e-07
-0.0008757481459124998,1.2424420729520927e-07
-0.0008757481459125,1.242442065908814e-07
-0.0008757481459125,1.242442065908814e-07
-0.0008757481459125,1.242442065908814e-07
-0.0008757481459125,1.242442065908814e-07
-0.0008757481459125,1.242442065908814e-07
0.0001228620406852019,3.619980321741164
-0.0008757481459125,1.242442065908814e-07
-0.0008757481459125,1.242442065908814e-07
-0.0008757481459125,1.242442065908814e-07
-0.0008757481459125,1.242442065908814e-07
-0.0008757481459125,1.242442065908814e-07
-0.0008757481459125,1.242442065908814e-07
-0.0008757481459124997,1.2424420742357875e-07
-0.0008757481459125,1.242442065908814e-07
-0.0008757481459125,1.242442065908814e-07
-0.0008757481459125,1.242442065908814e-07
-0.0008757481459125,1.242442065908814e-07
-0.0008757481459125,1.242442065908814e-07
0.00012326477715510523,3.6212890012605476
-0.0008757481459125,1.242442065908814e-07
-0.0008757481459125,1.242442065908814e-07
-0.0008757481459125,1.242442065908814e-07
-0.0008757481459125,1.242442065908814e-07
-0.0008757481459125,1.242442065908814e-07
-0.0008757481459125,1.242442065908814e-07
-0.0008757481459124997,1.2424420744786483e-07
-0.0008757481459125,1.242442065908814e-07
-0.0008757481459125,1.242442065908814e-07
-0.0008757481459125,1.242442065908814e-07
-0.0008757481459125,1.242442065908814e-07
-0.0008757481459125,1.242442065908814e-07
-3.218643861614858e+26,8.878972734329337e+22
-0.0008757481459125,1.242442065908814e-07
-0.0008757481459125,1.242442065908814e-07
-0.0008757481459125,1.242442065908814e-07
-0.0008757481459125,1.242442065908814e-07
-0.0008757481459125,1.242442065908814e-07
-0.0008757481459125,1.242442065908814e-07
-0.0008757481459124997,1.242442075346314e-07
-0.0008757481459125,1.242442065908814e-07
-0.0008757481459125,1.242442065908814e-07
-0.0008757481459125,1.242442065908814e-07
-0.0008757481459125,1.242442065908814e-07
-0.0008757481459125,1.242442065908814e-07
0.00012393962141220977,3.623886571592533
-0.0008757481459125,1.242442065908814e-07
-0.0008757481459125,1.242442065908814e-07
-0.0008757481459125,1.242442065908814e-07
-0.0008757481459125,1.242442065908814e-07
-0.0008757481459125,1.242442065908814e-07
-0.0008757481459125,1.242442065908814e-07
-0.0008757481459124996,1.2424420768728703e-07
-0.0008757481459125,1.242442065908814e-07
-0.0008757481459125,1.242442065908814e-07
-0.0008757481459125,1.242442065908814e-07
-0.0008757481459125,1.242442065908814e-07
-0.0008757481459125,1.242442065908814e-07
89128.957670478,-20.96199883346748
-0.0008757481459125,1.242442065908814e-07
-0.0008757481459125,1.242442065908814e-07
-0.0008757481459125,1.242442065908814e-07
-0.0008757481459125,1.242442065908814e-07
-0.0008757481459125,1.242442065908814e-07
-0.0008757481459125,1.242442065908814e-07
-0.0008757481459124996,1.242442076109592e-07
-0.0008757481459125,1.242442065908814e-07
-0.0008757481459125,1.242442065908814e-07
-0.0008757481459125,1.242442065908814e-07
-0.0008757481459125,1.242442065908814e-07
-0.0008757481459125,1.242442065908814e-07
-3.218643861614858e+26,8.878972734329337e+22
-0.0008757481459125,1.242442065908814e-07
-0.0008757481459125,1.242442065908814e-07
-3.494572372067582e-05,3.047924288438672
-0.0008757481459125,1.242442065908814e-07
-0.0008757481459125,1.242442065908814e-07
-0.0008757481459125,1.242442065908814e-07
-0.0008757481459124996,1.242442076040204e-07
-0.0008757481459125,1.242442065908814e-07
-0.0008757481459125,1.242442065908814e-07
85.53609304310886,-0.023596161841750247
-0.0008757481459125,1.242442065908814e-07
-0.0008757481459125,1.242442065908814e-07
0.00012501720213921764,3.6277928214439017
-0.0008757481459125,1.242442065908814e-07
-0.0008757481459125,1.242442065908814e-07
-0.0008757481459125,1.242442065908814e-07
-0.0008757481459125,1.242442065908814e-07
-0.0008757481459125,1.242442065908814e-07
-0.0008757481459125,1.242442065908814e-07
-0.0008757481459124995,1.2424420791627031e-07
-0.0008757481459125,1.242442065908814e-07
-0.0008757481459125,1.242442065908814e-07
93.03615379289113,-0.025665133674804167
-0.0008757481459125,1.242442065908814e-07
-0.0008757481459125,1.242442065908814e-07
1.9023204858102726e+17,-52477541634537.98
-0.0008757481459125,1.242442065908814e-07
-0.0008757481459125,1.242442065908814e-07
0.006747219974980013,27.63339903618456
-0.0008757481459125,1.242442065908814e-07
-0.0008757481459125,1.242442065908814e-07
-0.0008757481459125,1.242442065908814e-07
-0.0008757481459124995,1.2424420791627063e-07
-0.0008757481459125,1.242442065908814e-07
-0.0008729185423208073,0.01025748903596054
-0.0008757481459125,1.242442065908814e-07
-0.0008757481459125,1.242442065908814e-07
-0.0008757481459125,1.242442065908814e-07
0.0001257284422504153,3.6303710798602045
-0.0008757481459125,1.242442065908814e-07
-0.0008757481459125,1.242442065908814e-07
0.0009610285862415101,6.658349384904544
-0.0008757481459125,1.242442065908814e-07
-0.0008757481459125,1.242442065908814e-07
-0.0008757481459125,1.242442065908814e-07
-0.0008757481459124994,1.2424420835342103e-07
-0.0008757481459125,1.242442065908814e-07
-0.0008757481459125,1.242442065908814e-07
16.00838572766974,-0.004416201458544469
-0.0008757481459125,1.242442065908814e-07
-0.0008757481459125,1.242442065908814e-07
7.603517075159907e-05,3.631659984456289
-0.0008757481459125,1.242442065908814e-07
-0.0008757481459125,1.242442065908814e-07
-0.0008755281391258989,0.000797652870991878
-0.0008757481459125,1.242442065908814e-07
-0.0008757481459125,1.242442065908814e-07
-0.0008757481459125,1.242442065908814e-07
-0.0008757481459124993,1.2424420885308288e-07
-0.0008757481459125,1.242442065908814e-07
-0.0008757481459125,1.242442065908814e-07
9.566274957469368,-0.0026390764226779523
-0.0008757481459125,1.242442065908814e-07
-0.0008757481459125,1.242442065908814e-07
1.9023204858102726e+17,-52477541634537.98
-0.0008757481459125,1.242442065908814e-07
-0.0008757481459125,1.242442065908814e-07
-0.0008757461393630021,7.398022849452165e-06
-0.0008757481459125,1.242442065908814e-07
-0.0008757481459125,1.242442065908814e-07
-0.0008757481459125,1.242442065908814e-07
-0.0008757481459124993,1.2424420865879387e-07
-0.0008757481459125,1.242442065908814e-07
-0.0008757481459125,1.242442065908814e-07
-0.0008757481459125,1.242442065908814e-07
-0.0008757481459125,1.242442065908814e-07
-0.0008757481459125,1.242442065908814e-07
0.00012680602297742316,3.6342773297115736
-0.0008757481459125,1.242442065908814e-07
-0.0008757481459125,1.242442065908814e-07
-0.0008757481459125,1.242442065908814e-07
-0.0008757481459125,1.242442065908814e-07
-0.0008757481459125,1.242442065908814e-07
-0.0008757481459125,1.242442065908814e-07
-0.0008757481459124992,1.2424420904737148e-07
-0.0008757481459125,1.242442065908814e-07
-0.0008757355699842357,1.242407373868014e-07
-0.0007827293896530982,9.858398955170643e-08
-0.0008757481459125,1.242442065908814e-07
-0.0008757481459125,1.242442065908814e-07
-107374179.91433299,29623.949468358252
-0.0008757481459125,1.242442065908814e-07
-0.0008757481459125,1.242442065908814e-07
-0.0008757475578120052,2.2561192605658145e-06
-0.0008757481459125,1.242442065908814e-07
-0.0008757481459125,1.242442065908814e-07
-0.0008757481459125,1.242442065908814e-07
-0.0008757481459124991,1.2424420942207067e-07
-0.0008757481459125,1.242442065908814e-07
-0.0008757481459125,1.242442065908814e-07
-0.0008645380320586377,1.211517769982755e-07
-0.0008757481459125,1.242442065908814e-07
-0.0008757481459125,1.242442065908814e-07
4.056481675713572e+29,-1.11902377971997e+26
-0.0008757481459125,1.242442065908814e-07
-0.0008757481459125,1.242442065908814e-07
-0.0008757095458488326,7.354342574556373e-07
-0.0008757481459125,1.242442065908814e-07
-0.0008757481459125,1.242442065908814e-07
-0.0008757481459125,1.242442065908814e-07
-0.0008757481459124998,1.2424420659088136e-07
-0.0008757481459125,1.242442065908814e-07
-0.000875746223774748,1.2612170037868664e-07
-0.0008757481459125,1.242442065908814e-07
-0.0008757481459125,1.242442065908814e-07
-0.0008757481459125,1.242442065908814e-07
0.00012787281740119633,3.6381444789174573
-0.0008757367948852586,1.2424107528882636e-07
-0.0008757481457047106,1.2499744681017361e-07
-0.0008757481045317051,2.7425034527807974e-07
-0.0008757481459125,1.242442065908814e-07
-0.0008757481459125,1.242442065908814e-07
-0.0008757481459125,1.242442065908814e-07
-0.0008757481459124998,1.2424420659088136e-07
-0.0008757481459125,1.242442065908814e-07
-0.0008757473738670235,1.2642761187214622e-07
-0.0008731691305383378,1.2353275766477643e-07
-0.0008757481459125,1.242442065908814e-07
-0.0008757481459125,1.242442065908814e-07
-107374179.91433191,29623.953374608103
-0.0008757466469984531,1.2424379309943825e-07
-0.0008757481456213647,1.2529957778557323e-07
-0.0008757481399049231,1.460217828372538e-07
-0.0008757481459125,1.242442065908814e-07
-0.0008757481459125,1.242442065908814e-07
-0.0008757481459125,1.242442065908814e-07
-0.0008757481459124998,1.2424420659088133e-07
-0.0008757481459125,1.242442065908814e-07
-0.0008757481450828979,1.247008763312567e-07
-0.0008756475282758868,1.2421645014156636e-07
-0.0008757481459125,1.242442065908814e-07
-0.0008757481459125,1.242442065908814e-07
4.056481675713572e+29,-1.11902377971997e+26
-0.0008757481459125,1.242442065908814e-07
-0.0008757481459125,1.242442065908814e-07
-0.0008757421778213726,1.2424256022922496e-07
-0.0008757481459125,1.242442065908814e-07
-0.0008757481459125,1.242442065908814e-07
-0.0008757481459125,1.242442065908814e-07
-0.0008757481459124997,1.2424420659088133e-07
-0.0008757481459125,1.242442065908814e-07
-0.0008757481458187599,1.2424425675974592e-07
-0.0008753996919027893,1.2414808183199503e-07
-0.0008757481459125,1.242442065908814e-07
-0.0008757481459125,1.242442065908814e-07
0.0001289503981282042,3.6420507287688264
-0.0008757481459125,1.242442065908814e-07
-0.0008757481458997641,1.242903746168589e-07
-0.0008757481458316483,1.2424420656857758e-07
-0.0008757481459125,1.242442065908814e-07
-0.0008757481459125,1.242442065908814e-07
-0.0008757481459125,1.242442065908814e-07
-0.0008757481459124997,1.2424420659088133e-07
-0.0008757481459125,1.242442065908814e-07
-0.0008757481458649704,1.2424425055525796e-07
-0.0008757481459125,1.242442065908814e-07
-0.0008757481459125,1.242442065908814e-07
-0.0008757481459125,1.242442065908814e-07
-2.3021534883605417e+20,6.3507361896009464e+16
-0.0008757481459125,1.242442065908814e-07
-0.0008757481459114804,1.2424790281115385e-07
-0.0008757481458387537,1.242442065705424e-07
-0.0008757481459125,1.242442065908814e-07
-0.0008757481459125,1.242442065908814e-07
-0.0008757481459125,1.242442065908814e-07
-0.0008757481459124983,1.2424421172590698e-07
-0.0008757481459125,1.242442065908814e-07
-0.0008757481458967209,1.242442361311473e-07
-0.0008757481459125,1.2424420659088792e-07
-0.0008757481459125,1.242442065908814e-07
-0.0008757481459125,1.242442065908814e-07
0.00012966696560706866,3.6446482990893014
-0.0008757481459125,1.242442065908814e-07
-0.0008757481459121353,1.2424552855225166e-07
-0.0008757481459125,1.2424420659090513e-07
-0.0008757481459125,1.242442065908814e-07
-0.0008757481459125,1.242442065908814e-07
-0.0008757481459125,1.242442065908814e-07
-0.0008757481459124981,1.2424421208672944e-07
-0.0008757481459125,1.242442065908814e-07
-0.0008757481459100838,1.24244209477587e-07
-0.0008757481459125,1.242442065908861e-07
-0.0008757481459125,1.242442065908814e-07
-0.0008757481459125,1.242442065908814e-07
0.00013002797885521206,3.645956978620195
-0.0008757481459125,1.242442065908814e-07
-0.0008757481459125,1.242442065908814e-07
-0.0008757481459125,1.2424420659089158e-07
-0.0008757481459124999,1.2424420659090584e-07
-0.0008757481459125,1.242442065908814e-07
-0.0008757481459125,1.242442065908814e-07
-0.0008757481459124986,1.2424421042139538e-07
-0.0008757481459125,1.242442065908814e-07
-0.0008757481459103482,1.2424420659047081e-07
-0.0008757481459125,1.2424420659088387e-07
-0.0008757481459125,1.242442065908814e-07
-0.0008757481459125,1.242442065908814e-07
-2.3021534883605417e+20,6.3507361896009464e+16
-0.000875747731166112,1.2424409217866217e-07
-0.0008755955068848949,0.0005534435120363968
-0.0008757481459125,1.2424420659089195e-07
-0.0008757481459125,1.242442065909044e-07
-0.0008757481459125,1.242442065908814e-07
-0.0008757481459125,1.242442065908814e-07
-0.0008757481459124994,1.2424420746174322e-07
-0.0008757481459125,1.242442065908814e-07
-0.0008757481459124998,1.2424420659092392e-07
-0.0008757481459125,1.2424420659088425e-07
-0.0008757481459125,1.242442065908814e-07
-0.0008757481459125,1.242442065908814e-07
0.00013073915316881687,3.648534998617928
-0.0008757479858330425,1.2424416243125395e-07
-0.0008757481438888957,1.3157980954772336e-07
-0.0008757481459125,1.2424420659088425e-07
-0.0008757481459125,1.2424420659088353e-07
-0.0008757481459125,1.242442065908814e-07
-0.0008757481459125,1.242442065908814e-07
-0.0008757481459124995,1.2424420693263716e-07
-0.0005610163667380796,3.7422085037035834e-08
-0.0008757481459124997,1.2424420659088438e-07
-0.0008757481459125,1.2424420659088194e-07
-0.0008757481459125,1.242442065908814e-07
-0.0008757481459125,1.242442065908814e-07
0.058881097781966756,3.6498274713347287
-0.0008757480676917606,1.242441850128553e-07
-0.0008757481459124999,1.242442069032174e-07
-0.0008757481459125,1.242442065910856e-07
-0.0008757481459125,1.2424420659088353e-07
-0.0008757481459125,1.242442065908814e-07
-0.0008757481459125,1.242442065908814e-07
-0.0008757481459124995,1.2424420700202615e-07
-0.0008757481459125,1.242442065908814e-07
-0.0008757481459124998,1.2424420659088422e-07
-0.0008757481459125,1.2424420659088205e-07
-0.0008757481459125,1.242442065908814e-07
-0.0008757481459125,1.242442065908814e-07
-4.932681766024734e+32,1.3607329294792867e+29
-0.0008757481336906355,1.242442032193496e-07
-0.00024233129800782006,-5.049059364852027e-08
-0.0008757481459125,1.242442065908824e-07
-0.0008757481459125,1.2424420659088258e-07
-0.0008757481459125,1.242442065908814e-07
-0.0008757481459125,1.242442065908814e-07
-0.0008757481459124996,1.2424420690141221e-07
-0.0008757481459125,1.242442065908814e-07
-0.0008757481459124984,1.2424420659088096e-07
-0.0008757481459125,1.2424420659088337e-07
-0.0008757481459125,1.242442065908814e-07
-0.0008757481459125,1.242442065908814e-07
0.00013181673389582474,3.6524412484692967
-0.0008757481374423019,1.2424420425428682e-07
-0.0008757481459125,1.242442065908814e-07
-0.0008757481459125,1.242442065908828e-07
-0.0008757481459125,1.2424420659088268e-07
-0.0008757481459125,1.242442065908814e-07
-0.0008757481459125,1.242442065908814e-07
-0.0008757481459124996,1.2424420680425997e-07
-0.0008757481459125,1.242442065908814e-07
-0.0008757481459124998,1.2424420659088136e-07
-0.0008757481459125,1.242442065908818e-07
-0.0008757481459125,1.242442065908814e-07
-0.0008757481459125,1.242442065908814e-07
0.058882175362693766,3.653733721186098
-0.0008757481446192465,1.2424420623412363e-07
-0.0008757477802006452,1.2428049678786708e-07
-0.0008757481459125,1.242442065908823e-07
-0.0008757481459125,1.242442065908824e-07
-0.0008757481459125,1.242442065908814e-07
-0.0008757481459125,1.242442065908814e-07
-0.0008757481459124996,1.2424420679298416e-07
-0.0008757481459125,1.242442065908814e-07
-0.0008757481459124998,1.2424420659088427e-07
-0.0008757481459125,1.242442065908936e-07
-0.0008757481459125,1.242442065908814e-07
-0.0008757481459125,1.242442065908814e-07
0.0001325279740070224,3.6550195068855995
-0.0008757481446405686,1.2424420624000556e-07
-0.0008757481459124997,1.2424420788186122e-07
-0.0008757481459125,1.242442065908831e-07
-0.0008757481459125,1.2424420659088295e-07
-0.0008757481459125,1.242442065908814e-07
-0.0008757481459125,1.242442065908814e-07
-0.0008757481459124998,1.2424420678691197e-07
-0.0008757481459125,1.242442065908814e-07
-0.0008757481459125,1.2424420659089497e-07
-0.0008757481459125,1.2424420659088845e-07
-0.0008757481459125,1.242442065908814e-07
-0.0008757481459125,1.242442065908814e-07
0.0001328888876971319,3.6563279479979327
-0.0008757481395458118,1.2424420483456251e-07
-0.0008757481459123962,1.2424458326663558e-07
-0.0008757481459079464,1.2424420659134688e-07
-0.0008757481459125,1.2424420659088245e-07
-0.0008757481459125,1.242442065908814e-07
-0.0008757481459125,1.242442065908814e-07
-0.0008757481459124999,1.2424420678691205e-07
-0.0008757481459125,1.242442065908814e-07
-0.0008757481459125,1.2424420659091042e-07
-0.0008757481459125,1.2424420659088353e-07
-0.0008757481459125,1.242442065908814e-07
-0.0008757481459125,1.242442065908814e-07
126443834676.86841,-34880878.12953578
-0.0008757481227194649,1.2424420019283504e-07
-0.0008757481459124886,1.2424424834628037e-07
-0.0008757481459124998,1.2424420735786665e-07
-0.0008757481459125,1.2424420659088276e-07
-0.0008757481459125,1.242442065908814e-07
-0.0008757481459125,1.242442065908814e-07
-0.0008757481459124999,1.2424420679645366e-07
-0.0008757481459125,1.242442065908814e-07
-0.0008757481459125,1.2424420659089846e-07
-0.0008757481459125,1.2424420659088358e-07
-0.0008757481459125,1.242442065908814e-07
-0.0008757481459125,1.242442065908814e-07
0.00013360555473403027,3.6589257567369686
-0.0008757481266984798,1.2424420129048878e-07
-0.0008757481455269477,1.2424420648452266e-07
-0.0008757481459125,1.2424420659106697e-07
-0.0008757481459125,1.2424420659089295e-07
-0.0008757481459125,1.242442065908814e-07
-0.0008757481459125,1.242442065908814e-07
-0.0008757481459124999,1.2424420674961602e-07
-0.0006716219486167626,6.793437717631597e-08
-0.0008757481457232707,1.2424420653868266e-07
-0.0008757481459124051,1.242442065908605e-07
-0.0008757481459125,1.242442065908814e-07
-0.0008757481459125,1.242442065908814e-07
0.00013396646842413977,3.660234197849302
-0.0008757481459125,1.242442065908814e-07
-0.0008757481459117237,1.242470210477751e-07
-0.0008757481459124998,1.2424420659088787e-07
-0.0008757481459125,1.2424420659092358e-07
-0.0008757481459125,1.242442065908814e-07
-0.0008757481459125,1.242442065908814e-07
-0.0008757481459124999,1.2424420664379228e-07
-0.0008757481443063768,1.2424420614781515e-07
-0.0008757481459125,1.242442065908864e-07
-0.0008757481459124414,1.24244206931016e-07
-0.0008757481459125,1.242442065908814e-07
-0.0008757481459125,1.242442065908814e-07
5.848602927225622e+35,-1.6133995607299321e+32
-0.0008757481459112611,1.2424869750746358e-07
-0.0008757481459125,1.242442065908814e-07
-0.0008757481459124997,1.242442065911593e-07
-0.0008757481459125,1.242442065908814e-07
-0.0008757481459125,1.242442065908814e-07
-0.0008757481459125,1.242442065908814e-07
-0.0008757481459124999,1.2424420688578438e-07
-0.0008757481397402582,1.2425705400716212e-07
-0.0008757481459124967,1.2424421869550779e-07
-0.0008757481459124411,1.2424420659091386e-07
-0.0008757481459125,1.242442065908814e-07
-0.0008757481459125,1.242442065908814e-07
0.00013467774229577849,3.662812456265595
-0.0008757481424864443,1.2424821310694952e-07
-0.0008757481459116256,1.242473763202137e-07
-0.0008757481459125,1.2424420659088358e-07
-0.0008757481459125,1.242442065908814e-07
-0.0008757481459125,1.242442065908814e-07
-0.0008757481459125,1.242442065908814e-07
-0.0008757481459124998,1.2424420715640124e-07
-0.0008757481427988512,1.2424738959084486e-07
-0.0008757481459124999,1.2424420659089857e-07
-0.0008757481458023318,1.242442079627263e-07
-0.0008757481459125,1.242442065908814e-07
-0.0008757481459125,1.242442065908814e-07
-71.67986253909397,3.6838945900091566
-0.0008757481459125,1.242442065908814e-07
-0.0008757479612424727,1.2424417386088234e-07
-0.0008757481459125,1.242442065908814e-07
-0.0008757481459125,1.242442065908814e-07
-0.0008757481459125,1.242442065908814e-07
-0.0008757481459125,1.242442065908814e-07
-0.0008757481459124998,1.242442072188788e-07
-0.0008757001730458682,1.2423138140404536e-07
-0.0008757481459125,1.242442065909691e-07
-0.0008757481458945059,1.2424420716560367e-07
-0.0008757481459125,1.242442065908814e-07
-0.0008757481459125,1.242442065908814e-07
5.848602927225622e+35,-1.6133995607299321e+32
-0.0008757415390639057,1.242423840211579e-07
-0.0008757481459125,1.242442065908814e-07
-0.0008757481459124844,1.2424426300550972e-07
-0.0008757481459125,1.242442065908814e-07
-0.0008757481459125,1.242442065908814e-07
-0.0008757481459125,1.242442065908814e-07
-0.0008757481459125,1.242442066563706e-07
-0.0008757481459125,1.242442065908814e-07
-0.0008757481459125,1.2424420659091868e-07
-0.0008757481459111534,1.2424420659304537e-07
-0.0008757481459125,1.242442065908814e-07
-0.0008757481459125,1.242442065908814e-07
0.00013575532302278635,3.666718706116964
-0.0008757472310764115,1.431078591578018e-07
-0.0008755804643418123,1.2419794983935728e-07
-0.0008757481459125,1.242442065908814e-07
-0.0008757481459125,1.242442065908814e-07
-0.0008757481459125,1.242442065908814e-07
-0.0008757481459125,1.242442065908814e-07
-0.0008757481459125,1.2424420665160052e-07
-0.0008757481459125,1.242442065908814e-07
-0.0008757481459125,1.2424420660226866e-07
-0.0008757481459105975,1.2424420746465723e-07
-0.0008757481459125,1.242442065908814e-07
-0.0008757481459125,1.242442065908814e-07
-151996487680153.16,41929853937.516945
-0.0008757466106855019,1.2424378308212293e-07
-0.0008757481459125,1.242442065909028e-07
-0.0008757481459125,1.242442065908814e-07
-0.0008757481459125,1.242442065908814e-07
-0.0008757481459125,1.242442065908814e-07
-0.0008757481459125,1.242442065908814e-07
-0.0008757481459125,1.2424420663360096e-07
-0.0008757466031047883,1.242437809909022e-07
-0.0008757481459125,1.242442065909316e-07
-0.0008757481459125,1.2424420659092866e-07
-0.0008757481459125,1.242442065908814e-07
-0.0008757481459125,1.242442065908814e-07
0.00013646649736367598,3.6692967261146965
-0.0008757470760717692,1.2424391146389353e-07
-0.0008757481409089497,1.2424420521064438e-07
-0.0008757481459124638,1.2424433804128253e-07
-0.0008757481459125,1.2424420677485305e-07
-0.0008757481459125,1.242442065908814e-07
-0.0008757481459125,1.242442065908814e-07
-0.0008757481459125,1.2424420661495168e-07
-0.0008757481458598012,1.2443524070269182e-07
-0.0008757481459125,1.2424420659088144e-07
-0.000875748145811213,1.242442106730628e-07
-0.0008757481459125,1.242442065908814e-07
-0.0008757481459125,1.242442065908814e-07
0.0001368692338335791,3.6706054056340807
-0.0008757481459125,1.242442065908814e-07
-0.0008757481459125,1.2424420659096614e-07
-0.0008757481459125,1.242442065908814e-07
-0.0008757481459125,1.242442065908814e-07
-0.0008757481459125,1.242442065908814e-07
-0.0008757481459124914,1.2424420659087903e-07
-0.0008757481459125,1.2424420659776708e-07
-0.0008757481458988863,1.2429355674144046e-07
-0.0008757481459125,1.2424420659088147e-07
-0.0008757481459124992,1.242442065908812e-07
-0.0008757481459125,1.242442065908814e-07
-0.0008757481459125,1.242442065908814e-07
-3.218643861614858e+26,8.878972734329337e+22
-0.0008757481458678309,1.2440613290429532e-07
-0.0008757481459125,1.2424420659092715e-07
-0.000875748145852076,1.2424420657421278e-07
-0.0008757481459125,1.242442065908814e-07
-0.0008757481459125,1.242442065908814e-07
-0.0008757481459125,1.242442065908814e-07
-0.0008757481459125,1.2424420659624821e-07
-0.0008757450940973887,1.1153739692970225e-05
-0.0008757481459124999,1.2424420659088139e-07
-0.0008757481459124987,1.2424420659139972e-07
-0.0008757481459125,1.242442065908814e-07
-0.0008757481459125,1.242442065908814e-07
0.00013754407809068385,3.6732029759660656
-0.0008757480704072133,1.2424418576194194e-07
-0.0008757481459125,1.2424420659094793e-07
-0.0008757481459124891,1.2424424633686419e-07
-0.0008757481459125,1.242442065908814e-07
-0.0008757481459125,1.242442065908814e-07
-0.0008757481459125,1.242442065908814e-07
-0.0008757481459125,1.2424420659638374e-07
-0.0008757481459125,1.242442065908814e-07
-0.0008757481459125,1.242442065908814e-07
-0.0008757481459125,1.242442065961669e-07
-0.0008757481459125,1.242442065908814e-07
-0.0008757481459125,1.242442065908814e-07
1.9023204858102726e+17,-52477541634537.94
-0.0008757449293893525,1.2424331927862958e-07
-0.0008757481459058184,1.2426842757975697e-07
-0.0008757481459124831,1.2424426790564257e-07
-0.0008757481459125,1.242442065908814e-07
-0.0008757481459125,1.242442065908814e-07
-0.0008757481459125,1.242442065908814e-07
-0.0008757481459125,1.2424420659603235e-07
4.96918631860481,-0.0013709204403228661
-0.0008757481459125,1.2424420659088152e-07
-0.0008757481459124999,1.2424420659258956e-07
-0.0008757481459125,1.242442065908814e-07
-0.0008757481459125,1.242442065908814e-07
0.0001382553182018815,3.6757812343823684
-0.0008757469378286908,1.242438733280644e-07
-0.0008757481459125,1.2424420659088967e-07
-0.0008757481459125,1.2424420659123558e-07
-0.0008757481459125,1.242442065908814e-07
-0.0008757481459125,1.242442065908814e-07
1.6825163840889639e+22,-4.641401081228382e+18
-0.0008757481459125,1.2424420659744182e-07
10.439250273679313,-0.002879895984071792
-0.0008757481459125,1.2424420663317782e-07
-0.0008757481459124999,1.2424420659088139e-07
-0.0008757481459125,1.242442065908814e-07
-0.0008757481459125,1.242442065908814e-07
0.00013861626565240843,3.6770896754946922
-0.000875748062221796,1.242441835039072e-07
-0.0008757481459125,1.242442065908814e-07
-0.0008757481459124623,1.2424420659137605e-07
-0.0008757481459125,1.242442065908814e-07
-0.0008757481459125,1.2424420659088218e-07
-0.0008757481459125,1.242442065908814e-07
-0.0008757481459125,1.2424420660324328e-07
21.754372447514058,-0.0060012932428750035
-0.0008757481459125,1.242442065908814e-07
-0.0008757481459125,1.242442065908814e-07
-0.0008757481459125,1.242442065908814e-07
-0.0008757481459125,1.242442065908814e-07
1.9023204858102726e+17,-52477541634537.93
-0.0008757478675382981,1.242441297983857e-07
-0.0008757481459125,1.24244206590882e-07
-0.0008757481459124995,1.2424420659090288e-07
-0.0008757481459125,1.242442065908814e-07
-0.0008757481459125,1.242442065908814e-07
-0.0008757481459125,1.242442065908814e-07
-0.0008757481459125,1.2424420668325846e-07
51.50961652408047,-0.014209595006543733
-0.000875635896443055,1.2421324142270759e-07
-0.0008757481459124554,1.2424420659086908e-07
-0.0008757481459125,1.242442065908814e-07
-0.0008757481459125,1.242442065908814e-07
0.00013933289892888937,3.679687484233737
-0.0008757477693817078,1.242441027208423e-07
-0.0008757481459125,1.242442065908814e-07
-0.0008757481459125,1.2424420659095132e-07
-0.0008757481459125,1.242442065908814e-07
-0.0008757481459125,1.242442065908814e-07
-0.0008757481459125,1.242442065908814e-07
-0.0008757481459125,1.242442066997384e-07
-0.0008757481459124998,1.2424420659088438e-07
-0.0008755310973691824,1.2418433143289544e-07
-0.0008757481459124999,1.2424420659088139e-07
-0.0008757481459125,1.242442065908814e-07
-0.0008757481459125,1.242442065908814e-07
8.963962743007315e-05,3.6809763888298215
-0.0008757481457338944,1.2424438154809794e-07
-0.0008757481459124973,1.242442065966012e-07
-0.0008757481459124734,1.2424430298772657e-07
-0.0008757481459125,1.242442065908814e-07
-0.0008757481459125,1.242442065908814e-07
-0.0008757481459125,1.242442065908814e-07
-0.0008757481459124998,1.2424420722244736e-07
-0.0008757481459125,1.2424420659088544e-07
-0.0008757481459124755,1.2424420659094457e-07
-0.0008757481237435676,1.242442004753447e-07
-0.0008757481459125,1.242442065908814e-07
-0.0008757481459125,1.242442065908814e-07
1.9023204858102726e+17,-52477541634537.93
-0.0008757469742089216,1.242438833642411e-07
-0.0008757481459125,1.242442065908814e-07
-0.0008757481459125,1.242442065908814e-07
-0.0008757481459125,1.242442065908814e-07
-0.0008757481459125,1.242442065908814e-07
-0.0008757481459125,1.242442065908814e-07
-0.0008757481459124999,1.2424420700033889e-07
-0.0008757481459125,1.2424420659088946e-07
-0.0008757481459124999,1.2424420660178077e-07
-0.0008757481459116498,1.2424420659064686e-07
-0.0008757481459125,1.242442065908814e-07
-0.0008757481457739985,1.2474627712357782e-07
0.00014040508649063737,3.6835741837623637
-0.0008757481459125,1.2424420659116948e-07
-0.0008757481459125,1.2424420659097842e-07
-0.0008757481459125,1.242442065908814e-07
-0.0008757481459125,1.242442065908814e-07
-0.0008757481459125,1.242442065908814e-07
-0.0008757481459125,1.2424420659088978e-07
-0.0008757481459124998,1.2424420687190656e-07
-0.0008757481459125,1.2424420659107626e-07
-0.0008757481459124926,1.2424420659088155e-07
-0.0008757481459125,1.242442065908814e-07
-0.0008757481459125,1.242442065908814e-07
-0.0008757481459125,1.2424420662037346e-07
9.071720815708101e-05,3.6848826386811906
-0.0008757481459124997,1.242442065911592e-07
-0.0008757481459125,1.24244206590884e-07
-0.0008757481459125,1.242442065908814e-07
-0.0008757481459125,1.242442065908814e-07
-0.0008757481459125,1.242442065908814e-07
-0.0008757481459125,1.242442065908814e-07
-0.0008757481459125,1.2424420673142543e-07
-0.0008757481459124998,1.2424420659254184e-07
-0.0008757481459125,1.242442065908814e-07
-0.0008757481459125,1.242442065908814e-07
-0.0008757481459125,1.242442065908814e-07
-0.0008757481459125,1.242442065908814e-07
1.9023204858102726e+17,-52477541634537.92
-0.0008757481459124998,1.242442065909087e-07
-0.0008757481459125,1.242442065908814e-07
-0.000875748145912455,1.2424420659086897e-07
-0.0008757481459125,1.242442065908814e-07
-0.0008757481459125,1.2424420659088192e-07
-0.0008757481459125,1.242442065908814e-07
-0.0008757481459125,1.242442065908814e-07
-0.000875748145912499,1.2424420659089176e-07
-0.0008757481459125,1.2424420659088252e-07
-0.0008757481459125,1.242442065908814e-07
-0.0008757481459125,1.242442065908814e-07
-0.0008757481459125,1.242442065908814e-07
0.0001414772740796704,3.6874608832909903
-0.0008757481459124999,1.2424420659094452e-07
-0.0008757481459125,1.2424420659097504e-07
-0.0008757481459125,1.242442065908814e-07
-0.0008757481459125,1.242442065908814e-07
-0.0008757481459125,1.242442065908814e-07
-0.0008757481459125,1.242442065908814e-07
-0.0008757481459125,1.242442065910068e-07
-0.0008757481459125,1.242442065909403e-07
-0.0008757481459124999,1.2424420662905785e-07
-0.0008757481459125,1.242442065908814e-07
-0.0008757481459125,1.242442065908814e-07
-0.0008757481459125,1.242442065908814e-07
-107374179.91431831,29624.002691012476
-0.0008757481459124999,1.2424420659088139e-07
-0.0008757481459124993,1.2424420659092503e-07
-0.0008757481459124989,1.2424420659088107e-07
-0.0008757481459125,1.242442065908814e-07
-0.0008757481459125,1.242442065908814e-07
-0.0008757481459125,1.242442065908814e-07
-0.0008757481459125,1.242442065908814e-07
-0.0008757481459125,1.242442065918507e-07
-0.0008757481459125,1.242442065909046e-07
-0.0008757481459125,1.242442065908814e-07
1.0847847031289317e+22,-2.9924944218174157e+18
-0.0008757481459125,1.242442065908814e-07
0.00014219384155853487,3.6900584536114653
-0.0008757481459124999,1.2424420659090066e-07
-0.0008757481459124983,1.2424420659088115e-07
-0.0008757481459125,1.242442065908814e-07
-0.0008757481459125,1.242442065908814e-07
-0.0008757481459125,1.242442065908814e-07
-0.0008757481459125,1.242442065908814e-07
-0.0008757481459125,1.242442065908814e-07
-0.0008757481459125,1.2424420659165407e-07
-0.0008757481459124991,1.2424420659268443e-07
-0.0008757481459125,1.242442065908814e-07
-0.0008757481459125,1.242442065908814e-07
-0.0008757481459125,1.242442065908814e-07
0.00014255485480667827,3.691367133142359
-0.0008757475600603778,1.242440449773535e-07
-0.0008757481459125,1.2424420659088155e-07
-0.0008757481459124994,1.2424420659088123e-07
-0.0008757481459125,1.242442065908814e-07
-0.0008757481459125,1.242442065908814e-07
-0.0008757481459124886,1.2424420659087824e-07
-0.0008757481459125,1.242442065908814e-07
-0.0008757481459122936,1.2424420659082554e-07
-0.0008757481459125,1.242442065908814e-07
-0.0008757481459125,1.242442065908814e-07
-0.0008757481459125,1.242442065908814e-07
-0.0008732561045731188,0.009033819695120465
-2.3021534883605417e+20,6.3507361896009464e+16
-0.000875748145912271,1.2424420659094785e-07
-0.0008757481459125,1.2424420659088162e-07
-0.0008757481459125,1.242442065908814e-07
-0.0008757481459125,1.242442065908814e-07
-0.0008757481459125,1.242442065908814e-07
1.077423425100506e+22,3.905679629076751e+25
-0.0008757481459125,1.242442065908814e-07
-0.0008757481459125,1.2424420659151174e-07
-0.0008757481459125,1.242442065908814e-07
-0.0008757481459125,1.242442065908814e-07
-0.0008757481459125,1.242442065908814e-07
-0.0008737205382830268,1.2368486937831455e-07
0.00014326602912028308,3.693945153140092
-0.0008757481293099099,1.2424420201087964e-07
-0.0008757481459125,1.242442065908814e-07
-0.0008757481459125,1.242442065908814e-07
-0.0008757481459125,1.242442065908814e-07
-0.0008757481459125,1.2424420659091233e-07
-0.0008757481459042727,1.2427403108331585e-07
-0.0008757481459125,1.242442065908814e-07
-0.0008757481459124999,1.242442065912152e-07
-0.0008757481459125,1.242442065908814e-07
-0.0008757481459125,1.242442065908814e-07
-0.0008757481459125,1.242442065908814e-07
-0.0008757481459125,1.242442065908814e-07
0.058893624657918225,3.6952376258568926
-0.000875748142131339,1.2424420554780777e-07
-0.0008757469159312079,1.2424386728740996e-07
-0.0008757481459125,1.242442065908814e-07
-0.0008757481459125,1.242442065908814e-07
-0.0008757481459125,1.242442065908814e-07
-0.0008757481459125,1.242442065908814e-07
-0.0008757481459125,1.242442065908814e-07
-0.0008757481459125,1.2424420659096148e-07
-0.0008757481459125,1.242442065908814e-07
-0.0008757481459125,1.242442065908814e-07
-0.0008757481459125,1.242442065908814e-07
-0.0008757481459125,1.242442065908814e-07
-4.932681766024734e+32,1.3607329294792867e+29
-0.000875748145912475,1.242442065908745e-07
-0.0008757481459124999,1.2424420660346086e-07
-0.0008757481459125,1.242442065908814e-07
-0.0008757481459125,1.242442065908814e-07
-0.0008757481459125,1.242442065908814e-07
4.2437882107681193e+21,-1.170694287213664e+18
-0.0008757481459125,1.242442065908814e-07
-0.0008757468507920941,1.242438493181095e-07
-0.0008757481459125,1.242442065908814e-07
-0.0008757481459125,1.242442065908814e-07
2240.2502597144185,-0.6179970697616773
-0.0008757481459125,1.2424420663165168e-07
0.00014434360984729095,3.6978514029914606
-0.0008757481455611504,1.2551778933719784e-07
-0.0008757481459125,1.2424420660329825e-07
-0.0008757481459125,1.242442065908814e-07
-0.0008757481459125,1.242442065908814e-07
-0.0008757481459125,1.242442065908814e-07
-0.0008757481459125,1.242442065908814e-07
-0.0008757481459125,1.242442065908814e-07
-0.0008757472142842055,1.242439495912838e-07
-0.0008757481459125,1.242442065908814e-07
-0.0008757481459125,1.242442065908814e-07
0.007731171545390181,-2.2500664829831135e-06
35976673959.10266,-9924549.620549358
0.05889470223864523,3.6991438757082613
-0.0008757481459124902,1.242442065908787e-07
-0.0008757481459125,1.2424420659095513e-07
-0.0008757481459125,1.242442065908814e-07
-0.0008757481459125,1.242442065908814e-07
-0.0008757481459125,1.242442065908814e-07
-0.0008757481459125,1.242442065908814e-07
-0.0008757481459125,1.242442065908814e-07
-0.0008757481459125,1.242442065908814e-07
-0.0008757481459125,1.242442065908814e-07
-0.0008757481459125,1.242442065908814e-07
-0.0008421273585923916,1.1496955345258248e-07
-0.0008757481459125,1.242442065908814e-07
0.0001450548499584886,3.7004296614077634
-0.000854999350471527,0.07521488734825683
-0.0008757481459125,1.242442065908814e-07
-0.0008757481459125,1.242442065908814e-07
-0.0008757481459125,1.242442065908814e-07
-0.0008757481459125,1.242442065908814e-07
-0.000875748145912498,1.2424421388461325e-07
-0.0008757481459125,1.242442065908814e-07
-0.0008757481459125,1.242442065908814e-07
-0.0008757481459124999,1.2424420659088139e-07
-0.0008757481459125,1.242442065908814e-07
-0.0008757481382377402,1.2424420447371698e-07
-0.0008757481459125,1.242442065908814e-07
0.0001454157636485981,3.7017381025200966
-0.0008757481459125,1.242442065908814e-07
-0.0008757481459125,1.2424420659267103e-07
-0.0008757481459125,1.242442065908814e-07
-0.0008757481459125,1.242442065908814e-07
-0.0008757481459125,1.242442065908814e-07
-0.0008757481459125,1.242442065908814e-07
-0.0008757481459125,1.242442065908814e-07
-0.0008757481459125,1.242442065908814e-07
-0.0008757481459125,1.242442065908814e-07
-0.0008757481459125,1.242442065908814e-07
-0.0008757476365948758,1.24244066090177e-07
-0.0008757481459125,1.242442065908814e-07
2.720082918577375e+23,-7.503639143551025e+19
-0.0008757481449814204,1.2424420633403315e-07
-0.0008757481459125,1.242442065930776e-07
-0.0008757481459125,1.242442065908814e-07
-0.0008757481459125,1.242442065908814e-07
-0.0008757481459125,1.242442065908814e-07
-0.0008757481459124981,1.242442138098033e-07
-0.0008757481459125,1.242442065908814e-07
-0.0008757481459125,1.242442065908814e-07
-0.0008757481459125,1.242442065908814e-07
-0.0008757481459125,1.242442065908814e-07
-0.0008757481458807442,1.242442065821212e-07
2.7691521130942444e+18,1.0038227075783255e+22
0.00014613243068549648,3.7043359112591325
-0.0008757481449601038,1.2424420632815276e-07
-0.0008757481459125,1.242442065908814e-07
-0.0008757481459125,1.242442065908814e-07
-0.0008757481459125,1.242442065908814e-07
-0.0008757481459125,1.242442065908814e-07
-0.0008757481459125,1.242442065908814e-07
-0.0008757481459125,1.242442065908814e-07
-0.0008757481459125,1.242442065908814e-07
-0.0008757481459125,1.242442065908814e-07
-0.0008757481459125,1.242442065908814e-07
-0.0008757481459125,1.242442065908814e-07
-0.0008757481459125,1.242442065908814e-07
0.00014649334437560598,3.7056443523714653
-0.0008757480951995612,1.2424419260117578e-07
-0.0008757481459125,1.2424420659088766e-07
-0.0008757481459125,1.242442065908814e-07
-0.0008757481459125,1.242442065908814e-07
-0.0008757481459125,1.242442065908814e-07
-0.0008757481459125,1.242442065908814e-07
-0.0008757481459125,1.242442065908814e-07
-0.0008757481459124994,1.2424420659088125e-07
-0.0008757481459125,1.242442065908814e-07
-0.0008757481459125,1.242442065908814e-07
-0.0008757481459125,1.242442065908814e-07
-0.0008757481459125,1.2424420659088144e-07
5.848602927225622e+35,-1.6133995607299321e+32
-0.0008757481459124994,1.2424420659155899e-07
-0.0008757481459125,1.242442065908814e-07
-0.0008757481459125,1.242442065908814e-07
-0.0008757481459125,1.242442065908814e-07
-0.0008757481459125,1.242442065908814e-07
-0.0008757481459125,1.242442065908814e-07
-0.0008757481459125,1.242442065908814e-07
-0.0008757481459125,1.242442065908814e-07
-0.0008757481459125,1.242442065908814e-07
-0.0008757481459125,1.242442065908814e-07
-0.0008757481459125,1.242442065908814e-07
-0.0008757481459125,1.242442065908814e-07
0.0001472046182472447,3.7082226107877587
-0.0008757481205560358,1.2424419959639772e-07
-0.0008757481459125,1.242442065908814e-07
-0.0008757481459125,1.242442065908814e-07
-0.0008757481459125,1.242442065908814e-07
2.910997386809414e+18,1.0552418788274074e+22
0.06313407080485024,232.036764976989
-0.0008757481459125,1.242442065908814e-07
-0.0008757481459125,1.242442065908814e-07
-0.0008757481459125,1.242442065908814e-07
-0.0008757481459125,1.242442065908814e-07
9758175810977.746,-2691896981.699403
-0.0008757481459125,1.242442065908814e-07
-71.67985001221803,3.7293047445313205
-0.0008757481459124998,1.2424420659088133e-07
-0.0008757481459125,1.242442065908814e-07
-0.0008757481459125,1.242442065908814e-07
-0.0008757481459125,1.242442065908814e-07
-0.0008757481459125,1.2424420659091127e-07
-0.0008757481366611885,1.5778038004096805e-07
-0.0008757481459125,1.242442065908814e-07
-0.0008757481459124998,1.2424420659088136e-07
-0.0008757481459125,1.242442065908814e-07
-0.0008757481459125,1.242442065908814e-07
-0.0008757481459125,1.242442065908814e-07
9.968365524348928e+21,1.7414557549948112e+22
5.848602927225622e+35,-1.6133995607299321e+32
-0.0008757481145948187,2.3555575949173618e-07
-0.0008756498693862144,1.2421709596185092e-07
-0.0008757481459125,1.242442065908814e-07
-0.0008757481459125,1.242442065908814e-07
-0.0008757481459125,1.242442065908814e-07
-0.0008757481459125,1.242442065908814e-07
-0.0008757481459125,1.242442065908814e-07
-0.0008756405301315193,2.2761204166602127e-07
-0.0008757481459125,1.242442065908814e-07
-0.0008757481459125,1.242442065908814e-07
-0.0008757481459125,1.242442065908814e-07
-0.0008757481459125,1.242442065908814e-07
0.00014828219897425256,3.712128860639128
-0.0008757481455091999,1.2424420647962676e-07
-0.0008757481459125,1.2424420659088795e-07
-0.0008757481459125,1.242442065908814e-07
-0.0008757481459125,1.242442065908814e-07
-0.0008757481459125,1.242442065908814e-07
1.0564626920499455e+22,-2.9143651304252564e+18
-0.0008757481459125,1.242442065908814e-07
-0.0008757481459125,1.242442065908814e-07
-0.0008757481459125,1.242442065908814e-07
-0.0008757481459125,1.242442065908814e-07
-0.0008757481459125,1.242442065908814e-07
1.0511388046571422e+22,1.741401593820523e+22
-151996487680153.16,41929853937.562355
-0.0008757481454540655,1.2424420646449234e-07
-0.0008757481459125,1.242442065908857e-07
-0.0008757481459125,1.242442065908814e-07
-0.0008757481459125,1.242442065908814e-07
-0.0008757481459125,1.242442065908814e-07
-0.0008757481457809635,1.2472102926517973e-07
-0.0008757481459125,1.242442065908814e-07
-0.0008757481459125,1.2424420659088139e-07
-0.0008757481459125,1.242442065908814e-07
-0.0008757481459125,1.242442065908814e-07
-0.0008757481459125,1.242442065908814e-07
-0.0008757481459125,1.242442065908814e-07
0.0001489933733151422,3.7147068806368604
-0.0008757481330637343,1.2424420304641217e-07
-0.0008757478806729225,1.0857425282713868e-06
-0.0008757481459125,1.242442065908814e-07
-0.0008757481459125,1.242442065908814e-07
-0.0008757481459125,1.242442065908814e-07
-0.0008757481457809752,1.247209866326172e-07
-0.0008757481459125,1.242442065908814e-07
-0.0008757481459125,1.242442065908814e-07
-0.0008757481459125,1.242442065908814e-07
-0.0008757481459125,1.242442065908814e-07
-0.0008757481459125,1.242442065908814e-07
-0.0008757481459125,1.2424420659107964e-07
0.0001493961097850453,3.716015560156244
-0.0008757481362469733,1.2424420392458165e-07
-0.0008757481459124998,1.2424420732657768e-07
-0.0008757481459125,1.242442065908814e-07
-0.0008757481459125,1.242442065908814e-07
-0.0008757481459125,1.242442065908814e-07
-0.0008757481459125,1.242442065908814e-07
-0.0008757481459125,1.242442065908814e-07
-0.0008757481459125,1.242442065908814e-07
-0.0008757481459124999,1.2424420659088139e-07
-0.0008757481459125,1.242442065908814e-07
-0.0008757481459125,1.242442065908814e-07
-0.0008757481459125,1.242442065908814e-07
-151996487680153.16,41929853937.56626
-0.0008757481391470609,1.2424420472456282e-07
-0.0008757481459125,1.242442065908814e-07
-0.0008757481459125,1.242442065908814e-07
-0.0008757481459125,1.242442065908814e-07
-0.0008757481459125,1.242442065908814e-07
-0.0008757481459125,1.242442065908814e-07
-0.0008757481459125,1.242442065908814e-07
-0.0008757481459125,1.242442065908814e-07
-0.0008757481459125,1.242442065908814e-07
-0.0008757481459125,1.242442065908814e-07
2.5090484251572164e+21,-6.92147796212088e+17
4.68187581232665e+18,1.6971885481667143e+22
0.00015007095404214984,3.7186131304882295
-0.0008757481459125,1.242442065908814e-07
-0.0008757481459125,1.242442065908814e-07
-0.0008757481459125,1.242442065908814e-07
-0.0008757481459125,1.242442065908814e-07
-0.0008757481459125,1.242442065908814e-07
-0.0008757481457805835,1.247224063302559e-07
-0.0008757481459125,1.242442065908814e-07
-0.0008757481459125,1.242442065908814e-07
-0.0008757481459125,1.242442065908814e-07
-0.0008757481459125,1.242442065908814e-07
-0.0008757481459125,1.242442065908814e-07
-0.0008757481459125,1.242442065908814e-07
1.9023204858102726e+17,-52477541634537.89
-0.0008757481459125,1.242442065908814e-07
-0.0008757481459125,1.2424420659092207e-07
-0.0008757481459125,1.242442065908814e-07
-0.0008757481459125,1.242442065908814e-07
-0.0008757481459125,1.242442065908814e-07
-0.0008630830680459323,0.0459112632372259
-0.0008757481459125,1.2424420663469102e-07
-0.0008757481459125,1.242442065908814e-07
-0.0008757481459125,1.242442065908814e-07
-0.0008757481459125,1.242442065908814e-07
-0.0008757481459125,1.242442065908814e-07
-0.0008757481459125,1.2424420659088226e-07
0.00015078219415334772,3.7211913889045323
-0.0008757481437092808,1.2424420598311044e-07
-0.0008757481459123474,1.2424420659087255e-07
-0.0008757481459125,1.242442065908814e-07
-0.0008757481459125,1.242442065908814e-07
-0.0008757481459125,1.242442065908814e-07
-0.0008757481058193902,2.69582463374824e-07
-0.0008757481459125,1.2424420663685942e-07
-0.0008757481459125,1.242442065908814e-07
-0.0008757481459125,1.242442065908814e-07
-0.0008757481459125,1.242442065908814e-07
-0.0008757481459125,1.242442065908814e-07
-0.000875744804212878,1.223796647813438e-05
0.00015114314160387464,3.7224998300168557
-0.0008757481432403219,1.2424420585373254e-07
-0.0008757481459123509,1.2424420659085656e-07
-0.0008757481459125,1.242442065908814e-07
-0.0008757481459125,1.242442065908814e-07
-0.0008757481459125,1.242442065908814e-07
695961463685472.8,2.5228730395250376e+18
-0.0008757481459125,1.2424420659088988e-07
-0.0008757481459125,1.242442065908814e-07
-0.0008757481459125,1.242442065908814e-07
-0.0008757481459125,1.242442065908814e-07
-0.0008757481459125,1.242442065908814e-07
-0.0008757481459125,1.242442065908814e-07
1.9023204858102726e+17,-52477541634537.88
-0.0008757481459125,1.2424420659088792e-07
-0.0008757481459125,1.2424420659089878e-07
-0.0008757481459125,1.242442065908814e-07
-0.0008757481459125,1.242442065908814e-07
-0.0008757481459125,1.242442065908814e-07
-0.0008757481459125,1.2424420659088152e-07
-0.0008757481459125,1.2424420663230577e-07
-0.0008757481459125,1.242442065908814e-07
-0.0008757481459125,1.242442065908814e-07
-0.0008757481459125,1.242442065908814e-07
-0.0008757481459125,1.242442065908814e-07
53.95642313528742,195596.1956827759
0.00015185977488035537,3.725097638755901
-0.0008757481443206168,1.2424420615174817e-07
-0.0008757481459125,1.242442065909046e-07
-0.0008757481459125,1.242442065908814e-07
-0.0008757481459125,1.242442065908814e-07
-0.0008757481459125,1.242442065908814e-07
649518587.3715353,2354516763147.683
-0.0008757481459124999,1.242442066362089e-07
-0.0008757481459125,1.242442065908814e-07
-0.0008757481459125,1.242442065908814e-07
-0.0008757481459125,1.242442065908814e-07
-0.0008757481459125,1.242442065908814e-07
-0.0008757481459125,1.242442065908814e-07
0.00010216650338153936,3.7263865433519854
-0.0008757481443774604,1.2424420616742728e-07
-0.0008757481459125,1.242442065908814e-07
-0.0008757481459125,1.242442065908814e-07
-0.0008757481459125,1.242442065908814e-07
-0.000875748108138829,2.6117445518309386e-07
-0.0008757481459125,1.2424420670887665e-07
-0.0008757481459124999,1.2424420662363215e-07
-0.0008757481459125,1.242442065908814e-07
-0.0008757481459125,1.242442065908814e-07
-0.0008757481459125,1.242442065908814e-07
-0.0008757481459125,1.242442065908814e-07
3.867020510754426e+19,-1.0667588945629484e+16
1.9023204858102726e+17,-52477541634537.88
-0.0008757481459125,1.2424420659088382e-07
-0.0008757481459125,1.2424420659089814e-07
-0.0008757481459125,1.242442065908814e-07
-0.0008757481459125,1.242442065908814e-07
-0.0008757481459125,1.242442065908814e-07
-0.0008757481459124994,1.2424420911720196e-07
-0.0008757481459124999,1.2424420662276477e-07
-0.0008757481459125,1.242442065908814e-07
-0.0008757481459125,1.2424420659088144e-07
-0.0008757481459125,1.242442065908814e-07
-0.0008757481459125,1.242442065908814e-07
-0.0008757481459125,1.242442065908814e-07
0.00015293196244210358,3.7289843382845276
-0.0008757481448890509,1.242442063085541e-07
-0.0008757481459125,1.242442065908974e-07
-0.0008757481459125,1.242442065908814e-07
-0.0008757481459125,1.242442065908814e-07
-0.0008757481459125,1.242442065908814e-07
-0.0008757481459125,1.2424420659088443e-07
-0.0008757481459125,1.2424420661733986e-07
-0.0008757481459125,1.242442065908814e-07
-0.0008757481459125,1.2424420659088147e-07
-0.0008757481459125,1.242442065908814e-07
-0.0008757481459125,1.242442065908814e-07
-0.0008757481459125,1.242442065908814e-07
0.00010324408410854722,3.7302927932033545
-0.0008757481448961555,1.2424420631051348e-07
-0.0008757481459125,1.242442065908814e-07
-0.0008757481459125,1.242442065908814e-07
-0.0008757481459125,1.242442065908814e-07
-0.0008757481459125,1.242442065908814e-07
154.9050606369326,561536.8536338964
-0.0008757481459125,1.242442065908836e-07
-0.0008757481459125,1.242442065908814e-07
-0.0008757481459125,1.242442065908814e-07
-0.0008757481459125,1.242442065908814e-07
-0.0008757481459125,1.242442065908814e-07
-0.0008757481459125,1.242442065908814e-07
1.9023204858102726e+17,-52477541634537.875
-0.0008757481448748381,1.2424420630463264e-07
-0.0008757481459125,1.242442065908814e-07
-0.0008757481459125,1.242442065908814e-07
-0.0008757481459125,1.242442065908814e-07
-0.0008757481459125,1.242442065908814e-07
1.772307444577159e+20,6.42464691363135e+23
-0.0008757481459125,1.2424420661365358e-07
-0.0008757481459125,1.242442065908814e-07
-0.0008757481459125,1.242442065908814e-07
-0.0008757481459125,1.242442065908814e-07
-0.0008757481459125,1.242442065908814e-07
-0.0008757481459125,1.242442065908814e-07
0.00015400415003113661,3.7328710378131538
-0.0008757481448535227,1.2424420629875227e-07
-0.0008757481459125,1.2424420659088237e-07
-0.0008757481459125,1.242442065908814e-07
-0.0008757481459125,1.242442065908814e-07
-0.0008757481459125,1.242442065908814e-07
-0.0008757481458447983,1.243679803042932e-07
-0.0008757481459125,1.242442066148462e-07
-0.0008757481459125,1.242442065908814e-07
-0.0008757481459125,1.242442065908814e-07
-0.0008757481459125,1.242442065908814e-07
-0.0008757481459125,1.242442065908814e-07
-0.0008757481459125,1.242442065908814e-07
-107374179.91430578,29624.048101166998
-0.0008757481459125,1.242442065908814e-07
-0.0008757481459125,1.242442065908814e-07
-0.0008757481459125,1.242442065908814e-07
-0.0008757481459125,1.242442065908814e-07
711275156276293.2,2.5783854553538765e+18
3.0422588113481936e+23,1.102824385385299e+27
-0.0008757481459125,1.242442065908814e-07
-0.0008757481459125,1.242442065908814e-07
-0.0008757481459125,1.242442065908814e-07
-0.0008757481459125,1.242442065908814e-07
1.0719018191150545e+22,-2.956955610809803e+18
-0.0008757481459125,1.2424420659088144e-07
0.00015472071751000108,3.7354686081336292
-0.0008757481459125,1.242442065908814e-07
-0.0008757481459125,1.242442065908957e-07
-0.0008757481459125,1.242442065908814e-07
-0.0008757481459125,1.242442065908814e-07
-0.0008757481459124602,1.242442065908704e-07
-0.0008757481458755474,1.2425247109420783e-07
-0.0008757481459125,1.242442065908814e-07
-0.0008757481459125,1.242442065908814e-07
-0.0008757481459125,1.242442065908814e-07
-0.0008757481459125,1.242442065908814e-07
-0.0008757481459125,1.242442065908814e-07
-0.0008757481459125,1.242442065908814e-07
0.00015508173075814448,3.736777287664523
-0.0008757481459125,1.24244206590882e-07
-0.0008757481459125,1.242442065908814e-07
-0.0008757481459125,1.242442065908814e-07
-0.0008757481459125,1.242442065908814e-07
-0.0008757481459124999,1.2424420708044038e-07
-0.0008757481459125,1.2424420659088332e-07
-0.0008757481459125,1.242442066073652e-07
-0.0008757481459125,1.242442065908814e-07
-0.0008757481459125,1.242442065908814e-07
-0.0008757481459125,1.242442065908814e-07
-0.0008757481459125,1.242442065908814e-07
9.962403349441997e+21,-2.7482353286426245e+18
-2.3021534883605417e+20,6.3507361896009464e+16
-0.0008757481453510364,1.2424420643599614e-07
-0.0008757481459125,1.242442065908814e-07
-0.0008757481459125,1.242442065908814e-07
-0.0008757481459125,1.242442065908814e-07
-0.0008757481459125,1.242442065908814e-07
-0.0008757481459125,1.242442065980041e-07
-0.0008757481459125,1.2424420660877467e-07
-0.0008757481459125,1.242442065908814e-07
-0.0008757481459125,1.242442065908814e-07
-0.0008757481459125,1.242442065908814e-07
-0.0008757481459125,1.242442065908814e-07
-0.0008757481459125,1.2424420659088152e-07
0.0001557929050717493,3.7393553076622554
-0.0008757481454185381,1.2424420645461713e-07
-0.0008757481459125,1.242442065908814e-07
-0.0008757481459125,1.242442065908814e-07
-0.0008757481459125,1.242442065908814e-07
-0.0008757481459125,1.242442065908814e-07
-0.0008757481459125,1.242442065908814e-07
-0.0008757481459125,1.2424420660693152e-07
-0.0008757481459125,1.242442065908814e-07
-0.0008757481459125,1.242442065908814e-07
-0.0008757481459125,1.242442065908814e-07
-0.0008757481459125,1.242442065908814e-07
2.7724359970055516e+18,1.0050131215045355e+22
0.05890615153386969,3.7406477803790565
-0.0008757481455482797,1.2424420649040766e-07
-0.0008757481459125,1.242442065908814e-07
-0.0008757481459125,1.242442065908814e-07
-0.0008757481459125,1.242442065908814e-07
-0.0008757481459125,1.242442065908814e-07
-0.0008757481459125,1.242442065908814e-07
-0.0008757481459125,1.2424420660552206e-07
-0.0008757481459125,1.242442065908814e-07
-0.0008757481459125,1.242442065908814e-07
-0.0008757481459125,1.242442065908814e-07
-0.0008757481459125,1.242442065908814e-07
-0.0008757481459125,1.242442065908814e-07
-4.932681766024734e+32,1.3607329294792867e+29
-0.0008757481455376215,1.2424420648746716e-07
-0.0008757481459125,1.242442065909081e-07
-0.0008757481459125,1.242442065908814e-07
-0.0008757481459125,1.242442065908814e-07
-0.0008757481459125,1.242442065908814e-07
-0.0008757481459125,1.242442065908814e-07
-0.0008757481459125,1.2424420659917752e-07
-0.0008757481459125,1.242442065908814e-07
-0.0008757481459125,1.242442065908814e-07
-0.0008757481459125,1.242442065908814e-07
-0.0008757481459125,1.242442065908814e-07
2.490458973977635e+21,-6.87019697631873e+17
0.00015687048579875716,3.7432615575136245
-0.0008757481457152908,1.2424420653647913e-07
-0.0008757481459125,1.2424420659091148e-07
-0.0008757481459125,1.242442065908814e-07
-0.0008757481459125,1.242442065908814e-07
-0.0008757481459125,1.242442065908814e-07
1.151452949546079e+22,-3.176405897468036e+18
-0.0008757481459125,1.242442066023217e-07
-0.0008757481459125,1.242442065908814e-07
-0.0008757481459125,1.242442065908814e-07
-0.0008757481459125,1.242442065908814e-07
-0.0008757481459125,1.242442065908814e-07
-0.0008757481459125,1.2424420659088324e-07
0.0589072291145967,3.744554030230425
-0.000875748145751706,1.2424420654652486e-07
-0.0008757481459125,1.242442065908814e-07
-0.0008757481459125,1.242442065908814e-07
-0.0008757481459125,1.242442065908814e-07
-0.0008757481459125,1.2424420659885138e-07
-0.0008757481370238233,1.56465822739125e-07
-0.0008757481459125,1.242442065908814e-07
-0.0008757481459125,1.242442065908814e-07
-0.0008757481459125,1.242442065908814e-07
-0.0008757481459125,1.242442065908814e-07
-0.0008757481459125,1.242442065908814e-07
-0.0008757481459125,1.242442065908814e-07
-4.932681766024734e+32,1.3607329294792867e+29
-0.0008757481459125,1.242442065908814e-07
-0.0008757481459125,1.242442065908814e-07
-0.0008757481459125,1.242442065908814e-07
-0.0008757481459125,1.242442065908814e-07
2.5594638716849962,9281.27796728824
-0.0008757481459125,1.2424420659088152e-07
-0.0008757481459125,1.2424420659654735e-07
-0.0008757481459125,1.242442065908842e-07
-0.0008757481459125,1.242442065908814e-07
-0.0008757481459125,1.242442065908814e-07
-0.0008757481459125,1.242442065908814e-07
-0.0008757481459125,1.242442065908814e-07
0.00015794263960006432,3.7471482570422605
-0.0008757481458365439,1.242442065699281e-07
-0.0008757481459125,1.242442065908814e-07
-0.0008757481459125,1.242442065908814e-07
-0.0008757481459125,1.242442065908814e-07
-0.0008757481459125,1.242442065908814e-07
165058845127.80963,598341333588962.1
-0.0008757481459125,1.2424420659643893e-07
-0.0008757481459125,1.242442065908814e-07
-0.0008757481459125,1.242442065908814e-07
-0.0008757481459125,1.242442065908814e-07
-0.0008757481459125,1.242442065908814e-07
-0.0008757481459125,1.242442065908814e-07
2.720082918577375e+23,-7.503639143551025e+19
-0.0008757481459125,1.242442065908814e-07
-0.0008757481459125,1.242442065908814e-07
-0.0008757481459125,1.242442065908814e-07
-0.0008757481459125,1.242442065908814e-07
-0.0008757481459125,1.242442065908814e-07
0.050997969401714124,188.0431753423318
-0.0008757481459125,1.242442065958155e-07
-0.0008757481459125,1.242442065908814e-07
-0.0008757481459125,1.242442065908814e-07
-0.0008757481459125,1.242442065908814e-07
-0.0008757481459125,1.242442065908814e-07
-0.0008757481459125,1.2424420659088324e-07
0.0001586593066369627,3.749746065781296
-0.0008757481459125,1.2424420659088155e-07
-0.0008757481459125,1.242442065908814e-07
-0.0008757481459125,1.242442065908814e-07
-0.0008757481459125,1.242442065908814e-07
-0.0008757481459125,1.242442065908814e-07
-0.0008757481459125,1.242442065908814e-07
-0.0008757481459125,1.2424420659088152e-07
-0.0008757481459125,1.242442065908814e-07
-0.0008757481459125,1.242442065908814e-07
-0.0008757481459125,1.242442065908814e-07
-0.0008757481459125,1.242442065908814e-07
-0.0008757481459125,1.242442065908814e-07
-2.3021534883605417e+20,6.3507361896009464e+16
-0.0008757481459125,1.2424420659088152e-07
-0.0008757481459125,1.242442065908814e-07
-0.0008757481459125,1.242442065908814e-07
-0.0008757481459125,1.242442065908814e-07
-0.0008757481459125,1.242442065908814e-07
-0.0008757481459125,1.242442065908814e-07
-0.0008757481459125,1.2424420659448736e-07
-0.0008757481459125,1.242442065908814e-07
-0.0008757481459125,1.242442065908814e-07
-0.0008757481459125,1.242442065908814e-07
-0.0008757481459125,1.242442065908814e-07
-0.0008757481459125,1.2424420659088867e-07
0.05890904753207352,3.7511458268546103
-0.0008757481459125,1.242442065908815e-07
-0.0008757481459125,1.2424420659088144e-07
-0.0008757481459125,1.242442065908814e-07
-0.0008757481459125,1.242442065908814e-07
-0.0008757481459125,1.242442065908814e-07
-0.0008757481459125,1.2424420659088324e-07
-0.0008757481459125,1.242442065941616e-07
-0.0008757481459125,1.242442065908837e-07
-0.0008757481459125,1.242442065908814e-07
-0.0008757481459125,1.242442065908814e-07
-0.0008757481459125,1.242442065908814e-07
1.025813220772093e+22,-2.8298152915806674e+18
0.0001592303902217166,3.7518162542248654
-0.0008757481458218892,1.2424420656588542e-07
-0.0008757481459125,1.2424420659088144e-07
-0.0008757481459125,1.242442065908814e-07
-0.0008757481459125,1.242442065908814e-07
-0.0008757481459125,1.242442065908814e-07
-0.0008757481459125,1.2424420659134916e-07
-0.0008757481459125,1.2424420659399897e-07
-0.0008757481459125,1.242442065908827e-07
-0.0008757481459125,1.242442065908814e-07
-0.0008757481459125,1.242442065908814e-07
-0.0008757481459125,1.242442065908814e-07
-0.0008757481459125,1.242442065908814e-07
-2.3021534883605417e+20,6.3507361896009464e+16
-0.0008757481459125,1.242442065908814e-07
-0.0008757481459125,1.2424420659088165e-07
-0.0008757481459125,1.242442065908814e-07
-0.0008757481459125,1.242442065908814e-07
-0.0008757481459125,1.242442065908814e-07
-0.0008757481459124995,1.2424420849262785e-07
-0.0008757481459125,1.2424420659391768e-07
-0.0008757481459125,1.242442065908814e-07
-0.0008757481459125,1.242442065908814e-07
-0.0008757481459125,1.242442065908814e-07
-0.0008757481459125,1.242442065908814e-07
1.0700285469213269e+22,-2.951787989461432e+18
0.05890958632243703,3.7530989517802946
-0.0008757481458027933,1.242442065606177e-07
-0.0008757481459125,1.242442065908843e-07
-0.0008757481459125,1.242442065908814e-07
-0.0008757481459125,1.242442065908814e-07
-0.0008757481459125,1.242442065908814e-07
-0.0008757481459124995,1.242442085209793e-07
-0.0008757481459125,1.2424420659088147e-07
-0.0008757481459125,1.242442065908814e-07
-0.0008757481459125,1.242442065908814e-07
-0.0008757481459125,1.242442065908814e-07
-0.0008757481459125,1.242442065908814e-07
-0.0008757481459125,1.2424420659088144e-07
0.00015976918058522064,3.7537693791505498
-0.0008757481459125,1.2424420659088147e-07
-0.0008757481459125,1.242442065908814e-07
-0.0008757481459125,1.242442065908814e-07
-0.0008757481459125,1.242442065908814e-07
-0.0008757481459125,1.242442065908814e-07
-0.0008757481459125,1.2424420659088152e-07
-0.0008757481459125,1.24244206592847e-07
-0.0008757481459125,1.242442065908814e-07
-0.0008757481459125,1.242442065908814e-07
-0.0008757481459125,1.242442065908814e-07
-0.0008757481459125,1.242442065908814e-07
2400.1284274592504,-0.662101169290995
-3.218643861614858e+26,8.878972734329337e+22
-0.0008757481458638639,1.2424420657746468e-07
-0.0008757481459125,1.2424420659088268e-07
-0.0008757481459125,1.242442065908814e-07
-0.0008757481459125,1.242442065908814e-07
-0.0008757481459125,1.242442065908814e-07
-0.0008757481459015206,1.2428400766152728e-07
-0.0008757481459125,1.2424420659315871e-07
-0.0008757481459125,1.242442065908814e-07
-0.0008757481459125,1.242442065908814e-07
-0.0008757481459125,1.242442065908814e-07
-0.0008757481459125,1.242442065908814e-07
-0.0008757481459125,1.242442065908814e-07
89128.95770630757,-20.83211602590946
-0.0008757481458623096,1.2424420657703584e-07
-0.0008757481459125,1.2424420659088168e-07
-0.0008757481459125,1.242442065908814e-07
-0.0008757481459125,1.242442065908814e-07
-0.0008757481459125,1.242442065908814e-07
10425365.602443721,-2875.9484091180884
-0.0008757481459125,1.2424420659317227e-07
-0.0008757481459125,1.242442065908814e-07
-0.0008757481459125,1.242442065908814e-07
-0.0008757481459125,1.242442065908814e-07
-0.0008757481459125,1.242442065908814e-07
-0.0008387904153825983,1.1404902204091849e-07
0.00016030527436609453,3.755712728914863
-0.0008757481459125,1.242442065908814e-07
-0.0008757481459125,1.242442065908815e-07
-0.0008757481459125,1.242442065908814e-07
-0.0008757481459125,1.242442065908814e-07
-0.0008757481459125,1.242442065908814e-07
-0.0008757481459125,1.242442065908814e-07
-0.0008757481459125,1.2424420659347042e-07
-0.0008757481459125,1.242442065908814e-07
-0.0008757481459125,1.242442065908814e-07
-0.0008757481459125,1.242442065908814e-07
-0.0008757481459125,1.242442065908814e-07
-0.0008757481459125,1.242442065908814e-07
-4.932681766024734e+32,1.3607329294792867e+29
-0.0008757481458572026,1.2424420657562706e-07
-0.0008757481459125,1.2424420659088147e-07
-0.0008757481459125,1.242442065908814e-07
-0.0008757481459125,1.2424420665159673e-07
-0.0008757481459125,1.242442065908814e-07
-0.0008757481459125,1.242442065908814e-07
-0.0008757481459125,1.2424420659311806e-07
-0.0008757481459125,1.242442065908814e-07
-0.0008757481459125,1.242442065908814e-07
-0.0008757481459125,1.242442065908814e-07
-0.0008757481459125,1.242442065908814e-07
0.14179419238083613,-3.923278211908123e-05
89128.95770684635,-20.830162900983776
-0.0008757481458565365,1.2424420660537581e-07
-0.0008757481459125,1.242442065908814e-07
-0.0008757481459125,1.242442065908814e-07
-0.0008757481459125,1.2424420659276521e-07
-0.0008757481459125,1.242442065908814e-07
-0.0008757481459125,1.242442065908814e-07
-0.0008757481459125,1.2424420659306385e-07
-0.0008757481459124792,1.242442066097455e-07
-0.0008757481459125,1.242442065908814e-07
-0.0008757481459125,1.242442065908814e-07
-0.0008757481459125,1.242442065908814e-07
-0.0008757481459125,1.242442065908814e-07
0.00016083863780389787,3.7576463035178143
-0.0008757481459124728,1.2424420661581483e-07
-0.0008757481459124783,1.242442065908754e-07
-0.0008757481459125,1.242442065908814e-07
-0.0008757481459125,1.242442065908814e-07
-0.0008757481459125,1.24244206590917e-07
2.7524118753757815e+21,9.961642573569903e+21
-0.0008757481459125,1.2424420659290122e-07
-0.0008757481459125,1.242442065908814e-07
-0.0008757481459125,1.242442065908814e-07
-0.0008757481459125,1.242442065908814e-07
-0.0008757481459125,1.242442065908814e-07
-0.00016616861386863622,-7.150088322761848e-08
0.00016101921105992213,3.758300762492537
-0.0008757481459125,1.242442065908814e-07
-0.0008757481459125,1.242442065908814e-07
-0.0008757481459125,1.242442065908814e-07
-0.0008757481459125,1.2424420659088152e-07
-0.0008757481459125,1.242442065908814e-07
-0.0008757481459125,1.242442065908814e-07
-0.0008757481459125,1.2424420659268438e-07
-0.0008757481459125,1.242442065908814e-07
-0.0008757481459125,1.242442065908814e-07
-0.0008757481459125,1.242442065908814e-07
-0.0008757481459125,1.242442065908814e-07
-0.0008757481459125,1.242442065908814e-07
126443834676.86844,-34880878.02821742
-0.0008757481458787409,1.2424420658156863e-07
-0.0008757481459125,1.242442065908814e-07
-0.0008757481459125,1.242442065908814e-07
-0.0008757481459125,1.2424420659088186e-07
-0.0008757481459125,1.242442065908814e-07
-0.0008757481459125,1.242442065908814e-07
-0.0008757481459125,1.242442065908814e-07
-0.0008757481459125,1.2424420659088144e-07
-0.0008757481459036709,1.242442065884458e-07
-0.0008757481459124991,1.2424421001869487e-07
-0.0008757481459125,1.242442065908814e-07
-0.0008757481459125,1.242442065908814e-07
0.0001613774281674017,3.7595994284434986
-0.0008757481458827377,1.2424420658267115e-07
-0.0008757481459125,1.242442065908814e-07
-0.0008757481459124993,1.2424420938118084e-07
-0.0008757481459125,1.242442065908814e-07
-0.0008757481459125,1.242442065908814e-07
-0.0008757481459124921,1.2424420659087924e-07
-0.0008757481459125,1.2424420659195908e-07
-0.0008757481459125,1.242442065908814e-07
-0.0008757481459125,1.242442065908814e-07
-0.0008757481459125,1.242442065908814e-07
-0.0008757481459125,1.242442065908814e-07
-0.0008757481459125,1.2424420659088186e-07
0.00016155800142342617,3.760253887418221
-0.0008757481458729678,1.24244206579976e-07
-0.0008757481459125,1.242442065908814e-07
-0.0008757481459125,1.242442065908814e-07
-0.0008757481459124595,1.242442065909304e-07
-0.0008757481459125,1.242442065908814e-07
-0.0008757481459125,1.242442065908814e-07
-0.0008757481459125,1.2424420659088144e-07
-0.0008757481459125,1.242442065908814e-07
-0.0008757481459125,1.242442065908814e-07
-0.0008757481459125,1.242442065908814e-07
-0.0008757481459125,1.242442065908814e-07
-0.0008757481459125,1.2424420659088186e-07
2.720082918577375e+23,-7.503639143551025e+19
-0.0008757481458881819,1.2424420658417304e-07
-0.0008757481459125,1.242442065908814e-07
-0.0008757481459125,1.242442065908814e-07
-0.0008757481459125,1.242442065908814e-07
-0.0008757481459125,1.242442065908814e-07
-0.0008757481459125,1.242442065908814e-07
-0.0008757481459125,1.2424420659184364e-07
-0.0008757481459125,1.242442065908814e-07
-0.0008757481459125,1.242442065908814e-07
-0.0008757481459125,1.242442065908814e-07
-0.0008757481459125,1.242442065908814e-07
-0.0008757481459125,1.242442065908814e-07
0.00011186472992460994,3.7615427920143056
-0.0008757481458922898,1.2424420658530624e-07
-0.0008757481459125,1.242442065908814e-07
-0.0008757481459125,1.242442065908814e-07
-0.0008757481459125,1.242442065908814e-07
-0.0008757481459125,1.242442065908814e-07
177227212200.58243,-48890018.67142487
-0.0008757481459125,1.2424420659180322e-07
-0.0008757481459125,1.242442065908814e-07
-0.0008757481459125,1.242442065908814e-07
-0.0008757481459125,1.242442065908814e-07
-0.0008757481459125,1.242442065908814e-07
-0.0008757481459125,1.242442065908814e-07
0.00016209139862167034,3.7621874620211635
-0.000875748145883848,1.2424420658297743e-07
-0.0008757481459125,1.242442065908814e-07
-0.0008757481459125,1.242442065908814e-07
-0.0008757481459125,1.242442065908814e-07
-0.0008757481459125,1.242442065908814e-07
-0.0008757481459125,1.242442065908814e-07
-0.0008757481459125,1.2424420659088144e-07
-0.0008757481459125,1.242442065908814e-07
-0.0008757481459125,1.2424420659088144e-07
-0.0008757481459125,1.242442065908814e-07
-0.0008757481459125,1.242442065908814e-07
-0.0008757481459125,1.242442065908814e-07
2.720082918577375e+23,-7.503639143551025e+19
-0.0008757481459125,1.2424420659088144e-07
-0.0008757481459125,1.242442065908814e-07
-0.0008757481459125,1.242442065908814e-07
-0.0008757481459125,1.242442065908814e-07
-0.0008757481459125,1.242442065908814e-07
2.3885646868900055,8661.765295547923
-0.0008757481459125,1.242442065916066e-07
-0.0008757481459125,1.242442065908814e-07
-0.0008757481459125,1.242442065908814e-07
-0.0008757481459125,1.242442065908814e-07
-0.0008757481459125,1.242442065908814e-07
-0.0008757481459125,1.242442065908814e-07
0.00011240352028811377,3.76349591693999
-0.0008757481458895143,1.2424420658454055e-07
-0.0008757481459125,1.2424420659088144e-07
-0.0008757481459125,1.242442065908814e-07
-0.0008757481459125,1.242442065908814e-07
-0.0008757481459125,1.242442065908814e-07
-0.0008757481459125,1.242442065908814e-07
-0.0008757481459125,1.242442065913033e-07
-0.0008757481459125,1.242442065908814e-07
-0.0008757481459125,1.242442065908814e-07
-0.0008757481459125,1.242442065908814e-07
-0.0008757481459125,1.242442065908814e-07
8.874870641125627,-0.002448345160160028
0.00016263018898517417,3.764140586946848
-0.000875748145892956,1.2424420658549e-07
-0.0008757481459125,1.242442065908814e-07
-0.0008757481459125,1.242442065908814e-07
-0.0008757481459125,1.242442065908814e-07
-0.0008757481459125,1.242442065908814e-07
-0.0008757481459125,1.242442065908912e-07
-0.0008757481459125,1.242442065912982e-07
-0.0008757481459125,1.242442065908814e-07
-0.0008757481459125,1.242442065908814e-07
-0.0008757481459125,1.242442065908814e-07
-0.0008757481459125,1.242442065908814e-07
9980.9381606614,36181086.623325855
4.056481675713572e+29,-1.11902377971997e+26
-0.0008757481459124729,1.2424420659087397e-07
-0.0008757481459125,1.242442065908814e-07
-0.0008757481459125,1.242442065908814e-07
-0.0008757481459125,1.242442065908814e-07
-0.0008757481459125,1.242442065908814e-07
-0.0008757481459125,1.24244206590889e-07
-0.0008757481459125,1.242442065912999e-07
-0.0008757481459125,1.2424420659088144e-07
-0.0008757481459125,1.242442065908814e-07
-0.0008757481459125,1.242442065908814e-07
-0.0008757481459125,1.242442065908814e-07
-0.0008757481459125,1.242442065908814e-07
-107374179.91429716,29624.07935116581
-0.0008757481459125,1.242442065908814e-07
-0.0008757481459125,1.242442065908814e-07
-0.0008757481459125,1.242442065908814e-07
-0.0008757481459125,1.242442065908814e-07
-0.0008757481459125,1.242442065908814e-07
-0.0008757481459125,1.242442065908814e-07
-0.0008757481459125,1.242442065912982e-07
-0.0008757481459125,1.242442065908814e-07
-0.0008757481459125,1.242442065908814e-07
-0.0008757481459125,1.242442065908814e-07
-0.0008757481459125,1.242442065908814e-07
-0.0008757481459125,1.242442065908814e-07
0.0001631689793486782,3.766093711872532
-0.0008757481459125,1.2424420659088144e-07
-0.0008757481459125,1.242442065908814e-07
-0.0008757481459125,1.242442065908814e-07
-0.0008757481459125,1.242442065908814e-07
2.9720621601031117e+18,1.0773779708735903e+22
1.1513676063363876e+22,-3.1761704691123405e+18
-0.0008757481459125,1.242442065908814e-07
-0.0008757481459125,1.242442065908814e-07
-0.0008757481459125,1.242442065908814e-07
-0.0008757481459125,1.242442065908814e-07
-0.0008757481459124995,1.2424420659088128e-07
-0.0008757481459125,1.242442065908814e-07
5.848602927225622e+35,-1.6133995607299321e+32
-0.0008757481459125,1.242442065908814e-07
-0.0008757481459125,1.242442065908814e-07
-0.0008757481459125,1.242442065908814e-07
-0.0008757481459125,1.242442065908814e-07
-0.0008757481459125,1.242442065908814e-07
-0.0008757481459125,1.242442065908814e-07
-0.0008757481459125,1.2424420659088144e-07
-0.0008757481459125,1.242442065908814e-07
-0.0008757481459125,1.242442065908814e-07
-0.0008757481459125,1.242442065908814e-07
-0.0008757481459125,1.242442065908814e-07
1.0405712910094667e+22,-2.870527003992122e+18
-151996487680153.16,41929853937.61631
-0.0008757481458988978,1.242442065871291e-07
-0.0008757481459125,1.242442065908814e-07
-0.0008757481459125,1.242442065908814e-07
-0.0008757481459125,1.242442065908814e-07
-0.0008757481459125,1.242442065908814e-07
1.1514825607125022e+22,-3.1764875830320835e+18
-0.0008757481459125,1.242442065911593e-07
-0.0008757481459125,1.242442065908814e-07
-0.0008757481459125,1.242442065908814e-07
-0.0008757481459125,1.242442065908814e-07
-0.0008757481459125,1.242442065908814e-07
-0.0008757481459125,1.242442065908814e-07
0.0001637023765742072,3.7680272864754745
-0.0008757481459060042,1.2424420658908946e-07
-0.0008757481459125,1.242442065908814e-07
-0.0008757481459125,1.242442065908814e-07
-0.0008757481459125,1.242442065908814e-07
-0.0008757481459125,1.242442065908814e-07
-0.0008757481458745217,1.2424420658041198e-07
-0.0008757481459125,1.2424420659123214e-07
-0.0008757481459125,1.242442065908814e-07
-0.0008757481459124562,1.2424420659086932e-07
-0.0008757481459125,1.242442065908814e-07
-0.0008757481459125,1.242442065908814e-07
-0.0008757481459125,1.242442065908814e-07
5.848602927225622e+35,-1.6133995607299321e+32
-0.0008757481459125,1.2424420659088144e-07
-0.0008757481459125,1.242442065908814e-07
-0.0008757481459125,1.242442065908814e-07
-0.0008757481459125,1.242442065908814e-07
-0.0008757481459125,1.242442065908814e-07
-0.0008757481459124995,1.2424420854781522e-07
-0.0008757481459125,1.2424420659088144e-07
-0.0008757481459125,1.242442065908814e-07
-0.0008757481459124606,1.2424420659087053e-07
-0.0008757481459125,1.242442065908814e-07
-0.0008757481459125,1.242442065908814e-07
-0.0008757481459125,1.242442065908814e-07
-151996487680153.16,41929853937.61826
-0.0008757481459074197,1.2424420658947994e-07
-0.0008757481459125,1.2424420659088147e-07
-0.0008757481459125,1.242442065908814e-07
-0.0008757481459125,1.242442065908814e-07
-0.0008757481459125,1.242442065908814e-07
-0.0008757481459125,1.242442065908814e-07
-0.0008757481459125,1.2424420659088144e-07
-0.0008757481353372879,1.2424420367359623e-07
-0.0008757481459125,1.2424420659088144e-07
-0.0008757481459125,1.242442065908814e-07
-0.0008757481459125,1.242442065908814e-07
-0.0008757481459125,1.242442065908814e-07
0.00016424116693771103,3.769980411401159
-0.0008757481459092065,1.2425614592883396e-07
-0.0008757481459125,1.2424420659088155e-07
-0.0008757481459125,1.242442065908814e-07
-0.0008757481459125,1.242442065908814e-07
-0.0008757481459125,1.242442065908814e-07
-0.0008757481459125,1.242442065908814e-07
-0.0008757481459125,1.242442065908814e-07
-0.0008757481459125,1.242442065908814e-07
-0.0008757481459125,1.2424420659088144e-07
-0.0008757481459125,1.242442065908814e-07
-0.0008757481459125,1.242442065908814e-07
-0.0008757481459125,1.242442065908814e-07
0.00016441894405307166,3.7706248567959495
-0.0008757481459125,1.242442065908814e-07
-0.0008757481459125,1.242442065908814e-07
-0.0008757481459125,1.242442065908814e-07
-0.0008757481459125,1.242442065908814e-07
-0.0008757481459125,1.242442065908814e-07
-0.0008757390504550908,1.242418245632019e-07
-0.0008757481459125,1.2424420659112202e-07
-0.0008757481458347662,1.2424420656943771e-07
-0.0008757481459125,1.242442065908814e-07
-0.0008757481459125,1.242442065908814e-07
-0.0008757481459125,1.242442065908814e-07
-0.0008757481459120138,1.2424420659074726e-07
-2.3021534883605417e+20,6.3507361896009464e+16
-0.0008757481459124812,1.2424427499788983e-07
-0.0008757481458567568,1.2424420657550403e-07
-0.0008757481459125,1.242442065908814e-07
-0.0008757481459125,1.242442065908814e-07
-0.0008757481459125,1.242442065908814e-07
-0.0008757481459125,1.242442065908814e-07
-0.0008757481459125,1.2424420659088144e-07
-0.0008757481459125,1.242442065908814e-07
-0.0008757481459125,1.242442065908814e-07
-0.0008757481459125,1.242442065908814e-07
-0.0008757481459125,1.242442065908814e-07
-0.0008757481459125,1.242442065908814e-07
0.00016481898394034506,3.771923761153962
-0.0008757481459125,1.242442065908814e-07
-0.0008757481459125,1.242442065908814e-07
-0.0008757481459125,1.2424420659088147e-07
-0.0008757481459125,1.242442065908814e-07
-0.0008757481459125,1.242442065908814e-07
-0.0008757481459125,1.2424420659088324e-07
-0.0008757481459125,1.2424420659088144e-07
-0.0008757481459125,1.2424420659088144e-07
-0.0008757481459125,1.242442065908814e-07
-0.0008757481459125,1.242442065908814e-07
-0.0008757481459125,1.242442065908814e-07
-0.0008757481459125,1.242442065908814e-07
0.00016495503783394577,3.772568206560263
-0.0008757481459117471,1.242442065906737e-07
-0.0008757481459125,1.242442065908814e-07
-0.0008757481459125,1.242442065908814e-07
-0.0008757481459125,1.242442065908814e-07
2.9517090992208686e+18,1.0699999490647813e+22
-0.0008757481459125,1.2424420659088213e-07
-0.0008757481459125,1.242442065910339e-07
-0.0008757481459125,1.242442065908814e-07
-0.0008757481459125,1.242442065908814e-07
-0.0008757481459125,1.242442065908814e-07
-0.0008757481459125,1.242442065908814e-07
-0.0008757481459125,1.242442065908814e-07
-2.3021534883605417e+20,6.3507361896009464e+16
-0.0008757481459125,1.242442065908814e-07
-0.0008757481459125,1.242442065908814e-07
-0.0008757481459125,1.2424420659088155e-07
-0.0008757481459125,1.242442065908814e-07
705723636556560.8,2.5582610947964155e+18
1.2360340535073557e+31,4.480646059072375e+34
-0.0008757481459125,1.2424420659102374e-07
-0.0008757481459125,1.2424420659088144e-07
-0.0008757481459125,1.242442065908814e-07
-0.0008757481459125,1.242442065908814e-07
-0.0008757481459125,1.242442065908814e-07
-0.0008757481459125,1.242442065908814e-07
89128.95771149342,-20.81331719849975
-0.0008757481459050715,1.2426944948784227e-07
-0.0008757481459125,1.242442065908814e-07
-0.0008757481459125,1.2424420659088157e-07
-0.0008757481459125,1.242442065908814e-07
-0.0008757481459125,1.242442065908814e-07
-0.0008757481459035615,1.2424420658841562e-07
-0.0008757481459125,1.2424420659101358e-07
-0.0008757481459125,1.2424420659088144e-07
-0.0008757481459125,1.242442065908814e-07
-0.0008757481459125,1.242442065908814e-07
-0.0008757481459125,1.242442065908814e-07
2166.254168789353,-0.597550324711471
0.00016549113161481988,3.774511556324576
-0.0008757481459056498,1.242675168134217e-07
-0.0008757481459125,1.242442065908814e-07
-0.0008757481459125,1.242442065908814e-07
-0.0008757481459125,1.242442065908814e-07
-0.0008757481459125,1.242442065908814e-07
-0.0008757481459125,1.242442065908814e-07
-0.0008757481459125,1.2424420659100002e-07
-0.0008757481459125,1.242442065908814e-07
-0.0008757481459125,1.242442065908814e-07
-0.0008757481459125,1.242442065908814e-07
-0.0008757481459125,1.242442065908814e-07
2758848.4642760516,10000876163.471106
-3.218643861614858e+26,8.878972734329337e+22
-0.0008757481459054111,1.2426990423530412e-07
-0.0008757481459125,1.242442065908814e-07
-0.0008757481459125,1.242442065908814e-07
-0.0008757481459125,1.242442065908814e-07
-0.0008757481459125,1.242442065908814e-07
-0.0008757481459125,1.242442065908814e-07
-0.0008757481459125,1.2424420659100256e-07
-0.0008757481459125,1.242442065908814e-07
-0.0008757481459125,1.242442065908814e-07
-0.0008757481459125,1.242442065908814e-07
-0.0008757481459125,1.242442065908814e-07
2.952131503658529e+18,1.0701530714462856e+22
89128.95771203222,-20.811364073574065
-0.000875748145911879,1.2424420659071013e-07
-0.0008757481459125,1.242442065908814e-07
-0.0008757481459125,1.242442065908814e-07
-0.0008757481459125,1.2424420659088144e-07
-0.0008757481459125,1.242442065908814e-07
-0.0008757481459125,1.242442065908814e-07
-0.0008757481459125,1.2424420659098732e-07
-0.0008757481459125,1.2424420659088144e-07
-0.0008757481459125,1.242442065908814e-07
-0.0008757481459125,1.242442065908814e-07
-0.0008757481459125,1.242442065908814e-07
-0.0008757481459125,1.242442065908814e-07
0.0001660299219783237,3.7764646812502605
-0.0008757481459020603,1.2427991311390274e-07
-0.0008757481459125,1.242442065908814e-07
-0.0008757481459125,1.242442065908814e-07
-0.0008757481459125,1.242442065908814e-07
2832665.6359234517,10268464761.289478
-0.0008757481459125,1.2424420676262703e-07
-0.0008757481459125,1.2424420659101188e-07
-0.0008757481459125,1.242442065908814e-07
-0.0008757481459125,1.242442065908814e-07
-0.0008757481459125,1.242442065908814e-07
-0.0008757481459125,1.242442065908814e-07
-0.0008757481459125,1.242442065908814e-07
0.00016620506830864747,3.77709958990225
-0.0008757481459120108,1.2424420659074647e-07
-0.0008757481459125,1.242442065908814e-07
-0.0008757481459125,1.2424420659088144e-07
-0.0008757481459125,1.242442065908814e-07
-0.0008757481435960153,1.2424420595185488e-07
1.2619603589678968e+22,-3.48125238480367e+18
-0.0008757481459125,1.2424420659101188e-07
-0.0008757481459125,1.242442065908814e-07
-0.0008757481459125,1.242442065908814e-07
-0.0008757481459125,1.242442065908814e-07
-0.0008757481459125,1.242442065908814e-07
-0.0008757481459125,1.242442065908814e-07
126443834676.86844,-34880878.00941859
-0.0008757481458982194,1.242944649869919e-07
-0.0008757481459125,1.242442065908814e-07
-0.0008757481459125,1.242442065908814e-07
-0.0008757481459125,1.242442065908814e-07
-0.0008757481459125,1.242442065908814e-07
1.2000503076868535e+31,4.350204322096124e+34
-0.0008757481459125,1.242442065908814e-07
-0.0008757481459125,1.242442065908814e-07
-0.0008757481459125,1.242442065908814e-07
-0.0008757481459125,1.242442065908814e-07
-0.0008757091358142406,0.000141536564145749
-0.0008757481459125,1.242442065908814e-07
0.00016656328541612704,3.7783982558532117
-0.0008757481459125,1.242442065908814e-07
-0.0008757481459125,1.242442065908814e-07
-0.0008757481459125,1.242442065908814e-07
-0.0008757481459125,1.242442065908814e-07
-0.0008757481459125,1.242442065908814e-07
-0.0008757481459125,1.2424420659165415e-07
-0.0008757481459125,1.242442065908814e-07
-0.0008757481459125,1.242442065908814e-07
-0.0008757481459125,1.242442065908814e-07
-0.0008757481459125,1.242442065908814e-07
-0.0008757481459125,1.242442065908814e-07
-0.0008757481459125,1.242442065908814e-07
0.0001667438586721513,3.7790527148279343
-0.0008757481459125,1.242442065908814e-07
-0.0008757481459125,1.2424420659088152e-07
-0.0008757481459125,1.242442065908814e-07
-0.0008757481459125,1.242442065908814e-07
-0.0008757481459125,1.242442065908814e-07
3.0332396781106847e+18,1.0995549330848367e+22
-0.0008757481459125,1.242442065908814e-07
-0.0008757481459125,1.242442065908814e-07
-0.0008757481459125,1.242442065908814e-07
-0.0008757481459125,1.242442065908814e-07
-0.0008757481459125,1.242442065908814e-07
-0.0008757481459125,1.242442065908814e-07
126443834676.86844,-34880878.00746547
-0.0008757481458841556,1.2434608766690016e-07
-0.0008757481459125,1.2424420659088157e-07
-0.0008757481459125,1.242442065908814e-07
-0.0008757481459125,1.242442065908814e-07
-0.0008757481459125,1.242442065908814e-07
-0.0008757481459120073,1.242442065907455e-07
-0.0008757481459125,1.2424420659102964e-07
-0.0008757481459125,1.2424420659088147e-07
-0.0008757481459125,1.242442065908814e-07
-0.0008757481459125,1.242442065908814e-07
-0.0008757481459125,1.242442065908814e-07
-0.0008757481459125,1.242442065908814e-07
0.00016710207577963086,3.780351380778896
-0.0008757481458874059,1.2433517366157127e-07
-0.0008757481459125,1.242442065908815e-07
-0.0008757481459125,1.242442065908814e-07
-0.0008757481459125,1.242442065908814e-07
-0.0008757481459125,1.242442065908814e-07
-0.0008757481459125,1.242442065908814e-07
-0.0008757481459125,1.24244206591039e-07
-0.0008757481459125,1.242442065908814e-07
-0.0008757481459125,1.242442065908814e-07
-0.0008757481459125,1.242442065908814e-07
-0.0008757481459125,1.242442065908814e-07
-0.0008757481459125,1.242442065908814e-07
0.00016727725587039547,3.780986289430876
-0.0008757481459124943,1.242442065908799e-07
-0.0008757481459125,1.2424420659088152e-07
-0.0008757481459125,1.242442065908814e-07
-0.0008757481459125,1.2424420659088147e-07
-0.0008757481459125,1.242442065908814e-07
-0.0008757481459125,1.242442065908814e-07
-0.0008757481459125,1.2424420659102713e-07
-0.0008757481459125,1.242442065908814e-07
-0.0008757481459125,1.242442065908814e-07
-0.0008757481459125,1.242442065908814e-07
-0.0008757481459125,1.242442065908814e-07
-0.0008757481459125,1.242442065908814e-07
2.720082918577375e+23,-7.503639143551025e+19
-0.0008757481458890329,1.2432926190460032e-07
-0.0008757481459125,1.242442065908815e-07
-0.0008757481459125,1.242442065908814e-07
-0.0008757481459125,1.242442065908814e-07
-0.0008757481459125,1.242442065908814e-07
146419165756.8149,-40391290.133533254
-0.0008757481459125,1.242442065910534e-07
-0.0008757480349356308,1.2424417597672715e-07
-0.0008757481459125,1.2424420659088144e-07
-0.0008757481459125,1.242442065908814e-07
-0.0008757481459125,1.242442065908814e-07
-9.018673667523093e-06,3.1419103192558557
0.00011758937753683911,3.782294744349703
-0.0008757481458954306,1.2430606982528198e-07
-0.0008757481459125,1.242442065908814e-07
-0.0008757481459125,1.242442065908814e-07
-0.0008757481459125,1.242442065908814e-07
-0.0008757481459125,1.242442065908814e-07
-0.0008757481459125,1.242442065908814e-07
-0.0008757481459125,1.2424420659101612e-07
-0.0008757481459125,1.242442065908814e-07
-0.0008757481459125,1.242442065908815e-07
-0.0008757481459125,1.242442065908814e-07
-0.0008757481459125,1.242442065908814e-07
-0.0008757481459125,1.242442065908814e-07
0.00016781604623389952,3.782939414356561
-0.0008757481459124942,1.242442065908799e-07
-0.0008757481459125,1.242442065908814e-07
-0.0008757481459125,1.242442065908814e-07
-0.0008757481459125,1.242442065908814e-07
-0.0008757481459125,1.242442065908814e-07
9.990075716299454e+21,-2.7558690464873334e+18
-0.0008757481459125,1.2424420659102035e-07
-0.0008757481459125,1.242442065908814e-07
-0.0008757481459125,1.242442065908814e-07
-0.0008757481459125,1.242442065908814e-07
-0.0008757481459125,1.242442065908814e-07
1.010969582145055e+22,-2.7888675296305203e+18
4.056481675713572e+29,-1.11902377971997e+26
-0.0008757481459124932,1.2424420659087967e-07
-0.0008757481459125,1.242442065908814e-07
-0.0008757481459125,1.242442065908814e-07
-0.0008757481459125,1.242442065908814e-07
-0.0008757481459125,1.242442065908814e-07
-0.0008757481459125,1.242442065908814e-07
-0.0008757481459125,1.2424420659104576e-07
-0.0008757481459125,1.242442065908814e-07
-0.0008757481459125,1.242442065908814e-07
-0.0008757481459125,1.242442065908814e-07
-0.0008757481459125,1.242442065908814e-07
3.847641024565856e+18,1.3947769112449948e+22
-71.67982940348662,3.8040117729387513
-0.0008757481459125,1.242442065908814e-07
-0.0008757481459125,1.242442065908814e-07
-0.0008757481459125,1.242442065908814e-07
-0.0008757481459125,1.242442065908814e-07
-0.0007205635644726856,0.5625470712996282
-0.0008757481459125,1.242442065908814e-07
-0.0008757481459125,1.2424420659101186e-07
-0.0008757481459125,1.2424420659088157e-07
-0.0008757481459125,1.242442065908814e-07
-0.0008757481459125,1.242442065908814e-07
-0.0008757481459125,1.242442065908814e-07
-0.0008757481459125,1.242442065908814e-07
0.00016835483659740334,3.7848925392822452
-0.0008757481458979818,1.2429582913882532e-07
-0.0008757481459125,1.242442065908814e-07
-0.0008757481459125,1.242442065908814e-07
-0.0008757481459125,1.242442065908814e-07
-0.0008757481459125,1.242442065908814e-07
-0.0008757481459125,1.242442065908814e-07
-0.0008757481459125,1.2424420659088157e-07
-0.0008757481459125,1.2424420659088157e-07
-0.0008757481459125,1.242442065908814e-07
-0.0008757481459125,1.242442065908814e-07
-0.0008757481459125,1.242442065908814e-07
-0.0008757481459125,1.242442065908814e-07
5.848602927225622e+35,-1.6133995607299321e+32
-0.0008757481459003338,1.2428741631316262e-07
-0.0008757481459125,1.242442065908814e-07
-0.0008757481459125,1.242442065908814e-07
-0.0008757481459125,1.242442065908814e-07
-0.0008757481459125,1.242442065908814e-07
-0.0008757481459125,1.242442065908814e-07
-0.0008757481459125,1.242442065910051e-07
-0.0008757481459125,1.242442065908814e-07
-0.0008757481459125,1.242442065908814e-07
-0.0008757481459125,1.242442065908814e-07
-0.0008757481459125,1.242442065908814e-07
-0.0008757481459125,1.242442065908814e-07
-107374179.91429144,29624.100103118144
-0.0008757481459122675,1.242442065908175e-07
-0.0008757481459125,1.242442065908814e-07
-0.0008757481459125,1.242442065908814e-07
-0.0008757481459125,1.242442065908814e-07
-0.0008757481459125,1.242442065908814e-07
-0.0008757481459124999,1.2424420707672736e-07
-0.0008757481459125,1.2424420659102374e-07
-0.0008757481459125,1.242442065908814e-07
-0.0008757481459125,1.242442065908814e-07
-0.0008757481459125,1.242442065908814e-07
-0.0008757481459125,1.242442065908814e-07
-0.0008757481459125,1.242442065908814e-07
0.00016888823382293255,3.786826113885187
-0.0008757481459041955,1.242735465160287e-07
-0.0008757481459125,1.242442065908814e-07
-0.0008757481459125,1.242442065908814e-07
-0.0008757481459125,1.242442065908814e-07
-0.0008757481459125,1.242442065908814e-07
-0.0008757481459125,1.242442065908814e-07
-0.0008757481459125,1.2424420659088173e-07
-0.0008757481459125,1.242442065908814e-07
-0.0008757481459125,1.242442065908814e-07
-0.0008757481459125,1.242442065908814e-07
-0.0008757481459125,1.242442065908814e-07
-0.0008757481459125,1.242442065908814e-07
5.848602927225622e+35,-1.6133995607299321e+32
-0.0008757481459047211,1.2427240528665824e-07
-0.0008757481459125,1.242442065908814e-07
-0.0008757481459125,1.242442065908814e-07
-0.0008757481459125,1.242442065908814e-07
-0.0008757481459125,1.242442065908814e-07
2.491696900878106e+21,-6.87361192984231e+17
-0.0008757481459125,1.242442065910102e-07
-0.0008757481459125,1.242442065908817e-07
-0.0008757481459125,1.2424420659088144e-07
-0.0008757481459125,1.242442065908814e-07
-0.0008757481459125,1.242442065908814e-07
2.6492526134644946e+18,9.603589195883134e+21
-151996487680153.16,41929853937.63706
-0.0008757481459053798,1.2427001785795276e-07
-0.0008757481459125,1.242442065908814e-07
-0.0008757481459125,1.242442065908814e-07
-0.0008757481459125,1.242442065908814e-07
-0.0008757481459125,1.242442065908814e-07
-0.0008757481459125,1.242442065908891e-07
-0.0008757481459125,1.2424420659099325e-07
-0.0008757481459125,1.2424420659088178e-07
-0.0008757481459125,1.242442065908814e-07
-0.0008757481459125,1.242442065908814e-07
-0.0008757481459125,1.242442065908814e-07
-0.0008757481459125,1.242442065908814e-07
0.00016942702418643637,3.788779238810872
-0.0008757481459062752,1.2426672093457624e-07
-0.0008757481459125,1.2424420659088144e-07
-0.0008757481459125,1.242442065908814e-07
-0.0008757481459125,1.242442065908814e-07
-0.0008757481459125,1.242442065908814e-07
-0.0008751502433927509,0.002167531817826167
-0.0008757481459125,1.242442065909814e-07
-0.0008757481459125,1.2424420659088184e-07
-0.0008757481459125,1.242442065908814e-07
-0.0008757481459125,1.242442065908814e-07
-0.0008757481459125,1.242442065908814e-07
-0.0008757481459125,1.242442065908814e-07
0.000169604801301797,3.7894236842056626
-0.000875748145912493,1.2424420659087998e-07
-0.0008757481459125,1.2424420659088144e-07
-0.0008757481459125,1.242442065908814e-07
-0.0008757481459125,1.242442065908814e-07
-0.0008757481459125,1.242442065908814e-07
-0.0008757481459125,1.242442065908814e-07
-0.0008757481459125,1.2424420659096064e-07
-0.0008757481459125,1.2424420659088194e-07
-0.0008757481459125,1.242442065908814e-07
-0.0008757481459125,1.242442065908814e-07
-0.0008757481459125,1.242442065908814e-07
-0.0008757481459125,1.242442065908814e-07
-2.3021534883605417e+20,6.3507361896009464e+16
-0.0008757481459124944,1.2424420659088054e-07
-0.0008757481459125,1.242442065908814e-07
-0.0008757481459125,1.242442065908814e-07
-0.0008757481459125,1.242442065908814e-07
-0.0008757481459125,1.242442065908814e-07
2.546815610195321e+21,-7.02566277430369e+17
-0.0008757481459125,1.2424420659097122e-07
-0.0008757481459125,1.2424420659088207e-07
-0.0008757481459125,1.242442065908814e-07
-0.0008757481459125,1.242442065908814e-07
-0.0008757481459125,1.242442065908814e-07
-0.0003569033534771923,-1.8884668906096806e-08
0.05891995803693448,3.7906966065997207
-0.0008757481459123864,1.242442065908509e-07
-0.0008757481459125,1.2424420659126943e-07
-0.0008757481459125,1.242442065908814e-07
-0.0008757481459125,1.242442065908814e-07
-0.0008757481459125,1.242442065908814e-07
-0.0008757481459125,1.242442065908814e-07
-0.0008757481459125,1.2424420659095937e-07
-0.0008757353960984477,1.242406894185512e-07
-0.0008757481459124996,1.2424420659088128e-07
-0.0008757481459125,1.242442065908814e-07
-0.0008757481459125,1.242442065908814e-07
-0.0008757481459125,1.242442065908814e-07
0.00017014089508267112,3.7913670339699754
-0.0008757481459094457,1.2425483848598094e-07
-0.0008757481459125,1.2424420659114407e-07
-0.0008757481459125,1.242442065908814e-07
-0.0008757481459125,1.242442065908814e-07
-0.0008757481459125,1.242442065908814e-07
-0.0008757481459125,1.242442065908814e-07
-0.0008757481459125,1.2424420659095428e-07
-0.0008757481459125,1.242442065908814e-07
-0.0008757481459124993,1.242442065908812e-07
-0.0008757481459125,1.242442065908814e-07
-0.0008757481459125,1.242442065908814e-07
-0.0008733739634236437,0.008606579205562223
-2.3021534883605417e+20,6.3507361896009464e+16
-0.0008757481459096627,1.2425398583212336e-07
-0.0008757481459124989,1.2424420659105394e-07
-0.0008757481459125,1.242442065908814e-07
-0.0008757481459125,1.242442065908814e-07
-0.0008757481459125,1.242442065908814e-07
2.910993970302933e+18,1.055240640337557e+22
-0.0008757481459125,1.2424420659088342e-07
-0.0008757481459125,1.242442065908814e-07
-0.0008757481459124986,1.2424420659088102e-07
-0.0008757481459125,1.242442065908814e-07
-0.0008757481459125,1.242442065908814e-07
-0.0008757481459125,1.242442065908814e-07
0.05892049682729798,3.792649731525405
-0.0008757481459094103,1.2425540691064045e-07
-0.0008757481459124995,1.2424420659103208e-07
-0.0008757481459125,1.242442065908814e-07
-0.0008757481459125,1.242442065908814e-07
-0.0008757481459125,1.242442065908814e-07
1.0576627887149859e+22,-2.9176757252054154e+18
-0.0008757481459125,1.2424420659088342e-07
-0.0008757481459125,1.242442065908814e-07
-0.0008757481459125,1.242442065913932e-07
-0.0008757481459125,1.242442065908814e-07
-0.0008757481459125,1.242442065908814e-07
-0.00028952634089644456,2.125064893239952
0.00017067698886354522,3.7933103837342887
-0.000875748145912363,1.2424420659084584e-07
-0.0008757481459124997,1.2424420659088136e-07
-0.0008757481459125,1.242442065908814e-07
-0.0008757481459125,1.242442065908814e-07
-0.0008757481459125,1.242442065908814e-07
2.832554875751403e+18,-781390504560824.0
-0.0008757481459125,1.2424420659093202e-07
-0.0008757481459125,1.2424420659088327e-07
-0.0008757481459125,1.2424420659088144e-07
-0.0008757481459125,1.242442065908814e-07
-0.0008757481459125,1.242442065908814e-07
-0.0008757481459125,1.242442065908814e-07
-4.932681766024734e+32,1.3607329294792867e+29
-0.0008757481459123912,1.2424420659085425e-07
-0.0008757481459125,1.242442065908814e-07
-0.0008757481459125,1.242442065908814e-07
-0.0008757481459125,1.242442065908814e-07
-0.0008757481459125,1.242442065908819e-07
1.1784366458646632e+22,4.271854402536126e+25
-0.0008757481459125,1.2424420659093565e-07
-0.0008757481459125,1.2424420659088406e-07
-0.0008757481459125,1.242442065908814e-07
-0.0008757481459125,1.242442065908814e-07
-0.0008757481459125,1.242442065908814e-07
-0.0008757481457529196,1.2482268883096286e-07
89128.95771721807,-20.79256524616435
-0.0008757481459125,1.242442065908814e-07
-0.0008757481459124947,1.242442065944591e-07
-0.0008757481459125,1.242442065908814e-07
-0.0008757481459125,1.242442065908814e-07
-0.0008757481459125,1.242442065908814e-07
-0.0008757481459125,1.242442065908814e-07
-0.0008757481459125,1.2424420659088586e-07
-0.0008757481459125,1.242442065908853e-07
-0.0008757481459125,1.242442065908814e-07
-0.0008757481459125,1.242442065908814e-07
-0.0008757481459125,1.242442065908814e-07
-0.0008757481459120073,1.242442065907455e-07
0.0001712130826443957,3.795253733498602
-0.0008757481459123718,1.2424431452134683e-07
-0.0008757481459125,1.2424420659619527e-07
-0.0008757481459125,1.242442065908814e-07
-0.0008757481459125,1.242442065908814e-07
-0.0008757481459125,1.242442065908814e-07
1.2028727963350794e+22,-3.3182530347321953e+18
-0.0008757481459125,1.2424420659093904e-07
-0.0008757478711726685,1.2424413080097082e-07
-0.0008757481459125,1.242442065908814e-07
-0.0008757481459125,1.242442065908814e-07
-0.0008757481459125,1.242442065908814e-07
-0.0008757481459125,1.242442065908814e-07
-4.932681766024734e+32,1.3607329294792867e+29
-0.0008757481459123892,1.2424429054051984e-07
-0.0008757481395732005,1.2424420484976414e-07
-0.0008757481459125,1.242442065908814e-07
-0.0008757481459125,1.242442065908814e-07
-0.0008757481459125,1.242442065908814e-07
2.8351400722271677e+18,1.0277434634989392e+22
-0.0008757481459125,1.2424420659092482e-07
-0.0008757481457177645,1.2495012644212933e-07
-0.0008757481459125,1.242442065908814e-07
-0.0008757481459125,1.242442065908814e-07
-0.0008757481459125,1.242442065908814e-07
-0.0008757481459125,1.242442065908814e-07
126443834676.86845,-34880877.990619764
-0.0008757481459124185,1.242442065908679e-07
-0.000875748145505636,1.2424420647864632e-07
-0.0008757481459125,1.242442065908814e-07
-0.0008757481459125,1.242442065908814e-07
-0.0008757481459125,1.242442065908814e-07
41078.455052995385,148910154.3340349
-0.0008757481459125,1.242442065909314e-07
-0.0008757481459125,1.2424420659089205e-07
-0.0008757481459125,1.242442065908814e-07
-0.0008757481459125,1.242442065908814e-07
-0.0008757481459125,1.242442065908814e-07
-0.0008757481459125,1.242442065908814e-07
0.00017174914266485217,3.7971970832629247
-0.0008757481459119369,1.2424594768872655e-07
-0.0008757481459125,1.2424420659782285e-07
-0.0008757481459125,1.242442065908814e-07
-0.0008757481459125,1.242442065908814e-07
-0.0008757481459125,1.242442065908814e-07
-0.0008757481459125,1.242442065908814e-07
-0.0008757481459125,1.2424420659092652e-07
-0.0008757481459125,1.242442065908954e-07
-0.0008757481459125,1.2424420661690804e-07
-0.0008757481459125,1.242442065908814e-07
-0.0008757481459125,1.242442065908814e-07
-0.0008757481459125,1.242442065908814e-07
0.0001719270193382467,3.797841767076276
-0.0008757481459119866,1.2424579136965767e-07
-0.0008757481398574237,1.2424420492052715e-07
-0.0008757481459125,1.242442065908814e-07
-0.0008757481459125,1.242442065908814e-07
-0.0008757481459125,1.242442065908814e-07
-0.0008757481459125,1.242442065908814e-07
-0.0008757481459125,1.2424420659092292e-07
-0.0008757481459125,1.242442065908814e-07
-0.000875748145912477,1.2424420659087599e-07
-0.0008757481459125,1.242442065908814e-07
-0.0008757481459125,1.242442065908814e-07
-0.0008757481459125,1.242442065908814e-07
1.9023204858102726e+17,-52477541634537.81
-0.000875748145912013,1.2424572031462978e-07
-0.0008757481370424256,1.2424420414398118e-07
-0.0008757481459125,1.242442065908814e-07
-0.0008757481459125,1.242442065908814e-07
-0.0008757481459125,1.242442065908814e-07
-0.0008757481459125,1.242442065908814e-07
-0.0008757481459125,1.242442065909117e-07
-0.0008757481453633514,1.2425105725470772e-07
-0.0008757481459125,1.242442065908814e-07
-0.0008757481459125,1.242442065908814e-07
-0.0008757481459125,1.242442065908814e-07
-0.0008757481459125,1.242442065908814e-07
0.0001722879330283562,3.799150208188609
-0.0008757481459124441,1.2424420659090685e-07
-0.0008757481401700621,1.2424420500676857e-07
-0.0008757481459125,1.242442065908814e-07
-0.0008757481459125,1.242442065908814e-07
-0.0008757481459125,1.242442065908814e-07
-0.0008757481459125,1.242442065908814e-07
-0.0008757481459125,1.2424420659091042e-07
-0.0008757481459116923,1.2424713461751468e-07
-0.0008757481459125,1.242442065908814e-07
-0.0008757481459125,1.242442065908814e-07
-0.0008757481459125,1.242442065908814e-07
-0.0008757481459125,1.242442065908814e-07
0.00017246311311912082,3.799785116840589
-0.0008757481459121661,1.2424521582855148e-07
-0.0008757481459125,1.242442065908827e-07
-0.0008757481459125,1.242442065908814e-07
-0.0008757481459125,1.242442065908814e-07
-0.0008757481459125,1.242442065908814e-07
-0.0008757481459125,1.242442065908814e-07
-0.0008757481459125,1.2424420659089147e-07
-0.0008757481459125,1.242442065908814e-07
-0.0008757481459125,1.242442065908814e-07
-0.0008757481459125,1.242442065908814e-07
-0.0008757481459125,1.242442065908814e-07
1.0047152084005205e+22,-2.7716141719011046e+18
2.720082918577375e+23,-7.503639143551025e+19
-0.0008757481459125,1.24244206590921e-07
-0.0008757481459124999,1.242442066124621e-07
-0.0008757481459125,1.242442065908814e-07
-0.0008757481459125,1.242442065908814e-07
-0.0008757481459125,1.242442065908814e-07
-0.0003683036726792832,-1.5739769137433627e-08
-0.0008757481459125,1.2424420659088816e-07
-0.0008757481459124999,1.2424420659088139e-07
-0.0008757481459125,1.242442065908814e-07
-0.0008757481459125,1.2424420659088144e-07
-0.0008757481459125,1.242442065908814e-07
-0.0008757481459125,1.242442065908814e-07
0.00012277523478556446,3.801093571759416
-0.0008757481459124999,1.2424420659088139e-07
-0.0008757481459124999,1.242442066148473e-07
-0.0008757481459125,1.242442065908814e-07
-0.0008757481459125,1.2424420659088144e-07
-0.0008757481459125,1.242442065908814e-07
-0.0003643992775567511,-1.6816838217689644e-08
-0.0008757481459125,1.2424420659088835e-07
-0.0008757481457632511,1.2424420654970947e-07
-0.0008757481459125,1.242442065908814e-07
-0.0008757481459125,1.242442065908814e-07
-0.0008757481459125,1.242442065908814e-07
-0.0008757481459125,1.242442065908814e-07
0.00017300190348262464,3.801738241766274
-0.0008757481459124999,1.2424420659091548e-07
-0.0008757481459091437,1.2424459924731267e-07
-0.0008757481459125,1.242442065908814e-07
-0.0008757481459125,1.242442065908814e-07
-0.0008757481459125,1.242442065908814e-07
-0.0008757481459125,1.242442065908814e-07
-0.0008757481459125,1.2424420659088507e-07
-0.0008757481457916729,1.2424420655754993e-07
-0.0008757481459125,1.242442065908814e-07
-0.0008757481459125,1.242442065908814e-07
-0.0008757481459125,1.242442065908814e-07
-0.0008757481459125,1.242442065908814e-07
4.056481675713572e+29,-1.11902377971997e+26
-0.0008757481459124649,1.242442065909649e-07
-0.0008757481459125,1.2424420659088393e-07
-0.0008757481459125,1.242442065908814e-07
-0.0008757481459125,1.242442065908814e-07
-0.0008757481459125,1.242442065908814e-07
9.964132731633105e+21,-2.7487123971839816e+18
-0.0008757481459125,1.2424420659088358e-07
-0.0008757481459124998,1.242442065910635e-07
-0.0008757481459124861,1.2424420659087755e-07
-0.0008757481459125,1.242442065908814e-07
-0.0008757481459125,1.242442065908814e-07
-0.0008757481459125,1.242442065908814e-07
-107374179.91428679,29624.11694882063
-0.0008757481459124997,1.242442065911067e-07
-0.0008757481459125,1.242442065908814e-07
-0.0008757481459125,1.242442065908814e-07
-0.0008757481459125,1.242442065908814e-07
-0.0008757481459125,1.242442065908814e-07
-0.0008757481459125,1.242442065908814e-07
-0.0008757481459125,1.242442065908835e-07
-0.0008757481459125,1.2424420659117118e-07
-0.0008757481459125,1.242442065908814e-07
-0.0008757481459125,1.242442065908814e-07
-0.0008757481459125,1.242442065908814e-07
-0.0008757481459125,1.242442065908814e-07
0.00017353799726349875,3.803681591530587
-0.0008757481459124997,1.242442065908813e-07
-0.0008757481459125,1.242442065908817e-07
-0.0008757481459125,1.242442065908814e-07
-0.0008757481459125,1.242442065908814e-07
-0.0008757481459125,1.242442065908814e-07
-0.0008757481459125,1.242442065908814e-07
-0.0008757481459125,1.242442065908835e-07
-0.0008757481459125,1.2424420659133217e-07
-0.0008757481459125,1.242442065908814e-07
-0.0008757481459125,1.242442065908814e-07
-0.0008757481459125,1.242442065908814e-07
-0.0008757481459125,1.242442065908814e-07
5.848602927225622e+35,-1.6133995607299321e+32
-0.0008757481459124995,1.2424420659088125e-07
-0.0008757481459125,1.2424420659096784e-07
-0.0008757481459125,1.242442065908814e-07
-0.0008757481459125,1.242442065908814e-07
-0.0008757481459125,1.242442065908814e-07
-0.0008757481459125,1.242442065908814e-07
-0.0008757481459125,1.2424420659088327e-07
-0.0008757481459114728,1.242442065906132e-07
-0.0008757481459125,1.242442065908814e-07
-0.0008757481459125,1.242442065908814e-07
-0.0008757481459125,1.242442065908814e-07
-0.0008757481459125,1.242442065908814e-07
-107374179.91428626,29624.118901945556
-0.0008757481459124987,1.242442081593296e-07
-0.0008757481459124998,1.2424420750713556e-07
-0.0008757481459125,1.242442065908814e-07
-0.0008757481459125,1.242442065908814e-07
-0.0008757481459125,1.242442065908814e-07
8.19439101424162e+32,2.970481735537499e+36
-0.0008757481459125,1.2424420659088358e-07
-0.0008757481459125,1.242442065909044e-07
-0.0008757481459125,1.2424420659088144e-07
-0.0008757481459125,1.242442065908814e-07
-0.0008757481459125,1.242442065908814e-07
-0.0008757481459125,1.242442065908814e-07
0.00017407409107165768,3.8056249412949
-0.0008757481459125,1.242442065908976e-07
-0.000875748145912496,1.2424422125093917e-07
-0.0008757481459125,1.242442065908814e-07
-0.0008757481459125,1.242442065908814e-07
-0.0008757481459125,1.242442065908814e-07
-0.0008757481459125,1.242442065908814e-07
-0.0008757481459125,1.242442065908834e-07
-0.0008757481459125,1.242442065908912e-07
-0.0008757481459125,1.2424420659088144e-07
-0.0008757481459125,1.242442065908814e-07
-0.0008757481459125,1.242442065908814e-07
-0.0008757481459125,1.242442065908814e-07
0.0001742518681870183,3.806269386689691
-0.0008757481459125,1.242442065909008e-07
-0.0008757481459125,1.2424420659088258e-07
-0.0008757481459125,1.242442065908814e-07
-0.0008757481459125,1.242442065908814e-07
-0.0008757481459125,1.242442065908814e-07
9.962124126275724e+21,-2.7481583019510513e+18
-0.0008757481459125,1.2424420659088176e-07
-0.0008757481459115076,1.2424420659061724e-07
-0.0008757481459125,1.2424420659088202e-07
-0.0008757481459125,1.242442065908814e-07
-0.0008757481459125,1.242442065908814e-07
-0.0008757481459125,1.242442065908814e-07
-2.3021534883605417e+20,6.3507361896009464e+16
-0.0008757481459124956,1.2424420689278664e-07
-0.0008757481459124945,1.2424420659087988e-07
-0.0008757481459125,1.242442065908814e-07
-0.0008757481459125,1.2424420659088308e-07
-0.0008757481459125,1.2424420659088192e-07
-0.0008757481459125,1.242442065908814e-07
-0.0008757481459125,1.2424420659088205e-07
-0.0008757481459118824,1.2424420659071103e-07
-0.0008757481459125,1.242442065908814e-07
-0.0008757481459125,1.242442065908814e-07
-0.0008757481459125,1.242442065908814e-07
-0.0008757481459125,1.242442065908814e-07
0.0001746519080742917,3.8075682910477036
-0.0008757481459124946,1.2424420682686694e-07
-0.0008757481459125,1.242442065908814e-07
-0.0008757481459125,1.242442065908814e-07
-0.0008757481459125,1.2424420659088144e-07
-0.0008757481459125,1.242442065908814e-07
-0.0008757481459125,1.242442065908814e-07
-0.0008757481459125,1.242442065908825e-07
-0.0008757481459123938,1.2424420659085208e-07
-0.0008757481459125,1.242442065908814e-07
-0.0008757481459125,1.242442065908814e-07
-0.0008757481459125,1.242442065908814e-07
-0.0008757481459125,1.242442065908814e-07
0.00017479065855052214,3.808222511615375
-0.0008757481459124971,1.2424420659088062e-07
-0.0008757481459125,1.2424420659157272e-07
-0.0008757481459125,1.242442065908814e-07
-0.0008757481459125,1.242442065908814e-07
-0.0008757481459125,1.242442065908814e-07
143915133596.09222,-39700526.12829191
-0.0008757481459125,1.242442065908827e-07
-0.0008757481459124671,1.2424420663099665e-07
-0.0008757481459125,1.242442065908842e-07
-0.0008757481459125,1.242442065908814e-07
-0.0008757481459125,1.242442065908814e-07
-0.0008757481459125,1.242442065908814e-07
-2.3021534883605417e+20,6.3507361896009464e+16
-0.000875748145912499,1.2424420662905306e-07
-0.0008757481459124682,1.2424420659087427e-07
-0.0008757481459125,1.242442065908814e-07
-0.0008757481459125,1.242442065908814e-07
-0.0008757481459125,1.242442065908814e-07
-0.0008757481459125,1.242442065908814e-07
-0.0008757481459125,1.2424420659088282e-07
-0.0008757481459124567,1.2424420663012643e-07
-0.0008757481459124999,1.2424420659088139e-07
-0.0008757481459125,1.242442065908814e-07
-0.0008757481459125,1.242442065908814e-07
-0.0008757481129405949,1.2424419749522934e-07
89128.95772132635,-20.777672668606005
-0.0008757481459124992,1.2424420659088117e-07
-0.0008757481459125,1.242442065908814e-07
-0.0008757481459125,1.242442065908814e-07
-0.0008757481459125,1.242442065908814e-07
-0.0008757481459125,1.242442065908814e-07
-0.0008757481459125,1.242442065908814e-07
-0.0008757481459125,1.2424420659088202e-07
-0.0008757481459125,1.242442065908814e-07
-0.0008757481459125,1.242442065908814e-07
-0.0008757481459125,1.242442065908814e-07
-0.0008757481459125,1.242442065908814e-07
-0.0008757481459125,1.242442065908814e-07
0.00017532405574876653,3.8101560862183175
-0.0008757481459124992,1.2424420659088117e-07
-0.0008757481459125,1.2424420659093861e-07
-0.0008757481459125,1.242442065908814e-07
-0.0008757481459125,1.2424420659088147e-07
-0.0008757481459125,1.242442065908814e-07
-0.0008757481459125,1.242442065908814e-07
-0.0008757481459125,1.242442065908818e-07
-0.0008757481459125,1.242442065908814e-07
-0.0008757481459125,1.242442065908814e-07
-0.0008757481459125,1.242442065908814e-07
-0.0008757481459125,1.242442065908814e-07
-0.0008757481459125,1.242442065908814e-07
-3.218643861614858e+26,8.878972734329337e+22
-0.0008757481459124993,1.2424420659088123e-07
-0.0008757481459125,1.242442065908814e-07
-0.0008757481459125,1.242442065908814e-07
-0.0008757481459125,1.242442065908814e-07
-0.0008757481459125,1.242442065908814e-07
-0.0008757481459125,1.242442065908814e-07
-0.0008757481459125,1.2424420659088186e-07
-0.0008757481459125,1.242442065908814e-07
-0.0008757481459125,1.2424420659088308e-07
-0.0008757481459125,1.242442065908814e-07
-0.0008757481459125,1.242442065908814e-07
-0.0008757481459125,1.242442065908814e-07
89128.95772186514,-20.77571954368032
-0.0008757481459124993,1.242442065908812e-07
-0.0008757481459125,1.242442065908814e-07
-0.0008757481459125,1.242442065908814e-07
-0.0008757481459125,1.242442065908814e-07
-0.0008757481459125,1.242442065908814e-07
-0.0008757481459125,1.242442065908814e-07
-0.0008757481459125,1.2424420659088194e-07
-0.0008757481459125,1.242442065908814e-07
-0.0008757481459124999,1.2424420659088139e-07
-0.0008757481459125,1.242442065908814e-07
-0.0008757481459125,1.242442065908814e-07
-0.0008757481459124981,1.2424420659088088e-07
0.00017586014952961722,3.812099435982631
-0.0008757481459124994,1.2424420659088123e-07
-0.00087445971752446,0.00467070072459312
-0.0008757481459125,1.242442065908814e-07
-0.0008757481459125,1.242442065908814e-07
-0.0008757481459125,1.242442065908814e-07
-0.0008757481459125,1.242442065908814e-07
-0.0008757481459125,1.2424420659088202e-07
-0.0008757481459125,1.242442065908814e-07
-0.0008757481459124999,1.2424420659088139e-07
-0.0008757481459125,1.242442065908814e-07
-0.0008757481459125,1.242442065908814e-07
-0.0008757481459125,1.242442065908814e-07
-4.932681766024734e+32,1.3607329294792867e+29
-0.0008757481459124995,1.2424420659088128e-07
-0.0008757481459125,1.242442065908814e-07
-0.0008757481459125,1.242442065908814e-07
-0.0008757481459125,1.242442065908814e-07
-0.0008757481459125,1.242442065908814e-07
-0.0008757481459124927,1.2424420659087937e-07
-0.0008757481459125,1.242442065908821e-07
-0.0008757481459125,1.242442065908814e-07
-0.0008757481459125,1.242442065908814e-07
-0.0008757481459125,1.2424420659088147e-07
-0.0008757481459125,1.242442065908814e-07
-0.0008757481459125,1.242442065908814e-07
126443834676.86845,-34880877.97377406
-0.0008757481459124992,1.2424420659088117e-07
-0.0008757481459125,1.242442065908814e-07
-0.0008757481459125,1.242442065908814e-07
-0.0008757481459125,1.242442065908814e-07
-0.0008757481459125,1.242442065908814e-07
-0.0008757481459040941,1.242746782322923e-07
-0.0008757481459125,1.2424420659088223e-07
-0.0008757481459125,1.242442065908814e-07
-0.0008757481459125,1.242442065908814e-07
-0.0008757481459125,1.242442065908814e-07
-0.0008757481459125,1.242442065908814e-07
-0.0008757481459125,1.242442065908814e-07
0.00017639620955007347,3.814042785746953
-0.000875748145912499,1.2424420659088112e-07
-0.0008757481459125,1.242442065908814e-07
-0.0008757481459125,1.242442065908814e-07
-0.0008757481459125,1.242442065908814e-07
-0.0008757481459125,1.242442065908814e-07
-0.0008757481459125,1.242442065908814e-07
-0.0008757481459125,1.2424420659088234e-07
-0.0008757481459125,1.242442065908814e-07
-0.0008757481459125,1.2424420659088287e-07
-0.0008757481459125,1.242442065908814e-07
-0.0008757481459125,1.242442065908814e-07
-0.0008757481459125,1.242442065908814e-07
0.00017657678280609795,3.8146972447216756
-0.000875748145912499,1.2424420659088112e-07
-0.0008757481459125,1.242442065908814e-07
-0.0008757481459125,1.242442065908814e-07
-0.0008757481459125,1.242442065908814e-07
-0.0008757481459125,1.242442065908814e-07
-0.0008757480231092233,1.242441727142864e-07
-0.0008757481459125,1.2424420659088308e-07
-0.0008757481459125,1.242442065908814e-07
-0.0008757481459125,1.2424420659088229e-07
-0.0008757481459125,1.242442065908814e-07
-0.0008757481459125,1.242442065908814e-07
-0.0008757481459125,1.242442065908814e-07
126443834676.86845,-34880877.971820936
-0.000875748145912499,1.2424420659088112e-07
-0.0008757481459125,1.242442065908814e-07
-0.0008757481459125,1.242442065908814e-07
-0.0008757481459125,1.242442065908814e-07
-0.0008757481459125,1.242442065908814e-07
-0.0008757481459125,1.242442065908814e-07
-0.0008757481459125,1.2424420659088586e-07
-0.0008757481459125,1.242442065908814e-07
-0.0008757481459125,1.2424420659161343e-07
-0.0008757481459125,1.242442065908814e-07
-0.0008757481459125,1.242442065908814e-07
-0.0008757481459125,1.242442065908814e-07
0.00012688351130728172,3.81598614931776
-0.0008757481459124991,1.2424420659088115e-07
-0.0008757481459125,1.242442065908814e-07
-0.0008757481459125,1.242442065908814e-07
-0.0008757481459125,1.242442065908814e-07
-0.0008757481459125,1.242442065908814e-07
-0.0008757481459125,1.242442065908814e-07
-0.0008757481459125,1.2424420659088607e-07
-0.0008757481459125,1.242442065908814e-07
-0.0008757481459125,1.2424420659104325e-07
-0.0008757481459125,1.242442065908814e-07
-0.0008757481459125,1.242442065908814e-07
-0.0008757481459125,1.242442065908814e-07
0.00017711018000434212,3.816630819324618
-0.000875748145912499,1.242442065908811e-07
-0.0008757481459125,1.242442065908814e-07
-0.0008757481459125,1.242442065908814e-07
-0.0008757481459125,1.242442065908814e-07
-0.0008757481459125,1.242442065908814e-07
-0.0008757481458809636,1.2424420658218175e-07
-0.0008757481459125,1.2424420659088427e-07
-0.0008757481459125,1.242442065908814e-07
-0.000875748145912499,1.2424420659090378e-07
-0.0008757481459125,1.242442065908814e-07
-0.0008757481459125,1.242442065908814e-07
-0.0008757481459125,1.242442065908814e-07
2.720082918577375e+23,-7.503639143551025e+19
-0.0008757481459124992,1.2424420659088117e-07
-0.0008757481459125,1.242442065908814e-07
-0.0008757481459125,1.242442065908814e-07
-0.0008757481459125,1.242442065908814e-07
-0.0008757481459125,1.242442065908814e-07
-0.0008757481459125,1.242442065908814e-07
-0.0008757481459125,1.2424420659088348e-07
-0.0008757481459125,1.242442065908814e-07
-0.0008757481459125,1.242442065908814e-07
-0.0008757481459125,1.242442065908814e-07
-0.0008757481459125,1.242442065908814e-07
-0.0008757481459125,1.242442065908814e-07
0.00012742230167078576,3.817939274243445
-0.0008757481459124993,1.242442065908812e-07
-0.0008757481459125,1.242442065908814e-07
-0.0008757481459125,1.2424420659088162e-07
-0.0008757481459125,1.242442065908815e-07
-0.0008757481459125,1.242442065908814e-07
-0.0008757481459125,1.242442065908814e-07
-0.0008757481459125,1.2424420659088472e-07
-0.0008757481459125,1.242442065908814e-07
-0.0008757481459125,1.242442065908814e-07
-0.0008757481459125,1.242442065908814e-07
-0.0008757481459125,1.242442065908814e-07
-0.0008757481459125,1.242442065908814e-07
0.00017764897036784617,3.8185839442503022
-0.0008757481459124984,1.2424420659088096e-07
-0.0008757481459125,1.242442065908814e-07
-0.0008757481459125,1.2424420659088147e-07
-0.0008757481459125,1.2424420659088147e-07
-0.0008757481459125,1.242442065908814e-07
-0.0008757481459125,1.242442065908814e-07
-0.0008757481459125,1.2424420659088448e-07
-0.0008757481459125,1.242442065908814e-07
-0.0008757481459125,1.2424420659088144e-07
-0.0008757481459125,1.242442065908817e-07
-0.0008757481459125,1.242442065908814e-07
-0.0008757481459125,1.242442065908814e-07
4.056481675713572e+29,-1.11902377971997e+26
-0.0008757481459124977,1.2424420659088075e-07
-0.0008757481459125,1.242442065908814e-07
-0.0008757481459125,1.2424420659088144e-07
-0.0008757481459125,1.2424420659088157e-07
-0.0008757481459125,1.242442065908814e-07
-0.0008757481459125,1.242442065908814e-07
-0.0008757481459125,1.2424420659088432e-07
-0.0008757481459125,1.242442065908814e-07
-0.0008757481459125,1.2424420659088144e-07
-0.0008757481459125,1.2424420659088147e-07
-0.0008757481459125,1.242442065908814e-07
-0.0008757481459125,1.2424420662211753e-07
-107374179.91428214,29624.133794523113
-0.0008757481459124981,1.2424420659088088e-07
-0.0008757481459125,1.242442065908814e-07
-0.0008757481459125,1.2424420659088144e-07
-0.0008757481459125,1.242442065908814e-07
-0.0008757481459125,1.242442065908814e-07
-0.0008757481459125,1.242442065908814e-07
-0.0008757481459125,1.2424420659088398e-07
-0.0008757481314721055,1.242442026073444e-07
-0.000875748145818332,1.2424420656490416e-07
-0.0008757481459125,1.2424420659088147e-07
-0.0008757481459125,1.242442065908814e-07
-0.0008757481459125,1.242442065908814e-07
0.00017818506414872006,3.8205272940146155
-0.0008757481459124983,1.2424420659088094e-07
-0.0008757481459125,1.242442065908814e-07
-0.0008757481459125,1.2424420659088144e-07
-0.0008757481459125,1.242442065908814e-07
-0.0008757481459125,1.242442065908814e-07
-0.0008757481459125,1.242442065908814e-07
-0.0008757481459125,1.2424420659088374e-07
-0.0008757481371564446,1.2424420417543004e-07
-0.0008757481351095543,1.242442036107735e-07
-0.0008757481459125,1.2424420659088168e-07
-0.0008757481459125,1.242442065908814e-07
-0.0008757481459125,1.242442065908814e-07
5.848602927225622e+35,-1.6133995607299321e+32
-0.0008757481459124984,1.2424420659088096e-07
-0.000875748139429644,1.242496630372828e-07
-0.0008757481459125,1.242442065908814e-07
-0.0008757481459125,1.242442065908814e-07
-0.0008757481459125,1.242442065908814e-07
-0.0008757481459125,1.242442065908814e-07
-0.0008757481459125,1.242442065908831e-07
-0.0008757481384638476,1.2424420453609108e-07
-0.0008757481418184266,1.2424420546148757e-07
-0.0008757481459125,1.242442065908814e-07
-0.0008757481459125,1.242442065908814e-07
-0.0008757481459125,1.242442065908814e-07
-107374179.9142816,29624.13574764804
-0.0008757481459124986,1.2424420659088102e-07
-0.0008757481459125,1.242442065908814e-07
-0.0008757481459125,1.2424420659088144e-07
-0.0008757481459125,1.242442065908814e-07
-0.0008757481459125,1.242442065908814e-07
-0.0008757481459125,1.242442065908814e-07
-0.0008757481459125,1.2424420659088316e-07
-0.0008757481459125,1.242442065908814e-07
-0.0008757481459125,1.242442065908814e-07
-0.0008757481459125,1.242442065908814e-07
-0.0008757481459125,1.242442065908814e-07
-0.0008757481459125,1.242442065908814e-07
0.0001787601845960092,3.8224608686060475
-0.0008757481459124987,1.2424420659088107e-07
-0.0008757481459125,1.242442065908814e-07
-0.0008757481459125,1.2424420659088147e-07
-0.0008757481459125,1.242442065908814e-07
-0.0008757481459125,1.242442065908814e-07
-0.0008757481459125,1.242442065908814e-07
-0.0008757481459125,1.242442065908833e-07
-0.0008757481459125,1.242442065908814e-07
-0.0008757481459125,1.242442065908814e-07
-0.0008757481459125,1.242442065908814e-07
-0.0008757481459125,1.242442065908814e-07
-0.0008757481459125,1.242442065908814e-07
0.00017889893507223962,3.8231150891737196
-0.000875748145912499,1.2424420659088112e-07
-0.0008757481459125,1.242442065908814e-07
-0.0008757481426432355,1.2424420568901997e-07
-0.0008757481459111665,1.242490407194545e-07
-0.0008757481459125,1.242442065908814e-07
-0.0008757481459125,1.242442065908814e-07
-0.0008757481459125,1.2424420659088295e-07
-0.0008757461226441354,1.2424364845070137e-07
-0.0008757481459124446,1.2424440736381153e-07
-0.0008757481459125,1.242442065908814e-07
-0.0008757481459125,1.242442065908814e-07
-0.0008757481459125,1.242442065908814e-07
-2.3021534883605417e+20,6.3507361896009464e+16
-0.000875748145912499,1.2424420659088112e-07
-0.0008757481459125,1.242442065908814e-07
-0.0008757481459125,1.242442065908814e-07
-0.0008757481450772168,1.242446541546764e-07
-0.0008757481459125,1.242442065908814e-07
-0.0008757481459125,1.242442065908814e-07
-0.0008757481459125,1.2424420659088282e-07
-0.0008757481459125,1.242442065908814e-07
-0.0008757481459123716,1.2424467217411057e-07
-0.0008757481446683992,1.2424493124725223e-07
-0.0008757481459125,1.242442065908814e-07
-0.0008757481459125,1.242442065908814e-07
0.00017929897495951301,3.8244139935317323
-0.0008757481459124991,1.2424420659088115e-07
-0.0008757481459125,1.242442065908814e-07
-0.0008757481459125,1.242442065908814e-07
-0.0008757481399984889,1.2424465275351952e-07
-0.0008757481459125,1.242442065908814e-07
-0.0008757481459125,1.242442065908814e-07
-0.0008757481459125,1.2424420659088266e-07
-0.0008757481459125,1.242442065908814e-07
-0.0008757481459125,1.242442065908814e-07
-0.0008757481457126023,1.2424421158917013e-07
-0.0008757481459125,1.242442065908814e-07
-0.0008757481459125,1.242442065908814e-07
0.00017943772543574344,3.825068214099404
-0.0008757481459124991,1.2424420659088115e-07
-0.0008757481459125,1.242442065908814e-07
-0.0008757481459125,1.242442065908814e-07
-0.0008757481449100786,1.2424425695953881e-07
-0.0008757481459125,1.242442065908814e-07
-0.0008757481459125,1.242442065908814e-07
-0.0008757481459125,1.2424420659088276e-07
-0.0008757481459125,1.242442065908814e-07
-0.0008757481459125,1.242442065908814e-07
-0.000875748144256486,1.2424420860525594e-07
-0.0008757481459125,1.242442065908814e-07
-0.0008757481459125,1.242442065908814e-07
-3.218643861614858e+26,8.878972734329337e+22
-0.0008757481459124992,1.2424420659088117e-07
-0.0008757481459125,1.242442065908814e-07
-0.0008757481459121942,1.242453154487449e-07
-0.0008757481459108151,1.2424422536269184e-07
-0.0008757481459125,1.242442065908814e-07
-0.0008757481459125,1.242442065908814e-07
-0.0008757481459125,1.242442065908814e-07
-0.0008757481459125,1.242442065908814e-07
-0.0008757481459125,1.242442065908814e-07
-0.0008757481381782064,1.2424421006583302e-07
-0.0008757481459125,1.242442065908814e-07
-0.0008757481459125,1.242442065908814e-07
89128.95772597342,-20.76082696612198
-0.0008757481459124992,1.2424420659088117e-07
-0.0008757481459125,1.242442065908814e-07
-0.0008757481459125,1.242442065908814e-07
-0.0008757481459098471,1.2424426145411888e-07
-0.0008757481459125,1.242442065908814e-07
-0.0008757481459125,1.242442065908814e-07
-0.0008757481459125,1.242442065908814e-07
-0.0008757481459125,1.242442065908814e-07
-0.0008757481459125,1.242442065908814e-07
-0.0008757481394305634,1.2424420784295895e-07
-0.0008757481459125,1.242442065908814e-07
-0.0008757481459125,1.242442065908814e-07
0.00017997112263398783,3.8270017887023458
-0.0008757481459124992,1.2424420659088117e-07
-0.0008757481459125,1.242442065908814e-07
-0.0008757481459122971,1.2424494220809547e-07
-0.0008757481459092505,1.2424421058915846e-07
-0.0008757481459125,1.242442065908814e-07
-0.0008757481459125,1.242442065908814e-07
-0.0008757481459125,1.242442065908814e-07
-0.0008757481459125,1.242442065908814e-07
-0.0008757481459125,1.242442065908814e-07
-0.0008757481455073757,1.242442181402774e-07
-0.0008757481459125,1.242442065908814e-07
-0.0008757481459125,1.242442065908814e-07
-3.218643861614858e+26,8.878972734329337e+22
-0.0008757481459124983,1.242442130034161e-07
-0.0008757481459125,1.242442065908814e-07
-0.0008757481459125,1.242442065908814e-07
-0.0008757481459121456,1.242442080346624e-07
-0.0008757481459125,1.242442065908814e-07
-0.0008757481459125,1.242442065908814e-07
-0.0008757481459125,1.242442065908822e-07
-0.0008757481459125,1.242442065908814e-07
-0.0008757481459125,1.242442065908814e-07
-0.0008757481459035036,1.2424420715068745e-07
-0.0008757481459125,1.242442065908814e-07
-0.0008757481459125,1.242442065908814e-07
89128.9577265122,-20.758873841196294
-0.0008757481459124983,1.2424421300341525e-07
0.004496620845937183,-1.3577811385014182e-06
-0.0008757480676716845,1.2424419186454037e-07
-0.0008757481459119511,1.2424420829134775e-07
-0.0008757481459125,1.242442065908814e-07
-0.0008757481459125,1.242442065908814e-07
-0.0008757481459125,1.242442065908821e-07
-0.0008757459334734634,1.242435962659518e-07
-0.0008757481459125,1.242442065908814e-07
-0.0008757481459004506,1.2424420697278435e-07
-0.0008757481459125,1.242442065908814e-07
-0.0008757481459125,1.242442065908814e-07
0.00018050721641483852,3.828945138466659
-0.0008757481459124989,1.2424421086623432e-07
0.0023444946453710916,-7.640941486623215e-07
-0.000875748145861418,1.2424420657678988e-07
-0.0008757481459120852,1.242442067738537e-07
-0.0008757481459125,1.242442065908814e-07
-0.0008757481459125,1.242442065908814e-07
-0.0008757481459125,1.24244206590882e-07
-0.0008757481438656019,1.242442060262227e-07
-0.0008757481459125,1.242442065908814e-07
-0.0008757481459034482,1.2424420706716804e-07
-0.0008757481459125,1.242442065908814e-07
-0.0008757481459125,1.242442065908814e-07
0.0001806850593278152,3.82958982228002
-0.0008757481459124972,1.2424421347525766e-07
0.0010773767797719641,-4.1454615691304074e-07
-0.0008757481458700586,1.2424427588253774e-07
-0.0008757481459121529,1.2424420675045355e-07
-0.0008757481459125,1.242442065908814e-07
-0.0008757481459125,1.242442065908814e-07
-0.0008757481459125,1.2424420659088192e-07
-0.0008757481458543077,1.2424420657482844e-07
-0.0008757481459124025,1.2424456017397043e-07
-0.0008757481458714075,1.2424420828004487e-07
-0.0008757481459125,1.242442065908814e-07
-0.0008757481459125,1.242442065908814e-07
126443834676.86845,-34880877.956928365
-0.0008757481459124982,1.242442132809625e-07
0.00036053095286210787,-2.167965820763576e-07
-0.0008757481459124819,1.2424427234149294e-07
-0.000875748145912295,1.2424420742725432e-07
-0.0008757481459125,1.242442065908814e-07
-0.0008757481459125,1.242442065908814e-07
-0.0008757481459125,1.2424420659088186e-07
-0.0008754029004690794,0.0012516445527501253
-0.0008757481459124528,1.2424437805345048e-07
-0.0008757481455375778,1.2424420800060372e-07
-0.0008757481459125,1.242442065908814e-07
-0.0008757481459125,1.242442065908814e-07
0.000181043276435295,3.8308884882309817
-0.0008757481459124982,1.2424421314218424e-07
3.230826821577423e-05,-1.262528502109433e-07
-0.0008757481458846083,1.2424427633055255e-07
-0.000875748145911941,1.242442071842952e-07
-0.0008757481459125,1.242442065908814e-07
-0.0008757481459125,1.242442065908814e-07
-0.0008757481459125,1.2424420659088186e-07
-0.0008755407965359235,0.0007517691706234808
-0.0008757481444053183,1.2424601805915437e-07
-0.0008757481459069724,1.2424421591898606e-07
-0.0008757481459125,1.242442065908814e-07
-0.0008757481459125,1.242442065908814e-07
0.00018122384969131925,3.8315429472057043
-0.0008757481459124985,1.2424421214298354e-07
-0.0008757481449387613,1.242442063222652e-07
-0.0008757481457694411,1.242442614091116e-07
-0.0008757481459122977,1.242442071184734e-07
-0.0008757481459125,1.242442065908814e-07
-0.0008757481459125,1.242442065908814e-07
-0.0008757481459125,1.242442065908818e-07
-0.0008757481456281195,1.2424456007711648e-07
-0.0008757481459123305,1.2424482138574836e-07
-0.0008757481459037281,1.2424421080918032e-07
-0.0008757481459125,1.242442065908814e-07
-0.0008757481459125,1.242442065908814e-07
2.720082918577375e+23,-7.503639143551025e+19
-0.0008757481459124989,1.2424421106051614e-07
-0.0004694036528543313,1.2149739798951525e-08
-0.0008757481458146228,1.2459901326141426e-07
-0.0008757481459121649,1.2424420746884975e-07
-0.0008757481459125,1.242442065908814e-07
-0.0008757481459125,1.242442065908814e-07
-0.0008757481459125,1.2424420659088176e-07
-0.0008757481455002046,1.2424462221424022e-07
-0.0008757481459125,1.242442065908814e-07
-0.0008757481459020596,1.2424420975307092e-07
-0.0008757481459125,1.242442065908814e-07
-0.0008757481459125,1.242442065908814e-07
0.00013153057819250303,3.8328318518017888
-0.000875748145912499,1.2424421047764525e-07
-0.0008757481454895244,1.242446755878971e-07
-0.0008757481456997784,1.2424565644427707e-07
-0.0008757481459091259,1.2424420968585828e-07
-0.0008757481459125,1.242442065908814e-07
-0.0008757481459125,1.242442065908814e-07
-0.0008757481459125,1.2424420659088176e-07
-0.0008757481458789713,1.2424420658163216e-07
-0.0008757481459125,1.242442065908814e-07
-0.0008757481458991708,1.2424421819277846e-07
-0.0008757481459125,1.242442065908814e-07
-0.0008757481459125,1.242442065908814e-07
0.00018175724688956343,3.833476521808646
-0.0008757481459124991,1.2424421022784551e-07
-0.0008757481459125,1.242442065908814e-07
-0.0008757481458660689,1.242442932007272e-07
-0.000875748145910881,1.2424421286551133e-07
-0.0008757481459125,1.242442065908814e-07
-0.0008757481459125,1.242442065908814e-07
-0.0008757481459125,1.2424420659088168e-07
-0.0008757481432119108,1.2424420584589505e-07
-0.0008757481459125,1.242442065908814e-07
-0.0008757481458529641,1.2424420893461268e-07
-0.0008757481459125,1.242442065908814e-07
-0.0008757481459125,1.242442065908814e-07
2.720082918577375e+23,-7.503639143551025e+19
-0.0008757481459124987,1.2424420990816437e-07
-0.0008757481459125,1.242442065908814e-07
-0.0008757481455215501,1.242444152555483e-07
-0.0008757481458178749,1.2424421123002565e-07
-0.0008757481459125,1.242442065908814e-07
-0.0008757481459125,1.242442065908814e-07
-0.0008757481459125,1.2424420659088165e-07
-0.0008757481394881427,1.2424420481865386e-07
-0.0008757481459125,1.242442065908814e-07
-0.0008757481458307876,1.2424420656834017e-07
-0.0008757481459125,1.242442065908814e-07
-0.0008757481459125,1.242442065908814e-07
-71.67981546228597,3.854548880390837
-0.0008757481459124984,1.2424421147639016e-07
-0.0008757481459125,1.242442065908814e-07
-0.0008757481459115514,1.2424764561759163e-07
-0.0008757481459122183,1.242442153106592e-07
-0.0008757481459125,1.242442065908814e-07
-0.0008757481459125,1.242442065908814e-07
-0.0008757481459125,1.2424420659088162e-07
-0.0008757481350533111,1.2424420359525818e-07
-0.0008757481459125,1.242442065908814e-07
-0.000875748145912499,1.24244210645052e-07
-0.0008757481459125,1.242442065908814e-07
-0.0008757481459125,1.242442065908814e-07
0.00018229334067043754,3.8354198715729595
-0.0008757481459124985,1.24244211337611e-07
-0.0008757481459125,1.242442065908814e-07
-0.0008757481459124466,1.2424440026415784e-07
-0.0008757481459120809,1.242442104788479e-07
-0.0008757481459125,1.242442065908814e-07
-0.0008757481459125,1.242442065908814e-07
-0.0008757481459125,1.242442065908816e-07
-0.0008757481459125,1.242442065908814e-07
-0.0008757481459125,1.242442065908814e-07
-0.0008757481459124998,1.2424420737867735e-07
-0.0008757481459125,1.242442065908814e-07
-0.0008757481459125,1.242442065908814e-07
5.848602927225622e+35,-1.6133995607299321e+32
-0.0008757481459124998,1.2424420659088136e-07
-0.0008757481459125,1.242442065908814e-07
-0.0008757481456352953,1.242442065144115e-07
-0.0008757481459121484,1.2424421025681092e-07
-0.0008757481459125,1.242442065908814e-07
-0.0008757481459125,1.242442065908814e-07
-0.0008757481459125,1.242442065908816e-07
-0.0008757481459125,1.242442065908814e-07
-0.0008757481459125,1.242442065908814e-07
-0.0008757481459122255,1.2424520182446995e-07
-0.0008757481459125,1.242442065908814e-07
-0.0008757481459125,1.242442065908814e-07
-107374179.9142775,29624.1506402256
-0.0008757481459124991,1.2424420929731182e-07
-0.0008757481459125,1.242442065908814e-07
-0.0008757481459124958,1.242442218072111e-07
-0.0008757481459121217,1.2424420681296437e-07
-0.0008757481459125,1.242442065908814e-07
-0.0008757481459125,1.242442065908814e-07
-0.0008757481459125,1.2424420659088157e-07
-0.000875748136362806,1.2424420395649637e-07
-0.0008757477594119591,1.525315739141068e-06
-0.0008757481459115249,1.2424421836267254e-07
-0.0008757481459125,1.242442065908814e-07
-0.0008757481459125,1.242442065908814e-07
0.00018283213103394158,3.837372996498644
-0.0008757481459124994,1.2424420829104086e-07
-0.0008720362992026626,3.2084039786901907e-06
-0.0008757481459124967,1.2424421886197769e-07
-0.0008757481459121234,1.242442067954749e-07
-0.0008757481459125,1.242442065908814e-07
-0.0008757481459125,1.242442065908814e-07
-0.0008757481459125,1.2424420659088155e-07
-0.0008757481459125,1.242442065908814e-07
-0.0008757481459125,1.242442065908814e-07
-0.0008757481459110702,1.2424420659048699e-07
-0.0008757481459125,1.242442065908814e-07
-0.0008757481459125,1.242442065908814e-07
5.848602927225622e+35,-1.6133995607299321e+32
-0.0008757481459124995,1.2424420794409556e-07
-0.0008757481459125,1.242442065908814e-07
-0.0008757481459124972,1.2424421697459354e-07
-0.0008757481459117662,1.2424518061420376e-07
-0.0008757481459125,1.242442065908814e-07
-0.0008757481459125,1.242442065908814e-07
-0.0008757481459125,1.2424420659088155e-07
-0.0008757480322087913,1.2424417522449937e-07
-0.0008757481459125,1.242442065908814e-07
-0.0008757481459097565,1.2424423835725282e-07
-0.0008757481459125,1.242442065908814e-07
-0.0008757481459125,1.242442065908814e-07
-2.3021534883605417e+20,6.3507361896009464e+16
-0.0008757481459124996,1.2424420784001183e-07
-0.0008757481459125,1.242442065908814e-07
-0.0008757481459121491,1.242454788624006e-07
-0.0008757481459041693,1.2424420694434315e-07
-0.0008757481459125,1.242442065908814e-07
-0.0008757481459125,1.242442065908814e-07
-0.0008757481459125,1.2424420659088152e-07
-0.0008755965704659237,0.0005495880113471716
-0.0008757481459125,1.242442065908814e-07
-0.0008757481458476344,1.242442124312497e-07
-0.0008757481459125,1.242442065908814e-07
-0.0008757481459125,1.242442065908814e-07
0.0001834072514812305,3.8393065710900762
-0.0008757481459124997,1.2424420758327098e-07
-0.0008757481459125,1.242442065908814e-07
-0.0008757481459124359,1.242444393932838e-07
-0.0008757481459124987,1.2424421125607358e-07
-0.0008757481459125,1.242442065908814e-07
-0.0008757481459125,1.242442065908814e-07
-0.0008757481459125,1.2424420659088152e-07
-0.00087263261361404,0.011293985829489102
-0.0008757481459125,1.242442065908814e-07
-0.0008757481428356282,1.2426763274637761e-07
-0.0008757481459125,1.242442065908814e-07
-0.0008757481459125,1.242442065908814e-07
0.00018354600195746092,3.839960791657748
-0.0008757481459124997,1.2424420733687498e-07
-0.0008757481459125,1.242442065908814e-07
-0.0008757481459120981,1.2424566360122807e-07
-0.0008757481459057238,1.2424421353015852e-07
-0.0008757481459125,1.242442065908814e-07
-0.0008757481459125,1.242442065908814e-07
-0.0008757481459125,1.242442065908815e-07
-0.0008757481459125,1.242442065908814e-07
-0.0008757481459125,1.242442065908814e-07
-0.0008757481457445637,1.242444624573952e-07
-0.0008757481459125,1.242442065908814e-07
-0.0008757481459125,1.242442065908814e-07
-2.3021534883605417e+20,6.3507361896009464e+16
-0.0008757481459124998,1.2424420728830277e-07
-0.0008757481459125,1.242442065908814e-07
-0.0008757481459113392,1.2424841459185634e-07
-0.000875748145912499,1.2424421036789013e-07
-0.0008757481459125,1.242442065908814e-07
-0.0008757481459125,1.242442065908814e-07
-0.0008757481459125,1.242442065908815e-07
-0.0008757481459125,1.242442065908814e-07
-0.0008757481459125,1.242442065908814e-07
-0.0008757481459125,1.242442065908814e-07
-0.0008757481459125,1.242442065908814e-07
-0.0008757481459125,1.242442065908814e-07
0.00018394604184473432,3.8412596960157606
-0.0008757481459124999,1.2424420659088139e-07
-0.0008757481459125,1.242442065908814e-07
-0.0008757481459125,1.242442065908814e-07
-0.0008757481459084728,1.2424420899175038e-07
-0.0008757481459125,1.242442065908814e-07
-0.0008757481459125,1.242442065908814e-07
-0.0008757481459125,1.242442065908815e-07
-0.0008757481459125,1.242442065908814e-07
-0.0008757481459125,1.242442065908814e-07
0.20816759769608636,-5.7542594391737536e-05
-0.0008757481459125,1.242442065908814e-07
-0.0008757481459125,1.242442065908814e-07
0.0001840793991557051,3.84189436626069
-0.0008757481459124999,1.2424420699336847e-07
-0.0008757481459125,1.242442065908814e-07
-0.0008757481459125,1.242442065908814e-07
-0.0008757481458660426,1.2424433010669906e-07
-0.0008757481459125,1.242442065908814e-07
-0.0008757481459125,1.242442065908814e-07
-0.0008757481459125,1.2424420659088147e-07
-0.0008757481459125,1.242442065908814e-07
-0.0008757481459125,1.242442065908814e-07
0.0032459692284920114,-1.0127755371091221e-06
-0.0008757481459125,1.242442065908814e-07
-0.0008757481459125,1.242442065908814e-07
-3.218643861614858e+26,8.878972734329337e+22
-0.0008757481459124999,1.2424420700551143e-07
-0.0008757481459125,1.242442065908814e-07
-0.000875120726076719,0.0022745326285056244
-0.0008757481458267362,1.2424428831545958e-07
-0.0008757481459125,1.242442065908814e-07
-0.0008757481459125,1.242442065908814e-07
-0.0008757481459125,1.2424420659088147e-07
-0.0008757481459125,1.242442065908814e-07
-0.0008757481459125,1.242442065908814e-07
-0.0008757481459125,1.242442065908814e-07
-0.0008757481459125,1.242442065908814e-07
-0.0008757481459125,1.242442065908814e-07
89128.95773062049,-20.74398126363795
-0.0008757481459124999,1.2424420693785718e-07
-0.0008757481459125,1.242442065908814e-07
-0.0008757481459125,1.242442065908814e-07
-0.0008757481459124839,1.2424426524635902e-07
-0.0008757481459125,1.242442065908814e-07
-0.0008757481459125,1.242442065908814e-07
-0.0008757481459125,1.2424420659088147e-07
-0.0008757481459125,1.242442065908814e-07
-0.0008757481459125,1.242442065908814e-07
-0.00015454111017464416,-7.470845426393283e-08
-0.0008757481459125,1.242442065908814e-07
-0.0008757481459125,1.242442065908814e-07
0.00018461818951920914,3.8438474911863745
-0.0008757481459124999,1.2424420679646168e-07
-0.0008757481459125,1.242442065908814e-07
-0.0008757481459125,1.242442065908814e-07
4593.468730310643,16651411.36642132
-0.0008757481459125,1.242442065908814e-07
-0.0008757481459125,1.242442065908814e-07
-0.0008757481459125,1.2424420659088147e-07
-0.0008757481459125,1.242442065908814e-07
-0.0008757481459125,1.242442065908814e-07
-0.0008757481459125,1.242442065908814e-07
-0.0008757481459125,1.242442065908814e-07
-0.0008757481459125,1.242442065908814e-07
-4.932681766024734e+32,1.3607329294792867e+29
-0.0008757481459124999,1.2424420677391025e-07
-0.0008757481459125,1.242442065908814e-07
-0.0008757481459125,1.242442065908814e-07
-0.0008757481459125,1.242442065908814e-07
-0.0008757481459125,1.242442065908814e-07
-0.0008757481459125,1.242442065908814e-07
-0.0008757481459125,1.2424420659088147e-07
-0.0008757481459125,1.242442065908814e-07
-0.0008757481459125,1.242442065908814e-07
0.0009252479205493633,-3.7257978687592824e-07
-0.0008757481459125,1.242442065908814e-07
-0.0008757481459125,1.242442065908814e-07
126443834676.86847,-34880877.94203579
-0.0008757481459124999,1.2424420675829777e-07
-0.0008757481459125,1.242442065908814e-07
-0.0008757481459125,1.242442065908814e-07
-0.000802757931967499,1.0410907678607674e-07
-0.0008757481459125,1.242442065908814e-07
-0.0008757481459125,1.242442065908814e-07
-0.0008757481459125,1.2424420659088147e-07
-0.0008757481459125,1.242442065908814e-07
-0.0008757481459125,1.242442065908814e-07
0.006297717611648595,-1.8546329109313425e-06
-0.0008757481459125,1.242442065908814e-07
-0.0008757481459125,1.242442065908814e-07
0.00018515155295701225,3.8457810657893257
-0.0008757481459124999,1.2424420672360324e-07
-0.0008757481459125,1.242442065908814e-07
-0.0008757481459125,1.242442065908814e-07
-0.0008127714900808804,1.0687142370251153e-07
-0.0008757481459125,1.242442065908814e-07
-0.0008757481459125,1.242442065908814e-07
-0.0008757481459125,1.2424420659088144e-07
-0.0008757481459125,1.242442065908814e-07
-0.0008757481459125,1.242442065908814e-07
-0.0008757481459125,1.242442065908814e-07
-0.0008757481459125,1.242442065908814e-07
-0.0008757481459125,1.242442065908814e-07
0.00018533212621303673,3.8464355247640483
-0.0008757481459125,1.2424420669670727e-07
-0.0008757481459125,1.242442065908814e-07
-0.0008757481459125,1.242442065908814e-07
-0.0008757481459125,1.242442065908814e-07
-0.0008757481459125,1.242442065908814e-07
-0.0008757481459125,1.242442065908814e-07
-0.0008757481459125,1.2424420659088144e-07
-0.0008757481459125,1.242442065908814e-07
-0.0008757481459125,1.242442065908814e-07
-0.0008757481459125,1.242442065908814e-07
-0.0008757481459125,1.242442065908814e-07
-0.0008757481459125,1.242442065908814e-07
1.9023204858102726e+17,-52477541634537.766
-0.0008757481459125,1.2424420667068642e-07
-0.0008757481459125,1.242442065908814e-07
-0.0008757481459125,1.242442065908814e-07
-0.0008757481459125,1.242442065908814e-07
-0.0008757481459125,1.242442065908814e-07
-0.0008757481459125,1.242442065908814e-07
-0.0008757481459125,1.2424420659088144e-07
-0.0008757481459125,1.242442065908814e-07
-0.0008757481459125,1.242442065908814e-07
-0.0008757481459125,1.242442065908814e-07
-0.0008757481459125,1.242442065908814e-07
-0.0008757481459125,1.242442065908814e-07
0.0001856903433205163,3.84773419071501
-0.0008757481459125,1.242442065908814e-07
-0.0008757481459125,1.242442065908814e-07
-0.0008757481459125,1.242442065908814e-07
-0.0008757481459125,1.242442065908814e-07
-0.0008757481459125,1.242442065908814e-07
-0.0008757481459125,1.242442065908814e-07
-0.0008757481459125,1.242442065908814e-07
-0.0008757481459125,1.242442065908814e-07
-0.0008757481459125,1.242442065908814e-07
-0.0008757481459125,1.242442065908814e-07
-0.0008757481459125,1.242442065908814e-07
-0.0008757481459125,1.242442065908814e-07
0.0001858655234112809,3.8483690993669906
-0.0008757481459125,1.242442066533392e-07
-0.0008757481459125,1.242442065908814e-07
-0.0008757481459125,1.242442065908814e-07
-0.0008757481459125,1.242442065908814e-07
-0.0008757481459125,1.242442065908814e-07
-0.0008757481459125,1.242442065908814e-07
-0.0008757481459125,1.2424420659088144e-07
-0.0008757481459125,1.242442065908814e-07
-0.0008757481459125,1.242442065908814e-07
-0.0008757481459125,1.242442065908814e-07
-0.0008757481459125,1.242442065908814e-07
-0.0008757481459125,1.242442065908814e-07
2.720082918577375e+23,-7.503639143551025e+19
-0.0008757481459125,1.2424420664531223e-07
-0.0008757481459125,1.242442065908814e-07
-0.0008757481459125,1.242442065908814e-07
-0.0008757481459125,1.242442065908814e-07
-0.0008757481459125,1.242442065908814e-07
-0.0008757481459125,1.242442065908814e-07
-0.0008757481459125,1.2424420659088144e-07
-0.0008757481459125,1.242442065908814e-07
-0.0008757481459125,1.242442065908814e-07
-0.0008757481459125,1.242442065908814e-07
-0.0008757481459125,1.242442065908814e-07
-0.0008757481459125,1.242442065908814e-07
0.00013617764507772455,3.849677554285817
-0.0008757481459125,1.2424420663859017e-07
-0.0008757481459125,1.242442065908814e-07
-0.0008757481459125,1.242442065908814e-07
-0.0008757481459125,1.242442065908814e-07
-0.0008757481459125,1.242442065908814e-07
-0.0008757481459125,1.242442065908814e-07
-0.0008757481459125,1.2424420659088144e-07
-0.0008757481459125,1.242442065908814e-07
-0.0008757481459125,1.242442065908814e-07
-0.0008757481459125,1.242442065908814e-07
-0.0008757481459125,1.242442065908814e-07
-0.0008757481459125,1.242442065908814e-07
0.00018640431377478473,3.850322224292675
-0.0008757481459125,1.242442066370723e-07
-0.0008757481459125,1.242442065908814e-07
-0.0008757481459125,1.242442065908814e-07
-0.0008757481459125,1.242442065908814e-07
-0.0008757481459125,1.242442065908814e-07
-0.0008757481459125,1.242442065908814e-07
-0.0008757481459125,1.2424420659088144e-07
-0.0008757481399718213,1.2424420495208177e-07
-0.0008757481459125,1.242442065908814e-07
-0.0008757481459125,1.242442065908814e-07
-0.0008757481459125,1.242442065908814e-07
-0.0008757481459125,1.242442065908814e-07
4.056481675713572e+29,-1.11902377971997e+26
-0.0008757481459125,1.2424420663316916e-07
-0.0008757481459125,1.242442065908814e-07
-0.0008757481459125,1.242442065908814e-07
-0.0008757481459125,1.242442065908814e-07
-0.0008757481459125,1.242442065908814e-07
-0.0008757481459125,1.242442065908814e-07
-0.0008757481459125,1.2424420659088144e-07
-0.0008757481459125,1.242442065908814e-07
-0.0008757481459125,1.242442065908814e-07
-0.0008757481459125,1.242442065908814e-07
-0.0008757481459125,1.242442065908814e-07
-0.0008757481459125,1.242442065908814e-07
-0.0005102327830425316,1.3250000023029762
-0.0008757481459125,1.2424420663251864e-07
-0.0008757481459125,1.242442065908814e-07
-0.0008757481459125,1.242442065908814e-07
-0.0008757481459125,1.242442065908814e-07
-0.0008757481459125,1.242442065908814e-07
-0.0008757481459125,1.242442065908814e-07
-0.0008757481459125,1.2424420659088144e-07
-0.0008757481459125,1.242442065908814e-07
-0.0008757481459125,1.242442065908814e-07
-0.0008757481459125,1.242442065908814e-07
-0.0008757481459125,1.242442065908814e-07
-0.0008757481459125,1.242442065908814e-07
4.056481675713572e+29,-1.11902377971997e+26
-0.0008757481459125,1.2424420663056708e-07
-0.0008757481459125,1.242442065908814e-07
-0.0008757481459125,1.242442065908814e-07
-0.0008757481459125,1.242442065908814e-07
-0.0008757481459125,1.242442065908814e-07
-0.0008757481459125,1.242442065908814e-07
-0.0008757481459125,1.2424420659088144e-07
-0.0008757481459125,1.242442065908814e-07
-0.0008757481459125,1.242442065908814e-07
-0.0008757481459125,1.242442065908814e-07
-0.0008757481459125,1.242442065908814e-07
-0.0008757481459125,1.242442065908814e-07
-2.3021534883605417e+20,6.3507361896009464e+16
-0.0008757481459125,1.242442066253629e-07
-0.0008757481459125,1.242442065908814e-07
-0.0008757481459125,1.242442065908814e-07
-0.0008757481459125,1.242442065908814e-07
-0.0008757481459125,1.242442065908814e-07
-0.0008757481459125,1.242442065908814e-07
-0.0008757481459125,1.2424420659088144e-07
-0.0008757481459125,1.242442065908814e-07
-0.0008757481459125,1.242442065908814e-07
-0.0008757481459125,1.242442065908814e-07
-0.0008757481459125,1.242442065908814e-07
-0.0008757481459125,1.242442065908814e-07
2.720082918577375e+23,-7.503639143551025e+19
-0.0008757481459125,1.242442066242787e-07
-0.0008757481459125,1.242442065908814e-07
-0.0008757481459125,1.242442065908814e-07
-0.0008757481459125,1.242442065908814e-07
-0.0008757481459125,1.242442065908814e-07
-0.0008757481459125,1.242442065908814e-07
-0.0008757481459125,1.2424420659088144e-07
-0.0008757481459125,1.242442065908814e-07
-0.0008757481459125,1.242442065908814e-07
-0.0008757481459125,1.242442065908814e-07
-0.0008757481459125,1.242442065908814e-07
-0.0008757481459125,1.242442065908814e-07
1.9023204858102726e+17,-52477541634539.516
-0.0008757481459125,1.2424420662059242e-07
-0.0008757481459125,1.242442065908814e-07
-0.0008757481459125,1.242442065908814e-07
-0.0008757481459125,1.242442065908814e-07
-0.0008757481459125,1.242442065908814e-07
-0.0008757481459125,1.242442065908814e-07
-0.0008757481459125,1.2424420659088144e-07
-0.0008757481459125,1.242442065908814e-07
-0.0008757481459125,1.242442065908814e-07
-0.0008757481459125,1.242442065908814e-07
-0.0008757481459125,1.242442065908814e-07
-0.0008757481459125,1.242442065908814e-07
-0.0002767857114438323,2.1712499081147123
-0.0008757481459125,1.2424420662232328e-07
-0.0008757481459125,1.242442065908814e-07
-0.0008757481459125,1.242442065908814e-07
-0.0008757481459125,1.242442065908814e-07
-0.0008757481459125,1.242442065908814e-07
-0.0008757481459125,1.242442065908814e-07
-0.0008757481459125,1.2424420659088144e-07
-0.0008757481459125,1.242442065908814e-07
-0.0008757481459125,1.242442065908814e-07
-0.0008757481459125,1.242442065908814e-07
-0.0008757481459125,1.242442065908814e-07
-0.0008757481459125,1.242442065908814e-07
126443834676.86803,-34880879.535297446
-0.0008757481459125,1.2424420662406184e-07
-0.0008757481459125,1.242442065908814e-07
-0.0008757481459125,1.242442065908814e-07
-0.0008757481459125,1.242442065908814e-07
-0.0008757481459125,1.242442065908814e-07
-0.0008757481459125,1.242442065908814e-07
-0.0008757481459125,1.2424420659088144e-07
-0.0008757481459125,1.242442065908814e-07
-0.0008757481459125,1.242442065908814e-07
-0.0008757481459125,1.242442065908814e-07
-0.0008757481459125,1.242442065908814e-07
-0.0008757481459125,1.242442065908814e-07
-107374179.91470315,29622.607671534308
-0.0008757481459125,1.2424420662644708e-07
-0.0008757481459125,1.242442065908814e-07
-0.0008757481459125,1.242442065908814e-07
-0.0008757481459125,1.242442065908814e-07
-0.0008757481459125,1.242442065908814e-07
-0.0008757481459125,1.242442065908814e-07
-0.0008757481459125,1.2424420659088144e-07
-0.0008757481459125,1.242442065908814e-07
-0.0008757481459125,1.242442065908814e-07
-0.0008757481459125,1.242442065908814e-07
-0.0008757481459125,1.242442065908814e-07
-0.0008757481459125,1.242442065908814e-07
-151996487680153.16,41929853936.18394
-0.0008757481459125,1.2424420662753128e-07
-0.0008757481459125,1.242442065908814e-07
-0.0008757481459125,1.242442065908814e-07
-0.0008757481459125,1.242442065908814e-07
-0.0008757481459125,1.242442065908814e-07
-0.0008757481459125,1.242442065908814e-07
-0.0008757481459125,1.2424420659088144e-07
-0.0008757481459125,1.242442065908814e-07
-0.0008757481459125,1.242442065908814e-07
-0.0008757481459125,1.242442065908814e-07
-0.0008757481459125,1.242442065908814e-07
-0.0008757481459125,1.242442065908814e-07
126443834676.86806,-34880879.410297446
-0.0008757481459125,1.2424420663338598e-07
-0.0008757481459125,1.242442065908814e-07
-0.0008757481459125,1.242442065908814e-07
-0.0008757481459125,1.242442065908814e-07
-0.0008757481459125,1.242442065908814e-07
-0.0008757481459125,1.242442065908814e-07
-0.0008757481459125,1.2424420659088144e-07
-0.0008757481459125,1.242442065908814e-07
-0.0008757481459125,1.242442065908814e-07
-0.0008757481459125,1.242442065908814e-07
-0.0008757481459125,1.242442065908814e-07
-0.0008757481459125,1.242442065908814e-07
-3.218643861614858e+26,8.878972734329337e+22
-0.0008757481459125,1.2424420663772278e-07
-0.0008757481459125,1.242442065908814e-07
-0.0008757481459125,1.242442065908814e-07
-0.0008757481459125,1.242442065908814e-07
-0.0008757481459125,1.242442065908814e-07
-0.0008757481459125,1.242442065908814e-07
-0.0008757481459125,1.2424420659088144e-07
-0.0008757481459125,1.242442065908814e-07
-0.0008757481459125,1.242442065908814e-07
-0.0008757481459125,1.242442065908814e-07
-0.0008757481459125,1.242442065908814e-07
-0.0008757481459125,1.242442065908814e-07
2.720082918577375e+23,-7.503639143551025e+19
-0.0008757481459125,1.2424420663967438e-07
-0.0008757481459125,1.242442065908814e-07
-0.0008757481459125,1.242442065908814e-07
-0.0008757481459125,1.242442065908814e-07
-0.0008757481459125,1.242442065908814e-07
-0.0008757481459125,1.242442065908814e-07
-0.0008757481459125,1.2424420659088144e-07
-0.0008757481459125,1.242442065908814e-07
-0.0008757481459125,1.242442065908814e-07
-0.0008757481459125,1.242442065908814e-07
-0.0008757481459125,1.242442065908814e-07
-0.0008757481459125,1.242442065908814e-07
-0.00023605914730804776,2.500312371253563
-0.0008757481459125,1.242442066366386e-07
-0.0008757481459125,1.242442065908814e-07
-0.0008757481459125,1.242442065908814e-07
-0.0008757481459125,1.242442065908814e-07
-0.0008757481459125,1.242442065908814e-07
-0.0008757481459125,1.242442065908814e-07
-0.0008757481459125,1.2424420659088144e-07
-0.0008757481459125,1.242442065908814e-07
-0.0008757481459125,1.242442065908814e-07
-0.0008757481459125,1.242442065908814e-07
-0.0008757481459125,1.242442065908814e-07
-0.0008757481459125,1.242442065908814e-07
-4.932681766024734e+32,1.3607329294792867e+29
-0.0008757481459125,1.2424420663967438e-07
1444386.885065643,5235928888.775232
-0.0008757481459125,1.242442065908814e-07
-0.0008757481459125,1.242442065908814e-07
-0.0008757481459125,1.242442065908814e-07
-0.0008757481459125,1.242442065908814e-07
-0.0008757481459125,1.2424420659088144e-07
-0.0008757481459125,1.242442065908814e-07
-0.0008757481459125,1.242442065908814e-07
-0.0008757481459125,1.242442065908814e-07
-0.0008757481459125,1.242442065908814e-07
-0.0008757481459125,1.242442065908814e-07
5.848602927225622e+35,-1.6133995607299321e+32
-0.0008757481459125,1.2424420666851802e-07
-0.0008757481459125,1.242442065908814e-07
-0.0008757481459125,1.242442065908814e-07
-0.0008757481459125,1.242442065908814e-07
-0.0008757481459125,1.242442065908814e-07
-0.0008757481459125,1.242442065908814e-07
-0.0008757481459125,1.2424420659088144e-07
-0.0008757481459125,1.242442065908814e-07
-0.0008757481459125,1.242442065908814e-07
-0.0008757481459125,1.242442065908814e-07
-0.0008757481459125,1.242442065908814e-07
-0.0008757481459125,1.242442065908814e-07
-0.00016885518899535418,2.5625000267422235
-0.0008757481459125,1.2424420666938538e-07
717565.3387339794,2601187485.025972
-0.0008757481459125,1.242442065908814e-07
-0.0008757481459125,1.242442065908814e-07
-0.0008757481459125,1.242442065908814e-07
-0.0008757481459125,1.242442065908814e-07
-0.0008757481459125,1.2424420659088144e-07
-0.000875729069789428,6.927553936913845e-05
-0.0008757481459125,1.242442065908814e-07
-0.0008757481459125,1.242442065908814e-07
-0.0008757481459125,1.242442065908814e-07
-0.0008757481459125,1.242442065908814e-07
0.058586918243493616,2.5834212619110115
-0.0008757481459125,1.242442066954062e-07
948974.2496599008,3440049021.107663
-0.0008757481459125,1.242442065908814e-07
-0.0008757481459125,1.242442065908814e-07
-0.0008757481459125,1.242442065908814e-07
-0.0008757481459125,1.242442065908814e-07
-0.0008757481459125,1.2424420659088144e-07
-0.0008757476669425349,1.86051909367216e-06
-0.0008757481459125,1.242442065908814e-07
-0.0008757481459125,1.242442065908814e-07
-0.0008757481459125,1.242442065908814e-07
-0.0008757481459125,1.242442065908814e-07
-71.68015496756377,2.623836036593914
-0.0008757481459125,1.2424420669540623e-07
-0.0008757481459125,1.242442065908814e-07
-0.0008757481459125,1.242442065908814e-07
0.024238598731065354,91.03996705816313
-0.0008757481459125,1.242442065908814e-07
-0.0008757481459125,1.242442065908814e-07
-0.0008757481459125,1.2424420659088144e-07
-0.0008757479393313788,8.731045509204791e-07
-0.0008757481459125,1.242442065908814e-07
-0.0008757481459125,1.242442065908814e-07
-0.0008757481459125,1.242442065908814e-07
-0.0008757481459125,1.242442065908814e-07
89128.95739448264,-21.962487076649346
-0.0008757481459125,1.2424420671839907e-07
-0.0008757481459125,1.242442065908814e-07
-0.0008757481459125,1.242442065908814e-07
0.03776678079405601,140.07987455500938
-0.0008757481459125,1.242442065908814e-07
-0.0008757481459125,1.242442065908814e-07
-0.0008757481459125,1.2424420659088144e-07
-0.0008757479427641048,8.544786112571847e-07
-0.0008757481459125,1.242442065908814e-07
-0.0008757481459125,1.242442065908814e-07
-0.0008757481459125,1.242442065908814e-07
-0.0008757481459125,1.242442065908814e-07
-0.0001459243053251874,2.645624899601698
-0.0008757481459124999,1.2424420672533794e-07
-0.0008757481432680659,1.2424650863099384e-07
-0.0008757481459125,1.242442065908814e-07
-0.0008757481459125,1.242442065908814e-07
-0.0008757481459125,1.242442065908814e-07
-0.0008757481459125,1.242442065908814e-07
-0.0008757481459125,1.2424420659088147e-07
-0.0008757479833292647,7.129191204919977e-07
-0.0008757481459125,1.242442065908814e-07
-0.0008757481459125,1.242442065908814e-07
-0.0008757481459125,1.242442065908814e-07
-0.0008757481459125,1.242442065908814e-07
-0.00014023464751683815,2.6662500132578395
-0.0008757481459125,1.2424420669237047e-07
-0.0008757481459125,1.242442065908814e-07
-0.0008757481459125,1.242442065908814e-07
0.22482863733820077,308.1601058366367
-0.0008757481459125,1.242442065908814e-07
-0.0008757481459125,1.242442065908814e-07
-0.0008757481459125,1.2424420659088144e-07
-0.0008757479968559004,6.644112793021223e-07
-0.0008757481459125,1.242442065908814e-07
-0.0008757481459125,1.242442065908814e-07
-0.0008757481459125,1.242442065908814e-07
-0.0008757481459125,1.242442065908814e-07
-0.00013454505547879692,2.686874888495411
-0.0008757481459124999,1.2424420676610397e-07
-0.0008757481459125,1.242442065908814e-07
-0.0008757481459125,1.242442065908814e-07
-0.0008757481459125,1.242442065908814e-07
-0.0008757481459125,1.242442065908814e-07
-0.0008757481459125,1.242442065908814e-07
-0.0008757481459125,1.2424420659088147e-07
-0.0008757479773372637,7.35274158398705e-07
-0.0008757481459125,1.242442065908814e-07
-0.0008757481459125,1.242442065908814e-07
-0.0008757481459125,1.242442065908814e-07
-0.0008757481459125,1.242442065908814e-07
-107374179.91458891,29623.02173401855
-0.0008757481459125,1.2424420660812216e-07
-0.0008757481459125,1.242442065908814e-07
-0.0008757481459125,1.242442065908814e-07
-0.0008757481459125,1.242442065908814e-07
-0.0008757481459125,1.242442065908814e-07
-0.0008757481459125,1.242442065908814e-07
-0.0008757481459125,1.2424420659088147e-07
-0.0008757480302780058,5.433799069961219e-07
-0.0008757481459125,1.242442065908814e-07
-0.0008757481459125,1.242442065908814e-07
-0.0008757481459125,1.242442065908814e-07
-0.0008757481459125,1.242442065908814e-07
-0.0001229933558847127,2.7287500108797422
-0.0008757481459125,1.242442065940936e-07
-0.0008757481459125,1.242442065908814e-07
-0.0008757481459125,1.242442065908814e-07
0.033066215814108485,123.04024049877007
-0.0008757481459125,1.242442065908814e-07
-0.0008757481459125,1.242442065908814e-07
-0.0008757481459125,1.2424420659088147e-07
-0.0008757480354179686,5.247534846347082e-07
-0.0008757481459125,1.242442065908814e-07
-0.0008757481459125,1.242442065908814e-07
-0.0008757481459125,1.242442065908814e-07
-0.0008757481459125,1.242442065908814e-07
-0.00011730376384667138,2.7493748861173137
-0.0008757481459125,1.2424420659212157e-07
-0.0008757481459125,1.242442065908814e-07
-0.0008757481459125,1.242442065908814e-07
-0.0008757481459125,1.242442065908814e-07
-0.0008757481459125,1.242442065908814e-07
-0.0008757481459125,1.242442065908814e-07
-0.0008757481459125,1.2424420659088147e-07
-0.0008757479763180919,7.389978569419744e-07
-0.0008757481459125,1.242442065908814e-07
-0.0008757481459125,1.242442065908814e-07
-0.0008757481459125,1.242442065908814e-07
-0.0008757481459125,1.242442065908814e-07
-0.00011441588915116847,2.7598436071087638
-0.0008757481459125,1.242442065910864e-07
-0.0008757481459124995,1.2424420659147772e-07
-0.0008757481459125,1.242442065908814e-07
-0.0008757481459125,1.242442065908814e-07
-0.0008757481459125,1.242442065908814e-07
-0.0008757481459125,1.242442065908814e-07
-0.0008757481459125,1.2424420659088147e-07
-0.0008757481458880729,1.2424420658478336e-07
-0.0008757481459125,1.242442065908814e-07
34.76427109189749,-0.009590212685547134
-0.0008757481459125,1.242442065908814e-07
-0.0008757481459125,1.242442065908814e-07
-107374179.91457167,29623.084234016173
-0.0008757481459125,1.2424420659092482e-07
-0.0008757481459125,1.242442065908814e-07
-0.0008757481459125,1.242442065908814e-07
-0.0008757481459125,1.242442065908814e-07
-0.0008757481459125,1.242442065908814e-07
-0.0008757481459125,1.242442065908814e-07
-0.0008757481459125,1.2424420659088147e-07
-0.0008757479485442059,8.395806911658553e-07
-0.0008757481459125,1.242442065908814e-07
44.764274526099065,-0.012348820399012143
-0.0008757481459125,1.242442065908814e-07
-0.0008757481459125,1.242442065908814e-07
-3.218643861614858e+26,8.878972734329337e+22
-0.0008757481459125,1.242442065908814e-07
-0.0008757481459125,1.242442065908814e-07
-0.0008757481459125,1.242442065908814e-07
-0.0008757481459125,1.242442065908814e-07
-0.0008757481459125,1.242442065908814e-07
-0.0008757481459125,1.242442065908814e-07
-0.0008757481459125,1.242442065908815e-07
-0.0008757479834722137,7.129201437130102e-07
-0.0008757481459125,1.242442065908814e-07
-0.0008757481459125,1.242442065908814e-07
-0.0008757481459125,1.242442065908814e-07
-0.0008757481459125,1.242442065908814e-07
-0.00010579524333510565,2.791093605919715
-0.0008757481459125,1.2424420659088673e-07
-0.0008757481459125,1.242442065908814e-07
-0.0008757481459125,1.242442065908814e-07
17.165581135231083,62228.720288599085
-0.0008757481459125,1.242442065908814e-07
-0.0008757481459125,1.242442065908814e-07
-0.0008757481459125,1.242442065908814e-07
-0.0008757481458603151,1.2424420657648564e-07
-0.0008757481459125,1.242442065908814e-07
-0.0008757481459125,1.242442065908814e-07
-0.0008757481459125,1.242442065908814e-07
-0.0008757481459125,1.242442065908814e-07
4.056481675713572e+29,-1.11902377971997e+26
-0.0008757481459125,1.242442065908814e-07
-0.0008757481459125,1.242442065908814e-07
-0.0008757481459125,1.242442065908814e-07
-0.0008757481459125,1.242442065908814e-07
-0.0008757481459125,1.242442065908814e-07
-0.0008757481459125,1.242442065908814e-07
-0.0008757481459125,1.242442065908814e-07
-0.000875747972180928,7.538182430602491e-07
-0.0008757481459125,1.242442065908814e-07
-0.0008757481459125,1.242442065908814e-07
-0.0008757481459125,1.242442065908814e-07
-0.0008757481459125,1.242442065908814e-07
-0.0001000638285172707,2.8117187195643374
-0.0008757481459125,1.2424420659088215e-07
-0.0008757481459125,1.242442065908814e-07
-0.0008757481459125,1.242442065908814e-07
-0.0008757481459125,1.242442065908814e-07
-0.0008757481459125,1.242442065908814e-07
-0.0008757481459125,1.242442065908814e-07
-0.0008757481459125,1.242442065908814e-07
-0.0008757478899847523,1.0519869747599815e-06
-0.0008757481459125,1.242442065908814e-07
-0.0008757481459125,1.242442065908814e-07
-0.0008757481459125,1.242442065908814e-07
-0.0008757481459125,1.242442065908814e-07
126443834676.86818,-34880878.96498496
-0.0008757481459125,1.2424420659088207e-07
-0.0008757481459125,1.242442065908814e-07
-0.0008757481459125,1.242442065908814e-07
-0.0008757481459125,1.242442065908814e-07
-0.0008757481459125,1.242442065908814e-07
-0.0008757481459125,1.242442065908814e-07
-0.0008757481459125,1.242442065908814e-07
-0.0008757478292753031,1.271924613142698e-06
-0.0008757481459125,1.242442065908814e-07
-0.0008757481459125,1.242442065908814e-07
-0.0008757481459125,1.242442065908814e-07
-0.0008757481459125,1.242442065908814e-07
-9.437281440619668e-05,2.832499997395358
-0.0008757481459125,1.2424420659088168e-07
-0.0008757481459125,1.242442065908814e-07
-0.0008757481459125,1.242442065908814e-07
-0.0008757481459125,1.242442065908814e-07
-0.0008757481459125,1.242442065908814e-07
-0.0008757481459125,1.242442065908814e-07
-0.0008757481459125,1.242442065908814e-07
-0.0008757477039284392,1.726409898582907e-06
-0.0008757481459125,1.242442065908814e-07
-0.0008757481459125,1.242442065908814e-07
-0.0008757481459125,1.242442065908814e-07
-0.0008757481459125,1.242442065908814e-07
-151996487680153.16,41929853936.69175
-0.0008757481459125,1.2424420659088173e-07
-0.0008757481459125,1.242442065908814e-07
-0.0008757481459125,1.242442065908814e-07
-0.0008757481459125,1.242442065908814e-07
-0.0008757481459125,1.242442065908814e-07
-0.0008757481459125,1.242442065908814e-07
-0.0008757481459125,1.242442065908814e-07
-0.0008757476977720219,1.7487616395258389e-06
-0.0008757481459125,1.242442065908814e-07
-0.0008757481459125,1.242442065908814e-07
-0.0008757481459125,1.242442065908814e-07
-0.0008757481459125,1.242442065908814e-07
-4.932681766024734e+32,1.3607329294792867e+29
-0.0008757481459125,1.242442065908818e-07
-0.0008757481459125,1.242442065908814e-07
-0.0008757481459125,1.242442065908814e-07
-0.0008757481459125,1.242442065908814e-07
-0.0008757481459125,1.242442065908814e-07
-0.0008757481459125,1.242442065908814e-07
-0.0008757481459125,1.242442065908814e-07
-0.0008757476525542199,1.912674633794842e-06
-0.0008757481459125,1.242442065908814e-07
-0.0008757481459125,1.242442065908814e-07
-0.0008757481459125,1.242442065908814e-07
-0.0008757481459125,1.242442065908814e-07
-0.0001358441396963183,2.8635936074308734
-0.0008757481459125,1.2424420659088215e-07
-0.0008757481459125,1.242442065908814e-07
-0.0008757481459125,1.242442065908814e-07
-0.0008757481459125,1.242442065908814e-07
-0.0008757481459125,1.242442065908814e-07
-0.0008757481459125,1.242442065908814e-07
-0.0008757481459125,1.242442065908814e-07
-0.0008757478025568781,1.3687826119649e-06
-0.0008757481459125,1.242442065908814e-07
-0.0008757481459125,1.242442065908814e-07
-0.0008757481459125,1.242442065908814e-07
-0.0008757481459125,1.242442065908814e-07
5.848602927225622e+35,-1.6133995607299321e+32
-0.0008757481459125,1.2424420659088432e-07
-0.0008757481459125,1.242442065908814e-07
-0.0008757481459125,1.242442065908814e-07
-0.0008757481459125,1.242442065908814e-07
-0.0008757481459125,1.242442065908814e-07
-0.0008757481459125,1.242442065908814e-07
-0.0008757481459125,1.242442065908814e-07
-0.0008757478067841713,1.353589958307204e-06
-0.0008757481459125,1.242442065908814e-07
-0.0008757481459125,1.242442065908814e-07
-0.0008757481459125,1.242442065908814e-07
-0.0008757481459125,1.242442065908814e-07
-8.006257655209263e-05,2.8843748714438813
-0.0008757481459125,1.242442065909365e-07
-0.0008757481459125,1.242442065908814e-07
-0.0008757481459125,1.242442065908814e-07
-0.0008757481459125,1.242442065908814e-07
-0.0008757481459125,1.242442065908814e-07
-0.0008757481459125,1.242442065908814e-07
-0.0008757481459125,1.242442065908814e-07
-0.0008757479454782377,8.508216473577702e-07
-0.0008757481459125,1.242442065908814e-07
-0.0008757481459125,1.242442065908814e-07
-0.0008757481459125,1.242442065908814e-07
-0.0008757481459125,1.242442065908814e-07
-0.00012722349388025547,2.8948436062418246
-0.0008757481459125,1.242442065909526e-07
-0.0008757481459125,1.242442065908814e-07
-0.0008757481459125,1.242442065908814e-07
-0.0008757481459125,1.242442065908814e-07
-0.0008757481459125,1.242442065908814e-07
-0.0008757481459125,1.242442065908814e-07
-0.0008757481459125,1.242442065908814e-07
-0.0008757478930674311,1.040811843254222e-06
-0.0008757481459125,1.242442065908814e-07
-0.0008757481459125,1.242442065908814e-07
-0.0008757481459125,1.242442065908814e-07
-0.0008757481459125,1.242442065908814e-07
5.848602927225622e+35,-1.6133995607299321e+32
-0.0008757481459125,1.242442065908827e-07
-0.0008757481459125,1.242442065908814e-07
-0.0008757481459125,1.242442065908814e-07
-0.0008757481459125,1.242442065908814e-07
-0.0008757481459125,1.242442065908814e-07
-0.0008757481459125,1.242442065908814e-07
-0.0008757481459125,1.242442065908814e-07
-0.0008757479835016957,7.129863094632146e-07
-0.0008757481459125,1.242442065908814e-07
-0.0008757481459125,1.242442065908814e-07
-0.0008757481459125,1.242442065908814e-07
-0.0008757481459125,1.242442065908814e-07
-2.3021534883605417e+20,6.3507361896009464e+16
-0.0008757481459125,1.2424420659088218e-07
-0.0008757481459125,1.242442065908814e-07
-0.0008757481459125,1.242442065908814e-07
-0.0008757481459125,1.242442065908814e-07
-0.0008757481459125,1.242442065908814e-07
-0.0008757481459125,1.242442065908814e-07
-0.0008757481459125,1.242442065908814e-07
-0.0008757480549443774,4.5400531556389553e-07
-0.0008757481459125,1.242442065908814e-07
-0.0008757481459125,1.242442065908814e-07
-0.0008757481459125,1.242442065908814e-07
-0.0008757481459125,1.242442065908814e-07
-6.864018138362472e-05,2.925781262919534
-0.0008757481459125,1.2424420659088274e-07
-0.0008757481459125,1.242442065908814e-07
-0.0008757481459125,1.242442065908814e-07
-0.0008757481459125,1.242442065908814e-07
-0.0008757481459125,1.242442065908814e-07
-0.0008757481459125,1.242442065908814e-07
-0.0008757481459125,1.242442065908814e-07
-0.000875748098886908,2.9471283842100465e-07
-0.0008757481459125,1.242442065908814e-07
-0.0008757481459125,1.242442065908814e-07
-0.0008757481459125,1.242442065908814e-07
-0.0008757481459125,1.242442065908814e-07
-6.575227292768065e-05,2.936249983910974
-0.0008757481459125,1.2424420659088266e-07
-0.0008757481459125,1.242442065908814e-07
-0.0008757481459125,1.242442065908814e-07
-0.0008757481459125,1.242442065908814e-07
-0.0008757481459125,1.242442065908814e-07
-0.0008757481459125,1.242442065908814e-07
-0.0008757481459125,1.242442065908814e-07
-0.0008757481193167227,2.2065438587066477e-07
-0.0008757481459125,1.242442065908814e-07
-0.0008757481459125,1.242442065908814e-07
-0.0008757481459125,1.242442065908814e-07
-0.0008757481459125,1.242442065908814e-07
-2.3021534883605417e+20,6.3507361896009464e+16
-0.0008757481459125,1.2424420659088215e-07
-0.0008757481459125,1.242442065908814e-07
-0.0008757481459125,1.242442065908814e-07
-0.0008661791241119226,0.03468800335099348
-0.0008757481459125,1.242442065908814e-07
-0.0008757481459125,1.242442065908814e-07
-0.0008757481459125,1.242442065908814e-07
-0.0008757481257179226,1.969056752910362e-07
-0.0008757481459125,1.242442065908814e-07
458878.57541412587,-126.58655441309013
-0.0008757481459125,1.242442065908814e-07
-0.0008757481459125,1.242442065908814e-07
-6.0062680889662735e-05,2.9568748591485456
-0.0008757481459125,1.2424420659088324e-07
-0.0008757481459125,1.242442065908814e-07
-0.0008757481459125,1.242442065908814e-07
-0.000874207542216856,0.005584840828585605
-0.0008757481459125,1.242442065908814e-07
-0.0008757481459125,1.242442065908814e-07
-0.0008757481459125,1.242442065908814e-07
-0.0008757481374317658,1.5498702349016033e-07
-0.0008757481459125,1.242442065908814e-07
42255.89595393375,-11.65674016597042
-0.0008757481459125,1.242442065908814e-07
-0.0008757481459125,1.242442065908814e-07
2.720082918577375e+23,-7.503639143551025e+19
-0.0008757481459125,1.2424420659088806e-07
11.16022266603564,40459.18596067019
49165.528503525304,-13.562836076229877
-0.0008754955019593367,0.0009159631969258564
-0.0008757481459125,1.242442065908814e-07
-0.0008757481459125,1.242442065908814e-07
-0.0008757481459125,1.242442065908814e-07
-0.0008757481390267212,1.488124215323044e-07
-0.0008757481459125,1.242442065908814e-07
3760.993610053935,-1.0375103593370782
-0.0008757481459125,1.242442065908814e-07
-0.0008757481459125,1.242442065908814e-07
-5.432994352952067e-05,2.977656136968057
-0.0008757481459125,1.2424420659088319e-07
-0.0008757481459125,1.242442065908814e-07
-0.0008757481459125,1.242442065908814e-07
-0.0004998084291461568,0.00018884805905519954
-0.0008757481459125,1.242442065908814e-07
-0.0008757481459125,1.242442065908814e-07
-0.0008757481459125,1.242442065908814e-07
-0.0008757481387496565,1.5020940181823715e-07
-0.0008757481459125,1.242442065908814e-07
467.9991064446627,-0.12910266749714921
-0.0008757481459125,1.242442065908814e-07
-0.0008757481459125,1.242442065908814e-07
89128.95749469765,-21.599205840472035
-0.0008757481459125,1.2424420659088157e-07
-0.0008757481459124741,1.2424420661408093e-07
0.04382951935938389,162.05741278127383
-0.0008037006940153266,3.6601858135738634e-05
-0.0008757481459125,1.242442065908814e-07
-0.0008757481459125,1.242442065908814e-07
-0.0008757481459125,1.242442065908814e-07
-0.0008757481459124695,1.2424420661776547e-07
162.09057528004055,163.00471488862237
239.05894486764817,-0.06594707962122338
-0.0008757481459125,1.242442065908814e-07
-0.0008757481459125,1.242442065908814e-07
2.720082918577375e+23,-7.503639143551025e+19
-0.0008757481459125,1.2424420659090397e-07
0.004332630434774722,18.880467774381074
0.004643449861183226,20.007193882022342
-0.0008607212615454865,7.873565154594448e-06
-0.0008757481459125,1.242442065908814e-07
-0.0008757481459125,1.242442065908814e-07
-0.0008757481459125,1.242442065908814e-07
-0.0008757481425880259,1.362954861062814e-07
-0.0008757481459125,1.242442065908814e-07
9.4402945850656,-0.0026043233919070203
-0.0008757481459125,1.242442065908814e-07
-0.0008757481459125,1.242442065908814e-07
-4.695926241785151e-05,3.0043749908555912
-0.0008757481459125,1.2424420659090756e-07
1.6677325293467824e-05,3.2350587856365247
-5.03918047412618e-07,3.1727764641690595
-0.0008722745892925555,1.9045827028750976e-06
-0.0008757481459125,1.242442065908814e-07
-0.0008757481459125,1.242442065908814e-07
-0.0008757481459125,1.242442065908814e-07
-0.0008757481440385417,1.3091013280503263e-07
-0.0008757481459125,1.242442065908814e-07
1.5933296898906524,-0.0004396543465861294
-0.0008757481459125,1.242442065908814e-07
-0.0008757481459125,1.242442065908814e-07
-4.932681766024734e+32,1.3607329294792867e+29
-0.0008757481459125,1.242442065908819e-07
-0.0007480312182214824,0.4629763238980653
-0.0007388645884144733,0.49620552466579826
-0.0008757480210098521,5.77018590445951e-07
-0.0008757481459125,1.242442065908814e-07
-0.0008757481459125,1.242442065908814e-07
-0.0008757481459125,1.242442065908814e-07
-0.0008757481445470757,1.2916390438373756e-07
0.19844300806535106,0.19725903740606973
0.25900296677927914,-7.156607392930957e-05
-0.0008757481459125,1.242442065908814e-07
-0.0008757481459125,1.242442065908814e-07
-151996487680153.16,41929853936.863625
-0.0008757481459125,1.2424420659093202e-07
-0.0008504191082746015,0.0918183491145547
-0.0008471846868954007,0.10354318579277758
-0.0008757481135307175,2.416287610863817e-07
-0.0008757481459125,1.242442065908814e-07
-0.0008757481459125,1.242442065908814e-07
-0.0008757481459125,1.242442065908814e-07
-0.0008757481451774296,1.2677681371950854e-07
0.03332550299373615,0.03686801380911055
0.04943118480325998,-1.3753460354961058e-05
-0.0008757481459125,1.242442065908814e-07
-0.0008757481459125,1.242442065908814e-07
2.720082918577375e+23,-7.503639143551025e+19
-0.0008757481459125,1.2424420659091678e-07
-0.0008708975558920169,0.017583601817321968
0.019278545347729485,0.022218099375267194
-0.00087574813614972,1.5963446307968605e-07
-0.0008757481459125,1.242442065908814e-07
-0.0008757481459125,1.242442065908814e-07
-0.0008757481459125,1.242442065908814e-07
-0.0008757481454581623,1.2567058142689685e-07
-0.000869045274414006,0.024298156065396228
0.030388064040940035,-8.500212176694225e-06
-0.0008757481459125,1.242442065908814e-07
-0.0008757481459125,1.242442065908814e-07
89128.95750493467,-21.56209646688403
-0.0008757481459125,1.242442065947313e-07
-0.0008702914136500919,0.019780878534587463
0.02134765096055106,-6.006317707500758e-06
-0.0008757481430208925,1.3472633691101055e-07
-0.0008757481459125,1.242442065908814e-07
-0.0008757481459125,1.242442065908814e-07
-0.0008757481459125,1.242442065908814e-07
-0.0008757481456535322,1.250919992211011e-07
0.0007420401297024525,-3.220399617326057e-07
0.0012002938926459921,-4.4845415483746497e-07
-0.0008757481459125,1.242442065908814e-07
-0.0008757481459125,1.242442065908814e-07
-151996487680153.16,41929853936.87925
-0.0008757481459125,1.2424420659089232e-07
-3.6124314689857406e-05,0.0008392939844864946
1.3524613354742214e-05,0.0008850937355102944
-0.0008757481457358708,1.2488449083656703e-07
-0.0008757481459125,1.242442065908814e-07
-0.0008757481459125,1.242442065908814e-07
-0.0008757481459125,1.242442065908814e-07
-0.0008757481457074769,1.249173764686422e-07
-0.0005018187703878991,2.1091796054166648e-08
-0.00040245457036283135,0.0006029420087939185
-0.0008757481459125,1.242442065908814e-07
-0.0008757481459125,1.242442065908814e-07
-3.840326881459689e-05,3.0353906242122033
-0.0008757481459125,1.242442065933349e-07
-0.0006754191838176308,0.0002080118997281183
-0.0006753678958184643,0.00021183551786683886
-0.0008757481458291624,1.245463069518823e-07
-0.0008757481459125,1.242442065908814e-07
-0.0008757481459125,1.242442065908814e-07
-0.0008757481459125,1.242442065908814e-07
-0.0008757481457497337,1.247682196210888e-07
-0.0007856036620117676,9.93768882693315e-08
-0.0007569464612075728,0.00015559702703867034
-0.0008757481459125,1.242442065908814e-07
-0.0008757481459125,1.242442065908814e-07
-3.6959347471778926e-05,3.0406248654986383
-0.0008757481459125,1.2424420659105085e-07
-0.0008280263483842867,0.00010217521196400085
-0.0007660507999602098,9.398302251411928e-08
-0.0008757481457789427,1.2472835446090633e-07
-0.0008757481459125,1.242442065908814e-07
-0.0008757481459125,1.242442065908814e-07
-0.0008757481459125,1.242442065908814e-07
-0.0008757481457369048,1.2481915110074247e-07
-0.0008757481459125,1.242442065908814e-07
-0.0008757481459125,1.242442065908814e-07
-0.0008757481459125,1.242442065908814e-07
-0.0008757481459125,1.242442065908814e-07
-3.5515360331368e-05,3.0458593452036435
-0.0008757481459125,1.2424420659092652e-07
-0.00086197699148233,1.2044528661206862e-07
-0.0008617976127586193,1.2039580307597628e-07
-0.0008757481456795886,1.2508851495972713e-07
-0.0008757481459125,1.242442065908814e-07
-0.0008757481459125,1.242442065908814e-07
-0.0008757481459125,1.242442065908814e-07
-0.0008757481457753782,1.2469538799577582e-07
-0.0008757481459125,1.242442065908814e-07
-0.0008665028534810287,1.2105780336113069e-05
-0.0008757481459125,1.242442065908814e-07
-0.0008757481459125,1.242442065908814e-07
-3.409294590656553e-05,3.051015623617679
-0.0008757481459125,1.2424420659095217e-07
-0.0008719615938649843,3.87894883733623e-06
-0.0008757481459125,1.242442065908814e-07
-0.000875748145496856,1.2575092406207252e-07
-0.0008757481459125,1.242442065908814e-07
-0.0008757481459125,1.242442065908814e-07
-0.0008757481459125,1.242442065908814e-07
-0.0008757481457777804,1.2468265512564034e-07
-0.0008757481459125,1.242442065908814e-07
-0.0008730055263175081,1.2348762569372204e-07
-0.0008757481459125,1.242442065908814e-07
-0.0008757481459125,1.242442065908814e-07
-3.218643861614858e+26,8.878972734329337e+22
-0.0008757481459125,1.2424420659089412e-07
-0.0008745184893409812,1.239049926970638e-07
-0.0008757481459125,1.242442065908814e-07
-0.0008757481451775552,1.269083953590269e-07
-0.0008757481459125,1.242442065908814e-07
-0.0008757481459125,1.242442065908814e-07
-0.0008757481459125,1.242442065908814e-07
-0.0008757481458057762,1.245735159870424e-07
-0.0008751481991195453,1.240787048626467e-07
-0.0008757478744878254,1.108163618180056e-06
-0.0008757481459125,1.242442065908814e-07
-0.0008757481459125,1.242442065908814e-07
-107374179.9144914,29623.375249630102
-0.0008757481459125,1.2424420659122875e-07
-0.0008754386945358481,7.574582159600245e-07
-0.0008757481459125,1.242442065908814e-07
-0.0008757481445951526,1.2901961536633757e-07
-0.0008757481459125,1.242442065908814e-07
-0.0008757481459125,1.242442065908814e-07
-0.0008757481459125,1.242442065908814e-07
-0.0008757481458077649,1.2453531720866313e-07
-0.0008757481459125,1.242442065908814e-07
-0.000875747773776759,1.4732430767197518e-06
-0.0008757481459125,1.242442065908814e-07
-0.0008757481459125,1.242442065908814e-07
1.9023204858102726e+17,-52477541634538.54
-0.0008757481459125,1.2424420659768576e-07
-0.0008756884436631001,1.2868467957193986e-06
-0.0008757481459125,1.242442065908814e-07
-0.0008757481435026062,1.3298011603183363e-07
-0.0008757481459125,1.242442065908814e-07
-0.0008757481459125,1.242442065908814e-07
-0.0008757481459125,1.242442065908814e-07
-0.000875748145799475,1.2459716257089427e-07
-0.0008740863144144816,1.237857726294256e-07
-0.0008757474016399516,2.8222458122009577e-06
-0.0008757481459125,1.242442065908814e-07
6.1131352460279e+25,2.2160227115885317e+29
0.05872161583436959,3.0717024933321273
-0.0008757481459125,1.242442065990691e-07
-0.0008756920728275365,2.479269179016248e-06
-0.0008757481459125,1.242442065908814e-07
-0.0008757481414138553,1.4055187585152558e-07
-0.0008757481459125,1.242442065908814e-07
-0.0008757481459118821,1.2424420659071092e-07
-0.0008757481459125,1.242442065908814e-07
-0.0008757481457803383,1.2467901723066717e-07
-0.0008757481459125,1.242442065908814e-07
-0.0008757481459125,1.242442065908814e-07
-0.0008757481459125,1.242442065908814e-07
-0.0008757481459125,1.242442065908814e-07
-107374179.91448708,29623.390874629506
-0.0008757481459125,1.242442065968726e-07
-0.0008756514107821636,2.9859004176830196e-06
-0.0008757481459125,1.242442065908814e-07
-0.000875748137177381,1.5590917292296978e-07
-0.0008757481459125,1.242442065908814e-07
-0.0008757481459125,1.242442065908814e-07
-0.0008757481459125,1.242442065908814e-07
-0.0008757481457838465,1.2466992236753787e-07
-0.00087555536214689,1.2419102513086073e-07
-0.0008757481459125,1.242442065908814e-07
-0.0008757481459125,1.242442065908814e-07
-0.0008757481459125,1.242442065908814e-07
1.9023204858102726e+17,-52477541634538.52
-0.0008757481459125,1.2424420659227079e-07
-0.0008755411703734889,1.09152775831868e-05
-0.0008757481459125,1.242442065908814e-07
-0.0008757481459125,1.242442065908814e-07
-0.0008757481459125,1.242442065908814e-07
-0.0008757481459125,1.242442065908814e-07
-0.0008757481459125,1.2424420659088144e-07
-0.0008757481457776227,1.2467356042803324e-07
-0.0008757481459125,1.242442065908814e-07
-0.0008757481459125,1.242442065908814e-07
-0.0008757481459125,1.242442065908814e-07
-0.0008757481459125,1.242442065908814e-07
-2.4093030960492838e-05,3.0872654982607264
-0.0008757481459125,1.2424420659256894e-07
-0.0008757480585384862,4.4097660550476894e-07
-0.0008757481459125,1.242442065908814e-07
-0.0008757481459125,1.242442065908814e-07
-0.0008757481459125,1.242442065908814e-07
-0.0008757481459124995,1.24244208464547e-07
-0.0008757481459125,1.2424420659088144e-07
-0.0008757481457862282,1.2462626675962662e-07
-0.00087544188060754,2.9693634399289372e-05
-0.0008757481459125,1.242442065908814e-07
-0.0008757481459125,1.242442065908814e-07
-0.0008757481459125,1.242442065908814e-07
-2.2649043847366838e-05,3.0924999779657316
-0.0008757481459125,1.242442065918981e-07
-0.0008757481185453046,2.2345079064969292e-07
-0.0008757481459125,1.242442065908814e-07
-0.0008757481459125,1.242442065908814e-07
-0.0008757481459125,1.242442065908814e-07
710133782131.7242,-195897985.62274852
-0.0008757481459125,1.2424420659088144e-07
-0.000875748145482476,1.2470812128537413e-07
-0.0008755152732988421,1.241799661941137e-07
-0.0008757481459125,1.242442065908814e-07
-0.0008757481459125,1.242442065908814e-07
-0.0008757481459125,1.242442065908814e-07
-2.122662939527955e-05,3.097656256379767
-0.0008757481459125,1.2424420659208105e-07
-0.0008757481459125,1.242442065908814e-07
-0.0008757481459125,1.242442065908814e-07
-0.0008757481459125,1.242442065908814e-07
-0.0008757481459125,1.242442065908814e-07
-0.0008757481459125,1.242442065908814e-07
-0.0008757481459125,1.2424420659088144e-07
-0.0008757481455969404,1.2495011946990455e-07
-0.0008757481446998111,1.2864022597199536e-07
-0.0008757481459125,1.242442065908814e-07
-0.0008757481459125,1.242442065908814e-07
-6.52846460374813e-05,2.9379451399438863
-1.9782708052461478e-05,3.102890497666202
-0.0008757481459125,1.2424420659205394e-07
-0.0008757481459125,1.242442065908814e-07
-0.0008757481459125,1.242442065908814e-07
-0.0008757481459125,1.242442065908814e-07
-0.0008757481459125,1.242442065908814e-07
-0.0008757481459125,1.242442065909958e-07
-0.0008757481459125,1.2424420659088144e-07
-0.000875748145473424,1.250920008367509e-07
-0.0008757076141664734,1.563743172169442e-07
-0.0008757481459125,1.242442065908814e-07
-0.0008757481459125,1.242442065908814e-07
-0.0008757481459125,1.242442065908814e-07
4.056481675713572e+29,-1.11902377971997e+26
-0.0008757481459125,1.2424420659179645e-07
-0.0008757478879245534,1.0594552333760071e-06
-0.0008757481459125,1.242442065908814e-07
-0.0008757481459125,1.242442065908814e-07
-0.0008757481459125,1.242442065908814e-07
-0.0008757481459125,1.242442065908814e-07
-0.0008757481459125,1.2424420659088144e-07
-0.0008757481454134454,1.2535771911102764e-07
-0.0008757184536693001,1.284573959635432e-07
-0.0008757481459125,1.242442065908814e-07
-0.0008757481459125,1.242442065908814e-07
1.0295524422001824e+30,3.7321464401912074e+33
126443834676.86826,-34880878.67396935
-0.0008757481459125,1.2424420659199973e-07
-0.0008734973378761385,4.94370356778135e-07
-0.0008757481459125,1.242442065908814e-07
-0.0008757481459125,1.242442065908814e-07
-0.0008757481459125,1.242442065908814e-07
-0.0008757481459118998,1.2424420659071582e-07
-0.0008757481459125,1.2424420659088144e-07
-0.0008757481451668403,1.2562692970701175e-07
-0.0008756976113867493,1.2423026610241563e-07
-0.0008757481459125,1.242442065908814e-07
-0.0008757481459125,1.242442065908814e-07
-0.0008757481459125,1.242442065908814e-07
-1.5473741447154872e-05,3.1183593328967985
-0.0008757481459125,1.242442065911254e-07
-0.0008745860187390768,0.004212856510736185
-0.0008745606872792418,0.004304683516115433
-0.0008757481459125,1.242442065908814e-07
-0.0008757481459125,1.242442065908814e-07
-0.0008757481459119198,1.2424420659072132e-07
-0.0008757481459125,1.2424420659088147e-07
-0.0008757481450328748,1.2654399190890308e-07
-0.0008757414688050017,1.6429979198446168e-07
-0.0008757481459125,1.242442065908814e-07
-0.0008757481459125,1.242442065908814e-07
-0.0008757481459125,1.242442065908814e-07
-71.68001164932708,3.1433672668259813
-0.0008757481459125,1.2424420659128635e-07
-0.0008735249222093532,0.008059350845346307
-0.0008728849424285153,0.010379289260279458
-0.0008757481459125,1.242442065908814e-07
-0.0008757481459125,1.242442065908814e-07
2.896944572203268e+21,-7.991530897907729e+17
-0.0008757481459125,1.2424420659088147e-07
-0.000875748144423463,1.2872736330747725e-07
-0.0008757481449448744,1.2775186728587768e-07
-0.0008757481459125,1.242442065908814e-07
-0.0008757481459125,1.242442065908814e-07
-0.0008757481459125,1.242442065908814e-07
-1.2649128901317565e-05,3.1287498526087787
-0.0008757481459125,1.2424420659128127e-07
-0.0008757428705069211,1.518380846054226e-07
-0.0008680012694292551,0.028082693236764922
-0.0008757481459125,1.242442065908814e-07
-0.0008757481459125,1.242442065908814e-07
-0.0008757481459040321,1.2427490304550733e-07
-0.0008757481459125,1.242442065908815e-07
-0.0008757481436733789,1.3053180198980177e-07
-0.0008757350933515703,1.6592781939344467e-07
-0.0008757481459125,1.242442065908814e-07
-0.0008757481459125,1.242442065908814e-07
-0.0008757481459125,1.242442065908814e-07
-1.1163418539123513e-05,3.133984332302274
-0.0008757481459125,1.242442065952734e-07
-0.0008757480909218173,3.2358643772186974e-07
-0.0008757481459125,1.242442065908814e-07
-0.0008757481459125,1.242442065908814e-07
-0.0008757481459125,1.242442065908814e-07
3.191736963270316e+21,-8.804747182501215e+17
-0.0008757481459125,1.242442065908815e-07
-0.0008757481428093769,1.3385081050123683e-07
-0.0008756121291636751,1.3590905954459012e-07
-0.0008757481459125,1.242442065908814e-07
-0.0008757481459125,1.242442065908814e-07
-0.0008757481459125,1.242442065908814e-07
-9.782727336080858e-06,3.1391406107278192
-0.0008757481459125,1.2424420659221657e-07
-0.0008757481145634394,2.3788512471692616e-07
-0.0008757481459125,1.242442065908814e-07
-0.0008757481459125,1.242442065908814e-07
-0.0008757481459125,1.242442065908814e-07
1.1588637350409307e+22,-3.1968493404762783e+18
-0.0008757481459125,1.242442065908815e-07
-0.000875748145269323,1.2424420641345416e-07
-0.0008757043596606507,1.389612945773094e-07
-0.0008757481459125,1.242442065908814e-07
-0.0008757481459125,1.242442065908814e-07
-0.0008757481459125,1.242442065908814e-07
-8.338805993286205e-06,3.1443748520142543
-0.0008757481459125,1.2424420659673708e-07
-0.0008757481146919265,2.3741935686593032e-07
-0.0008757481459125,1.242442065908814e-07
-0.0008757481459125,1.242442065908814e-07
-0.0008757481459125,1.242442065908814e-07
-0.0008757481459125,1.242442065908814e-07
-0.0008757481459125,1.2424420659088152e-07
-0.000875748144640356,1.242442062399469e-07
-0.0008757057607360788,1.242325141874356e-07
-0.0008757481459125,1.242442065908814e-07
-0.0008757481459125,1.242442065908814e-07
-0.0008757481459125,1.242442065908814e-07
-6.9163915411754985e-06,3.1495311304282896
-0.0008757481459125,1.2424420659584262e-07
0.0009004621565097273,6.438794968972603
-0.0008757481459125,1.242442065908814e-07
-0.0008757481459125,1.242442065908814e-07
-0.0008757481459125,1.242442065908814e-07
-0.0008757481459125,1.2424420659088186e-07
-0.0008757481459125,1.242442065908815e-07
-0.0008757481312565632,1.7291523782555825e-07
8.754429085917053,9.562898583118074
-0.0008757481459125,1.242442065908814e-07
-0.0008757481459125,1.242442065908814e-07
-0.0008757481340907863,1.6709813514252686e-07
2.720082918577375e+23,-7.503639143551025e+19
-0.0008757481459125,1.2424420659497526e-07
0.0007797711419756074,6.001287833062182
-0.0008757481459125,1.242442065908814e-07
-0.0008757481459125,1.242442065908814e-07
-0.0008757481459125,1.242442065908814e-07
-0.0008757481459125,1.2424420659088877e-07
-0.0008757481459125,1.242442065908815e-07
-0.0008757481441287633,1.2424420609881856e-07
9.066743234252652,8.875311448092376
-0.0008757481459125,1.242442065908814e-07
-0.0008757481459125,1.242442065908814e-07
-0.0008757481459125,1.2424420659088202e-07
-4.932681766024734e+32,1.3607329294792867e+29
-0.0008757481459125,1.2424420659551738e-07
0.004056679268716844,17.880139748478268
-0.0008757481459125,1.242442065908814e-07
-0.0008757481459125,1.242442065908814e-07
-0.0008757481459125,1.242442065908814e-07
-0.0008757481459125,1.242442065908814e-07
-0.0008757481459125,1.2424420659088152e-07
-0.0008757481434961047,1.2424420592429295e-07
31.387788984199098,30.24694616744873
-0.0008757481459125,1.242442065908814e-07
-0.0008757481459125,1.242442065908814e-07
-0.0008757481459125,1.242442065908814e-07
-151996487680153.16,41929853937.014015
-0.0008757481459125,1.2424420659549028e-07
0.016713187445014627,63.76021345747376
0.02037291257051559,77.02678399760852
-0.0008757481459125,1.242442065908814e-07
-0.0008757481459125,1.242442065908814e-07
1.2646465308634342e+22,-3.4886624767696174e+18
-0.0008757481459125,1.2424420659088152e-07
-0.0008757481398575716,1.2424420492056476e-07
109.55261933115047,116.99226690130371
-0.0008757481459125,1.242442065908814e-07
-0.0008757481459125,1.242442065908814e-07
-0.0008757481459125,1.242442065908814e-07
-5.1254052626202476e-05,3.170234220763334
-0.0008757481459125,1.242442065918981e-07
0.06534202108659017,240.0406251460785
0.08963604911188401,328.10692123367164
-0.0008757481459125,1.242442065908814e-07
-0.0008757481459125,1.242442065908814e-07
-0.0008757475902833099,2.138410187004386e-06
-0.0008757481459125,1.2424420659088152e-07
-0.0008757479453007226,8.321950814209208e-07
-0.0008757481459125,1.242442065908814e-07
-0.0008757481459125,1.242442065908814e-07
-0.0008757481459125,1.242442065908814e-07
-0.0008757481459125,1.2424420659088202e-07
89128.95754642153,-21.411705847606324
-0.0008757481459125,1.242442065931723e-07
0.25847816597341455,940.1626840780343
-0.0008757481459125,1.242442065908814e-07
-0.0008757481459125,1.242442065908814e-07
-0.0008757481459125,1.242442065908814e-07
-0.000731339190874417,0.5234852284370065
-0.0008757481459125,1.2424420659088152e-07
-0.0008757479835021913,7.129845473172995e-07
1824.3392647974597,-0.5032635812941871
-0.0008757481459125,1.242442065908814e-07
-0.0008757481459125,1.242442065908814e-07
-0.0008757481459125,1.242442065908814e-07
-151996487680153.16,41929853937.02964
-0.0008757481459125,1.2424420659303677e-07
1.0232989331019007,3712.6519584688617
1.31489867596579,4769.706361607787
-0.0008757481459125,1.242442065908814e-07
-0.0008757481459125,1.242442065908814e-07
-0.0008757481459125,1.242442065908814e-07
-0.0008757481459125,1.2424420659088152e-07
-0.0008757479968504078,6.64554752095271e-07
-0.0008757481459125,1.242442065908814e-07
-0.0008757481459125,1.242442065908814e-07
-0.0008757481459125,1.242442065908814e-07
-0.0008757481459125,1.242442065908814e-07
3.0835891752051215e-06,3.185781243489907
-0.0008757481459125,1.2424420659171841e-07
20.626034442743734,74772.9268425476
15.963113112285937,57869.7517044559
-0.0008757481459125,1.242442065908814e-07
-0.0008757481459125,1.242442065908814e-07
-0.0008757479903524551,1.2424416367798213e-07
-0.0008757481459125,1.2424420659088152e-07
-0.0008757478922868646,1.0408079776862647e-06
91182.7666758395,90110.09968977846
-0.0008757481459125,1.242442065908814e-07
-0.0008757481459125,1.242442065908814e-07
-0.0008757481459125,1.242442065908814e-07
4.527510518023085e-06,3.1910154847763423
-0.0008757481459125,1.2424420659605948e-07
21.1910121730754,76820.98145212003
30.090966913578587,109083.48022454628
-0.0008757481459125,1.242442065908814e-07
-0.0008757481459125,1.242442065908814e-07
8.789415724969162e+32,-2.424654168899564e+29
-0.0008757481459125,1.2424420659088155e-07
-0.0008757475657824391,2.225873787932583e-06
-0.0008757481459125,1.242442065908814e-07
-0.0008757481459125,1.242442065908814e-07
-0.0008757481459125,1.242442065908814e-07
-0.0008757481459125,1.242442065908814e-07
5.848602927225622e+35,-1.6133995607299321e+32
-0.0008757481459125,1.2424420659738763e-07
109.62498055772994,397395.7348793931
-0.0008757481459125,1.242442065908814e-07
-0.0008757481459125,1.242442065908814e-07
-0.0008757481459125,1.242442065908814e-07
-0.0008757481459125,1.242442065908814e-07
-0.0008757481459125,1.2424420659088155e-07
-0.0008757481458802952,1.2424420658199736e-07
-0.0008757481459125,1.242442065908814e-07
-0.0008757481459125,1.242442065908814e-07
-0.0008757481459125,1.242442065908814e-07
-0.0008757481459125,1.242442065908814e-07
7.393912083236481e-06,3.201406242895383
-0.0008757481459125,1.2424420660270123e-07
614.8627560680379,2228891.915191777
-0.0008757481459125,1.242442065908814e-07
-0.0008757481459125,1.242442065908814e-07
-0.0008757481459125,1.242442065908814e-07
-0.0008757481459119059,1.242442065907175e-07
-0.0008757481459125,1.2424420659088155e-07
-0.0008757481422881988,1.2424420559107922e-07
-0.0008757481459125,1.242442065908814e-07
-0.0008757481459125,1.242442065908814e-07
-0.0008757481459125,1.242442065908814e-07
-0.0008757481459125,1.242442065908814e-07
-3.218643861614858e+26,8.878972734329337e+22
-0.0008757481459125,1.2424420659999072e-07
-0.0008757481459125,1.242442065908814e-07
-0.0008757481459125,1.242442065908814e-07
-0.0008757481459125,1.242442065908814e-07
-0.0008757481459125,1.242442065908814e-07
-0.0008757481459125,1.242442065908814e-07
-0.0008757481459125,1.2424420659088155e-07
-0.0008757423239786411,2.1228804204744713e-05
-0.0008757481459125,1.242442065908814e-07
-0.0008757481459125,1.242442065908814e-07
-0.0008757481459125,1.242442065908814e-07
-0.0008726638267635127,0.011180837591559158
5.848602927225622e+35,-1.6133995607299321e+32
-0.0008757481459125,1.2424420661061792e-07
-0.0008757481459125,1.242442065908814e-07
-0.0008757481459125,1.242442065908814e-07
-0.0008757481459125,1.242442065908814e-07
-0.0008757481459125,1.242442065908814e-07
-0.0008757481459125,1.242442065908814e-07
-0.0008757481459125,1.2424420659088155e-07
-0.0008757481459125,1.242442065908814e-07
-0.0008757481459125,1.242442065908814e-07
-0.0008757481459125,1.242442065908814e-07
-0.0008757481459125,1.242442065908814e-07
1.486938113992359e+16,5.390177868998918e+19
1.9023204858102726e+17,-52477541634538.39
-0.0008757481459125,1.2424420661788207e-07
-0.0008757481459125,1.242442065908814e-07
-0.0008757481459125,1.242442065908814e-07
-0.0008757481459125,1.242442065908814e-07
-0.0008757481459125,1.242442065908814e-07
1.2620524575767721e+22,-3.481506448649262e+18
-0.0008757481459125,1.2424420659088157e-07
-0.0008757481459096407,1.2424420659009264e-07
-0.0008757481459125,1.242442065908814e-07
-0.0008757481459125,1.242442065908814e-07
-0.0008757481459125,1.242442065908814e-07
-0.0008757481459125,1.242442065908814e-07
0.0587631026923594,3.2220931126098313
-0.0008757481459125,1.2424420661625174e-07
-0.0008757481459125,1.242442065908814e-07
-0.0008757481459125,1.242442065908814e-07
-0.0008757481459125,1.242442065908814e-07
-0.0008757481459125,1.242442065908814e-07
-0.0008757481459125,1.242442065908814e-07
-0.0008757481459125,1.2424420659088157e-07
-0.0008757481459094464,1.2424420659003904e-07
-0.00030227821707173234,2.078839108789716
-0.0008757481459125,1.242442065908814e-07
-0.0008757481459125,1.242442065908814e-07
-0.0008757481459125,1.242442065908814e-07
1.4527491234403813e-05,3.2272655978379596
-0.0008757481459125,1.2424420659977386e-07
-0.0008757481459125,1.242442065908814e-07
-0.0008757481459125,1.242442065908814e-07
-0.0008757481459125,1.242442065908814e-07
-0.0008757481459125,1.242442065908814e-07
-0.0008757481459125,1.2424420659100593e-07
-0.0008757481459125,1.2424420659088157e-07
-0.0008757481377542442,1.5381803329669687e-07
-0.0008757481459125,1.242442065908814e-07
-0.0008757481459125,1.242442065908814e-07
-0.0008757481459125,1.242442065908814e-07
-0.000875736240380804,4.3282014434485125e-05
1.597137881678072e-05,3.232499839124404
-0.0008757481459125,1.2424420659771287e-07
-0.0008757481459125,1.242442065908814e-07
-0.0008757481459125,1.242442065908814e-07
-0.0008757481459125,1.242442065908814e-07
-0.0008757481459125,1.242442065908814e-07
177190053289.9963,-48879767.98920848
-0.0008757481459125,1.2424420659088162e-07
-0.000875748135508094,1.242442037207149e-07
-0.0008757481459125,1.242442065908814e-07
-0.0008757481459125,1.242442065908814e-07
-0.0008757481459125,1.242442065908814e-07
-0.0008757481459125,1.242442065908814e-07
0.05876741301526743,3.237718112015307
-0.0008757481459125,1.2424420660194223e-07
-0.0008757481459125,1.242442065908814e-07
-0.0008757481459125,1.242442065908814e-07
-0.0008757481459125,1.242442065908814e-07
-0.0008757481459125,1.242442065908814e-07
-0.000875748143616252,1.3256814781020724e-07
-0.0008757481459125,1.2424420659088165e-07
-0.0008757481264599264,1.5230464515055965e-07
-0.0008757481459125,1.242442065908814e-07
-0.0008757481459125,1.242442065908814e-07
-0.0008757481459125,1.242442065908814e-07
2.530566559327167,-0.0006982011435330845
4.056481675713572e+29,-1.11902377971997e+26
-0.0008757481459125,1.2424420660432745e-07
-0.0008757481459125,1.242442065908814e-07
-0.0008757481459125,1.242442065908814e-07
-0.0008757481459125,1.242442065908814e-07
-0.0008757481459125,1.242442065908814e-07
-0.0008757481459125,1.242442065908814e-07
-0.0008757481459125,1.2424420659088165e-07
-0.0008757481009427419,2.8726033964225374e-07
-0.0008757481459125,1.242442065908814e-07
-0.0008757481459125,1.242442065908814e-07
-0.0008757481459125,1.242442065908814e-07
-0.0008757481459125,1.242442065908814e-07
2.026022859452246e-05,3.2480468756574705
-0.0008757481459124999,1.2424420659971957e-07
-3.506266332837973e-05,3.047500380221159
-0.0008757481459125,1.242442065908814e-07
-0.0008757481459125,1.242442065908814e-07
-0.0008757481459125,1.242442065908814e-07
8.30988563597549e+32,3.0123487472308656e+36
-0.0008757481459125,1.2424420659088165e-07
-0.000875748145912474,1.2424420659087424e-07
-0.0008757481459125,1.242442065908814e-07
-0.0008757481459125,1.242442065908814e-07
-0.0008757481459125,1.242442065908814e-07
-0.0008757367662843459,4.1375604472742906e-05
4.056481675713572e+29,-1.11902377971997e+26
-0.0008757481459124999,1.2424420660411059e-07
-0.0008757481459125,1.242442065908814e-07
-0.0008757481459125,1.242442065908814e-07
-0.0008757481459125,1.242442065908814e-07
-0.0008757481459125,1.242442065908814e-07
-0.0008757481459125,1.242442065908814e-07
-0.0008757481459125,1.2424420659088165e-07
-0.0008757479321207803,8.992429160640959e-07
-0.000862814023296603,0.0468865553761247
-0.0008757481459125,1.242442065908814e-07
-0.0008757481459125,1.242442065908814e-07
-0.0008757481459125,1.242442065908814e-07
-2.8086066995533878e-05,3.2542185925677662
-0.0008757481459124998,1.242442066032432e-07
-0.0008757481459125,1.242442065908814e-07
-0.0008757481459125,1.242442065908814e-07
-0.0008757481459125,1.242442065908814e-07
9.48443269672932e+20,3.4381242057652185e+24
-0.0008757481459125,1.242442065908814e-07
-0.0008757481459125,1.242442065908817e-07
-0.0008757481459125,1.242442065908814e-07
-0.0008757481459125,1.242442065908814e-07
-0.0008757481459125,1.242442065908814e-07
-0.0008757481459125,1.242442065908814e-07
1.2101968875404027e+22,-3.3384573222867625e+18
2.267399892705562e-05,3.256796837177566
-0.0008757481459125,1.242442065908814e-07
-0.0008757481459125,1.242442065908814e-07
-0.0008757481459125,1.242442065908814e-07
-0.0008757481459125,1.242442065908814e-07
-0.0008757481459125,1.242442065908814e-07
-0.0008757481459125,1.242442065908814e-07
-0.0008757481459125,1.242442065908814e-07
-0.0008757481459125,1.242442065908814e-07
-0.0008757481459125,1.242442065908814e-07
-0.0008757481459125,1.242442065908814e-07
9.473555642889882e+21,-2.613381453958252e+18
1.210195761640539e+22,-3.3384542163717796e+18
2.338517324066043e-05,3.2593748571752985
-0.0008757481459125,1.242442065908814e-07
-0.0008757481459125,1.242442065908814e-07
-0.0008757481459125,1.242442065908814e-07
-0.0008757481459125,1.242442065908814e-07
1.5299048233529036e+22,-4.220405797196219e+18
-0.0008757481459125,1.242442065908814e-07
-0.0008757481459125,1.242442065908814e-07
-0.0008757481459125,1.242442065908814e-07
-0.0008757481459125,1.242442065908814e-07
-0.0008757481459125,1.242442065908814e-07
-0.0008757481459125,1.242442065908814e-07
-0.0008757481459125,1.242442065908814e-07
-2.3021534883605417e+20,6.3507361896009464e+16
-0.0008757481459125,1.242442065908814e-07
-0.0008757481459125,1.242442065908814e-07
-0.0008757481459125,1.242442065908814e-07
-0.0008757481459125,1.242442065908814e-07
-0.0008757481459125,1.2424420659088157e-07
-0.0008757481458685341,1.2424420657876042e-07
-0.0008757481459125,1.242442065908814e-07
-0.0008757481459125,1.242442065908814e-07
-0.0008757481459125,1.242442065908814e-07
-0.0008757481459125,1.242442065908814e-07
-0.0008757481459125,1.242442065908814e-07
1.2331624778205846e+22,1.335269780685002e+22
126443834676.8683,-34880878.52260217
-0.0008757481459124998,1.242442066711228e-07
-0.0008757481459125,1.242442065908814e-07
-0.0008757481459125,1.242442065908814e-07
-0.0008757481459125,1.242442065908814e-07
-0.0008757481459125,1.242442065908814e-07
-0.0008757481459125,1.2424420659088155e-07
-0.0008757481459125,1.2424420659088176e-07
-0.0008757481189646491,1.2424419915702902e-07
-0.0008757481459125,1.242442065908814e-07
-0.0008757481459125,1.242442065908814e-07
-0.0008757481459125,1.242442065908814e-07
-0.000875735821072008,4.4802016491934746e-05
2.5540334694676057e-05,3.2671873568780363
-0.0008757481459124998,1.2424420661191748e-07
-0.0008757481459125,1.242442065908814e-07
-0.0008757481459125,1.242442065908814e-07
-0.0008757481459125,1.242442065908814e-07
-0.0008757481459125,1.242442065908814e-07
-0.0008757481459125,1.242442065908814e-07
-0.0008757481459125,1.2424420659088178e-07
-0.0008757481459124844,1.2424420660448585e-07
-0.0008757481459125,1.242442065908814e-07
-0.0008757481459125,1.242442065908814e-07
-0.0008757481459125,1.242442065908814e-07
-0.0008757481459125,1.242442065908814e-07
-2.3021534883605417e+20,6.3507361896009464e+16
-0.0008757481459124998,1.2424420661582058e-07
-0.0008757481459125,1.242442065908814e-07
-0.0008757481459125,1.242442065908814e-07
-0.0008757481459125,1.242442065908814e-07
-0.0008757481459125,1.242442065908814e-07
-0.0008757481459125,1.242442065908814e-07
-0.0008757481459125,1.242442065908818e-07
-0.0008757481459125,1.242442065908814e-07
-0.0008757481459125,1.242442065908814e-07
-0.0008757481459125,1.242442065908814e-07
-0.0008757481459125,1.242442065908814e-07
4.4460846625125084e+18,1.350483540355794e+22
126443834676.8683,-34880878.51478967
-0.0008757481459124996,1.242442074270991e-07
-0.0008757481459125,1.242442065908814e-07
-0.0008757481459125,1.242442065908814e-07
-0.0008757481459125,1.242442065908814e-07
-0.0008757481459125,1.242442065908814e-07
-0.0008757481459125,1.242442065908814e-07
-0.0008757481459125,1.242442065908819e-07
-0.0008757481459125,1.242442065908814e-07
-0.0008757481459125,1.242442065908814e-07
-0.0008757481459125,1.242442065908814e-07
-0.0008757481459125,1.242442065908814e-07
-0.0008757481459125,1.242442065908814e-07
-3.218643861614858e+26,8.878972734329337e+22
-0.0008757481459124995,1.2424420779840904e-07
-0.0008757481459125,1.242442065908814e-07
-0.0008757481459125,1.242442065908814e-07
-0.0008757481459125,1.242442065908814e-07
-0.0008757481459125,1.242442065908814e-07
2.2787380028306634e+29,-6.286142072786618e+25
-0.0008757481459125,1.2424420659088192e-07
-0.0008757481280569188,1.2425847146465582e-07
-0.0008757481459125,1.242442065908814e-07
-0.0008757481459125,1.242442065908814e-07
-0.0008757481459125,1.242442065908814e-07
-0.0008757481459125,1.242442065908814e-07
2.8437673178414785e-05,3.277539014340082
-0.0008757481459124993,1.2424420829800736e-07
-0.0008757481459125,1.242442065908814e-07
-0.0008757481459125,1.242442065908814e-07
-0.0008757481459125,1.242442065908814e-07
-0.0008757481459125,1.242442065908814e-07
-0.0008757481459125,1.242442065908814e-07
-0.0008757481459125,1.2424420659088197e-07
-0.0008757481335731541,1.2425483290667253e-07
-0.0008757481459125,1.242442065908814e-07
-0.0008757481459125,1.242442065908814e-07
-0.0008757481459125,1.242442065908814e-07
-0.0008757481459125,1.242442065908814e-07
5.848602927225622e+35,-1.6133995607299321e+32
-0.0008757481459124994,1.2424420800657435e-07
-0.0008757481459125,1.242442065908814e-07
-0.0008757481459125,1.242442065908814e-07
-0.0008757481459125,1.242442065908814e-07
-0.0008757481459125,1.242442065908814e-07
-0.0008757481459125,1.242442065908814e-07
-0.0008757481459125,1.24244206590882e-07
-0.0008757481369276958,1.242520500223116e-07
-0.0008757481459125,1.242442065908814e-07
-0.0008757481459125,1.242442065908814e-07
-0.0008757481459125,1.242442065908814e-07
-0.000875737095152947,4.018344977695633e-05
-3.218643861614858e+26,8.878972734329337e+22
-0.0008757481459124994,1.2424420796494025e-07
0.020741241198279522,0.02087324786835538
-0.0008757481459125,1.242442065908814e-07
-0.0008757481459125,1.242442065908814e-07
-0.0008757481459125,1.242442065908814e-07
2.0183353911938758e+29,-5.567793666414265e+25
-0.0008757481459125,1.2424420659088205e-07
-0.0008757481097458224,1.2427603485550612e-07
-0.0008757481459125,1.242442065908814e-07
-0.0008757481459125,1.242442065908814e-07
-0.0008757481459125,1.242442065908814e-07
-0.0008757481459125,1.242442065908814e-07
1.9023204858102726e+17,-52477541634538.32
-0.0008757481459124993,1.2424420820086102e-07
0.014328253238524765,0.013975524813216119
-0.0008757481459125,1.242442065908814e-07
-0.0008757481459125,1.242442065908814e-07
-0.0008757481459125,1.242442065908814e-07
-0.0008757481459125,1.242442065908814e-07
-0.0008757481459125,1.2424420659088207e-07
-0.0008757481459125,1.242442065908814e-07
-0.0008757481459125,1.242442065908814e-07
-0.0008757481459125,1.242442065908814e-07
-0.0008757481459125,1.242442065908814e-07
-0.0008757481459125,1.242442065908814e-07
3.126228572425209e-05,3.2879295340520627
-0.0008757481459124991,1.2424420867286068e-07
-0.0008198430641272938,0.009890326532543337
-0.0008757469122555725,4.596273140795341e-06
-0.0008757481459125,1.242442065908814e-07
-0.0008757481459125,1.242442065908814e-07
-0.0008757481459125,1.242442065908814e-07
-0.0008757481459125,1.2424420659088202e-07
-0.0008757439690789465,1.5265342259580005e-05
-0.0008757481459125,1.242442065908814e-07
-0.0008757481459125,1.242442065908814e-07
-0.0008757481459125,1.242442065908814e-07
-0.0008757481459125,1.242442065908814e-07
-3.218643861614858e+26,8.878972734329337e+22
-0.0008757481459124991,1.2424420860347174e-07
-0.000873853614462113,0.006867835415171388
-0.0008757347908347671,4.85366453398935e-05
-0.0008757481459125,1.242442065908814e-07
-0.0008757481459125,1.242442065908814e-07
-0.0008757481459125,1.242442065908814e-07
-0.0008757481459125,1.2424420659088202e-07
-0.000875743684318728,1.3000356498432304e-05
-0.0008632466862122228,0.00036642290018008166
-0.0008757481459125,1.242442065908814e-07
-0.0008757481459125,1.242442065908814e-07
-0.0008757481459125,1.242442065908814e-07
1.9023204858102726e+17,-52477541634538.31
-0.0008757481459124991,1.2424420882551444e-07
-0.0008756634117734257,0.00030728704868978566
-0.000538048730561091,3.1086217381110653e-08
-0.0008757481459125,1.242442065908814e-07
-0.0008757481459125,1.242442065908814e-07
-0.0008757481459125,1.242442065908814e-07
-0.0008757481459125,1.24244206590882e-07
-0.0008757440841820035,1.484809157213444e-05
-0.0006343546549265127,0.00025764160925823227
-0.0008757481459125,1.242442065908814e-07
-0.0008757481459125,1.242442065908814e-07
-0.0008757481459125,1.242442065908814e-07
3.3417447178267826e-05,3.2957420337548005
-0.000875748145912499,1.2424420893653418e-07
-0.0008756868384634802,0.0002223648686160118
-0.0006372792538535252,1.5937050942054177e-06
-0.0008757481459125,1.242442065908814e-07
-0.0008757481459125,1.242442065908814e-07
-0.0008757481459125,1.242442065908814e-07
-0.0008757481459125,1.242442065908814e-07
-0.0008757481459124989,1.242442065908811e-07
-0.0006954155970139262,0.00019656498547213167
-0.0008757481459125,1.242442065908814e-07
-0.0008757481459125,1.242442065908814e-07
-0.0008757481459125,1.242442065908814e-07
0.05878411551653605,3.2982649847115253
-0.0008757481459125,1.242442065908814e-07
-0.0008757481459125,1.242442065908814e-07
-0.000875689732834736,0.00021187271985685245
-0.0008757481459125,1.242442065908814e-07
-0.0008757480282324027,1.2424417412757016e-07
-0.0008757481459125,1.242442065908814e-07
-0.0008757481459125,1.242442065908814e-07
-0.0008757481459125,1.242442065908814e-07
-0.0008757481459125,1.242442065908814e-07
-0.0008757481459125,1.242442065908814e-07
1.0419453712120346e+34,-2.8743175509359497e+30
1.500769462212162e+22,-4.14003279282049e+18
3.4839861630378425e-05,3.300898312168836
-0.0008757481459125,1.242442065908814e-07
-0.0008757481459125,1.242442065908814e-07
-0.0008757481459125,1.242442065908814e-07
-0.0008757481459125,1.242442065908814e-07
9.459720585378557e+21,-2.6095013267098875e+18
-0.0008757481459087618,1.242577576230576e-07
-0.0008757481459125,1.242442065908814e-07
-0.0008757481459125,1.242442065908814e-07
-0.0008757481459125,1.242442065908814e-07
-0.0008757481459125,1.242442065908814e-07
1.1592736922085589e+31,4.202388344917593e+34
1.4360401965603367e+19,-3961470202627498.5
-4.932681766024734e+32,1.3607329294792867e+29
-0.0008757481459125,1.242442065908814e-07
-0.0008757481459125,1.242442065908814e-07
-0.0008757481459125,1.242442065908814e-07
-0.0008757481459125,1.242442065908814e-07
2053.1533686558396,3730.746745861249
0.05631079038999637,4.016235623057397e-05
-0.0008757481459125,1.242442065908814e-07
-0.0008757481459125,1.242442065908814e-07
-0.0008757481459125,1.242442065908814e-07
-0.0008757481459125,1.242442065908814e-07
141189677528637.78,35533045560821.07
808.8336882026208,-0.2231255258322849
0.05878627067799007,3.306077484414263
-0.0008757481459125,1.242442065908814e-07
-0.0008757481459125,1.242442065908814e-07
-0.0008757481459125,1.242442065908814e-07
-0.0008757481459125,1.242442065908814e-07
99738.23340210604,242503693.71330184
0.317965473917358,948.4754121247465
-0.0008757481459125,1.242442065908814e-07
-0.0008757481459125,1.242442065908814e-07
-0.0008757481459125,1.242442065908814e-07
-0.0008757481459125,1.242442065908814e-07
141202563318644.88,35536263231732.89
52028.411207093945,-14.352592615946039
3.699502308439416e-05,3.3087108118715736
-0.0008757481459125,1.242442065908814e-07
-0.0008757481459125,1.242442065908814e-07
-0.0008757481459125,1.242442065908814e-07
-0.0008757481459125,1.242442065908814e-07
1.8748478114368397e+19,6.79635761962844e+22
73344039597301.56,2.6587258735846707e+17
-0.0008757481459125,1.242442065908814e-07
-0.0008757481459125,1.242442065908814e-07
-0.0008757481459125,1.242442065908814e-07
-0.0008757481459125,1.242442065908814e-07
141202562726238.62,35534115748166.6
1.9148389569475396e+19,6.9413262343176895e+22
3.769547686507241e-05,3.3112499696423914
-0.0008757481459125,1.242442065908814e-07
-0.0008757481459125,1.242442065908814e-07
-0.0008757481459125,1.242442065908814e-07
-0.0008757481459125,1.242442065908814e-07
266400.25983061024,965705819.2553227
1002161937717.684,248980192925.89246
-0.0008757481459125,1.242442065908814e-07
-0.0008757481459125,1.242442065908814e-07
-0.0008757481459125,1.242442065908814e-07
-0.0008757481459125,1.242442065908814e-07
8892230611445.8,135422149581.0396
49340822.12172789,-13611.192575128958
2.720082918577375e+23,-7.503639143551025e+19
-0.0008757481459125,1.242442065908814e-07
-0.0008757481459125,1.242442065908814e-07
-0.0008757481459125,1.242442065908814e-07
-0.0008757481459125,1.242442065908814e-07
0.2879392282383416,592.7813150769299
0.038578108530338245,2.970577799169632
-0.0008757481459125,1.242442065908814e-07
-0.0008757481459125,1.242442065908814e-07
-0.0008757481459125,1.242442065908814e-07
-0.0008757481459125,1.242442065908814e-07
-0.0008757481459125,1.242442065908814e-07
-0.0008757481459125,1.242442065908814e-07
-151996487680153.16,41929853937.16538
-0.0008757481459125,1.242442065908814e-07
-0.0008757481459125,1.242442065908814e-07
-0.0008757481459125,1.242442065908814e-07
-0.0008757481459125,1.242442065908814e-07
-0.0008757481459125,1.242442065908814e-07
-0.0008757481459125,1.242442065908814e-07
-0.0008757481459125,1.242442065908815e-07
-0.0008757339916525975,2.7904258621562004e-05
-0.0008757481459125,1.242442065908814e-07
-0.0008757481459125,1.242442065908814e-07
-0.0008757481459125,1.242442065908814e-07
2.935858204777893e+21,-8.098878308021768e+17
3.9850638319088145e-05,3.319062469345129
-0.0008757481459124982,1.2424421022745988e-07
-0.0008558307728339341,2.325046783778302e-05
-0.000875740711960898,2.7072454779433477e-05
-0.0008757481459125,1.242442065908814e-07
-0.0008757481459125,1.242442065908814e-07
8.281455737955602e+29,3.002042857181868e+33
-0.0008757481459125,1.2424420659088152e-07
-0.0008757417982578527,2.313460844304292e-05
-0.0008757419947684256,2.2422254020941658e-05
-0.0008757481459125,1.242442065908814e-07
-0.0008757481459125,1.242442065908814e-07
-0.0008757481459125,1.242442065908814e-07
4.056181265997777e-05,3.321640489342862
-0.0008757481459124979,1.2424421114339805e-07
-0.0008638800785113997,1.9080335746818897e-05
-0.0008541648970431399,1.1829023695432941e-07
-0.0008757481459125,1.242442065908814e-07
-0.0008757481459125,1.242442065908814e-07
-0.0008757481459125,1.242442065908814e-07
-0.0008757481459125,1.2424420659088152e-07
-0.0008757356038759552,1.9316937094685516e-05
-0.0008757481459125,1.242442065908814e-07
-0.0008757481459125,1.242442065908814e-07
-0.0008757481459125,1.242442065908814e-07
-0.0008757481459125,1.242442065908814e-07
4.127305277117543e-05,3.3242187477591645
-0.0008757481459124986,1.2424421136543527e-07
-0.0008594090920949634,1.586043506623636e-05
-0.0008757427179588059,1.980067566059796e-05
-0.0008757481459125,1.242442065908814e-07
-0.0008757481459125,1.242442065908814e-07
-0.0008757481459125,1.242442065908814e-07
-0.0008757481459125,1.242442065908815e-07
-0.0008757443143901245,1.401358292128597e-05
-0.0008757481459125,1.242442065908814e-07
-0.0008757481459125,1.242442065908814e-07
-0.0008757481459125,1.242442065908814e-07
-0.0008757481459125,1.242442065908814e-07
89128.95758817779,-21.260338665865778
-0.0008757481459124983,1.242442127532089e-07
-0.0008619742446293253,1.3295646305035944e-05
-0.0008757481459125,1.242442065908814e-07
-0.0008757481459125,1.242442065908814e-07
-0.0008757481459125,1.242442065908814e-07
5.184652728141719e+37,-1.4302418095750474e+34
-0.0008757481459125,1.2424420659088152e-07
-0.000875744429501461,1.3596302220516387e-05
-0.0008635264038688318,1.208727085613575e-07
-0.0008757481459125,1.242442065908814e-07
-0.0008757481459125,1.242442065908814e-07
-0.0008757481459125,1.242442065908814e-07
-7.342638000632819e-06,3.329413902206618
-0.0008757481459124999,1.2424420659106435e-07
-0.0008643589025376839,1.1627401306009134e-05
-0.0008620359021804064,1.2046153775709957e-07
-0.0008757481459125,1.242442065908814e-07
-0.0008757481459125,1.242442065908814e-07
-0.0008757481459125,1.242442065908814e-07
-0.0008757481459125,1.242442065908815e-07
-0.0008757449889377139,1.156833556802329e-05
-0.000875745169000441,1.0915604887817498e-05
-0.0008757481459125,1.242442065908814e-07
-0.0008757481459125,1.242442065908814e-07
-0.0008757481459125,1.242442065908814e-07
4.342821422519117e-05,3.3320312474619027
-0.0008757481459124971,1.2424421686044397e-07
-0.0008669224463630548,1.0077389948091172e-05
-0.0008643008822336685,1.2108635668710148e-07
-0.0008757481459125,1.242442065908814e-07
-0.0008757481459125,1.242442065908814e-07
5.292403025061267e+37,-1.459965879388244e+34
-0.0008757481459125,1.2424420659088155e-07
-0.0008757453994210691,1.0080325894985938e-05
-0.0008671596580978962,9.721153546546558e-06
-0.0008757481459125,1.242442065908814e-07
-0.0008757481459125,1.242442065908814e-07
-0.0008757481459125,1.242442065908814e-07
89128.95759033294,-21.25252616616304
-0.0008757481459124998,1.2424420659088136e-07
-0.0008666845302387113,8.229573891582031e-06
-0.0008667447107752504,1.2176051288210205e-07
-0.0008757481459125,1.242442065908814e-07
-0.0008757481459125,1.242442065908814e-07
-0.0008757481459125,1.242442065908814e-07
-0.0008757481459125,1.2424420659088155e-07
-0.0008757458104849926,8.59021165128876e-06
-0.0008682939840604617,8.112123711904435e-06
-0.0008757481459125,1.242442065908814e-07
-0.0008757481459125,1.242442065908814e-07
-0.0008757481459125,1.242442065908814e-07
-5.187476546617085e-06,3.337226401909356
-0.0008757481459124999,1.2424420659088139e-07
-0.000867878310445638,7.454238348940139e-06
-0.0008672810979881376,1.2190848102157423e-07
-0.0008757481459125,1.242442065908814e-07
-0.0008757481459125,1.242442065908814e-07
-0.0008757481459125,1.242442065908814e-07
-0.0008757481459125,1.2424420659088157e-07
-0.0008757461149627005,7.486474389065496e-06
-0.0008689499018243796,7.127392340166421e-06
-0.0008757481459125,1.242442065908814e-07
-0.0008757481459125,1.242442065908814e-07
-0.0008757481459125,1.242442065908814e-07
4.5572589375972306e-05,3.3398046465191555
-0.0008757481459124957,1.2424422191195852e-07
-0.0008689513995523935,6.709442177933067e-06
-0.0008757481459125,1.242442065908814e-07
-0.0008757481459125,1.242442065908814e-07
-0.0008757481459125,1.242442065908814e-07
-0.0008757481459125,1.242442065908814e-07
-0.0008757481459125,1.242442065908816e-07
-0.0008757462382817773,7.03944047975421e-06
-0.0008696355337738711,6.501725863894521e-06
-0.0008757481459125,1.242442065908814e-07
-0.0008757481459125,1.242442065908814e-07
-0.0008757481459125,1.242442065908814e-07
4.056481675713572e+29,-1.11902377971997e+26
-0.0008757481459124945,1.2424422635285046e-07
-0.0008700840030675706,6.291762661296973e-06
-0.0008757481459125,1.242442065908814e-07
-0.0008757481459125,1.242442065908814e-07
-0.0008757481459125,1.242442065908814e-07
-0.0008757481459125,1.242442065908814e-07
-0.0008757481459125,1.242442065908816e-07
-0.0008757425556562514,3.7159531116240858e-06
-0.000870112450432663,6.174037324676856e-06
-0.0008757481459125,1.242442065908814e-07
-0.0008757481459125,1.242442065908814e-07
-0.0008757481459125,1.2424420659088197e-07
-2.3021534883605417e+20,6.3507361896009464e+16
-0.000875748145912493,1.2424423168192076e-07
-0.000875746600310261,5.727080602292165e-06
-0.0008757481459125,1.242442065908814e-07
-0.0008757481459125,1.242442065908814e-07
-0.0008757481459125,1.242442065908814e-07
-0.0008757481459125,1.242442065908814e-07
-0.0008757481459125,1.242442065908816e-07
-0.0008757471119040648,1.2628171136294478e-07
-0.0008705909537182586,1.2282154006276817e-07
-0.0008757481459125,1.242442065908814e-07
-0.0008757481459125,1.242442065908814e-07
-0.0008757481459125,1.242442065908814e-07
126443834676.86833,-34880878.43959436
-0.0008757481459124928,1.2424423212600995e-07
-0.0008757188415024328,5.071421827252126e-06
-0.0008757481459125,1.242442065908814e-07
-0.0008757481459125,1.242442065908814e-07
-0.0008757481459125,1.242442065908814e-07
-0.0008757481458763032,1.242442065808961e-07
-0.0008757481459125,1.2424420659088157e-07
-0.000875746575350968,5.817558496023945e-06
-0.0008757481459125,1.242442065908814e-07
-0.0008757481459125,1.242442065908814e-07
-0.0008757481459125,1.242442065908814e-07
-0.0008757481459125,1.242442065908814e-07
-71.67994914964491,3.3699297582053793
-0.0008757481459124917,1.242442361228127e-07
-0.0008706506993422593,4.652791196823416e-06
-0.0008757481459125,1.242442065908814e-07
-0.0008757481459125,1.242442065908814e-07
-0.0008757481459125,1.242442065908814e-07
-0.0008757481459125,1.242442065908814e-07
-0.0008757481459125,1.2424420659088157e-07
-0.0008757468359782778,1.2424384523154054e-07
-0.0008715162162944703,1.2307678362308423e-07
-0.0008757481459125,1.242442065908814e-07
-0.0008757481459125,1.242442065908814e-07
-0.0008757481459125,1.242442065908814e-07
4.915016525479051e-05,3.3527734246359286
-0.0008757481459124889,1.2424424655890874e-07
0.0002763195864884676,0.00010566428717136763
-0.0008757481459125,1.242442065908814e-07
3796655.74609801,13762946548.325998
-0.0008757481459125,1.242442065908814e-07
-0.0008757481459125,1.242442065908814e-07
-0.0008757481459125,1.2424420659088162e-07
-0.0008757481459125,1.242442065908814e-07
-0.0008757481459125,1.242442065908814e-07
-0.0008757481459125,1.242442065908814e-07
-0.0008757481459125,1.242442065908814e-07
1.2028143621321376e+22,-3.3180918377445883e+18
126443834676.86833,-34880878.43178186
-0.0008757481459124891,1.2424424567073034e-07
-0.0008757481459125,1.242442065908814e-07
-0.0008757481459125,1.242442065908814e-07
-0.0008757481459125,1.242442065908814e-07
-0.0008757481459125,1.242442065908814e-07
-0.0008757481459125,1.242442065908814e-07
-0.0008757481459125,1.2424420659088165e-07
-0.0008757481459125,1.242442065908814e-07
-0.0008757481459125,1.242442065908814e-07
-0.0008757481459125,1.242442065908814e-07
-0.0008757481459125,1.242442065908814e-07
-0.0008757481459125,1.242442065908814e-07
-71.67994699448346,3.377742257908117
-0.0008757481459124875,1.2424425144388986e-07
-0.0008757481459125,1.242442065908814e-07
-0.0008757481459125,1.242442065908814e-07
-0.0008757481459125,1.242442065908814e-07
-0.0008757481459125,1.242442065908814e-07
-0.0008757481459125,1.242442065908814e-07
-0.0008757481459125,1.2424420659088162e-07
-0.0008757481459125,1.242442065908814e-07
-0.0008757481459125,1.242442065908814e-07
-0.0008757481459125,1.242442065908814e-07
-0.0008757481459125,1.242442065908814e-07
-0.0008757481459125,1.242442065908814e-07
5.130532670880614e-05,3.3605859243386664
-0.0008757481459124834,1.242442665429224e-07
3795102.6637891,13757316596.540215
-0.0008757481459125,1.242442065908814e-07
356563.84876434476,1292550478.8190289
-0.0008757481459125,1.242442065908814e-07
-0.0008757481459125,1.242442065908814e-07
-0.0008757481459125,1.2424420659088168e-07
-0.0008757481459125,1.242442065908814e-07
-0.0008757481459125,1.242442065908814e-07
-0.0008757481459125,1.242442065908814e-07
-0.0008757481459125,1.242442065908814e-07
-0.0008757481459125,1.242442065908814e-07
5.848602927225622e+35,-1.6133995607299321e+32
-0.0008757481459124837,1.2424426521065484e-07
-0.0008757481459125,1.242442065908814e-07
0.00118499692925225,4.6536150952269845e-06
-0.0008757481459125,1.242442065908814e-07
-0.0008757481459125,1.242442065908814e-07
-0.0008757481459125,1.242442065908814e-07
-0.0008757481459125,1.2424420659088173e-07
-0.0008757466252374166,1.2424378709642396e-07
-0.0008757481459125,1.242442065908814e-07
-0.0008757481459125,1.242442065908814e-07
-0.0008757481459125,1.242442065908814e-07
-0.0008757481459125,1.242442065908814e-07
-3.218643861614858e+26,8.878972734329337e+22
-0.0008757481459124789,1.2424428253013336e-07
-0.0008757481459125,1.242442065908814e-07
-0.0008757481459125,1.242442065908814e-07
-0.0008756456653679077,1.2421593623851075e-07
-0.0008757481459125,1.242442065908814e-07
-0.0008757481459125,1.242442065908814e-07
-0.0008757481459125,1.2424420659088165e-07
-0.0008757426161849237,1.2424268115649073e-07
-0.0008757481459125,1.242442065908814e-07
-0.0008757478565782601,1.242441267749422e-07
-0.0008757481459125,1.242442065908814e-07
-0.0008757481459125,1.242442065908814e-07
5.3491425081347095e-05,3.36835932338441
-0.000875748145912471,1.2424431139593091e-07
-0.0007812988965995695,8.163734652803303e-05
-0.0008757242055203717,8.69086036974533e-05
127901.76855945373,463646254.35846615
-0.0008757481459125,1.242442065908814e-07
-0.0008757481459125,1.242442065908814e-07
-0.0008757481459125,1.2424420659088168e-07
-0.0008757465920889725,5.756882923545895e-06
-0.0008757481459125,1.242442065908814e-07
-0.0008757478620349228,1.2424412828022086e-07
-0.0008757481459125,1.242442065908814e-07
-0.0008757481459125,1.242442065908814e-07
5.416087617316878e-05,3.3709373433936523
-0.0008757481459124641,1.2424433628968615e-07
-0.000864062939398408,9.896182832720195e-06
-0.0008757481459125,1.242442065908814e-07
-0.0008757452331908286,3.1355329541357334e-06
-0.0008757481459125,1.242442065908814e-07
-0.0008757481459125,1.242442065908814e-07
-0.0008757481459125,1.2424420659088165e-07
-0.0008757471140285804,3.864842295423916e-06
-0.0008757481459125,1.242442065908814e-07
-0.0008757339938910552,1.382723435570822e-07
-0.0008757481459125,1.242442065908814e-07
-0.0008757481459125,1.242442065908814e-07
-3.218643861614858e+26,8.878972734329337e+22
-0.0008757481459124788,1.2424428253781762e-07
-0.0008757479845697132,7.091147611953372e-07
-0.0008757481459125,1.242442065908814e-07
35446.60948941453,128494611.11083725
-0.0008757481459125,1.242442065908814e-07
-0.0008757481459125,1.242442065908814e-07
-0.0008757481459125,1.2424420659088173e-07
-0.0008756387026533235,1.2421401549935451e-07
-0.0008757481459125,1.242442065908814e-07
-0.0008757434238428565,1.4380871323093454e-07
-0.0008757481459125,1.242442065908814e-07
-0.0008757481459125,1.242442065908814e-07
1.9023204858102726e+17,-52477541634538.234
-0.0008757481459124388,1.2424442776238338e-07
-0.0008757249947640682,8.40475808570952e-05
-0.0008757481459125,1.242442065908814e-07
-0.0008757375126923283,3.6272639328664563e-06
-0.0008757481459125,1.242442065908814e-07
-0.0008757481459125,1.242442065908814e-07
-0.0008757481459125,1.242442065908817e-07
-0.0008756132550263862,9.406113073577346e-05
-0.0007875081507437854,9.117580294401384e-05
-0.0008754276468544083,1.4698120526707122e-07
-0.0008757481459125,1.242442065908814e-07
-0.0008757481459125,1.242442065908814e-07
-107374179.91440384,29623.692632430524
-0.0008757481459124046,1.2424455120409505e-07
-0.0008757459426071805,8.111266302590582e-06
-0.0008757206461279647,9.981146629736298e-05
-0.0008757336018963387,2.8226046664204782e-06
-0.0008757481459125,1.242442065908814e-07
-0.0008757481459125,1.242442065908814e-07
-0.0008757481459125,1.2424420659088176e-07
0.0019348748769582392,10.187499736533686
-0.0008757481459125,1.242442065908814e-07
-0.0007588927113729192,9.838413907811043e-08
-0.0008757481459125,1.242442065908814e-07
-0.0008757481459125,1.242442065908814e-07
5.7027277738405484e-05,3.381328101512693
-0.0008757481459124881,1.2424424855731005e-07
-0.0008757481459125,1.242442065908814e-07
-0.0008757479105521961,9.77429614646711e-07
-0.000875747800445611,1.3765680000127288e-06
-0.0008757481459125,1.242442065908814e-07
-0.0008757481459125,1.242442065908814e-07
-0.0008757481459125,1.242442065908818e-07
-0.0008752973528343557,1.2411985050733323e-07
-0.0008757481459125,1.242442065908814e-07
-0.0008757481444587691,1.2951400787444355e-07
-0.0008757481459125,1.242442065908814e-07
-0.0008757481459125,1.242442065908814e-07
5.773845207929511e-05,3.3839061215104254
-0.0008757481459124977,1.2424421316942167e-07
-0.0008757481459125,1.242442065908814e-07
-0.0008757481459125,1.242442065908814e-07
615938.0221664327,2232786603.043462
-0.0008757481459125,1.242442065908814e-07
-0.0008757481459125,1.242442065908814e-07
-0.0008757481459125,1.2424420659088202e-07
-0.0008757481459125,1.242442065908814e-07
-0.0008757481459125,1.242442065908814e-07
-0.0008757438646500128,1.2837777781250357e-07
-0.0008757481459125,1.242442065908814e-07
-0.0008757481459125,1.242442065908814e-07
-107374179.91440168,29623.700444930226
-0.0008757481459124877,1.2424424967127688e-07
-0.0008757481459125,1.242442065908814e-07
-0.0008757479074700126,9.88602586102608e-07
879741.9617320256,3189080710.6568956
-0.0008757481459125,1.242442065908814e-07
-0.0008757481459125,1.242442065908814e-07
-0.0008757481459125,1.2424420659088197e-07
-0.0008701155071955451,1.2269038306332035e-07
-0.0008757481459125,1.242442065908814e-07
-0.0008757481459125,1.242442065908814e-07
-0.0008757481459125,1.242442065908814e-07
-0.0008757481459125,1.242442065908814e-07
0.05880916926843898,3.3890852937558527
-0.0008757481459124851,1.2424425833101271e-07
0.002313890806030719,11.562499684296235
-0.0008757481459125,1.242442065908814e-07
-0.0008751741755946382,1.2408587075064176e-07
-0.0008757481459125,1.242442065908814e-07
-0.0008757481459125,1.242442065908814e-07
-0.0008757481459125,1.24244206590882e-07
0.0012874609389238087,7.812499824762039
-0.0008757480832251752,3.514869061505744e-07
-0.0008757481459125,1.242442065908814e-07
-0.0008757481459125,1.242442065908814e-07
-0.0008757481459125,1.242442065908814e-07
5.9893613533310843e-05,3.3917186212131636
-0.0008757481459124898,1.2424424189971936e-07
-0.0008757481459125,1.242442065908814e-07
-0.0008757481459125,1.242442065908814e-07
-0.0008757481459125,1.242442065908814e-07
-0.0008757481459125,1.242442065908814e-07
-0.0008757481459125,1.242442065908814e-07
-0.0008757481459125,1.24244206590882e-07
-0.0008601297123163736,1.1993569493145963e-07
-0.0008167506011088206,0.21386730360665543
-0.0007087934758772195,7.818797835168552e-08
-0.0008757481459125,1.242442065908814e-07
-0.0008757481459125,1.242442065908814e-07
-4.932681766024734e+32,1.3607329294792867e+29
-0.0008757481459124935,1.2424422724291077e-07
-0.0008757481459125,1.242442065908814e-07
-0.0008757481459125,1.242442065908814e-07
-0.0008757481459125,1.242442065908814e-07
-0.0008757481459125,1.242442065908814e-07
-0.0008757481459125,1.242442065908814e-07
-0.0008757481459125,1.2424420659088213e-07
-0.0008539308367715551,1.1822566892944243e-07
-0.0008757476567048128,1.8976310235659119e-06
-0.0008755786452103694,1.2419744801250572e-07
-0.0008757481459125,1.242442065908814e-07
-0.0008757481459125,1.242442065908814e-07
0.058811324429893,3.396897793458591
-0.0008757481459124931,1.2424422890636315e-07
-0.0008757481459125,1.242442065908814e-07
-0.0008757481459125,1.242442065908814e-07
-0.0008757481459125,1.242442065908814e-07
-0.0008757481459125,1.242442065908814e-07
-0.0008757481459125,1.242442065908814e-07
-0.0008757481459125,1.2424420659088197e-07
-0.0008457053906485575,1.1595659179653006e-07
-0.0008757481459125,1.242442065908814e-07
-0.0008750196455272289,0.0026409514698283332
-0.0008757481459125,1.242442065908814e-07
-0.0008757481459125,1.242442065908814e-07
6.204877498732647e-05,3.3995311209159014
-0.0008757481459124927,1.242442300198082e-07
-0.0008757481459125,1.242442065908814e-07
-0.0008757481459125,1.242442065908814e-07
-0.0008757481459125,1.242442065908814e-07
-0.0008757481459125,1.242442065908814e-07
-0.0008757481459125,1.242442065908814e-07
-0.0008757481459125,1.2424420659088207e-07
-0.0008380739627775268,1.1385138094052418e-07
-0.0008609532998964785,4.2801772252279186e-05
-0.0008757481459125,1.242442065908814e-07
-0.0008757481459125,1.242442065908814e-07
-0.0008757481459125,1.242442065908814e-07
6.274922876800483e-05,3.402070278686719
-0.0008757481459124881,1.2424424722894888e-07
-0.0008757015805344043,0.00016892459178771888
-0.0008604585367885542,0.055425237064981724
0.004131466507792044,-1.2570494157134834e-06
-0.0008757481459125,1.242442065908814e-07
-0.0008757481459125,1.242442065908814e-07
-0.0008757481459125,1.2424420659088218e-07
-0.0008430807236443241,1.1523254938086528e-07
-0.0008709048086565667,5.377173252042168e-05
0.8117198863900491,-0.00022403893734714375
-0.0008757481459125,1.242442065908814e-07
-0.0008757481459125,1.242442065908814e-07
6.346040310889446e-05,3.4046482986844517
-0.0008757481459124735,1.2424430030137166e-07
-0.0008757481459125,1.242442065908814e-07
-0.0007306376990470551,0.0004788707649252672
-0.0008757481459125,1.242442065908814e-07
-0.0008757481459125,1.242442065908814e-07
-0.0008757481459125,1.242442065908814e-07
-0.0008757481459125,1.2424420659088218e-07
0.09740583587768903,356.0339526236073
-0.0008757224929352527,9.311675608787695e-05
-0.0005571747194716245,3.636232562281314e-08
-0.0008757481459125,1.242442065908814e-07
-0.0008757481459125,1.242442065908814e-07
6.419311635038174e-05,3.4073045199731635
-0.0008757481459124574,1.242443584947691e-07
-0.0008757481459125,1.242442065908814e-07
-0.0008757481459125,1.242442065908814e-07
-0.0008757481459125,1.242442065908814e-07
-0.0008757481459125,1.242442065908814e-07
-0.0008757481459125,1.242442065908814e-07
-0.0008757481459125,1.2424420659088226e-07
-0.0007598684844942911,9.227756478667208e-08
0.002785340811262367,13.251202201809088
-0.0006792683977018711,7.004317030925945e-08
-0.0008757481459125,1.242442065908814e-07
-0.0008757481459125,1.242442065908814e-07
6.490439022202056e-05,3.409882778389457
-0.0008757481459124604,1.2424434783569332e-07
-0.0008757481459125,1.242442065908814e-07
-0.0008757481459125,1.242442065908814e-07
-0.0008757481459125,1.242442065908814e-07
-0.0008757481459125,1.242442065908814e-07
-0.0008757481459125,1.242442065908814e-07
-0.0008757481459125,1.2424420659088226e-07
-0.0007760891836400261,9.675221782810805e-08
-0.0008579837669251503,1.193437129838678e-07
-0.0008757481459125,1.242442065908814e-07
-0.0008757481459125,1.242442065908814e-07
-0.0008757481459125,1.242442065908814e-07
6.561556456291019e-05,3.4124607983871895
-0.0008757481459124561,1.24244362934631e-07
-0.0008757481459125,1.242442065908814e-07
-0.0008757481459125,1.242442065908814e-07
0.010164573622898507,40.021368535530954
-0.0008757481459125,1.242442065908814e-07
-0.0008757481459125,1.242442065908814e-07
-0.0008757481459125,1.242442065908824e-07
-0.0007918248092619957,1.0109305815907226e-07
-0.0008554435482823809,0.00013365124223831668
2.7026194130406425,-0.0007456637601712311
-0.0008757481459125,1.242442065908814e-07
-0.0008757481459125,1.242442065908814e-07
6.632680467410785e-05,3.4150390568034923
-0.000875748145912451,1.2424437800930943e-07
-0.0008757481459125,1.242442065908814e-07
-0.0008757481459125,1.242442065908814e-07
0.003108470053039503,14.442863992729437
-0.0008757481459125,1.242442065908814e-07
-0.0008757481459125,1.242442065908814e-07
-0.0008757481459125,1.2424420659088252e-07
-0.0007827649036008617,9.859378645336559e-08
-0.0008757432782869862,1.7769475754563084e-05
4063619.5945053315,-1120.992850944795
-0.0008757481459125,1.242442065908814e-07
-0.0008757481459125,1.242442065908814e-07
89128.95761323153,-21.169518356821452
-0.0008757481459124499,1.2424438068957893e-07
-0.0008757139408041136,0.00012411838794143505
-0.0008597176815408371,0.058110850893020684
-0.0008757481459125,1.242442065908814e-07
-0.0008757481459125,1.242442065908814e-07
-0.0008757481459125,1.242442065908814e-07
-0.0008757481459125,1.242442065908828e-07
-0.0007598767208779969,9.2279836881054e-08
-0.0008017702476700113,0.00021565221193816663
-0.0008757481459125,1.242442065908814e-07
-0.0008757481459125,1.242442065908814e-07
-0.0008757481459125,1.242442065908814e-07
1.77111139022996e-05,3.4202342112509454
-0.0008757481459124418,1.2424440734243843e-07
-0.0008757481459125,1.242442065908814e-07
-0.0008757481459125,1.242442065908814e-07
-0.0008757481459125,1.242442065908814e-07
-0.0008757481459125,1.242442065908814e-07
-0.0008757481459125,1.242442065908814e-07
-0.0008757481459125,1.2424420659088305e-07
-0.0007508168152168629,8.978056517534733e-08
-0.000875576597054243,0.0006219919941335461
0.2178971615157916,-6.0226598676709216e-05
-0.0008757481459125,1.242442065908814e-07
-0.0008757481459125,1.242442065908814e-07
6.848196612812348e-05,3.42285155650623
-0.0008757481459124424,1.2424440555846515e-07
-0.0008757481459125,1.242442065908814e-07
-0.0008720436006836316,0.013429168479099909
-0.0008757481459125,1.242442065908814e-07
-0.0008757481459125,1.242442065908814e-07
-0.0008757481459125,1.242442065908814e-07
-0.0008757481459125,1.2424420659088303e-07
-0.0008757481459125,1.242442065908814e-07
-0.0007791710836102884,0.0008966233221806854
0.28627921348122193,-7.909051779989927e-05
-0.0008757481459125,1.242442065908814e-07
-0.0008757481459125,1.242442065908814e-07
89128.9576153867,-21.161705857118715
-0.000875748145912426,1.242444641626125e-07
-0.0008757481459125,1.242442065908814e-07
-0.0007739052080786198,0.3691826372622531
-0.0008757481459125,1.242442065908814e-07
-0.0008757481459125,1.242442065908814e-07
-0.0008757481459125,1.242442065908814e-07
-0.0008757481459125,1.2424420659088316e-07
-0.0005438694964309602,3.2691937792363385e-08
-0.0008757481459125,1.242442065908814e-07
0.04624906802842404,-1.287563946840156e-05
-0.0008757481459125,1.242442065908814e-07
-0.0008757481459125,1.242442065908814e-07
1.9866275356315226e-05,3.4280467109536836
-0.00087574814591241,1.2424452104972247e-07
-0.0008757481459125,1.242442065908814e-07
-0.0008757481459125,1.242442065908814e-07
0.16583942640689087,604.3455581838517
-0.0008757481459125,1.242442065908814e-07
-0.0008757481459125,1.242442065908814e-07
-0.0008757481459125,1.2424420659088327e-07
-0.000524748862625027,2.7417306813439248e-08
-0.0008755534460663832,0.0007059147487074634
-0.0008757481459125,1.242442065908814e-07
-0.0008757481459125,1.242442065908814e-07
-0.0008757481459125,1.242442065908814e-07
7.062634127890462e-05,3.430624955563483
-0.0008757481459124007,1.242445512353461e-07
-0.0008757481459125,1.242442065908814e-07
-0.0008757481459125,1.242442065908814e-07
0.018308499409052877,69.54324851575215
-0.0008757481459125,1.242442065908814e-07
-0.0008757481459125,1.242442065908814e-07
-0.0008757481459125,1.2424420659088356e-07
-0.0003072655501610501,-3.2577786914340945e-08
-0.0008215946788411462,0.19630743319726315
-0.0008757481459125,1.242442065908814e-07
-0.0008757481459125,1.242442065908814e-07
-0.0008757481459125,1.242442065908814e-07
4.056481675713572e+29,-1.11902377971997e+26
-0.0008757481459123986,1.242445547568072e-07
-0.0008757481454576101,1.2424440454477572e-07
-0.0008757481459125,1.242442065908814e-07
0.009543950263637711,37.771597502969676
-0.0008757481459125,1.242442065908814e-07
-0.0008757481459125,1.242442065908814e-07
-0.0008757481459125,1.2424420659088425e-07
-0.0008757481453226627,1.242442064281685e-07
-0.0008757481459125,1.242442065908814e-07
-0.0008757481459125,1.242442065908814e-07
-0.0008757481459125,1.242442065908814e-07
-0.0008757481459125,1.242442065908814e-07
2.202143681033096e-05,3.4358592106564214
-0.000875748145912388,1.2424459028394242e-07
-0.0008757481459125,1.242442065908814e-07
-0.0008757481459125,1.242442065908814e-07
0.03237747335756187,120.54353649220604
-0.0008757481459125,1.242442065908814e-07
-0.0008757481459125,1.242442065908814e-07
-0.0008757481459125,1.2424420659088475e-07
0.0002383316568351526,-1.830866015930491e-07
29.501350912510595,-0.00813837996391502
-0.0008757481459125,1.242442065908814e-07
-0.0008757481459125,1.242442065908814e-07
-0.0008757481459125,1.242442065908814e-07
7.278150273292035e-05,3.438437455266221
-0.0008757481459123032,1.2424489937002083e-07
-0.0008757481459125,1.242442065908814e-07
-0.0008757481459125,1.242442065908814e-07
-0.0008757481459125,1.242442065908814e-07
-0.0008757481459125,1.242442065908814e-07
-0.0008757481459125,1.242442065908814e-07
-0.0008757481459125,1.2424420659088525e-07
0.0010012681705477114,-3.9355078447656304e-07
-0.0008757481459125,1.242442065908814e-07
-0.0008757481459125,1.242442065908814e-07
-0.0008757481459125,1.242442065908814e-07
-0.0008757481459125,1.242442065908814e-07
7.349267704652516e-05,3.4410154752639537
-0.0008757481459121579,1.2424542177525337e-07
-0.0008757481459125,1.242442065908814e-07
-0.0008757481459125,1.242442065908814e-07
-0.0008757481459125,1.242442065908814e-07
-0.0008757481459125,1.242442065908814e-07
-0.0008757481459125,1.242442065908814e-07
-0.0008757481459125,1.242442065908861e-07
0.0022984158329307633,-7.513828162851295e-07
-0.0008757481459125,1.242442065908814e-07
-0.0008757481459125,1.242442065908814e-07
-0.0008757481459125,1.242442065908814e-07
-0.0008757481459125,1.242442065908814e-07
7.420391715772282e-05,3.4435937336802565
-0.0008757481459120759,1.2424571309483614e-07
-0.0008757481459125,1.242442065908814e-07
-0.0008757481459125,1.242442065908814e-07
12.320254382366455,13.689567237468378
-0.0008757481459125,1.242442065908814e-07
-0.0008757481459125,1.242442065908814e-07
-0.0008757481459125,1.2424420659088634e-07
-0.0008757481459125,1.242442065908814e-07
-0.0008757481459125,1.242442065908814e-07
2867577.890014187,-791.051977089631
-0.0008757481459125,1.242442065908814e-07
-0.0008757481459125,1.242442065908814e-07
126443834676.86835,-34880878.34096155
-0.000875748145912491,1.2424420667328758e-07
-0.0008757481459125,1.242442065908814e-07
-0.0008757481459125,1.242442065908814e-07
0.026446546908155424,99.04381959785837
-0.0008757481459125,1.242442065908814e-07
-0.0008757481459125,1.242442065908814e-07
-0.0008757481459125,1.242442065908875e-07
0.00245098951508114,-7.934718954760701e-07
-0.0008757481459125,1.242442065908814e-07
-0.0008757481459125,1.242442065908814e-07
-0.0008757481459125,1.242442065908814e-07
-0.0008757481459125,1.242442065908814e-07
7.56478385005409e-05,3.4488279749666915
-0.0008757481459116758,1.242471624485473e-07
-0.0008757481459125,1.242442065908814e-07
-0.0008757481459125,1.242442065908814e-07
0.015130201362866458,58.02185994656752
-0.0008757481459125,1.242442065908814e-07
-0.0008757481459125,1.242442065908814e-07
-0.0008757481459125,1.2424420659088745e-07
-0.0008757481459125,1.242442065908814e-07
-0.0008757481459125,1.242442065908814e-07
-0.0008757481459125,1.242442065908814e-07
-0.0008757481459125,1.242442065908814e-07
-0.0008757481459125,1.242442065908814e-07
7.635907861173856e-05,3.4514062333829942
-0.0008757481459116948,1.2424707718342096e-07
-0.0008757481459125,1.242442065908814e-07
-0.0008757481459125,1.242442065908814e-07
0.17466818000085702,636.3499514973488
-0.0008757481459125,1.242442065908814e-07
-0.0008757481459125,1.242442065908814e-07
-0.0008757481459125,1.242442065908883e-07
0.009623515568200203,-2.7720897854951016e-06
-0.0008757481459125,1.242442065908814e-07
-0.0008757481459125,1.242442065908814e-07
-0.0008757481459125,1.242442065908814e-07
-0.0008757481459125,1.242442065908814e-07
5.848602927225622e+35,-1.6133995607299321e+32
-0.0008757481459117947,1.242467079705277e-07
-0.0008757481459125,1.242442065908814e-07
-0.0008757481459125,1.242442065908814e-07
-0.0008757481459125,1.242442065908814e-07
-0.0008757481459125,1.242442065908814e-07
-0.0008757481459125,1.242442065908814e-07
-0.0008757481459125,1.2424420659088967e-07
-0.0008757481459125,1.242442065908814e-07
-0.0008757481459125,1.242442065908814e-07
-0.0008757481459125,1.242442065908814e-07
-0.0008757481459125,1.242442065908814e-07
-0.0008757481459125,1.242442065908814e-07
-71.6799197855701,3.4763750666551823
-0.000875748145911406,1.242481008805663e-07
-0.0008757481459125,1.242442065908814e-07
-0.0008757481459125,1.242442065908814e-07
-0.0008757481459125,1.242442065908814e-07
-0.0008757481459125,1.242442065908814e-07
-0.0008757481459125,1.242442065908814e-07
-0.0008757481459125,1.2424420659089115e-07
-0.0008757481459125,1.242442065908814e-07
-0.0008757481459125,1.242442065908814e-07
-0.0008757481459125,1.242442065908814e-07
-0.0008757481459125,1.242442065908814e-07
-0.0008757481459125,1.242442065908814e-07
7.854517698427951e-05,3.459179632428737
-0.0008757481459114092,1.2424807246232613e-07
-0.0008757481459125,1.242442065908814e-07
-0.0008757481459125,1.242442065908814e-07
-0.0008757481459125,1.242442065908814e-07
-0.0008757481459125,1.242442065908814e-07
-0.0008757481459125,1.242442065908814e-07
-0.0008757481459125,1.2424420659089068e-07
-0.0008757481459125,1.242442065908814e-07
-0.0008757481459125,1.242442065908814e-07
-0.0008757481459125,1.242442065908814e-07
-0.0008757481459125,1.242442065908814e-07
-0.0008757481459125,1.242442065908814e-07
5.848602927225622e+35,-1.6133995607299321e+32
-0.0008757481459106867,1.2425068726730017e-07
-0.0008757481459125,1.242442065908814e-07
-0.0008757481459125,1.242442065908814e-07
0.09572416975449259,350.17646995448195
-0.0008757481459125,1.242442065908814e-07
-0.0008757481459125,1.242442065908814e-07
-0.0008757481459125,1.242442065908922e-07
-0.0008757481459125,1.242442065908814e-07
-0.0008757481459125,1.242442065908814e-07
-0.0008757481459125,1.242442065908814e-07
-0.0008757481459125,1.242442065908814e-07
-0.0008757481459125,1.242442065908814e-07
-3.218643861614858e+26,8.878972734329337e+22
-0.000875748145910642,1.242508293741057e-07
-0.0008757481459125,1.242442065908814e-07
-0.0008757481459125,1.242442065908814e-07
231511.43311501315,839233184.0675503
-0.0008757481459125,1.242442065908814e-07
-0.0008757481459125,1.242442065908814e-07
-0.0008757481459125,1.2424420659089152e-07
-0.0008757481459125,1.242442065908814e-07
-0.0008757481459125,1.242442065908814e-07
-0.0008757481459125,1.242442065908814e-07
-0.0008757481459125,1.242442065908814e-07
-0.0008757481459125,1.242442065908814e-07
1.9023204858102726e+17,-52477541634538.14
-0.0008757481459104648,1.2425145465559116e-07
-0.0008757481459125,1.242442065908814e-07
-0.0008757481459125,1.242442065908814e-07
53828.20097453524,195128216.57545817
-0.0008757481459125,1.242442065908814e-07
-0.0008757481459125,1.242442065908814e-07
-0.0008757481459125,1.2424420659089248e-07
-0.0008757481459125,1.242442065908814e-07
-0.0008757481459125,1.242442065908814e-07
-0.0008757481459125,1.242442065908814e-07
-0.0008757481459125,1.242442065908814e-07
-0.0008757481459125,1.242442065908814e-07
8.136978953011693e-05,3.469570152140718
-0.0008757481459096017,1.2425455374936914e-07
-0.0008757481459125,1.242442065908814e-07
-0.0008757481459125,1.242442065908814e-07
-0.0008757481459125,1.242442065908814e-07
-0.0008757481459125,1.242442065908814e-07
-0.0008757481459125,1.242442065908814e-07
-0.0008757481459125,1.2424420659089322e-07
-0.0008757481459125,1.242442065908814e-07
-0.0008757481459125,1.242442065908814e-07
-0.0008757481459125,1.242442065908814e-07
-0.0008757481459125,1.242442065908814e-07
-0.0008757481459125,1.242442065908814e-07
-3.218643861614858e+26,8.878972734329337e+22
-0.0008757481459094978,1.2425489477430483e-07
-0.0008757481459125,1.242442065908814e-07
-0.0008757481459125,1.242442065908814e-07
-0.0008757481459125,1.242442065908814e-07
-0.0008757481459125,1.242442065908814e-07
-0.0008757481459125,1.242442065908814e-07
-0.0008757481459125,1.2424420659089338e-07
-0.0008757481459125,1.242442065908814e-07
-0.0008757481459125,1.242442065908814e-07
-0.0008757481459125,1.242442065908814e-07
-0.0008757481459125,1.242442065908814e-07
-0.0008757481459125,1.242442065908814e-07
1.9023204858102726e+17,-52477541634538.13
-0.0008757481459076362,1.2426160386132533e-07
-0.0008757481459125,1.242442065908814e-07
-0.0008757481459125,1.242442065908814e-07
-0.0008757481459125,1.242442065908814e-07
-0.0008757481459125,1.242442065908814e-07
-0.0008757481459125,1.242442065908814e-07
-0.0008757481459125,1.2424420659089814e-07
-0.0008757481459125,1.242442065908814e-07
-0.0008757481459125,1.242442065908814e-07
-0.0008757481459125,1.242442065908814e-07
-0.0008757481459125,1.242442065908814e-07
-0.0008757481459125,1.242442065908814e-07
8.352495098413256e-05,3.4773826518434556
-0.0008757481459051998,1.2427047139096481e-07
-0.0008757481459125,1.242442065908814e-07
-0.0008757481459125,1.242442065908814e-07
-0.0008757481459125,1.242442065908814e-07
-0.0008757481459125,1.242442065908814e-07
-0.0008757481459125,1.242442065908814e-07
-0.0008757481459125,1.2424420659090344e-07
-0.0008757481459125,1.242442065908814e-07
-0.0008757481459125,1.242442065908814e-07
-0.0008757481459125,1.242442065908814e-07
-0.0008757481459125,1.242442065908814e-07
-0.0008757481459125,1.242442065908814e-07
8.423619109535353e-05,3.4799609102597584
-0.0008757481458991311,1.2429241606710408e-07
-0.0008757481459125,1.242442065908814e-07
-0.0008757481459125,1.242442065908814e-07
-0.0008757481459125,1.242442065908814e-07
-0.0008757481459125,1.242442065908814e-07
-0.0008757481459125,1.242442065908814e-07
-0.0008757481459125,1.2424420659090682e-07
-0.0008757481459125,1.242442065908814e-07
-0.0008757481459125,1.242442065908814e-07
-0.0008757481459125,1.242442065908814e-07
-0.0008757481459125,1.242442065908814e-07
-0.0008757481459125,1.242442065908814e-07
8.494736543624315e-05,3.482538930257491
-0.0008757481458991657,1.2429218864485725e-07
-0.0008757481459125,1.242442065908814e-07
-0.0008757481459125,1.242442065908814e-07
-0.0008757481459125,1.242442065908814e-07
-0.0008757481459125,1.242442065908814e-07
-0.0008757481459125,1.242442065908814e-07
-0.0008757481459125,1.242442065909119e-07
-0.0008757481459125,1.242442065908814e-07
-0.0008757481459125,1.242442065908814e-07
-0.0008757481459125,1.242442065908814e-07
-0.0008757481459125,1.242442065908814e-07
-0.0008757481459125,1.242442065908814e-07
-107374179.91437447,29623.799077738975
-0.0008757481458909568,1.2432198050020808e-07
-0.0008757481459125,1.242442065908814e-07
-0.0008757481459125,1.242442065908814e-07
-0.0008757481459125,1.242442065908814e-07
-0.0008757481459125,1.242442065908814e-07
-0.0008757481459125,1.242442065908814e-07
-0.0008757481459125,1.2424420659091508e-07
-0.0008757481459125,1.242442065908814e-07
-0.0008757481459125,1.242442065908814e-07
-0.0008757481459125,1.242442065908814e-07
-0.0008757481459125,1.242442065908814e-07
-0.0008757481459125,1.242442065908814e-07
8.639135254936926e-05,3.487773409962496
-0.0008757481458765236,1.2437428842009966e-07
-0.0008757481459125,1.242442065908814e-07
-0.0008757481459125,1.242442065908814e-07
-0.0008757481459125,1.242442065908814e-07
-0.0008757481459125,1.242442065908814e-07
-0.0008757481459125,1.242442065908814e-07
-0.0008757481459125,1.24244206590917e-07
-0.0008757481459125,1.242442065908814e-07
-0.0008757481459125,1.242442065908814e-07
-0.0008757481459125,1.242442065908814e-07
-0.0008757481459125,1.242442065908814e-07
-0.0008757481459125,1.242442065908814e-07
8.710252689025889e-05,3.4903514299602287
-0.0008757481458568855,1.244452287681974e-07
-0.0008757481459125,1.242442065908814e-07
-0.0008757481459125,1.242442065908814e-07
-0.0008757481459125,1.242442065908814e-07
-0.0008757481459125,1.242442065908814e-07
-0.0008757481459125,1.242442065908814e-07
-0.0008757481459125,1.242442065909208e-07
-0.0008757481459125,1.242442065908814e-07
-0.0008757481459125,1.242442065908814e-07
-0.0008757481459125,1.242442065908814e-07
-0.0008757481459125,1.242442065908814e-07
-0.0008757481459125,1.242442065908814e-07
-4.932681766024734e+32,1.3607329294792867e+29
-0.000875748145844568,1.244898170301329e-07
-0.0008757481459125,1.242442065908814e-07
-0.0008757481459125,1.242442065908814e-07
-0.0008757481459125,1.242442065908814e-07
-0.0008757481459125,1.242442065908814e-07
-0.0008757481459125,1.242442065908814e-07
-0.0008757481459125,1.2424420659091932e-07
-0.0008757481459125,1.242442065908814e-07
-0.0008757481459125,1.242442065908814e-07
-0.0008757481459125,1.242442065908814e-07
-0.0008757481459125,1.242442065908814e-07
-0.0008757481459125,1.242442065908814e-07
0.05883853334324995,3.495530602205656
-0.0008757481458003908,1.24649887425415e-07
-0.0008757481459125,1.242442065908814e-07
-0.0008757481459125,1.242442065908814e-07
-0.0008757481459125,1.242442065908814e-07
-0.0008757481459125,1.242442065908814e-07
-0.0008757481459125,1.242442065908814e-07
-0.0008757481459125,1.2424420659092482e-07
-0.0008757481459125,1.242442065908814e-07
-0.0008757481459125,1.242442065908814e-07
-0.0008757481459125,1.242442065908814e-07
-0.0008757481459125,1.242442065908814e-07
-0.0008757481459125,1.242442065908814e-07
8.925768834427462e-05,3.4981639296629665
-0.0008757481457777667,1.2473178727030468e-07
-0.0008757481459125,1.242442065908814e-07
-0.0008757481459125,1.242442065908814e-07
-0.0008757481459125,1.242442065908814e-07
-0.0008757481459125,1.242442065908814e-07
-0.0008757481459125,1.242442065908814e-07
-0.0008757481459125,1.2424420659092927e-07
-0.0008757481459125,1.242442065908814e-07
-0.0008757481459125,1.242442065908814e-07
-0.0008757481459125,1.242442065908814e-07
-0.0008757481459125,1.242442065908814e-07
-0.0008757481459125,1.242442065908814e-07
5.848602927225622e+35,-1.6133995607299321e+32
-0.0008757481457486711,1.2483728743045294e-07
-0.0008757481459125,1.242442065908814e-07
-0.0008757481459125,1.242442065908814e-07
-0.0008757481459125,1.242442065908814e-07
-0.0008757481459125,1.242442065908814e-07
-0.0008757481459125,1.242442065908814e-07
-0.0008757481459125,1.2424420659092758e-07
-0.0008757481459125,1.242442065908814e-07
-0.0008757481459125,1.242442065908814e-07
-0.0008757481459125,1.242442065908814e-07
-0.0008757481459125,1.242442065908814e-07
-0.0008757481459125,1.242442065908814e-07
9.02275373067049e-05,3.5016796498966265
-0.0008757481457567062,1.2480818254639344e-07
-0.0008757481459125,1.242442065908814e-07
-0.0008757481459125,1.242442065908814e-07
-0.0008757481459125,1.242442065908814e-07
-0.0008757481459125,1.242442065908814e-07
-0.0008757481459125,1.242442065908814e-07
-0.0008757481459125,1.2424420659093435e-07
-0.0008757481459125,1.242442065908814e-07
-0.0008757481459125,1.242442065908814e-07
-0.0008757481459125,1.242442065908814e-07
-0.0008757481459125,1.242442065908814e-07
-0.0008757481459125,1.242442065908814e-07
-151996487680153.16,41929853937.351906
-0.0008757481456883366,1.2505556437418298e-07
-0.0008757481459125,1.242442065908814e-07
-0.0008757481459125,1.242442065908814e-07
-0.0008757481459125,1.242442065908814e-07
-0.0008757481459125,1.242442065908814e-07
-0.0008757481459125,1.242442065908814e-07
-0.0008757481459125,1.2424420659094748e-07
-0.0008757481459125,1.242442065908814e-07
-0.0008757481459125,1.242442065908814e-07
-0.0008757481459125,1.242442065908814e-07
-0.0008757481459125,1.242442065908814e-07
-0.0008757481459125,1.242442065908814e-07
9.093871164759452e-05,3.5042576698943595
-0.0008757481454725984,1.2583780811419244e-07
-0.0008757481459125,1.242442065908814e-07
-0.0008757481459125,1.242442065908814e-07
-0.0008757481459125,1.242442065908814e-07
-0.0008757481459125,1.242442065908814e-07
-0.0008757481459125,1.242442065908814e-07
-0.0008757481459125,1.2424420659095595e-07
-0.0008757481459125,1.242442065908814e-07
-0.0008757481459125,1.242442065908814e-07
-0.0008757481459125,1.242442065908814e-07
-0.0008757481459125,1.242442065908814e-07
-0.0008757481459125,1.242442065908814e-07
9.134144811749764e-05,3.5055663494137432
-0.0008757481453937797,1.2612170956114993e-07
-0.0008757481459125,1.242442065908814e-07
-0.0008757481459125,1.242442065908814e-07
-0.0008757481459125,1.242442065908814e-07
-0.0008757481459125,1.242442065908814e-07
-0.0008757481459125,1.242442065908814e-07
-0.0008757481459125,1.24244206590975e-07
-0.0008757481459125,1.242442065908814e-07
-0.0008757481459125,1.242442065908814e-07
-0.0008757481459125,1.242442065908814e-07
-0.0008757481459125,1.242442065908814e-07
-0.0008757481459125,1.242442065908814e-07
-151996487680153.16,41929853937.35581
-0.0008757481452292239,1.267183405053107e-07
-0.0008757481459125,1.242442065908814e-07
-0.0008757481459125,1.242442065908814e-07
-0.0008757481459125,1.242442065908814e-07
-0.0008757481459125,1.242442065908814e-07
-0.0008757481459125,1.242442065908814e-07
-0.0008757481459125,1.2424420659098263e-07
-0.0008757481459125,1.242442065908814e-07
-0.0008757481459125,1.242442065908814e-07
-0.0008757481459125,1.242442065908814e-07
-0.0008757481459125,1.242442065908814e-07
-0.0008757481459125,1.242442065908814e-07
9.201629237460228e-05,3.508163919745728
-0.0008757481450481253,1.2737317844190235e-07
-0.0008757481459125,1.242442065908814e-07
-0.0008757481459125,1.242442065908814e-07
-0.0008757481459125,1.242442065908814e-07
-0.0008757481459125,1.242442065908814e-07
-0.0008757481459125,1.242442065908814e-07
-0.0008757481459125,1.2424420659100847e-07
-0.0008757481459125,1.242442065908814e-07
-0.0008757481459125,1.242442065908814e-07
-0.0008757481459125,1.242442065908814e-07
-0.0008757481459125,1.242442065908814e-07
-0.0008757481459125,1.242442065908814e-07
89128.95763855468,-21.07772148531428
-0.0008757481450600637,1.273295244742064e-07
-0.0008757481459125,1.242442065908814e-07
-0.0008757481459125,1.242442065908814e-07
-0.0008757481459125,1.242442065908814e-07
-0.0008757481459125,1.242442065908814e-07
-0.0008757481459125,1.242442065908814e-07
-0.0008757481459125,1.2424420659103811e-07
-0.0008757481459125,1.242442065908814e-07
-0.0008757481459125,1.242442065908814e-07
-0.0008757481459125,1.242442065908814e-07
-0.0008757481459125,1.242442065908814e-07
-0.0008757481459125,1.242442065908814e-07
9.272753248580005e-05,3.510742178162031
-0.0008757481449116105,1.2786794642741333e-07
-0.0008757481459125,1.242442065908814e-07
-0.0008757481459125,1.242442065908814e-07
-0.0008757481459125,1.242442065908814e-07
-0.0008757481459125,1.242442065908814e-07
-0.0008757481459125,1.242442065908814e-07
-0.0008757481459125,1.2424420659106437e-07
-0.0008757481459125,1.242442065908814e-07
-0.0008757481459125,1.242442065908814e-07
-0.0008757481459125,1.242442065908814e-07
-0.0008757481459125,1.242442065908814e-07
-0.0008757481459125,1.242442065908814e-07
9.308847993632719e-05,3.512050619274355
-0.0008757481446742832,1.2872682869323966e-07
-0.0008757481459125,1.242442065908814e-07
-0.0008757481459125,1.242442065908814e-07
-0.0008757481459125,1.242442065908814e-07
-0.0008757481459125,1.242442065908814e-07
-0.0008757481459125,1.242442065908814e-07
-0.0008757481459125,1.242442065910737e-07
-0.0008757481459125,1.242442065908814e-07
-0.0008757481459125,1.242442065908814e-07
-0.0008757481459125,1.242442065908814e-07
-0.0008757481459125,1.242442065908814e-07
-0.0008757481459125,1.242442065908814e-07
1.9023204858102726e+17,-52477541634538.09
-0.0008757481443515829,1.298909880840334e-07
-0.0008757481459125,1.242442065908814e-07
-0.0008757481459125,1.242442065908814e-07
-0.0008757481459125,1.242442065908814e-07
-0.0008757481459125,1.242442065908814e-07
-0.0008757481459125,1.242442065908814e-07
-0.0008757481459125,1.2424420659106779e-07
-0.0008757481459125,1.242442065908814e-07
-0.0008757481459125,1.242442065908814e-07
-0.0008757481459125,1.242442065908814e-07
-0.0008757481459125,1.242442065908814e-07
-0.0008757481459125,1.242442065908814e-07
9.380511321280781e-05,3.5146484280134
-0.0008757481432253721,1.3396617700349642e-07
-0.0008757481459125,1.242442065908814e-07
-0.0008757481459125,1.242442065908814e-07
-0.0008757481459125,1.242442065908814e-07
-0.0008757481459125,1.242442065908814e-07
-0.0008757481459125,1.242442065908814e-07
-0.0008757481459125,1.2424420659114571e-07
-0.0008757481459125,1.242442065908814e-07
-0.0008757481459125,1.242442065908814e-07
-0.0008757481459125,1.242442065908814e-07
-0.0008757481459125,1.242442065908814e-07
-0.0008757481459125,1.242442065908814e-07
4.411184171399169e-05,3.5159373326094845
-0.0008757481425499941,1.3641091287942768e-07
-0.0008757481459125,1.242442065908814e-07
-0.0008757481459125,1.242442065908814e-07
-0.0008757481459125,1.242442065908814e-07
-0.0008757481459125,1.242442065908814e-07
-0.0008757481459125,1.242442065908814e-07
-0.0008757481459125,1.2424420659127954e-07
-0.0008757481459125,1.242442065908814e-07
-0.0008757481459125,1.242442065908814e-07
-0.0008757481459125,1.242442065908814e-07
-0.0008757481459125,1.242442065908814e-07
-0.0008757481459125,1.242442065908814e-07
1.9023204858102726e+17,-52477541634538.09
-0.0008757481412451909,1.411270619478379e-07
-0.0008757481459125,1.242442065908814e-07
-0.0008757481459125,1.242442065908814e-07
-0.0008757481459125,1.242442065908814e-07
-0.0008757481459125,1.242442065908814e-07
-0.0008757481459125,1.242442065908814e-07
-0.0008757481459125,1.2424420659164382e-07
-0.0008757481459125,1.242442065908814e-07
-0.0008757481459125,1.242442065908814e-07
-0.0008757481459125,1.242442065908814e-07
-0.0008757481459125,1.242442065908814e-07
-0.0008757481459125,1.242442065908814e-07
9.487730077455602e-05,3.5185351275420262
-0.0008757481394434406,1.4764636590644865e-07
-0.0008757481459125,1.242442065908814e-07
-0.0008757481459125,1.242442065908814e-07
-0.0008757481459125,1.242442065908814e-07
-0.0008757481459125,1.242442065908814e-07
-0.0008757481459125,1.242442065908814e-07
-0.0008757481459125,1.242442065916235e-07
-0.0008757481459125,1.242442065908814e-07
-0.0008757481459125,1.242442065908814e-07
-0.0008757481459125,1.242442065908814e-07
-0.0008757481459125,1.242442065908814e-07
-0.0008757481459125,1.242442065908814e-07
4.518942244099956e-05,3.519843582460853
-0.0008757481385125604,1.510224332037333e-07
-0.0008757481459125,1.242442065908814e-07
-0.0008757481459125,1.242442065908814e-07
-0.0008757481459125,1.242442065908814e-07
-0.0008757481459125,1.242442065908814e-07
-0.0008757481459125,1.242442065908814e-07
-0.0008757481459125,1.2424420659172175e-07
-0.0008757481459125,1.242442065908814e-07
-0.0008757481459125,1.242442065908814e-07
-0.0008757481459125,1.242442065908814e-07
-0.0008757481459125,1.242442065908814e-07
-0.0008757481459125,1.242442065908814e-07
1.9023204858102726e+17,-52477541634538.086
-0.0008757481343350353,1.6615919202872266e-07
-0.0008757481459125,1.242442065908814e-07
-0.0008757481459125,1.242442065908814e-07
-0.0008757481459125,1.242442065908814e-07
-0.0008757481459125,1.242442065908814e-07
-0.0008757481459125,1.242442065908814e-07
-0.0008757481459125,1.2424420659155912e-07
-0.0008757481459125,1.242442065908814e-07
-0.0008757481459125,1.242442065908814e-07
-0.0008757481459125,1.242442065908814e-07
-0.0008757481459125,1.242442065908814e-07
-0.0008757481459125,1.242442065908814e-07
9.594948836358895e-05,3.522421827070653
-0.0008757481340773134,1.6709062114909363e-07
-0.0008757481459125,1.242442065908814e-07
-0.0008757481459125,1.242442065908814e-07
-0.0008757481459125,1.242442065908814e-07
-0.0008757481459125,1.242442065908814e-07
-0.0008757481459125,1.242442065908814e-07
-0.0008757481459125,1.2424420659160316e-07
-0.0008757481459125,1.242442065908814e-07
-0.0008757481459125,1.242442065908814e-07
-0.0008757481459125,1.242442065908814e-07
-0.0008757481459125,1.242442065908814e-07
-0.0008757481459125,1.242442065908814e-07
-107374179.91436383,29623.837651956255
-0.0008757481336919268,1.6848765469585184e-07
-0.0008757481459125,1.242442065908814e-07
-0.0008757481459125,1.242442065908814e-07
-0.0008757481459125,1.242442065908814e-07
-0.0008757481459125,1.242442065908814e-07
-0.0008757481459125,1.242442065908814e-07
-0.0008757481459125,1.2424420659166754e-07
-0.0008757481459125,1.242442065908814e-07
-0.0008757481459125,1.242442065908814e-07
-0.0008757481459125,1.242442065908814e-07
-0.0008757481459125,1.242442065908814e-07
-0.0008757481459125,1.242442065908814e-07
4.056481675713572e+29,-1.11902377971997e+26
-0.0008757481311792087,1.775681311631154e-07
-0.0008757481459125,1.242442065908814e-07
-0.0008757481459125,1.242442065908814e-07
-0.0008757481459125,1.242442065908814e-07
-0.0008757481459125,1.242442065908814e-07
-0.0008757481459125,1.242442065908814e-07
-0.0008757481459125,1.2424420659166754e-07
-0.0008757481459125,1.242442065908814e-07
-0.0008757481459125,1.242442065908814e-07
-0.0008757481459125,1.242442065908814e-07
-0.0008757481459125,1.242442065908814e-07
-0.0008757481459125,1.242442065908814e-07
9.702706909059681e-05,3.526328076922022
-0.0008757481288001075,1.8618879412915044e-07
-0.0008757481459125,1.242442065908814e-07
-0.0008757481459125,1.242442065908814e-07
-0.0008757481459125,1.242442065908814e-07
-0.0008757481459125,1.242442065908814e-07
-0.0008757481459125,1.242442065908814e-07
-0.0008757481459125,1.2424420659159978e-07
-0.0008757481459125,1.242442065908814e-07
-0.0008757481459125,1.242442065908814e-07
-0.0008757481459125,1.242442065908814e-07
-0.0008757481459125,1.242442065908814e-07
-0.0008757481459125,1.242442065908814e-07
-107374179.91436276,29623.84155820611
-0.000875748130145257,1.812936771134909e-07
-0.0008757481459125,1.242442065908814e-07
-0.0008757481459125,1.242442065908814e-07
-0.0008757481459125,1.242442065908814e-07
-0.0008757481459125,1.242442065908814e-07
-0.0008757481459125,1.242442065908814e-07
-0.0008757481459125,1.2424420659166415e-07
-0.0008757481459125,1.242442065908814e-07
-0.0008757481459125,1.242442065908814e-07
-0.0008757481459125,1.242442065908814e-07
-0.0008757481459125,1.242442065908814e-07
-0.0008757481459125,1.242442065908814e-07
9.774363656946138e-05,3.528925647242497
-0.0008757481299537717,1.8198620401171293e-07
-0.0008757481459125,1.242442065908814e-07
-0.0008757481459125,1.242442065908814e-07
-0.0008757481459125,1.242442065908814e-07
-0.0008757481459125,1.242442065908814e-07
-0.0008757481459125,1.242442065908814e-07
-0.0008757481459125,1.2424420659183692e-07
-0.0008757481459125,1.242442065908814e-07
-0.0008757481459125,1.242442065908814e-07
-0.0008757481459125,1.242442065908814e-07
-0.0008757481459125,1.242442065908814e-07
-0.0008757481459125,1.242442065908814e-07
9.810464981760468e-05,3.5302343267733907
-0.0008757481313591759,1.7687309604576337e-07
-0.0008757481459125,1.242442065908814e-07
-0.0008757481459125,1.242442065908814e-07
-0.0008757481459125,1.242442065908814e-07
-0.0008757481459125,1.242442065908814e-07
-0.0008757481459125,1.242442065908814e-07
-0.0008757481459125,1.2424420659151174e-07
-0.0008757481459125,1.242442065908814e-07
-0.0008757481459125,1.242442065908814e-07
-0.0008757481459125,1.242442065908814e-07
-0.0008757481459125,1.242442065908814e-07
-0.0008757481459125,1.242442065908814e-07
-2.3021534883605417e+20,6.3507361896009464e+16
-0.000875748121217318,2.1365117034343308e-07
-0.0008757481459125,1.242442065908814e-07
-0.0008757481459125,1.242442065908814e-07
-0.0008757481459125,1.242442065908814e-07
-0.0008757481459125,1.242442065908814e-07
-0.0008757481459125,1.242442065908814e-07
-0.0008757481459125,1.242442065917558e-07
-0.0008757481459125,1.242442065908814e-07
-0.0008757481459125,1.242442065908814e-07
-0.0008757481459125,1.242442065908814e-07
-0.0008757481459125,1.242442065908814e-07
-0.0008757481459125,1.242442065908814e-07
9.882121729646914e-05,3.5328318970938657
-0.000875748111944507,2.4721537469958115e-07
-0.0008757481459125,1.242442065908814e-07
-0.0008757481459125,1.242442065908814e-07
-0.0008757481459125,1.242442065908814e-07
-0.0008757481459125,1.242442065908814e-07
-0.0008757481459125,1.242442065908814e-07
-0.0008757481459125,1.2424420659197263e-07
-0.0008757481459125,1.242442065908814e-07
-0.0008757481459125,1.242442065908814e-07
-0.0008757481459125,1.242442065908814e-07
-0.0008757481459125,1.242442065908814e-07
-0.0008757481459125,1.242442065908814e-07
9.918223054461255e-05,3.5341405766247598
-0.0008757480839316471,3.4872950304588004e-07
-0.0008757481459125,1.242442065908814e-07
-0.0008757481459125,1.242442065908814e-07
-0.0008757481459125,1.242442065908814e-07
-0.0008757481459125,1.242442065908814e-07
-0.0008757481459125,1.242442065908814e-07
-0.0008757481459125,1.2424420659191842e-07
-0.0008757481459125,1.242442065908814e-07
-0.0008757481459125,1.242442065908814e-07
-0.0008757481459125,1.242442065908814e-07
-0.0008757481459125,1.242442065908814e-07
-0.0008757481459125,1.242442065908814e-07
-4.932681766024734e+32,1.3607329294792867e+29
-0.0008757480307352149,5.415498047606802e-07
-0.0008757481459125,1.242442065908814e-07
-0.0008757481459125,1.242442065908814e-07
-0.0008757481459125,1.242442065908814e-07
-0.0008757481459125,1.242442065908814e-07
-0.0008757481459125,1.242442065908814e-07
-0.0008757481459125,1.2424420659220956e-07
-0.0008757481459125,1.242442065908814e-07
-0.0008757481459125,1.242442065908814e-07
-0.0008757481459125,1.242442065908814e-07
-0.0008757481459125,1.242442065908814e-07
-0.0008757481459125,1.242442065908814e-07
9.988797793251665e-05,3.536699046299759
-0.0008757479392572041,8.731737861868241e-07
-0.0008757481459125,1.242442065908814e-07
-0.0008757481459125,1.242442065908814e-07
-0.0008757481459125,1.242442065908814e-07
-0.0008757481459125,1.242442065908814e-07
-0.0008757481459125,1.242442065908814e-07
-0.0008757481459125,1.242442065926166e-07
-0.0008757481459125,1.242442065908814e-07
-0.0008757481459125,1.242442065908814e-07
-0.0008757481459125,1.242442065908814e-07
-0.0008757481459125,1.242442065908814e-07
-0.0008757481459125,1.242442065908814e-07
0.05885025203365616,3.5380110693392934
-0.0008757478785867902,1.0931123909184664e-06
-0.0008757481459125,1.242442065908814e-07
-0.0008757481459125,1.242442065908814e-07
-0.0008757481459125,1.242442065908814e-07
-0.0008757481459125,1.242442065908814e-07
-0.0008757481459125,1.242442065908814e-07
-0.0008757481459125,1.2424420659357884e-07
-0.0008757481459125,1.242442065908814e-07
-0.0008757481459125,1.242442065908814e-07
-0.0008757481459125,1.242442065908814e-07
-0.0008757481459125,1.242442065908814e-07
-0.0008757481459125,1.242442065908814e-07
-4.932681766024734e+32,1.3607329294792867e+29
-0.0008757478498679376,1.197127771703604e-06
-0.0008757481459125,1.242442065908814e-07
-0.0008757481459125,1.242442065908814e-07
-0.0008757481459125,1.242442065908814e-07
-0.0008757481459125,1.242442065908814e-07
-0.0008757481459125,1.242442065908814e-07
-0.0008757481459125,1.2424420659368692e-07
-0.0008757481459125,1.242442065908814e-07
-0.0008757481459125,1.242442065908814e-07
-0.0008757481459125,1.242442065908814e-07
-0.0008757481459125,1.242442065908814e-07
-0.0008757481459125,1.242442065908814e-07
0.00010096555865952452,3.5406052961511283
-0.000875747483862383,2.523915872566445e-06
-0.0008757481459125,1.242442065908814e-07
-0.0008757481459125,1.242442065908814e-07
-0.0008757481459125,1.242442065908814e-07
-0.0008757481459125,1.242442065908814e-07
-0.0008757481459125,1.242442065908814e-07
-0.0008757481459125,1.242442065943239e-07
-0.0008757481459125,1.242442065908814e-07
-0.0008757481459125,1.242442065908814e-07
-0.0008757481459125,1.242442065908814e-07
-0.0008757481459125,1.242442065908814e-07
-0.0008757481459125,1.242442065908814e-07
126443834676.86838,-34880878.24525843
-0.0008757472577688928,3.343479934415488e-06
-0.0008757481459125,1.242442065908814e-07
-0.0008757481459125,1.242442065908814e-07
-0.0008757481459125,1.242442065908814e-07
-0.0008757481459125,1.242442065908814e-07
-0.0008757481459125,1.242442065908814e-07
-0.0008757481459125,1.2424420659426968e-07
-0.0008757481459125,1.242442065908814e-07
-0.0008757481459125,1.242442065908814e-07
-0.0008757481459125,1.242442065908814e-07
-0.0008757481459125,1.242442065908814e-07
-0.0008757481459125,1.242442065908814e-07
0.00010168222569642289,3.543203104890164
-0.0008757472947538447,3.209370170891762e-06
-0.0008757481459125,1.242442065908814e-07
-0.0008757481459125,1.242442065908814e-07
-0.0008757481459125,1.242442065908814e-07
-0.0008757481459125,1.242442065908814e-07
-0.0008757481459125,1.242442065908814e-07
-0.0008757481459125,1.2424420659426965e-07
-0.0008757481459125,1.242442065908814e-07
-0.0008757481459125,1.242442065908814e-07
-0.0008757481459125,1.242442065908814e-07
-0.0008757481459125,1.242442065908814e-07
-0.0008757481459125,1.242442065908814e-07
-71.67989554000374,3.564265688310983
-0.0008757470109446308,4.238135513960106e-06
-0.0008757481459125,1.242442065908814e-07
-0.0008757481459125,1.242442065908814e-07
-0.0008757481459125,1.242442065908814e-07
-0.0008757481459125,1.242442065908814e-07
-0.0008757481459125,1.242442065908814e-07
-0.0008757481459125,1.2424420659641106e-07
-0.0008757481459125,1.242442065908814e-07
-0.0008757481459125,1.242442065908814e-07
-0.0008757481459125,1.242442065908814e-07
-0.0008757481459125,1.242442065908814e-07
-0.0008757481459125,1.242442065908814e-07
2.720082918577375e+23,-7.503639143551025e+19
-0.0008757465423318811,5.936866915928184e-06
-0.0008757481459125,1.242442065908814e-07
-0.0008757481459125,1.242442065908814e-07
-0.0008757481459125,1.242442065908814e-07
-0.0008757481459125,1.242442065908814e-07
-0.0008757481459125,1.242442065908814e-07
-0.0008757481459125,1.2424420659993492e-07
-0.0008757481459125,1.242442065908814e-07
-0.0008757481459125,1.242442065908814e-07
-0.0008757481459125,1.242442065908814e-07
-0.0008757481459125,1.242442065908814e-07
-0.0008757481459125,1.242442065908814e-07
0.00010275980642343076,3.547109354741533
-0.0008757454485430918,9.901745707554058e-06
-0.0008757481459125,1.242442065908814e-07
-0.0008757481459125,1.242442065908814e-07
-0.0008757481459125,1.242442065908814e-07
-0.0008757481459125,1.242442065908814e-07
-0.0008757481459125,1.242442065908814e-07
-0.0008757481459125,1.2424420659944703e-07
-0.0008757481459125,1.242442065908814e-07
-0.0008757481459125,1.242442065908814e-07
-0.0008757481459125,1.242442065908814e-07
-0.0008757481459125,1.242442065908814e-07
-0.0008757481459125,1.242442065908814e-07
-71.67989446242302,3.5681719381623522
-0.0008757457286680426,8.88612665513636e-06
-0.0008757481459125,1.242442065908814e-07
-0.0008757481459125,1.242442065908814e-07
-0.0008757481459125,1.242442065908814e-07
-0.0008757481459125,1.242442065908814e-07
-0.0008757481459125,1.242442065908814e-07
-0.0008757481459125,1.242442065945679e-07
-0.0008757481459125,1.242442065908814e-07
-0.0008757481459125,1.242442065908814e-07
-0.0008757481459125,1.242442065908814e-07
-0.0008757481459125,1.242442065908814e-07
-0.0008757481459125,1.242442065908814e-07
5.848602927225622e+35,-1.6133995607299321e+32
-0.0008757461478039446,7.366503402196745e-06
-0.0008757481459125,1.242442065908814e-07
-0.0008757481459125,1.242442065908814e-07
-0.0008757481459125,1.242442065908814e-07
-0.0008757481459125,1.242442065908814e-07
-0.0008757481459125,1.242442065908814e-07
-0.0008757481459125,1.2424420659393084e-07
-0.0008757481459125,1.242442065908814e-07
-0.0008757481459125,1.242442065908814e-07
-0.0008757481459125,1.242442065908814e-07
-0.0008757481459125,1.242442065908814e-07
-0.0008757481459125,1.242442065908814e-07
0.00010383199398517897,3.5509960542701595
-0.0008757457776181125,8.707899351614761e-06
-0.0008757481459125,1.242442065908814e-07
-0.0008757481459125,1.242442065908814e-07
-0.0008757481459125,1.242442065908814e-07
-0.0008757481459125,1.242442065908814e-07
-0.0008757481459125,1.242442065908814e-07
-0.0008757481459125,1.24244206594229e-07
-0.0008757481459125,1.242442065908814e-07
-0.0008757481459125,1.242442065908814e-07
-0.0008757481459125,1.242442065908814e-07
-0.0008757481459125,1.242442065908814e-07
-0.0008757481459125,1.242442065908814e-07
-71.67989338484229,3.5720781880137213
-0.0008757447909585312,1.228413333679135e-05
-0.0008757481459125,1.242442065908814e-07
-0.0008757481459125,1.242442065908814e-07
-0.0008757481459125,1.242442065908814e-07
-0.0008757481459125,1.242442065908814e-07
-0.0008757481459125,1.242442065908814e-07
-0.0008757481459125,1.2424420659576056e-07
-0.0008757481459125,1.242442065908814e-07
-0.0008757481459125,1.242442065908814e-07
-0.0008757481459125,1.242442065908814e-07
-0.0008757481459125,1.242442065908814e-07
-0.0008757481459125,1.242442065908814e-07
5.848602927225622e+35,-1.6133995607299321e+32
-0.0008757446592320485,1.2760935915999778e-05
-0.0008757481459125,1.242442065908814e-07
-0.0008757481459125,1.242442065908814e-07
-0.0008757481459125,1.242442065908814e-07
-0.0008757481459125,1.242442065908814e-07
-0.0008757481459125,1.242442065908814e-07
-0.0008757481459125,1.2424420659608558e-07
-0.0008757481459125,1.242442065908814e-07
-0.0008757481459125,1.242442065908814e-07
-0.0008757481459125,1.242442065908814e-07
-0.0008757481459125,1.242442065908814e-07
-0.0008757481459125,1.242442065908814e-07
0.00010494590479597171,3.554882753787276
-0.0008757436723639672,1.6337758344213288e-05
-0.0008757481459125,1.242442065908814e-07
-0.0008757481459125,1.242442065908814e-07
-0.0008757481459125,1.242442065908814e-07
-0.0008757481459125,1.242442065908814e-07
-0.0008757481459125,1.242442065908814e-07
-0.0008757481459125,1.2424420661636112e-07
-0.0008757481459125,1.242442065908814e-07
-0.0008757481459125,1.242442065908814e-07
-0.0008757481459125,1.242442065908814e-07
-0.0008757481459125,1.242442065908814e-07
-0.0008757481459125,1.242442065908814e-07
-151996487680153.16,41929853937.40513
-0.0008757481448466196,1.2424420629761267e-07
-0.0008757481459125,1.242442065908814e-07
-0.0008757481459125,1.242442065908814e-07
-0.0008757481459125,1.242442065908814e-07
-0.0008757481459125,1.242442065908814e-07
-0.0008757481459125,1.242442065908814e-07
-0.0008757481459125,1.2424420662471043e-07
-0.0008757481459125,1.242442065908814e-07
-0.0008757481459125,1.242442065908814e-07
-0.0008757481459125,1.242442065908814e-07
-0.0008757481459125,1.242442065908814e-07
-0.0008757481459125,1.242442065908814e-07
0.00010562074905307646,3.557480324119261
-0.0008757481459125,1.2424420659395797e-07
-0.0008757481459125,1.242442065908814e-07
-0.0008757481459125,1.242442065908814e-07
-0.0008757481459125,1.242442065908814e-07
-0.0008757481459125,1.242442065908814e-07
-0.0008757481459125,1.242442065908814e-07
-0.0008757481459124999,1.2424420663815453e-07
-0.0008757481459125,1.2424420659117957e-07
-0.0008757481459125,1.242442065908814e-07
-0.0008757481459125,1.242442065908814e-07
-0.0008757481459125,1.242442065908814e-07
-0.0008757481459125,1.242442065908814e-07
0.00010602348552297958,3.558789003638645
-0.0008757481459124999,1.2424420659725134e-07
-0.0008757481459125,1.242442065908814e-07
-0.0008757481459125,1.242442065908814e-07
-0.0008757481459125,1.242442065908814e-07
-0.0008757481459125,1.242442065908814e-07
-0.0008757481459125,1.242442065908814e-07
-0.0008757481459124999,1.2424420665550367e-07
-0.0008757481459125,1.2424420659125922e-07
-0.0008757481459125,1.242442065908814e-07
-0.0008757481459125,1.242442065908814e-07
-0.0008757481459125,1.242442065908814e-07
-0.0008757481459125,1.242442065908814e-07
-151996487680153.16,41929853937.409035
-0.0008757481432975713,1.242442058695453e-07
-0.0008757481459125,1.242442065908814e-07
-0.0008757481459125,1.242442065908814e-07
-0.0008757481459125,1.242442065908814e-07
-0.0008757481459125,1.242442065908814e-07
-0.0008757481459125,1.242442065908814e-07
-0.0008757481459124999,1.2424420672706486e-07
-0.0008757481459125,1.2424420659118976e-07
-0.0008757481459125,1.24244206590978e-07
-0.0008757481459125,1.242442065908814e-07
-0.0008757481459125,1.242442065908814e-07
-0.0008757481459125,1.242442065908814e-07
0.00010669293661480104,3.5613670236478874
-0.0008757481427859807,1.2424420572839768e-07
-0.0008757481459125,1.2424420659101953e-07
-0.0008757481459125,1.242442065908814e-07
-0.0008757481459125,1.242442065908814e-07
-0.0008757481459125,1.242442065908814e-07
-0.0008757481459125,1.242442065908814e-07
-0.0008757481459124999,1.2424420659091802e-07
-0.0008757481459125,1.2424420659124058e-07
-0.0008757481459125,1.2424420659097504e-07
-0.0008757481459125,1.242442065908814e-07
-0.0008757481459125,1.242442065908814e-07
-0.0008757481459125,1.242442065908814e-07
89128.95765323672,-21.02449883108938
-0.0008757481407679094,1.242442051733514e-07
-0.0008757481459125,1.2424420659102885e-07
-0.0008757481459125,1.242442065908814e-07
-0.0008757481459125,1.242442065908814e-07
-0.0008757481459125,1.242442065908814e-07
-0.0008757481459125,1.242442065908814e-07
-0.0008757481459124998,1.2424420681641074e-07
-0.0008757481459125,1.2424420659088454e-07
-0.0008757481459125,1.242442065910839e-07
-0.0008757481459125,1.242442065908814e-07
-0.0008757481459125,1.242442065908814e-07
-0.0008757481459125,1.242442065908814e-07
0.000107409569891282,3.5639648323869326
-0.0008757481459125,1.2424420659668216e-07
-0.0008757481459125,1.2424420659090217e-07
-0.0008757481459125,1.242442065908814e-07
-0.0008757481459125,1.242442065908814e-07
-0.0008757481459125,1.242442065908814e-07
-0.0008757481459125,1.242442065908814e-07
-0.0008757481459124999,1.242442065912185e-07
-0.0008757481459125,1.242442065908857e-07
-0.0008757481459124999,1.2424420659088139e-07
-0.0008757481459125,1.242442065908814e-07
-0.0008757481459125,1.242442065908814e-07
-0.0008757481459125,1.242442065908814e-07
0.00010777051734180891,3.5652732734992565
-0.0008757481459125,1.242442065909246e-07
-0.0008757481459125,1.242442065908814e-07
-0.0008757481459125,1.242442065908814e-07
-0.0008757481459125,1.242442065908814e-07
-0.0008757481459125,1.2424420659091275e-07
-0.0008757481459125,1.242442065908814e-07
-0.0008757481459124999,1.242442065909661e-07
-0.0008757481459125,1.242442065908901e-07
-0.0008757481459125,1.242442065908814e-07
-0.0008757481459125,1.242442065908814e-07
-0.0008757481459125,1.242442065908814e-07
-0.0008757481459125,1.242442065908814e-07
89128.9576543143,-21.020592581238013
-0.0008757481459125,1.242442065908814e-07
-0.0008757481459125,1.2424420659088372e-07
-0.0008757481459125,1.242442065908814e-07
-0.0008757481459125,1.242442065908814e-07
-0.0008757481459125,1.242442065908814e-07
-0.0008757481459125,1.242442065908814e-07
-0.0008757481459125,1.2424420659091445e-07
-0.0008757481459125,1.242442065908861e-07
-0.0008757481459125,1.242442065908814e-07
-0.0008757481459125,1.242442065908814e-07
-0.0008757481459125,1.242442065908814e-07
-0.0008757481459125,1.242442065908814e-07
0.00010848175745302999,3.5678515319155593
-0.0008757481459125,1.242442065909263e-07
-0.0008757481459125,1.242442065908834e-07
-0.0008757481459125,1.242442065908814e-07
-0.0008757481459125,1.242442065908814e-07
-0.0008757481459125,1.242442065908814e-07
-0.0008757481459125,1.242442065908814e-07
-0.0008757481459125,1.2424420659088988e-07
-0.0008757481459125,1.242442065908883e-07
-0.0008757481459124999,1.2424420659145755e-07
-0.0008757481459125,1.242442065908814e-07
-0.0008757481459125,1.242442065908814e-07
-0.0008757481459125,1.242442065908814e-07
5.8793879119473634e-05,3.569159986834386
-0.0008757481459125,1.242442065908814e-07
-0.0008757481459125,1.2424420659088327e-07
-0.0008757481459125,1.242442065908814e-07
-0.0008757481459125,1.242442065908814e-07
-0.0008757481459125,1.242442065908814e-07
-0.0008757481459125,1.242442065908814e-07
-0.0008757481459125,1.242442065908814e-07
-0.0008757481459125,1.242442065908871e-07
-0.0008757481459125,1.2424420659249453e-07
-0.0008757481459125,1.242442065908814e-07
-0.0008757481459125,1.242442065908814e-07
-0.0008757481459125,1.242442065908814e-07
1.9023204858102726e+17,-52477541634538.04
-0.0008757481459125,1.2424420659088708e-07
-0.0008757481459125,1.2424420659092736e-07
-0.0008757481459125,1.242442065908814e-07
-0.0008757481459125,1.242442065908814e-07
-0.0008757481459125,1.242442065908814e-07
-0.0008757481459125,1.242442065908814e-07
-0.0008757481459125,1.2424420659108724e-07
-0.0008757481459125,1.242442065908822e-07
-0.0008757481459125,1.2424420659088356e-07
-0.0008757481459125,1.242442065908814e-07
-0.0008757481459125,1.242442065908814e-07
-0.0008757481459125,1.242442065908814e-07
0.00010955933818003786,3.571757781766928
-0.0008757481459124999,1.242442065909517e-07
-0.0008757481459125,1.242442065909119e-07
-0.0008757481459125,1.242442065908814e-07
-0.0008757481459125,1.242442065908814e-07
-0.0008757481459125,1.242442065908814e-07
-0.0008757481459125,1.242442065908814e-07
-0.0008757481459125,1.242442065934565e-07
-0.0008757481459125,1.2424420659089126e-07
-0.0008757481459124881,1.2424420659088083e-07
-0.0008757481459125,1.242442065908814e-07
-0.0008757481459125,1.242442065908814e-07
-0.0008757481459125,1.242442065908814e-07
5.98714598464815e-05,3.573066236685755
-0.0008757481459124991,1.2424420659093282e-07
-0.0008757481459125,1.242442065910822e-07
-0.0008757481459125,1.242442065908814e-07
-0.0008757481459125,1.242442065908814e-07
-0.0008757481459125,1.242442065908814e-07
-0.0008757481459125,1.242442065908814e-07
-0.0008757481459125,1.242442065908814e-07
-0.0008757481459125,1.2424420659088618e-07
-0.0008757481459125,1.2424420659088427e-07
-0.0008757481459125,1.242442065908814e-07
-0.0008757481459125,1.242442065908814e-07
-0.0008757481459125,1.242442065908814e-07
4.056481675713572e+29,-1.11902377971997e+26
-0.0008757481459124998,1.2424420659093258e-07
-0.0008757481459125,1.2424420659091593e-07
-0.0008757481459071708,1.2424420747435226e-07
-0.0008757481459125,1.2424420659088157e-07
-0.0008757481459125,1.242442065908814e-07
-0.0008757481459125,1.242442065908814e-07
-0.0008757481459125,1.242442065912812e-07
-0.0008757481459125,1.2424420659088565e-07
-0.0008757481459125,1.242442065908814e-07
-0.0008757481459125,1.242442065908814e-07
-0.0008757481459125,1.242442065908814e-07
-0.0008757481459125,1.242442065908814e-07
0.00011063152576907089,3.5756444812955546
-0.0008757481459125,1.2424420659093308e-07
-0.0008757481459124996,1.2424420799982072e-07
-0.0008757481459076409,1.242442075961452e-07
-0.0008757481459125,1.242442065908814e-07
-0.0008757481459125,1.242442065908814e-07
-0.0008757481459125,1.242442065908814e-07
-0.0008757481459125,1.2424420659108978e-07
-0.0008757481459125,1.2424420659088538e-07
-0.0008757481459124989,1.2424421047823645e-07
-0.0008757481459125,1.242442065908814e-07
-0.0008757481459125,1.242442065908814e-07
-0.0008757481459125,1.242442065908814e-07
-107374179.91434915,29623.890874610483
-0.0008757481459125,1.242442065908814e-07
-0.0008757481459125,1.2424420659137285e-07
-0.0008757481459108689,1.2424420713536692e-07
-0.0008757481459125,1.242442065908814e-07
-0.0008757481459125,1.242442065908814e-07
-0.0008757481459125,1.242442065908814e-07
-0.0008757481459125,1.242442065909479e-07
-0.0008757481459125,1.2424420659088546e-07
-0.000875748145912353,1.242442112553494e-07
-0.0008757481459125,1.242442065908814e-07
-0.0008757481459125,1.242442065908814e-07
-0.0008757481459125,1.242442065908814e-07
4.056481675713572e+29,-1.11902377971997e+26
-0.0008757481459125,1.242442065908939e-07
-0.0008757481459125,1.2424420659090682e-07
-0.0008757481459125,1.242442065908814e-07
-0.0008757481459125,1.242442065908814e-07
-0.0008757481459125,1.242442065908814e-07
-0.0008757481459125,1.242442065908814e-07
-0.0008757481459125,1.2424420659095468e-07
-0.0008757481459125,1.242442065908921e-07
-0.0008757481459125,1.242442065908814e-07
-0.0008757481459125,1.242442065908814e-07
-0.0008757481459125,1.242442065908814e-07
-0.0008757481459125,1.242442065908814e-07
0.00011170910649607876,3.5795507311469237
-0.0008757481459125,1.242442065909134e-07
-0.0008757481459124996,1.242442065908979e-07
-0.0008757481459125,1.242442065908814e-07
-0.0008757481459125,1.242442065908814e-07
-0.0008757481459125,1.242442065908814e-07
-0.0008757481459125,1.242442065908814e-07
-0.0008757481459125,1.2424420659093223e-07
-0.0008757481459125,1.242442065908861e-07
-0.0008757481459125,1.242442065908814e-07
-0.0008757481459125,1.242442065908814e-07
-0.0008757481459125,1.242442065908814e-07
-0.0008757481459125,1.242442065908814e-07
-2.3021534883605417e+20,6.3507361896009464e+16
-0.000875748145912499,1.2424420659090696e-07
-0.0008757481459124999,1.2424420659091103e-07
-0.0008757481459121686,1.2424420659078999e-07
-0.0008757481459125,1.242442065908814e-07
-0.0008757481459125,1.242442065908814e-07
-0.0008757481459125,1.242442065908814e-07
-0.0008757481459124999,1.2424420675395296e-07
-0.0008757481459125,1.242442065908814e-07
-0.0008757481458990634,1.2424420658717477e-07
-0.0008757481459125,1.242442065908814e-07
-0.0008757481459125,1.242442065908814e-07
-0.0008757481459125,1.242442065908814e-07
0.00011242567397494322,3.5821483014673987
-0.0008757481459125,1.2424420659094113e-07
-0.0008757481459124971,1.2424421702697742e-07
-0.0008757481459115906,1.2424420659063053e-07
-0.0008757481459125,1.242442065908814e-07
-0.0008757481459125,1.242442065908814e-07
-0.0008757481459125,1.242442065908814e-07
-0.0008757481459125,1.2424420668716232e-07
-0.0008757481459124999,1.2424420659088787e-07
-0.0008757481459100984,1.242442065902189e-07
-0.0008757481459125,1.242442065908814e-07
-0.0008757481459125,1.242442065908814e-07
-0.0008757481459125,1.242442065908814e-07
0.00011278668722308662,3.5834569809982924
-0.0008757481459124989,1.2424420659170444e-07
-0.0008757481459124997,1.2424420659107787e-07
-0.0008757481459125,1.242442065908814e-07
-0.0008757481459125,1.242442065908814e-07
-0.0008757481459125,1.242442065908814e-07
-0.0008757481459125,1.242442065908814e-07
-0.0008757481459124998,1.2424420659090127e-07
-0.0008757481459124999,1.2424420659088448e-07
-0.0008757481459125,1.242442065908814e-07
-0.0008757481459125,1.242442065908814e-07
-0.0008757481459125,1.242442065908814e-07
-0.0008757481459125,1.242442065908814e-07
-2.3021534883605417e+20,6.3507361896009464e+16
-0.0008757479821952581,1.2424416142872846e-07
-0.0008757481459124944,1.2424420659087985e-07
-0.0008757481459125,1.242442065908814e-07
-0.0008757481459125,1.242442065908814e-07
-0.0008757481459125,1.242442065908814e-07
-0.0008757481459125,1.242442065908814e-07
-0.0008757481459124998,1.2424420673226887e-07
-0.0008757481459124998,1.2424420659088136e-07
-0.0008757481459125,1.242442065908814e-07
-0.0008757481459125,1.242442065908814e-07
-0.0008757481459125,1.242442065908814e-07
-0.0008757481459125,1.242442065908814e-07
0.00011350325470195109,3.5860545513187674
-0.0008757481459125,1.242442065909082e-07
-0.0008757481459124992,1.2424420968631345e-07
-0.0008757481459125,1.242442065908814e-07
-0.0008757481459125,1.242442065908814e-07
-0.0008757481459125,1.242442065908814e-07
-0.0008757481459125,1.242442065908814e-07
-0.0008757481459124993,1.242442086310364e-07
-0.0008757481459125,1.242442065908814e-07
-0.0008757481459125,1.242442065908814e-07
-0.0008757481459125,1.242442065908814e-07
-0.0008757481459125,1.242442065908814e-07
-0.0008757481459125,1.242442065908814e-07
0.05886385649033463,3.587327473712826
-0.0008757481459125,1.242442065908814e-07
-0.0008757481459125,1.2424420659100513e-07
-0.0008757481459125,1.242442065908814e-07
-0.0008757481459125,1.242442065908814e-07
-0.0008757481459125,1.242442065908814e-07
-0.0008757481459125,1.242442065908814e-07
-0.0008757481459124999,1.2424420659088139e-07
-0.0008757481459124998,1.2424420659088136e-07
-0.0008757481459125,1.242442065908814e-07
-0.0008757481459125,1.242442065908814e-07
-0.0008757481459125,1.242442065908814e-07
-0.0008757481459125,1.242442065908814e-07
-4.932681766024734e+32,1.3607329294792867e+29
-0.0008757481294268823,1.2424420204314773e-07
-0.0008757481459125,1.242442065908814e-07
-0.0008757481459125,1.242442065908814e-07
-0.0008757481459125,1.242442065908814e-07
-0.0008757481459125,1.242442065908814e-07
-0.0008757481459125,1.242442065908814e-07
-0.0008757481459124995,1.242442083326037e-07
-0.0008757481459125,1.242442065908814e-07
-0.0008757481459125,1.242442065908814e-07
-0.0008757481459125,1.242442065908814e-07
-0.0008757481459125,1.242442065908814e-07
-0.0008757481459125,1.242442065908814e-07
0.0001145754422636993,3.589941250847394
-0.0008757480936145027,1.242441921639205e-07
-0.0008757481459125,1.242442065908814e-07
-0.0008757481459125,1.242442065908814e-07
-0.0008757481459125,1.242442065908814e-07
-0.0008757481459125,1.242442065908814e-07
-0.0008757481459125,1.242442065908814e-07
-0.0008757481459124999,1.2424420659088139e-07
-0.0008757481459125,1.242442065908814e-07
-0.0008757481459125,1.242442065908814e-07
-0.0008757481459125,1.242442065908814e-07
-0.0008757481459125,1.242442065908814e-07
-0.0008757481459125,1.242442065908814e-07
0.058864934071061636,3.5912337235641947
-0.0008757447551849305,1.2424327122247986e-07
-0.0008757481459125,1.242442065908814e-07
-0.0008757481459125,1.242442065908814e-07
-0.0008757481459125,1.242442065908814e-07
-0.0008757481459125,1.242442065908814e-07
-0.0008757481459125,1.242442065908814e-07
-0.0008757481459124996,1.242442077150424e-07
-0.0008757481459125,1.242442065908814e-07
-0.0008757481459125,1.242442065908814e-07
-0.0008757481459125,1.242442065908814e-07
-0.0008757481459125,1.242442065908814e-07
-0.0008757481459125,1.242442065908814e-07
-4.932681766024734e+32,1.3607329294792867e+29
-0.0008757481459125,1.242442065908814e-07
-0.0008757481459125,1.242442065908814e-07
-0.0008757481459125,1.242442065908814e-07
-0.0008757481459125,1.242442065908814e-07
-0.0008757481459125,1.242442065908814e-07
-0.0008757481459125,1.242442065908814e-07
-0.0008757481459124997,1.242442074929976e-07
-0.0008757481459125,1.242442065908814e-07
-0.0008757481459125,1.242442065908814e-07
-0.0008757481459125,1.242442065908814e-07
-0.0008757481459125,1.242442065908814e-07
-0.0008757481459125,1.242442065908814e-07
0.00011564759606500624,3.59382795037603
-0.0008757481459125,1.242442065908814e-07
-0.0008757481459125,1.242442065908814e-07
-0.0008757481459125,1.242442065908814e-07
-0.0008757481459125,1.242442065908814e-07
-0.0008757481459125,1.242442065908814e-07
-0.0008757481459125,1.242442065908814e-07
-0.0008757481459124997,1.242442074686813e-07
-0.0008757481459125,1.242442065908814e-07
-0.0008757481459125,1.242442065908814e-07
-0.0008757481459125,1.242442065908814e-07
-0.0008757481459125,1.242442065908814e-07
-0.0008757481459125,1.242442065908814e-07
2.720082918577375e+23,-7.503639143551025e+19
-0.0008757481459125,1.242442065908814e-07
-0.0008757481459125,1.242442065908814e-07
-0.0008757481459125,1.242442065908814e-07
-0.0008757481459125,1.242442065908814e-07
-0.0008757481459125,1.242442065908814e-07
-0.0008757481459125,1.242442065908814e-07
-0.0008757481459124997,1.242442074999364e-07
-0.0008757481459125,1.242442065908814e-07
-0.0008757481459125,1.242442065908814e-07
-0.0008757481459125,1.242442065908814e-07
-0.0008757481459125,1.242442065908814e-07
-0.0008757481459125,1.242442065908814e-07
0.00011636426310190483,3.596425759115066
-0.0008757481459125,1.242442065908814e-07
-0.0008757481459125,1.242442065908814e-07
-0.0008757481459125,1.242442065908814e-07
-0.0008757481459125,1.242442065908814e-07
-0.0008757481459125,1.242442065908814e-07
-0.0008757481459125,1.242442065908814e-07
-0.0008757481459124996,1.2424420766647005e-07
-0.0008757481459125,1.242442065908814e-07
-0.0008757481459125,1.242442065908814e-07
-0.0008757481459125,1.242442065908814e-07
-0.0008757481459125,1.242442065908814e-07
-0.0008757481459125,1.242442065908814e-07
-71.67988085796634,3.617488342535885
-0.0008757481459125,1.242442065908814e-07
-0.0008757481459125,1.242442065908814e-07
-0.0008757481459125,1.242442065908814e-07
-0.0008757481459125,1.242442065908814e-07
-0.0008757481459125,1.242442065908814e-07
-0.0008757481459125,1.242442065908814e-07
-0.0008757481459124997,1.2424420752769196e-07
-0.0008757481459125,1.242442065908814e-07
-0.0008757481459125,1.242442065908814e-07
-0.0008757481459125,1.242442065908814e-07
-0.0008757481459125,1.242442065908814e-07
-0.0008757481459125,1.242442065908814e-07
2.720082918577375e+23,-7.503639143551025e+19
-0.0008757481459125,1.242442065908814e-07
-0.0008757481459125,1.242442065908814e-07
-0.0008757481459125,1.242442065908814e-07
-0.0008757481459125,1.242442065908814e-07
-0.0008757481459125,1.242442065908814e-07
-0.0008757481459125,1.242442065908814e-07
-0.0008757481459124997,1.2424420739929246e-07
-0.0008757481459125,1.242442065908814e-07
-0.0008757481459125,1.242442065908814e-07
-0.0008757481459125,1.242442065908814e-07
-0.0008757481459125,1.242442065908814e-07
-0.0008757481459125,1.242442065908814e-07
0.00011743645066365283,3.600312458643692
-0.0008757481459125,1.242442065908814e-07
-0.0008757481459125,1.242442065908814e-07
-0.0008757481459125,1.242442065908814e-07
-0.0008757481459125,1.242442065908814e-07
-0.0008757481459125,1.242442065908814e-07
-0.0008757481459125,1.242442065908814e-07
-0.0008757481459124997,1.242442073750064e-07
-0.0008757481459125,1.242442065908814e-07
-0.0008757481459125,1.242442065908814e-07
-0.0008757481459125,1.242442065908814e-07
-0.0008757481459125,1.242442065908814e-07
-0.0008757481459125,1.242442065908814e-07
