x,y
9.079277647250025e-05,3.6018943716709684
-0.0006745541042116,7.432105117571858e-08
-0.0006745541042116,7.432105117571858e-08
-0.0006745541042116,7.432105117571858e-08
-0.0006745541042116,7.432105117571858e-08
-0.0006745541042116,7.432105117571858e-08
-0.0006745541042116,7.432105117571858e-08
-0.0006745541042115998,7.432105186269907e-08
-0.0006745541042116,7.432105117571858e-08
-0.0006745541042116,7.432105117571858e-08
-0.0006745541042116,7.432105117571858e-08
-0.0006745541042116,7.432105117571858e-08
-0.0006745541042116,7.432105117571858e-08
89128.95901649875,-15.33532347421987
-0.0006745541042116,7.432105117571858e-08
-0.0006745541042116,7.432105117571858e-08
-0.0006745541042116,7.432105117571858e-08
-0.0006745541042116,7.432105117571858e-08
-0.0006745541042116,7.432105117571858e-08
-0.0006745541042116,7.432105117571858e-08
-0.0006745541042115998,7.432105188004635e-08
-0.0006745541042116,7.432105117571858e-08
-0.0006745541042116,7.432105117571858e-08
-0.0006745541042116,7.432105117571858e-08
-0.0006745541042116,7.432105117571858e-08
-0.0006745541042116,7.432105117571858e-08
-3.2186439114224515e+26,6.839120957693132e+22
-0.0006745541042116,7.432105117571858e-08
-0.0006745541042116,7.432105117571858e-08
-0.0006745541042116,7.432105117571858e-08
-0.0006745541042116,7.432105117571858e-08
-0.0006745541042116,7.432105117571858e-08
-0.0006745541042116,7.432105117571858e-08
-0.0006745541042115998,7.43210517135128e-08
-0.0006745541042116,7.432105117571858e-08
-0.0006745541042116,7.432105117571858e-08
-0.0006745541042116,7.432105117571858e-08
-0.0006745541042116,7.432105117571858e-08
-0.0006745541042116,7.432105117571858e-08
9.162279421826849e-05,3.6058006215827856
-0.0006745541042116,7.432105117571858e-08
-0.0006745541042116,7.432105117571858e-08
-0.0006745541042116,7.432105117571858e-08
-0.0006745541042116,7.432105117571858e-08
-0.0006745541042116,7.432105117571858e-08
-0.0006745541042116,7.432105117571858e-08
-0.0006745541042115999,7.432105168228798e-08
-0.0006745541042116,7.432105117571858e-08
-0.0006745541042116,7.432105117571858e-08
-0.0006745541042116,7.432105117571858e-08
-0.0006745541042116,7.432105117571858e-08
-0.0006745541042116,7.432105117571858e-08
89128.95901732877,-15.331417224308053
-0.0006745541042116,7.432105117571858e-08
-0.0006745541042116,7.432105117571858e-08
-0.0006745541042116,7.432105117571858e-08
-0.0006745541042116,7.432105117571858e-08
-0.0006745541042116,7.432105117571858e-08
-0.0006745541042116,7.432105117571858e-08
-0.0006745541042115999,7.432105160074084e-08
-0.0006745541042116,7.432105117571858e-08
-0.0006745541042116,7.432105117571858e-08
-0.0006745541042116,7.432105117571858e-08
-0.0006745541042116,7.432105117571858e-08
-0.0006745541042116,7.432105117571858e-08
9.217478844179589e-05,3.608398430362031
-0.0006745541042116,7.432105117571858e-08
-0.0006745541042116,7.432105117571858e-08
-0.0006745541042116,7.432105117571858e-08
-0.0006745541042116,7.432105117571858e-08
-0.0006745541042116,7.432105117571858e-08
-0.0006745541042116,7.432105117571858e-08
-0.0006745541042115999,7.432105168575738e-08
-0.0006745541042116,7.432105117571858e-08
-0.0006745541042116,7.432105117571858e-08
-0.0006745541042116,7.432105117571858e-08
-0.0006745541042116,7.432105117571858e-08
-0.0006745541042116,7.432105117571858e-08
4.239983126391191e-05,3.6096873318061595
-0.0006745541042116,7.432105117571858e-08
-0.0006745541042116,7.432105117571858e-08
-0.0006745541042116,7.432105117571858e-08
-0.0006745541042116,7.432105117571858e-08
-0.0006745541042116,7.432105117571858e-08
-0.0006745541042116,7.432105117571858e-08
-0.0006745541042115998,7.432105175861555e-08
-0.0006745541042116,7.432105117571858e-08
-0.0006745541042116,7.432105117571858e-08
-0.0006745541042116,7.432105117571858e-08
-0.0006745541042116,7.432105117571858e-08
-0.0006745541042116,7.432105117571858e-08
1.9023205152481382e+17,-40421371428851.95
-0.0006745541042116,7.432105117571858e-08
-0.0006745541042116,7.432105117571858e-08
-0.0006745541042116,7.432105117571858e-08
-0.0006745541042116,7.432105117571858e-08
-0.0006745541042116,7.432105117571858e-08
-0.0006745541042116,7.432105117571858e-08
-0.0006745541042115998,7.432105178637123e-08
-0.0006745541042116,7.432105117571858e-08
-0.0006745541042116,7.432105117571858e-08
-0.0006745541042116,7.432105117571858e-08
-0.0006745541042116,7.432105117571858e-08
-0.0006745541042116,7.432105117571858e-08
9.300480618756413e-05,3.612304680273848
-0.0006745541042116,7.432105117571858e-08
-0.0006745541042116,7.432105117571858e-08
-0.0006745541042116,7.432105117571858e-08
-0.0006745541042116,7.432105117571858e-08
-0.0006745541042116,7.432105117571858e-08
-0.0006745541042116,7.432105117571858e-08
-0.0006745541042115998,7.432105180024918e-08
-0.0006745541042116,7.432105117571858e-08
-0.0006745541042116,7.432105117571858e-08
-0.0006745541042116,7.432105117571858e-08
-0.0006745541042116,7.432105117571858e-08
-0.0006745541042116,7.432105117571858e-08
4.322984900968015e-05,3.6135935817179767
-0.0006745534166007029,7.43209050690281e-08
-0.0006745541042116,7.432105117571858e-08
-0.0006745541042116,7.432105117571858e-08
-0.0006745541042116,7.432105117571858e-08
-0.0006745541042116,7.432105117571858e-08
-0.0006745541042116,7.432105117571858e-08
-0.0006745541042115998,7.432105173086014e-08
-0.0006745541042116,7.432105117571858e-08
-0.0006745541042116,7.432105117571858e-08
-0.0006745541042116,7.432105117571858e-08
-0.0006745541042116,7.432105117571858e-08
-0.0006745541042116,7.432105117571858e-08
4.056481738486466e+29,-8.619396875102467e+25
-0.0006745541042116,7.432105117571858e-08
-0.0006745541042116,7.432105117571858e-08
-0.0006745541042116,7.432105117571858e-08
-0.0006745541042116,7.432105117571858e-08
-0.0006745541042116,7.432105117571858e-08
-0.0006745541042116,7.432105117571858e-08
-0.0006745541042115998,7.432105174820742e-08
-0.0006745541042116,7.432105117571858e-08
-0.0006745541042116,7.432105117571858e-08
-0.0006745541042116,7.432105117571858e-08
-0.0006745541042116,7.432105117571858e-08
-0.0006745541042116,7.432105117571858e-08
9.382651567751738e-05,3.616171829539575
-0.0006745541042116,7.432105117571858e-08
-0.0006745541042116,7.432105117571858e-08
-0.0006745541042116,7.432105117571858e-08
-0.0006745541042116,7.432105117571858e-08
-0.0006745541042116,7.432105117571858e-08
-0.0006745541042116,7.432105117571858e-08
-0.0006745541042115998,7.432105168922688e-08
-0.0006745541042116,7.432105117571858e-08
-0.0006745541042116,7.432105117571858e-08
-0.0006745541042116,7.432105117571858e-08
-0.0006745541042116,7.432105117571858e-08
-0.0006745541042116,7.432105117571858e-08
-107374181.57595079,22818.97188856056
-0.0006745541042116,7.432105117571858e-08
-0.0006745541042116,7.432105117571858e-08
-0.0006745541042116,7.432105117571858e-08
-0.0006745541042116,7.432105117571858e-08
-0.0006745541042116,7.432105117571858e-08
-0.0006745541042116,7.432105117571858e-08
-0.0006745541042115998,7.432105176555471e-08
-0.0006745541042116,7.432105117571858e-08
-0.0006745541042116,7.432105117571858e-08
-0.0006745541042116,7.432105117571858e-08
-0.0006745541042116,7.432105117571858e-08
-0.0006745541042116,7.432105117571858e-08
4.056481738486466e+29,-8.619396875102467e+25
-0.0006745541042116,7.432105117571858e-08
-0.0006745541042116,7.432105117571858e-08
-0.0006745541042116,7.432105117571858e-08
-0.0006745541042116,7.432105117571858e-08
-0.0006745541042116,7.432105117571858e-08
-0.0006745541042116,7.432105117571858e-08
-0.0006745541042115998,7.432105190780209e-08
-0.0006745541042116,7.432105117571858e-08
-0.0006745541042116,7.432105117571858e-08
-0.0006745541042116,7.432105117571858e-08
-0.0006745541042116,7.432105117571858e-08
-0.0006745541042116,7.432105117571858e-08
9.465653342328561e-05,3.620078079451392
-0.0006745541042116,7.432105117571858e-08
-0.0006745541042116,7.432105117571858e-08
-0.0006745541042116,7.432105117571858e-08
-0.0006745541042116,7.432105117571858e-08
-0.0006745541042116,7.432105117571858e-08
-0.0006745541042116,7.432105117571858e-08
-0.0006745541042115998,7.432105201535483e-08
-0.0006745541042116,7.432105117571858e-08
-0.0006745541042116,7.432105117571858e-08
-0.0006745541042116,7.432105117571858e-08
-0.0006745541042116,7.432105117571858e-08
-0.0006745541042116,7.432105117571858e-08
-2.3021535239857085e+20,4.8917205031107416e+16
-0.0006745541042116,7.432105117571858e-08
-0.0006745541042116,7.432105117571858e-08
-0.0006745541042116,7.432105117571858e-08
-0.0006745541042116,7.432105117571858e-08
-0.0006745541042116,7.432105117571858e-08
-0.0006745541042116,7.432105117571858e-08
-0.0006745541042115997,7.432105215416261e-08
-0.0006745541042116,7.432105117571858e-08
-0.0006745541042116,7.432105117571858e-08
-0.0006745541042116,7.432105117571858e-08
-0.0006745541042116,7.432105117571858e-08
-0.0006745541042116,7.432105117571858e-08
9.520847695924201e-05,3.622675649812064
-0.0006745541042116,7.432105117571858e-08
-0.0006745541042116,7.432105117571858e-08
-0.0006745541042116,7.432105117571858e-08
-0.0006745541042116,7.432105117571858e-08
-0.0006745541042116,7.432105117571858e-08
-0.0006745541042116,7.432105117571858e-08
-0.0006745541042115997,7.432105209171299e-08
-0.0006745541042116,7.432105117571858e-08
-0.0006745541042116,7.432105117571858e-08
-0.0006745541042116,7.432105117571858e-08
-0.0006745541042116,7.432105117571858e-08
-0.0006745541042116,7.432105117571858e-08
9.548655116905385e-05,3.6239843293632092
-0.0006745541042116,7.432105117571858e-08
-0.0006745541042116,7.432105117571858e-08
-0.0006745541042116,7.432105117571858e-08
-0.0006745541042116,7.432105117571858e-08
-0.0006745541042116,7.432105117571858e-08
-0.0006745541042116,7.432105117571858e-08
-0.0006745541042115997,7.43210523137576e-08
-0.0006745541042116,7.432105117571858e-08
-0.0006745541042116,7.432105117571858e-08
-0.0006745541042116,7.432105117571858e-08
-0.0006745541042116,7.432105117571858e-08
-0.0006745541042116,7.432105117571858e-08
-2.3021535239857085e+20,4.8917205031107416e+16
-0.0006745541042116,7.432105117571858e-08
-0.0006745541042116,7.432105117571858e-08
-0.0006745541042116,7.432105117571858e-08
-0.0006745541042116,7.432105117571858e-08
-0.0006745541042116,7.432105117571858e-08
-0.0006745541042116,7.432105117571858e-08
-0.0006745541042115997,7.432105223049087e-08
-0.0006745541042116,7.432105117571858e-08
-0.0006745541042116,7.432105117571858e-08
-0.0006745541042116,7.432105117571858e-08
-0.0006745541042116,7.432105117571858e-08
-0.0006745541042116,7.432105117571858e-08
9.603849470501025e-05,3.626581899723881
-0.0006745541042116,7.432105117571858e-08
-0.0006745541042116,7.432105117571858e-08
-0.0006745541042116,7.432105117571858e-08
-0.0006745541042116,7.432105117571858e-08
-0.0006745541042116,7.432105117571858e-08
-0.0006745541042116,7.432105117571858e-08
-0.0006745541042115997,7.432105221661308e-08
-0.0006745541042116,7.432105117571858e-08
-0.0006745541042116,7.432105117571858e-08
78.03634150648817,-0.016581585741492582
-0.0006745541042116,7.432105117571858e-08
-0.0006745541042116,7.432105117571858e-08
0.058846310939462486,3.6278585454851164
-0.0006745541042116,7.432105117571858e-08
-0.0006745541042116,7.432105117571858e-08
-0.0006745541042116,7.432105117571858e-08
-0.0006745541042116,7.432105117571858e-08
-0.0006745541042116,7.432105117571858e-08
-0.0006745541042116,7.432105117571858e-08
-0.0006745541042115996,7.432105264682439e-08
-0.0006745541042116,7.432105117571858e-08
-0.0006745541042116,7.432105117571858e-08
-0.0006745541042116,7.432105117571858e-08
-0.0006745541042116,7.432105117571858e-08
-0.0006745541042116,7.432105117571858e-08
-4.9326818423565744e+32,1.048118670287582e+29
-0.0006745541042116,7.432105117571858e-08
-0.0006745541042116,7.432105117571858e-08
-0.0006745541042116,7.432105117571858e-08
-0.0006745541042116,7.432105117571858e-08
-0.0006745541042116,7.432105117571858e-08
-0.0006745541042116,7.432105117571858e-08
-0.0006745541042115996,7.43210525496804e-08
-0.0006745541042116,7.432105117571858e-08
-0.0006729844842283183,0.007387058457884816
-0.0006745541042116,7.432105117571858e-08
-0.0006745541042116,7.432105117571858e-08
-0.0006745541042116,7.432105117571858e-08
9.686435830922864e-05,3.630468599312653
-0.0006745541042116,7.432105117571858e-08
-0.0006745541042116,7.432105117571858e-08
0.0006605606465784732,6.283349923320152
-0.0006745541042116,7.432105117571858e-08
-0.0006745541042116,7.432105117571858e-08
-0.0006745541042116,7.432105117571858e-08
-0.0006745541042115995,7.432105288274719e-08
-0.0006745541042116,7.432105117571858e-08
-0.0006745541042116,7.432105117571858e-08
-0.0006745541042116,7.432105117571858e-08
-0.0006745541042116,7.432105117571858e-08
-0.0006745541042116,7.432105117571858e-08
0.058847140957208256,3.6317647953969336
-0.0006745541042116,7.432105117571858e-08
-0.0006745541042116,7.432105117571858e-08
-0.0006743862628402046,0.0007899735076113131
-0.0006745541042116,7.432105117571858e-08
-0.0006745541042116,7.432105117571858e-08
-0.0006745541042116,7.432105117571858e-08
-0.0006745541042115994,7.432105356282061e-08
-0.0006745541042116,7.432105117571858e-08
-0.0006745411294408264,6.113650610524328e-05
11.566478161758898,-0.002457766892111632
-0.0006745541042116,7.432105117571858e-08
-0.0006745541042116,7.432105117571858e-08
-4.9326818423565744e+32,1.048118670287582e+29
-0.0006745541042116,7.432105117571858e-08
-0.0006745541042116,7.432105117571858e-08
-0.000674552761286869,6.394426421214123e-06
-0.0006745541042116,7.432105117571858e-08
-0.0006745541042116,7.432105117571858e-08
-0.0006745541042116,7.432105117571858e-08
-0.0006745541042115995,7.43210532019975e-08
-0.0006745541042116,7.432105117571858e-08
-0.000674554050362599,3.27746542930879e-07
-0.0006745541042116,7.432105117571858e-08
-0.0006745541042116,7.432105117571858e-08
-0.0006745541042116,7.432105117571858e-08
9.769018815300543e-05,3.634355298901432
-0.0006745541042116,7.432105117571858e-08
-0.0006745541042116,7.432105117571858e-08
-0.0006745532868866124,3.920835992613078e-06
-0.0006745541042116,7.432105117571858e-08
-0.0006745541042116,7.432105117571858e-08
-0.0006745541042116,7.432105117571858e-08
-0.0006745541042115993,7.432105370159763e-08
-0.0006745541042116,7.432105117571858e-08
-0.0006745401455594067,5.550918883641241e-07
-0.0006745541042116,7.432105117571858e-08
-0.0006745541042116,7.432105117571858e-08
-0.0006745541042116,7.432105117571858e-08
126443836633.55057,-26867357.802571867
-0.0006745541042116,7.432105117571858e-08
-0.0006745541042116,7.432105117571858e-08
-0.0006744838335685944,1.922554691696757e-06
-0.0006745541042116,7.432105117571858e-08
-0.0006745541042116,7.432105117571858e-08
-0.0006745541042116,7.432105117571858e-08
-0.0006745541042115989,7.432105550583177e-08
-0.0006745541042116,7.432105117571858e-08
-0.000674554102955873,8.023078463368776e-08
-0.0006603637580127731,7.130582188176329e-08
-0.0006745541042116,7.432105117571858e-08
-0.0006745541042116,7.432105117571858e-08
-4.9326818423565744e+32,1.048118670287582e+29
-0.0006745541042116,7.432105117571858e-08
-0.0006745541042116,7.432105117571858e-08
-0.0006745541042116,7.432105117571858e-08
-0.0006745541042116,7.432105117571858e-08
-0.0006745541042116,7.432105117571858e-08
-0.0006745541042116,7.432105117571858e-08
-0.0006745541042115998,7.432105117571854e-08
-0.0006745541042116,7.432105117571858e-08
-0.0006745527719720191,7.599465216456492e-08
-0.0006694556807553703,7.323771497356985e-08
-0.0006745541042116,7.432105117571858e-08
-0.0006745541042116,7.432105117571858e-08
-71.67990017092568,3.6534728905913085
-0.0006745446740360616,7.431904740913443e-08
-0.0006745541040159895,7.524163820597073e-08
-0.0006745540705565852,2.3270910937739259e-07
-0.0006745541042116,7.432105117571858e-08
-0.0006745541042116,7.432105117571858e-08
-0.0006745541042116,7.432105117571858e-08
-0.0006745541042115998,7.432105117571853e-08
-0.0006745541042116,7.432105117571858e-08
-0.0006745532633066757,7.592199820904816e-08
-0.0006745541042116,7.432105117571858e-08
-0.0006745541042116,7.432105117571858e-08
-0.0006745541042116,7.432105117571858e-08
126443836633.55057,-26867357.798665617
-0.0006745527217128491,7.432075741609678e-08
-0.0006745540951061563,1.1717331416783859e-07
-0.0006745462965944026,9.400149390414464e-08
-0.0006745541042116,7.432105117571858e-08
-0.0006745541042116,7.432105117571858e-08
-0.0006745541042116,7.432105117571858e-08
-0.0006745541042115998,7.432105117571853e-08
-0.0006745541042116,7.432105117571858e-08
-0.0006745541033089776,7.432126597364507e-08
-0.0006744404480505741,7.429690099774813e-08
-0.0006745541042116,7.432105117571858e-08
-0.0006745541042116,7.432105117571858e-08
9.90680797411694e-05,3.6408398072694426
-0.0006745541042116,7.432105117571858e-08
-0.0006745541042116,7.432105117571858e-08
-0.0006745541042116,7.432105117571858e-08
-0.0006745541042116,7.432105117571858e-08
-0.0006745541042116,7.432105117571858e-08
-0.0006745541042116,7.432105117571858e-08
-0.0006745541042115997,7.432105117571851e-08
-0.0006745541042116,7.432105117571858e-08
-0.0006745541041285225,7.432109535757421e-08
-0.000674142320348118,7.42335534677309e-08
-0.0006745541042116,7.432105117571858e-08
-0.0006745541042116,7.432105117571858e-08
-71.67989934090792,3.6573791405031257
-0.0006745541042116,7.432105117571858e-08
-0.0006745541042027563,7.43626717290043e-08
-0.0006745541041431826,7.432105116118095e-08
-0.0006745541042116,7.432105117571858e-08
-0.0006745541042116,7.432105117571858e-08
-0.0006745541042116,7.432105117571858e-08
-0.0006745541042115997,7.432105117571851e-08
-0.0006745541042116,7.432105117571858e-08
-0.0006745541041753851,7.432109803209422e-08
-0.0006745541042116,7.432105117571858e-08
-0.0006745541042116,7.432105117571858e-08
-0.0006745541042116,7.432105117571858e-08
5.84860301773108e+35,-1.2427377669782236e+32
-0.0006745541042116,7.432105117571858e-08
-0.0006745541042108389,7.432463301077003e-08
-0.0006745541041502882,7.43210511626954e-08
-0.0006745541042116,7.432105117571858e-08
-0.0006745541042116,7.432105117571858e-08
-0.0006745541042116,7.432105117571858e-08
-0.0006745541042115986,7.432105600543292e-08
-0.0006745541042116,7.432105117571858e-08
-0.0006745541041974356,7.432108027324131e-08
-0.0006745541042116,7.432105117572491e-08
-0.0006745541042116,7.432105117571858e-08
-0.0006745541042116,7.432105117571858e-08
9.989809748693764e-05,3.6447460571812593
-0.0006745541042116,7.432105117571858e-08
-0.0006745541042113297,7.432232339890206e-08
-0.0006745541042116,7.43210511757262e-08
-0.0006745541042116,7.432105117571858e-08
-0.0006745541042116,7.432105117571858e-08
-0.0006745541042116,7.432105117571858e-08
-0.0006745541042115984,7.432105675483428e-08
-0.0006745541042116,7.432105117571858e-08
-0.0006745541042091144,7.432105467318544e-08
-0.0006745541042116,7.432105117572345e-08
-0.0006745541042116,7.432105117571858e-08
-0.0006745541042116,7.432105117571858e-08
-71.67989851089018,3.6612853904149425
-0.0006745541042116,7.432105117571858e-08
-0.0006745541039302228,7.564527543160582e-08
-0.0006745541042116,7.4321051175728e-08
-0.0006745541042115999,7.432105117574272e-08
-0.0006745541042116,7.432105117571858e-08
-0.0006745541042116,7.432105117571858e-08
-0.0006745541042115988,7.432105475643204e-08
-0.0006745541042116,7.432105117571858e-08
-0.0006745541042086849,7.432105117529657e-08
-0.0006745541042116,7.432105117572141e-08
-0.0006745541042116,7.432105117571858e-08
-0.0006745541042116,7.432105117571858e-08
0.00010044588690862901,3.647324077218886
-0.0006745537349399673,7.432097271120272e-08
-0.0006745541042116,7.432105117571858e-08
-0.0006745541042116,7.432105117573028e-08
-0.0006745541042116,7.432105117573935e-08
-0.0006745541042116,7.432105117571858e-08
-0.0006745541042116,7.432105117571858e-08
-0.0006745541042115995,7.43210519598441e-08
-0.0006745541042116,7.432105117571858e-08
-0.0006745541042112217,7.432105117568332e-08
-0.0006745541042116,7.432105117572164e-08
-0.0006745541042116,7.432105117571858e-08
-0.0006745541042116,7.432105117571858e-08
0.00010076568434084642,3.6486327567611663
-0.0006745539468605825,7.432101774105878e-08
-0.0006745541042116,7.432105117571858e-08
-0.0006745541042116,7.432105117572149e-08
-0.0006745541042116,7.432105117572086e-08
-0.0006745541042116,7.432105117571858e-08
-0.0006745541042116,7.432105117571858e-08
-0.0006745541042115995,7.432105153829102e-08
-0.0006745541042116,7.432105117571858e-08
-0.0006745541042115997,7.432105117572158e-08
-0.0006745541042116,7.432105117571906e-08
-0.0006745541042116,7.432105117571858e-08
-0.0006745541042116,7.432105117571858e-08
-151996490032255.38,32296905442.188656
-0.000674554058962151,7.432104156090987e-08
-0.0006745541042115999,7.432105149152405e-08
-0.0006745541042116,7.432105117586771e-08
-0.0006745541042116,7.432105117572066e-08
-0.0006745541042116,7.432105117571858e-08
-0.0006745541042116,7.432105117571858e-08
-0.0006745541042115996,7.432105158165924e-08
-0.0006745541042116,7.432105117571858e-08
-0.0006745541042115998,7.432105117572169e-08
-0.0006745541042116,7.432105117571918e-08
-0.0006745541042116,7.432105117571858e-08
-0.0006745541042116,7.432105117571858e-08
0.00010127590465439725,3.6512303271307034
-0.0006745540928423874,7.432104875993658e-08
-4.495200189214379e-05,-5.945966677508086e-08
-0.0006745541042116,7.43210511757198e-08
-0.0006745541042116,7.432105117571968e-08
-0.0006745541042116,7.432105117571858e-08
-0.0006745541042116,7.432105117571858e-08
-0.0006745541042115996,7.432105148624934e-08
-0.0006745541042116,7.432105117571858e-08
-0.0006745541042115987,7.43210511757183e-08
-0.0006745541042116,7.432105117571858e-08
-0.0006745541042116,7.432105117571858e-08
-0.0006745541042116,7.432105117571858e-08
0.00010159570208661455,3.652539006672983
-0.0006745540965372079,7.432104954502883e-08
-0.0006745541042116,7.432105117571858e-08
-0.0006745541042116,7.432105117649808e-08
-0.0006745541042116,7.432105117571858e-08
-0.0006745541042116,7.432105117571858e-08
-0.0006745541042116,7.432105117571858e-08
-0.0006745541042115996,7.432105140645212e-08
-0.0006745541042116,7.432105117571858e-08
-0.0006745541042115998,7.432105117572132e-08
-0.0006745541042115996,7.432105117571891e-08
-0.0006745541042116,7.432105117571858e-08
-0.0006745541042116,7.432105117571858e-08
-3.2186439114224515e+26,6.839120957693132e+22
-0.0006745541030107169,7.432105092054947e-08
-0.0006745541042038191,7.435766963315757e-08
-0.0006745541042116,7.432105117571943e-08
-0.0006745541042116,7.432105117571955e-08
-0.0006745541042116,7.432105117571858e-08
-0.0006745541042116,7.432105117571858e-08
-0.0006745541042115996,7.432105138215818e-08
-0.0006745541042116,7.432105117571858e-08
-0.0006745541042115998,7.432105117571854e-08
-0.0006745541042116,7.432105117573203e-08
-0.0006745541042116,7.432105117571858e-08
-0.0006745541042116,7.432105117571858e-08
0.00010210592240016548,3.65513657704252
-0.0006745541029751959,7.432105091300182e-08
-0.0006745541042115997,7.432105272343715e-08
-0.0006745541042114377,7.43210511756841e-08
-0.0006745541042116,7.432105117571858e-08
-0.0006745541042116,7.432105117571858e-08
2.0543252114321334e+18,9.668115792600316e+21
-0.0006745541042115998,7.432105136134082e-08
-0.0006745541042116,7.432105117571858e-08
-0.0006745541042116,7.432105117573298e-08
-0.0006745541042116,7.432105117572652e-08
-0.0006745541042116,7.432105117571858e-08
-0.0006745541042116,7.432105117571858e-08
89128.95902780774,-15.282100819171362
-0.000674554098470188,7.432104995575725e-08
-0.000674554104211517,7.432144197421442e-08
-0.0006745541042116,7.432105117752199e-08
-0.0006745541042116,7.432105117571973e-08
-0.0006745541042116,7.432105117571858e-08
-0.0006745541042116,7.432105117571858e-08
-0.0006745541042115999,7.432105136220825e-08
-0.0006745541042116,7.432105117571858e-08
-0.0006745541042116,7.432105117572016e-08
-0.0006745541042116,7.432105117572046e-08
-0.0006745541042116,7.432105117571858e-08
-0.0006745541042116,7.432105117571858e-08
-3.2186439114224515e+26,6.839120957693132e+22
-0.0006745540849976037,7.432104709304127e-08
-0.0006745540917033898,7.432108050335585e-08
-0.0006745541042116,7.432105117571858e-08
-0.0006745541042116,7.432105117571948e-08
-0.0006745541042116,7.432105117571858e-08
-0.0006745541042116,7.432105117571858e-08
-0.0006745541042115999,7.432105139083164e-08
-0.0006745541042116,7.432105117571858e-08
-0.0006745541042116,7.432105117575776e-08
-0.0006745541042112009,7.432105117563617e-08
-0.0006745541042116,7.432105117571858e-08
-0.0006745541042116,7.432105117571858e-08
0.00010293178600436056,3.6590232766312925
-0.0006745540834059637,7.432104675484237e-08
-0.0006745541038260476,7.432105109379467e-08
-0.0006745541042116,7.432105117571992e-08
-0.0006745541042116,7.432105117571858e-08
-0.0006745541042116,7.432105117571858e-08
-0.0006745541042116,7.43210511757186e-08
-0.0006745541042115999,7.43210513257796e-08
-0.0006745541042114815,7.432160910842077e-08
-0.0006745541042116,7.432105117572079e-08
-0.0006745541042115215,7.432105117570666e-08
-0.0006745541042116,7.432105117571858e-08
-0.0006745541042116,7.432105117571858e-08
1.9023205152481382e+17,-40421371428851.9
-0.0006745541042116,7.432105117571858e-08
-0.0006745541042110865,7.432346773003383e-08
-0.0006745541042115997,7.432105117572496e-08
-0.0006745541042116,7.432105117576795e-08
-0.0006745541042116,7.432105117571858e-08
-0.0006745541042116,7.432105117571858e-08
-0.0006745541042116,7.432105122667783e-08
-0.000674554102436761,7.434595322649731e-08
-0.0006745541042116,7.432105117572356e-08
-0.0006745541042115455,7.43210515123883e-08
-0.0006745541042116,7.432105117571858e-08
-0.0006745541042116,7.432105117571858e-08
0.00010347962608633801,3.661601535087493
-0.0006745541042107243,7.432517261145704e-08
-0.0006745541042116,7.432105117571858e-08
-0.0006745541042116,7.432105117601855e-08
-0.0006745541042116,7.432105117571858e-08
-0.0006745541042116,7.432105117571858e-08
-0.0006745541042116,7.432105117571858e-08
-0.0006745541042115999,7.432105147756045e-08
-0.0006745540983529562,7.433321692856623e-08
-0.0006745541041850571,7.432106344123325e-08
-0.0006745541042109163,7.432105117562202e-08
-0.0006745541042116,7.432105117571858e-08
-0.0006745541042116,7.432105117571858e-08
5.3708823050003986e-05,3.6629099868546664
-0.0006745541007857986,7.432505790890887e-08
-0.0006745541009843913,7.432424864100424e-08
-0.0006745541042116,7.432105117572088e-08
-0.0006745541042116,7.432105117571858e-08
-0.0006745541042116,7.432105117571858e-08
-0.0006745541042116,7.432105117571858e-08
-0.0006745541042115999,7.432105171695229e-08
-0.0006745541013404133,7.432105056563577e-08
-0.0006745541042116,7.432105117573552e-08
-0.0006745541040969574,7.432105254665606e-08
-0.0006745541042116,7.432105117571858e-08
-0.0006745541042116,7.432105117571858e-08
1.9023205152481382e+17,-40421371428851.9
-0.0006745493018021273,7.432003073791384e-08
-0.0006745539213605874,7.432103453270613e-08
-0.0006745541042116,7.432105117571858e-08
-0.0006745541042116,7.432105117571858e-08
-0.0006745541042116,7.432105117571858e-08
-0.0006745541042116,7.432105117571858e-08
-0.0006745541042115999,7.432105179677742e-08
-0.0006745063641819955,7.431131579772588e-08
-0.0006745541042116,7.432105117581727e-08
-0.0006745541041986061,7.432105183244081e-08
-0.0006745541042116,7.432105117571858e-08
-0.0006745541042116,7.432105117571858e-08
0.00010430964383210625,3.66550778499931
-0.0006745481667518769,7.431978955727475e-08
-0.0006738796527419424,7.417774066023369e-08
-0.0006745541042116,7.432105117571858e-08
-0.0006745541042116,7.432105117571858e-08
-0.0006745541042116,7.432105117571858e-08
-0.0006745541042116,7.432105117571858e-08
-0.0006745541042116,7.432105123903939e-08
-0.0006745541042116,7.432105117571858e-08
-0.0006745541042116,7.432105117575627e-08
-0.0006745541042102738,7.432105277195967e-08
-0.0006745541042116,7.432105117571858e-08
-0.0006745541042116,7.432105117571858e-08
-107374181.57594031,22819.0212049657
-0.0006745533109947368,7.432088262939218e-08
-0.0006743836286848676,7.428482776054908e-08
-0.0006745541041933309,7.440702980077339e-08
-0.0006745541042116,7.432105117571858e-08
-0.0006745541042116,7.432105117571858e-08
-0.0006745541042116,7.432105117571858e-08
-0.0006745541042116,7.432105123556654e-08
-0.0006745541042116,7.432105117571858e-08
-0.0006745541042116,7.432105118726844e-08
-0.0006745541042097946,7.43210521404167e-08
-0.0006745541042116,7.432105117571858e-08
-0.0006745541042116,7.432105117571858e-08
4.056481738486466e+29,-8.619396875102467e+25
-0.000674552583536493,7.432072805575625e-08
-0.0006745541042116,7.432105117573902e-08
-0.0006745541042116,7.432105117571858e-08
-0.0006745541042116,7.432105117571858e-08
-0.0006745541042116,7.432105117571858e-08
-0.0006745541042116,7.432105117571858e-08
-0.0006745541042116,7.432105121778761e-08
-0.0006745526559912003,7.432074345126194e-08
-0.0006745541042116,7.432105117576942e-08
-0.0006745541042116,7.432105117576158e-08
-0.0006745541042116,7.432105117571858e-08
-0.0006745541042116,7.432105117571858e-08
0.00010513550746360945,3.669394484588082
-0.0006745530125430913,7.432081921302925e-08
-0.0006745540992364696,7.432105011864845e-08
-0.00067455410421157,7.432119245717892e-08
-0.0006745541042116,7.432105124341827e-08
-0.0006745541042116,7.432105117571858e-08
-0.0006745541042116,7.432105117571858e-08
-0.0006745541042116,7.43210512000057e-08
-0.0006745538367035762,7.45111189075554e-08
-0.0006745541042116,7.432105117571861e-08
-0.0006745541041263002,7.432105612813688e-08
-0.0006745541042116,7.432105117571858e-08
-0.0006745541042116,7.432105117571858e-08
-107374181.57593948,22819.02511121561
-0.000674553663947396,7.432095762637831e-08
-0.0006745541042116,7.432105117580755e-08
-0.0006745541041970994,7.438929462673363e-08
-0.0006745541042116,7.432105117571858e-08
-0.0006745541042116,7.432105117571858e-08
-0.0006745541041736261,7.432105116764969e-08
-0.0006745541042116,7.432105118198083e-08
-0.0006745541042051239,7.435152930546664e-08
-0.0006745541042116,7.432105117571863e-08
-0.0006745541042098439,7.432105117534545e-08
-0.0006745541042116,7.432105117571858e-08
-0.0006745541042116,7.432105117571858e-08
4.056481738486466e+29,-8.619396875102467e+25
-0.0006745539286138092,7.446656925437493e-08
-0.0006745541042116,7.432105117577493e-08
-0.0006745541042115934,7.432108205520183e-08
-0.0006745541042115883,7.432105117571608e-08
-0.0006745541042116,7.432105117571858e-08
-0.0006745541042116,7.432105117571858e-08
-0.0006745541042116,7.432105118105926e-08
-0.0006745540955690153,7.432104933930287e-08
-0.0006745541030177095,7.993976765197214e-08
-0.0006745541042115987,7.432105117571832e-08
-0.0006745541042116,7.432105117571858e-08
-0.0006745541042116,7.432105117571858e-08
0.00010596552520937769,3.673300734499899
-0.0002295326767407844,2.0943706306023593
-0.0006745541042116,7.432105117578849e-08
-0.0006745541042115919,7.432108958943436e-08
-0.0006745541042116,7.432105117571858e-08
-0.0006745541042116,7.432105117571858e-08
-0.0006745541042116,7.432105117571858e-08
-0.0006745541042116,7.432105117590239e-08
2.749980796474131,-0.0005843974370320993
-0.0006745541042116,7.432105117571858e-08
-0.0006745541042116,7.432105117932354e-08
-0.0006745541042116,7.432105117571858e-08
-0.0006745541042116,7.432105117571858e-08
-2.3021535239857085e+20,4.8917205031107416e+16
-0.0006745513970054242,7.432047593623873e-08
-0.0006745541042077096,7.433936044433671e-08
-0.0006745541042114499,7.432110849364179e-08
-0.0006745541042116,7.432105117571858e-08
-0.0006745541042116,7.432105117571858e-08
-0.0006745541042116,7.432105117571858e-08
-0.0006745541042116,7.432105118103215e-08
5.56313709931584,-0.001182149681688717
-0.0006745541042116,7.432105117571869e-08
-0.0006745541042115998,7.432105117761702e-08
-0.0006745541042116,7.432105117571858e-08
-0.0006745541042116,7.432105117571858e-08
0.00010651746874533409,3.6758983048605707
-0.0006745528961278832,7.43207944765964e-08
-0.0006745541042116,7.432105117583297e-08
-0.000674554104211502,7.432105117573842e-08
-0.0006745541042116,7.432105117571858e-08
-0.0006745541042116,7.432105117571858e-08
-0.0006745538968183216,7.432100710785161e-08
-0.0006745541042116,7.432105118219767e-08
11.376948747092182,-0.002417494820157776
-0.0006745541042116,7.432105120804033e-08
-0.0006745541042116,7.432105117571858e-08
-0.0006745541042116,7.432105117571858e-08
-0.0006745541042116,7.432105117571858e-08
0.00010679554295514582,3.677206984411716
-0.000674554016882916,7.432103261972266e-08
-0.0006745541042116,7.432105117572327e-08
-0.0006745541042115614,7.432105117654409e-08
-0.0006745541042116,7.432105117571858e-08
-0.0006745541042116,7.432105117571858e-08
-0.0006745541042116,7.432105117571858e-08
-0.0006745541042116,7.432105118813467e-08
23.379575848876478,-0.004967867611253849
-0.0006745000749482019,7.430957086587296e-08
-0.0006745541042116,7.432105117571858e-08
-0.0006745541042116,7.432105117571858e-08
-0.0006745541042116,7.432105117571858e-08
-2.3021535239857085e+20,4.8917205031107416e+16
-0.000674553760353638,7.432097811121502e-08
-0.0006745541042116,7.432105117571916e-08
-0.0006745541042116,7.432105117574007e-08
-0.0006745541042116,7.432105117571858e-08
-0.0006745541042116,7.432105117571858e-08
-0.0006745541041093409,7.480230559005409e-08
-0.0006745541042116,7.43210512737335e-08
49.75981092534393,-0.010573259930052047
-0.000674425531478045,7.42937315084183e-08
-0.0006745541042115517,7.43210511757083e-08
-0.0006745541042116,7.432105117571858e-08
-0.0006745541042116,7.432105117571858e-08
0.00010734333234955248,3.679785004449343
-0.0006745537276808019,7.432097116874226e-08
-0.0006745541042116,7.432105117571858e-08
-0.0006745541042116,7.432105117578637e-08
-0.0006745541042116,7.432105117571858e-08
-0.0006745541042116,7.432105117571858e-08
-0.0006745541042116,7.432105117571858e-08
-0.0006745541042116,7.43210513335846e-08
-0.0006745541042115998,7.432105117572145e-08
-0.0006743062714584352,7.42683905452847e-08
-0.0006745541042116,7.432105117571858e-08
-0.0006745541042116,7.432105117571858e-08
-0.0006745541042116,7.432105117571858e-08
0.05885761993124858,3.6810812005336233
-0.0006745541040214588,7.432122791815745e-08
-0.0006745541042115973,7.432105118162826e-08
-0.0006745541042115999,7.432105117571857e-08
-0.0006745541042116,7.432105117571858e-08
-0.0006745541042116,7.432105117571858e-08
-0.0006745541042116,7.432105117571858e-08
-0.0006745541042115999,7.432105180728407e-08
-0.0006745541042116,7.432105117632181e-08
-0.0006745541042115999,7.432105117579058e-08
-0.0006745540810194857,7.432104624775265e-08
-0.0006745541042116,7.432105117571858e-08
-0.0006745541042116,7.432105117571858e-08
-4.9326818423565744e+32,1.048118670287582e+29
-0.0006745541042116,7.432105117600494e-08
-0.0006745389647293853,7.431783426968757e-08
-0.0006745541042116,7.432105117571858e-08
-0.0006745541042116,7.432105117571858e-08
-0.0006745541042116,7.432105117571858e-08
-0.0006745541042116,7.432105117571858e-08
-0.0006745541042115999,7.432105164768893e-08
-0.0006745541042116,7.432105117572721e-08
-0.0006745541042115999,7.432105117571857e-08
-0.0006745541042106143,7.432105117550912e-08
-0.0006745541042116,7.432105117571858e-08
2.1637727209968635e+18,1.0183200351654074e+22
0.00010816916219332916,3.683671704038122
-0.0006745541042116,7.432105117600664e-08
-0.0006745541042116,7.432105117581729e-08
-0.0006745541042116,7.432105117571858e-08
-0.0006745541042116,7.432105117571858e-08
-0.0006745541042116,7.432105117571858e-08
-0.0006745541040885148,7.490031796383453e-08
-0.0006745541042115999,7.432105145327434e-08
-0.0006745541042116,7.432105117591174e-08
-0.0006745541042115905,7.43210511757188e-08
-0.0006745541042116,7.432105117571858e-08
-0.0006745541042116,7.432105117571858e-08
-0.0006745541042116,7.432105117571858e-08
126443836633.55057,-26867357.75325546
-0.0006745541042115997,7.432105117597947e-08
-0.0006745541042116,7.432105117572127e-08
-0.0006745541042116,7.432105117571858e-08
-0.0006745541042116,7.432105117571858e-08
-0.0006745541042116,7.432105117571858e-08
3.5669404345519826e+18,-757919724956665.8
-0.0006745541042116,7.432105129891535e-08
-0.0006745541042115998,7.43210511773248e-08
-0.0006745541042116,7.432105117571858e-08
-0.0006745541042116,7.432105117571858e-08
-0.0006745541042116,7.432105117571858e-08
-0.0006745541042116,7.432105117571858e-08
0.00010872119017727485,3.6862695128173604
-0.0006745541042115999,7.432105117574534e-08
-0.0006745541042116,7.43210511757203e-08
-0.0006745541042116,7.432105117571858e-08
-0.0006745541042116,7.432105117571858e-08
-0.0006745541042116,7.432105117571858e-08
-0.0006745541042116,7.432105117571858e-08
-0.0006745541042116,7.432105117571858e-08
-0.0006745541042115988,7.432105117572893e-08
-0.0006745541042116,7.43210511757198e-08
-0.0006745541042116,7.432105117571858e-08
-0.0006745541042116,7.432105117571858e-08
-0.0006745541042116,7.432105117571903e-08
-71.67988969195163,3.7027892957279986
-0.0006745541042115999,7.432105117576304e-08
-0.0006745541042116,7.432105117580838e-08
-0.0006745541042115207,7.43210511757017e-08
-0.0006745541042116,7.432105117571858e-08
-0.0006745541042116,7.432105117571858e-08
-0.0006745541042116,7.432105117571858e-08
-0.0006745541042116,7.432105117585329e-08
-0.0006745541042116,7.432105117578e-08
-0.0006745541042115999,7.4321051213895e-08
-0.0006745541042116,7.432105117571858e-08
-0.0006745541042116,7.432105117571858e-08
44.39077277444164,208916.12028382608
2.7200829606698806e+23,-5.779755976410557e+19
-0.0006745541042115999,7.432105117571855e-08
-0.0006745541042115993,7.432105117576374e-08
-0.0006745541042115987,7.43210511757183e-08
-0.0006745541042116,7.432105117571858e-08
-0.0006745541042116,7.432105117571858e-08
-0.0006745541042116,7.432105117571858e-08
-0.0006745541042116,7.432105117571858e-08
-0.0006745541042116,7.432105117657592e-08
-0.0006745541042116,7.432105117574039e-08
-0.0006745541042116,7.432105117571858e-08
1.077406022452754e+22,-2.2893213138464202e+18
-0.0006745541042116,7.432105117571858e-08
0.00010955120792304309,3.6901757627291776
-0.0006745541042115999,7.432105117573731e-08
-0.0006745541042115982,7.432105117571838e-08
-0.0006745541042116,7.432105117571858e-08
-0.0006745541042116,7.432105117571858e-08
-0.0006745541042116,7.432105117571858e-08
-0.0006745541042116,7.432105117571858e-08
-0.0006745541042116,7.432105117571858e-08
-0.0006745541042116,7.432105117689795e-08
-0.000674554104211599,7.432105117767073e-08
-0.0006745541042116,7.432105117571858e-08
-0.0006745541042116,7.432105117571858e-08
-0.0006745541042116,7.432105117571858e-08
-71.67988886193389,3.7066955456398154
-0.0006745541042116,7.432105117575142e-08
-0.0006745541042116,7.432105117571873e-08
-0.0006745541042115994,7.432105117571845e-08
-0.0006745541042116,7.432105117571858e-08
-0.0006745541042116,7.432105117571858e-08
-0.0006745541041645141,7.432105116571356e-08
-0.0006745541042116,7.432105117571858e-08
-0.0006745541042114023,7.432105117567776e-08
-0.0006745541042116,7.432105117571857e-08
-0.0006745541042116,7.432105117571858e-08
-0.0006745541042116,7.432105117571858e-08
-0.00018315674877752638,2.312626383960803
5.84860301773108e+35,-1.2427377669782236e+32
-0.0006745541042113536,7.43210511758001e-08
-0.0006745541042116,7.432105117571883e-08
-0.0006745541042116,7.432105117571858e-08
-0.0006745541042116,7.432105117571858e-08
-0.0006745541042116,7.432105117571858e-08
-0.0006745539086448367,7.435038380857692e-08
-0.0006745541042116,7.432105117571858e-08
-0.0006745541042116,7.432105117621339e-08
-0.0006745541042116,7.432105117571858e-08
-0.0006745541042116,7.432105117571858e-08
-0.0006745541042116,7.432105117571858e-08
-0.0006745541042116,7.432105117571858e-08
0.00011037707152726148,3.6940624623179494
-0.000674554104211505,7.43210511756984e-08
-0.0006745541042116,7.432105117571858e-08
-0.0006745541042116,7.432105117571858e-08
-0.0006745541042116,7.432105117571858e-08
-0.0006745541042116,7.432105118368833e-08
-0.0006745541042116,7.432105117571858e-08
-0.0006745541042116,7.432105117571858e-08
-0.0006745541042115999,7.432105117605575e-08
-0.0006745541042116,7.432105117571858e-08
-0.0006745541042116,7.432105117571858e-08
-0.0006745541042116,7.432105117571858e-08
-0.0006745541042116,7.432105117571858e-08
-151996490032255.38,32296905442.234066
-0.0006745541008999345,7.432105047204082e-08
-0.0006745528378507236,7.432078209360054e-08
-0.0006745541042116,7.432105117571858e-08
-0.0006745541042116,7.432105117571858e-08
-0.0006745541042116,7.432105117571858e-08
1.6926153942918473e+22,-3.596546165089597e+18
-0.0006745541042116,7.432105117571858e-08
-0.0006745541042116,7.432105117580245e-08
-0.0006745541042116,7.432105117571858e-08
-0.0006745541042116,7.432105117571858e-08
-0.0006745541042116,7.432105117571858e-08
-0.0006745541042116,7.432105117571858e-08
5.84860301773108e+35,-1.2427377669782236e+32
-0.0006745541006015057,7.432105040862932e-08
-0.0006745541042115999,7.432105119317969e-08
-0.0006745541042116,7.432105117571858e-08
-0.0006745541042116,7.432105117571858e-08
-0.0006745541042116,7.432105117571858e-08
-0.0006745541042116,7.432105117571858e-08
-0.0006745541042116,7.432105117571858e-08
-0.0006745528964026633,7.432079453498294e-08
-0.0006745541042116,7.432105117571858e-08
-0.0006745541042116,7.432105117571858e-08
1.0405123099582232e+22,-2.2109278757177085e+18
-0.0006725421539564351,7.389354283572786e-08
0.00011124465838117015,3.6979491618978564
-0.0006745540969212935,7.558735660341663e-08
-0.0006745541042116,7.43210511899271e-08
-0.0006745541042116,7.432105117571858e-08
-0.0006745541042116,7.432105117571858e-08
-0.0006745541042116,7.432105117571858e-08
501550023395633.25,2.3604070450899845e+18
-0.0006745541042116,7.432105117571858e-08
-0.000674553121651811,7.432084239696101e-08
-0.0006745541042116,7.432105117571858e-08
-0.0006745541042116,7.432105117571858e-08
0.13801274046678036,-2.9394586009346277e-05
-0.0001633245536450524,-3.4307328654174784e-08
-3.2186439114224515e+26,6.839120957693132e+22
-0.0006745540983272303,7.432104992538095e-08
-0.0006745541042116,7.432105117571858e-08
-0.0006745541042116,7.432105117571858e-08
-0.0006745541042116,7.432105117571858e-08
-0.0006745541042116,7.432105117571858e-08
-0.0006745541042116,7.432105117571858e-08
-0.0006745541042116,7.432105117571858e-08
-0.0006745541036177875,7.711566631854498e-08
-0.0006745541042116,7.432105117571858e-08
-0.0006745541042116,7.432105117571858e-08
-0.0006409333200091983,6.717715405069906e-08
-0.0006745541042116,7.432105117571858e-08
0.00011175487869472108,3.7005467322673935
-0.0006745540831752212,7.432104670581315e-08
-0.0006745540846153261,1.6654551715610665e-07
-0.0006745541042116,7.432105117571858e-08
-0.0006745541042116,7.432105117571858e-08
-0.0006745541042116,7.432105117571858e-08
-0.0006745541042116,7.432105117571861e-08
-0.0006745541042116,7.432105117571858e-08
-0.0006745541042115953,7.432105117571757e-08
-0.0006745541042115999,7.432105117571857e-08
-0.0006745541042116,7.432105117571858e-08
-0.0006745539823249353,7.432102527668577e-08
-0.0006745541042116,7.432105117571858e-08
89128.9590374567,-15.23669066394649
-0.0006745541042115967,7.432105117571785e-08
-0.0006745541042116,7.432105117752175e-08
-0.0006745541042116,7.432105117571858e-08
-0.0006745541042116,7.432105117571858e-08
-0.0006745541042116,7.432105117571858e-08
-0.0006745541042116,7.432105117571858e-08
-0.0006745541042116,7.432105117571858e-08
-0.0006745541042115973,7.432105117571801e-08
-0.0006745541042116,7.432105117571858e-08
-0.0006745541042116,7.432105117571858e-08
-0.0006745535257297395,7.43209282572621e-08
-0.0006745541042116,7.432105117571858e-08
-3.2186439114224515e+26,6.839120957693132e+22
-0.0006745541030957788,7.432105093862383e-08
-0.0006745541042116,7.432105117792832e-08
-0.0006745541042116,7.432105117571858e-08
-0.0006745541042116,7.432105117571858e-08
-0.0006745541042116,7.432105117571858e-08
-0.0006745541042116,7.432105118276851e-08
-0.0006745541042116,7.432105117571858e-08
-0.0006745541042115985,7.432105117571826e-08
-0.0006745541042116,7.432105117571858e-08
-0.0006745541042116,7.432105117571858e-08
-0.0006745541042096154,7.432105117529689e-08
2.132845923286849e+18,1.0037651896282542e+22
0.00011258489644048932,3.7044529821792103
-0.0006745541032520981,7.432105097183926e-08
-0.0006745541042116,7.432105117571858e-08
-0.0006745541042116,7.432105117571858e-08
-0.0006745541042116,7.432105117571858e-08
-0.0006745540757128258,2.084426828352338e-07
-0.0006745541042116,7.432105117571863e-08
-0.0006745541042116,7.432105117571858e-08
-0.0006745541042116,7.432105117571858e-08
-0.0006745541042116,7.432105117571858e-08
-0.0006745541042116,7.432105117571858e-08
-0.0006745541042116,7.432105117571858e-08
2.1487716463439293e+18,1.0112601925489162e+22
1.9023205152481382e+17,-40421371428851.86
-0.0006745540687326962,7.432104363699976e-08
-0.0006745541042116,7.43210511757248e-08
-0.0006745541042116,7.432105117571858e-08
-0.0006745541042116,7.432105117571858e-08
-0.0006745541042116,7.432105117571858e-08
-0.0006745541042116,7.432105117571858e-08
-0.0006745541042116,7.432105117571858e-08
-0.0006745541042115994,7.432105117571845e-08
-0.0006745541042116,7.432105117571858e-08
-0.0006745541042116,7.432105117571858e-08
-0.0006745541042115996,7.432105117571847e-08
2.054755836820869e+18,9.67014241238688e+21
0.00011313273652244346,3.707031240635411
-0.0006745541042115993,7.432105117642669e-08
-0.0006745541042116,7.432105117571858e-08
-0.0006745541042116,7.432105117571858e-08
-0.0006745541042116,7.432105117571858e-08
2338746.335576048,11006665479.526274
-0.0006745541042116,7.432105117572165e-08
-0.0006745541042116,7.432105117571858e-08
-0.0006745541042116,7.432105117571858e-08
-0.0006745541042116,7.432105117571858e-08
-0.0006745541042116,7.432105117571858e-08
-0.0006745541042116,7.432105117571858e-08
-0.0006745541042116,7.43210511757186e-08
0.0001134107600446843,3.7083396817679826
-0.0006745540804467511,7.43210461260554e-08
-0.0006745541042116,7.432105117571858e-08
-0.0006745541042116,7.432105117571858e-08
-0.0006745541042116,7.432105117571858e-08
2.2579052778475366e+18,1.0626209303898492e+22
1.490153935703675e+22,7.012999070940021e+25
-0.0006745541042116,7.432105117571858e-08
-0.0006745541042116,7.432105117571858e-08
-0.0006745541042116,7.432105117571858e-08
-0.0006745541042116,7.432105117571858e-08
-0.0006745541042116,7.432105117571858e-08
-0.0006745541042116,7.432105117571858e-08
1.9023205152481382e+17,-40421371428851.85
-0.0006745541042115998,7.432105117571853e-08
-0.0006745541042116,7.432105117572409e-08
-0.0006745541042116,7.432105117571858e-08
-0.0006745541042116,7.432105117571858e-08
-0.0006745541042116,7.432105117571858e-08
3.609942174889047e+28,1.698919857342739e+32
-0.0006745541042116,7.432105117571858e-08
-0.0006745541042116,7.432105117571858e-08
-0.0006745541042116,7.432105117571858e-08
-0.0006745541042116,7.432105117571858e-08
-0.0006745541042116,7.432105117571858e-08
9.965002080533671e+21,-2.1174089600459837e+18
0.0001139627542682117,3.710937490547228
-0.0006745540797403924,1.870295967925095e-07
-0.0006744530337161328,7.429957525720782e-08
-0.0006745541042116,7.432105117571858e-08
-0.0006745541042116,7.432105117571858e-08
-0.0006745541042116,7.432105117571858e-08
-0.0006745541042116,7.432105117571858e-08
-0.0006745541042116,7.432105117571858e-08
-0.000674554080262312,1.8703177826965738e-07
-0.0006745541042116,7.432105117571858e-08
-0.0006745541042116,7.432105117571858e-08
-0.0006745541042116,7.432105117571858e-08
-0.0006745541042116,7.432105117571858e-08
6.418779709032782e-05,3.7122263919913565
-0.0006745541038207344,7.432105109266568e-08
-0.0006745541042116,7.432105117572769e-08
-0.0006745541042116,7.432105117571858e-08
-0.0006745541042116,7.432105117571858e-08
-0.0006745541042116,7.432105117571858e-08
-0.0006745541042116,7.432105117571902e-08
-0.0006745541042116,7.432105117571858e-08
-0.0006745541042116,7.432105117571858e-08
-0.0006745541042116,7.432105117571858e-08
-0.0006745541042116,7.432105117571858e-08
-0.0006745541042116,7.432105117571858e-08
3.7008874144892303e+18,1.7417207294903085e+22
1.9023205152481382e+17,-40421371428851.85
-0.0006745541037585618,7.432105107945497e-08
-0.0006745541042116,7.432105117572401e-08
-0.0006745541042116,7.432105117571858e-08
-0.0006745541042116,7.432105117571858e-08
-0.0006745541042116,7.432105117571858e-08
-0.0006745541041102796,7.479788806824998e-08
-0.0006745541042116,7.432105117571858e-08
-0.0006745541042116,7.432105117571858e-08
-0.0006745541042116,7.432105117571858e-08
-0.0006745541042116,7.432105117571858e-08
-0.0006745541042116,7.432105117571858e-08
-0.0006745541042115981,7.432105117571817e-08
0.00011478446375816505,3.714804639812955
-0.0006745541042115999,7.432105117571857e-08
-0.0006745541042116,7.432105117571858e-08
-0.0006745541042116,7.432105117571858e-08
-0.0006745541042116,7.432105117571858e-08
-0.0006745541042116,7.432105117571858e-08
-0.0006745540977276697,1.0483588381368454e-07
-0.0006745541042116,7.432105117571858e-08
-0.0006745541042116,7.432105117571858e-08
-0.0006745541042116,7.432105117571858e-08
-0.0006745541042116,7.432105117571858e-08
-0.0006745541042116,7.432105117571858e-08
-0.0006745541042116,7.432105117572166e-08
-107374181.57592984,22819.070521370835
-0.000674554094943978,7.43210492064921e-08
-0.0006745541042115998,7.432105199121224e-08
-0.0006745541042116,7.432105117571858e-08
-0.0006745541042116,7.432105117571858e-08
-0.0006745541042116,7.432105117571858e-08
2.0549615800621537e+18,9.671110686284907e+21
-0.0006745541042116,7.432105117571858e-08
-0.0006745541042116,7.432105117571858e-08
-0.0006745541042115999,7.432105117571857e-08
-0.0006745541042116,7.432105117571858e-08
-0.0006745541042116,7.432105117571858e-08
-0.0006745541042116,7.432105117571858e-08
4.056481738486466e+29,-8.619396875102467e+25
-0.0006745540976166915,7.432104977440243e-08
-0.0006745541042116,7.432105117571858e-08
-0.0006745541042116,7.432105117571858e-08
-0.0006745541042116,7.432105117571858e-08
-0.0006745541042116,7.432105117571858e-08
-0.0006745541042116,7.432105117571858e-08
-0.0006745541042116,7.432105117571858e-08
-0.0006745541042116,7.432105117571858e-08
-0.0006745541042116,7.432105117571858e-08
-0.0006745541042116,7.432105117571858e-08
2.431946767536232e+18,-516751108963171.3
-0.0006745424517443391,5.4913448819914056e-05
0.00011561448150393329,3.718710889724772
-0.0006745541042116,7.432105117571858e-08
-0.0006745541042116,7.432105117571858e-08
-0.0006745541042116,7.432105117571858e-08
-0.0006745541042116,7.432105117571858e-08
-0.0006745541042116,7.432105117571858e-08
-0.000674527482784607,0.00012536073495556093
-0.0006745541042116,7.432105117571858e-08
-0.0006745541042116,7.432105117571858e-08
-0.0006745541042116,7.432105117571858e-08
-0.0006745541042116,7.432105117571858e-08
-0.0006745541042116,7.432105117571858e-08
0.00013226225439799666,3.7970590477461137
-2.3021535239857085e+20,4.8917205031107416e+16
-0.0006745541042116,7.432105117573155e-08
-0.0006745541042116,7.432105117576666e-08
-0.0006745541042116,7.432105117571858e-08
-0.0006745541042116,7.432105117571858e-08
-0.0006745541042116,7.432105117571858e-08
-0.000674554066997564,2.494586618550734e-07
-0.0006745541042116,7.432105121996186e-08
-0.0006745541042116,7.432105117571858e-08
-0.0006745541042116,7.432105117571858e-08
-0.0006745541042116,7.432105117571858e-08
-0.0006745541042116,7.432105117571858e-08
-0.0006745541042116,7.432105117571948e-08
0.00011616642503988969,3.7213084600854436
-0.0006745541019657479,7.432105069852072e-08
-0.0006745541042115003,7.43210511757353e-08
-0.0006745541042116,7.432105117571858e-08
-0.0006745541042116,7.432105117571858e-08
-0.0006745541042116,7.432105117571858e-08
-0.0006745540733286989,2.1966291976574536e-07
-0.0006745541042116,7.432105122147975e-08
-0.0006745541042116,7.432105117571858e-08
-0.0006745541042116,7.432105117571858e-08
-0.0006745541042116,7.432105117571858e-08
-0.0006745541042116,7.432105117571858e-08
2.591747371228536e+18,1.219734516753398e+22
0.00011644449924970142,3.722617139636589
-0.0006745541015109993,7.432105060188265e-08
-0.000674554104211592,7.432105117573414e-08
-0.0006745541042116,7.432105117571858e-08
-0.0006745541042116,7.432105117571858e-08
-0.0006745541042116,7.432105117571858e-08
5.332739813121607e+17,2.5097071154146574e+21
-0.0006745541042116,7.432105117572684e-08
-0.0006745541042116,7.432105117571858e-08
-0.0006745541042116,7.432105117571858e-08
-0.0006745541042116,7.432105117571858e-08
-0.0006745541042116,7.432105117571858e-08
9.962119776837223e+21,-2.1167965150486707e+18
-2.3021535239857085e+20,4.8917205031107416e+16
-0.0006745541042116,7.432105117572522e-08
-0.0006745541042116,7.432105117573563e-08
-0.0006745541042116,7.432105117571858e-08
-0.0006745541042116,7.432105117571858e-08
-0.0006745541042116,7.432105117571858e-08
-0.0006745541042116,7.432105117571903e-08
-0.0006745541042115999,7.432105121779345e-08
-0.0006745541042116,7.432105117571858e-08
-0.0006745541042116,7.432105117571858e-08
-0.0006745541042116,7.432105117571858e-08
-0.0006745541042116,7.432105117571858e-08
-0.0006745541042116,7.432105117571858e-08
0.00011699228864410808,3.725195159674216
-0.0006745541027120874,7.432105085710011e-08
-0.0006745541042116,7.432105117574145e-08
-0.0006745541042116,7.432105117571858e-08
-0.0006745541042116,7.432105117571858e-08
-0.0006745541042116,7.432105117571858e-08
-0.0006745540972165184,1.0724147592928602e-07
-0.0006745541042115999,7.432105121952818e-08
-0.0006745541042116,7.432105117571858e-08
-0.0006745541042116,7.43210511757186e-08
-0.0006745541042116,7.432105117571858e-08
-0.0006745541042116,7.432105117571858e-08
-0.0006745541042116,7.432105117571904e-08
0.05886726888754314,3.726491355758496
-0.0006745541042116,7.432105117571858e-08
-0.0006745541042116,7.432105117571858e-08
-0.0006745541042116,7.432105117571858e-08
-0.0006745541042116,7.432105117571858e-08
-0.000674554074918137,2.121826670730417e-07
-0.0005266823325792279,4.290058466128878e-08
-0.0006745541042116,7.432105120478303e-08
-0.0006745541042116,7.432105117571858e-08
-0.0006745541042116,7.432105117571858e-08
-0.0006745541042116,7.432105117571858e-08
-0.0006745541042116,7.432105117571858e-08
-0.0001626240826694327,-3.44561679126157e-08
-4.9326818423565744e+32,1.048118670287582e+29
-0.0006745541042116,7.432105117572086e-08
-0.0006745541042116,7.432105117573594e-08
-0.0006745541042116,7.432105117571858e-08
-0.0006745541042116,7.432105117571858e-08
-0.0006745541042116,7.432105117571858e-08
-0.0006745541042116,7.432105121584596e-08
-0.0006745541042115999,7.432105120434934e-08
-0.0006745541042116,7.432105117571858e-08
-0.0006745541042116,7.432105117571861e-08
-0.0006745541042116,7.432105117571858e-08
-0.0006745541042116,7.432105117571858e-08
-0.0006745541042116,7.432105117571904e-08
0.00011782230638987621,3.7291014095860326
-0.0006745541030886749,7.432105093711635e-08
-0.0006745541042116,7.432105117571858e-08
-0.0006745541042116,7.432105117571858e-08
-0.0006745541042116,7.432105117571858e-08
-0.0006745541042116,7.432105117571906e-08
-0.0006745541042116,7.432105117572869e-08
-0.0006745541042116,7.432105120033389e-08
-0.0006745541042116,7.432105117571858e-08
-0.0006745541042116,7.432105117571862e-08
-0.0006745541042116,7.432105117571858e-08
-0.0006745541042116,7.432105117571858e-08
-0.0006745541042116,7.432105117571858e-08
126443836633.55058,-26867357.707845308
-0.0006745541030389361,7.432105092654561e-08
-0.0006745541042116,7.432105117571858e-08
-0.0006745541042116,7.432105117571858e-08
-0.0006745541042116,7.432105117571858e-08
-0.0006745541042116,7.432105117571857e-08
7.787566987697746e+26,3.665003912754675e+30
-0.0006745541042116,7.4321051175721e-08
-0.0006745541042116,7.432105117571858e-08
-0.0006745541042116,7.432105117571858e-08
-0.0006745541042116,7.432105117571858e-08
-0.0006745541042116,7.432105117571858e-08
-0.0006745541042116,7.432105117571858e-08
0.00011837014647183045,3.7316796680422333
-0.0006745541042116,7.432105117571981e-08
-0.0006745541042116,7.432105117571858e-08
-0.0006745541042116,7.432105117571858e-08
-0.0006745541042116,7.432105117571858e-08
-0.0006745541042116,7.432105117571858e-08
5.3068957107984723e+17,2.497544300470587e+21
-0.0006745541042116,7.4321051198816e-08
-0.0006745541042116,7.432105117571858e-08
-0.0006745541042116,7.432105117571858e-08
-0.0006745541042116,7.432105117571858e-08
-0.0006745541042116,7.432105117571858e-08
-0.0006745541042116,7.432105117571858e-08
-71.67988004299534,3.7481994509528715
-0.0006745541042116,7.432105117571967e-08
-0.0006745541042116,7.432105117573107e-08
-0.0006745541042116,7.432105117571858e-08
-0.0006745541042116,7.432105117571858e-08
-0.0006745541042116,7.432105117571858e-08
-0.0006745541025533374,8.212520743174167e-08
-0.0006745541042116,7.432105119903283e-08
-0.0006745541042116,7.432105117571858e-08
-0.0006745541042116,7.432105117571858e-08
-0.0006745541042116,7.432105117571858e-08
-0.0006745541042116,7.432105117571858e-08
29.59273831266421,139273.2468560029
2.7200829606698806e+23,-5.779755976410557e+19
-0.0006745541042116,7.432105117571858e-08
-0.0006745541042116,7.432105117571858e-08
-0.0006745541042116,7.432105117571858e-08
-0.0006745541042116,7.432105117571858e-08
2053775.2576566413,9665527589.802248
7.229468350754992e+23,-1.5361503127190195e+20
-0.0006745541042116,7.432105117571858e-08
-0.0006745541042116,7.432105117571858e-08
-0.0006745541042116,7.432105117571858e-08
-0.0006745541042116,7.432105117571858e-08
1.0649265481670325e+22,-2.262804359353386e+18
-0.0006745541042116,7.432105117571858e-08
0.00011920016421759869,3.7355859179540505
-0.0006745541042116,7.432105117571858e-08
-0.0006745541042116,7.432105117573129e-08
-0.0006745541042116,7.432105117571858e-08
-0.0006745541042116,7.432105117571858e-08
-0.0006745541042116,7.432105117571858e-08
-0.0006745541042114912,7.432156368766914e-08
-0.0006745541042116,7.432105117571858e-08
-0.0006745541042116,7.432105117571858e-08
-0.0006745541042116,7.432105117571858e-08
-0.0006745541042116,7.432105117571858e-08
-0.0006745541042116,7.432105117571858e-08
-0.0006745541042116,7.432105117571858e-08
-71.6798792129776,3.7521057008646883
-0.0006745541042116,7.432105117571919e-08
-0.0006745541042116,7.432105117571858e-08
-0.0006745541042116,7.432105117571858e-08
-0.0006745541042116,7.432105117571858e-08
-0.000674554104211573,7.432117820280735e-08
-0.0006745541042116,7.432105117571858e-08
-0.0006745541042116,7.432105119361183e-08
-0.0006745541042116,7.432105117571858e-08
-0.0006745541042116,7.432105117571857e-08
-0.0006745541042116,7.432105117571858e-08
-0.0006745541042116,7.432105117571858e-08
9.964279673236341e+21,1.018403566558507e+22
5.84860301773108e+35,-1.2427377669782236e+32
-0.0006745541042116,7.432105117571907e-08
-0.0006745541042116,7.432105117571858e-08
-0.0006745541042116,7.432105117571858e-08
-0.0006745541042116,7.432105117571858e-08
-0.0006745541042116,7.432105117571857e-08
-0.0006745541042115996,7.43210530685206e-08
-0.0006745541042116,7.432105119317815e-08
-0.0006745541042116,7.432105117571858e-08
-0.0006745541042116,7.43210511757186e-08
-0.0006745541042116,7.432105117571858e-08
-0.0006745541042116,7.432105117571858e-08
-0.0006745541042116,7.43210511757187e-08
0.00012002602782181708,3.7394726175428223
-0.0006745541042116,7.432105117571898e-08
-0.0006745541042116,7.432105117571858e-08
-0.0006745541042116,7.432105117571858e-08
-0.0006745541042116,7.432105117571858e-08
-0.0006745541042116,7.432105117571858e-08
-0.0006745541042116,7.432105117571858e-08
-0.0006745541042116,7.432105119231079e-08
-0.0006745541042116,7.432105117571858e-08
-0.0006745541042116,7.432105117571858e-08
-0.0006745541042116,7.432105117571858e-08
-0.0006745541042116,7.432105117571858e-08
2.1354973794998254e+18,1.005013024466838e+22
-71.67987838295984,3.7560119507765055
-0.0006745541042116,7.432105117571892e-08
-0.0006745541042116,7.432105117571858e-08
-0.0006745541042116,7.432105117571858e-08
-0.0006745541042116,7.432105117571858e-08
-0.0006745541042116,7.432105117571858e-08
-0.0006745541042116,7.43210511757187e-08
-0.0006745541042116,7.432105119122659e-08
-0.0006745541042116,7.432105117571858e-08
-0.0006745541042116,7.432105117571858e-08
-0.0006745541042116,7.432105117571858e-08
-0.0006745541042116,7.432105117571858e-08
-0.0006745541042116,7.432105117571858e-08
5.84860301773108e+35,-1.2427377669782236e+32
-0.0006745541042116,7.432105117571887e-08
-0.0006745541042116,7.432105117574187e-08
-0.0006745541042116,7.432105117571858e-08
-0.0006745541042116,7.432105117571858e-08
-0.0006745541042116,7.432105117571858e-08
-0.0006745541042116,7.432105117571858e-08
-0.0006745541042116,7.4321051180734e-08
-0.0006745541042116,7.432105117571858e-08
-0.0006745541042116,7.432105117571858e-08
-0.0006745541042116,7.432105117571858e-08
-0.0006745541042116,7.432105117571858e-08
2.149081457388045e+18,1.0114059965835608e+22
0.00012085604556758521,3.7433788674546395
-0.0006745541040161672,7.432105113419234e-08
-0.0006745541042116,7.432105117575184e-08
-0.0006745541042116,7.432105117571858e-08
-0.0006745541042116,7.432105117571858e-08
-0.0006745541042116,7.432105117571858e-08
-0.0006745541042115984,7.432105900540552e-08
-0.0006745541042116,7.4321051185641e-08
-0.0006745541042116,7.432105117571858e-08
-0.0006745541042116,7.432105117571858e-08
-0.0006745541042116,7.432105117571858e-08
-0.0006745541042116,7.432105117571858e-08
-0.0006745541042116,7.432105117571904e-08
-151996490032255.38,32296905442.283382
-0.0006745541042116,7.432105117571858e-08
-0.0006745541042116,7.432105117571858e-08
-0.0006745541042116,7.432105117571858e-08
-0.0006745541042116,7.432105117571858e-08
-0.0006745541042116,7.432105117574971e-08
-0.0006745540973650059,1.0654266071715527e-07
-0.0006745541042116,7.432105117571858e-08
-0.0006745541042116,7.432105117571858e-08
-0.0006745541042116,7.432105117571858e-08
-0.0006745541042116,7.432105117571858e-08
-0.0006745541042116,7.432105117571858e-08
-0.0006745541042116,7.432105117571858e-08
0.00012140383498927669,3.7459568874922664
-0.0006745541042116,7.432105117571858e-08
-0.0006745541042116,7.432105117571858e-08
-0.0006745541042116,7.432105117571858e-08
-0.0006745541042116,7.432105117571858e-08
1.971346762684975,9280.775181187293
-0.0006745541042116,7.43210511757187e-08
-0.0006745541042116,7.43210511812761e-08
-0.0006745541042116,7.432105117572131e-08
-0.0006745541042116,7.432105117571858e-08
-0.0006745541042116,7.432105117571858e-08
-0.0006745541042116,7.432105117571858e-08
-0.0006745541042116,7.432105117571858e-08
89128.95904710566,-15.191280508721617
-0.0006745541041440817,7.432105116137196e-08
-0.0006745541042116,7.432105117571858e-08
-0.0006745541042116,7.432105117571858e-08
-0.0006745541042116,7.432105117571858e-08
-0.0006745541042116,7.432105117571858e-08
-0.0006745541042116,7.432105117572578e-08
-0.0006745541042116,7.432105118095084e-08
-0.0006745541042116,7.432105117571858e-08
-0.0006745541042116,7.432105117571858e-08
-0.0006745541042116,7.432105117571858e-08
-0.0006745541042116,7.432105117571858e-08
-0.0006745541042116,7.432105117571858e-08
-3.2186439114224515e+26,6.839120957693132e+22
-0.0006745541042116,7.432105117571858e-08
-0.0006745541042116,7.432105117571858e-08
-0.0006745541042116,7.432105117571858e-08
-0.0006745541042116,7.432105117571858e-08
-0.0006745541042116,7.432105117571858e-08
-0.0006745541042116,7.432105120586538e-08
-0.0006745541042116,7.432105118038163e-08
-0.0006745541042116,7.432105117572021e-08
-0.0006745541042116,7.432105117571858e-08
-0.0006745541042116,7.432105117571858e-08
-0.0006745541042116,7.432105117571858e-08
-0.0006745541042116,7.432105117571903e-08
0.00012223385273504492,3.749863137404083
-0.0006745541042116,7.432105117571858e-08
-0.0006745541042116,7.43210511757186e-08
-0.0006745541042116,7.432105117571858e-08
-0.0006745541042116,7.432105117571858e-08
-0.0006745541042116,7.432105117571858e-08
-0.0006745541042116,7.432105117571858e-08
-0.0006745541042116,7.432105117986663e-08
-0.0006745541042116,7.432105117572026e-08
-0.0006745541042116,7.432105117571858e-08
-0.0006745541042116,7.432105117571858e-08
-0.0006745541042116,7.432105117571858e-08
-0.0006745541042116,7.432105117571858e-08
0.00012238321608961007,3.7505662337779886
-0.0006745541042116,7.432105117571867e-08
-0.0006745541042116,7.432105117571858e-08
-0.0006745541042116,7.432105117571858e-08
-0.0006745541042116,7.432105117571858e-08
-0.0006745541042116,7.432105117571858e-08
-0.0006745541042116,7.432105117571858e-08
-0.0006745541042116,7.432105117951427e-08
-0.0006745541042116,7.432105117571858e-08
-0.0006745541042116,7.432105117571858e-08
-0.0006745541042116,7.432105117571858e-08
-0.0006745541042116,7.432105117571858e-08
-0.0006745541042116,7.432105117571858e-08
0.00012252231227144646,3.751220692762841
-0.0006745541042116,7.432105117571867e-08
-0.0006745541042116,7.43210511757186e-08
-0.0006745541042116,7.432105117571858e-08
-0.0006745541042116,7.432105117571858e-08
-0.0006745541042116,7.432105117571858e-08
-0.0006745541042116,7.43210511757204e-08
-0.0006745541042116,7.432105117891747e-08
-0.0006745541042116,7.432105117572035e-08
-0.0006745541042116,7.432105117571858e-08
-0.0006745541042116,7.432105117571858e-08
-0.0006745541042116,7.432105117571858e-08
1.0183768931094193e+22,-2.1638935353420365e+18
126443836633.55058,-26867357.686360933
-0.0006745541041156601,7.432105115533289e-08
-0.0006745541042116,7.432105117571861e-08
-0.0006745541042116,7.432105117571858e-08
-0.0006745541042116,7.432105117571858e-08
-0.0006745541042116,7.432105117571858e-08
-0.0006745541042116,7.432105117572583e-08
-0.0006745541042116,7.432105117876839e-08
-0.0006745541042116,7.43210511757199e-08
-0.0006745541042116,7.432105117571858e-08
-0.0006745541042116,7.432105117571858e-08
-0.0006745541042116,7.432105117571858e-08
-0.0006745541042116,7.432105117571858e-08
0.0001227982249624942,3.752519358733897
-0.0006745541042116,7.432105117571858e-08
-0.0006745541042116,7.432105117571874e-08
-0.0006745541042116,7.432105117571858e-08
-0.0006745541042116,7.432105117571858e-08
-0.0006745541042116,7.432105117571858e-08
-0.0006745541042116,7.432105117616253e-08
-0.0006745541042116,7.432105117870063e-08
-0.0006745541042116,7.432105117571858e-08
-0.0006745541042116,7.432105117571858e-08
-0.0006745541042116,7.432105117571858e-08
-0.0006745541042116,7.432105117571858e-08
-0.0006745469581361208,3.370535707762445e-05
0.00012293732114433058,3.7531738177187495
-0.0006745541042116,7.432105117571858e-08
-0.0006745541042116,7.432105117572144e-08
-0.0006745541042116,7.432105117571858e-08
-0.0006745541042116,7.432105117571858e-08
-0.0006745541042116,7.432105117571858e-08
-0.0006745541042115995,7.432105374392539e-08
-0.0006745541042116,7.432105117823935e-08
-0.0006745541042116,7.432105117571858e-08
-0.0006745541042116,7.432105117571858e-08
-0.0006745541042116,7.432105117571858e-08
-0.0006745541042116,7.432105117571858e-08
2.2115422346056381e+18,1.0408014410477734e+22
1.9023205152481382e+17,-40421371428851.81
-0.0006745541042116,7.432105117571863e-08
-0.0006745541042116,7.432105117571869e-08
-0.0006745541042116,7.432105117571858e-08
-0.0006745541042116,7.432105117571858e-08
-0.0006745541042116,7.432105117571858e-08
-0.0006745541042116,7.432105117572589e-08
-0.0006745541042116,7.432105117775195e-08
-0.0006745541042116,7.432105117571858e-08
-0.0006745541042116,7.432105117571858e-08
-0.0006745541042116,7.432105117571858e-08
-0.0006745541042116,7.432105117571858e-08
1.1439820632383778e+22,1.0552868694921832e+22
7.31623639664467e-05,3.7544627191628783
-0.0006745541041598553,7.432105116472367e-08
-0.0006745541042116,7.432105117571973e-08
-0.0006745541042116,7.432105117571858e-08
-0.0006745541042116,7.432105117571858e-08
-0.0006745541042116,7.432105117571858e-08
-0.0006745541042116,7.432105117572589e-08
-0.0006745541042116,7.432105117791458e-08
-0.0006745541042116,7.432105117571858e-08
-0.0006745541042116,7.432105117571858e-08
-0.0006745541042116,7.432105117571858e-08
-0.0006745541042116,7.432105117571858e-08
-0.0006745541042116,7.43210511757186e-08
0.00012334817587566485,3.755107392351613
-0.0006745541041660725,7.432105116604468e-08
-0.0006745541042116,7.432105117571873e-08
-0.0006745541042116,7.432105117571858e-08
-0.0006745541042116,7.432105117571858e-08
-0.0006745541042116,7.432105117571858e-08
-0.0006745541042023251,7.432105117374825e-08
-0.0006745541042116,7.432105117813142e-08
-0.0006745541042116,7.432105117571858e-08
-0.0006745541042116,7.432105117571858e-08
-0.0006745541042116,7.432105117571858e-08
-0.0006745541042116,7.432105117571858e-08
647217.0472146238,-137.52362161885807
2.7200829606698806e+23,-5.779755976410557e+19
-0.000674554104163186,7.432105116543134e-08
-0.0006745541042116,7.432105117571869e-08
-0.0006745541042116,7.432105117571858e-08
-0.0006745541042116,7.432105117571858e-08
-0.0006745541042116,7.432105117571858e-08
-0.0006745541042116,7.43210511757187e-08
-0.0006745541042116,7.432105117803655e-08
-0.0006745541042116,7.432105117571858e-08
-0.0006745541042116,7.432105117571858e-08
-0.0006745541042116,7.432105117571858e-08
-0.0006745541042116,7.432105117571858e-08
-0.0006745541042116,7.432105117571858e-08
7.357737283933082e-05,3.7564158441187865
-0.0006745541042116,7.432105117571863e-08
-0.0006745541042116,7.432105117571863e-08
-0.0006745541042116,7.432105117571858e-08
-0.0006745541042116,7.432105118249484e-08
-0.0006745541042116,7.432105117571858e-08
-0.0006745541042116,7.432105117571858e-08
-0.0006745541042116,7.432105117788747e-08
-0.0006745541042116,7.432105117571858e-08
-0.0006745541042116,7.432105117571858e-08
-0.0006745541042116,7.432105117571858e-08
-0.0006745541042116,7.432105117571858e-08
-0.0006745541042116,7.432105117571858e-08
0.00012376318474854897,3.7570605173075218
-0.0006745541041485227,7.432105118931653e-08
-0.0006745541042115821,7.432105117571478e-08
-0.0006745541042116,7.432105117571858e-08
-0.0006745541042116,7.432105117795475e-08
-0.0006745541042116,7.432105117571858e-08
-0.0006745541042116,7.432105117571858e-08
-0.0006745541042116,7.432105117783326e-08
-0.0006745541042115788,7.432105119501756e-08
-0.0006745541042116,7.432105117571858e-08
-0.0006745541042116,7.432105117571858e-08
-0.0006745541042116,7.432105117571858e-08
-0.0006745541042116,7.432105117571858e-08
4.056481738486466e+29,-8.619396875102467e+25
-0.0006745541042115716,7.432105120141241e-08
-0.0006745541042115761,7.432105117571348e-08
-0.0006745541042116,7.432105117571858e-08
-0.0006745541042116,7.432105117571858e-08
-0.0006745541042116,7.432105117575416e-08
2.085684787657827e+18,9.815701000857347e+21
-0.0006745541042116,7.432105117767063e-08
-0.0006745541042116,7.432105117571858e-08
-0.0006745541042116,7.432105117571858e-08
-0.0006745541042116,7.432105117571858e-08
-0.0006745541042116,7.432105117571858e-08
8.512343925847337e+17,-180874154906517.4
-71.67987464787998,3.773590075379682
-0.0006745541042116,7.432105117571858e-08
-0.0006745541042116,7.432105117571858e-08
-0.0006745541042116,7.432105117571858e-08
-0.0006745541042116,7.432105117571858e-08
-0.0006745541042116,7.432105117571858e-08
-0.0006745541042116,7.43210511757186e-08
-0.0006745541042116,7.432105117571862e-08
-0.0006745541042116,7.432105117571858e-08
-0.0006745541042116,7.432105117571858e-08
-0.0006745541042116,7.432105117571858e-08
-0.0006745541042116,7.432105117571858e-08
-0.0006745541042116,7.432105117571858e-08
0.00012417611655065816,3.7590038671019075
-0.0006745541042116,7.432105117571858e-08
-0.0006745541042116,7.432105117571858e-08
-0.0006745541042116,7.432105117571858e-08
-0.0006745541042116,7.432105117571911e-08
-0.0006745541042116,7.432105117571858e-08
-0.0006745541042116,7.432105117571858e-08
-0.0006745541042116,7.432105117571858e-08
-0.0006745541042116,7.432105117571858e-08
-0.0006745541042011055,7.432105117348866e-08
-0.0006745541042115993,7.432105461836999e-08
-0.0006745541042116,7.432105117571858e-08
-0.0006745541042116,7.432105117571858e-08
4.056481738486466e+29,-8.619396875102467e+25
-0.0006745541041818377,7.432105116939454e-08
-0.0006745541042116,7.432105117571858e-08
-0.0006745541042116,7.432105117571858e-08
-0.0006745541042116,7.432105117571858e-08
-0.0006745541042116,7.432105117571858e-08
-0.0006745541042116,7.43210511757186e-08
-0.0006745541042116,7.432105117672848e-08
-0.0006745541042116,7.432105117571858e-08
-0.0006745541042032704,7.432105117394868e-08
-0.0006745541042116,7.432105117571858e-08
-0.0006745541042116,7.432105117571858e-08
-0.0006745541042116,7.432105117583548e-08
-151996490032255.38,32296905442.299007
-0.0006745541041765086,7.43210511682622e-08
-0.0006745541042116,7.432105117571858e-08
-0.0006745541042116,7.432105117571858e-08
-0.0006745541042116,7.43210511757813e-08
-0.0006745541042116,7.432105117571858e-08
-0.0006745541042116,7.432105117571858e-08
-0.0006745541042116,7.432105117658267e-08
-0.0006745541042116,7.432105117571858e-08
-0.0006745541042116,7.432105117571858e-08
-0.0006745541042116,7.432105117571858e-08
-0.0006745541042116,7.432105117571858e-08
11.81257762824914,-0.002510059225941337
0.00012458904838005217,3.7609472168962936
-0.0006745541042116,7.432105117571861e-08
-0.0006745541042116,7.432105117571858e-08
-0.0006745541042116,7.432105117571858e-08
-0.0006745541042116,7.432105117571858e-08
-0.0006745541042116,7.432105117571858e-08
-0.0006745541042116,7.432105117571858e-08
-0.0006745541042116,7.43210511766946e-08
-0.0006745541042116,7.432105117571858e-08
-0.0006745541042116,7.432105117571858e-08
-0.0006745541042116,7.432105117571858e-08
-0.0006745541042116,7.432105117571858e-08
-0.0006745541039676821,7.483775859015523e-08
5.84860301773108e+35,-1.2427377669782236e+32
-0.000674554104187504,7.432105117059858e-08
-0.0006745541042116,7.432105117571858e-08
-0.0006745541042116,7.432105117571858e-08
-0.0006745541042116,7.432105117571858e-08
-0.0006745541042116,7.432105117571858e-08
167538372921.84714,-35599315.394949414
-0.0006745541042116,7.432105117660651e-08
-0.0006745541042116,7.432105117571861e-08
-0.0006745541042116,7.432105117571858e-08
-0.0006745541042116,7.432105117571858e-08
-0.0006745541042116,7.432105117571858e-08
-0.0006721995434446591,7.382074339609126e-08
-151996490032255.38,32296905442.30096
-0.0006745541041822818,7.43210511694889e-08
-0.0006745541042116,7.432105117571858e-08
-0.0006745541042116,7.432105117571858e-08
-0.0006745541042116,7.432105117571858e-08
-0.0006745541042116,7.432105117571858e-08
-0.0006745541042116,7.432105117571858e-08
-0.0006745541042116,7.43210511765183e-08
-0.0006745541042116,7.432105117571858e-08
-0.0006745541042116,7.432105117571862e-08
-0.0006745541042116,7.432105117571858e-08
-0.0006745541042116,7.432105117571858e-08
7687.259169517803,36177971.18328812
0.0001250040572529363,3.7629003418522022
-0.0006745541042116,7.432105117571861e-08
-0.0006745541042116,7.432105117571858e-08
-0.0006745541042116,7.432105117571858e-08
-0.0006745541042116,7.432105117571858e-08
-0.0006745541042116,7.432105117571858e-08
-0.0006745541025288901,8.224026206163227e-08
-0.0006745541042116,7.432105117642343e-08
-0.0006745541042116,7.432105117571858e-08
-0.0006745541042116,7.432105117571858e-08
-0.0006745541042116,7.432105117571858e-08
-0.0006745541042116,7.432105117571858e-08
-0.0006745541042116,7.432105117571858e-08
0.00012514099191600857,3.7635447872569654
-0.0006745541042116,7.432105117571858e-08
-0.0006745541042116,7.432105117571861e-08
-0.0006745541042116,7.432105117571858e-08
-0.0006745541042116,7.432105117571858e-08
-0.0006745541042116,7.432105117571858e-08
-0.0006745536957006171,1.9968654780643057e-06
-0.0006745541042116,7.432105117616254e-08
-0.0006745541042116,7.432105117571858e-08
-0.0006745541042116,7.432105117571858e-08
-0.0006745541042116,7.432105117571858e-08
-0.0006745541042116,7.432105117571858e-08
8.874338596984204,-0.0018857288343089437
-2.3021535239857085e+20,4.8917205031107416e+16
-0.0006745541041940544,7.432105117199042e-08
-0.0006745541042116,7.432105117571858e-08
-0.0006745541042116,7.432105117571858e-08
-0.0006745541042116,7.432105117571858e-08
-0.0006745541042116,7.432105117571858e-08
-0.0006745541042116,7.432105117571874e-08
-0.0006745541042116,7.432105117617949e-08
-0.0006745541042116,7.432105117571858e-08
-0.0006745541042116,7.432105117571858e-08
-0.0006745541042116,7.432105117571858e-08
-0.0006745541042116,7.432105117571858e-08
2.148462792245675e+18,1.0111148388742242e+22
0.00012545871227745105,3.7648436916377226
-0.0006745541042116,7.432105117571862e-08
-0.0006745541042116,7.432105117571858e-08
-0.0006745541042116,7.432105117571858e-08
-0.0006745541042116,7.432105117571858e-08
-0.0006745541042116,7.432105117571858e-08
-0.0006745541042116,7.432105117571861e-08
-0.0006745541042116,7.432105117614386e-08
-0.0006745541042116,7.432105117571861e-08
-0.0006745541042116,7.432105117571858e-08
-0.0006745541042116,7.432105117571858e-08
-0.0006745541042116,7.432105117571858e-08
-0.0006745541042116,7.432105117571858e-08
0.0001255560007888927,3.765497912212874
-0.0006745541042116,7.432105117571858e-08
-0.0006745541042116,7.432105117571858e-08
-0.0006745541042116,7.432105117571858e-08
-0.0006745541042116,7.432105117571858e-08
-0.0006745541042116,7.432105117571858e-08
-0.0006745541042116,7.432105117571858e-08
-0.0006745541042116,7.432105117613369e-08
-0.0006745541042116,7.432105117571858e-08
-0.0006745541042116,7.432105117571858e-08
-0.0006745541042116,7.432105117571858e-08
-0.0006745541042116,7.432105117571858e-08
-0.0006745541042116,7.432105117571858e-08
-2.3021535239857085e+20,4.8917205031107416e+16
-0.0006745541042116,7.43210511757186e-08
-0.0006745541042116,7.432105117571858e-08
-0.0006745541042116,7.432105117571858e-08
-0.0006745541042116,7.432105117571858e-08
-0.0006745540751191568,2.1123662207429808e-07
-0.0006745541042116,7.432105117571858e-08
-0.0006745541042116,7.432105117571858e-08
-0.0006745540917605549,7.432104853006388e-08
-0.0006745541042116,7.432105117571858e-08
-0.0006745541042116,7.432105117571858e-08
-0.0006745541042115995,7.432105117571847e-08
-0.0006745541042116,7.432105117571858e-08
89128.95905125575,-15.171749259162532
-0.0006745541042116,7.432105117571858e-08
-0.0006745541042116,7.432105117571858e-08
-0.0006745541042116,7.432105117571858e-08
-0.0006745541042116,7.432105117571858e-08
-0.0006745541042116,7.432105117571858e-08
-0.0006745541042116,7.432105117571858e-08
-0.0006745541042116,7.43210511757186e-08
-0.0006745541042116,7.432105117571858e-08
-0.0006745541042116,7.432105117571858e-08
-0.0006745541042116,7.432105117571862e-08
-0.0006745541042116,7.432105117571858e-08
33386253521309.562,1.5429265922861117e+17
0.00012596685552022696,3.7674314868457373
-0.0006745541041984973,7.432105117293448e-08
-0.0006745541042116,7.432105117571858e-08
-0.0006745541042116,7.432105117571858e-08
-0.0006745541042116,7.432105117571858e-08
-0.0006745541042116,7.432105117571858e-08
-0.0006745541042043412,7.435243617018178e-08
-0.0006745541042116,7.432105117598123e-08
-0.0006745541042116,7.432105117571858e-08
-0.0006745541042116,7.432105117571858e-08
-0.0006745541042116,7.432105117571858e-08
-0.0006745541042116,7.432105117571858e-08
-0.0006745541042116,7.432105117571858e-08
-3.2186439114224515e+26,6.839120957693132e+22
-0.0006745541042026607,7.432105117381912e-08
-0.0006745541042116,7.432105117571858e-08
-0.0006745541042116,7.432105117571858e-08
-0.0006745541042116,7.432105117571858e-08
-0.0006745541042116,7.432105117571858e-08
-0.0006745541042116,7.432105117572589e-08
-0.0006745541042116,7.432105117571861e-08
-0.0006745541042116,7.432105117571858e-08
-0.0006745541042115549,7.4321051175709e-08
-0.0006745541042116,7.432105117571858e-08
-0.0006745541042116,7.432105117571858e-08
-0.0006745541042116,7.432105117571858e-08
89128.95905167075,-15.169796134206623
-0.0006745541042116,7.432105117571863e-08
-0.0006745541042116,7.432105117571858e-08
-0.0006745541042116,7.432105117571858e-08
-0.0006745541042116,7.432105117571858e-08
-0.0006745541042116,7.432105117571858e-08
-0.0006745541042116,7.432105117574914e-08
-0.0006745541042116,7.432105117571861e-08
-0.0006745541042116,7.432105117571858e-08
-0.0006745541042115603,7.432105117571015e-08
-0.0006745541042116,7.432105117571858e-08
-0.0006745541042116,7.432105117571858e-08
-0.0006745541042116,7.432105117571858e-08
0.00012638186439311108,3.769384611801646
-0.0006745541042116,7.432105117571861e-08
-0.0006745541042116,7.432105117571863e-08
-0.0006745541042116,7.432105117571858e-08
-0.0006745541042116,7.432105117571858e-08
-0.0006745541042116,7.432105117571858e-08
-0.0006745541042116,7.432105117572589e-08
-0.0006745541042116,7.432105117571861e-08
-0.0006745541042116,7.432105117571858e-08
-0.0006745541042116,7.432105117571858e-08
-0.0006745541042116,7.432105117571858e-08
-0.0006745541042116,7.432105117571858e-08
-0.0006745541042116,7.432105117571858e-08
-4.9326818423565744e+32,1.048118670287582e+29
-0.0006745541042116,7.432105117571858e-08
-0.0006745541042116,7.432105117571875e-08
-0.0006745541042116,7.432105117571858e-08
-0.0006745541042116,7.432105117571858e-08
-0.0006745541042116,7.432105117571858e-08
-0.0006745541042116,7.432105117571858e-08
-0.0006745541042116,7.432105117597445e-08
-0.0006745541042116,7.432105117571858e-08
-0.0006745541042116,7.432105117571861e-08
-0.0006745541042116,7.432105117571858e-08
-0.0006745541042116,7.432105117571858e-08
-0.0006745541042116,7.432105117571858e-08
89128.95905208576,-15.167843009250713
-0.0006745541042116,7.432105117571858e-08
-0.0006745541042116,7.432105117571858e-08
-0.0006745541042116,7.432105117571858e-08
-0.0006745541042116,7.432105117571858e-08
-0.0006745541042116,7.432105117571858e-08
1.298767058930069e+22,-2.759679311019092e+18
-0.0006745541042116,7.432105117595412e-08
-0.0006745541041391953,7.432105116033371e-08
-0.0006745541042116,7.432105117571858e-08
-0.0006745541042116,7.432105117571858e-08
-0.0006745541042116,7.432105117571858e-08
-0.0006745541042116,7.432105117571858e-08
0.00012679479619519696,3.771327961596032
-0.0006745541042115865,7.43211151418496e-08
-0.0006745541041563008,7.432105116396835e-08
-0.0006745541042116,7.432105117571858e-08
-0.0006745541042116,7.432105117571858e-08
-0.0006745541042116,7.432105117571858e-08
-0.0006745541042116,7.432105117572041e-08
-0.0006745541042116,7.432105117571861e-08
-0.0006745541042116,7.432105117571858e-08
-0.0006745541042116,7.432105117571858e-08
-0.0006745541042116,7.432105117571858e-08
-0.0006745541042116,7.432105117571858e-08
-0.0006745541042116,7.432105117571858e-08
-4.9326818423565744e+32,1.048118670287582e+29
-0.0006745541042116,7.432105117571858e-08
-0.0006745541042116,7.432105117571858e-08
-0.0006745541042116,7.432105117571858e-08
-0.0006745541042116,7.432105117571858e-08
-0.0006745541042116,7.432105117571858e-08
5.905976385876363e+29,2.779485119944074e+33
-0.0006745541042116,7.432105117588378e-08
-0.0006745541042116,7.432105117571861e-08
-0.0006745541042116,7.432105117571858e-08
-0.0006745541042116,7.432105117571858e-08
-0.0006745541042116,7.432105117571858e-08
-0.0006745541042116,7.432105117571858e-08
126443836633.5506,-26867357.66560898
-0.0006745541042116,7.432105117571858e-08
-0.0006745541042116,7.432105117571858e-08
-0.0006745541042116,7.432105117571858e-08
-0.0006745541042116,7.432105117571858e-08
2.2735845874877294e+18,1.0699999656227245e+22
34457872279739.582,1.6216648528346243e+17
-0.0006745541042116,7.432105117586768e-08
-0.0006745541042116,7.432105117571858e-08
-0.0006745541042116,7.432105117571858e-08
-0.0006745541042116,7.432105117571858e-08
-0.0006745541042116,7.432105117571858e-08
-0.0006745541042116,7.432105117571858e-08
0.00012720769423688787,3.7732713113904253
-0.0006745541042116,7.43210511757186e-08
-0.0006745541042116,7.432105117571858e-08
-0.0006745541042116,7.432105117571869e-08
-0.0006745541042116,7.432105117571858e-08
2.226548572457768e+18,1.0478637606440037e+22
6.0930632348369854e+32,2.8675323925452354e+36
-0.0006745541042116,7.432105117586684e-08
-0.0006745541042116,7.432105117571858e-08
-0.0006745541042116,7.432105117571858e-08
-0.0006745541042116,7.432105117571858e-08
-0.0006745541042116,7.432105117571858e-08
-0.0006745541041017945,7.483782029154247e-08
0.00012734471334794933,3.773915995213755
-0.0006745541042110691,7.432105117560579e-08
-0.0006745541042116,7.432105117571858e-08
-0.0006745541042116,7.432105117571874e-08
-0.0006745541042116,7.432105117571858e-08
-0.0006745541042116,7.432105117571858e-08
-0.0006745541042024396,7.432105117377214e-08
-0.0006745541042116,7.432105117584736e-08
-0.0006745541042116,7.432105117571861e-08
-0.0006745541042116,7.432105117571858e-08
-0.0006745541042116,7.432105117571858e-08
-0.0006745541042116,7.432105117571858e-08
-0.0006745541042116,7.432105117571858e-08
1.9023205152481382e+17,-40421371428851.79
-0.00067455410420612,7.434481614078045e-08
-0.0006745541042116,7.432105117571858e-08
-0.0006745541042116,7.432105117571858e-08
-0.0006745541042116,7.432105117571858e-08
-0.0006745541042116,7.432105117571858e-08
-0.0006745541042116,7.432105117571858e-08
-0.0006745541042116,7.432105117583634e-08
-0.0006745541042116,7.432105117571858e-08
-0.0006745541042116,7.432105117571858e-08
-0.0006745541042116,7.432105117571858e-08
-0.0006745541042116,7.432105117571858e-08
6.095172807548461e+17,-129513003724737.52
0.00012762270310977188,3.7752244363463334
-0.0006745541042053561,7.434731725457391e-08
-0.0006745541042116,7.432105117571858e-08
-0.0006745541042116,7.432105117571858e-08
-0.0006745541042116,7.432105117571858e-08
-0.0006745541042116,7.432105117571858e-08
2.1540946546213565e+18,1.0137653197850882e+22
-0.0006745541042116,7.43210511758482e-08
-0.0006745541042116,7.432105117571858e-08
-0.0006745541042116,7.432105117571858e-08
-0.0006745541042116,7.432105117571858e-08
-0.0006745541042116,7.432105117571858e-08
-0.0006745541042116,7.432105117571858e-08
0.00012775972222083345,3.7758691201696637
-0.0006745541042116,7.432105117571862e-08
-0.0006745541042116,7.432105117571858e-08
-0.0006745541042116,7.432105117571858e-08
-0.0006745541042116,7.432105117571858e-08
-0.0006745541042116,7.432105117571858e-08
-0.0006745541042116,7.432105117571858e-08
-0.0006745541042116,7.432105117583124e-08
-0.0006745541042116,7.432105117571862e-08
-0.0006745541042116,7.432105117571858e-08
-0.0006745541042116,7.432105117571858e-08
-0.0006745541042116,7.432105117571858e-08
0.11919101908887848,564.1143061871863
2.7200829606698806e+23,-5.779755976410557e+19
-0.000674554104203599,7.435584820811437e-08
-0.0006745541042116,7.432105117571858e-08
-0.0006745541042116,7.432105117571858e-08
-0.0006745541042116,7.432105117571858e-08
-0.0006745540743275752,2.149619833429341e-07
-0.0006745541042116,7.43210511757186e-08
-0.0006745541042116,7.432105117585329e-08
-0.0006745541042116,7.432105117571858e-08
-0.0006745541042116,7.432105117571858e-08
-0.0006745541042116,7.432105117571858e-08
-0.0006745541042116,7.432105117571858e-08
-0.0006745541042116,7.432105117571858e-08
-71.67987065341958,3.7923889030803015
-0.0006745541042116,7.432105117571858e-08
-0.0006745541042116,7.432105117571858e-08
-0.0006745541042116,7.432105117571858e-08
-0.0006745541042116,7.432105117571858e-08
-0.0006745541018809043,7.432105068051353e-08
0.0011854131276830737,8.753423567509802
-0.0006745541042116,7.432105117584312e-08
-0.0006745541042116,7.432105117571858e-08
-0.0006745541042116,7.432105117571858e-08
-0.0006745541042116,7.432105117571858e-08
-0.0006745541042116,7.432105117571858e-08
-0.0006745541042116,7.432105117571858e-08
0.00012817265402294265,3.7778124699640494
-0.0006745541042112252,7.4321051175639e-08
-0.0006745541042116,7.432105117571858e-08
-0.0006745541042116,7.432105117571858e-08
-0.0006745541042116,7.432105117571858e-08
-0.0006745541042116,7.432105117571858e-08
-0.0006745541042116,7.432105117571858e-08
-0.0006745541042116,7.432105117571858e-08
-0.0006745541042116,7.432105117571858e-08
-0.0006745541042116,7.432105117571858e-08
-0.0006745541042116,7.432105117571858e-08
-0.0006745244416320391,0.00013967247049997085
8.44051311391886,-0.001793547622753226
4.056481738486466e+29,-8.619396875102467e+25
-0.0006745541042116,7.432105117571858e-08
-0.0006745541042116,7.432105117571858e-08
-0.0006745541042116,7.432105117571858e-08
-0.0006745541042116,7.432105117571858e-08
-0.0006745541042116,7.432105117571858e-08
-0.0006745541042116,7.432105117572112e-08
-0.0006745541042116,7.432105117571858e-08
-0.0006745541042116,7.432105117571896e-08
-0.0006745541042116,7.432105117571858e-08
-0.0006745541042116,7.432105117571858e-08
-0.0006745541042116,7.432105117571858e-08
-0.0006745541042116,7.432105117571858e-08
-71.67987023841071,3.79434202803621
-0.0006745541042116,7.432105117571858e-08
-0.0006745541042116,7.432105117571869e-08
-0.0006745541042116,7.432105117571858e-08
-0.0006745541042116,7.432105117571858e-08
-0.0006745541042116,7.432105117571858e-08
0.030782602941569766,148.04444558478028
-0.0006745541042116,7.432105117571866e-08
-0.0006745541042116,7.432105117571858e-08
-0.0006745541042116,7.432105117571858e-08
-0.0006745541042116,7.43210511757186e-08
-0.0006745541042116,7.432105117571858e-08
-0.0006745541042116,7.432105117571858e-08
0.00012858558582505184,3.7797558197584356
-0.0006745541041905133,7.441929426073225e-08
-0.0006745541042116,7.432105117571878e-08
-0.0006745541042116,7.432105117571858e-08
-0.0006745541042116,7.432105117571858e-08
-0.0006745541042116,7.432105117571858e-08
-0.0006745541042111142,7.432105117561533e-08
-0.0006745541042116,7.432105117586176e-08
-0.0006745541042116,7.432105117571863e-08
-0.0006745541042116,7.432105117571858e-08
-0.0006745541042116,7.432105117571858e-08
-0.0006745541042116,7.432105117571858e-08
-0.0006745541042116,7.432105117571858e-08
5.84860301773108e+35,-1.2427377669782236e+32
-0.0006745541041913866,7.44161109600008e-08
-0.0006745541042116,7.432105117571865e-08
-0.0006745541042116,7.432105117571858e-08
-0.0006745541042116,7.432105117571858e-08
-0.0006745541042116,7.432105117571858e-08
1.0184051531964431e+22,-2.1639535836601324e+18
-0.0006745541042116,7.432105117587277e-08
-0.0006745541042116,7.432105117571865e-08
-0.0006745541042116,7.432105117571858e-08
-0.0006745541042116,7.432105117571858e-08
-0.0006745541042116,7.432105117571858e-08
-0.0006745541042116,7.432105117571858e-08
-107374181.57591604,22819.13546277562
-0.0006745541041904293,7.442065841953114e-08
-0.0006745541042116,7.432105117571869e-08
-0.0006745541042116,7.432105117571858e-08
-0.0006745541042116,7.432105117571858e-08
-0.0006745541042116,7.432105117571858e-08
-0.0006745541042116,7.43210511757186e-08
-0.0006745541042116,7.432105117587107e-08
-0.0006745541042116,7.432105117571858e-08
-0.0006745541042116,7.432105117571858e-08
-0.0006745541042116,7.432105117571858e-08
-0.0006745541042116,7.432105117571858e-08
-0.0006745541042116,7.432105117571858e-08
0.00012900059469793596,3.781708944714344
-0.0006745541041924605,7.441110870456186e-08
-0.0006745541042116,7.432105117571865e-08
-0.0006745541042116,7.432105117571858e-08
-0.0006745541042116,7.432105117571858e-08
-0.0006745541019804321,7.432105070162989e-08
146456900373.75806,-31119828.235434767
-0.0006745541042116,7.432105117587785e-08
-0.0006745541042116,7.432105117571858e-08
-0.0006745541042116,7.432105117571861e-08
-0.0006745541042116,7.432105117571858e-08
-0.0006745541042116,7.432105117571858e-08
-0.0006745541042116,7.432105117571858e-08
5.84860301773108e+35,-1.2427377669782236e+32
-0.0006745541041989346,7.438064064661808e-08
-0.0006745541042116,7.432105117571858e-08
-0.0006745541042116,7.432105117571858e-08
-0.0006745541042116,7.432105117571858e-08
-0.0006745541042116,7.432105117571858e-08
-0.0006745541042116,7.43210511757186e-08
-0.0006745541042116,7.432105117584736e-08
-0.0006745541042116,7.432105117571858e-08
-0.0006745541042116,7.432105117571858e-08
-0.0006745541042116,7.432105117571858e-08
-0.0006745541042116,7.432105117571858e-08
-0.0006745541042116,7.432105117571858e-08
-2.3021535239857085e+20,4.8917205031107416e+16
-0.0006745541041987389,7.43815501412988e-08
-0.0006745541042116,7.432105117571858e-08
-0.0006745541042116,7.432105117571858e-08
-0.0006745541042116,7.432105117571858e-08
-0.0006745541042116,7.432105117571858e-08
-0.0006745541042116,7.432105117571858e-08
-0.0006745541042116,7.432105117585329e-08
-0.0006745541042116,7.432105117571858e-08
-0.0006745541042116,7.432105117571858e-08
-0.0006745541042116,7.432105117571858e-08
-0.0006745541042116,7.432105117571858e-08
1.0109694851995323e+22,-2.148153938147421e+18
0.00012945317267896062,3.783642519338342
-0.0006745541042115921,7.432105117571703e-08
-0.0006745541042116,7.432105117571858e-08
-0.0006745541042116,7.432105117571858e-08
-0.0006745541042116,7.432105117571858e-08
-0.0006745541042116,7.432105117571858e-08
-0.0006745541042116,7.432105117571858e-08
-0.0006745541042116,7.432105117571877e-08
-0.0006745541042116,7.432105117571858e-08
-0.0006745541042116,7.432105117571858e-08
-0.0006745541042116,7.432105117571858e-08
-0.0006745541042116,7.432105117571858e-08
2.963563207569881e+18,1.3947193993448277e+22
0.00012955046119040225,3.7842967399134935
-0.0006745541042116,7.432105117571873e-08
-0.0006745541042116,7.432105117571858e-08
-0.0006745541042116,7.432105117571858e-08
-0.0006745541042116,7.432105117571858e-08
-0.0006745540757128228,2.084426970460882e-07
-0.0006745541042116,7.432105117571858e-08
-0.0006745541042116,7.43210511758414e-08
-0.0006745541042116,7.432105117571858e-08
-0.0006745541042116,7.432105117571858e-08
-0.0006745541042116,7.432105117571858e-08
-0.0006745541042116,7.432105117571858e-08
-0.0006745541042116,7.432105117571858e-08
-2.3021535239857085e+20,4.8917205031107416e+16
-0.0006745541042116,7.432105117571875e-08
-0.0006745541042116,7.432105117571858e-08
-0.0006745541042116,7.432105117571858e-08
-0.0006745541042116,7.432105117571858e-08
-0.0006745541042116,7.432105117571858e-08
-0.0006745541042116,7.432105117571858e-08
-0.0006745541042116,7.432105117571874e-08
-0.0006745541042116,7.432105117571874e-08
-0.0006745541042116,7.432105117571858e-08
-0.0006745541042116,7.432105117571858e-08
-0.0006745541042116,7.432105117571858e-08
2.3995628487807135e+18,1.1292881645287751e+22
0.00012986818155184474,3.7855956442942507
-0.0006745541042116,7.432105117571877e-08
-0.0006745541042116,7.432105117571858e-08
-0.0006745541042116,7.432105117571858e-08
-0.0006745541042116,7.432105117571858e-08
-0.0006745541042116,7.432105117571858e-08
-0.0006745541042116,7.432105117571858e-08
-0.0006745541042116,7.432105117584651e-08
-0.0006745541042116,7.432105117571875e-08
-0.0006745541042116,7.432105117571858e-08
-0.0006745541042116,7.432105117571858e-08
-0.0006745541042116,7.432105117571858e-08
-0.0006745541042116,7.432105117571858e-08
0.00012996339299251145,3.786240089707879
-0.0006745541042113806,7.432105117567215e-08
-0.0006745541042116,7.432105117571858e-08
-0.0006745541042116,7.432105117571858e-08
-0.0006745541042116,7.432105117571858e-08
-0.0006745541042116,7.432105117571858e-08
-0.0006745541042116,7.432105117619636e-08
-0.0006745541042116,7.432105117586176e-08
-0.0006745541042116,7.432105117571878e-08
-0.0006745541042116,7.432105117571858e-08
-0.0006745541042116,7.432105117571858e-08
-0.0006745541042116,7.432105117571858e-08
-0.0006745541042116,7.432105117571858e-08
-3.2186439114224515e+26,6.839120957693132e+22
-0.0006745541042113788,7.432105117567181e-08
-0.0006745541042116,7.432105117571858e-08
-0.0006745541042116,7.432105117571858e-08
-0.0006745541042116,7.432105117571858e-08
-0.0006745541042116,7.432105117571858e-08
-0.0006745541042116,7.432105117571858e-08
-0.0006745541042116,7.432105117583211e-08
-0.0006745541042116,7.432105117571883e-08
-0.0006745541042116,7.432105117571858e-08
-0.0006745541042116,7.432105117571858e-08
-0.0006745541042116,7.432105117571858e-08
-0.0006745541042116,7.432105117571858e-08
89128.95905566521,-15.150997306506003
-0.0006745541042054633,7.434993198947327e-08
-0.0006745541042116,7.432105117571858e-08
-0.0006745541042116,7.432105117571858e-08
-0.0006745541042116,7.432105117571858e-08
-0.0006745541042116,7.432105117571858e-08
-0.0006745541042116,7.432105117572156e-08
-0.0006745541042116,7.432105117571894e-08
-0.0006745541042116,7.432105117571887e-08
-0.0006745541042116,7.432105117571858e-08
-0.0006745541042116,7.432105117571858e-08
-0.0006745541042116,7.432105117571858e-08
-0.0006745541042116,7.432105117571858e-08
0.00013037632479462064,3.7881834395022653
-0.0006745541042058498,7.434811299664133e-08
-0.0006745541042116,7.432105117571858e-08
-0.0006745541042116,7.432105117571858e-08
-0.0006745541042116,7.432105117571858e-08
-0.0006745541042116,7.432105117571858e-08
145056690997.36755,-30822305.379388273
-0.0006745541042116,7.432105117582787e-08
-0.0006745541042116,7.432105117571894e-08
-0.0006603055767285195,7.129345925789325e-08
-0.0006745541042116,7.432105117571858e-08
-0.0006745541042116,7.432105117571858e-08
-0.0006745541040907833,7.432105115004689e-08
-3.2186439114224515e+26,6.839120957693132e+22
-0.0006745541042116,7.432105117571902e-08
-0.0006745541042116,7.432105117571858e-08
-0.0006745541042116,7.432105117571858e-08
-0.0006745541042116,7.432105117571858e-08
-0.0006745541042116,7.432105117571906e-08
1991.768235198354,9373711.788390018
-0.0006745541042116,7.432105117581812e-08
-0.0006745541042116,7.432105117571904e-08
-0.0006745541042116,7.432105117571861e-08
-0.0006745541042116,7.432105117571858e-08
-0.0006745541042116,7.432105117571858e-08
-0.0006745541042116,7.432105117571904e-08
89128.95905608022,-15.149044181550096
-0.000674554104211594,7.432105117571787e-08
-0.0006745541042116,7.432105117571861e-08
-0.0006745541042116,7.432105117571858e-08
-0.0006745541042116,7.432105117571858e-08
-0.0006745541042116,7.432105117571858e-08
-0.0006745541042116,7.432105117572045e-08
-0.0006745541042116,7.432105117580541e-08
-0.0006745541042116,7.432105117571914e-08
-0.0006745541042116,7.432105117571858e-08
-0.0006745541042116,7.432105117571858e-08
-0.0006745541042116,7.432105117571858e-08
-0.0006745541042116,7.432105117571858e-08
0.00013078925659670653,3.7901267892966515
-0.0006745541042115943,7.432105117571736e-08
-0.0006745515452673098,1.2117287552459082e-05
-0.0006745541042116,7.432105117571858e-08
-0.0006745541042116,7.432105117571858e-08
-0.0006745541042116,7.432105117571858e-08
-0.0006745541042116,7.432105117571858e-08
-0.0006745541042116,7.432105117580711e-08
-0.0006745541042116,7.432105117571927e-08
-0.0006745541042116,7.432105117571858e-08
-0.0006745541042116,7.432105117571858e-08
-0.0006745541042116,7.432105117571858e-08
-0.0006745541042116,7.432105117571858e-08
-4.9326818423565744e+32,1.048118670287582e+29
-0.0006745541042114847,7.432105117569497e-08
-0.0006745541042116,7.432105117616597e-08
-0.0006745541042116,7.432105117571858e-08
-0.0006745541042116,7.432105117571858e-08
-0.0006745541042116,7.432105117571858e-08
-0.0006745541042116,7.432105117571858e-08
-0.0006745541042116,7.432105117579821e-08
-0.0006745419946807177,7.431847808752692e-08
-0.0006745541042115995,7.432105117571847e-08
-0.0006745541042116,7.432105117571858e-08
-0.0006745541042116,7.432105117571858e-08
-0.0006745541042116,7.432105117571858e-08
126443836633.5506,-26867357.64681015
-0.0006745541042091824,7.433185359864079e-08
-0.0006745541042116,7.432105117592784e-08
-0.0006745541042116,7.432105117571858e-08
-0.0006745541042116,7.432105117571858e-08
-0.0006745541042116,7.432105117571858e-08
-0.0006745541042116,7.432105117571858e-08
-0.0006745541042116,7.432105117571858e-08
-0.0006745541042116,7.432105117571973e-08
-0.0006745541042115997,7.43210511757185e-08
-0.0006745541042116,7.432105117571858e-08
-0.0006745541042116,7.432105117571858e-08
-0.0006745541042116,7.432105117571858e-08
0.00013120215463839743,3.7920701390910447
-0.0006745541042092786,7.433145569298552e-08
-0.0006745541042115989,7.432105117588611e-08
-0.0006745541042116,7.432105117571858e-08
-0.0006745541042116,7.432105117571858e-08
-0.0006745541042116,7.432105117571858e-08
-0.0006745541042116,7.432105117571858e-08
-0.0006745541042116,7.432105117572023e-08
-0.0006745541042116,7.432105117572e-08
-0.0006745541042115986,7.432105117571829e-08
-0.0006745541042116,7.432105117571858e-08
-0.0006745541042116,7.432105117571858e-08
-0.0006745541042116,7.432105117571858e-08
0.0001313391737494589,3.7927148229143746
-0.0006745541042116,7.43210511757202e-08
-0.0006745541042115995,7.432105117802304e-08
-0.0006745541042116,7.432105117571858e-08
-0.0006745541042116,7.432105117571858e-08
-0.0006745541042116,7.432105117571858e-08
153910194797.5011,-32703538.130039137
-0.0006745541042116,7.432105117578254e-08
-0.0006745541042116,7.432105117572018e-08
-0.0006745541042116,7.432105117571858e-08
-0.0006745541042116,7.432105117571858e-08
-0.0006745541042116,7.432105117571858e-08
-0.0006727902122129421,0.008301346190648104
1.9023205152481382e+17,-40421371428851.766
-0.000674554104211469,7.432105117569294e-08
-0.000674554104211597,7.432105117571795e-08
-0.0006745541042116,7.432105117571858e-08
-0.0006745541042116,7.432105117571858e-08
-0.0006745541042116,7.432105117571858e-08
1.5152523344765862e+26,7.131117772007902e+29
-0.0006745541042116,7.432105117576963e-08
-0.0006745541042116,7.432105117572067e-08
-0.0006745541042116,7.43210511757186e-08
-0.0006745541042116,7.432105117571858e-08
-0.0006745541042116,7.432105117571858e-08
-0.0006745541042111863,7.432299817682868e-08
0.00013161716351128155,3.794023264046953
-0.0006745541042114855,7.432105117569719e-08
-0.0006745541042116,7.43210511757186e-08
-0.0006745541042116,7.432105117571858e-08
-0.0006745541042116,7.432105117571858e-08
-0.0006745541042116,7.432105117571858e-08
6.120279591338487e+29,2.880341021122878e+33
-0.0006745541042116,7.432105117572287e-08
-0.0006745541042116,7.432105117571858e-08
-0.0006745541042116,7.432105117571858e-08
-0.0006745541042116,7.432105117571858e-08
-0.0006745541042116,7.432105117571858e-08
-0.0006745541042116,7.432105117571858e-08
0.00013175418262234301,3.794667947870283
-0.0006745541042116,7.4321051175722e-08
-0.0006745541042115949,7.432105117913337e-08
-0.0006745541042116,7.432105117571858e-08
-0.0006745541042116,7.432105117571858e-08
-0.0006745541042116,7.432105117571858e-08
-0.0006745541042116,7.432105117571858e-08
-0.0006745541042116,7.432105117572229e-08
-0.0006745439737589077,7.431889861106403e-08
-0.0006745541042116,7.432105117571858e-08
-0.0006745541042116,7.432105117571858e-08
-0.0006745541042116,7.432105117571858e-08
-0.0006745541042111105,7.432105117561457e-08
2.7200829606698806e+23,-5.779755976410557e+19
-0.0006745541042114802,7.432115955028824e-08
-0.0006745496791424999,7.43201109276484e-08
-0.0006745541042116,7.432105117571858e-08
-0.0006745541042116,7.432105117571858e-08
-0.0006745541042116,7.432105117571858e-08
-0.0006745541042116,7.432105117571858e-08
-0.0006745541042116,7.432105117577746e-08
-0.0006745538218277873,7.605297343692779e-08
-0.0006745541042116,7.432105117571858e-08
-0.0006745541042116,7.432105117571858e-08
-0.0006745541042116,7.432105117571858e-08
-0.0006745541042111863,7.432299823277351e-08
-71.67986665895918,3.811187730780921
-0.0006745541042115103,7.43210511757061e-08
-0.0006745540971049147,7.432104966994164e-08
-0.0006745541042116,7.432105117571858e-08
-0.0006745541042116,7.432105117571858e-08
-0.0006745541042116,7.432105117571858e-08
-0.0006745541042116,7.432105117571858e-08
-0.0006745541042116,7.432105117575904e-08
-0.0006745541040646951,7.501241901196825e-08
-0.0006745541042116,7.432105117571858e-08
-0.0006745541042116,7.432105117571862e-08
-0.0006745541042116,7.432105117571858e-08
-0.0006745541042116,7.432105117571858e-08
0.0001321671144244522,3.796611297664669
-0.0006745541042110529,7.432322597331975e-08
-0.0006745541042116,7.432105117572128e-08
-0.0006745541042116,7.432105117571858e-08
-0.0006745541042116,7.432105117571858e-08
-0.0006745541042116,7.432105117571858e-08
-0.0006745536672419036,2.1307985743185705e-06
-0.0006745541042116,7.432105117573637e-08
-0.0006745541042116,7.43210511757298e-08
-0.0006745541042116,7.432105117571858e-08
-0.0006745541042116,7.432105117571858e-08
-0.0006745541042116,7.432105117571858e-08
-0.0006745541042116,7.432105117571858e-08
4.056481738486466e+29,-8.619396875102467e+25
-0.0006745541042111457,7.432281359052865e-08
-0.0006745541042116,7.432105118396106e-08
-0.0006745541042116,7.432105117571858e-08
-0.0006745541042116,7.432105117571858e-08
-0.0006745541042116,7.432105117571858e-08
-0.0006745541042116,7.432105117571858e-08
-0.0006745541042116,7.432105117576476e-08
-0.0006745540237032658,7.432103406895683e-08
-0.0006745541042116,7.432105119664945e-08
-0.0006745541042116,7.432105117571858e-08
-0.0006745541042116,7.432105117571858e-08
-0.0006745541042116,7.432105117571858e-08
-71.67986624395031,3.8131408557368296
-0.0006745541042111835,7.432266437612512e-08
-0.0006745541042116,7.432105117572185e-08
-0.0006745541042116,7.432105117571858e-08
-0.0006745541042116,7.432105117571858e-08
-0.0006745541042116,7.432105117571858e-08
1.4205157095624689e+26,6.685265939799062e+29
-0.0006745541042116,7.43210511757637e-08
-0.0006745541042096066,7.43304327092511e-08
-0.000674554104211579,7.432105117571438e-08
-0.0006745541042116,7.432105117571858e-08
-0.0006745541042116,7.432105117571858e-08
-0.0006745541042116,7.432105117571858e-08
0.00013258212329733633,3.7985644226205775
-0.0006745541042112161,7.432255779406876e-08
-0.0006745540975596694,7.43210497622906e-08
-0.0006745541042116,7.432105117571858e-08
-0.0006745541042116,7.43210511757186e-08
-0.0006745541042116,7.432105117571858e-08
-0.0006745541042116,7.432105117571858e-08
-0.0006745541042116,7.432105117575883e-08
-0.0006745541037161463,7.432804399376779e-08
-0.0006745541042116,7.432105117571858e-08
-0.0006745541042116,7.432105117571858e-08
-0.0006745541042116,7.432105117571858e-08
-0.0006745541042116,7.432105117571858e-08
5.84860301773108e+35,-1.2427377669782236e+32
-0.0006745541042115428,7.432105117574665e-08
-0.0006745540986112692,7.432104998573482e-08
-0.0006745541042116,7.432105117571858e-08
-0.0006745541042116,7.43210511757186e-08
-0.0006745541042116,7.432105117571914e-08
-0.0006745541042116,7.432105117571858e-08
-0.0006745541042116,7.432105117574452e-08
-0.0006745541014392512,7.432420598691178e-08
-0.0006745541042116,7.432105117571858e-08
-0.0006745541042116,7.432105117571858e-08
-0.0006745541042116,7.432105117571858e-08
-0.0006745541042116,7.432105117571858e-08
-107374181.57591204,22819.154261603322
-0.0006745541042115465,7.432105117576312e-08
-0.0006745541042116,7.432105117571977e-08
-0.0006745541042116,7.432105117571858e-08
-0.0006745541042116,7.43210511757186e-08
-0.0006745541042116,7.432105117571858e-08
-0.0006745541042116,7.432105117571858e-08
-0.0006745541042116,7.432105117572885e-08
-0.0006745541042116,7.432105117575205e-08
-0.0006745541042116,7.432105117571858e-08
-0.0006745541042116,7.432105117571858e-08
-0.0006745541042116,7.432105117571858e-08
-0.0006745541042116,7.432105117571858e-08
0.00013299297805595542,3.800497997253441
-0.0006745541042115376,7.432105117574555e-08
-0.0006745541042115999,7.432105119751609e-08
-0.0006745541042116,7.432105117571858e-08
-0.0006745541042116,7.43210511757186e-08
-0.0006745541042116,7.432105117571858e-08
143902487375.42352,-30577054.944810245
-0.0006745541042116,7.432105117572517e-08
-0.0006745541042116,7.43210511758016e-08
-0.0006745541042116,7.432105117571858e-08
-0.0006745541042116,7.432105117571858e-08
-0.0006745541042116,7.432105117571858e-08
-0.0006745541042111741,7.432305524445926e-08
5.84860301773108e+35,-1.2427377669782236e+32
-0.0006745541042115999,7.432105117571857e-08
-0.0006745541042080883,7.432105119882991e-08
-0.0006745541042116,7.432105117571858e-08
-0.0006745541042116,7.43210511757186e-08
-0.0006745541042116,7.432105117571858e-08
8578.257920855569,-1.822747323493759
-0.0006745541042116,7.432105117572517e-08
-0.000674554104114327,7.432105115515038e-08
-0.0006745541042116,7.432105117571858e-08
-0.0006745541042116,7.432105117571858e-08
-0.0006745541042116,7.432105117571858e-08
-0.0006745541042116,7.432105117571858e-08
-151996490032255.38,32296905442.34051
-0.0006745541042115999,7.43210511757497e-08
-0.0006745541042115999,7.432105119761945e-08
-0.0006745541042116,7.432105117571858e-08
-0.0006745541042116,7.43210511757186e-08
-0.0006745541042116,7.432105117571858e-08
8652.755966048788,-1.8385770069321776
-0.0006745541042116,7.432105117572194e-08
-0.000674554104091661,7.432105115037992e-08
-0.0006745541042116,7.432105117571858e-08
-0.0006745541042116,7.432105117571858e-08
-0.0006745541042116,7.432105117571858e-08
8.625326609197408,-0.001832817634708834
0.00013344763308047018,3.8024413470389615
-0.0006745541042115503,7.432110691721957e-08
-0.0006745541042116,7.432105117572113e-08
-0.0006745541042116,7.432105117571858e-08
-0.0006745541042116,7.43210511757186e-08
-0.0006745541042116,7.432105117571858e-08
-0.0006745541041802831,7.432105116906421e-08
-0.0006745541042116,7.432105117572057e-08
-0.0006745541042115998,7.432105117590153e-08
-0.0006745541042115705,7.432105117571231e-08
-0.0006745541042116,7.432105117571858e-08
-0.0006745541042116,7.432105117571858e-08
-0.0006745541042116,7.432105117571858e-08
0.00013354492159191181,3.803095567614113
-0.0006745541042115997,7.432105117595236e-08
-0.0006745541042116,7.432105117571858e-08
-0.0006745541042116,7.432105117571858e-08
-0.0006745541042116,7.43210511757186e-08
-0.0006745541042116,7.432105117571911e-08
-0.0006745541042116,7.432105117571858e-08
-0.0006745541042116,7.432105117572072e-08
-0.0006745541042115997,7.432105117571851e-08
-0.0006745541042116,7.432105117571858e-08
-0.0006745541042116,7.432105117571858e-08
-0.0006745541042116,7.432105117571858e-08
-0.0006745541042116,7.432105117571858e-08
-2.3021535239857085e+20,4.8917205031107416e+16
-0.0006745541042115997,7.43210511757185e-08
-0.0006745541042116,7.432105117571888e-08
-0.0006745541042115998,7.432105117571853e-08
-0.0006745541042116,7.432105117571858e-08
-0.0006745541042116,7.432105117571858e-08
-0.0006745541042116,7.432105117571858e-08
-0.0006745541042116,7.432105117572063e-08
-0.0006745541042115995,7.432105117571847e-08
-0.0006745541042116,7.432105117571858e-08
-0.0006745541042116,7.432105117571858e-08
-0.0006745541042116,7.432105117571858e-08
-0.0006745541042116,7.432105117583633e-08
0.058883817366349386,3.8043722133753484
-0.0006745541042115994,7.432105117571843e-08
-0.0006745541042116,7.432105117580287e-08
-0.0006745541042116,7.432105117571858e-08
-0.0006745541042116,7.432105117571858e-08
-0.0006745541042116,7.432105117571858e-08
-0.0006745541042116,7.43210511757186e-08
-0.0006745541042116,7.432105117572043e-08
-0.0006745541042105519,7.432105117551188e-08
-0.0006745541042116,7.432105117571858e-08
-0.0006745541042116,7.432105117571858e-08
-0.0006745541042116,7.432105117571858e-08
-0.0006745541042116,7.432105117571858e-08
0.000133957853394021,3.8050389174084986
-0.0006745541042115988,7.432105278580042e-08
-0.0006745541042115998,7.43210522238116e-08
-0.0006745541042116,7.432105117571858e-08
-0.0006745541042116,7.432105117571858e-08
-0.0006745541042116,7.432105117571858e-08
-0.0006745541042116,7.432105117571858e-08
-0.0006745541042116,7.432105117572076e-08
-0.0006745541042116,7.432105117574209e-08
-0.0006745541042116,7.432105117571861e-08
-0.0006745541042116,7.432105117571858e-08
-0.0006745541042116,7.432105117571858e-08
-0.0006745541042116,7.432105117571858e-08
-3.2186439114224515e+26,6.839120957693132e+22
-0.0006745541042116,7.432105117573457e-08
-0.0006745541042116,7.432105117571858e-08
-0.0006745541042116,7.432105117571858e-08
-0.0006745541042116,7.43210511757186e-08
-0.0006745541042116,7.432105117571858e-08
-0.0006745541042116,7.432105117571858e-08
-0.0006745541042116,7.432105117572064e-08
-0.0006745541042116,7.432105117572668e-08
-0.0006745541042116,7.432105117571858e-08
-0.0006745541042116,7.432105117571858e-08
-0.0006745541042116,7.432105117571858e-08
-0.0006745541042116,7.432105117571858e-08
89128.95905965967,-15.132198478805384
-0.0006745541042116,7.432105117573965e-08
-0.0006745541042116,7.432105117576815e-08
-0.0006745541042116,7.432105117571858e-08
-0.0006745541042116,7.43210511757186e-08
-0.0006745541042116,7.432105117571858e-08
-0.0006745541042111315,7.432105117561904e-08
-0.0006745541042116,7.432105117571895e-08
-0.0006745541042108089,7.432105117556037e-08
-0.0006745541042116,7.432105117571858e-08
-0.0006745541042116,7.432105117571858e-08
-0.0006745541042116,7.432105117571858e-08
-0.0006745541042116,7.432105117571858e-08
0.0001343707851961302,3.806982267202885
-0.0006745541042115955,7.432105149150181e-08
-0.0006745541042115942,7.432105117571734e-08
-0.0006745541042116,7.432105117571858e-08
-0.0006745541042116,7.432105117572022e-08
-0.0006745541042116,7.432105117571908e-08
-0.0006745541042116,7.432105117571858e-08
-0.0006745541042116,7.432105117571924e-08
-0.0006745541042116,7.432105117571858e-08
-0.0006745541042116,7.432105117571858e-08
-0.0006745541042116,7.432105117571858e-08
-0.0006745541042116,7.432105117571858e-08
-0.0006745541042116,7.432105117571858e-08
-4.9326818423565744e+32,1.048118670287582e+29
-0.0006745541042115949,7.432105117571751e-08
-0.0006745541042116,7.4321051175719e-08
-0.0006745541042116,7.432105117571858e-08
-0.0006745541042116,7.432105117571861e-08
-0.0006745541042116,7.432105117571858e-08
-0.0006745541042116,7.432105117571858e-08
-0.0006745541042116,7.432105117571967e-08
-0.0006745541042114751,7.432105117569203e-08
-0.0006745541042116,7.432105117571861e-08
-0.0006745541042116,7.432105117571858e-08
-0.0006745541042116,7.432105117571858e-08
-0.0006745541042116,7.432105117571858e-08
89128.95906007467,-15.130245353849475
-0.0006745541042115974,7.432105117571804e-08
-0.0006745541042116,7.43210511757208e-08
-0.0006745541042116,7.432105117571858e-08
-0.0006745541042116,7.43210511757186e-08
-0.0006745541042116,7.432105117571858e-08
-0.0006745541042116,7.432105117571858e-08
-0.0006745541042116,7.432105117571988e-08
-0.0006745541042115649,7.432105121149864e-08
-0.0006745541042116,7.432105117571858e-08
-0.0006745541042116,7.432105117571858e-08
-0.0006745541042116,7.432105117571858e-08
-0.0006745541042116,7.432105117571858e-08
0.00013478160616702288,3.8089158418357556
-0.0006745541042115993,7.432105121692612e-08
-0.0006745541042115697,7.432105117571212e-08
-0.0006745541042116,7.432105117571858e-08
-0.0006745541042116,7.43210511757186e-08
-0.0006745541042116,7.432105117571858e-08
-0.0006745541042116,7.432105117571858e-08
-0.0006745541042116,7.432105117571998e-08
-0.000674554104211554,7.432105121648367e-08
-0.0006745541042116,7.432105117571857e-08
-0.0006745541042116,7.432105117571858e-08
-0.0006745541042116,7.432105117571858e-08
-0.0006745541042116,7.432105117571858e-08
0.00013492070234885937,3.809570300820608
-0.0006745541042115992,7.432105117571841e-08
-0.0006745541042116,7.432105117571858e-08
-0.0006745541042116,7.432105117571858e-08
-0.0006745541042116,7.432105117571867e-08
-0.0006745541042116,7.432105117571858e-08
-0.0006745541042116,7.432105117571858e-08
-0.0006745541042116,7.432105117571912e-08
-0.0006745541042116,7.432105117571858e-08
-0.0006745541042116,7.432105117571858e-08
-0.0006745541042116,7.432105117571858e-08
-0.0006745541042116,7.432105117571858e-08
-0.0006745541042116,7.432105117571858e-08
126443836633.5506,-26867357.628011324
-0.0006745541042115992,7.432105117571841e-08
-0.0006745541042116,7.432105117577323e-08
-0.0006745541042116,7.432105117571858e-08
-0.0006745541042116,7.432105117571861e-08
-0.0006745541042116,7.432105117571858e-08
146033341215.31982,-31029828.459224124
-0.0006745541042116,7.432105117571898e-08
-0.0006745541042116,7.432105117571858e-08
-0.0006745541042116,7.432105117571858e-08
-0.0006745541042116,7.432105117571858e-08
-0.0006745541042116,7.432105117571858e-08
-0.0006745461279325874,7.431935633968014e-08
0.000135196615039907,3.810868966791664
-0.0006745541042115993,7.432105117571842e-08
-0.0006745541042116,7.432105117571858e-08
-0.0006745541042116,7.432105117571858e-08
-0.0006745541042116,7.432105117571858e-08
-0.0006745541042116,7.432105117571858e-08
-0.0006745541042116,7.432105117571858e-08
-0.0006745541042116,7.432105117571903e-08
-0.0006745541042116,7.432105117571858e-08
-0.0006745541042116,7.432105117572035e-08
-0.0006745541042116,7.432105117571858e-08
-0.0006745541042116,7.432105117571858e-08
-0.0006745541042116,7.432105117571858e-08
0.00013533363415096857,3.811513650614994
-0.0006745541042115993,7.432105117571841e-08
-0.0006735422241369801,0.004762209193957074
-0.0006745541042116,7.432105117571858e-08
-0.0006745541042116,7.43210511757186e-08
-0.0006745541042116,7.432105117571858e-08
-0.0006745541042116,7.432105117571858e-08
-0.0006745541042116,7.432105117571912e-08
-0.0006745541042116,7.432105117571858e-08
-0.0006745541042115999,7.432105117571857e-08
-0.0006745541042116,7.432105117571858e-08
-0.0006745541042116,7.432105117571858e-08
-0.0006724677040860706,7.387772338869615e-08
2.7200829606698806e+23,-5.779755976410557e+19
-0.0006745541042115993,7.432105117571842e-08
-0.0006745541042116,7.432105117571858e-08
-0.0006745541042116,7.432105117571858e-08
-0.0006745541042116,7.43210511757186e-08
-0.0006745541042116,7.432105117571858e-08
-0.0006745541042116,7.432105117571858e-08
-0.0006745541042116,7.432105117571919e-08
-0.0006745541042116,7.432105117571858e-08
-0.0006745541042115999,7.432105117571857e-08
-0.0006745541042116,7.432105117571858e-08
-0.0006745541042116,7.432105117571858e-08
-0.0006745541042116,7.432105117571858e-08
8.556075404385962e-05,3.812812327220645
-0.0006745541042115995,7.432105117571846e-08
-0.0006745541042116,7.432105117571858e-08
-0.0006745541042116,7.432105117571858e-08
-0.0006745541042116,7.432105117571858e-08
-0.0006745541042116,7.432105117571858e-08
-0.0006745535496942626,2.684004171151636e-06
-0.0006745541042116,7.43210511757193e-08
-0.0006745541042116,7.432105117571858e-08
-0.0006745541042115998,7.432105117571855e-08
-0.0006745541042116,7.432105117571862e-08
-0.0006745541042116,7.432105117571858e-08
-0.0006745541042116,7.432105117571858e-08
0.00013574656595307765,3.8134570004093797
-0.0006745541042115992,7.43210511757184e-08
-0.0006745541042116,7.432105117571858e-08
-0.0006745541042116,7.432105117571858e-08
-0.0006745541042116,7.432105117571858e-08
-0.0006745541042116,7.432105117571858e-08
-0.0006745541042116,7.432105117572567e-08
-0.0006745541042116,7.432105117571939e-08
-0.0006745541042116,7.432105117571858e-08
-0.0006745541042116,7.43210511757186e-08
-0.0006745541042116,7.432105117571858e-08
-0.0006745541042116,7.432105117571858e-08
-0.0006745541042116,7.432105117571858e-08
2.7200829606698806e+23,-5.779755976410557e+19
-0.000674554104211599,7.432105117571837e-08
-0.0006745541042116,7.432105117571858e-08
-0.0006745541042116,7.432105117571858e-08
-0.0006745541042116,7.432105117571858e-08
-0.0006745541042116,7.432105117571858e-08
-0.0006745541042116,7.432105117571858e-08
-0.0006745541042116,7.432105117571951e-08
-0.0006745541042116,7.432105117571858e-08
-0.0006745541042116,7.432105117572009e-08
-0.0006745541042116,7.432105117571858e-08
-0.0006745541042116,7.432105117571858e-08
-0.0006745541042116,7.432105117571858e-08
8.597576291674352e-05,3.8147654521765535
-0.0006745541042115989,7.432105117571834e-08
-0.0006745541042116,7.432105117571858e-08
-0.0006745541042116,7.432105117571858e-08
-0.0006745541042116,7.432105117571858e-08
-0.0006745541042116,7.432105117571858e-08
8641.757919422067,-1.8362400919689672
-0.0006745541042116,7.432105117572058e-08
-0.0006745541042116,7.432105117571858e-08
-0.0006745541042116,7.432105117584906e-08
-0.0006745541042116,7.432105117571858e-08
-0.0006745541042116,7.432105117571858e-08
-0.0006745541042116,7.432105117571858e-08
0.00013615949775518685,3.815400350203766
-0.0006745541042115989,7.432105117571836e-08
-0.0006745541042116,7.432105117571858e-08
-0.0006745541042116,7.432105117571858e-08
-0.0006745541042116,7.432105117571858e-08
-0.0006745541042116,7.432105117571858e-08
-0.0006745541042116,7.432105117571858e-08
-0.0006745541042116,7.432105117572321e-08
-0.0006745541042116,7.432105117571858e-08
-0.0006745541042116,7.432105117571858e-08
-0.0006745541042116,7.432105117571858e-08
-0.0006745541042116,7.432105117571858e-08
-0.0006745541042116,7.432105117571858e-08
5.84860301773108e+35,-1.2427377669782236e+32
-0.000674554104211599,7.432105117571837e-08
-0.0006745541042116,7.432105117571858e-08
-0.0006745541042116,7.432105117571858e-08
-0.0006745541042116,7.432105117571858e-08
-0.0006745541042116,7.432105117571858e-08
-0.0006745541042116,7.43210511757186e-08
-0.0006745541042116,7.432105117572316e-08
-0.0006745541042116,7.432105117571858e-08
-0.0006745541042116,7.432105117571969e-08
-0.0006745541042116,7.432105117571858e-08
-0.0006745541042116,7.432105117571858e-08
-0.0006745541042111803,7.432302654649577e-08
-107374181.57590845,22819.171107306065
-0.0006745541042115988,7.432105117571833e-08
-0.0006745541042116,7.432105117571858e-08
-0.0006745541042116,7.432105117571858e-08
-0.0006745541042116,7.43210511757186e-08
-0.0006745541042116,7.432105117571858e-08
1.0332496927730872e+22,-2.1954959364397117e+18
-0.0006745541042116,7.432105117572145e-08
-0.0006745541042116,7.432105117571858e-08
-0.0006745541042116,7.432105117571858e-08
-0.0006745541042116,7.432105117571858e-08
-0.0006745541042116,7.432105117571858e-08
-0.0006745541042116,7.432105117571858e-08
0.00013657450662807097,3.8173534751596745
-0.0006745541042115992,7.43210511757184e-08
-0.0006745541042116,7.432105117571858e-08
-0.0006745541042116,7.432105117571858e-08
-0.0006745541042116,7.43210511757186e-08
-0.0006745541042116,7.432105117571858e-08
-0.0006745541042116,7.432105117571858e-08
-0.0006745541042116,7.432105117572083e-08
-0.0006745541042116,7.432105117571858e-08
-0.0006745541042116,7.432105117572034e-08
-0.0006745541042116,7.432105117571858e-08
-0.0006745541042116,7.432105117571858e-08
-0.0006745541042116,7.432105117571858e-08
5.84860301773108e+35,-1.2427377669782236e+32
-0.0006745541042115993,7.432105117571841e-08
-0.0006745541042116,7.432105117571858e-08
-0.0006745541042116,7.432105117571878e-08
-0.0006745541042116,7.432105117571867e-08
-0.0006745541042116,7.432105117571858e-08
-0.0006663868628924315,7.258563859794828e-08
-0.0006745541042116,7.432105117572176e-08
-0.0006745541042116,7.432105117571858e-08
-0.0006745541042116,7.432105117571863e-08
-0.0006745541042116,7.43210511757186e-08
-0.0006745541042116,7.432105117571858e-08
-0.0006745541042116,7.432105117571858e-08
-151996490032255.38,32296905442.357357
-0.0006745541042115984,7.432105117571824e-08
-0.0006745541042116,7.432105117571858e-08
-0.0006745541042116,7.432105117571858e-08
-0.0006745541042116,7.432105117571863e-08
-0.0006745541042116,7.432105117571858e-08
-0.0006745541042116,7.432105117571858e-08
-0.0006745541042116,7.432105117572157e-08
-0.0006745541042116,7.432105117571858e-08
-0.0006745541042116,7.43210511757186e-08
-0.0006745541042116,7.432105117571883e-08
-0.0006745541042116,7.432105117571858e-08
-0.0006745541042116,7.432105117571858e-08
0.00013702708460909562,3.819287049783673
-0.0006745541042115979,7.432105117571812e-08
-0.0006745541042116,7.432105117571858e-08
-0.0006745541042116,7.432105117571861e-08
-0.0006745541042116,7.432105117571883e-08
-0.0006745541042116,7.432105117571858e-08
-0.0006745541042116,7.432105117571858e-08
-0.0006745541042116,7.43210511757214e-08
-0.0006745541042116,7.432105117571858e-08
-0.0006745541042116,7.43210511757186e-08
-0.0006745541042116,7.432105117571863e-08
-0.0006745541042116,7.432105117571858e-08
-0.0006745541042116,7.432105117571858e-08
0.00013712437312053726,3.819941270358824
-0.0006745541042115982,7.432105117571818e-08
-0.0006745541042116,7.432105117571858e-08
-0.0006745541042116,7.43210511757186e-08
-0.0006745541042116,7.432105117571887e-08
-0.0006745541042116,7.432105117571858e-08
-0.0006745541042116,7.432105117571858e-08
-0.0006745541042116,7.432105117572107e-08
-0.0006745540905101697,7.432104826437636e-08
-0.0006745541041178761,7.432105115580371e-08
-0.0006745541042116,7.432105117571863e-08
-0.0006745541042116,7.432105117571858e-08
-0.0006745541042116,7.432105117571858e-08
-2.3021535239857085e+20,4.8917205031107416e+16
-0.0006745541042115983,7.432105117571821e-08
-0.0006745541042116,7.432105117571858e-08
-0.0006745541042116,7.43210511757186e-08
-0.0006745541042116,7.432105117571858e-08
-0.0006745541042116,7.432105117571858e-08
-0.0006745541042116,7.432105117571858e-08
-0.0006745541042116,7.432105117572083e-08
-0.0006745540965340783,7.432807084516395e-08
-0.0006745541042116,7.432105117571862e-08
-0.0006745541042116,7.432105117571886e-08
-0.0006745541042116,7.432105117571858e-08
-0.0006745541042116,7.432105117571858e-08
0.00013744209348197974,3.821240174739581
-0.0006745541042115984,7.432105117571824e-08
-0.0006745540973312872,7.432602477980288e-08
-0.0006745541042116,7.432105117572372e-08
-0.0006745541042116,7.432105117571858e-08
-0.0006745541042116,7.432105117571858e-08
-0.0006745541042116,7.432105117571858e-08
-0.0006745541042116,7.432105117572033e-08
-0.0006745540953418594,7.432104929103574e-08
-0.0006745541005722743,7.432105040241809e-08
-0.0006745541042116,7.432105117571858e-08
-0.0006745541042116,7.432105117571858e-08
-0.0006745541042116,7.432105117571858e-08
0.00013753522785187153,3.821874844991687
-0.0006745541042115985,7.432105117571826e-08
-0.0006745541042116,7.432105117571858e-08
-0.0006745541042116,7.432105117571862e-08
-0.0006745541042116,7.432105117571858e-08
-0.0006745541042116,7.432105117571858e-08
-0.0006745541042116,7.432105117571858e-08
-0.0006745541042116,7.432105117572021e-08
-0.0006745518335588744,7.432056869710116e-08
-0.0006745541042116,7.432105117571858e-08
-0.0006745541042116,7.432105117571858e-08
-0.0006745541042116,7.432105117571858e-08
-0.0006745541042116,7.432105117571858e-08
-3.2186439114224515e+26,6.839120957693132e+22
-0.0006745541042115987,7.43210511757183e-08
-0.0006745541042116,7.432105117571858e-08
-0.0006745541042116,7.432105117571863e-08
-0.0006745541042116,7.432105117571858e-08
-0.0006745541042116,7.432105117571858e-08
-0.0006745541042116,7.432105117571858e-08
-0.0006745541042116,7.432105117572054e-08
-0.0006745541042116,7.432105117571858e-08
-0.0006745541042116,7.432105117571858e-08
-0.0006745541042116,7.432105117571858e-08
-0.0006745541042116,7.432105117571858e-08
-0.0006745541042116,7.432105117571858e-08
89128.95906323912,-15.115352776060673
-0.0006745541042115989,7.432105117571834e-08
-0.0006745541042116,7.432105117571858e-08
-0.0006745541006581188,7.432105042065873e-08
-0.0006745541042106393,7.432557266556979e-08
-0.0006745541042116,7.432105117571858e-08
-0.0006745541042116,7.432105117571858e-08
-0.0006745541042116,7.432105117572012e-08
-0.0006745522119102161,7.432064909091487e-08
-0.0006745541042115366,7.432134969280939e-08
-0.0006745541042116,7.432105117571858e-08
-0.0006745541042116,7.432105117571858e-08
-0.0006745541042116,7.432105117571858e-08
0.00013795023672475565,3.8238279699475957
-0.0006745541042115989,7.432105117571836e-08
-0.0006745541042116,7.432105117571858e-08
-0.0006745541042116,7.432105117571858e-08
-0.0006745541033814791,7.433077609788106e-08
-0.0006745541042116,7.432105117571858e-08
-0.0006745541042116,7.432105117571858e-08
-0.0006745541042116,7.432105117571998e-08
-0.0006745541042116,7.432105117571858e-08
-0.0006745541042116,7.432105117571858e-08
-0.0006745541042114309,7.432184722951592e-08
-0.0006745541042116,7.432105117571858e-08
-0.0006745541042116,7.432105117571858e-08
-3.2186439114224515e+26,6.839120957693132e+22
-0.0006745541042115989,7.432105117571834e-08
-0.0006745541042116,7.432105117571858e-08
-0.0006745541042116,7.432105117571858e-08
-0.0006745540935205999,7.432149492173657e-08
-0.0006745541042116,7.432105117571858e-08
-0.0006745541042116,7.432105117571858e-08
-0.0006745541042116,7.432105117571988e-08
-0.0006745541042116,7.432105117571858e-08
-0.0006745541042116,7.432105117571858e-08
-0.000674554104211599,7.432105586832801e-08
-0.0006745541042116,7.432105117571858e-08
-0.0006745541042116,7.432105117571858e-08
89128.95906365414,-15.113399651104764
-0.000674554104211599,7.432105117571837e-08
-0.0006745541042116,7.432105117571858e-08
-0.0006745541042116,7.432105117571858e-08
-0.0006745541032931887,7.432702197436995e-08
-0.0006745541042116,7.432105117571858e-08
-0.0006745541042116,7.432105117571858e-08
-0.0006745541042116,7.432105117572e-08
-0.0006745541042116,7.432105117571858e-08
-0.0006745541042116,7.432105117571858e-08
-0.0006745541030742816,7.432105490501939e-08
-0.0006745541042116,7.432105117571858e-08
-0.0006745541042116,7.432105117571858e-08
0.00013836105769564832,3.8257615445804665
-0.0006745541042115992,7.43210511757184e-08
-0.0006745541042116,7.432105117571858e-08
-0.0006745541042116,7.432105117571858e-08
-0.000674554104210041,7.432107050276871e-08
-0.0006745541042116,7.432105117571858e-08
-0.0006745541042116,7.432105117571858e-08
-0.0006745541042116,7.432105117571858e-08
-0.0006745541042116,7.432105117571858e-08
-0.0006745541042116,7.432105117571858e-08
-0.0006745541042095857,7.432105683933817e-08
-0.0006745541042116,7.432105117571858e-08
-0.0006745541042116,7.432105117571858e-08
0.00013850015387748482,3.8264160035653187
-0.0006745541042115992,7.43210511757184e-08
-0.0006745541042116,7.432105117571858e-08
-0.0006745541042116,7.432105117571858e-08
-0.0006745541042086905,7.432167675608171e-08
-0.0006745541042116,7.432105117571858e-08
-0.0006745541042116,7.432105117571858e-08
-0.0006745541042116,7.432105117571858e-08
-0.0006745541042116,7.432105117571858e-08
-0.0006745541042116,7.432105117571858e-08
-0.0006745541040170326,7.432105396639769e-08
-0.0006745541042116,7.432105117571858e-08
-0.0006745541042116,7.432105117571858e-08
126443836633.5506,-26867357.61116562
-0.0006745541042115992,7.43210511757184e-08
-0.0006745541042116,7.432105117571858e-08
-0.000674554104211599,7.43210556182157e-08
-0.0006745541042083368,7.432105542399835e-08
-0.0006745541042116,7.432105117571858e-08
-0.0006745541042116,7.432105117571858e-08
-0.0006745541042116,7.432105117571858e-08
-0.0006745539431966801,7.432101696253613e-08
-0.0006745541042099809,7.432867102214054e-08
-0.0006745541042053533,7.432105117439124e-08
-0.0006745541042116,7.432105117571858e-08
-0.0006745541042116,7.432105117571858e-08
0.00013877606656853244,3.827714669536375
-0.0006745541042115986,7.432105783805312e-08
-0.0006745541042116,7.432105117571858e-08
-0.0006745540487202572,7.432103938466568e-08
-0.0006745541042112457,7.432105266115531e-08
-0.0006745541042116,7.432105117571858e-08
-0.0006745541042116,7.432105117571858e-08
-0.0006745541042116,7.432105117571941e-08
-0.0006745541042116,7.432105117571858e-08
-0.0006745541042116,7.432105117571858e-08
-0.00067455410420166,7.43210518156916e-08
-0.0006745541042116,7.432105117571858e-08
-0.0006745541042116,7.432105117571858e-08
0.000138913085679594,3.828359353359705
-0.0006745541042115986,7.432105781029754e-08
0.004270568886668969,-9.764411709290206e-07
-0.0006745541042115989,7.432105633985134e-08
-0.0006745541042115996,7.432105331407459e-08
-0.0006745541042116,7.432105117571858e-08
-0.0006745541042116,7.432105117571858e-08
-0.0006745541042116,7.432105117571926e-08
-0.0006745522703963196,7.432066151830812e-08
-0.0006745541042116,7.432105117571858e-08
-0.0006745541041964939,7.432105158722597e-08
-0.0006745541042116,7.432105117571858e-08
-0.0006745541042116,7.432105117571858e-08
1.9023205152481382e+17,-40421371428851.734
-0.0006745541042115987,7.432105753274094e-08
0.002530429715355654,-6.066884861540186e-07
-0.000674554104211369,7.432213871384818e-08
-0.0006745541042111991,7.432105144119281e-08
-0.0006745541042116,7.432105117571858e-08
-0.0006745541042116,7.432105117571858e-08
-0.0006745541042116,7.432105117571916e-08
-0.0006745541030034101,7.43210509189969e-08
-0.0006745541042116,7.432105117571858e-08
-0.0006745541042001611,7.432105167312453e-08
-0.0006745541042116,7.432105117571858e-08
-0.0006745541042116,7.432105117571858e-08
8.914020557248496e-05,3.8296580299653558
-0.0006745541042115972,7.432105867170648e-08
0.0011644477501330625,-3.1643842608893947e-07
-0.000674554104169387,7.432111114425208e-08
-0.0006745541042112564,7.432105131189465e-08
-0.0006745541042116,7.432105117571858e-08
-0.0006745541042116,7.432105117571858e-08
-0.0006745541042116,7.432105117571908e-08
-0.0006745541041569687,7.432105116411027e-08
-0.0006745541042116,7.432105117571858e-08
-0.0006745541041449863,7.432105285512433e-08
-0.0006745541042116,7.432105117571858e-08
-0.0006745541042116,7.432105117571858e-08
0.00013932809455247813,3.8303124783156135
-0.0006745541042115986,7.432105761600004e-08
0.00043965458753447207,-1.6243107874836255e-07
-0.0006745541042116,7.432105117571858e-08
-0.0006745541042114064,7.432105185251252e-08
-0.0006745541042116,7.432105117571858e-08
-0.0006745541042116,7.432105117571858e-08
-0.0006745541042116,7.432105117571903e-08
-0.0006745541040259376,7.432105113626818e-08
-0.0006745541042115595,7.432124217821508e-08
-0.0006745541042088371,7.43210528062414e-08
-0.0006745541042116,7.432105117571858e-08
-0.0006745541042116,7.432105117571858e-08
2.7200829606698806e+23,-5.779755976410557e+19
-0.0006745541042115986,7.43210576992655e-08
0.0001419494752450568,-9.917334261155836e-08
-0.0006745541042116,7.432105117571858e-08
-0.0006745541042115999,7.432105162010011e-08
-0.0006745541042116,7.432105117571858e-08
-0.0006745541042116,7.432105117571858e-08
-0.0006745541042116,7.432105117571902e-08
-0.0006744065492761429,0.0006944987431991902
-0.000674554102711634,7.43228840572986e-08
-0.0006745541031311318,7.432106055331838e-08
-0.0006745541042116,7.432105117571858e-08
-0.0006745541042116,7.432105117571858e-08
-71.67985908504726,3.8468322612262513
-0.0006745541042115989,7.432105628373201e-08
-0.000674554103252072,7.43210509718337e-08
-0.00067455410421154,7.432133371782257e-08
-0.0006745541042114022,7.432105160082971e-08
-0.0006745541042116,7.432105117571858e-08
-0.0006745541042116,7.432105117571858e-08
-0.0006745541042116,7.432105117571898e-08
-0.0006745541039236928,7.432138691562587e-08
-0.0006745541034368167,7.43216444899276e-08
-0.0006745541042000537,7.432105117326516e-08
-0.0006745541042116,7.432105117571858e-08
-0.0006745541042116,7.432105117571858e-08
0.0001397389492838123,3.8322460529484768
-0.000674554104211599,7.432105578413167e-08
-0.00024921536869636695,-1.6056857665254906e-08
-0.000674554104211593,7.432108427303559e-08
-0.0006745541042112389,7.432105217542407e-08
-0.0006745541042116,7.432105117571858e-08
-0.0006745541042116,7.432105117571858e-08
-0.0006745541042116,7.432105117571891e-08
-0.0006745541042115279,7.432139052939171e-08
-0.0006745541042115328,7.43213674548595e-08
-0.0006745541042006602,7.432105435234095e-08
-0.0006745541042116,7.432105117571858e-08
-0.0006745541042116,7.432105117571858e-08
4.056481738486466e+29,-8.619396875102467e+25
-0.0006745541042115992,7.43210550347269e-08
-0.0006745541042114785,7.432162331813675e-08
-0.0006745541040131524,7.432263604840388e-08
-0.0006745541042085724,7.432105700374627e-08
-0.0006745541042116,7.432105117571858e-08
-0.0006745541042116,7.432105117571858e-08
-0.0006745541042116,7.432105117571891e-08
-0.0006745155930949198,0.00018130952990861926
-0.0006745541042115042,7.432150245822018e-08
-0.0006745541041979398,7.432105591901955e-08
-0.0006745541042116,7.432105117571858e-08
-0.0006745541042116,7.432105117571858e-08
-107374181.57590488,22819.18795300881
-0.0006745541042115993,7.43210547150463e-08
-0.0006745541042116,7.432105117571858e-08
-0.0006745541042115802,7.432114445973278e-08
-0.0006745541042103074,7.432105800563062e-08
-0.0006745541042116,7.432105117571858e-08
-0.0006745541042116,7.432105117571858e-08
-0.0006745541042116,7.432105117571885e-08
-0.0006745541017241745,7.432105064717909e-08
-0.0006745541042116,7.432105117571858e-08
-0.0006745541041445144,7.432105474379589e-08
-0.0006745541042116,7.432105117571858e-08
-0.0006745541042116,7.432105117571858e-08
0.0001401539581566964,3.8341991779043854
-0.000674554104211599,7.432105404891221e-08
-0.0006745541042116,7.432105117571858e-08
-0.0006745541038330989,7.432125542692565e-08
-0.0006745541041085385,7.432105115381959e-08
-0.0006745541042116,7.432105117571858e-08
-0.0006745541042116,7.432105117571858e-08
-0.0006745541042116,7.432105117571882e-08
-0.0006745540993788579,7.432105014883555e-08
-0.0006745541042116,7.432105117571858e-08
-0.0006745541041458474,7.432105186280765e-08
-0.0006745541042116,7.432105117571858e-08
-0.0006745541042116,7.432105117571858e-08
5.84860301773108e+35,-1.2427377669782236e+32
-0.0006745541042115986,7.432105608898384e-08
-0.0006745541042116,7.432105117571858e-08
-0.0006745541001397551,7.434947202058647e-08
-0.0006745541042115977,7.432106172744324e-08
-0.0006745541042116,7.432105117571858e-08
-0.0006745541042116,7.432105117571858e-08
-0.0006745541042116,7.432105117571878e-08
-0.0006745540935229402,7.432104890454354e-08
-0.0006745541042116,7.432105117571858e-08
-0.0006745541042108078,7.432105578483133e-08
-0.0006745541042116,7.432105117571858e-08
-0.0006745541042116,7.432105117571858e-08
-151996490032255.38,32296905442.374203
-0.0006745541042115988,7.432105572815925e-08
-0.0006745541042116,7.432105117571858e-08
-0.0006745541042115598,7.43212403577177e-08
-0.0006745541042109086,7.432105586856586e-08
-0.0006745541042116,7.432105117571858e-08
-0.0006745541042116,7.432105117571858e-08
-0.0006745541042116,7.432105117571877e-08
-0.0006745541042116,7.432105117571858e-08
-0.0006745541042116,7.432105117571858e-08
-0.0006745541041991406,7.432142965550846e-08
-0.0006745541042116,7.432105117571858e-08
-0.0006745541042116,7.432105117571858e-08
0.00014060653613772107,3.8361327525283837
-0.0006745541042115989,7.432105553386854e-08
-0.0006745541042116,7.432105117571858e-08
-0.0006745541038704464,7.432105110322871e-08
-0.0006745541042112088,7.432105456296053e-08
-0.0006745541042116,7.432105117571858e-08
-0.0006745541042116,7.432105117571858e-08
-0.0006745541042116,7.432105117571875e-08
-0.0006745541042116,7.432105117571858e-08
-0.0006745541042116,7.432105117571858e-08
-0.0006745541042103436,7.432105117545162e-08
-0.0006745541042116,7.432105117571858e-08
-0.0006745541042116,7.432105117571858e-08
0.0001407038246491628,3.8367869731035347
-0.0006745541042115993,7.432105381275989e-08
-0.0006745541042116,7.432105117571858e-08
-0.0006745541042115971,7.432106477908689e-08
-0.0006745541040969597,7.432105139609787e-08
-0.0006745541042116,7.432105117571858e-08
-0.0006745541042116,7.432105117571858e-08
-0.0006745541042116,7.432105117571874e-08
-0.0006745540951713551,7.432104925480622e-08
-0.0006719457155299292,7.376680888643282e-08
-0.0006745541042104181,7.432106006094659e-08
-0.0006745541042116,7.432105117571858e-08
-0.0006745541042116,7.432105117571858e-08
-2.3021535239857085e+20,4.8917205031107416e+16
-0.0006745541042115995,7.43210528203667e-08
-0.0006745533093421454,3.8151552117632205e-06
-0.0006745541026693477,7.432106228644269e-08
-0.0006745541042112338,7.432105137513397e-08
-0.0006745541042116,7.432105117571858e-08
-0.0006745541042116,7.432105117571858e-08
-0.0006745541042116,7.432105117571871e-08
-0.0006745540726066599,7.432104446015717e-08
-0.0006745541042116,7.432105117571858e-08
-0.0006745541042094213,7.432359586394825e-08
-0.0006745541042116,7.432105117571858e-08
-0.0006745541042116,7.432105117571858e-08
0.05889097626940664,3.83806361886477
-0.0006745541042115996,7.432105251505495e-08
-0.0006745541042116,7.432105117571858e-08
-0.0006745541042115969,7.432106605896127e-08
-0.0006745541042111101,7.432105348045958e-08
-0.0006745541042116,7.432105117571858e-08
-0.0006745541042116,7.432105117571858e-08
-0.0006745541042116,7.43210511757187e-08
-0.0006745541042116,7.432105117571858e-08
-0.0006745541042116,7.432105117571858e-08
-0.0006745541042084489,7.432105117504901e-08
-0.0006745541042116,7.432105117571858e-08
-0.0006745541042116,7.432105117571858e-08
0.0001411167564512719,3.838730322897921
-0.0006745541042115997,7.432105237627656e-08
-0.0006745541042116,7.432105117571858e-08
-0.0006745541042113237,7.432235186896625e-08
-0.0006745541042012153,7.432105152406772e-08
-0.0006745541042116,7.432105117571858e-08
-0.0006745541042116,7.432105117571858e-08
-0.0006745541042116,7.432105117571869e-08
-0.0006743943917592586,0.0007517169890008588
-0.0006745541042116,7.432105117571858e-08
-0.0006745541042115988,7.432105695071243e-08
-0.0006745541042116,7.432105117571858e-08
-0.0006745541042116,7.432105117571858e-08
-2.3021535239857085e+20,4.8917205031107416e+16
-0.0006745541042115997,7.43210520917798e-08
-0.0006745541042116,7.432105117571858e-08
-0.0006745541042115506,7.432128397804326e-08
-0.0006745541042072949,7.432105608979813e-08
-0.0006745541042116,7.432105117571858e-08
-0.0006745541042116,7.432105117571858e-08
-0.0006745541042116,7.432105117571867e-08
-0.0006745541042116,7.432105117571858e-08
-0.0006745541042116,7.432105117571858e-08
-0.0006745541041458478,7.432105116174725e-08
-0.0006745541042116,7.432105117571858e-08
-0.0006745541042116,7.432105117571858e-08
89128.95906681857,-15.098507073315963
-0.0006745541042115998,7.432105190089563e-08
-0.0006745541042116,7.432105117571858e-08
-0.0006745541042113418,7.432226660156307e-08
-0.0006745541042049902,7.432106044918108e-08
-0.0006745541042116,7.432105117571858e-08
-0.0006745541042116,7.432105117571858e-08
-0.0006745541042116,7.432105117571866e-08
-0.0006745541042116,7.432105117571858e-08
-0.0006745541042116,7.432105117571858e-08
-0.0006745541040081471,7.432133369067802e-08
-0.0006745541042116,7.432105117571858e-08
-0.0006745541042116,7.432105117571858e-08
0.0001415296882533811,3.8406736726923065
-0.0006745541042115998,7.43210518280371e-08
-0.0006745541042116,7.432105117571858e-08
-0.0006745541042116,7.432105117571858e-08
-0.0006745541042115994,7.432105445087642e-08
-0.0006745541042116,7.432105117571858e-08
-0.0006745541042116,7.432105117571858e-08
-0.0006745541042116,7.432105117571866e-08
-0.0006745541042116,7.432105117571858e-08
-0.0006745541042116,7.432105117571858e-08
-0.0006745541042116,7.432105117571858e-08
-0.0006745541042116,7.432105117571858e-08
-0.0006745541042116,7.432105117571858e-08
-4.9326818423565744e+32,1.048118670287582e+29
-0.0006745541042116,7.432105117571857e-08
-0.0006745541042116,7.432105117571858e-08
-0.0006745541042116,7.432105117571858e-08
-0.0006745541042076285,7.43210534380771e-08
-0.0006745541042116,7.432105117571858e-08
-0.0006745541042116,7.432105117571858e-08
-0.0006745541042116,7.432105117571865e-08
-0.0006745541042116,7.432105117571858e-08
-0.0006745541042116,7.432105117571858e-08
-0.0006745541042115506,7.432128399511944e-08
-0.0006745541042116,7.432105117571858e-08
-0.0006745541042116,7.432105117571858e-08
89128.95906723359,-15.096553948360054
-0.0006745541042115999,7.43210515782056e-08
-0.0006745541042116,7.432105117571858e-08
-0.0006737628128725868,0.0037240690657432095
-0.0006745541041324965,7.432116177308092e-08
-0.0006745541042116,7.432105117571858e-08
-0.0006745541042116,7.432105117571858e-08
-0.0006745541042116,7.432105117571865e-08
-0.0006745541042116,7.432105117571858e-08
-0.0006745541042116,7.432105117571858e-08
0.0007449748333063033,-2.2730691307895555e-07
-0.0006745541042116,7.432105117571858e-08
-0.0006745541042116,7.432105117571858e-08
0.00014194262005546698,3.8426170224866927
-0.0006745541042115999,7.432105158167504e-08
-0.0006745541042116,7.432105117571858e-08
-0.0006740027398772229,0.0025949187006085997
-0.0006745541042115829,7.432113203577905e-08
-0.0006745541042116,7.432105117571858e-08
-0.0006745541042116,7.432105117571858e-08
-0.0006745541042116,7.432105117571863e-08
-0.0006745541042116,7.432105117571858e-08
-0.0006745541042116,7.432105117571858e-08
-0.0006745541042116,7.432105117571858e-08
-0.0006745541042116,7.432105117571858e-08
-0.0006745541042116,7.432105117571858e-08
-4.9326818423565744e+32,1.048118670287582e+29
-0.0006745541042115999,7.432105153136806e-08
-0.0006745541042116,7.432105117571858e-08
-0.0006745541042116,7.432105117571858e-08
-0.0006745541042115681,7.432120134927639e-08
-0.0006745541042116,7.432105117571858e-08
-0.0006745541042116,7.432105117571858e-08
-0.0006745541042116,7.432105117571862e-08
-0.0006745541042116,7.432105117571858e-08
-0.0006745541042116,7.432105117571858e-08
1.6135481665977198e-05,-7.243981308988224e-08
-0.0006745541042116,7.432105117571858e-08
-0.0006745541042116,7.432105117571858e-08
126443836633.55061,-26867357.594319917
-0.0006745541042115999,7.432105137349258e-08
-0.0006745541042116,7.432105117571858e-08
-0.0006745541042116,7.432105117571858e-08
2750.8280051876295,12915857.70706493
-0.0006745541042116,7.432105117571858e-08
-0.0006745541042116,7.432105117571858e-08
-0.0006745541042116,7.432105117571862e-08
-0.0006745541042116,7.432105117571858e-08
-0.0006745541042116,7.432105117571858e-08
-0.0006745541042116,7.432105117571858e-08
-0.0006745541042116,7.432105117571858e-08
-0.0006745541042116,7.432105117571858e-08
0.00014235551809715788,3.844560372281086
-0.0006745541042115999,7.432105136308425e-08
-0.0006745541042116,7.432105117571858e-08
-0.0006745541042116,7.432105117571858e-08
6714.265790355646,31598845.286661133
-0.0006745541042116,7.432105117571858e-08
-0.0006745541042116,7.432105117571858e-08
-0.0006745541042116,7.432105117571862e-08
-0.0006745541042116,7.432105117571858e-08
-0.0006745541042116,7.432105117571858e-08
0.001004371447545242,-2.824246853339219e-07
-0.0006745541042116,7.432105117571858e-08
-0.0006745541042116,7.432105117571858e-08
0.00014249253720821945,3.8452050561044158
-0.0006745541042115999,7.432105133099182e-08
-0.0006745541042116,7.432105117571858e-08
-0.0006745541042116,7.432105117571858e-08
-0.0005753378533039306,5.3239130975776303e-08
-0.0006745541042116,7.432105117571858e-08
-0.0006745541042116,7.432105117571858e-08
-0.0006745541042116,7.432105117571862e-08
-0.0006745541042116,7.432105117571858e-08
-0.0006745541042116,7.432105117571858e-08
-0.0006745541042116,7.432105117571858e-08
-0.0006745541042116,7.432105117571858e-08
-0.0006745541042116,7.432105117571858e-08
1.9023205152481382e+17,-40421371428851.72
-0.0006745541042116,7.432105129196054e-08
-0.0006745541042116,7.432105117571858e-08
-0.0006745541042116,7.432105117571858e-08
-0.0005705694600016722,5.2225921081625996e-08
-0.0006745541042116,7.432105117571858e-08
-0.0006745541042116,7.432105117571858e-08
-0.0006745541042116,7.432105117571862e-08
-0.0006745541042116,7.432105117571858e-08
-0.0006745541042116,7.432105117571858e-08
-0.0006745541042116,7.432105117571858e-08
-0.0006745541042116,7.432105117571858e-08
-0.0006745541042116,7.432105117571858e-08
9.271965710111051e-05,3.846503732710067
-0.0006745541042116,7.432105127243716e-08
-0.0006745541042116,7.432105117571858e-08
-0.0006745541042116,7.432105117571858e-08
-0.0006745541042116,7.432105117571858e-08
-0.0006745541042116,7.432105117571858e-08
-0.0006745541042116,7.432105117571858e-08
-0.0006745541042116,7.432105117571861e-08
-0.0006745541042116,7.432105117571858e-08
-0.0006745541042116,7.432105117571858e-08
-0.0006745541042116,7.432105117571858e-08
-0.0006745541042116,7.432105117571858e-08
-0.0006745541042116,7.432105117571858e-08
0.00014290546901032865,3.847148405898802
-0.0006745541042116,7.432105124945207e-08
-0.0006745541042116,7.432105117571858e-08
-0.0006745541042116,7.432105117571858e-08
-0.0006745541042116,7.432105117571858e-08
-0.0006745541042116,7.432105117571858e-08
-0.0006745541042116,7.432105117571858e-08
-0.0006745541042116,7.432105117571861e-08
-0.0006745541042116,7.432105117571858e-08
-0.0006745541042116,7.432105117571858e-08
-0.0006745541042116,7.432105117571858e-08
-0.0006745541042116,7.432105117571858e-08
-0.0006745541042116,7.432105117571858e-08
4.056481738486466e+29,-8.619396875102467e+25
-0.0006745541042116,7.432105117571858e-08
-0.0006745541042116,7.432105117571858e-08
-0.0006745541042116,7.432105117571858e-08
-0.0006745541042116,7.432105117571858e-08
-0.0006745541042116,7.432105117571858e-08
-0.0006745541042116,7.432105117571858e-08
-0.0006745541042116,7.432105117571858e-08
-0.0006745541042116,7.432105117571858e-08
-0.0006745541042116,7.432105117571858e-08
-0.0006745541042116,7.432105117571858e-08
-0.0006745541042116,7.432105117571858e-08
-0.0006745541042116,7.432105117571858e-08
-71.67985550559573,3.863677963970962
-0.0006745541042116,7.432105124511525e-08
-0.0006745541042116,7.432105117571858e-08
-0.0006745541042116,7.432105117571858e-08
-0.0006745541042116,7.432105117571858e-08
-0.0006745541042116,7.432105117571858e-08
-0.0006745541042116,7.432105117571858e-08
-0.0006745541042116,7.432105117571861e-08
-0.0006745541042116,7.432105117571858e-08
-0.0006745541042116,7.432105117571858e-08
-0.0006745541042116,7.432105117571858e-08
-0.0006745541042116,7.432105117571858e-08
-0.0006745541042116,7.432105117571858e-08
0.00014332047788321277,3.84910153085471
-0.0006745541042116,7.432105122928203e-08
-0.0006745541042116,7.432105117571858e-08
-0.0006745541042116,7.432105117571858e-08
-0.0006745541042116,7.432105117571858e-08
-0.0006745541042116,7.432105117571858e-08
-0.0006745541042116,7.432105117571858e-08
-0.0006745541042116,7.432105117571861e-08
-0.0006745541042116,7.432105117571858e-08
-0.0006745541042116,7.432105117571858e-08
-0.0006745541042116,7.432105117571858e-08
-0.0006745541042116,7.432105117571858e-08
-0.0006745541042116,7.432105117571858e-08
4.056481738486466e+29,-8.619396875102467e+25
-0.0006745541042116,7.432105122386102e-08
-0.0006745541042116,7.432105117571858e-08
-0.0006745541042116,7.432105117571858e-08
-0.0006745541042116,7.432105117571858e-08
-0.0006745541042116,7.432105117571858e-08
-0.0006745541042116,7.432105117571858e-08
-0.0006745541042116,7.432105117571861e-08
-0.0006745541042116,7.432105117571858e-08
-0.0006745541042116,7.432105117571858e-08
-0.0006745541042116,7.432105117571858e-08
-0.0006745541042116,7.432105117571858e-08
-0.0006745541042116,7.432105117571858e-08
-107374181.5759013,22819.204798711555
-0.0006745541042116,7.432105122147578e-08
-0.0006745541042116,7.432105117571858e-08
-0.0006745541042116,7.432105117571858e-08
-0.0006745541042116,7.432105117571858e-08
-0.0006745541042116,7.432105117571858e-08
-0.0006745541042116,7.432105117571858e-08
-0.0006745541042116,7.432105117571861e-08
-0.0006745540982709212,7.432104991341614e-08
-0.0006745541042116,7.432105117571858e-08
-0.0006745541042116,7.432105117571858e-08
-0.0006745541042116,7.432105117571858e-08
-0.0006745541042116,7.432105117571858e-08
0.00014373133264183175,3.8510351054875738
-0.0006745541042116,7.432105122407786e-08
-0.0006745541042116,7.432105117571858e-08
-0.0006745541042116,7.432105117571858e-08
-0.0006745541042116,7.432105117571858e-08
-0.0006745541042116,7.432105117571858e-08
-0.0006745541042116,7.432105117571858e-08
-0.0006745541042116,7.432105117571861e-08
-0.0006745541042116,7.432105117571858e-08
-0.0006745541042116,7.432105117571858e-08
-0.0006745541042116,7.432105117571858e-08
-0.0006745541042116,7.432105117571858e-08
-0.0006745541042116,7.432105117571858e-08
-0.0003547648681352244,1.5050000355775444
-0.0006745541042116,7.432105121453688e-08
-0.0006745541042116,7.432105117571858e-08
-0.0006745541042116,7.432105117571858e-08
-0.0006745541042116,7.432105117571858e-08
-0.0006745541042116,7.432105117571858e-08
-0.0006745541042116,7.432105117571858e-08
-0.0006745541042116,7.432105117571861e-08
-0.0006745541042116,7.432105117571858e-08
-0.0006745541042116,7.432105117571858e-08
-0.0006745541042116,7.432105117571858e-08
-0.0006745541042116,7.432105117571858e-08
-0.0006745541042116,7.432105117571858e-08
-0.00028730102677238846,1.8225000236416609
-0.0006745541042116,7.432105121735581e-08
-0.0006745541042116,7.432105117571858e-08
-0.0006745541042116,7.432105117571858e-08
-0.0006745541042116,7.432105117571858e-08
-0.0006745541042116,7.432105117571858e-08
-0.0006745541042116,7.432105117571858e-08
-0.0006745541042116,7.432105117571861e-08
-0.0006745541042116,7.432105117571858e-08
-0.0006745541042116,7.432105117571858e-08
-0.0006745541042116,7.432105117571858e-08
-0.0006745541042116,7.432105117571858e-08
-0.0006745541042116,7.432105117571858e-08
-4.9326818423565744e+32,1.048118670287582e+29
-0.0006745541042116,7.432105120976638e-08
-0.0006745541042116,7.432105117571858e-08
-0.0006745541042116,7.432105117571858e-08
-0.0006745541042116,7.432105117571858e-08
-0.0006745541042116,7.432105117571858e-08
-0.0006745541042116,7.432105117571858e-08
-0.0006745541042116,7.432105117571861e-08
-0.0006745541042116,7.432105117571858e-08
-0.0006745541042116,7.432105117571858e-08
-0.0006745541042116,7.432105117571858e-08
-0.0006745541042116,7.432105117571858e-08
-0.0006745541042116,7.432105117571858e-08
-0.0002463977786042671,2.0149998953183457
-0.0006745541042116,7.432105121345268e-08
-0.0006745541042116,7.432105117571858e-08
-0.0006745541042116,7.432105117571858e-08
-0.0006745541042116,7.432105117571858e-08
-0.0006745541042116,7.432105117571858e-08
-0.0006745541042116,7.432105117571858e-08
-0.0006745541042116,7.432105117571861e-08
-0.0006745541042116,7.432105117571858e-08
-0.0006745541042116,7.432105117571858e-08
-0.0006745541042116,7.432105117571858e-08
-0.0006745541042116,7.432105117571858e-08
-0.0006745541042116,7.432105117571858e-08
-0.00022886780786648655,2.0974998743824353
-0.0006745541042116,7.432105120499204e-08
-0.0006745541042116,7.432105117571858e-08
-0.0006745541042116,7.432105117571858e-08
-0.0006745541042116,7.432105117571858e-08
-0.0006745541042116,7.432105117571858e-08
-0.0006745541042116,7.432105117571858e-08
-0.0006745541042116,7.432105117571861e-08
-0.0006745541042116,7.432105117571858e-08
-0.0006745541042116,7.432105117571858e-08
-0.0006745541042116,7.432105117571858e-08
-0.0006745541042116,7.432105117571858e-08
-0.0006745541042116,7.432105117571858e-08
-0.00026138666368725767,2.179999864081127
-0.0006745541042116,7.432105120542957e-08
-0.0006745541042116,7.432105117571858e-08
-0.0006745541042116,7.432105117571858e-08
-0.0006745541042116,7.432105117571858e-08
-0.0006745541042116,7.432105117571858e-08
-0.0006745541042116,7.432105117571858e-08
-0.0006745541042116,7.432105117571861e-08
-0.0006745541042116,7.432105117571858e-08
-0.0006745541042116,7.432105117571858e-08
-0.0006745541042116,7.432105117571858e-08
-0.0006745541042116,7.432105117571858e-08
-0.0006745541042116,7.432105117571858e-08
-151996490032255.38,32296905440.79559
-0.0006745541042116,7.432105120781482e-08
-0.0006745541042116,7.432105117571858e-08
-0.0006745541042116,7.432105117571858e-08
-0.0006745541042116,7.432105117571858e-08
-0.0006745541042116,7.432105117571858e-08
-0.0006745541042116,7.432105117571858e-08
-0.0006745541042116,7.432105117571861e-08
-0.0006745541042116,7.432105117571858e-08
-0.0006745541042116,7.432105117571858e-08
-0.0006745541042116,7.432105117571858e-08
-0.0006745541042116,7.432105117571858e-08
-0.0006745541042116,7.432105117571858e-08
-2.3021535239857085e+20,4.8917205031107416e+16
-0.0006745541042116,7.432105121453687e-08
-0.0006745541042116,7.432105117571858e-08
-0.0006745541042116,7.432105117571858e-08
-0.0006745541042116,7.432105117571858e-08
-0.0006745541042116,7.432105117571858e-08
-0.0006745541042116,7.432105117571858e-08
-0.0006745541042116,7.432105117571861e-08
-0.0006745541042116,7.432105117571858e-08
-0.0006745541042116,7.432105117571858e-08
-0.0006745541042116,7.432105117571858e-08
-0.0006745541042116,7.432105117571858e-08
-0.0006745541042116,7.432105117571858e-08
-3.2186439114224515e+26,6.839120957693132e+22
-0.0006745541042116,7.432105121323583e-08
-0.0006745541042116,7.432105117571858e-08
-0.0006745541042116,7.432105117571858e-08
-0.0006745541042116,7.432105117571858e-08
-0.0006745541042116,7.432105117571858e-08
-0.0006745541042116,7.432105117571858e-08
-0.0006745541042116,7.432105117571861e-08
-0.0006745541042116,7.432105117571858e-08
-0.0006745541042116,7.432105117571858e-08
-0.0006745541042116,7.432105117571858e-08
-0.0006745541042116,7.432105117571858e-08
-0.0006745541042116,7.432105117571858e-08
-4.9326818423565744e+32,1.048118670287582e+29
-0.0006745541042116,7.432105121887368e-08
-0.0006745541042116,7.432105117571858e-08
-0.0006745541042116,7.432105117571858e-08
-0.0006745541042116,7.432105117571858e-08
-0.0006745541042116,7.432105117571858e-08
-0.0006745541042116,7.432105117571858e-08
-0.0006745541042116,7.432105117571861e-08
-0.0006745541042116,7.432105117571858e-08
-0.0006745541042116,7.432105117571858e-08
-0.0006745541042116,7.432105117571858e-08
-0.0006745541042116,7.432105117571858e-08
-0.0006745541042116,7.432105117571858e-08
4.056481738486466e+29,-8.619396875102467e+25
-0.0006745541042116,7.432105122255997e-08
-0.0006745541042116,7.432105117571858e-08
-0.0006745541042116,7.432105117571858e-08
-0.0006745541042116,7.432105117571858e-08
-0.0006745541042116,7.432105117571858e-08
-0.0006745541042116,7.432105117571858e-08
-0.0006745541042116,7.432105117571861e-08
-0.0006745541042116,7.432105117571858e-08
-0.0006745541042116,7.432105117571858e-08
-0.0006745541042116,7.432105117571858e-08
-0.0006745541042116,7.432105117571858e-08
-0.0006745541042116,7.432105117571858e-08
5.84860301773108e+35,-1.2427377669782236e+32
-0.0006745541042116,7.432105122906518e-08
-0.0006745541042116,7.432105117571858e-08
-0.0006745541042116,7.432105117571858e-08
-0.0006745541042116,7.432105117571858e-08
-0.0006745541042116,7.432105117571858e-08
-0.0006745541042116,7.432105117571858e-08
-0.0006745541042116,7.432105117571861e-08
-0.0006745541042116,7.432105117571858e-08
-0.0006745541042116,7.432105117571858e-08
-0.0006745541042116,7.432105117571858e-08
-0.0006745541042116,7.432105117571858e-08
-0.0006745541042116,7.432105117571858e-08
5.84860301773108e+35,-1.2427377669782236e+32
-0.0006745541042116,7.432105122386101e-08
-0.0006745541042116,7.432105117571858e-08
-0.0006745541042116,7.432105117571858e-08
-0.0006745541042116,7.432105117571858e-08
-0.0006745541042116,7.432105117571858e-08
-0.0006745541042116,7.432105117571858e-08
-0.0006745541042116,7.432105117571861e-08
-0.0006745541042116,7.432105117571858e-08
-0.0006745541042116,7.432105117571858e-08
-0.0006745541042116,7.432105117571858e-08
-0.0006745541042116,7.432105117571858e-08
-0.0006745541042116,7.432105117571858e-08
-0.000138362640445328,2.5234375173548513
-0.0006745541042116,7.432105122602941e-08
-0.0006745541042116,7.432105117571858e-08
-0.0006745541042116,7.432105117571858e-08
-0.0006745541042116,7.432105117571858e-08
-0.0006745541042116,7.432105117571858e-08
-0.0006745541042116,7.432105117571858e-08
-0.0006745541042116,7.432105117571861e-08
-0.0006745541042116,7.432105117571858e-08
-0.0006745541042116,7.432105117571858e-08
-0.0006745541042116,7.432105117571858e-08
-0.0006745541042116,7.432105117571858e-08
-0.0006745541042116,7.432105117571858e-08
-0.00013398017309100845,2.544062392911587
-0.0006745541042116,7.432105124554893e-08
377955.78191834607,1778744791.8451185
-0.0006745541042116,7.432105117571858e-08
0.05375538343524474,256.15950967242014
-0.0006745541042116,7.432105117571858e-08
-0.0006745541042116,7.432105117571858e-08
-0.0006745541042116,7.432105117571861e-08
-0.0006745541042116,7.432105117571858e-08
-0.0006745541042116,7.432105117571858e-08
-0.0006745541042116,7.432105117571858e-08
-0.0006745541042116,7.432105117571858e-08
-0.0006745541042116,7.432105117571858e-08
-71.68012821830132,2.58023072731958
-0.0006745541042116,7.432105125769198e-08
552712.1541521902,2601187525.2786045
-0.0006745541042116,7.432105117571858e-08
-0.0006745541042116,7.432105117571858e-08
-0.0006745541042116,7.432105117571858e-08
-0.0006745541042116,7.432105117571858e-08
-0.0006745541042116,7.432105117571861e-08
-0.000674547061382225,3.3219457725181964e-05
-0.0006745541042116,7.432105117571858e-08
-0.0006745541042116,7.432105117571858e-08
-0.0006745541042116,7.432105117571858e-08
-0.0006745541042116,7.432105117571858e-08
89128.95880027913,-16.352901576248204
-0.0006745541042116,7.432105128458021e-08
-0.0006745541042116,7.432105117571858e-08
-0.0006745541042116,7.432105117571858e-08
-0.0006745541042116,7.432105117571858e-08
-0.0006745541042116,7.432105117571858e-08
-0.0006745541042116,7.432105117571858e-08
-0.0006745541042116,7.432105117571861e-08
-0.0006745537907512239,1.5495359760638938e-06
-0.0006745541042116,7.432105117571858e-08
-0.0006745541042116,7.432105117571858e-08
-0.0006745541042116,7.432105117571858e-08
-0.0006745541042116,7.432105117571858e-08
-107374181.57616566,22817.96065811464
-0.0006745541042116,7.432105127850866e-08
-0.0006745541042116,7.432105117571858e-08
-0.0006745541042116,7.432105117571858e-08
-0.0006745541042116,7.432105117571858e-08
-0.0006745541042116,7.432105117571858e-08
-0.0006745541042116,7.432105117571858e-08
-0.0006745541042116,7.432105117571862e-08
-0.0006745539395494039,8.492583249074294e-07
-0.0006745541042116,7.432105117571858e-08
-0.0006745541042116,7.432105117571858e-08
-0.0006745541042116,7.432105117571858e-08
-0.0006745541042116,7.432105117571858e-08
-0.00011631737114413453,2.627187505475969
-0.0006745541042116,7.432105132578763e-08
-0.0006745541042116,7.432105117571858e-08
-0.0006745541042116,7.432105117571858e-08
0.0533134897688141,254.0798588404617
-0.0006745541042116,7.432105117571858e-08
-0.0006745541042116,7.432105117571858e-08
-0.0006745541042116,7.432105117571862e-08
-0.0006745539628300274,7.337750101158916e-07
-0.0006745541042116,7.432105117571858e-08
-0.0006745541042116,7.432105117571858e-08
-0.0006745541042116,7.432105117571858e-08
-0.0006745541042116,7.432105117571858e-08
-0.00011193490378981496,2.647812381032704
-0.0006745541042116,7.432105131190983e-08
-0.0006745541015530882,7.432341022360139e-08
-0.0006745541042116,7.432105117571858e-08
-0.0006745541042116,7.432105117571858e-08
-0.0006745541042116,7.432105117571858e-08
-0.0006745541042116,7.432105117571858e-08
-0.0006745541042116,7.432105117571862e-08
-0.000674553970282225,7.039747918454357e-07
-0.0006745541042116,7.432105117571858e-08
-0.0006745541042116,7.432105117571858e-08
-0.0006745541042116,7.432105117571858e-08
-0.0006745541042116,7.432105117571858e-08
-0.00010755238577523263,2.6684374950080136
-0.0006745541042116,7.432105128197814e-08
-0.0006745541042116,7.432105117571858e-08
-0.0006745541042116,7.432105117571858e-08
0.25856901334146976,282.1600160560532
-0.0006745541042116,7.432105117571858e-08
-0.0006745541042116,7.432105117571858e-08
-0.0006745541042116,7.432105117571862e-08
-0.0006745539917691697,6.033122616069242e-07
-0.0006745541042116,7.432105117571858e-08
-0.0006745541042116,7.432105117571858e-08
-0.0006745541042116,7.432105117571858e-08
-0.0006745541042116,7.432105117571858e-08
126443836633.55035,-26867358.748860907
-0.0006745541042115999,7.432105133272654e-08
-0.0006745541042116,7.432105117571858e-08
-0.0006745541042116,7.432105117571858e-08
-0.0006745541042116,7.432105117571858e-08
-0.0006745541042116,7.432105117571858e-08
-0.0006745541042116,7.432105117571858e-08
-0.0006745541042116,7.432105117571862e-08
-0.0006745540068259655,5.325723053178982e-07
-0.0006745541042116,7.432105117571858e-08
-0.0006745541042116,7.432105117571858e-08
-0.0006745541042116,7.432105117571858e-08
-0.0006745541042116,7.432105117571858e-08
-9.865461985752349e-05,2.7103123796217767
-0.0006745541042116,7.432105118829629e-08
-0.0006745541042116,7.432105117571858e-08
-0.0006745541042116,7.432105117571858e-08
0.005516192018505542,29.13504160715387
-0.0006745541042116,7.432105117571858e-08
-0.0006745541042116,7.432105117571858e-08
-0.0006745541042116,7.432105117571862e-08
-0.0006745540107981407,5.139457689839951e-07
-0.0006745541042116,7.432105117571858e-08
-0.0006745541042116,7.432105117571858e-08
-0.0006745541042116,7.432105117571858e-08
-0.0006745541042116,7.432105117571858e-08
1.9023205152481382e+17,-40421371428852.83
-0.0006745541042116,7.432105117859195e-08
0.09326194558501127,442.0862632876532
-0.0006745541042116,7.432105117571858e-08
0.02249480928380926,109.0402274101185
-0.0006745541042116,7.432105117571858e-08
-0.0006745541042116,7.432105117571858e-08
-0.0006745541042116,7.432105117571862e-08
-0.0006745540084137627,5.251217248901611e-07
-0.0006745541042116,7.432105117571858e-08
-0.0006745541042116,7.432105117571858e-08
-0.0006745541042116,7.432105117571858e-08
-0.0006745541042116,7.432105117571858e-08
4.056481738486466e+29,-8.619396875102467e+25
-0.0006745541042116,7.432105117678257e-08
-0.0006745541042116,7.432105117571858e-08
-0.0006745541042116,7.432105117571858e-08
-0.0006745541042116,7.432105117571858e-08
-0.0006745541042116,7.432105117571858e-08
-0.0006745541042116,7.432105117571858e-08
-0.0006745541042116,7.432105117571863e-08
-0.0006745541042024396,7.432105117377213e-08
-0.0006745541042116,7.432105117571858e-08
-0.0006745541042116,7.432105117571858e-08
-0.0006745541042116,7.432105117571858e-08
-0.0006745541042116,7.432105117571858e-08
-8.78643891625365e-05,2.761093628475398
-0.0006745541042116,7.432105117597441e-08
-0.0006745541042115996,7.432105117627766e-08
-0.0006745541042116,7.432105117571858e-08
-0.0006745541042116,7.432105117571858e-08
-0.0006745541042116,7.432105117571858e-08
-0.0006745541042116,7.432105117571858e-08
-0.0006745541042116,7.432105117571865e-08
-0.0006745541041851744,7.432105117072367e-08
-0.0006745541042116,7.432105117571858e-08
-0.0006745541042116,7.432105117571858e-08
-0.0006745541042116,7.432105117571858e-08
-0.0006745541042116,7.432105117571858e-08
-8.563998144355087e-05,2.7715623496288457
-0.0006745541042116,7.432105117576961e-08
-0.0006745541042116,7.432105117571858e-08
-0.0006745541042116,7.432105117571858e-08
-0.0006745541042116,7.432105117571858e-08
-0.0006745541042116,7.432105117571858e-08
-0.0006745541042116,7.432105117571858e-08
-0.0006745541042116,7.432105117571865e-08
-0.0006745539371388677,8.604377198349558e-07
-0.0006745541042116,7.432105117571858e-08
47.264472541734385,-0.010043039082218715
-0.0006745541042116,7.432105117571858e-08
-0.0006745541042116,7.432105117571858e-08
4.056481738486466e+29,-8.619396875102467e+25
-0.0006745541042116,7.432105117571904e-08
-0.0006745541042116,7.432105117571858e-08
-0.0006745541042116,7.432105117571858e-08
-0.0006745541042116,7.432105117571858e-08
-0.0006745541042116,7.432105117571858e-08
-0.0006745541042116,7.432105117571858e-08
-0.0006745541042116,7.432105117571866e-08
-0.0006745539767035929,6.741734933309618e-07
-0.0006745541042116,7.432105117571858e-08
95.02969592022917,-0.020192410968231034
-0.0006745541042116,7.432105117571858e-08
-0.0006745541042116,7.432105117571858e-08
-8.122424719639071e-05,2.792343627769934
-0.0006745541042116,7.4321051175723e-08
-0.0006745541042116,7.432105117571858e-08
-0.0006745541042116,7.432105117571858e-08
14.586271454604946,68649.44376282403
-0.0006745541042116,7.432105117571858e-08
-0.0006745541042116,7.432105117571858e-08
-0.0006745541042116,7.432105117571858e-08
-0.0006745539632630016,7.374227093219551e-07
-0.0006745541042116,7.432105117571858e-08
-0.0006745541042116,7.432105117571858e-08
-0.0006745541042116,7.432105117571858e-08
-0.0006745541042116,7.432105117571858e-08
-4.9326818423565744e+32,1.048118670287582e+29
-0.0006745541042116,7.432105117572004e-08
-0.0006745541042116,7.432105117571858e-08
-0.0006745541042116,7.432105117571858e-08
-0.0006745541042116,7.432105117571858e-08
-0.0006745541042116,7.432105117571858e-08
-0.0006745541042116,7.432105117571858e-08
-0.0006745541042116,7.43210511757186e-08
-0.0006745539695844277,7.076203876046824e-07
-0.0006745541042116,7.432105117571858e-08
-0.0006745541042116,7.432105117571858e-08
-0.0006745541042116,7.432105117571858e-08
-0.0006745541042116,7.432105117571858e-08
-7.684172918180838e-05,2.8129687417452436
-0.0006745541042116,7.432105117571866e-08
-0.0006745541042116,7.432105117571858e-08
-0.0006745541042116,7.432105117571858e-08
-0.0006745541042116,7.432105117571858e-08
-0.0006745541042116,7.432105117571858e-08
-0.0006745541042116,7.432105117571858e-08
-0.0006745541042116,7.432105117571858e-08
-0.0006745539070068515,1.0020639473725438e-06
-0.0006745541042116,7.432105117571858e-08
-0.0006745541042116,7.432105117571858e-08
-0.0006745541042116,7.432105117571858e-08
-0.0006745541042116,7.432105117571858e-08
-151996490032255.38,32296905441.361996
-0.0006745541042116,7.432105117571912e-08
-0.0006745541042116,7.432105117571858e-08
-0.0006745541042116,7.432105117571858e-08
-0.0006745541042116,7.432105117571858e-08
-0.0006745541042116,7.432105117571858e-08
-0.0006745541042116,7.432105117571858e-08
-0.0006745541042116,7.432105117571858e-08
-0.0006745538539792324,1.2518035698315453e-06
-0.0006745541042116,7.432105117571858e-08
-0.0006745541042116,7.432105117571858e-08
-0.0006745541042116,7.432105117571858e-08
-0.0006745541042116,7.432105117571858e-08
-4.9326818423565744e+32,1.048118670287582e+29
-0.0006745541042116,7.432105117571879e-08
-0.0006745541042116,7.432105117571858e-08
-0.0006745541042116,7.432105117571858e-08
-0.0006745541042116,7.432105117571858e-08
-0.0006745541042116,7.432105117571858e-08
-0.0006745541042116,7.432105117571858e-08
-0.0006745541042116,7.432105117571858e-08
-0.0006745537653503129,1.669036301219642e-06
-0.0006745541042116,7.432105117571858e-08
-0.0006745541042116,7.432105117571858e-08
-0.0006745541042116,7.432105117571858e-08
-0.0006745541042116,7.432105117571858e-08
-0.00012028364690665986,2.844062349090022
-0.0006745541042116,7.432105117571892e-08
-0.0006745541042116,7.432105117571858e-08
-0.0006745541042116,7.432105117571858e-08
-0.0006745541042116,7.432105117571858e-08
-0.0006745541042116,7.432105117571858e-08
-0.0006745541042116,7.432105117571858e-08
-0.0006745541042116,7.432105117571858e-08
-0.0006745537653592272,1.6690364149083765e-06
-0.0006745541042116,7.432105117571858e-08
-0.0006745541042116,7.432105117571858e-08
-0.0006745541042116,7.432105117571858e-08
-0.0006745541042116,7.432105117571858e-08
5.84860301773108e+35,-1.2427377669782236e+32
-0.0006745541042116,7.432105117571922e-08
-0.0006745541042116,7.432105117571858e-08
-0.0006745541042116,7.432105117571858e-08
-0.0006745541042116,7.432105117571858e-08
-0.0006745541042116,7.432105117571858e-08
-0.0006745541042116,7.432105117571858e-08
-0.0006745541042116,7.432105117571858e-08
-0.0006745536924726306,2.0120544939882564e-06
-0.0006745541042116,7.432105117571858e-08
-0.0006745541042116,7.432105117571858e-08
-0.0006745541042116,7.432105117571858e-08
-0.0006745541042116,7.432105117571858e-08
0.05868414622238302,2.8646749689638646
-0.0006745541042116,7.432105117571927e-08
-0.0006745541042116,7.432105117571858e-08
-0.0006745541042116,7.432105117571858e-08
-0.0006745541042116,7.432105117571858e-08
-0.0006745541042116,7.432105117571858e-08
-0.0006745541042116,7.432105117571858e-08
-0.0006745541042116,7.432105117571858e-08
-0.0006745537938157499,1.5349265356169984e-06
-0.0006745541042116,7.432105117571858e-08
-0.0006745541042116,7.432105117571858e-08
-0.0006745541042116,7.432105117571858e-08
-0.0006745541042116,7.432105117571858e-08
1.9023205152481382e+17,-40421371428852.69
-0.0006745541042116,7.432105117571928e-08
-0.0006745541042116,7.432105117571858e-08
-0.0006745541042116,7.432105117571858e-08
-0.0006745541042116,7.432105117571858e-08
-0.0006745541042116,7.432105117571858e-08
-0.0006745541042116,7.432105117571858e-08
-0.0006745541042116,7.432105117571858e-08
-0.000674553820830755,1.4079749479180588e-06
-0.0006745541042116,7.432105117571858e-08
-0.0006745541042116,7.432105117571858e-08
-0.0006745541042116,7.432105117571858e-08
-0.0006745541042116,7.432105117571858e-08
5.84860301773108e+35,-1.2427377669782236e+32
-0.0006745541042116,7.432105117572021e-08
-0.0006745541042116,7.432105117571858e-08
-0.0006745541042116,7.432105117571858e-08
-0.0006745541042116,7.432105117571858e-08
-0.0006745541042116,7.432105117571858e-08
-0.0006745541042116,7.432105117571858e-08
-0.0006745541042116,7.432105117571858e-08
-0.0006745539569490197,7.673710617871595e-07
-0.0006745541042116,7.432105117571858e-08
-0.0006745541042116,7.432105117571858e-08
-0.0006745541042116,7.432105117571858e-08
-0.0006745541042116,7.432105117571858e-08
0.058690786364349164,2.895924968258401
-0.0006745541042116,7.432105117571858e-08
-0.0006745541042116,7.432105117571858e-08
-0.0006745541042116,7.432105117571858e-08
-0.0006745541042116,7.432105117571858e-08
-0.0006745541042116,7.432105117571858e-08
-0.0006745541042116,7.432105117571858e-08
-0.0006745541042116,7.432105117571858e-08
-0.0006745539395346632,8.493275601900327e-07
-0.0006745541042116,7.432105117571858e-08
-0.0006745541042116,7.432105117571858e-08
-0.0006745541042116,7.432105117571858e-08
-0.0006745541042116,7.432105117571858e-08
-5.705413449246443e-05,2.90609360612856
-0.0006745541042116,7.432105117571957e-08
-0.0006745541042116,7.432105117571858e-08
-0.0006745541042116,7.432105117571858e-08
-0.0006745541042116,7.432105117571858e-08
-0.0006745541042116,7.432105117571858e-08
-0.0006745541042116,7.432105117571858e-08
-0.0006745541042116,7.432105117571858e-08
-0.0006745539743635903,6.854149044448527e-07
-0.0006745541042116,7.432105117571858e-08
-0.0006745541042116,7.432105117571858e-08
-0.0006745541042116,7.432105117571858e-08
-0.0006745541042116,7.432105117571858e-08
-71.6800535167042,2.9317932193831124
-0.0006745541042116,7.432105117571945e-08
-0.0006745541042116,7.432105117571858e-08
-0.0006745541042116,7.432105117571858e-08
-0.0006745541042116,7.432105117571858e-08
-0.0006745541042116,7.432105117571858e-08
-0.0006745541042116,7.432105117571858e-08
-0.0006745541042116,7.432105117571858e-08
-0.0006745540373087131,3.891810612376528e-07
-0.0006745541042116,7.432105117571858e-08
-0.0006745541042116,7.432105117571858e-08
-0.0006745541042116,7.432105117571858e-08
-0.0006745541042116,7.432105117571858e-08
-2.3021535239857085e+20,4.8917205031107416e+16
-0.0006745541042116,7.432105117571975e-08
-0.0006745541042116,7.432105117571858e-08
-0.0006745541042116,7.432105117571858e-08
-0.0006745541042116,7.432105117571858e-08
-0.0006745541042116,7.432105117571858e-08
-0.0006745541042116,7.432105117571858e-08
-0.0006745541042116,7.432105117571858e-08
-0.0006745540699685658,2.3547646010788496e-07
-0.0006745541042116,7.432105117571858e-08
-0.0006745541042116,7.432105117571858e-08
-0.0006745541042116,7.432105117571858e-08
-0.0006745541042116,7.432105117571858e-08
-5.041399252631864e-05,2.9373436054230964
-0.0006745541042116,7.432105117571998e-08
-0.0006745541042116,7.432105117571858e-08
-0.0006745541042116,7.432105117571858e-08
-0.0006745541042116,7.432105117571858e-08
-0.0006745541042116,7.432105117571858e-08
-0.0006745541042116,7.432105117571858e-08
-0.0006745541042116,7.432105117571858e-08
-0.0006745540856058985,1.6188366058288e-07
-0.0006745541042116,7.432105117571858e-08
-0.0006745541042116,7.432105117571858e-08
-0.0006745541042116,7.432105117571858e-08
-0.0006745541042116,7.432105117571858e-08
-71.68004687656223,2.9630432186776487
-0.0006745541042116,7.432105117571937e-08
-0.0006745541042116,7.432105117571858e-08
-0.0006745541042116,7.432105117571858e-08
-0.0006688196790889161,0.026987566749990307
-0.0006745541042116,7.432105117571858e-08
-0.0006745541042116,7.432105117571858e-08
-0.0006745541042116,7.432105117571858e-08
-0.0006745540903183133,1.3906628641272693e-07
-0.0006745541042116,7.432105117571858e-08
356478.58502799843,-75.74619097822323
-0.0006745541042116,7.432105117571858e-08
-0.0006745541042116,7.432105117571858e-08
-4.599829203957688e-05,2.958124883564192
-0.0006745541042116,7.432105117571968e-08
-0.0006745541042116,7.432105117571858e-08
-0.0006745541042116,7.432105117571858e-08
-0.0006735744146772126,0.004610713282470807
-0.0006745541042116,7.432105117571858e-08
-0.0006745541042116,7.432105117571858e-08
-0.0006745541042116,7.432105117571858e-08
-0.0006745540987438689,1.0005342149556948e-07
28940.00852842335,28544.148214826422
45839.88110311784,-9.740266472446503
-0.0006745541042116,7.432105117571858e-08
-0.0006745541042116,7.432105117571858e-08
89128.95888162087,-15.970089084890137
-0.0006745541042116,7.432105117572185e-08
8.868255963510776,41739.17874531899
47117.50607427566,-10.011742036590407
0.0010046408103828205,0.0007934862692726201
-0.0006745541042116,7.432105117571858e-08
-0.0006745541042116,7.432105117571858e-08
-0.0006745541042116,7.432105117571858e-08
-0.0006745540989411506,9.853543754246789e-08
-0.0006745541042116,7.432105117571858e-08
3072.9929084173036,-0.6529635772830237
-0.0006745541042116,7.432105117571858e-08
-0.0006745541042116,7.432105117571858e-08
-4.1615774024994544e-05,2.9787499975395013
-0.0006745541042116,7.432105117572013e-08
0.18039935490977377,852.1744803483361
-0.0006745541042116,7.432105117571858e-08
-0.00035013351594115214,0.00014790274726549278
-0.0006745541042116,7.432105117571858e-08
-0.0006745541042116,7.432105117571858e-08
-0.0006745541042116,7.432105117571858e-08
-0.000674554098694327,1.002862485812388e-07
-0.0006745541042116,7.432105117571858e-08
373.99931700290534,-0.07946914472978156
-0.0006745541042116,7.432105117571858e-08
-0.0006745541042116,7.432105117571858e-08
-3.939133251828239e-05,2.9892187186929418
-0.0006745541042116,7.432105117572938e-08
-0.0006745541042115755,7.432105119837793e-08
127.56190063108696,170.0303634368573
-0.0006106167898658559,2.8919106580979098e-05
-0.0006745541042116,7.432105117571858e-08
-0.0006745541042116,7.432105117571858e-08
-0.0006745541042116,7.432105117571858e-08
-0.0006745541042115699,7.432105120206256e-08
177.08382968692052,179.01175383694786
254.05901209335119,-0.05398368328845927
-0.0006745541042116,7.432105117571858e-08
-0.0006745541042116,7.432105117571858e-08
89128.95888826101,-15.9388390855956
-0.0006745541042116,7.432105117574293e-08
0.002699219189125336,15.877734853823162
0.0025798794159629067,15.316095080735488
-0.0006610180646312099,6.719793973806964e-06
-0.0006745541042116,7.432105117571858e-08
-0.0006745541042116,7.432105117571858e-08
-0.0006745541042116,7.432105117571858e-08
-0.0006745541017992444,8.567384251511566e-08
-0.0006745541042116,7.432105117571858e-08
7.5949077596256975,-0.0016138695515021551
-0.0006745541042116,7.432105117571858e-08
-0.0006745541042116,7.432105117571858e-08
-151996490032255.38,32296905441.543636
-0.0006745541042116,7.432105117586514e-08
-0.00010335660148934301,2.6881837981205936
-0.00012987081521346122,2.563401953937402
-0.0006745537668751323,1.6619022249418853e-06
-0.0006745541042116,7.432105117571858e-08
-0.0006745541042116,7.432105117571858e-08
-0.0006745541042116,7.432105117571858e-08
-0.0006745541027832843,8.087056261980713e-08
0.9291947786753455,-0.0001975085435571145
1.3435304374087893,-0.0002855484686046529
-0.0006745541042116,7.432105117571858e-08
-0.0006745541042116,7.432105117571858e-08
2.7200829606698806e+23,-5.779755976410557e+19
-0.0006745541042116,7.432105117571858e-08
-0.0005819889195264982,0.4356326211635802
-0.000581592116685559,0.43750006444455836
-0.0006745540182944344,4.786665271420654e-07
-0.0006745541042116,7.432105117571858e-08
-0.0006745541042116,7.432105117571858e-08
-0.0006745541042116,7.432105117571858e-08
-0.0006745541032557677,7.880419248748332e-08
0.17421932808384233,0.2050892767630761
0.21813190145603087,-4.641866969532986e-05
-0.0006745541042116,7.432105117571858e-08
-0.0006745541042116,7.432105117571858e-08
89128.95889158107,-15.923214085948333
-0.0006745541042116,7.432105117649458e-08
-0.0006575342031635642,0.08009955087680899
-0.0006576366762101494,0.07961728970681828
-0.0006745540813470565,1.8192672778043279e-07
-0.0006745541042116,7.432105117571858e-08
-0.0006745541042116,7.432105117571858e-08
-0.0006745541042116,7.432105117571858e-08
-0.000674554103680873,7.673724280866045e-08
0.03059430985218787,0.03516175090512214
0.03937846987963638,-8.43632763458898e-06
-0.0006745541042116,7.432105117571858e-08
-0.0006745541042116,7.432105117571858e-08
-151996490032255.38,32296905441.55926
-0.0006745541042116,7.432105117978532e-08
-0.0006706363197009764,0.01843804805976603
0.019844953470225638,0.024172362675182777
-0.0006745540979532765,1.0377412693303458e-07
-0.0006745541042116,7.432105117571858e-08
-0.0006745541042116,7.432105117571858e-08
-0.0006745541042116,7.432105117571858e-08
-0.00067455410383539,7.569649433060732e-08
0.024849368278557753,0.026001670452416227
0.032786408657839924,-7.0356164873760574e-06
-0.0006745541042116,7.432105117571858e-08
-0.0006745541042116,7.432105117571858e-08
-8.168782172843746e-05,3.025702969989514
-0.0006745541042116,7.432105117573976e-08
0.0020574035398063465,-5.061777331857916e-07
-0.0006738536009613486,0.0032967999314050204
-0.0006745541022564099,8.352261492322482e-08
-0.0006745541042116,7.432105117571858e-08
-0.0006745541042116,7.432105117571858e-08
-0.0006745541042116,7.432105117571858e-08
-0.0006745541039948653,7.521249956487583e-08
0.0006914640661752625,-2.1593670192731553e-07
0.001134037856867251,-3.0997679367233864e-07
-0.0006745541042116,7.432105117571858e-08
4.0649550891640095e+19,-8637401435965822.0
-3.054336566619357e-05,3.030859237848739
-0.0006745541042116,7.432105117571858e-08
3.1476144428692105e-05,0.000717255215350666
0.00010402129324803397,0.0008164588354306534
-0.0006745541040941019,7.487402394191325e-08
-0.0006745541042116,7.432105117571858e-08
-0.0006745541042116,7.432105117571858e-08
-0.0006745541042116,7.432105117571858e-08
-0.0006745541040602041,7.496875510420396e-08
-0.0006745541042116,7.432105117571858e-08
-0.0002451896365035602,0.0004999353342819086
-0.0006745541042116,7.432105117571858e-08
-0.0006745541042116,7.432105117571858e-08
5.84860301773108e+35,-1.2427377669782236e+32
-0.0006745541042116,7.432105117768419e-08
-0.0004980882806501691,0.00016983275190784038
-0.0004932648979994701,0.00019272881689632728
-0.0006745541041443163,7.463770342853867e-08
-0.0006745541042116,7.432105117571858e-08
-0.0006745541042116,7.432105117571858e-08
-0.0006745541042116,7.432105117571858e-08
-0.000674554104080288,7.486325372068413e-08
-0.0005963305548778299,5.7699755674990145e-08
-0.0005686434551206341,0.00012503964548052119
-0.0006745541042116,7.432105117571858e-08
-0.0006745541042116,7.432105117571858e-08
-2.8335490092702958e-05,3.0412499961285735
-0.0006745541042116,7.432105117572017e-08
-0.0006299368009892746,0.00010880466257074822
-0.0005596115843197373,4.989754182344963e-08
-0.000674554104100996,7.48415787294629e-08
-0.0006745541042116,7.432105117571858e-08
-0.0006745541042116,7.432105117571858e-08
-0.0006745541042116,7.43210511757186e-08
-0.000674554104092763,7.480140824875164e-08
-0.0005686739639466038,5.18231574596721e-08
-0.0006745541042116,7.432105117571858e-08
-0.0006745541042116,7.432105117571858e-08
-0.0006745541042116,7.432105117571858e-08
-3.2186439114224515e+26,6.839120957693132e+22
-0.0006745541042116,7.432105117581304e-08
-0.0006616770183102779,7.158486940210867e-08
-0.0006625139662387753,7.176270790415514e-08
-0.0006745541040229214,7.520901524681816e-08
-0.0006745541042116,7.432105117571858e-08
-0.0006745541042116,7.432105117571858e-08
-0.0006745541042116,7.43210511757186e-08
-0.0006745541041041846,7.477405157807809e-08
-0.0006745541042116,7.432105117571858e-08
-0.0006668597342378486,9.970615315884261e-06
-0.0006745541042116,7.432105117571858e-08
-0.0006745448230112016,4.375373444033938e-05
5.84860301773108e+35,-1.2427377669782236e+32
-0.0006745541042116,7.432105117851089e-08
-0.0006709765203679629,3.292867960864564e-06
-0.0006745541042116,7.432105117571858e-08
-0.0006745541038790776,7.588597655186976e-08
-0.0006745541042116,7.432105117571858e-08
-0.0006745541042116,7.432105117571858e-08
-0.0006745541042116,7.43210511757186e-08
-0.0006745541041035429,7.474858580898393e-08
-0.0006745541042116,7.432105117571858e-08
-0.0006722287150318126,7.382694190759365e-08
-0.0006745541042116,7.432105117571858e-08
-0.0006745541042116,7.432105117571858e-08
1.9023205152481382e+17,-40421371428852.51
-0.0006745541042116,7.432105117857865e-08
-0.0006735256131789413,7.410251272381675e-08
-0.0006745538666592921,1.192295560219151e-06
-0.0006745541036114886,7.714531016081169e-08
-0.0006745541042116,7.432105118336412e-08
-0.0006745541042116,7.432105117571858e-08
-0.0006745541042116,7.43210511757186e-08
-0.0006745541041308121,7.461398070689945e-08
-0.000674553988603947,6.183966288077266e-07
-0.0006738272847435041,9.349300967625344e-07
-0.0006745541042116,7.432105117571858e-08
-0.000672278885713295,0.010707763528517886
0.058726062118544316,3.0619405895106246
-0.0006745541042116,7.432105117605407e-08
-0.0006743620648837046,7.710735405917766e-07
-0.0006745541042116,7.432105117571858e-08
-0.0006745541031288745,7.941660037651293e-08
-0.0006745541042116,7.432105117571858e-08
-0.0006745541042116,7.432105117571858e-08
-0.0006745541042116,7.43210511757186e-08
-0.0006745541041288054,7.460670480420577e-08
-0.0006745541042116,7.432105117571858e-08
-0.0006745537859076132,1.5723310960071834e-06
-0.0006745541042116,7.432105117571858e-08
-0.0006745541042116,7.432105117571858e-08
-107374181.57606772,22818.421595604235
-0.0006745541042116,7.432105118737571e-08
-0.0006745030523785104,1.4157428413926363e-06
-0.0006745541042116,7.432105117571858e-08
-0.000674554102194568,8.381365677393561e-08
-0.0006745541042116,7.432105117571858e-08
-0.0006745541042116,7.432105117571858e-08
-0.0006745541042116,7.43210511757186e-08
-0.0006745541041228314,7.467218831192e-08
-0.0006728773711859472,7.39647713171265e-08
-0.0006745534960990579,2.9362352405949478e-06
-0.0006745541042116,7.432105117571858e-08
-0.0006745541042116,7.432105117571858e-08
1.9023205152481382e+17,-40421371428852.49
-0.0006745541042116,7.432105118217056e-08
-0.0006744962385774351,2.8018777434721765e-06
-0.0006745541042116,7.432105117571858e-08
-0.0006745541042116,7.432105117571858e-08
-0.0006745541042116,7.432105117571858e-08
-0.0006745541042109577,7.43210511755821e-08
-0.0006745541042116,7.43210511757186e-08
-0.0006745541041073238,7.475222381643213e-08
-0.0006711857374541842,7.360532528873601e-08
-0.0006745541042116,7.432105117571858e-08
-0.0006745541042116,7.432105117571858e-08
-0.0006745541042116,7.432105117571858e-08
0.05872938218952739,3.0775655891578926
-0.0006745541042116,7.432105117596259e-08
-0.0006744505117761721,5.380433130485802e-06
-0.0006745541042116,7.432105117571858e-08
-0.0006745540969350295,1.0856622598678583e-07
-0.0006745541042116,7.432105117571858e-08
-0.0006745541042116,7.432105117571858e-08
-0.0006745541042116,7.43210511757186e-08
-0.0006745541041152967,7.473403403470245e-08
-0.0006743491400573457,2.1401961560704087e-07
-0.0006745541042116,7.432105117571858e-08
-0.0006745541042116,7.432105117571858e-08
-0.0006745541042116,7.432105117571858e-08
4.056481738486466e+29,-8.619396875102467e+25
-0.0006745541042116,7.43210511772706e-08
-0.0006743020626773047,1.1222985678989147e-05
-0.0006745541042116,7.432105117571858e-08
-0.0006745541042116,7.432105117571858e-08
-0.0006745541042116,7.432105117571858e-08
-0.0006745541042116,7.432105117571858e-08
-0.0006745541042116,7.43210511757186e-08
-0.0006745541041032138,7.475222409311458e-08
-0.0006745263919957041,7.43151627580578e-08
-0.0006745541042116,7.432105117571858e-08
-0.0006745541042116,7.432105117571858e-08
-0.0006745541042116,7.432105117571858e-08
-1.8425076181819832e-05,3.087890629612412
-0.0006745541042116,7.43210511770944e-08
-0.0006745541042116,7.432105117571858e-08
-0.0006745541042116,7.432105117571858e-08
-0.0006745541042116,7.432105117571858e-08
-0.0006745541042116,7.432105117571858e-08
-0.0006745541042116,7.432105117571903e-08
-0.0006745541042116,7.43210511757186e-08
-0.0006745541041103065,7.469219747070512e-08
-0.0006745470600696467,3.322563501305695e-05
-0.0006745541042116,7.432105117571858e-08
-0.0006745541042116,7.432105117571858e-08
-0.0006745541042116,7.432105117571858e-08
-1.73128807722376e-05,3.0931248709798456
-0.0006745541042116,7.432105117658618e-08
-0.0006745540797675769,1.8936011307534372e-07
-0.0006745541042116,7.432105117571858e-08
-0.0006745541042116,7.432105117571858e-08
-0.0006745541042116,7.432105117571858e-08
5.2930871864202565e+31,-1.1246992368144711e+28
-0.0006745541042116,7.432105117571861e-08
-0.000674554103826859,7.48523410624344e-08
-0.000674329613568375,7.4273350382927e-08
-0.0006745541042116,7.432105117571858e-08
-0.0006745541042116,7.432105117571858e-08
-0.0006745541042116,7.432105117571858e-08
4.056481738486466e+29,-8.619396875102467e+25
-0.0006745541042116,7.432105117684368e-08
-0.0006745540912452807,1.3534346181048215e-07
-0.0006745541042116,7.432105117571858e-08
-0.0006745541042116,7.432105117571858e-08
-0.0006745541042116,7.432105117571858e-08
-0.0006745541042116,7.432105117571858e-08
-0.0006745541042116,7.432105117571861e-08
-0.0006745541039276861,7.503424013934182e-08
-0.0006745254608561152,7.43149649052834e-08
-0.0006745541042116,7.432105117571858e-08
-0.0006745541042116,7.432105117571858e-08
-0.0006745541042116,7.432105117571858e-08
-1.510500519874699e-05,3.10351562925968
-0.0006745541042116,7.432105117683014e-08
-0.0006745539324416464,8.827090276927236e-07
-0.0006745541042116,7.432105117571858e-08
-0.0006745541042116,7.432105117571858e-08
-0.0006745541042116,7.432105117571858e-08
2.257221131050326e+32,-4.796246111205154e+28
-0.0006745541042116,7.432105117571861e-08
-0.0006745541038251685,7.519067337632827e-08
-0.0006745103150001,1.0575455304718448e-07
-0.0006745541042116,7.432105117571858e-08
-0.0006745541042116,7.432105117571858e-08
-0.0006745541042116,7.432105117571858e-08
-2.3021535239857085e+20,4.8917205031107416e+16
-0.0006745541042116,7.432105117646409e-08
-0.0006745539316154391,8.865973448287002e-07
-0.0006745541042116,7.432105117571858e-08
-0.0006745541042116,7.432105117571858e-08
-0.0006745541042116,7.432105117571858e-08
-0.0006745541042116,7.432105117571858e-08
-0.0006745541042116,7.432105117571862e-08
-0.0006745541037937074,7.537635584323524e-08
-0.0006745261585846788,7.79828573530469e-08
-0.0006745541042116,7.432105117571858e-08
-0.0006745541042116,7.432105117571858e-08
1.1245678525219764e+25,5.292468862434307e+28
-71.68001160080804,3.1290588399298724
-0.0006745541042116,7.432105117716894e-08
-0.0006719605834973872,4.910830380728098e-07
-0.0006745541042116,7.432105117571858e-08
-0.0006745541042116,7.432105117571858e-08
-0.0006745541042116,7.432105117571858e-08
-0.0006745541042116,7.432105117571858e-08
-0.0006745541042116,7.432105117571862e-08
-0.0006745541035593617,7.571832614209383e-08
-0.0006745301056941218,1.2997306403807454e-07
-0.0006745541042116,7.432105117571858e-08
-0.0006745541042116,7.432105117571858e-08
-0.0006745541042116,7.432105117571858e-08
-1.1818167348096238e-05,3.1189842263225884
-0.0006745541042116,7.432105117710119e-08
-0.0006745541042116,7.432105117571858e-08
-0.0006736718720609429,0.0041520569482621315
-0.0006745541042116,7.432105117571858e-08
-0.0006745541042116,7.432105117571858e-08
11213111.74619123,-2382.6129779190505
-0.0006745541042116,7.432105117571863e-08
-0.0006745541034549325,7.685366741098019e-08
-0.0006745462932653165,1.1460964173890809e-07
-0.0006745541042116,7.432105117571858e-08
-0.0006745541042116,7.432105117571858e-08
-0.0006745541042116,7.432105117571858e-08
-1.0664198028537543e-05,3.12421870609973
-0.0006745541042116,7.432105117608965e-08
-0.000672245068800524,0.010866913514410841
-0.0006719855604169645,0.012088218246223281
-0.0006745541042116,7.432105117571858e-08
-0.0006745541042116,7.432105117571858e-08
1.1439049345594068e+22,-2.430621226470619e+18
-0.0006745541042116,7.432105117571863e-08
-0.0006745541029040569,7.91534543733271e-08
-0.0006745541025660675,8.206529713415009e-08
-0.0006745541042116,7.432105117571858e-08
-0.0006745541042116,7.432105117571858e-08
-0.0006745541042116,7.432105117571858e-08
-71.68000828073706,3.1446838395771404
-0.0006745541042116,7.43210511834726e-08
-0.0006745540998816792,9.46986312275746e-08
-0.0006680422973562005,0.03064609976371298
-0.0006745541042116,7.432105117571858e-08
-0.0006745541042116,7.432105117571858e-08
-0.000674553679893345,2.0712580502637725e-06
-0.0006745541042116,7.432105117571865e-08
-0.0006745541023658317,8.078327057768934e-08
-0.0006745405329015902,1.0436385854044646e-07
-0.0006745541042116,7.432105117571858e-08
-0.0006745541042116,7.432105117571858e-08
-0.0006745541042116,7.432105117571858e-08
-4.9326818423565744e+32,1.048118670287582e+29
-0.0006745541042116,7.432105118320155e-08
-0.000674554056511375,2.988090227601372e-07
-0.0006745541042116,7.432105117571858e-08
-0.0006745541042116,7.432105117571858e-08
-0.0006745541042116,7.432105117571858e-08
-0.0006745541042116,7.432105117571858e-08
-0.0006745541042116,7.432105117571867e-08
-0.0006745541013781673,8.561567828415934e-08
-0.000674554102034234,8.456822472056917e-08
-0.0006745541042116,7.432105117571858e-08
-0.0006745541042116,7.432105117571858e-08
-0.0006745541042116,7.432105117571858e-08
-7.402466861354475e-06,3.139765504463684
-0.0006745541042116,7.432105117735869e-08
-0.0006745540717490562,2.2709707244679356e-07
-0.0006745541042116,7.432105117571858e-08
-0.0006745541042116,7.432105117571858e-08
-0.0006745541042116,7.432105117571858e-08
1.1514843799711759e+22,-2.4467263767730063e+18
-0.0006745541042116,7.432105117571867e-08
-0.0006745541002274694,8.957617228391456e-08
-0.00067450589830409,7.43108081652642e-08
-0.0006745541042116,7.432105117571858e-08
-0.0006745541042116,7.432105117571858e-08
-0.0006745541042116,7.432105117571858e-08
2.7200829606698806e+23,-5.779755976410557e+19
-0.0006745541042116,7.432105118086953e-08
-0.0005292664104077321,0.683756589170238
-0.0005076766148643368,0.7853630154996885
-0.0006745541042116,7.432105117571858e-08
-0.0006745541042116,7.432105117571858e-08
-0.0006745541042116,7.43210511757186e-08
-0.0006745541042116,7.432105117571867e-08
-0.0006745540954599324,1.0948792752013106e-07
0.9369919601056181,-0.00019916532412676583
-0.0006745541042116,7.432105117571858e-08
-0.0006745541042116,7.432105117571858e-08
-0.0006745541042116,7.432105117571858e-08
-4.9326818423565744e+32,1.048118670287582e+29
-0.0006745541042116,7.432105118116769e-08
0.0009060745663170668,7.438793565601674
8.064876067955447,-0.0017137305549372664
-0.0006745541042116,7.432105117571858e-08
-0.0006745541042116,7.432105117571858e-08
-0.0006643614355177061,7.215526657830331e-08
-0.0006745541042116,7.432105117571867e-08
-0.0006745540936152269,1.1810263982154649e-07
7.877387447441968,8.126142491620302
-0.0006745541042116,7.432105117571858e-08
-0.0006745541042116,7.432105117571858e-08
-0.0006745540951552752,1.1694214975211856e-07
-151996490032255.38,32296905441.694027
-0.0006745541042116,7.432105118019191e-08
0.0006006266173870021,6.001286922332944
-0.0006745541042116,7.432105117571858e-08
-0.0006745541042116,7.432105117571858e-08
-0.0006745541042116,7.432105117571858e-08
-0.0006745541042116,7.432105117571858e-08
-0.0006745541042116,7.432105117571867e-08
-0.0006745540810165988,1.7538822804301732e-07
10.754252778155895,10.625502648398637
-0.0006745541042116,7.432105117571858e-08
-0.0006745541042116,7.432105117571858e-08
-0.0006745541042116,7.432105117571858e-08
-5.305220949943369e-05,3.1604685919472013
-0.0006745541042116,7.432105118089664e-08
0.00394807815533821,21.75514560981342
-0.0006745541042116,7.432105117571858e-08
-0.0006745541042116,7.432105117571858e-08
-0.0006745541042116,7.432105117571858e-08
-0.0006745541042116,7.432105117571858e-08
-0.0006745541042116,7.432105117571867e-08
-0.0006745541016957285,7.432105064113475e-08
37.76872735690794,41.253270910109286
-0.0006745541042116,7.432105117571858e-08
-0.0006745541042116,7.432105117571858e-08
-0.0006745541042116,7.432105117571858e-08
89128.95892353676,-15.772823464343377
-0.0006745541042116,7.43210511763184e-08
0.015584849947409234,76.5204069772561
-0.0006745541042116,7.432105117571858e-08
-0.0006745541042116,7.432105117571858e-08
-0.0006745541042116,7.432105117571858e-08
-0.0006745541042116,7.43210511757186e-08
-0.0006745541042116,7.432105117571869e-08
-0.0006745540983840451,7.432104993745321e-08
0.0267454420177486,129.04465963674429
-0.0006745541042116,7.432105117571858e-08
-0.0006745541042116,7.432105117571858e-08
-0.0006745541042116,7.432105117571858e-08
-151996490032255.38,32296905441.709652
-0.0006745541042116,7.432105117652846e-08
0.05054286783764204,241.04068982329545
0.07286774815109488,346.10659016141034
-0.0006745541042116,7.432105117571858e-08
-0.0006745541042116,7.432105117571858e-08
470.445043729015,2214023.200018852
-0.0006745541042116,7.432105117571869e-08
-0.0006745539350714839,8.493270476508948e-07
-0.0006745541042116,7.432105117571858e-08
-0.0006745541042116,7.432105117571858e-08
-0.0006745541042116,7.432105117571858e-08
-0.0006745541042116,7.432105117571858e-08
-4.973213851636074e-05,3.1760935915944692
-0.0006745541042116,7.432105117737224e-08
0.23397745431506728,1104.3250483865459
0.3036938611009052,1432.4261151984663
-0.0006745541042116,7.432105117571858e-08
-0.0006745541042116,7.432105117571858e-08
-0.0006745541042116,7.43210511757186e-08
-0.0006745541042116,7.432105117571869e-08
-0.000674554037292457,3.8918023700460654e-07
-0.0006745541042116,7.432105117571858e-08
-0.0006745541042116,7.432105117571858e-08
-0.0006745541042116,7.432105117571858e-08
-0.0006745541042116,7.432105117571858e-08
1.4123175458830408e-06,3.1812498594536947
-0.0006745541042116,7.432105117799591e-08
0.9243352988439831,4353.304101017922
1.2575976952395285,5921.711780455118
-0.0006745541042116,7.432105117571858e-08
-0.0006745541042116,7.432105117571858e-08
747930084334925.0,-158923585691.20395
-0.0006745541042116,7.432105117571869e-08
-0.0006745541041859495,7.432105117026825e-08
-0.0006745541042116,7.432105117571858e-08
-0.0006745541042116,7.432105117571858e-08
-0.0006745541042116,7.432105117571858e-08
-0.0006745541042116,7.432105117571858e-08
5.84860301773108e+35,-1.2427377669782236e+32
-0.0006745541042116,7.432105117702665e-08
19.69514356222178,92692.94322004584
15.23607242734099,71707.55306878769
-0.0006745541042116,7.432105117571858e-08
-0.0006745541042116,7.432105117571858e-08
-0.0006745541042116,7.43210511757186e-08
-0.0006745541042116,7.432105117571869e-08
-0.0006745539213783829,9.312801362392686e-07
66599.30012305171,81929.10834012234
-0.0006745541042116,7.432105117571858e-08
-0.0006745541042116,7.432105117571858e-08
-0.0006745541042116,7.432105117571858e-08
3.6201931193736514e-06,3.1916406177335293
-0.0006745541042116,7.43210511806256e-08
19.69516348264768,92693.03697004371
26.985626012638356,127003.59088298841
-0.0006745541042116,7.432105117571858e-08
-0.0006745541042116,7.432105117571858e-08
1.3135873916592626e+22,-2.7911702279883505e+18
-0.0006745541042116,7.43210511757187e-08
-0.0006745541038633664,7.432105110172434e-08
-0.0006745541042116,7.432105117571858e-08
-0.0006745541042116,7.432105117571858e-08
-0.0006745541042116,7.432105117571858e-08
-0.0006745541042116,7.432105117571858e-08
-3.2186439114224515e+26,6.839120957693132e+22
-0.0006745541042116,7.432105118883943e-08
97.93000504250628,460883.77084569633
111.44910168061028,524507.6756593967
-0.0006745541042116,7.432105117571858e-08
-0.0006745541042116,7.432105117571858e-08
-0.0006745541042049246,7.4352467037976e-08
-0.0006745541042116,7.432105117571871e-08
-0.0006745541039806065,7.432105112663603e-08
-0.0006745541042116,7.432105117571858e-08
-0.0006745541042116,7.432105117571858e-08
-0.0006745541042116,7.432105117571858e-08
-0.0006745541042116,7.432105117571858e-08
5.84860301773108e+35,-1.2427377669782236e+32
-0.0006745541042116,7.432105119057616e-08
-0.0006745541042116,7.432105117571858e-08
-0.0006745541042116,7.432105117571858e-08
-0.0006745541042116,7.432105117571858e-08
-0.0006745541042116,7.432105117571858e-08
1.2635217764519336e+22,-2.684788531955091e+18
-0.0006745541042116,7.432105117571871e-08
-0.0006745540998335913,7.432105024545938e-08
-0.0006745541042116,7.432105117571858e-08
-0.0006745541042116,7.432105117571858e-08
-0.0006745541042116,7.432105117571858e-08
-0.0006745541042116,7.432105117571858e-08
6.940264102446494e-06,3.207265617380797
-0.0006745541042116,7.432105118569524e-08
-0.0006745541042116,7.432105117571858e-08
-0.0006745541042116,7.432105117571858e-08
-0.0006745541042116,7.432105117571858e-08
-0.0006745541042116,7.432105117571858e-08
-0.0006745541042116,7.43210511757186e-08
-0.0006745541042116,7.432105117571871e-08
-0.000674549569146336,2.141730176862709e-05
-0.0006745541042116,7.432105117571858e-08
-0.0006745541042116,7.432105117571858e-08
-0.0006745541042116,7.432105117571858e-08
2583342.712133204,12157790957.539799
0.05875801780175639,3.21233121111558
-0.0006745541042116,7.432105119924978e-08
-0.0006745541042116,7.432105117571858e-08
-0.0006745541042116,7.432105117571858e-08
-0.0006745541042116,7.432105117571858e-08
-0.0006745541042116,7.432105117571858e-08
-0.0006745541042116,7.432105117571858e-08
-0.0006745541042116,7.432105117571873e-08
-0.0006745541042116,7.432105117571858e-08
-0.0006745541042116,7.432105117571858e-08
-0.0006745541042116,7.432105117571858e-08
-0.0006745541042116,7.432105117571858e-08
-0.0006745541042116,7.432105117571862e-08
-107374181.57603577,22818.57198622584
-0.0006745541042116,7.43210511875384e-08
-0.0006745541042116,7.432105117571858e-08
-0.0006745541042116,7.432105117571858e-08
-0.0006745541042116,7.432105117571858e-08
-0.0006745541042116,7.432105117571858e-08
1.2620527022866495e+22,-2.6816669763594117e+18
-0.0006745541042116,7.432105117571873e-08
-0.0006745541042050765,7.432105117433242e-08
-0.0003159112075494649,1.6878540878079804
-0.0006745541042116,7.432105117571858e-08
-0.0006745541042116,7.432105117571858e-08
-0.0006745541042116,7.432105117571858e-08
1.9023205152481382e+17,-40421371428852.336
-0.0006745541042116,7.432105119686052e-08
-0.0006745541042116,7.432105117571858e-08
-0.0006745541042116,7.432105117571858e-08
-0.0006745541042116,7.432105117571858e-08
-0.0006745541042116,7.432105117571858e-08
-0.0006745541042116,7.432105117571858e-08
-0.0006745541042116,7.432105117571875e-08
-0.0006745541042116,7.432105117571858e-08
-5.35492042103992e-05,2.92258859515133
-0.0006745541042116,7.432105117571858e-08
-0.0006745541042116,7.432105117571858e-08
-0.0006745541042116,7.43210511757192e-08
0.05876133787273946,3.2279562107628483
-0.0006745541042116,7.432105118694206e-08
-0.0006745541042116,7.432105117571858e-08
-0.0006745541042116,7.432105117571858e-08
-0.0006745541042116,7.432105117571858e-08
-0.0006745541042116,7.432105117571858e-08
-0.0006745541042116,7.432105130323122e-08
-0.0006745541042116,7.432105117571875e-08
-0.0006745541029498107,8.02593151443305e-08
-0.0006745541042116,7.432105117571858e-08
-0.0006745541042116,7.432105117571858e-08
-0.0006745541042116,7.432105117571858e-08
-0.0006745170151078052,0.0001746239727503115
1.2434977526611167e-05,3.23312497272354
-0.0006745541042116,7.432105118390628e-08
-0.0006745541042116,7.432105117571858e-08
-0.0006745541042116,7.432105117571858e-08
-0.0006745541042116,7.432105117571858e-08
-0.0006745541042116,7.432105117571858e-08
1.2765237808726247e+22,-2.712415782242082e+18
-0.0006745541042116,7.432105117571878e-08
-0.0006745540842181036,1.1623925011634749e-07
-0.0006745541042116,7.432105117571858e-08
-0.0006745541042116,7.432105117571858e-08
-0.0006745541042116,7.432105117571858e-08
-0.0006745541042116,7.432105117571858e-08
1.3530607030256777e-05,3.2382812512173675
-0.0006745541042116,7.432105118536994e-08
-0.0006745541042116,7.432105117571858e-08
-0.0006745541042116,7.432105117571858e-08
-0.0006745541042116,7.432105117571858e-08
-0.0006745541042116,7.432105117571858e-08
-0.0006745541042115999,7.432105117571855e-08
-0.0006745541042116,7.43210511757188e-08
-0.0006745540863454458,1.0622750779624921e-07
-0.0006745541042116,7.432105117571858e-08
-0.0006745541042116,7.432105117571858e-08
-0.0006745541042116,7.432105117571858e-08
7.341421793059736e+17,-155993868927210.9
1.4642802439839009e-05,3.243515492584801
-0.0006745541042116,7.432105118715885e-08
-0.0006745541042116,7.432105117571858e-08
-0.0006745541042116,7.432105117571858e-08
-0.0006745541042116,7.432105117571858e-08
-0.0006745541042116,7.432105117571858e-08
-0.0006745541042116,7.432105117571858e-08
-0.0006745541042116,7.43210511757188e-08
-0.0006745540642300976,2.624828956966775e-07
-0.0006745541042116,7.432105117571858e-08
-0.0006745541042116,7.432105117571858e-08
-0.0006745541042116,7.432105117571858e-08
-0.0006745541042116,7.432105117571919e-08
4.056481738486466e+29,-8.619396875102467e+25
-0.0006745541042115999,7.432105118905619e-08
-0.00011332922620294842,2.641250386628228
-0.0006745541042116,7.432105117571858e-08
-0.0006745541042116,7.432105117571858e-08
-0.0006745541042116,7.432105117571858e-08
1.5891607625970814e+32,7.478947432638844e+35
-0.0006745541042116,7.43210511757188e-08
-0.0006745541042115762,7.432105117571351e-08
-0.0006745541042116,7.432105117571858e-08
-0.0006745541042116,7.432105117571858e-08
-0.0006745541042116,7.432105117571858e-08
2.7754356547566034e+18,1.3061823481391264e+22
1.64356691404455e-05,3.251953125908727
-0.0006745541042115999,7.432105117571855e-08
0.6557256347824924,-0.00013940057620345176
-0.0006745541042116,7.432105117571858e-08
-0.0006745541042116,7.432105117571858e-08
-0.0006745541042116,7.432105117571858e-08
-0.000674406918029905,7.428977638647144e-08
-0.0006745541042116,7.432105117571883e-08
-0.0006745541042115478,7.432105117570748e-08
-0.0006632945536757376,0.052990047742769004
-0.0006745541042116,7.432105117571858e-08
-0.0006745541042116,7.432105117571858e-08
-0.0006745541042116,7.432105117571858e-08
89128.95894241966,-15.68395627884954
-0.0006745541042115998,7.432105118672511e-08
-0.0006745541042116,7.432105117571858e-08
-0.0006745541042116,7.432105117571858e-08
-0.0006745541042116,7.432105117571858e-08
10572471089.898954,49756423248980.64
-0.0006745541042116,7.432105117571858e-08
-0.0006745541042116,7.432105117571858e-08
-0.0006745533885183729,3.4425341039903376e-06
-0.0006745541042116,7.432105117571858e-08
-0.0006745541042116,7.432105117571858e-08
-0.0006745541042116,7.432105117571858e-08
1.2175760540907172e+22,-2.587160971602174e+18
-2.3021535239857085e+20,4.8917205031107416e+16
-0.0006745541042116,7.432105117571858e-08
-0.0006745541042116,7.432105117571858e-08
-0.0006745541042116,7.432105117571858e-08
-0.0006745541042116,7.432105117571858e-08
1.5290689789557731e+22,-3.2490353041611464e+18
-0.0006745541042116,7.432105117571858e-08
-0.0006745541042116,7.432105117571858e-08
-0.0006745541042116,7.432105117571858e-08
-0.0006745541042116,7.432105117571858e-08
-0.0006745541042116,7.432105117571858e-08
9.46462064803145e+21,-2.011085637676531e+18
1.2470033615215739e+22,-2.649689452700882e+18
1.8087396376167096e-05,3.259726525086271
-0.0006745541042116,7.432105117571858e-08
-0.0006745541042116,7.432105117571858e-08
-0.0006745541042116,7.432105117571858e-08
-0.0006745541042116,7.432105117571858e-08
2.948386772689201e+18,1.387577028267028e+22
-0.0006745535437290565,2.7120777708511795e-06
-0.0006745541042116,7.432105117571858e-08
-0.0006745541042116,7.432105117571858e-08
-0.0006745541042116,7.432105117571858e-08
-0.0006745541042116,7.432105117571858e-08
-0.0006745541042115996,7.432105117571849e-08
-0.0006745541042116,7.432105117571858e-08
1.8635185770573648e-05,3.262304545123898
-0.0006745541042116,7.432105123014553e-08
-0.0006745541042116,7.432105117571858e-08
-0.0006745541042116,7.432105117571858e-08
-0.0006745541042116,7.432105117571858e-08
-0.0006745541042116,7.432105117571858e-08
-0.0006745523310958313,8.419002054170417e-06
-0.0006745541042116,7.432105117571858e-08
-0.0006745541042116,7.432105117571858e-08
-0.0006745541042116,7.432105117571858e-08
-0.0006745541042116,7.432105117571858e-08
-0.0006745541042116,7.432105117571858e-08
1.2480019128781464e+22,1.305830193926078e+22
-2.3021535239857085e+20,4.8917205031107416e+16
-0.0006745541042115998,7.432105125552628e-08
-0.0006745541042116,7.432105117571858e-08
-0.0006745541042116,7.432105117571858e-08
-0.0006745541042116,7.432105117571858e-08
-0.0006745541042116,7.432105117571858e-08
-0.0006745541042116,7.432105117571858e-08
-0.0006745541042116,7.432105117571892e-08
-0.0006745540769226917,7.432104537724723e-08
-0.0006745541042116,7.432105117571858e-08
-0.0006745541042116,7.432105117571858e-08
-0.0006745541042116,7.432105117571858e-08
1.2491068853816392e+22,1.3525264336469776e+22
126443836633.55049,-26867358.17073592
-0.0006745541042115998,7.432105118889288e-08
-0.0006745541042116,7.432105117571858e-08
-0.0006745541042116,7.432105117571858e-08
-0.0006745541042116,7.432105117571858e-08
-0.0006745541042116,7.432105117571858e-08
-0.0006745541042116,7.43210511757186e-08
-0.0006745541042116,7.432105117571896e-08
-0.0006745541042115838,7.432105118970536e-08
-0.0006745541042116,7.432105117571858e-08
-0.0006745541042116,7.432105117571858e-08
-0.0006745541042116,7.432105117571858e-08
-0.0006745541042116,7.432105117571858e-08
-71.67997840009821,3.2853088364025536
-0.0006745541042115998,7.432105120239246e-08
-0.0006745541042116,7.432105117571858e-08
-0.0006745541042116,7.432105117571858e-08
-0.0006745541042116,7.432105117571858e-08
-0.0006745541042116,7.432105117571858e-08
-0.0006745541042116,7.432105117571858e-08
-0.0006745541042116,7.432105117571899e-08
-0.0006745541042116,7.432105117571858e-08
-0.0006745541042116,7.432105117571858e-08
-0.0006745541042116,7.432105117571858e-08
-0.0006745541042116,7.432105117571858e-08
2.80679331709168e+18,1.3209399682449243e+22
2.084306134406426e-05,3.2726953034037325
-0.0006745541042115996,7.432105200152725e-08
-0.0006745541042116,7.432105117571858e-08
-0.0006745541042116,7.432105117571858e-08
-0.0006745541042116,7.432105117571858e-08
-0.0006745541042116,7.432105117571858e-08
-0.0006745541042116,7.432105117571858e-08
-0.0006745541042116,7.432105117571903e-08
-0.0006745541042116,7.432105117571858e-08
-0.0006745541042116,7.432105117571858e-08
-0.0006745541042116,7.432105117571858e-08
-0.0006745541042116,7.432105117571858e-08
-0.0006745541042116,7.432105117571858e-08
126443836633.55049,-26867358.16292342
-0.0006745541042115996,7.432105233467452e-08
-0.0006745541042116,7.432105117571858e-08
-0.0006745541042116,7.432105117571858e-08
-0.0006745541042116,7.432105117571858e-08
-0.0006745541042116,7.432105117571858e-08
11809845.732720055,-2509.4097291518838
-0.0006745541042116,7.432105117571912e-08
-0.0006745540859022255,7.433508970818309e-08
-0.0006745541042116,7.432105117571858e-08
-0.0006745541042116,7.432105117571858e-08
-0.0006745541042116,7.432105117571858e-08
-0.0006745541042116,7.432105117571858e-08
-71.67997674006271,3.2931213362261875
-0.0006745541042115995,7.432105271631103e-08
-0.0006745541042116,7.432105117571858e-08
-0.0006745541042116,7.432105117571858e-08
-0.0006745541042116,7.432105117571858e-08
-0.0006745541042116,7.432105117571858e-08
-0.0006745541042116,7.432105117571858e-08
-0.0006745541042116,7.432105117571914e-08
-0.0006745540923276422,7.433184890038854e-08
-0.0006745541042116,7.432105117571858e-08
-0.0006745541042116,7.432105117571858e-08
-0.0006745541042116,7.432105117571858e-08
-0.0006745541042116,7.432105117571858e-08
2.2536511802191423e-05,3.2804687025724113
-0.0006745541042115994,7.432105263998328e-08
-0.0006745541042116,7.432105117571858e-08
-0.0006745541042116,7.432105117571858e-08
-0.0006745541042116,7.432105117571858e-08
-0.0006745541042116,7.432105117571858e-08
-0.0006745541042110204,7.432105168216317e-08
-0.0006745541042116,7.432105117571918e-08
-0.0006745540957388604,7.432900895908516e-08
-0.0006745541042116,7.432105117571858e-08
-0.0006745541042116,7.432105117571858e-08
-0.0006745541042116,7.432105117571858e-08
-0.0006745541042110836,7.432348135563591e-08
2.3042577974169095e-05,3.2830467226189035
-0.0006745541042115995,7.432105250814314e-08
0.02069682167780673,0.020142192332821898
-0.0006745541042116,7.432105117571858e-08
-0.0006745541042116,7.432105117571858e-08
-0.0006745541042116,7.432105117571858e-08
-0.0005190671990968122,4.1282486467035685e-08
-0.0006745541042116,7.432105117571922e-08
-0.0006745540525828763,7.436538400934878e-08
-0.0006156540426733537,6.180569823946875e-08
-0.0006745541042116,7.432105117571858e-08
-0.0006745541042116,7.432105117571858e-08
-0.0006745541042116,7.432105117571858e-08
-3.2186439114224515e+26,6.839120957693132e+22
-0.0006745541042115994,7.432105288978112e-08
0.01306076239742321,6.345595745615826e-05
-0.0006745416895831954,5.850035032358047e-05
-0.0006745541042116,7.432105117571858e-08
-0.0006745541042116,7.432105117571858e-08
-0.0005508713913649027,0.5820786968733151
-0.0006745541042116,7.432105117571927e-08
-0.0006745541042116,7.432105117571858e-08
-0.0006745541042116,7.432105117571858e-08
-0.0006745541042116,7.432105117571858e-08
-0.0006745541042116,7.432105117571858e-08
-0.0006745541042116,7.432105117571858e-08
1.9023205152481382e+17,-40421371428852.27
-0.0006745541042115992,7.432105339647601e-08
-0.0006725174270805869,0.009585134283903519
-0.000674553096980488,4.814576861733189e-06
-0.0006745541042116,7.432105117571858e-08
-0.0006745541042116,7.432105117571858e-08
-0.0006745541042116,7.432105117571858e-08
-0.0006745541042116,7.432105117571916e-08
-0.0006745509629521863,1.485779329687942e-05
-0.0006745541042116,7.432105117571858e-08
-0.0006745541042116,7.432105117571858e-08
-0.0006745541042116,7.432105117571858e-08
-0.0006745541042116,7.432105117571858e-08
2.4702613465705462e-05,3.2908592224425375
-0.0006745541042115993,7.432105309115959e-08
-0.000674467762414307,0.00040641820921698355
-0.0006745541042116,7.432105117571858e-08
-0.0006745541042116,7.432105117571858e-08
-0.0006745541042116,7.432105117571858e-08
-0.0006745541042116,7.432105117571858e-08
-0.0006745541042116,7.432105117571919e-08
-0.0006745508519521011,1.1698735205451558e-05
-0.00033869874841048096,0.0003643978236834571
-0.0006745541042116,7.432105117571858e-08
-0.0006745541042116,7.432105117571858e-08
-0.0006745541042116,7.432105117571858e-08
-3.2186439114224515e+26,6.839120957693132e+22
-0.0006745541042115992,7.432105338259757e-08
-0.0006513629938538899,0.0002881586714369671
-0.00034448276832106575,4.185992655837606e-09
-0.0006745541042116,7.432105117571858e-08
-0.0006745541042116,7.432105117571858e-08
-0.0006745541042116,7.432105117571858e-08
-0.0006745541042116,7.432105117571858e-08
-0.0006745501014154195,1.8912378793512424e-05
-0.000442716827282398,0.00024230420868564482
-0.0006745541042116,7.432105117571858e-08
-0.0006745541042116,7.432105117571858e-08
-0.0006745541042116,7.432105117571858e-08
2.5798242969374383e-05,3.296015500936365
-0.000674554104211599,7.432105374341475e-08
-0.0006745089079537407,0.00021277806043178572
-0.0004465919560358903,1.456655262799898e-06
-0.0006745541042116,7.432105117571858e-08
-0.0006745541042116,7.432105117571858e-08
8272370.927379966,38931635345.12451
-0.0006745541042116,7.432105117571865e-08
-0.0006745541042116,7.432105117571858e-08
-0.0006715624082035784,0.00019179572579660901
-0.0006745541042116,7.432105117571858e-08
-0.0006745541042116,7.432105117571858e-08
-0.0006745541042116,7.432105117571858e-08
-107374181.57601854,22818.65304091151
-0.0006745541042116,7.432105117571858e-08
-0.0006745541042116,7.432105117571858e-08
-0.0006745541042116,7.432105117571858e-08
-0.0006745541042116,7.432105117571858e-08
9.473556915390324e+21,-2.012984456404528e+18
-0.0006745541042116,7.432105117572185e-08
-0.0006745541042116,7.432105117571858e-08
-0.0006745541042116,7.432105117571858e-08
-0.0006745541042116,7.432105117571858e-08
-0.0006745541042116,7.432105117571858e-08
1.041913696071551e+34,-2.213905604662187e+30
3.130453209542732,-0.0006651874110650127
2.691048903921949e-05,3.301249980722372
-0.0006745541042116,7.432105117571858e-08
-0.0006745541042116,7.432105117571858e-08
-0.0006745541042116,7.432105117571858e-08
-0.0006745541042116,7.432105117571858e-08
6.207645048925208e+26,-1.3190286404099642e+23
-0.0006745541042115523,7.432126083586971e-08
-0.0006745541042116,7.432105117571858e-08
-0.0006745541042116,7.432105117571858e-08
-0.0006745541042116,7.432105117571858e-08
-0.0006745541042116,7.432105117571858e-08
9.143456409480875e+33,4.303115924368579e+37
1.4349705039441334e+19,-3049090585126450.0
2.7458278460910858e-05,3.303828000759999
-0.0006745541042116,7.432105117571858e-08
-0.0006745541042116,7.432105117571858e-08
-0.0006745541042116,7.432105117571858e-08
-0.0006745541042116,7.432105117571858e-08
2861.267579180435,3804479.977910327
0.05604562393092093,-8.489314155871105e-06
-0.0006745541042116,7.432105117571858e-08
-0.0006745541042116,7.432105117571858e-08
-0.0006745541042116,7.432105117571858e-08
-0.0006745541042116,7.432105117571858e-08
141191720265551.25,35541992631506.58
58680.41206324489,-12.4686808859097
-107374181.57601687,22818.660853411333
-0.0006745541042116,7.432105117571858e-08
-0.0006745541042116,7.432105117571858e-08
-0.0006745541042116,7.432105117571858e-08
-0.0006745541042116,7.432105117571858e-08
3340589.373798069,15721563805.088192
211326.195664858,994548521.5482243
-0.0006745541042116,7.432105117571858e-08
-0.0006745541042116,7.432105117571858e-08
-0.0006745541042116,7.432105117571858e-08
-0.0006745541042116,7.432105117571858e-08
564772896543939.2,8773529780023.178
14670.102509907607,-3.1171138594448413
0.05877856074096415,3.3090108964330516
-0.0006745541042116,7.432105117571858e-08
-0.0006745541042116,7.432105117571858e-08
-0.0006745541042116,7.432105117571858e-08
-0.0006745541042116,7.432105117571858e-08
1.4503924340264292e+19,6.825872514651774e+22
15069864796446.244,6.618666838907953e+16
-0.0006745541042116,7.432105117571858e-08
-0.0006745541042116,7.432105117571858e-08
-0.0006745541042116,7.432105117571858e-08
-0.0006745541042116,7.432105117571858e-08
9036343667153698.0,33650836551381.22
3359532980.158414,-713848.7883954347
2.910997190890593e-05,3.31160139993755
-0.0006745541042116,7.432105117571858e-08
-0.0006745541042116,7.432105117571858e-08
-0.0006745541042116,7.432105117571858e-08
-0.0006745541042116,7.432105117571858e-08
3283272.481011545,15451817635.17767
3896980144.1414304,242578437.43148628
-0.0006745541042116,7.432105117571858e-08
-0.0006745541042116,7.432105117571858e-08
-0.0006745541042116,7.432105117571858e-08
-0.0006745541042116,7.432105117571858e-08
142275112958173.72,108709270796.76003
183529.57330729486,-38.99719843186054
-4.9326818423565744e+32,1.048118670287582e+29
-0.0006745541042116,7.432105117571858e-08
-0.0006745541042116,7.432105117571858e-08
-0.0006745541042116,7.432105117571858e-08
-0.0006745541042116,7.432105117571858e-08
2.2688259984744328e-05,2.7058720461208634
-0.0006704156816551431,0.009222609997704079
-0.0006745541042116,7.432105117571858e-08
-0.0006745541042116,7.432105117571858e-08
-0.0006745541042116,7.432105117571858e-08
-0.0006745541042116,7.432105117571858e-08
-0.0006745541042116,7.432105117571858e-08
-0.0006745541042116,7.432105117571858e-08
2.7200829606698806e+23,-5.779755976410557e+19
-0.0006745541042116,7.432105117571858e-08
-0.0006745541042116,7.432105117571858e-08
-0.0006745541042116,7.432105117571858e-08
-0.0006745541042116,7.432105117571858e-08
-0.0006745541042116,7.432105117571858e-08
-0.0006745541042116,7.432105117571858e-08
-0.0006745541042116,7.432105117571867e-08
-0.0006745442795692227,1.5216027295964049e-05
-0.0006745541042116,7.432105117571858e-08
-0.0006745541042116,7.432105117571858e-08
-0.0006745541042116,7.432105117571858e-08
2576.201415726043,-0.5474030616506215
3.0770007400442406e-05,3.319413899761184
-0.0006745541042115984,7.432105458995566e-08
-0.0006576185412294274,2.272560303001671e-05
-0.000674548276811491,2.749937464544086e-05
-0.0006745541042116,7.432105117571858e-08
-0.0006745541042116,7.432105117571858e-08
4.0285016482973374e+31,1.895903344732186e+35
-0.0006745541042116,7.432105117571869e-08
-0.0006745495188262637,2.165417420139076e-05
-0.0006745495182117173,2.1657066394477108e-05
-0.0006745541042116,7.432105117571858e-08
-0.0006745541042116,7.432105117571858e-08
-0.0006745541042116,7.432105117571858e-08
3.131788124283825e-05,3.3219921582173777
-0.000674554104211599,7.432105570048208e-08
-0.000657619476629938,1.831483758795078e-05
-0.0006542821571637014,7.001357567597443e-08
-0.0006745541042116,7.432105117571858e-08
-0.0006745541042116,7.432105117571858e-08
-0.0006745541042115999,7.432105169268109e-08
-0.0006745541042116,7.432105117571867e-08
-0.0006745428685330155,1.843254966902209e-05
-0.0006745541042116,7.432105117571858e-08
-0.0006745541042116,7.432105117571858e-08
-0.0006745541042116,7.432105117571858e-08
2608.197997034975,-0.5542018407584273
3.1865670664529616e-05,3.3245701782550046
-0.0006745541042115989,7.432105575597924e-08
-0.0006584546475813797,1.4795793433019081e-05
-0.0006577348771963278,2.046242107374529e-05
-0.0006745541042116,7.432105117571858e-08
-0.0006745541042116,7.432105117571858e-08
-0.0006745541042116,7.432105117571858e-08
-0.0006745541042116,7.432105117571866e-08
-0.0006745508996421248,1.5155744663948727e-05
-0.0006745541042116,7.432105117571858e-08
-0.0006745541042116,7.432105117571858e-08
-0.0006745541042116,7.432105117571858e-08
-0.0006745541042116,7.432105117571858e-08
-151996490032255.38,32296905441.865902
-0.0006745541042115986,7.432105719867833e-08
-0.0006614963431817923,1.3008323100072394e-05
-0.0006604246186683577,7.131875383063873e-08
-0.0006745541042116,7.432105117571858e-08
-0.0006745541042116,7.432105117571858e-08
-0.0006745541042116,7.432105117571858e-08
-0.0006745541042116,7.432105117571867e-08
-0.0006745512669427511,1.3427145430361427e-05
-0.0006745514565907854,1.2534619191388115e-05
-0.0006745541042116,7.432105117571858e-08
-0.0006745541042116,7.432105117571858e-08
-0.0006745541042116,7.432105117571858e-08
3.2977916734374616e-05,3.3298046580410117
-0.0006745541042115999,7.432105117571855e-08
-0.0006636424559315154,1.139949368837133e-05
-0.0006745541042116,7.432105117571858e-08
-0.0006745541042116,7.432105117571858e-08
-0.0006745541042116,7.432105117571858e-08
-0.0006745541042116,7.432105117571858e-08
-0.0006745541042116,7.432105117571867e-08
-0.0006745516467410855,1.1639729175738256e-05
-0.0006745517985492985,1.0925285633330701e-05
-0.0006745541042116,7.432105117571858e-08
-0.0006745541042116,7.432105117571858e-08
-0.0006745541042116,7.432105117571858e-08
3.352570615606609e-05,3.3323826780786385
-0.0006745541042115976,7.432106183385935e-08
-0.0006647754343714413,9.610588234496434e-06
-0.0006632260478234956,7.191401423761954e-08
-0.0006745541042116,7.432105117571858e-08
-0.0006745541042116,7.432105117571858e-08
-0.0006745541036360165,7.432105105341598e-08
-0.0006745541042116,7.432105117571871e-08
-0.0006745383838227313,9.672771216592053e-06
-0.0006657279462816349,9.01606839166498e-06
-0.0006745541042116,7.432105117571858e-08
-0.0006745541042116,7.432105117571858e-08
-0.0006745541042116,7.432105117571858e-08
3.4073546238020226e-05,3.334960936534839
-0.0006745541042115998,7.432105117571854e-08
-0.0006656116342489614,8.41866662516703e-06
-0.000664954624319716,7.228131003260705e-08
-0.0006745541042116,7.432105117571858e-08
-0.0006745541042116,7.432105117571858e-08
-0.0006745541042116,7.432105117571858e-08
-0.0006745541042116,7.432105117571871e-08
-0.0006745328851619719,8.421077936639867e-06
-0.0006672197288896421,7.705074062809472e-06
-0.0006745541042116,7.432105117571858e-08
-0.0006745541042116,7.432105117571858e-08
-0.0006745541042116,7.432105117571858e-08
4.056481738486466e+29,-8.619396875102467e+25
-0.0006745541042115964,7.432106771804125e-08
-0.0006670721888211395,7.2856796985910564e-06
-0.000666623488852134,7.263591795797295e-08
-0.0006745541042116,7.432105117571858e-08
-0.0006745541042116,7.432105117571858e-08
-0.0006745541042116,7.432105117571858e-08
-0.0006745541042116,7.432105117571874e-08
-0.0006745297119703128,7.466348820067224e-06
-0.0006677861542572377,6.869288734114004e-06
-0.0006745541042116,7.432105117571858e-08
-0.0006745541042116,7.432105117571858e-08
-0.000672362323759807,0.010315085343634536
-1.4871393194095407e-05,3.3401560878907848
-0.0006745541042115961,7.432106905030884e-08
-0.0006680856197460325,6.57061199870963e-06
-0.0006745541042116,7.432105117571858e-08
-0.0006745541042116,7.432105117571858e-08
-0.0006745541042116,7.432105117571858e-08
693371257563.2532,-147330678.0608478
-0.0006745541042116,7.432105117571877e-08
-0.0006745526221731929,7.049126622252963e-06
-0.0006684419211408026,6.332980347639365e-06
-0.0006745541042116,7.432105117571858e-08
-0.0006745541042116,7.432105117571858e-08
-0.0006745541042116,7.432105117571858e-08
3.572527347374182e-05,3.342734335712383
-0.0006745541042115958,7.432107071564335e-08
-0.0006686221503536309,6.152734506980664e-06
-0.0006745541042116,7.432105117571858e-08
-0.0006745541042116,7.432105117571858e-08
-0.0006745541042116,7.432105117571858e-08
-0.0006745541042116,7.432105117571858e-08
-0.0006745541042116,7.432105117571875e-08
-0.0006745483746631042,6.2146593097872355e-06
-0.0006692466529605235,5.945729781129757e-06
-0.0006745541042116,7.432105117571858e-08
-0.0006745541042116,7.432105117571858e-08
2.6566218037505454e+18,1.250265881607981e+22
4.056481738486466e+29,-8.619396875102467e+25
-0.0006745541042115942,7.432107793209284e-08
-0.0006745501887136394,5.557947662320859e-06
-0.0006745541042116,7.432105117571858e-08
-0.0006745541042116,7.432105117571858e-08
-0.0006745541042116,7.432105117571858e-08
-0.0006745541042116,7.432105117571858e-08
-0.0006745541042116,7.432105117571875e-08
-0.0006745525829207258,7.599445856126091e-08
-0.0006695459235461271,7.325689017214821e-08
-0.0006745541042116,7.432105117571858e-08
-0.0006745541042116,7.432105117571858e-08
-0.0006745541042116,7.432105117571858e-08
-2.3021535239857085e+20,4.8917205031107416e+16
-0.0006745541042115944,7.432107693289213e-08
-0.0006745283729634767,5.021501211722448e-06
-0.0006745541042116,7.432105117571858e-08
-0.0006745541042116,7.432105117571858e-08
-0.0006745541042116,7.432105117571858e-08
-0.0006745541042116,7.432105117571858e-08
-0.0006745541042116,7.432105117571874e-08
-0.0006745530401179454,5.082184757752246e-06
-0.000670053171012475,7.336467242061397e-08
-0.0006745541042116,7.432105117571858e-08
-0.0006745541042116,7.432105117571858e-08
-0.0006745541042116,7.432105121236485e-08
126443836633.5505,-26867358.08772811
-0.0006745541042115936,7.432108070765033e-08
-0.0006697549678705058,4.603254414053523e-06
-0.0006745541042116,7.432105117571858e-08
-0.0006745541042116,7.432105117571858e-08
-0.0006745541042116,7.432105117571858e-08
-0.0006745541042116,7.432105117571858e-08
-0.0006745541042116,7.432105117571874e-08
-0.0006745541042116,7.432105117571858e-08
-0.0006703221745280824,7.342183151096114e-08
-0.0006745541042116,7.432105117571858e-08
-0.0006745541042116,7.432105117571858e-08
4.77733981299854e+31,2.2483210975121007e+35
3.793309835968485e-05,3.3531248555736437
-0.0006745541042115931,7.432108315014094e-08
-0.0006743174194637833,0.0011139658974677503
-0.0006745541042116,7.432105117571858e-08
3109787.61615816,14635358901.609097
-0.0006745541042116,7.432105117571858e-08
-0.0006745541042116,7.432105117571858e-08
-0.0006745541042116,7.432105117571879e-08
-0.0006745541042116,7.432105117571858e-08
0.659582055212402,-0.00014022000595429411
-0.0006745541042116,7.432105117571858e-08
-0.0006745541042116,7.432105117571858e-08
-0.0006745541042116,7.432105117571858e-08
-2.3021535239857085e+20,4.8917205031107416e+16
-0.0006745541042115909,7.432109336419254e-08
-0.0006745541042116,7.432105117571858e-08
-0.0006745541042116,7.432105117571858e-08
2967194.046657085,13964281540.75856
-0.0006745541042116,7.432105117571858e-08
-0.0006745541042116,7.432105117571858e-08
-0.0006745541042116,7.432105117571885e-08
-0.0006745541042116,7.432105117571858e-08
-0.0006745541042116,7.432105117571858e-08
-0.0006745541042116,7.432105117571858e-08
-0.0006745541042116,7.432105117571858e-08
9.962107391938526e+21,-2.116793883449073e+18
126443836633.5505,-26867358.07991561
-0.0006745541042115891,7.432110180188733e-08
3094332.3948406163,14562623159.251093
-0.0006745541042116,7.432105117571858e-08
-0.0006745541042116,7.432105117571858e-08
-0.0006745541042116,7.432105117571858e-08
-0.0006745541042116,7.432105117571858e-08
-0.0006745541042116,7.43210511757188e-08
-0.0006745541042116,7.432105117571858e-08
-0.0006745541042116,7.432105117571858e-08
-0.0006745541042116,7.432105117571858e-08
-0.0006745541042116,7.432105117571858e-08
-0.0006745541042116,7.432105117571858e-08
-71.67995910218562,3.3761291468522994
-0.0006745541042115886,7.432110357824411e-08
2695063.6986451107,12683575009.670307
-0.0006745541042116,7.432105117571858e-08
-0.0006745541042116,7.432105117571858e-08
-0.0006745541042116,7.432105117571858e-08
-0.0006745541042116,7.432105117571858e-08
-0.0006745541042116,7.432105117571886e-08
-0.0006745541042116,7.432105117571858e-08
-0.0006745541042116,7.432105117571858e-08
-0.0006745541042116,7.432105117571858e-08
-0.0006745541042116,7.432105117571858e-08
-0.0006745541042116,7.432105117571858e-08
4.014097393317546e-05,3.3635156138534783
-0.0006745541042115859,7.432111690092012e-08
-0.0006745541042116,7.432105117571858e-08
-0.0006745541042116,7.432105117571858e-08
106093.1644304466,499298260.7284211
-0.0006745541042116,7.432105117571858e-08
-0.0006745541042116,7.432105117571858e-08
-0.0006745541042116,7.432105117571886e-08
-0.0006745541042116,7.432105117571858e-08
-0.0006745541042116,7.432105117571858e-08
-0.0006745541042116,7.432105117571858e-08
-0.0006745541042116,7.432105117571858e-08
-0.0006721667274534985,0.011235605486926453
126443836633.5505,-26867358.07210311
-0.0006745541042115812,7.43211391053801e-08
-0.0006745541042116,7.432105117571858e-08
-0.0006745541042116,7.432105117571858e-08
-0.0006744404478942547,7.429690096453267e-08
-0.0006745541042116,7.432105117571858e-08
-0.0006745541042116,7.432105117571858e-08
-0.0006745541042116,7.432105117571885e-08
-0.0006745474976422355,7.431964738181522e-08
-0.0006745541042116,7.432105117571858e-08
-0.0006745533727476715,7.432089575093657e-08
-0.0006745541042116,7.432105117571858e-08
9.666672388952327e+21,-2.0540185104608228e+18
-71.67995744215013,3.3839416466759333
-0.0006745541042115765,7.43211608657509e-08
-0.0005801093409330656,8.493126907460795e-05
-0.0006745334290484137,9.737628210568348e-05
180102.16988182612,847601260.8655362
-0.0006745541042116,7.432105117571858e-08
-0.0006745541042116,7.432105117571858e-08
-0.0006745541042116,7.432105117571886e-08
-0.0006745532429871324,4.127436804403836e-06
-0.0006745541042116,7.432105117571858e-08
-0.0006745538511768872,7.469765356896848e-08
-0.0006745541042116,7.432105117571858e-08
-0.0006745541042116,7.432105117571858e-08
4.1801009424711935e-05,3.3713281136771127
-0.000674554104211572,7.432118176278507e-08
-0.000674552115796285,9.432250069658285e-06
-0.0006745540183032336,4.786251167123601e-07
-0.0006745508122520845,3.2346221535600007e-06
-0.0006745541042116,7.432105117571858e-08
-0.0006745541042116,7.432105117571858e-08
-0.0006745541042116,7.432105117571883e-08
-0.0006744362790690638,7.42960151535975e-08
-0.0006745541042116,7.432105117571858e-08
-0.0006745363990687469,8.666131296619061e-08
-0.0006745541042116,7.432105117571858e-08
-0.0006745541042116,7.432105117571858e-08
5.84860301773108e+35,-1.2427377669782236e+32
-0.0006745541042115833,7.432112845480838e-08
-0.0006745361704785677,8.447449614780828e-05
-0.0006745540930278025,1.26954513797097e-07
26077.678220545564,122727413.2294482
-0.0006745541042116,7.432105117571858e-08
-0.0006745541042116,7.432105117571858e-08
-0.0006745541042116,7.432105117571888e-08
-0.0006744310174097984,9.496489152169429e-05
-0.0006745541042116,7.432105117571858e-08
-0.0006745419933155876,7.431847779745697e-08
-0.0006745541042116,7.432105117571858e-08
-0.0006745541042116,7.432105117571858e-08
-3.2186439114224515e+26,6.839120957693132e+22
-0.0006745541042115518,7.432127678811599e-08
-0.0006638669393046289,8.447222910104784e-05
-0.0006745541042116,7.432105117571858e-08
-0.0006745433140303552,3.4432315921324405e-06
-0.0006745541042116,7.432105117571858e-08
-0.0006745541042116,7.432105117571858e-08
-0.0006745541042116,7.432105117571888e-08
-0.0006744025995237295,9.496488548333262e-05
-0.0005768024889866866,5.3550343426391714e-08
-0.0006743575331095733,8.871879587662073e-08
-0.0006745541042116,7.432105117571858e-08
-0.0006745541042116,7.432105117571858e-08
4.349445988283899e-05,3.379101512845791
-0.0006745541042115261,7.432139756529438e-08
-0.0006745541042116,7.432105117571858e-08
-0.000674531912459361,0.00010451369077385175
-0.0006745393712599301,2.5491690206191298e-06
-0.0006745541042116,7.432105117571858e-08
-0.0006745541042116,7.432105117571858e-08
-0.0006745541042116,7.432105117571896e-08
0.0014771015383662283,10.124999845697742
-0.0006745541042116,7.432105117571858e-08
-0.0006745541027579051,8.116246601135223e-08
-0.0006745541042116,7.432105117571858e-08
-0.0006745541042116,7.432105117571858e-08
5.84860301773108e+35,-1.2427377669782236e+32
-0.0006745541042115947,7.432107427022713e-08
-0.0006745541042116,7.432105117571858e-08
-0.0006745538983643272,1.0430845449357256e-06
-0.0006731449365108646,2.1614420702485835e-06
-0.0006745541042116,7.432105117571858e-08
-0.0006745541042116,7.432105117571858e-08
-0.0006745541042116,7.432105117571904e-08
-0.0006740995866320733,7.422447321340501e-08
-0.0006745541042116,7.432105117571858e-08
-0.0006745541031660578,7.924160791550036e-08
-0.0006745541042116,7.432105117571858e-08
-0.0006745541042116,7.432105117571858e-08
-3.2186439114224515e+26,6.839120957693132e+22
-0.000674554104211597,7.432106277848478e-08
-0.0006745541042116,7.432105117571858e-08
-0.0006745541042116,7.432105117571858e-08
549294.6683563483,2585104069.641686
-0.0006745541042116,7.432105117571858e-08
-0.0006745541042116,7.432105117571858e-08
-0.0006745541042116,7.432105117571923e-08
-0.0006745541042116,7.432105117571858e-08
-0.0006745541042116,7.432105117571858e-08
-0.0006745516869018505,7.791586609529146e-08
-0.0006745541042116,7.432105117571858e-08
-0.0006745541042116,7.432105117571858e-08
1.9023205152481382e+17,-40421371428852.17
-0.0006745541042115883,7.432110402607036e-08
-0.0006745541042116,7.432105117571858e-08
-0.0006731079002473356,0.006806234956386286
674065.3743727601,3172303032.3857627
-0.0006745541042116,7.432105117571858e-08
-0.0006745541042116,7.432105117571858e-08
-0.0006745541042116,7.432105117571912e-08
-0.0006689214654074815,7.312420246699213e-08
-0.0006745541042116,7.432105117571858e-08
-0.0006745514548318332,7.43204882234571e-08
-0.0006745541042116,7.432105117571858e-08
-0.0006745541042116,7.432105117571858e-08
-107374181.57599925,22818.74386122196
-0.0006745541042115881,7.43211038040291e-08
-0.0006745541042116,7.432105117571858e-08
-0.0006741013555727067,6.666342977444396e-07
-0.0006740509149673632,7.421413123674264e-08
-0.0006745541042116,7.432105117571858e-08
-0.0006745541042116,7.432105117571858e-08
-0.0006745541042116,7.432105117571919e-08
-0.000663049403038021,7.187647995027201e-08
-0.0006745541042116,7.432105117571858e-08
-0.0006745541042116,7.432105117571858e-08
-0.0006745541042116,7.432105117571858e-08
-0.0006745541042116,7.432105117571858e-08
4.620840162833069e-05,3.392070291172118
-0.0006745541042115928,7.432108204366172e-08
-0.0006745541042116,7.432105117571858e-08
-0.0006745541042116,7.432105117571858e-08
-0.0006745541042116,7.432105117571858e-08
-0.0006745541042116,7.432105117571858e-08
-0.0006745541042116,7.432105117571858e-08
-0.0006745541042116,7.432105117571911e-08
-0.0006620957260146598,7.167383831929837e-08
-0.0006336757302325151,0.1923828824780398
-0.0006743575347850829,7.427928321003079e-08
-0.0006745541042116,7.432105117571858e-08
-0.0006745541042116,7.432105117571858e-08
4.675619105002206e-05,3.3946483112097448
-0.0006745541042115946,7.432107271593179e-08
-0.0006745541042116,7.432105117571858e-08
-0.0006610225804984547,7.14458114796568e-08
-0.0006745541042116,7.432105117571858e-08
-0.0006745541042116,7.432105117571858e-08
-0.0006745541042116,7.432105117571858e-08
-0.0006745541042116,7.432105117571927e-08
-0.0006510678647170034,6.933058819921896e-08
-0.0006745537764714281,1.6167399023028302e-06
-0.0006744362801348779,7.429601538006652e-08
-0.0006745541042116,7.432105117571858e-08
-0.0006745541042116,7.432105117571858e-08
-107374181.57599758,22818.751673721785
-0.0006745541042115941,7.43210754896021e-08
-0.0006745541042116,7.432105117571858e-08
-0.0006745541042116,7.432105117571858e-08
-0.0006745541042116,7.432105117571858e-08
-0.0006745541042116,7.432105117571858e-08
-0.0006745541042116,7.432105117571858e-08
-0.0006745541042116,7.432105117571915e-08
-0.0006418867287316286,6.737973867187074e-08
-0.000674553109878231,4.753877186707148e-06
0.004819947192070478,0.0026702527202851515
-0.0006745541042116,7.432105117571858e-08
-0.0006745541042116,7.432105117571858e-08
0.05879785865355327,3.3998312068827974
-0.0006745541042115938,7.432107615894275e-08
-0.0006745541042116,7.432105117571858e-08
-0.0006745541042116,7.432105117571858e-08
-0.0006745541042116,7.432105117571858e-08
-0.0006745541042116,7.432105117571858e-08
-0.0006745541042116,7.432105117571858e-08
-0.0006745541042116,7.432105117571923e-08
-0.0006249589772557496,6.378285305571259e-08
-0.0006621451345864062,4.752165381405206e-05
-0.0006744397583461728,0.0005382116428360751
-0.0006745541042116,7.432105117571858e-08
-0.0006745541042116,7.432105117571858e-08
4.8416226541558535e-05,3.4024608110333787
-0.0006745541042115902,7.432109425237081e-08
-0.000674520867442942,0.00015649401846295943
-0.0006745541042116,7.432105117571858e-08
-0.0006745541042116,7.432105117571858e-08
-0.0006745541042116,7.432105117571858e-08
-0.0006745541042116,7.432105117571858e-08
-0.0006745541042116,7.432105117571932e-08
-0.000629727290522476,6.47960459435491e-08
-0.0006703121425538785,4.466232978345142e-05
-0.0006745541042116,7.432105117571858e-08
-0.0006745541042116,7.432105117571858e-08
-0.0006745541042116,7.432105117571858e-08
-4.9326818423565744e+32,1.048118670287582e+29
-0.0006745541042115786,7.432114932712267e-08
-0.0006745541042116,7.432105117571858e-08
-0.0005170483467953632,0.0006104765980697194
-0.0006745541042116,7.432105117571858e-08
-0.0006745541042116,7.432105117571858e-08
-0.0006745541042116,7.432105117571858e-08
-0.0006745541042116,7.432105117571936e-08
-0.0006106444950373747,6.074124677578871e-08
-0.0006745541042116,7.432105117571858e-08
-0.0001594776094221255,-3.512474485746235e-08
-0.0006745541042116,7.432105117571858e-08
-0.0006745541042116,7.432105117571858e-08
0.0587995186890448,3.4076437067064314
-0.0006745541042115666,7.43212048554369e-08
-0.0006745541042116,7.432105117571858e-08
-0.00048376325128268206,0.00017171608742600736
-0.0006745541042116,7.432105117571858e-08
-0.0006745541042116,7.432105117571858e-08
-0.0006745541042116,7.432105117571858e-08
-0.0006745541042116,7.432105117571936e-08
-0.0005748868603573542,5.3143301943501035e-08
-0.0006679672404135748,7.292144440074498e-08
-0.00041892375837938335,2.000355275972213e-08
-0.0006745541042116,7.432105117571858e-08
-0.0006745541042116,7.432105117571858e-08
5.00762620330949e-05,3.410273310857013
-0.000674554104211569,7.432119330872466e-08
-0.0006745541042116,7.432105117571858e-08
-0.0006734321417606084,0.005280281578778472
0.02557641065668635,123.54293551778076
-0.0006745541042116,7.432105117571858e-08
-0.0006745541042116,7.432105117571858e-08
-0.0006745541042116,7.432105117571941e-08
-0.0006745541042116,7.432105117571858e-08
-0.0006607217300415666,1.419882261296002e-05
0.0009049045690072523,-2.6128951063530653e-07
-0.0006745541042116,7.432105117571858e-08
-0.0006745541042116,7.432105117571858e-08
5.061579383194945e-05,3.4128124686671235
-0.0006745541042115622,7.432122528303862e-08
-0.0006745541042116,7.432105117571858e-08
-0.0006745541042116,7.432105117571858e-08
0.004719509130943951,25.38567302419273
-0.0006745541042116,7.432105117571858e-08
-0.0006745541042116,7.432105117571858e-08
-0.0006745541042116,7.432105117571953e-08
-0.000578709837576441,5.3955625528817604e-08
-0.0006553334998109498,0.00012119595828283299
1.6557606597379881,-0.0003518925661787489
-0.0006745541042116,7.432105117571858e-08
-0.0006745541042116,7.432105117571858e-08
2.7200829606698806e+23,-5.779755976410557e+19
-0.0006745541042115611,7.432122614686295e-08
-0.0006745541042116,7.432105117571858e-08
-0.0006745541042116,7.432105117571858e-08
0.002913401458769064,16.885724714490802
-0.0006745541042116,7.432105117571858e-08
-0.0006745541042116,7.432105117571858e-08
-0.0006745541042116,7.432105117571984e-08
-0.000573941466102055,5.294242027275288e-08
-0.0006745494429866072,2.2011092656118343e-05
-0.0006745541042116,7.432105117571858e-08
-0.0006745541042116,7.432105117571858e-08
-0.0006745541042116,7.432105117571858e-08
5.172795548109008e-05,3.418046710034564
-0.0006745541042115603,7.432122793898126e-08
-0.0006745316093001731,0.00010594042599425104
-0.0006613764548054813,0.06201705178092918
-0.0006745541042116,7.432105117571858e-08
-0.0006745541042116,7.432105117571858e-08
-0.0006745541042116,7.432105117571858e-08
-0.0006745541042116,7.432105117572001e-08
-0.0005586826773840198,4.9700163453345755e-08
-0.0006151355131308419,0.00022610051432893322
-0.0006745541042116,7.432105117571858e-08
-0.0006745541042116,7.432105117571858e-08
-0.0006745541042116,7.432105117571858e-08
5.227582932348582e-05,3.4206249684907575
-0.0006745541042115526,7.43212607858203e-08
-0.0006745541042116,7.432105117571858e-08
-0.0006639702642188401,0.0498100021800499
-0.0006745541042116,7.432105117571858e-08
-0.0006745541042116,7.432105117571858e-08
-0.0006745541042116,7.432105117571858e-08
-0.0006745541042116,7.432105117572021e-08
-0.0005400860286339142,4.574866295469333e-08
-0.000674265512854622,0.0013582500570448867
0.223957659304862,-4.765655321692693e-05
-0.0006745541042116,7.432105117571858e-08
-0.0006745541042116,7.432105117571858e-08
2.7200829606698806e+23,-5.779755976410557e+19
-0.0006745541042115544,7.43212527922147e-08
-0.0006745541042116,7.432105117571858e-08
-0.0006717136095958122,0.013368079883592758
-0.0006745541042116,7.432105117571858e-08
-0.0006745541042116,7.432105117571858e-08
-0.0006745541042116,7.432105117571858e-08
-0.0006745541042116,7.432105117572017e-08
-0.0006745541042116,7.432105117571858e-08
-0.0005725023399261184,5.2636628198156394e-08
0.25327725791379735,-5.388651486648704e-05
-0.0006745541042116,7.432105117571858e-08
-0.0006745541042116,7.432105117571858e-08
-151996490032255.38,32296905441.964535
-0.0006745541042115453,7.432129453659945e-08
-0.0006745541042116,7.432105117571858e-08
-0.0006745541042116,7.432105117571858e-08
-0.0006745541042116,7.432105117571858e-08
-0.0006745541042116,7.432105117571858e-08
-0.0006745541042116,7.432105117571858e-08
-0.0006745541042116,7.432105117572026e-08
-0.00028923534656204587,-7.553230768963048e-09
-0.0006745541042116,7.432105117571858e-08
0.04107916917061958,-8.797699954230165e-06
-0.0006745541042116,7.432105117571858e-08
-0.0006745541042116,7.432105117571858e-08
5.393586481502229e-05,3.4284374683143914
-0.000674554104211528,7.432137269629848e-08
-0.0005865649977401861,0.41409656942273293
-0.0006745541042116,7.432105117571858e-08
0.13793881147892723,652.3456274375658
-0.0006745541042116,7.432105117571858e-08
-0.0006745541042116,7.432105117571858e-08
-0.0006745541042116,7.432105117572058e-08
-0.00017854993116647754,-3.107217119776791e-08
-0.0006745541042116,7.432105117571858e-08
-0.0006745541042116,7.432105117571858e-08
-0.0006745541042116,7.432105117571858e-08
-0.0006745541042116,7.432105117571858e-08
5.448365423671366e-05,3.4310154883520183
-0.000674554104211522,7.432139759681668e-08
-0.0006745541042116,7.432105117571858e-08
-0.0006745541042116,7.432105117571858e-08
-0.0006745541042116,7.432105117571858e-08
-0.0006745541042116,7.432105117571858e-08
-0.0006745541042116,7.432105117571858e-08
-0.0006745541042116,7.4321051175721e-08
-7.936873582180194e-05,-5.214664263226262e-08
-0.0006745541042116,7.432105117571858e-08
-0.0006745541042116,7.432105117571858e-08
-0.0006745541042116,7.432105117571858e-08
-0.0006745541042116,7.432105117571858e-08
-151996490032255.38,32296905441.972347
-0.0006745541042115212,7.432139582018858e-08
-0.0006745541036998888,7.432120384927845e-08
-0.0006745541042116,7.432105117571858e-08
-0.0006745541042116,7.432105117571858e-08
-0.0006745541042116,7.432105117571858e-08
-0.0006745541042116,7.432105117571858e-08
-0.0006745541042116,7.432105117572139e-08
-0.0006745541035613667,7.432105103755403e-08
-0.0006745541042116,7.432105117571858e-08
-0.0006745541042116,7.432105117571858e-08
-0.0006745541042116,7.432105117571858e-08
-0.0006745541042116,7.432105117571858e-08
5.559590030655877e-05,3.4362499681380254
-0.0006745541042115126,7.43214330924291e-08
-0.0006745541042116,7.432105117571858e-08
-0.0006745541042116,7.432105117571858e-08
0.03652868286299357,175.0867881139521
-0.0006745541042116,7.432105117571858e-08
-0.0006745541042116,7.432105117571858e-08
-0.0006745541042116,7.432105117572192e-08
0.0006607775701110343,-2.094162956901969e-07
-0.0006745541042116,7.432105117571858e-08
-0.0006745541042116,7.432105117571858e-08
-0.0006745541042116,7.432105117571858e-08
-0.0006745541042116,7.432105117571858e-08
6.08655488655227e-06,3.4387888981641646
-0.0006745541042114182,7.432187903669886e-08
-0.0006745541042116,7.432105117571858e-08
-0.0006745541042116,7.432105117571858e-08
-0.0006745541042116,7.432105117571858e-08
-0.0006745541042116,7.432105117571858e-08
-0.0006745541042116,7.432105117571858e-08
-0.0006745541042116,7.432105117572221e-08
0.0022097106332367913,-5.385406370469129e-07
-0.0006745541042116,7.432105117571858e-08
-0.0006745541042116,7.432105117571858e-08
-0.0006745541042116,7.432105117571858e-08
-0.0006745541042116,7.432105117571858e-08
5.668322155438939e-05,3.441367145985763
-0.0006745541042113222,7.432232320352722e-08
-0.0006745541042116,7.432105117571858e-08
-0.0006745541042116,7.432105117571858e-08
-0.0006745541042116,7.432105117571858e-08
-0.0006745541042116,7.432105117571858e-08
-0.0006745541042116,7.432105117571858e-08
-0.0006745541042116,7.432105117572377e-08
-0.0006745541042116,7.432105117571858e-08
-0.0006745541042116,7.432105117571858e-08
-0.0006745541042116,7.432105117571858e-08
-0.0006745541042116,7.432105117571858e-08
-0.0006745541042116,7.432105117571858e-08
89128.95898267553,-15.494503158126413
-0.0006745541042112575,7.432262162897556e-08
-0.0006745541042116,7.432105117571858e-08
-0.0006745541042116,7.432105117571858e-08
-0.0006745541042116,7.432105117571858e-08
-0.0006745541042116,7.432105117571858e-08
-0.0006745541042116,7.432105117571858e-08
-0.0006745541042116,7.432105117572387e-08
-0.0006745541042116,7.432105123058395e-08
-0.0006745541042116,7.432105117571858e-08
-0.0006745541042116,7.432105117571858e-08
-0.0006745541042116,7.432105117571858e-08
-0.0006745541042116,7.432105117571858e-08
7.746590378088529e-06,3.4466013979877985
-0.0006745541042115909,7.432105125464658e-08
-0.0006745541042116,7.432105117571858e-08
-0.0006745541042116,7.432105117571858e-08
0.011176109370235712,55.77188373349252
-0.0006745541042116,7.432105117571858e-08
-0.0006745541042116,7.432105117571858e-08
-0.0006745541042116,7.432105117572517e-08
-0.0006745541042116,7.432105117571858e-08
-0.0006745541042116,7.432105117571858e-08
-0.0006745541042116,7.432105117571858e-08
-0.0006745541042116,7.432105117571858e-08
-0.0006745541042116,7.432105117571858e-08
5.8343257045925865e-05,3.449179645809397
-0.0006745541042109389,7.432412072026589e-08
-0.0006745541042116,7.432105117571858e-08
-0.0006745541042116,7.432105117571858e-08
0.010857376071347074,54.271853249777344
-0.0006745541042116,7.432105117571858e-08
-0.0006745541042116,7.432105117571858e-08
-0.0006745541042116,7.432105117572464e-08
-0.0006745541042116,7.432105117571858e-08
-0.0006745541042116,7.432105117571858e-08
-0.0006745541042116,7.432105117571858e-08
-0.0006745541042116,7.432105117571858e-08
-0.0006745541042116,7.432105117571858e-08
4.056481738486466e+29,-8.619396875102467e+25
-0.0006745541042110504,7.432358098492029e-08
-0.0006745541042116,7.432105117571858e-08
-0.0006745541042116,7.432105117571858e-08
0.23575750518503089,1112.7023675333667
-0.0006745541042116,7.432105117571858e-08
-0.0006745541042116,7.432105117571858e-08
-0.0006745541042116,7.432105117572668e-08
0.009702639462629925,-2.130672230409732e-06
-0.0006745541042116,7.432105117571858e-08
-0.0006745541042116,7.432105117571858e-08
-0.0006745541042116,7.432105117571858e-08
-0.0006745541042116,7.432105117571858e-08
-2.3021535239857085e+20,4.8917205031107416e+16
-0.0006745541042110425,7.432359518232954e-08
-0.0006745541042116,7.432105117571858e-08
-0.0006745541042116,7.432105117571858e-08
-0.0006745541042116,7.432105117571858e-08
-0.0006745541042116,7.432105117571858e-08
-0.0006745541042116,7.432105117571858e-08
-0.0006745541042116,7.432105117572848e-08
-0.0006745541042116,7.432105117571858e-08
-0.0006745541042116,7.432105117571858e-08
-0.0006745541042116,7.432105117571858e-08
-0.0006745541042116,7.432105117571858e-08
-0.0006745541042116,7.432105117571858e-08
126443836633.55052,-26867357.9812828
-0.0006745541042107633,7.432488862334813e-08
-0.0006745541042116,7.432105117571858e-08
-0.0006745541042116,7.432105117571858e-08
-0.0006745541042116,7.432105117571858e-08
-0.0006745541042116,7.432105117571858e-08
-0.0006745541042116,7.432105117571858e-08
-0.0006745541042116,7.432105117572848e-08
-0.0006745541042116,7.432105117571858e-08
-0.0006745541042116,7.432105117571858e-08
-0.0006745541042116,7.432105117571858e-08
-0.0006745541042116,7.432105117571858e-08
-0.0006745541042116,7.432105117571858e-08
4.056481738486466e+29,-8.619396875102467e+25
-0.0006745541042107174,7.432508757964569e-08
-0.0006745541042116,7.432105117571858e-08
-0.0006745541042116,7.432105117571858e-08
0.08223194999822922,390.1766270083331
-0.0006745541042116,7.432105117571858e-08
-0.0006745541042116,7.432105117571858e-08
-0.0006745541042116,7.432105117572827e-08
-0.0006745541042116,7.432105117571858e-08
-0.0006745541042116,7.432105117571858e-08
-0.0006745541042116,7.432105117571858e-08
-0.0006745541042116,7.432105117571858e-08
-0.0006745541042116,7.432105117571858e-08
-2.3021535239857085e+20,4.8917205031107416e+16
-0.000674554104210277,7.432716236829049e-08
-0.0006745541042116,7.432105117571858e-08
-0.0006745541042116,7.432105117571858e-08
0.0686329133135081,326.1765063828132
-0.0006745541042116,7.432105117571858e-08
-0.0006745541042116,7.432105117571858e-08
-0.0006745541042116,7.432105117572949e-08
-0.0006745541042116,7.432105117571858e-08
-0.0006745541042116,7.432105117571858e-08
-0.0006745541042116,7.432105117571858e-08
-0.0006745541042116,7.432105117571858e-08
-0.0006745541042116,7.432105117571858e-08
126443836633.55052,-26867357.9734703
-0.000674554104210002,7.432844187037283e-08
-0.0006745541042116,7.432105117571858e-08
-0.0006745541042116,7.432105117571858e-08
-0.0006745541042116,7.432105117571858e-08
-0.0006745541042116,7.432105117571858e-08
-0.0006745541042116,7.432105117571858e-08
-0.0006745541042116,7.432105117572927e-08
-0.0006745541042116,7.432105117571858e-08
-0.0006745541042116,7.432105117571858e-08
-0.0006745541042116,7.432105117571858e-08
-0.0006745541042116,7.432105117571858e-08
-0.0006745541042116,7.432105117571858e-08
-71.67993648420205,3.4825744569493136
-0.000674554104209946,7.432866925358248e-08
-0.0006745541042116,7.432105117571858e-08
-0.0006745541042116,7.432105117571858e-08
49928.39330903665,234974234.695494
-0.0006745541042116,7.432105117571858e-08
-0.0006745541042116,7.432105117571858e-08
-0.0006745541042116,7.432105117572954e-08
-0.0006745541042116,7.432105117571858e-08
-0.0006745541042116,7.432105117571858e-08
-0.0006745541042116,7.432105117571858e-08
-0.0006745541042116,7.432105117571858e-08
-0.0006745541042116,7.432105117571858e-08
6.27589575053595e-05,3.4699609239504925
-0.0006745541042095757,7.433037514244467e-08
-0.0006745541042116,7.432105117571858e-08
-0.0006745541042116,7.432105117571858e-08
-0.0006745541042116,7.432105117571858e-08
-0.0006745541042116,7.432105117571858e-08
-0.0006745541042116,7.432105117571858e-08
-0.0006745541042116,7.43210511757298e-08
-0.0006745541042116,7.432105117571858e-08
-0.0006745541042116,7.432105117571858e-08
-0.0006745541042116,7.432105117571858e-08
-0.0006745541042116,7.432105117571858e-08
-0.0006745541042116,7.432105117571858e-08
126443836633.55052,-26867357.9656578
-0.0006745541042090016,7.433298991015903e-08
-0.0006745541042116,7.432105117571858e-08
-0.0006745541042116,7.432105117571858e-08
-0.0006745541042116,7.432105117571858e-08
-0.0006745541042116,7.432105117571858e-08
-0.0006745541042116,7.432105117571858e-08
-0.0006745541042116,7.43210511757316e-08
-0.0006745541042116,7.432105117571858e-08
-0.0006745541042116,7.432105117571858e-08
6095618.361717829,-1295.2247106925465
-0.0006745541042116,7.432105117571858e-08
-0.0006745541042116,7.432105117571858e-08
-71.67993482416655,3.4903869567729475
-0.0006745541042085017,7.433532046252311e-08
-0.0006745541042116,7.432105117571858e-08
-0.0006745541042116,7.432105117571858e-08
-0.0006745541042116,7.432105117571858e-08
-0.0006745541042116,7.432105117571858e-08
-0.0006745541042116,7.432105117571858e-08
-0.0006745541042116,7.432105117573552e-08
-0.0006745541042116,7.432105117571858e-08
-0.0006745541042116,7.432105117571858e-08
-0.0006745541042116,7.432105117571858e-08
-0.0006745541042116,7.432105117571858e-08
-0.0006745541042116,7.432105117571858e-08
6.445240796348667e-05,3.4777343231191713
-0.0006745541042063265,7.434561067368453e-08
-0.0006745541042116,7.432105117571858e-08
-0.0006745541042116,7.432105117571858e-08
-0.0006745541042116,7.432105117571858e-08
-0.0006745541042116,7.432105117571858e-08
-0.0006745541042116,7.432105117571858e-08
-0.0006745541042116,7.432105117574071e-08
-0.0006745541042116,7.432105117571858e-08
-0.0006745541042116,7.432105117571858e-08
-0.0006745541042116,7.432105117571858e-08
-0.0006745541042116,7.432105117571858e-08
-0.0006745541042116,7.432105117571858e-08
5.84860301773108e+35,-1.2427377669782236e+32
-0.0006745541042024581,7.436380367419849e-08
-0.0006745541042116,7.432105117571858e-08
-0.0006745541042116,7.432105117571858e-08
-0.0006745541042116,7.432105117571858e-08
-0.0006745541042116,7.432105117571858e-08
-0.0006745541042116,7.432105117571858e-08
-0.0006745541042116,7.432105117574325e-08
-0.0006745541042116,7.432105117571858e-08
-0.0006745541042116,7.432105117571858e-08
-0.0006745541042116,7.432105117571858e-08
-0.0006745541042116,7.432105117571858e-08
-0.0006745541042116,7.432105117571858e-08
-3.2186439114224515e+26,6.839120957693132e+22
-0.0006745541041994237,7.43779007446049e-08
-0.0006745541042116,7.432105117571858e-08
-0.0006745541042116,7.432105117571858e-08
-0.0006745541042116,7.432105117571858e-08
-0.0006745541042116,7.432105117571858e-08
-0.0006745541042116,7.432105117571858e-08
-0.0006745541042116,7.432105117575183e-08
-0.0006745541042116,7.432105117571858e-08
-0.0006745541042116,7.432105117571858e-08
-0.0006745541042116,7.432105117571858e-08
-0.0006745541042116,7.432105117571858e-08
-0.0006745541042116,7.432105117571858e-08
6.611244345502303e-05,3.4855468229428053
-0.0006745541041954702,7.439655135649045e-08
-0.0006745541042116,7.432105117571858e-08
-0.0006745541042116,7.432105117571858e-08
-0.0006745541042116,7.432105117571858e-08
-0.0006745541042116,7.432105117571858e-08
-0.0006745541042116,7.432105117571858e-08
-0.0006745541042116,7.432105117575013e-08
-0.0006745541042116,7.432105117571858e-08
-0.0006745541042116,7.432105117571858e-08
-0.0006745541042116,7.432105117571858e-08
-0.0006745541042116,7.432105117571858e-08
-0.0006745541042116,7.432105117571858e-08
5.84860301773108e+35,-1.2427377669782236e+32
-0.0006745541041886925,7.442838364951427e-08
-0.0006745541042116,7.432105117571858e-08
-0.0006745541042116,7.432105117571858e-08
-0.0006745541042116,7.432105117571858e-08
-0.0006745541042116,7.432105117571858e-08
-0.0006745541042116,7.432105117571858e-08
-0.0006745541042116,7.432105117575416e-08
-0.0006745541042116,7.432105117571858e-08
-0.0006745541042116,7.432105117571858e-08
-0.0006745541042116,7.432105117571858e-08
-0.0006745541042116,7.432105117571858e-08
-0.0006745541042116,7.432105117571858e-08
-3.2186439114224515e+26,6.839120957693132e+22
-0.0006745541041627415,7.455026770515324e-08
-0.0006745541042116,7.432105117571858e-08
-0.0006745541042116,7.432105117571858e-08
-0.0006745541042116,7.432105117571858e-08
-0.0006745541042116,7.432105117571858e-08
-0.0006745541042116,7.432105117571858e-08
-0.0006745541042116,7.432105117575754e-08
-0.0006745541042116,7.432105117571858e-08
-0.0006745541042116,7.432105117571858e-08
-0.0006745541042116,7.432105117571858e-08
-0.0006745541042116,7.432105117571858e-08
-0.0006745541042116,7.432105117571858e-08
1.9023205152481382e+17,-40421371428852.07
-0.0006745541041352417,7.467943887598319e-08
-0.0006745541042116,7.432105117571858e-08
-0.0006745541042116,7.432105117571858e-08
-0.0006745541042116,7.432105117571858e-08
-0.0006745541042116,7.432105117571858e-08
-0.0006745541042116,7.432105117571858e-08
-0.0006745541042116,7.432105117575987e-08
-0.0006745541042116,7.432105117571858e-08
-0.0006745541042116,7.432105117571858e-08
-0.0006745541042116,7.432105117571858e-08
-0.0006745541042116,7.432105117571858e-08
-0.0006745541042116,7.432105117571858e-08
6.827854511853718e-05,3.4959373428129314
-0.0006745541041394952,7.465942929910687e-08
-0.0006745541042116,7.432105117571858e-08
-0.0006745541042116,7.432105117571858e-08
-0.0006745541042116,7.432105117571858e-08
-0.0006745541042116,7.432105117571858e-08
-0.0006745541042116,7.432105117571858e-08
-0.0006745541042116,7.432105117576178e-08
-0.0006745541042116,7.432105117571858e-08
-0.0006745541042116,7.432105117571858e-08
-0.0006745541042116,7.432105117571858e-08
-0.0006745541042116,7.432105117571858e-08
-0.0006745541042116,7.432105117571858e-08
-3.2186439114224515e+26,6.839120957693132e+22
-0.0006745541040737343,7.496870248250637e-08
-0.0006745541042116,7.432105117571858e-08
-0.0006745541042116,7.432105117571858e-08
-0.0006745541042116,7.432105117571858e-08
-0.0006745541042116,7.432105117571858e-08
-0.0006745541042116,7.432105117571858e-08
-0.0006745541042116,7.432105117576623e-08
-0.0006745541042116,7.432105117571858e-08
-0.0006745541042116,7.432105117571858e-08
-0.0006745541042116,7.432105117571858e-08
-0.0006745541042116,7.432105117571858e-08
-0.0006745541042116,7.432105117571858e-08
6.926208036044372e-05,3.500566239421699
-0.000674554104086087,7.491049410125865e-08
-0.0006745541042116,7.432105117571858e-08
-0.0006745541042116,7.432105117571858e-08
-0.0006745541042116,7.432105117571858e-08
-0.0006745541042116,7.432105117571858e-08
-0.0006745541042116,7.432105117571858e-08
-0.0006745541042116,7.432105117576771e-08
-0.0006745541042116,7.432105117571858e-08
-0.0006745541042116,7.432105117571858e-08
-0.0006745541042116,7.432105117571858e-08
-0.0006745541042116,7.432105117571858e-08
-0.0006745541042116,7.432105117571858e-08
2.7200829606698806e+23,-5.779755976410557e+19
-0.0006745541040814041,7.493232080786471e-08
-0.0006745541042116,7.432105117571858e-08
-0.0006745541042116,7.432105117571858e-08
-0.0006745541042116,7.432105117571858e-08
-0.0006745541042116,7.432105117571858e-08
-0.0006745541042116,7.432105117571858e-08
-0.0006745541042116,7.432105117577194e-08
-0.0006745541042116,7.432105117571858e-08
-0.0006745541042116,7.432105117571858e-08
-0.0006745541042116,7.432105117571858e-08
-0.0006745541042116,7.432105117571858e-08
-0.0006745541042116,7.432105117571858e-08
6.981410834438942e-05,3.5031640482009374
-0.0006745541040071814,7.528165419552367e-08
-0.0006745541042116,7.432105117571858e-08
-0.0006745541042116,7.432105117571858e-08
-0.0006745541042116,7.432105117571858e-08
-0.0006745541042116,7.432105117571858e-08
-0.0006745541042116,7.432105117571858e-08
-0.0006745541042116,7.432105117578338e-08
-0.0006745541042116,7.432105117571858e-08
-0.0006745541042116,7.432105117571858e-08
-0.0006745541042116,7.432105117571858e-08
-0.0006745541042116,7.432105117571858e-08
-0.0006745541042116,7.432105117571858e-08
-71.67992859903346,3.5196838311115752
-0.0006745541038478434,7.603106104847777e-08
-0.0006745541042116,7.432105117571858e-08
-0.0006745541042116,7.432105117571858e-08
-0.0006745541042116,7.432105117571858e-08
-0.0006745541042116,7.432105117571858e-08
-0.0006745541042116,7.432105117571858e-08
-0.0006745541042116,7.432105117579651e-08
-0.0006745541042116,7.432105117571858e-08
-0.0006745541042116,7.432105117571858e-08
-0.0006745541042116,7.432105117571858e-08
-0.0006745541042116,7.432105117571858e-08
-0.0006745541042116,7.432105117571858e-08
2.7200829606698806e+23,-5.779755976410557e+19
-0.0006745541037656889,7.641683312067631e-08
-0.0006745541042116,7.432105117571858e-08
-0.0006745541042116,7.432105117571858e-08
-0.0006745541042116,7.432105117571858e-08
-0.0006745541042116,7.432105117571858e-08
-0.0006745541042116,7.432105117571858e-08
-0.0006745541042116,7.432105117581133e-08
-0.0006745541042116,7.432105117571858e-08
-0.0006745541042116,7.432105117571858e-08
-0.0006745541042116,7.432105117571858e-08
-0.0006745541042116,7.432105117571858e-08
-0.0006745541042116,7.432105117571858e-08
7.064412609015765e-05,3.507070298112754
-0.000674554103669682,7.686794470298552e-08
-0.0006745541042116,7.432105117571858e-08
-0.0006745541042116,7.432105117571858e-08
-0.0006745541042116,7.432105117571858e-08
-0.0006745541042116,7.432105117571858e-08
-0.0006745541042116,7.432105117571858e-08
-0.0006745541042116,7.432105117582785e-08
-0.0006745541042116,7.432105117571858e-08
-0.0006745541042116,7.432105117571858e-08
-0.0006745541042116,7.432105117571858e-08
-0.0006745541042116,7.432105117571858e-08
-0.0006745541042116,7.432105117571858e-08
-71.67992776901572,3.5235900810233924
-0.0006745541034960546,7.768285326954499e-08
-0.0006745541042116,7.432105117571858e-08
-0.0006745541042116,7.432105117571858e-08
-0.0006745541042116,7.432105117571858e-08
-0.0006745541042116,7.432105117571858e-08
-0.0006745541042116,7.432105117571858e-08
-0.0006745541042116,7.432105117584648e-08
-0.0006745541042116,7.432105117571858e-08
-0.0006745541042116,7.432105117571858e-08
-0.0006745541042116,7.432105117571858e-08
-0.0006745541042116,7.432105117571858e-08
-0.0006745541042116,7.432105117571858e-08
5.84860301773108e+35,-1.2427377669782236e+32
-0.0006745541034834361,7.774106314953735e-08
-0.0006745541042116,7.432105117571858e-08
-0.0006745541042116,7.432105117571858e-08
-0.0006745541042116,7.432105117571858e-08
-0.0006745541042116,7.432105117571858e-08
-0.0006745541042116,7.432105117571858e-08
-0.0006745541042116,7.43210511758829e-08
-0.0006745541042116,7.432105117571858e-08
-0.0006745541042116,7.432105117571858e-08
-0.0006745541042116,7.432105117571858e-08
-0.0006745541042116,7.432105117571858e-08
-0.0006745541042116,7.432105117571858e-08
7.146998969437604e-05,3.5109569977015265
-0.0006745541033630214,7.830890424423836e-08
-0.0006745541042116,7.432105117571858e-08
-0.0006745541042116,7.432105117571858e-08
-0.0006745541042116,7.432105117571858e-08
-0.0006745541042116,7.432105117571858e-08
-0.0006745541042116,7.432105117571858e-08
-0.0006745541042116,7.432105117591086e-08
-0.0006745541042116,7.432105117571858e-08
-0.0006745541042116,7.432105117571858e-08
-0.0006745541042116,7.432105117571858e-08
-0.0006745541042116,7.432105117571858e-08
-0.0006745541042116,7.432105117571858e-08
-71.67992693899797,3.527496330935209
-0.0006745541031636715,7.924023168250092e-08
-0.0006745541042116,7.432105117571858e-08
-0.0006745541042116,7.432105117571858e-08
-0.0006745541042116,7.432105117571858e-08
-0.0006745541042116,7.432105117571858e-08
-0.0006745541042116,7.432105117571858e-08
-0.0006745541042116,7.432105117588121e-08
-0.0006745541042116,7.432105117571858e-08
-0.0006745541042116,7.432105117571858e-08
-0.0006745541042116,7.432105117571858e-08
-0.0006745541042116,7.432105117571858e-08
-0.0006745541042116,7.432105117571858e-08
5.84860301773108e+35,-1.2427377669782236e+32
-0.0006745541029076091,8.04334953650936e-08
-0.0006745541042116,7.432105117571858e-08
-0.0006745541042116,7.432105117571858e-08
-0.0006745541042116,7.432105117571858e-08
-0.0006745541042116,7.432105117571858e-08
-0.0006745541042116,7.432105117571858e-08
-0.0006745541042116,7.432105117589732e-08
-0.0006745541042116,7.432105117571858e-08
-0.0006745541042116,7.432105117571858e-08
-0.0006745541042116,7.432105117571858e-08
-0.0006745541042116,7.432105117571858e-08
-0.0006745541042116,7.432105117571858e-08
7.233757654828471e-05,3.514843697281433
-0.0006745541019920822,8.474151809517072e-08
-0.0006745541042116,7.432105117571858e-08
-0.0006745541042116,7.432105117571858e-08
-0.0006745541042116,7.432105117571858e-08
-0.0006745541042116,7.432105117571858e-08
-0.0006745541042116,7.432105117571858e-08
-0.0006745541042116,7.432105117604388e-08
-0.0006745541042116,7.432105117571858e-08
-0.0006745541042116,7.432105117571858e-08
-0.0006745541042116,7.432105117571858e-08
-0.0006745541042116,7.432105117571858e-08
-0.0006745541042116,7.432105117571858e-08
-151996490032255.38,32296905442.054867
-0.0006745541015692839,8.67205874028519e-08
-0.0006745541042116,7.432105117571858e-08
-0.0006745541042116,7.432105117571858e-08
-0.0006745541042116,7.432105117571858e-08
-0.0006745541042116,7.432105117571858e-08
-0.0006745541042116,7.432105117571858e-08
-0.0006745541042116,7.432105117638612e-08
-0.0006745541042116,7.432105117571858e-08
-0.0006745541042116,7.432105117571858e-08
-0.0006745541042116,7.432105117571858e-08
-0.0006745541042116,7.432105117571858e-08
-0.0006745541042116,7.432105117571858e-08
7.284779686183565e-05,3.51744126765097
-0.0006745541003905202,9.225165532526055e-08
-0.0006745541042116,7.432105117571858e-08
-0.0006745541042116,7.432105117571858e-08
-0.0006745541042116,7.432105117571858e-08
-0.0006745541042116,7.432105117571858e-08
-0.0006745541042116,7.432105117571858e-08
-0.0006745541042116,7.432105117640306e-08
-0.0006745541042116,7.432105117571858e-08
-0.0006745541042116,7.432105117571858e-08
-0.0006745541042116,7.432105117571858e-08
-0.0006745541042116,7.432105117571858e-08
-0.0006745541042116,7.432105117571858e-08
7.316759429405295e-05,3.51874994719325
-0.0006745540990255657,9.865453163103409e-08
-0.0006745541042116,7.432105117571858e-08
-0.0006745541042116,7.432105117571858e-08
-0.0006745541042116,7.432105117571858e-08
-0.0006745541042116,7.432105117571858e-08
-0.0006745541042116,7.432105117571858e-08
-0.0006745541042116,7.432105117652842e-08
-0.0006745541042116,7.432105117571858e-08
-0.0006745541042116,7.432105117571858e-08
-0.0006745541042116,7.432105117571858e-08
-0.0006745541042116,7.432105117571858e-08
-0.0006745541042116,7.432105117571858e-08
-151996490032255.38,32296905442.058773
-0.0006745540984585654,1.0133211239473017e-07
-0.0006745541042116,7.432105117571858e-08
-0.0006745541042116,7.432105117571858e-08
-0.0006745541042116,7.432105117571858e-08
-0.0006745541042116,7.432105117571858e-08
-0.0006745541042116,7.432105117571858e-08
-0.0006745541042116,7.432105117659965e-08
-0.0006745541042116,7.432105117571858e-08
-0.0006745541042116,7.432105117571858e-08
-0.0006745541042116,7.432105117571858e-08
-0.0006745541042116,7.432105117571858e-08
-0.0006745541042116,7.432105117571858e-08
7.367781460760389e-05,3.5213475175627873
-0.0006745540948441721,1.1833154143017089e-07
-0.0006745541042116,7.432105117571858e-08
-0.0006745541042116,7.432105117571858e-08
-0.0006745541042116,7.432105117571858e-08
-0.0006745541042116,7.432105117571858e-08
-0.0006745541042116,7.432105117571858e-08
-0.0006745541042116,7.43210511763929e-08
-0.0006745541042116,7.432105117571858e-08
-0.0006745541042116,7.432105117571858e-08
-0.0006745541042116,7.432105117571858e-08
-0.0006745541042116,7.432105117571858e-08
-0.0006745541042116,7.432105117571858e-08
89128.95899937964,-15.415889878651097
-0.0006745540946475953,1.1926294569645777e-07
-0.0006745541042116,7.432105117571858e-08
-0.0006745541042116,7.432105117571858e-08
-0.0006745541042116,7.432105117571858e-08
-0.0006745541042116,7.432105117571858e-08
-0.0006745541042116,7.432105117571858e-08
-0.0006745541042116,7.43210511764505e-08
-0.0006745541042116,7.432105117571858e-08
-0.0006745541042116,7.432105117571858e-08
-0.0006745541042116,7.432105117571858e-08
-0.0006745541042116,7.432105117571858e-08
-0.0006745541042116,7.432105117571858e-08
-3.2186439114224515e+26,6.839120957693132e+22
-0.0006745540949406467,1.1786601515597312e-07
-0.0006745541042116,7.432105117571858e-08
-0.0006745541042116,7.432105117571858e-08
-0.0006745541042116,7.432105117571858e-08
-0.0006745541042116,7.432105117571858e-08
-0.0006745541042116,7.432105117571858e-08
-0.0006745541042116,7.432105117646405e-08
-0.0006745541042116,7.432105117571858e-08
-0.0006745541042116,7.432105117571858e-08
-0.0006745541042116,7.432105117571858e-08
-0.0006745541042116,7.432105117571858e-08
-0.0006745541042116,7.432105117571858e-08
7.450783235337201e-05,3.525253767474604
-0.0006745540920668644,1.313703023162444e-07
-0.0006745541042116,7.432105117571858e-08
-0.0006745541042116,7.432105117571858e-08
-0.0006745541042116,7.432105117571858e-08
-0.0006745541042116,7.432105117571858e-08
-0.0006745541042116,7.432105117571858e-08
-0.0006745541042116,7.432105117656908e-08
-0.0006745541042116,7.432105117571858e-08
-0.0006745541042116,7.432105117571858e-08
-0.0006745541042116,7.432105117571858e-08
-0.0006745541042116,7.432105117571858e-08
-0.0006745541042116,7.432105117571858e-08
89128.95900020965,-15.411983628739279
-0.0006745540906324472,1.3812830609825125e-07
-0.0006745541042116,7.432105117571858e-08
-0.0006745541042116,7.432105117571858e-08
-0.0006745541042116,7.432105117571858e-08
-0.0006745541042116,7.432105117571858e-08
-0.0006745541042116,7.432105117571858e-08
-0.0006745541042116,7.432105117655892e-08
-0.0006745541042116,7.432105117571858e-08
-0.0006745541042116,7.432105117571858e-08
-0.0006745541042116,7.432105117571858e-08
-0.0006745541042116,7.432105117571858e-08
-0.0006745541042116,7.432105117571858e-08
7.505567243532626e-05,3.5278320259308047
-0.0006745540923048481,1.3020639425951173e-07
-0.0006745541042116,7.432105117571858e-08
-0.0006745541042116,7.432105117571858e-08
-0.0006745541042116,7.432105117571858e-08
-0.0006745541042116,7.432105117571858e-08
-0.0006745541042116,7.432105117571858e-08
-0.0006745541042116,7.43210511765657e-08
-0.0006745541042116,7.432105117571858e-08
-0.0006745541042116,7.432105117571858e-08
-0.0006745541042116,7.432105117571858e-08
-0.0006745541042116,7.432105117571858e-08
-0.0006745541042116,7.432105117571858e-08
7.53336959575671e-05,3.5291404670633764
-0.0006745540935003568,1.2461246906430156e-07
-0.0006745541042116,7.432105117571858e-08
-0.0006745541042116,7.432105117571858e-08
-0.0006745541042116,7.432105117571858e-08
-0.0006745541042116,7.432105117571858e-08
-0.0006745541042116,7.432105117571858e-08
-0.0006745541042116,7.432105117673507e-08
-0.0006745541042116,7.432105117571858e-08
-0.0006745541042116,7.432105117571858e-08
-0.0006745541042116,7.432105117571858e-08
-0.0006745541042116,7.432105117571858e-08
-0.0006745541042116,7.432105117571858e-08
1.9023205152481382e+17,-40421371428852.03
-0.0006745540935893652,1.2415597023417895e-07
-0.0006745541042116,7.432105117571858e-08
-0.0006745541042116,7.432105117571858e-08
-0.0006745541042116,7.432105117571858e-08
-0.0006745541042116,7.432105117571858e-08
-0.0006745541042116,7.432105117571858e-08
-0.0006745541042116,7.432105117647764e-08
-0.0006745541042116,7.432105117571858e-08
-0.0006745541042116,7.432105117571858e-08
-0.0006745541042116,7.432105117571858e-08
-0.0006745541042116,7.432105117571858e-08
-0.0006745541042116,7.432105117571858e-08
7.58856901810945e-05,3.531738275842622
-0.0006745540822039756,1.77716186618468e-07
-0.0006745541042116,7.432105117571858e-08
-0.0006745541042116,7.432105117571858e-08
-0.0006745541042116,7.432105117571858e-08
-0.0006745541042116,7.432105117571858e-08
-0.0006745541042116,7.432105117571858e-08
-0.0006745541042116,7.432105117652507e-08
-0.0006745541042116,7.432105117571858e-08
-0.0006745541042116,7.432105117571858e-08
-0.0006745541042116,7.432105117571858e-08
-0.0006745541042116,7.432105117571858e-08
-0.0006745541042116,7.432105117571858e-08
7.616371370333533e-05,3.533046716975193
-0.0006745540723021821,2.2430057524520803e-07
-0.0006745541042116,7.432105117571858e-08
-0.0006745541042116,7.432105117571858e-08
-0.0006745541042116,7.432105117571858e-08
-0.0006745541042116,7.432105117571858e-08
-0.0006745541042116,7.432105117571858e-08
-0.0006745541042116,7.432105117699276e-08
-0.0006745541042116,7.432105117571858e-08
-0.0006745541042116,7.432105117571858e-08
-0.0006745541042116,7.432105117571858e-08
-0.0006745541042116,7.432105117571858e-08
-0.0006745541042116,7.432105117571858e-08
4.056481738486466e+29,-8.619396875102467e+25
-0.0006745540439783628,3.575162365116428e-07
-0.0006745541042116,7.432105117571858e-08
-0.0006745541042116,7.432105117571858e-08
-0.0006745541042116,7.432105117571858e-08
-0.0006745541042116,7.432105117571858e-08
-0.0006745541042116,7.432105117571858e-08
-0.0006745541042116,7.432105117678269e-08
-0.0006745541042116,7.432105117571858e-08
-0.0006745541042116,7.432105117571858e-08
-0.0006745541042116,7.432105117571858e-08
-0.0006745541042116,7.432105117571858e-08
-0.0006745541042116,7.432105117571858e-08
7.671155378531289e-05,3.5356249754313938
-0.0006745540004209116,5.624802136703188e-07
-0.0006745541042116,7.432105117571858e-08
-0.0006745541042116,7.432105117571858e-08
-0.0006745541042116,7.432105117571858e-08
-0.0006745541042116,7.432105117571858e-08
-0.0006745541042116,7.432105117571858e-08
-0.0006745541042116,7.432105117689111e-08
-0.0006745541042116,7.432105117571858e-08
-0.0006745541042116,7.432105117571858e-08
-0.0006745541042116,7.432105117571858e-08
-0.0006745541042116,7.432105117571858e-08
-0.0006745541042116,7.432105117571858e-08
2.6940750748978863e-05,3.5369334271985675
-0.0006745539434423593,8.307009954207187e-07
-0.0006745541042116,7.432105117571858e-08
-0.0006745541042116,7.432105117571858e-08
-0.0006745541042116,7.432105117571858e-08
-0.0006745541042116,7.432105117571858e-08
-0.0006745541042116,7.432105117571858e-08
-0.0006745541042116,7.432105117741966e-08
-0.0006745541042116,7.432105117571858e-08
-0.0006745541042116,7.432105117571858e-08
-0.0006745541042116,7.432105117571858e-08
-0.0006745541042116,7.432105117571858e-08
-0.0006745541042116,7.432105117571858e-08
4.056481738486466e+29,-8.619396875102467e+25
-0.0006745538808713797,1.125145862588645e-06
-0.0006745541042116,7.432105117571858e-08
-0.0006745541042116,7.432105117571858e-08
-0.0006745541042116,7.432105117571858e-08
-0.0006745541042116,7.432105117571858e-08
-0.0006745541042116,7.432105117571858e-08
-0.0006745541042116,7.432105117811787e-08
-0.0006745541042116,7.432105117571858e-08
-0.0006745541042116,7.432105117571858e-08
-0.0006745541042116,7.432105117571858e-08
-0.0006745541042116,7.432105117571858e-08
-0.0006745541042116,7.432105117571858e-08
7.754157153108102e-05,3.539531225343211
-0.0006745538396990277,1.3188609537332636e-06
-0.0006745541042116,7.432105117571858e-08
-0.0006745541042116,7.432105117571858e-08
-0.0006745541042116,7.432105117571858e-08
-0.0006745541042116,7.432105117571858e-08
-0.0006745541042116,7.432105117571858e-08
-0.0006745541042116,7.432105117832078e-08
-0.0006745541042116,7.432105117571858e-08
-0.0006745541042116,7.432105117571858e-08
-0.0006745541042116,7.432105117571858e-08
-0.0006745541042116,7.432105117571858e-08
-0.0006745541042116,7.432105117571858e-08
-107374181.57596707,22818.895228406043
-0.0006745535625855483,2.6230045902395444e-06
-0.0006745541042116,7.432105117571858e-08
-0.0006745541042116,7.432105117571858e-08
-0.0006745541042116,7.432105117571858e-08
-0.0006745541042116,7.432105117571858e-08
-0.0006745541042116,7.432105117571858e-08
-0.0006745541042116,7.432105117901196e-08
-0.0006745541042116,7.432105117571858e-08
-0.0006745541042116,7.432105117571858e-08
-0.0006745541042116,7.432105117571858e-08
-0.0006745541042116,7.432105117571858e-08
-0.0006745541042116,7.432105117571858e-08
7.808936095277249e-05,3.542109245380838
-0.0006745534232529502,3.2786556679640364e-06
-0.0006745541042116,7.432105117571858e-08
-0.0006745541042116,7.432105117571858e-08
-0.0006745541042116,7.432105117571858e-08
-0.0006745541042116,7.432105117571858e-08
-0.0006745541042116,7.432105117571858e-08
-0.0006745541042116,7.432105117859184e-08
-0.0006745541042116,7.432105117571858e-08
-0.0006745541042116,7.432105117571858e-08
-0.0006745541042116,7.432105117571858e-08
-0.0006745541042116,7.432105117571858e-08
-0.0006745541042116,7.432105117571858e-08
7.836743516258422e-05,3.543417924931983
-0.0006745533789107195,3.487273284207427e-06
-0.0006745541042116,7.432105117571858e-08
-0.0006745541042116,7.432105117571858e-08
-0.0006745541042116,7.432105117571858e-08
-0.0006745541042116,7.432105117571858e-08
-0.0006745541042116,7.432105117571858e-08
-0.0006745541042116,7.432105118013693e-08
-0.0006745541042116,7.432105117571858e-08
-0.0006745541042116,7.432105117571858e-08
-0.0006745541042116,7.432105117571858e-08
-0.0006745541042116,7.432105117571858e-08
-0.0006745541042116,7.432105117571858e-08
-107374181.57596625,22818.899134655956
-0.0006745532362909123,4.158411464738521e-06
-0.0006745541042116,7.432105117571858e-08
-0.0006745541042116,7.432105117571858e-08
-0.0006745541042116,7.432105117571858e-08
-0.0006745541042116,7.432105117571858e-08
-0.0006745541042116,7.432105117571858e-08
-0.0006745541042116,7.432105118200716e-08
-0.0006745541042116,7.432105117571858e-08
-0.0006745541042116,7.432105117571858e-08
-0.0006745541042116,7.432105117571858e-08
-0.0006745541042116,7.432105117571858e-08
-0.0006745541042116,7.432105117571858e-08
7.891937869854073e-05,3.5460154952926546
-0.0006745527740032713,6.333978221440269e-06
-0.0006745541042116,7.432105117571858e-08
-0.0006745541042116,7.432105117571858e-08
-0.0006745541042116,7.432105117571858e-08
-0.0006745541042116,7.432105117571858e-08
-0.0006745541042116,7.432105117571858e-08
-0.0006745541042116,7.432105118433841e-08
-0.0006745541042116,7.432105117571858e-08
-0.0006745541042116,7.432105117571858e-08
-0.0006745541042116,7.432105117571858e-08
-0.0006745541042116,7.432105117571858e-08
-0.0006745541042116,7.432105117571858e-08
0.058829191823456015,3.54729214105389
-0.0006745515958883449,1.1878380580065567e-05
-0.0006745541042116,7.432105117571858e-08
-0.0006745541042116,7.432105117571858e-08
-0.0006745541042116,7.432105117571858e-08
-0.0006745541042116,7.432105117571858e-08
-0.0006745541042116,7.432105117571858e-08
-0.0006745541042116,7.432105118542263e-08
-0.0006745541042116,7.432105117571858e-08
-0.0006745541042116,7.432105117571858e-08
-0.0006745541042116,7.432105117571858e-08
-0.0006745541042116,7.432105117571858e-08
-0.0006745541042116,7.432105117571858e-08
-2.3021535239857085e+20,4.8917205031107416e+16
-0.0006745521407945436,9.313632863792337e-06
-0.0006745541042116,7.432105117571858e-08
-0.0006745541042116,7.432105117571858e-08
-0.0006745541042116,7.432105117571858e-08
-0.0006745541042116,7.432105117571858e-08
-0.0006745541042116,7.432105117571858e-08
-0.0006745541042116,7.432105117918825e-08
-0.0006745541042116,7.432105117571858e-08
-0.0006745541042116,7.432105117571858e-08
-0.0006745541042116,7.432105117571858e-08
-0.0006745541042116,7.432105117571858e-08
-0.0006745541042116,7.432105117571858e-08
7.974524230275901e-05,3.549902194881427
-0.0006745525713314084,7.2867775823880695e-06
-0.0006745541042116,7.432105117571858e-08
-0.0006745541042116,7.432105117571858e-08
-0.0006745541042116,7.432105117571858e-08
-0.0006745541042116,7.432105117571858e-08
-0.0006745541042116,7.432105117571858e-08
-0.0006745541042116,7.432105117893065e-08
-0.0006745541042116,7.432105117571858e-08
-0.0006745541042116,7.432105117571858e-08
-0.0006745541042116,7.432105117571858e-08
-0.0006745541042116,7.432105117571858e-08
-0.0006745541042116,7.432105117571858e-08
0.058830021841201785,3.551198390965707
-0.000674552305196606,8.53876613268975e-06
-0.0006745541042116,7.432105117571858e-08
-0.0006745541042116,7.432105117571858e-08
-0.0006745541042116,7.432105117571858e-08
-0.0006745541042116,7.432105117571858e-08
-0.0006745541042116,7.432105117571858e-08
-0.0006745541042116,7.43210511791746e-08
-0.0006745541042116,7.432105117571858e-08
-0.0006745541042116,7.432105117571858e-08
-0.0006745541042116,7.432105117571858e-08
-0.0006745541042116,7.432105117571858e-08
-0.0006745541042116,7.432105117571858e-08
-2.3021535239857085e+20,4.8917205031107416e+16
-0.0006745516085612238,1.1816954218708626e-05
-0.0006745541042116,7.432105117571858e-08
-0.0006745541042116,7.432105117571858e-08
-0.0006745541042116,7.432105117571858e-08
-0.0006745541042116,7.432105117571858e-08
-0.0006745541042116,7.432105117571858e-08
-0.0006745541042116,7.432105118059773e-08
-0.0006745541042116,7.432105117571858e-08
-0.0006745541042116,7.432105117571858e-08
-0.0006745541042116,7.432105117571858e-08
-0.0006745541042116,7.432105117571858e-08
-0.0006745541042116,7.432105117571858e-08
8.05710721465358e-05,3.553788894470206
-0.0006745512664634992,1.3426274134315627e-05
-0.0006745541042116,7.432105117571858e-08
-0.0006745541042116,7.432105117571858e-08
-0.0006745541042116,7.432105117571858e-08
-0.0006745541042116,7.432105117571858e-08
-0.0006745541042116,7.432105117571858e-08
-0.0006745541042116,7.432105118127512e-08
-0.0006745541042116,7.432105117571858e-08
-0.0006745541042116,7.432105117571858e-08
-0.0006745541042116,7.432105117571858e-08
-0.0006745541042116,7.432105117571858e-08
-0.0006745541042116,7.432105117571858e-08
126443836633.55055,-26867357.883138273
-0.0006745498223251581,2.0221743725112577e-05
-0.0006745541042116,7.432105117571858e-08
-0.0006745541042116,7.432105117571858e-08
-0.0006745541042116,7.432105117571858e-08
-0.0006745541042116,7.432105117571858e-08
-0.0006745541042116,7.432105117571858e-08
-0.0006745541042116,7.43210511985962e-08
-0.0006745541042116,7.432105117571858e-08
-0.0006745541042116,7.432105117571858e-08
-0.0006745541042116,7.432105117571858e-08
-0.0006745541042116,7.432105117571858e-08
-0.0006745541042116,7.432105117571858e-08
-4.9326818423565744e+32,1.048118670287582e+29
-0.0006745541030462438,7.43210509289624e-08
-0.0006745541042116,7.432105117571858e-08
-0.0006745541042116,7.432105117571858e-08
-0.0006745541042116,7.432105117571858e-08
-0.0006745541042116,7.432105117571858e-08
-0.0006745541042116,7.432105117571858e-08
-0.0006745541042116,7.432105121410124e-08
-0.0006745541042116,7.432105117571858e-08
-0.0006745541042116,7.432105117571858e-08
-0.0006745541042116,7.432105117571858e-08
-0.0006745541042116,7.432105117571858e-08
-0.0006745541042116,7.432105117571858e-08
8.140108989230404e-05,3.557695144382023
-0.0006745541042116,7.43210511798388e-08
-0.0006745541042116,7.432105117571858e-08
-0.0006745541042116,7.432105117571858e-08
-0.0006745541042116,7.432105117571858e-08
-0.0006745541042116,7.432105117571858e-08
-0.0006745541042116,7.432105117571858e-08
-0.0006745541042115999,7.432105122776219e-08
-0.0006745541042116,7.432105117602353e-08
-0.0006745541042116,7.432105117571858e-08
-0.0006745541042116,7.432105117571858e-08
-0.0006745541042116,7.432105117571858e-08
-0.0006745541042116,7.432105117571858e-08
126443836633.55055,-26867357.879232023
-0.000674547414173079,3.154790836395756e-05
-0.0006745541042116,7.432105117571858e-08
-0.0006745541042116,7.432105117571858e-08
-0.0006745541042116,7.432105117571858e-08
-0.0006745541042116,7.432105117571858e-08
-0.0006745541042116,7.432105117571858e-08
-0.0006745541042115999,7.432105125595337e-08
-0.0006745541042116,7.432105117609129e-08
-0.0006745541042116,7.432105117571858e-08
-0.0006745541042116,7.432105117571858e-08
-0.0006745541042116,7.432105117571858e-08
-0.0006745541042116,7.432105117571858e-08
8.195311787624973e-05,3.560292953161261
-0.0006745541023072137,7.432105077108868e-08
-0.0006745541042116,7.432105117571858e-08
-0.0006745541042116,7.432105117571858e-08
-0.0006745541042116,7.432105117571858e-08
-0.0006745541042116,7.432105117571858e-08
-0.0006745541042116,7.432105117571858e-08
-0.0006745541042115999,7.432105131537148e-08
-0.0006745541042116,7.432105117601506e-08
-0.0006745541042116,7.432105117581475e-08
-0.0006745541042116,7.432105117571858e-08
-0.0006745541042116,7.432105117571858e-08
-0.0006745541042116,7.432105117571858e-08
-71.67991646002393,3.5768127360718993
-0.0006745541013266657,7.432105056277559e-08
-0.0006745541042116,7.432105117585669e-08
-0.0006745541042116,7.432105117571858e-08
-0.0006745541042116,7.432105117571858e-08
-0.0006745541042116,7.432105117571858e-08
-0.0006745541042116,7.432105117571858e-08
-0.0006745541042115999,7.432105117571857e-08
-0.0006745541042116,7.432105117607096e-08
-0.0006745541042116,7.432105117580245e-08
-0.0006745541042116,7.432105117571858e-08
-0.0006745541042116,7.432105117571858e-08
-0.0006745541042116,7.432105117571858e-08
2.7200829606698806e+23,-5.779755976410557e+19
-0.0006745540988112125,7.432105002975797e-08
-0.0006745541042116,7.43210511758677e-08
-0.0006745541042116,7.432105117571858e-08
-0.0006745541042116,7.432105117571858e-08
-0.0006745541042116,7.432105117571858e-08
-0.0006745541042116,7.432105117571858e-08
-0.0006745541042115999,7.432105117574737e-08
-0.0006745541042116,7.432105117572189e-08
-0.0006745541042116,7.432105117571858e-08
-0.0006745541042116,7.432105117571858e-08
-0.0006745541042116,7.432105117571858e-08
-0.0006745541042116,7.432105117571858e-08
8.278313562201786e-05,3.5641992030730782
-0.0006745541042116,7.432105117576284e-08
-0.0006745541042116,7.432105117573965e-08
-0.0006745541042116,7.432105117571858e-08
-0.0006745541042116,7.432105117571858e-08
-0.0006745541042116,7.432105117571858e-08
-0.0006745541042116,7.432105117571858e-08
-0.0006745541042115999,7.432105117604722e-08
-0.0006745541042116,7.432105117572305e-08
-0.0006745541042115999,7.432105117571855e-08
-0.0006745541042116,7.432105117571858e-08
-0.0006745541042116,7.432105117571858e-08
-0.0006745541042116,7.432105117571858e-08
-71.67991563000619,3.5807189859837165
-0.0006745541042115999,7.432105117575499e-08
-0.0006745541042116,7.432105117571993e-08
-0.0006745541042116,7.432105117571858e-08
-0.0006745541042116,7.432105117571858e-08
-0.0006745541042116,7.432105117571858e-08
-0.0006745541042116,7.432105117571858e-08
-0.0006745541042115999,7.432105117580242e-08
-0.0006745541042116,7.432105117572774e-08
-0.0006745541042116,7.432105117572864e-08
-0.0006745541042116,7.432105117571858e-08
-0.0006745541042116,7.432105117571858e-08
-0.0006745541042116,7.432105117571858e-08
5.84860301773108e+35,-1.2427377669782236e+32
-0.0006745541042116,7.432105117573176e-08
-0.0006745541042116,7.432105117572076e-08
-0.0006745541042116,7.432105117571858e-08
-0.0006745541042116,7.432105117571858e-08
-0.0006745541042116,7.432105117571858e-08
-0.0006745541042116,7.432105117571858e-08
-0.0006745541042116,7.432105117574992e-08
-0.0006745541042116,7.432105117572178e-08
-0.0006745541042116,7.432105117571858e-08
-0.0006745541042116,7.432105117571858e-08
-0.0006745541042116,7.432105117571858e-08
-0.0006745541042116,7.432105117571858e-08
8.360899922623625e-05,3.5680859026618506
-0.0006745541042116,7.432105117577448e-08
-0.0006745541042116,7.43210511757205e-08
-0.0006745541042116,7.432105117571858e-08
-0.0006745541042116,7.432105117571858e-08
-0.0006745541042116,7.432105117571858e-08
-0.0006745541042116,7.432105117571858e-08
-0.0006745541042116,7.432105117572816e-08
-0.0006745541042116,7.432105117573123e-08
-0.0006745541042115999,7.432105117571855e-08
-0.0006745541042116,7.432105117571858e-08
-0.0006745541042116,7.432105117571858e-08
-0.0006745541042116,7.432105117571858e-08
-71.67991479998844,3.5846252358955333
-0.0006745541042116,7.432105117571858e-08
-0.0006745541042116,7.432105117572047e-08
-0.0006745541042116,7.432105117571858e-08
-0.0006745541042116,7.432105117571858e-08
-0.0006745541042116,7.432105117571858e-08
-0.0006745541042116,7.432105117571858e-08
-0.0006745541042116,7.432105117575013e-08
-0.0006745541042116,7.432105117573097e-08
-0.0006745541042116,7.432105117731816e-08
-0.0006745541042116,7.432105117571858e-08
-0.0006745541042116,7.432105117571858e-08
-0.0006745541042116,7.432105117571858e-08
5.84860301773108e+35,-1.2427377669782236e+32
-0.0006745541042115999,7.432105117572439e-08
-0.0006745541042116,7.432105117576264e-08
-0.0006745541042116,7.432105117571858e-08
-0.0006745541042116,7.432105117571858e-08
-0.0006745541042116,7.432105117571858e-08
-0.0006745541042116,7.432105117571858e-08
-0.0006745541042116,7.432105117587698e-08
-0.0006745541042116,7.432105117571959e-08
-0.0006745541042115941,7.432105117571928e-08
-0.0006745541042116,7.432105117571858e-08
-0.0006745541042116,7.432105117571858e-08
-0.0006745541042116,7.432105117571858e-08
8.443901697200449e-05,3.5719921525736673
-0.0006745541042115999,7.432105118661532e-08
-0.0006745541042116,7.43210511757493e-08
-0.0006745541042116,7.432105117571858e-08
-0.0006745541042116,7.432105117571858e-08
-0.0006745541042116,7.432105117571858e-08
-0.0006745541042116,7.432105117571858e-08
-0.0006745541042116,7.432105117899841e-08
-0.0006745541042116,7.432105117571941e-08
-0.0006745541042115879,7.432105117571873e-08
-0.0006745541042116,7.432105117571858e-08
-0.0006745541042116,7.432105117571858e-08
-0.0006745541042116,7.432105117571858e-08
-151996490032255.38,32296905442.111996
-0.0006745541042116,7.432105117576877e-08
-0.0006745541042116,7.432105117597446e-08
-0.0006745541042116,7.432105117571858e-08
-0.0006745541042116,7.432105117571858e-08
-0.0006745541042116,7.432105117571858e-08
-0.0006745541042116,7.432105117571858e-08
-0.0006745541042116,7.432105117628781e-08
-0.0006745541042116,7.432105117572287e-08
-0.0006745541042116,7.432105117572148e-08
-0.0006745541042116,7.432105117571858e-08
-0.0006745541042116,7.432105117571858e-08
-0.0006745541042116,7.432105117571858e-08
8.498680639369585e-05,3.574570172611294
-0.0006745541042115997,7.432105117577041e-08
-0.0006745541042116,7.432105117575142e-08
-0.0006745541042067686,7.43210521604788e-08
-0.0006745541042116,7.432105117571858e-08
-0.0006745541042116,7.432105117571858e-08
-0.0006745541042116,7.432105117571858e-08
-0.0006745541042116,7.432105117610653e-08
-0.0006745541042116,7.432105117572218e-08
-0.0006745541042116,7.432105117571858e-08
-0.0006745541042116,7.432105117571858e-08
-0.0006745541042116,7.432105117571858e-08
-0.0006745541042116,7.432105117571858e-08
8.530660382591326e-05,3.5758788521535743
-0.0006745541042116,7.432105117575034e-08
-0.0006745541042115998,7.432105117571853e-08
-0.0006745541042115998,7.432105201208811e-08
-0.0006745541042116,7.432105117571858e-08
-0.0006745541042116,7.432105117571858e-08
-0.0006745541042116,7.432105117571858e-08
-0.0006745541042116,7.432105117587189e-08
-0.0006745541042116,7.4321051175723e-08
-0.0006745541042115989,7.432105547783267e-08
-0.0006745541042116,7.432105117571858e-08
-0.0006745541042116,7.432105117571858e-08
-0.0006745541042116,7.432105117571858e-08
-151996490032255.38,32296905442.115902
-0.0006745541042116,7.432105117572705e-08
-0.0006745541042116,7.432105117614726e-08
-0.0006745541042116,7.432105117571858e-08
-0.0006745541042116,7.432105117571858e-08
-0.0006745541042116,7.432105117571858e-08
-0.0006745541042116,7.432105117571858e-08
-0.0006745541042116,7.43210511757711e-08
-0.0006745541042116,7.432105117572258e-08
-0.000674554104211599,7.432105592349357e-08
-0.0006745541042116,7.432105117571858e-08
-0.0006745541042116,7.432105117571858e-08
-0.0006745541042116,7.432105117571858e-08
8.581682413946409e-05,3.5784764225231114
-0.0006745541042116,7.432105117573298e-08
-0.0006745541042115997,7.432105117574234e-08
-0.0006745541041512039,7.432105116288533e-08
-0.0006745541042116,7.432105117571858e-08
-0.0006745541042116,7.432105117571858e-08
-0.0006745541042116,7.432105117571858e-08
-0.0006745541042116,7.432105117579905e-08
-0.0006745541042116,7.43210511757248e-08
-0.0006745541042116,7.432105117571858e-08
-0.0006745541042116,7.432105117571858e-08
-0.0006745541042116,7.432105117571858e-08
-0.0006745541042116,7.432105117571858e-08
89128.95901151864,-15.35876097369077
-0.0006745541042116,7.432105117574177e-08
-0.0006745541042115999,7.432105117574121e-08
-0.0006745541042116,7.432105117571858e-08
-0.0006745541042116,7.432105117571858e-08
-0.0006745541042116,7.432105117571858e-08
-0.0006745541042116,7.432105117571858e-08
-0.0006745541042116,7.432105117576856e-08
-0.0006745541042116,7.432105117572291e-08
-0.0006745541042116,7.432105117571858e-08
-0.0006745541042116,7.432105117571858e-08
-0.0006745541042116,7.432105117571858e-08
-0.0006745541042116,7.432105117571858e-08
-3.2186439114224515e+26,6.839120957693132e+22
-0.0006745541042115989,7.432105117574387e-08
-0.0006745541042115999,7.432105117574865e-08
-0.0006745541042109233,7.432105117557478e-08
-0.0006745541042116,7.432105117571858e-08
-0.0006745541042116,7.432105117571858e-08
-0.0006745541042116,7.432105117571858e-08
-0.0006745541042115999,7.43210511757821e-08
-0.0006745541042116,7.432105117572447e-08
-0.0006745541042116,7.432105117571858e-08
-0.0006745541042116,7.432105117571858e-08
-0.0006745541042116,7.432105117571858e-08
-0.0006745541042116,7.432105117571858e-08
8.664684188523233e-05,3.582382672434928
-0.0006745541042116,7.432105117577872e-08
-0.0006745541042115997,7.432105209165252e-08
-0.0006745541042116,7.432105117571858e-08
-0.0006745541042116,7.432105117571858e-08
-0.0006745541042116,7.432105117571858e-08
-0.0006745541042116,7.432105117571858e-08
-0.0006745541042115997,7.432105126809631e-08
-0.0006745541042115999,7.432105117572447e-08
-0.0006745541042116,7.432105117571858e-08
-0.0006745541042116,7.432105117571858e-08
-0.0006745541042116,7.432105117571858e-08
-0.0006745541042116,7.432105117571858e-08
89128.95901234866,-15.354854723778955
-0.000674553965960179,7.432102180029191e-08
-0.0006745541042115997,7.432105117591591e-08
-0.0006745541042116,7.432105117571858e-08
-0.0006745541042116,7.432105117571858e-08
-0.0006745541042116,7.432105117571858e-08
-0.0006745541042116,7.432105117571858e-08
-0.0006745541042115998,7.432105117573919e-08
-0.0006745541042115999,7.432105117572115e-08
-0.0006745541042116,7.432105117571858e-08
-0.0006745541042116,7.432105117571858e-08
-0.0006745541042116,7.432105117571858e-08
-0.0006745541042116,7.432105117571858e-08
-3.2186439114224515e+26,6.839120957693132e+22
-0.0006745539159379992,7.432101117050493e-08
-0.000674554104211594,7.43210511757173e-08
-0.0006745541042116,7.432105117571858e-08
-0.0006745541042116,7.432105117571858e-08
-0.0006745541042116,7.432105117571858e-08
-0.0006745541042116,7.432105117571858e-08
-0.0006745541042115998,7.432105139083176e-08
-0.0006745541042115998,7.432105117571854e-08
-0.0006745541042116,7.432105117571858e-08
-0.0006745541042116,7.432105117571858e-08
-0.0006745541042116,7.432105117571858e-08
-0.0006745541042116,7.432105117571858e-08
8.747270548942741e-05,3.5862693720237004
-0.000674554023717206,7.432103407190367e-08
-0.0006745541042116,7.432105117586262e-08
-0.0006745541042116,7.432105117571858e-08
-0.0006745541042116,7.432105117571858e-08
-0.0006745541042116,7.432105117571858e-08
-0.0006745541042116,7.432105117571858e-08
-0.0006745541042115994,7.432105360445143e-08
-0.0006745541042115996,7.432105117571849e-08
-0.0006745541042116,7.432105117571858e-08
-0.0006745541042116,7.432105117571858e-08
-0.0006745541042116,7.432105117571858e-08
-0.0006745541042116,7.432105117571858e-08
1.9023205152481382e+17,-40421371428851.98
-0.0006745541042116,7.432105117571858e-08
-0.0006745541042116,7.432105117586262e-08
-0.0006745541042116,7.432105117571858e-08
-0.0006745541042116,7.432105117571858e-08
-0.0006745541042116,7.432105117571858e-08
-0.0006745541042116,7.432105117571858e-08
-0.0006745541042115996,7.432105289662402e-08
-0.0006745541042115998,7.432105117571854e-08
-0.0006745541042116,7.432105117571858e-08
-0.0006745541042116,7.432105117571858e-08
-0.0006745541042116,7.432105117571858e-08
-0.0006745541042116,7.432105117571858e-08
8.80246997129547e-05,3.588867180802946
-0.0006745540836332541,7.432104680313807e-08
-0.0006745541042116,7.432105117571858e-08
-0.0006745541042116,7.432105117571858e-08
-0.0006745541042116,7.432105117571858e-08
-0.0006745541042116,7.432105117571858e-08
-0.0006745541042116,7.432105117571858e-08
-0.0006745541042115996,7.432105267457954e-08
-0.0006745541042116,7.432105117571858e-08
-0.0006745541042116,7.432105117571858e-08
-0.0006745541042116,7.432105117571858e-08
-0.0006745541042116,7.432105117571858e-08
-0.0006745541042116,7.432105117571858e-08
8.830272323519565e-05,3.590175621935517
-0.0006745540205340023,7.432103339552208e-08
-0.0006745541042116,7.432105117571858e-08
-0.0006745541042116,7.432105117571858e-08
-0.0006745541042116,7.432105117571858e-08
-0.0006745541042116,7.432105117571858e-08
-0.0006745541042116,7.432105117571858e-08
-0.0006745541042115999,7.432105117571857e-08
-0.0006745541042116,7.432105117571858e-08
-0.0006745541042116,7.432105117571858e-08
-0.0006745541042116,7.432105117571858e-08
-0.0006745541042116,7.432105117571858e-08
-0.0006745541042116,7.432105117571858e-08
1.9023205152481382e+17,-40421371428851.97
-0.0006745541042116,7.432105117571858e-08
-0.0006745541042116,7.432105117571858e-08
-0.0006745541042116,7.432105117571858e-08
-0.0006745541042116,7.432105117571858e-08
-0.0006745541042116,7.432105117571858e-08
-0.0006745541042116,7.432105117571858e-08
-0.0006745541042115997,7.432105234151275e-08
-0.0006745541042116,7.432105117571858e-08
-0.0006745541042116,7.432105117571858e-08
-0.0006745541042116,7.432105117571858e-08
-0.0006745541042116,7.432105117571858e-08
-0.0006745541042116,7.432105117571858e-08
8.885056331717309e-05,3.592753880391718
-0.0006745541042116,7.432105117571858e-08
-0.0006745541042116,7.432105117571858e-08
-0.0006745541042116,7.432105117571858e-08
-0.0006745541042116,7.432105117571858e-08
-0.0006745541042116,7.432105117571858e-08
-0.0006745541042116,7.432105117571858e-08
-0.0006745541042115997,7.432105211252915e-08
-0.0006745541042116,7.432105117571858e-08
-0.0006745541042116,7.432105117571858e-08
-0.0006745541042116,7.432105117571858e-08
-0.0006745541042116,7.432105117571858e-08
-0.0006745541042116,7.432105117571858e-08
-107374181.57595576,22818.948451061093
-0.0006745541042116,7.432105117571858e-08
-0.0006745541042116,7.432105117571858e-08
-0.0006745541042116,7.432105117571858e-08
-0.0006745541042116,7.432105117571858e-08
-0.0006745541042116,7.432105117571858e-08
-0.0006745541042116,7.432105117571858e-08
-0.0006745541042115997,7.432105215416251e-08
-0.0006745541042116,7.432105117571858e-08
-0.0006745541042116,7.432105117571858e-08
-0.0006745541042116,7.432105117571858e-08
-0.0006745541042116,7.432105117571858e-08
-0.0006745541042116,7.432105117571858e-08
4.056481738486466e+29,-8.619396875102467e+25
-0.0006745541042116,7.432105117571858e-08
-0.0006745541042116,7.432105117571858e-08
-0.0006745541042116,7.432105117571858e-08
-0.0006745541042116,7.432105117571858e-08
-0.0006745541042116,7.432105117571858e-08
-0.0006745541042116,7.432105117571858e-08
-0.0006745541042115997,7.432105214722361e-08
-0.0006745541042116,7.432105117571858e-08
-0.0006745541042116,7.432105117571858e-08
-0.0006745541042116,7.432105117571858e-08
-0.0006745541042116,7.432105117571858e-08
-0.0006745541042116,7.432105117571858e-08
8.968058106294133e-05,3.596660130303535
-0.0006745541042116,7.432105117571858e-08
-0.0006745541042116,7.432105117571858e-08
-0.0006745541042116,7.432105117571858e-08
-0.0006745541042116,7.432105117571858e-08
-0.0006745541042116,7.432105117571858e-08
-0.0006745541042116,7.432105117571858e-08
-0.0006745541042115997,7.432105232763496e-08
-0.0006745541042116,7.432105117571858e-08
-0.0006745541042116,7.432105117571858e-08
-0.0006745541042116,7.432105117571858e-08
-0.0006745541042116,7.432105117571858e-08
-0.0006745541042116,7.432105117571858e-08
-107374181.57595494,22818.952357311005
-0.0006745541042116,7.432105117571858e-08
-0.0006745541042116,7.432105117571858e-08
-0.0006745541042116,7.432105117571858e-08
-0.0006745541042116,7.432105117571858e-08
-0.0006745541042116,7.432105117571858e-08
-0.0006745541042116,7.432105117571858e-08
-0.0006745541042115997,7.43210520708962e-08
-0.0006745541042116,7.432105117571858e-08
-0.0006745541042116,7.432105117571858e-08
-0.0006745541042116,7.432105117571858e-08
-0.0006745541042116,7.432105117571858e-08
-0.0006745541042116,7.432105117571858e-08
9.02283704846327e-05,3.5992381503411615
-0.0006745541042116,7.432105117571858e-08
-0.0006745541042116,7.432105117571858e-08
-0.0006745541042116,7.432105117571858e-08
-0.0006745541042116,7.432105117571858e-08
-0.0006745541042116,7.432105117571858e-08
-0.0006745541042116,7.432105117571858e-08
-0.0006745541042115998,7.432105197025186e-08
-0.0006745541042116,7.432105117571858e-08
-0.0006745541042116,7.432105117571858e-08
-0.0006745541042116,7.432105117571858e-08
-0.0006745541042116,7.432105117571858e-08
-0.0006745541042116,7.432105117571858e-08
9.050644469444453e-05,3.600546829892307
-0.0006745541042116,7.432105117571858e-08
-0.0006745541042116,7.432105117571858e-08
-0.0006745541042116,7.432105117571858e-08
-0.0006745541042116,7.432105117571858e-08
-0.0006745541042116,7.432105117571858e-08
-0.0006745541042116,7.432105117571858e-08
-0.0006745541042115998,7.432105193555735e-08
-0.0006745541042116,7.432105117571858e-08
-0.0006745541042116,7.432105117571858e-08
-0.0006745541042116,7.432105117571858e-08
-0.0006745541042116,7.432105117571858e-08
-0.0006745541042116,7.432105117571858e-08
