x,y
5.0379801833299004e-05,3.6020312294280554
-0.0003741819849,2.3522522796473052e-08
-0.0003741819849,2.3522522796473052e-08
-0.0003741819849,2.3522522796473052e-08
-0.0003741819849,2.3522522796473052e-08
-0.0003741819849,2.3522522796473052e-08
-0.0003741819849,2.3522522796473052e-08
-0.00037418198489999984,2.352252350427018e-08
-0.0003741819849,2.3522522796473052e-08
-0.0003741819849,2.3522522796473052e-08
-0.0003741819849,2.3522522796473052e-08
-0.0003741819849,2.3522522796473052e-08
-0.0003741819849,2.3522522796473052e-08
4.851969525661195e-07,3.6033396764801973
-0.0003741819849,2.3522522796473052e-08
-0.0003741819849,2.3522522796473052e-08
-0.0003741819849,2.3522522796473052e-08
-0.0003741819849,2.3522522796473052e-08
-0.0003741819849,2.3522522796473052e-08
-0.0003741819849,2.3522522796473052e-08
-0.00037418198489999984,2.3522523400186826e-08
-0.0003741819849,2.3522522796473052e-08
-0.0003741819849,2.3522522796473052e-08
-0.0003741819849,2.3522522796473052e-08
-0.0003741819849,2.3522522796473052e-08
-0.0003741819849,2.3522522796473052e-08
1.9023205449785315e+17,-22422143600290.625
-0.0003741819849,2.3522522796473052e-08
-0.0003741819849,2.3522522796473052e-08
-0.0003741819849,2.3522522796473052e-08
-0.0003741819849,2.3522522796473052e-08
-0.0003741819849,2.3522522796473052e-08
-0.0003741819849,2.3522522796473052e-08
-0.0003741819848999999,2.3522523368961753e-08
-0.0003741819849,2.3522522796473052e-08
-0.0003741819849,2.3522522796473052e-08
-0.0003741819849,2.3522522796473052e-08
-0.0003741819849,2.3522522796473052e-08
-0.0003741819849,2.3522522796473052e-08
5.083791675558765e-05,3.6059179290775707
-0.0003741819849,2.3522522796473052e-08
-0.0003741819849,2.3522522796473052e-08
-0.0003741819849,2.3522522796473052e-08
-0.0003741819849,2.3522522796473052e-08
-0.0003741819849,2.3522522796473052e-08
-0.0003741819849,2.3522522796473052e-08
-0.0003741819848999999,2.3522523299572814e-08
-0.0003741819849,2.3522522796473052e-08
-0.0003741819849,2.3522522796473052e-08
-0.0003741819849,2.3522522796473052e-08
-0.0003741819849,2.3522522796473052e-08
-0.0003741819849,2.3522522796473052e-08
-107374183.25409001,12659.515097647665
-0.0003741819849,2.3522522796473052e-08
-0.0003741819849,2.3522522796473052e-08
-0.0003741819849,2.3522522796473052e-08
-0.0003741819849,2.3522522796473052e-08
-0.0003741819849,2.3522522796473052e-08
-0.0003741819849,2.3522522796473052e-08
-0.0003741819848999999,2.3522523223230026e-08
-0.0003741819849,2.3522522796473052e-08
-0.0003741819849,2.3522522796473052e-08
-0.0003741819849,2.3522522796473052e-08
-0.0003741819849,2.3522522796473052e-08
-0.0003741819849,2.3522522796473052e-08
5.1144085405831154e-05,3.6085154994788384
-0.0003741819849,2.3522522796473052e-08
-0.0003741819849,2.3522522796473052e-08
-0.0003741819849,2.3522522796473052e-08
-0.0003741819849,2.3522522796473052e-08
-0.0003741819849,2.3522522796473052e-08
-0.0003741819849,2.3522522796473052e-08
-0.0003741819848999999,2.352252333079789e-08
-0.0003741819849,2.3522522796473052e-08
-0.0003741819849,2.3522522796473052e-08
-0.0003741819849,2.3522522796473052e-08
-0.0003741819849,2.3522522796473052e-08
-0.0003741819849,2.3522522796473052e-08
5.1298335994929005e-05,3.6098241790504364
-0.0003741819849,2.3522522796473052e-08
-0.0003741819849,2.3522522796473052e-08
-0.0003741819849,2.3522522796473052e-08
-0.0003741819849,2.3522522796473052e-08
-0.0003741819849,2.3522522796473052e-08
-0.0003741819849,2.3522522796473052e-08
-0.00037418198489999984,2.3522523365492462e-08
-0.0003741819849,2.3522522796473052e-08
-0.0003741819849,2.3522522796473052e-08
-0.0003741819849,2.3522522796473052e-08
-0.0003741819849,2.3522522796473052e-08
-0.0003741819849,2.3522522796473052e-08
-107374183.25408955,12659.519003897638
-0.0003741812208915932,2.3522432744845036e-08
-0.0003741819849,2.3522522796473052e-08
-0.0003741819849,2.3522522796473052e-08
-0.0003741819849,2.3522522796473052e-08
-0.0003741819849,2.3522522796473052e-08
-0.0003741819849,2.3522522796473052e-08
-0.00037418198489999984,2.352252342100356e-08
-0.0003741819849,2.3522522796473052e-08
-0.0003741819849,2.3522522796473052e-08
-0.0003741819849,2.3522522796473052e-08
-0.0003741819849,2.3522522796473052e-08
-0.0003741819849,2.3522522796473052e-08
5.1602200300834985e-05,3.6124021991283537
-0.0003741819849,2.3522522796473052e-08
-0.0003741819849,2.3522522796473052e-08
-0.0003741819849,2.3522522796473052e-08
-0.0003741819849,2.3522522796473052e-08
-0.0003741819849,2.3522522796473052e-08
-0.0003741819849,2.3522522796473052e-08
-0.00037418198489999984,2.352252346957587e-08
-0.0003741819849,2.3522522796473052e-08
-0.0003741819849,2.3522522796473052e-08
-0.0003741819849,2.3522522796473052e-08
-0.0003741819849,2.3522522796473052e-08
-0.0003741819849,2.3522522796473052e-08
0.058801755893752784,3.6137039539946096
-0.00037418129728914763,2.3522441749620494e-08
-0.0003741819849,2.3522522796473052e-08
-0.0003741819849,2.3522522796473052e-08
-0.0003741819849,2.3522522796473052e-08
-0.0003741819849,2.3522522796473052e-08
-0.0003741819849,2.3522522796473052e-08
-0.00037418198489999984,2.3522523372431303e-08
-0.0003741819849,2.3522522796473052e-08
-0.0003741819849,2.3522522796473052e-08
-0.0003741819849,2.3522522796473052e-08
-0.0003741819849,2.3522522796473052e-08
-0.0003741819849,2.3522522796473052e-08
-4.932681919446933e+32,5.814020282983502e+28
-0.0003741819849,2.3522522796473052e-08
-0.0003741819849,2.3522522796473052e-08
-0.0003741819849,2.3522522796473052e-08
-0.0003741819849,2.3522522796473052e-08
-0.0003741819849,2.3522522796473052e-08
-0.0003741819849,2.3522522796473052e-08
-0.00037418198489999984,2.352252335161478e-08
-0.0003741819849,2.3522522796473052e-08
-0.0003741819849,2.3522522796473052e-08
-0.0003741819849,2.3522522796473052e-08
-0.0003741819849,2.3522522796473052e-08
-0.0003741819849,2.3522522796473052e-08
5.2062619540176286e-05,3.6163084491012194
-0.0003741819849,2.3522522796473052e-08
-0.0003741819849,2.3522522796473052e-08
-0.0003741819849,2.3522522796473052e-08
-0.0003741819849,2.3522522796473052e-08
-0.0003741819849,2.3522522796473052e-08
-0.0003741819849,2.3522522796473052e-08
-0.0003741819848999999,2.3522523306511814e-08
-0.0003741819849,2.3522522796473052e-08
-0.0003741819849,2.3522522796473052e-08
-0.0003741819849,2.3522522796473052e-08
-0.0003741819849,2.3522522796473052e-08
-0.0003741819849,2.3522522796473052e-08
0.05880221631299212,3.6176102039674753
-0.0003741819849,2.3522522796473052e-08
-0.0003741819849,2.3522522796473052e-08
-0.0003741819849,2.3522522796473052e-08
-0.0003741819849,2.3522522796473052e-08
-0.0003741819849,2.3522522796473052e-08
-0.0003741819849,2.3522522796473052e-08
-0.00037418198489999984,2.3522523410595272e-08
-0.0003741819849,2.3522522796473052e-08
-0.0003741819849,2.3522522796473052e-08
-0.0003741819849,2.3522522796473052e-08
-0.0003741819849,2.3522522796473052e-08
-0.0003741819849,2.3522522796473052e-08
-4.932681919446933e+32,5.814020282983502e+28
-0.0003741819849,2.3522522796473052e-08
-0.0003741819849,2.3522522796473052e-08
-0.0003741819849,2.3522522796473052e-08
-0.0003741819849,2.3522522796473052e-08
-0.0003741819849,2.3522522796473052e-08
-0.0003741819849,2.3522522796473052e-08
-0.00037418198489999984,2.3522523538964862e-08
-0.0003741819849,2.3522522796473052e-08
-0.0003741819849,2.3522522796473052e-08
-0.0003741819849,2.3522522796473052e-08
-0.0003741819849,2.3522522796473052e-08
-0.0003741819849,2.3522522796473052e-08
5.2520700674737976e-05,3.6201951487507387
-0.0003741819849,2.3522522796473052e-08
-0.0003741819849,2.3522522796473052e-08
-0.0003741819849,2.3522522796473052e-08
-0.0003741819849,2.3522522796473052e-08
-0.0003741819849,2.3522522796473052e-08
-0.0003741819849,2.3522522796473052e-08
-0.00037418198489999984,2.3522523663864847e-08
-0.0003741819849,2.3522522796473052e-08
-0.0003741819849,2.3522522796473052e-08
-0.0003741819849,2.3522522796473052e-08
-0.0003741819849,2.3522522796473052e-08
-0.0003741819849,2.3522522796473052e-08
126443838609.67648,-14903593.535990935
-0.0003741819849,2.3522522796473052e-08
-0.0003741819849,2.3522522796473052e-08
-0.0003741819849,2.3522522796473052e-08
-0.0003741819849,2.3522522796473052e-08
-0.0003741819849,2.3522522796473052e-08
-0.0003741819849,2.3522522796473052e-08
-0.0003741819848999998,2.352252381655079e-08
-0.0003741819849,2.3522522796473052e-08
-0.0003741819849,2.3522522796473052e-08
-0.0003741819849,2.3522522796473052e-08
-0.0003741819849,2.3522522796473052e-08
-0.0003741819849,2.3522522796473052e-08
-4.932681919446933e+32,5.814020282983502e+28
-0.0003741819849,2.3522522796473052e-08
-0.0003741819849,2.3522522796473052e-08
-0.0003741819849,2.3522522796473052e-08
-0.0003741819849,2.3522522796473052e-08
-0.0003741819849,2.3522522796473052e-08
-0.0003741819849,2.3522522796473052e-08
-0.0003741819848999998,2.3522523802673003e-08
-0.0003741819849,2.3522522796473052e-08
-0.0003741819849,2.3522522796473052e-08
-0.0003741819849,2.3522522796473052e-08
-0.0003741819849,2.3522522796473052e-08
-0.0003741819849,2.3522522796473052e-08
-71.67994682841184,3.632530578311673
-0.0003741819849,2.3522522796473052e-08
-0.0003741819849,2.3522522796473052e-08
-0.0003741819849,2.3522522796473052e-08
-0.0003741819849,2.3522522796473052e-08
-0.0003741819849,2.3522522796473052e-08
-0.0003741819849,2.3522522796473052e-08
-0.0003741819848999998,2.352252389981762e-08
-0.0003741819849,2.3522522796473052e-08
-0.0003741819849,2.3522522796473052e-08
-0.0003741819849,2.3522522796473052e-08
-0.0003741819849,2.3522522796473052e-08
-0.0003741819849,2.3522522796473052e-08
5.848603109135902e+35,-6.893592098362815e+31
-0.0003741819849,2.3522522796473052e-08
-0.0003741819849,2.3522522796473052e-08
-0.0003741819849,2.3522522796473052e-08
-0.0003741819849,2.3522522796473052e-08
-0.0003741819849,2.3522522796473052e-08
-0.0003741819849,2.3522522796473052e-08
-0.0003741819848999998,2.3522523899817726e-08
-0.0003741819849,2.3522522796473052e-08
-0.0003741819849,2.3522522796473052e-08
-0.0003741819849,2.3522522796473052e-08
-0.0003741819849,2.3522522796473052e-08
-0.0003741819849,2.3522522796473052e-08
5.32850461094725e-05,3.6266796572200954
-0.0003741819849,2.3522522796473052e-08
-0.0003741819849,2.3522522796473052e-08
-0.0003741819849,2.3522522796473052e-08
-0.0003741819849,2.3522522796473052e-08
-0.0003741819849,2.3522522796473052e-08
-0.0003741819849,2.3522522796473052e-08
-0.0003741819848999998,2.3522523906756514e-08
-0.0003741819849,2.3522522796473052e-08
-0.0001743078360062599,1.6957553742538884
75.53660496860154,-0.00890331823088288
-0.0003741819849,2.3522522796473052e-08
-0.0003741819849,2.3522522796473052e-08
-71.67994636799261,3.636436828284539
-0.0003741819849,2.3522522796473052e-08
-0.0003741819849,2.3522522796473052e-08
-0.0003741819849,2.3522522796473052e-08
-0.0003741819849,2.3522522796473052e-08
-0.0003741819849,2.3522522796473052e-08
-0.0003741819849,2.3522522796473052e-08
-0.00037418198489999973,2.352252423288463e-08
-0.0003741819849,2.3522522796473052e-08
-0.00036675446398325606,0.06301596834054816
-0.0003741819849,2.3522522796473052e-08
-0.0003741819849,2.3522522796473052e-08
-0.0003741819849,2.3522522796473052e-08
5.848603109135902e+35,-6.893592098362815e+31
-0.0003741819849,2.3522522796473052e-08
-0.0003741819849,2.3522522796473052e-08
-0.0003741819849,2.3522522796473052e-08
-0.0003741819849,2.3522522796473052e-08
-0.0003741819849,2.3522522796473052e-08
-0.0003741819849,2.3522522796473052e-08
-0.00037418198489999973,2.352252417737337e-08
-0.0003741819849,2.3522522796473052e-08
-0.00037330770379300637,0.007417525352716845
29.133881978553305,-0.003433953348744799
-0.0003741819849,2.3522522796473052e-08
-0.0003741819849,2.3522522796473052e-08
5.37454653488138e-05,3.630585907192961
-0.0003741819849,2.3522522796473052e-08
-0.0003741819849,2.3522522796473052e-08
0.00024118547055343616,5.220848547589917
-0.0003741819849,2.3522522796473052e-08
-0.0003741819849,2.3522522796473052e-08
-0.0003741819849,2.3522522796473052e-08
-0.0003741819848999996,2.3522524739484653e-08
-0.0003741819849,2.3522522796473052e-08
-0.0003741819849,2.3522522796473052e-08
20.258899206339766,-0.0023878828602880015
-0.0003741819849,2.3522522796473052e-08
-0.0003741819849,2.3522522796473052e-08
-151996492407730.7,17915420138.810146
-0.0003741819849,2.3522522796473052e-08
-0.0003741819849,2.3522522796473052e-08
-0.00037409382749648115,0.0007479611100051298
-0.0003741819849,2.3522522796473052e-08
-0.0003741819849,2.3522522796473052e-08
-0.0003741819849,2.3522522796473052e-08
-0.0003741819848999995,2.3522525405619097e-08
-0.0003741819849,2.3522522796473052e-08
-0.00037414285449559006,0.0003320103903677116
13.81678060637464,-0.001628567566554607
-0.0003741819849,2.3522522796473052e-08
-0.0003741819849,2.3522522796473052e-08
5.4049329682004594e-05,3.6331639272708784
-0.0003741819849,2.3522522796473052e-08
-0.0003741819849,2.3522522796473052e-08
-0.00037418118024966655,6.850268832922135e-06
-0.0003741819849,2.3522522796473052e-08
-0.0003741819849,2.3522522796473052e-08
-0.0003741819849,2.3522522796473052e-08
-0.0003741819848999996,2.3522524919896315e-08
-0.0003741819849,2.3522522796473052e-08
-0.00037418195612714617,2.6763473598741044e-07
-0.0003741819849,2.3522522796473052e-08
-0.0003741819849,2.3522522796473052e-08
-0.0003741819849,2.3522522796473052e-08
5.4245303494160054e-05,3.6344726068375586
-0.0003741819849,2.3522522796473052e-08
-0.0003741819849,2.3522522796473052e-08
-0.0003741819849,2.3522522796473052e-08
-0.0003741819849,2.3522522796473052e-08
-0.0003741819849,2.3522522796473052e-08
-0.0003741819849,2.3522522796473052e-08
-0.0003741819848999995,2.3522525336229943e-08
-0.0003741819849,2.3522522796473052e-08
-0.0003741726686021094,2.3521424709351628e-08
-0.0003741819849,2.3522522796473052e-08
-0.0003741819849,2.3522522796473052e-08
-0.0003741819849,2.3522522796473052e-08
-151996492407730.7,17915420138.814053
-0.0003741819849,2.3522522796473052e-08
-0.0003741819849,2.3522522796473052e-08
-0.0003741321764398021,1.7302043901167495e-06
-0.0003741819849,2.3522522796473052e-08
-0.0003741819849,2.3522522796473052e-08
-0.0003741819849,2.3522522796473052e-08
-0.00037418198489999984,2.3522522796473033e-08
-0.0003741819849,2.3522522796473052e-08
-0.0003741803469985629,2.7146584218691517e-08
-0.0003527154326237055,2.0992317679292186e-08
-0.0003741819849,2.3522522796473052e-08
-0.0003741819849,2.3522522796473052e-08
5.450974892134595e-05,3.637070177243744
-0.0003741819849,2.3522522796473052e-08
-0.0003741819849,2.3522522796473052e-08
-0.00037410041748704823,4.2969614431125626e-07
-0.0003741819849,2.3522522796473052e-08
-0.0003741819849,2.3522522796473052e-08
-0.0003741819849,2.3522522796473052e-08
-0.0003741819848999998,2.352252279647303e-08
-0.0003741819849,2.3522522796473052e-08
-0.0003741810529867869,2.5276332753721913e-08
-0.0003688153395549688,2.2889970659580174e-08
-0.0003741819849,2.3522522796473052e-08
-0.0003741819849,2.3522522796473052e-08
89128.96037304045,-6.867032923428797
-0.00037417400991671503,2.3521582806517637e-08
-0.0003741819848112176,2.4275762983682277e-08
-0.00037417663952279197,1.7259670139607594e-07
-0.0003741819849,2.3522522796473052e-08
-0.0003741819849,2.3522522796473052e-08
-0.0003741819849,2.3522522796473052e-08
-0.0003741819848999998,2.3522522796473023e-08
-0.0003741819849,2.3522522796473052e-08
-0.0003741819835625251,2.4497916078293378e-08
-0.0003735372310364055,2.344652738258489e-08
-0.0003741819849,2.3522522796473052e-08
-0.0003741819849,2.3522522796473052e-08
5.4813641356296974e-05,3.639648435740239
-0.0003741808643358108,2.352239071856836e-08
-0.0003741819849,2.3522522796473052e-08
-0.00037418198301921335,3.9479333669284165e-08
-0.0003741819849,2.3522522796473052e-08
-0.0003741819849,2.3522522796473052e-08
-0.0003741819849,2.3522522796473052e-08
-0.00037418198489999973,2.3522522796473023e-08
-0.0003741819849,2.3522522796473052e-08
-0.00037418198351404236,2.3522730517389408e-08
-0.00037403662893197075,2.3505390077190198e-08
-0.0003741819849,2.3522522796473052e-08
-0.0003741819849,2.3522522796473052e-08
5.496786381632647e-05,3.64095687689326
-0.0003741819849,2.3522522796473052e-08
-0.000374181984899804,2.352418581590154e-08
-0.0003741758004966875,5.249180584231355e-05
-0.0003741819849,2.3522522796473052e-08
-0.0003741819849,2.3522522796473052e-08
-0.0003741819849,2.3522522796473052e-08
-0.00037418198489999973,2.352252279647302e-08
-0.0003741819849,2.3522522796473052e-08
-0.00037418198484846896,2.35225647694608e-08
-0.0003736415392208813,2.3458821909378368e-08
-0.0003741819849,2.3522522796473052e-08
-0.0003741819849,2.3522522796473052e-08
1.9023205449785315e+17,-22422143600290.59
-0.0003741819849,2.3522522796473052e-08
-0.0003741819848953891,2.3561642239996735e-08
-0.00037418198256131244,4.285534422096473e-08
-0.0003741819849,2.3522522796473052e-08
-0.0003741819849,2.3522522796473052e-08
-0.0003741819849,2.3522522796473052e-08
-0.00037418198489999973,2.3522522796473016e-08
-0.0003741819849,2.3522522796473052e-08
-0.00037418198487156106,2.3522569657191053e-08
-0.0003741819849,2.3522522796473052e-08
-0.0003741819849,2.3522522796473052e-08
-0.0003741819849,2.3522522796473052e-08
5.527406059563833e-05,3.643554685713105
-0.0003741819849,2.3522522796473052e-08
-0.00037418198489968504,2.352519513688503e-08
-0.00037418198484268496,2.3522522789722408e-08
-0.0003741819849,2.3522522796473052e-08
-0.0003741819849,2.3522522796473052e-08
-0.0003741819849,2.3522522796473052e-08
-0.00037418198489999903,2.3522527931499258e-08
-0.0003741819849,2.3522522796473052e-08
-0.00037418198489100096,2.3522550557339223e-08
-0.0003741819849,2.352252279647951e-08
-0.0003741819849,2.3522522796473052e-08
-0.0003741819849,2.3522522796473052e-08
5.3771513705679216e-06,3.6448435824418968
-0.0003741819849,2.3522522796473052e-08
-0.00037418198489990075,2.352336496552088e-08
-0.0003741819849,2.352252279647951e-08
-0.0003741819849,2.352252279647305e-08
-0.0003741819849,2.3522522796473052e-08
-0.0003741819849,2.3522522796473052e-08
-0.000374181984899999,2.3522528181299432e-08
-0.0003741819849,2.3522522796473052e-08
-0.0003741819848980683,2.352253967797465e-08
-0.0003741819849,2.3522522796477076e-08
-0.0003741819849,2.3522522796473052e-08
-0.0003741819849,2.3522522796473052e-08
1.9023205449785315e+17,-22422143600290.586
-0.0003741819849,2.3522522796473052e-08
-0.00037418198488337875,2.36635393272785e-08
-0.0003741819849,2.3522522796482105e-08
-0.00037418198489999995,2.35225227964972e-08
-0.0003741819849,2.3522522796473052e-08
-0.0003741819849,2.3522522796473052e-08
-0.00037418198489999924,2.3522526016242362e-08
-0.0003741819849,2.3522522796473052e-08
-0.0003741819848974041,2.3522522796365337e-08
-0.0003741819849,2.3522522796477053e-08
-0.0003741819849,2.3522522796473052e-08
-0.0003741819849,2.3522522796473052e-08
5.5732175490642106e-05,3.64744138536262
-0.0003741816319992105,2.3522481201000622e-08
-0.00037418198342459367,3.604004039856992e-08
-0.00037418198489718195,2.352252279615869e-08
-0.0003741819849,2.352252279649371e-08
-0.0003741819849,2.3522522796473052e-08
-0.0003741819849,2.3522522796473052e-08
-0.00037418198489999957,2.3522523490393045e-08
-0.0003741819849,2.3522522796473052e-08
-0.0003741819848999998,2.3522522796502265e-08
-0.0003741819849,2.3522522796476523e-08
-0.0003741819849,2.3522522796473052e-08
-0.0003741819849,2.3522522796473052e-08
5.8375706099092766e-06,3.6487498324147625
-0.00037413484376137043,0.0003986779813410656
-0.0003741819849,2.3522522796473052e-08
-0.0003741819849,2.3522522796473052e-08
-0.0003741819849,2.3522522796475567e-08
-0.0003741819849,2.3522522796473052e-08
-0.0003741819849,2.3522522796473052e-08
-0.00037418198489999957,2.3522523198944255e-08
-0.0003741819849,2.3522522796473052e-08
-0.0003741819848999998,2.352252279647573e-08
-0.0003741819849,2.3522522796473562e-08
-0.0003741819849,2.3522522796473052e-08
-0.0003741819849,2.3522522796473052e-08
4.056481801883142e+29,-4.7812666332124675e+25
-0.0003741819514739744,2.3522518856636792e-08
-0.00037418198489999995,2.352252312442168e-08
-0.0003741819849,2.3522522796628963e-08
-0.0003741819849,2.3522522796475858e-08
-0.0003741819849,2.3522522796473052e-08
-0.0003741819849,2.3522522796473052e-08
-0.00037418198489999957,2.35225232024137e-08
-0.0003741819849,2.3522522796473052e-08
-0.0003741819848999998,2.352252279647676e-08
-0.00037418198489999995,2.352252279647366e-08
-0.0003741819849,2.3522522796473052e-08
-0.0003741819849,2.3522522796473052e-08
5.619029041293075e-05,3.6513280850121355
-0.0003741819752929332,2.3522521664113775e-08
-0.0003741819849,2.3522522796473052e-08
-0.0003741819849,2.3522522796474356e-08
-0.0003741819849,2.3522522796475024e-08
-0.0003741819849,2.3522522796473052e-08
-0.0003741819849,2.3522522796473052e-08
-0.00037418198489999957,2.3522523103534493e-08
-0.0003741819849,2.3522522796473052e-08
-0.0003741819848999987,2.3522522796473946e-08
-0.0003741819849,2.3522522796473052e-08
-0.0003741819849,2.3522522796473052e-08
-0.0003741819849,2.3522522796473052e-08
-2.3021535599648873e+20,2.713486843619398e+16
-0.00037418197756666993,2.3522521932113047e-08
-0.0003741819849,2.3522522796473052e-08
-0.0003741819849,2.3522522797269495e-08
-0.0003741819849,2.3522522796473777e-08
-0.0003741819849,2.3522522796473052e-08
-0.0003741819849,2.3522522796473052e-08
-0.00037418198489999957,2.3522523025471986e-08
-0.0003741819849,2.3522522796473052e-08
-0.00037418198489999984,2.352252279647584e-08
-0.0003741819849,2.3522522796473506e-08
-0.0003741819849,2.3522522796473052e-08
-0.0003741819849,2.3522522796473052e-08
5.6496459063174256e-05,3.6539256554134036
-0.0003741819834788487,2.3522522628965752e-08
-0.0003741819848999999,2.3522523639721026e-08
-0.0003741819849,2.3522522796473883e-08
-0.0003741819849,2.3522522796473893e-08
-0.0003741819849,2.3522522796473052e-08
-0.0003741819849,2.3522522796473052e-08
-0.00037418198489999957,2.3522523002912627e-08
-0.0003741819849,2.3522522796473052e-08
-0.00037418198489999984,2.3522522796475577e-08
-0.0003741819849,2.352252279648724e-08
-0.0003741819849,2.3522522796473052e-08
-0.0003741819849,2.3522522796473052e-08
5.665070965227211e-05,3.655234334985001
-0.0003741819836422809,2.3522522648229068e-08
-0.0003741819848999998,2.3522524448275275e-08
-0.0003741819848997857,2.3522522796447794e-08
-0.0003741819849,2.3522522796474316e-08
-0.0003741819849,2.3522522796473052e-08
-0.0003741819849,2.3522522796473052e-08
-0.0003741819848999998,2.3522522987299517e-08
-0.0003741819849,2.3522522796473052e-08
-0.0003741819849,2.3522522796487564e-08
-0.0003741819849,2.352252279649731e-08
-0.0003741819849,2.3522522796473052e-08
-0.0003741819849,2.3522522796473052e-08
-2.3021535599648873e+20,2.713486843619398e+16
-0.0003741819788743756,2.3522522086248817e-08
-0.00037418198489995035,2.3522943881024072e-08
-0.0003741819849,2.3522522798290018e-08
-0.0003741819849,2.3522522796474356e-08
-0.0003741819849,2.3522522796473052e-08
-0.0003741819849,2.3522522796473052e-08
-0.0003741819848999999,2.3522522982962738e-08
-0.0003741819849,2.3522522796473052e-08
-0.0003741819849,2.3522522796474687e-08
-0.0003741819849,2.3522522796474985e-08
-0.0003741819849,2.3522522796473052e-08
-0.0003741819849,2.3522522796473052e-08
5.695457395817809e-05,3.657812355062919
-0.00037418196818711556,2.3522520826570055e-08
-0.00037418197824799066,2.35225491073662e-08
-0.0003741819849,2.352252279647877e-08
-0.0003741819849,2.3522522796473837e-08
-0.0003741819849,2.3522522796473052e-08
-0.0003741819849,2.3522522796473052e-08
-0.00037418198489999995,2.3522523004647314e-08
-0.0003741819849,2.3522522796473052e-08
-0.00037418198489880613,2.3522522796375746e-08
-0.0003741819849,2.35225228082954e-08
-0.0003741819849,2.3522522796473052e-08
-0.0003741819849,2.3522522796473052e-08
0.058807108267410126,3.6591141099291744
-0.0003741819600025827,2.352251986188105e-08
-0.00037418198448069685,2.3522522747050907e-08
-0.0003741819849,2.3522522796474515e-08
-0.0003741819849,2.3522522796474303e-08
-0.0003741819849,2.3522522796473052e-08
-0.0003741819849,2.3522522796473052e-08
-0.00037418198489999995,2.3522522936125644e-08
-0.000374181984899933,2.3523091387270714e-08
-0.0003741819849,2.352252279647501e-08
-0.0003741819848999141,2.3522522796468146e-08
-0.0003741819849,2.3522522796473052e-08
-0.0003741819849,2.3522522796473052e-08
-4.932681919446933e+32,5.814020282983502e+28
-0.0003741819849,2.3522522796473052e-08
-0.0003741819848997034,2.3525038827025228e-08
-0.00037418198489999973,2.352252279647821e-08
-0.0003741819848999991,2.3522522796472947e-08
-0.0003741819849,2.3522522796473052e-08
1.1393849771887923e+18,9.6666736659277e+21
-0.00037418198489999995,2.352252284331234e-08
-0.0003741819821680283,2.354708384493218e-08
-0.0003741819048401668,2.3522513360034585e-08
-0.0003741819848999492,2.352252315223038e-08
-0.0003741819849,2.3522522796473052e-08
-0.0003741819849,2.3522522796473052e-08
5.741499319751944e-05,3.6617186050357846
-0.0003741819528398463,2.3526469924531872e-08
-0.00037418195863302026,2.3522519700454386e-08
-0.0003741819848999983,2.3522536844606713e-08
-0.0003741819849,2.3522522796473052e-08
-0.0003741819849,2.3522522796473052e-08
-0.0003741819849,2.352252279647316e-08
-0.00037418198489999995,2.3522523120866336e-08
-0.0003741819793835003,2.353525757971406e-08
-0.00037418198487556913,2.3522522793593455e-08
-0.00037418198489949655,2.3522523754560556e-08
-0.0003741819849,2.3522522796473052e-08
-0.0003741819849,2.3522522796473052e-08
0.05880756868664947,3.6630203599020406
-0.00037418198147452656,2.35269561794236e-08
-0.0003741819816162642,2.3525606873557058e-08
-0.0003741819849,2.3522522796473052e-08
-0.0003741819849,2.3522522796473056e-08
-0.0003741819849,2.3522522796473052e-08
-0.0003741819849,2.3522522796473052e-08
-0.0003741819848999999,2.3522523309951195e-08
-0.0003741819820998675,2.352252246642892e-08
-0.0003741819849,2.3522522796489894e-08
-0.0003741819848324647,2.352252283992215e-08
-0.0003741819849,2.3522522796473052e-08
-0.0003741819849,2.3522522796473052e-08
-4.932681919446933e+32,5.814020282983502e+28
-0.0003741762220640538,2.3521843546409384e-08
-0.0003741817793116034,2.3522536989114577e-08
-0.0003741819849,2.3522522796473052e-08
-0.0003741819849,2.3522522796473056e-08
-0.0003741819849,2.3522522796473052e-08
-0.0003741819849,2.3522522796473052e-08
-0.0003741819848999999,2.3522523448755913e-08
-0.00037411723848417293,2.3515301726494586e-08
-0.00037418198489999995,2.3522522796581516e-08
-0.0003741819832936359,2.3522522656809684e-08
-0.0003741819849,2.3522522796473052e-08
-0.0003741819849,2.3522522796473052e-08
-71.67994193645742,3.6740344842733723
-0.0003741754944678534,2.3521757786590763e-08
-0.00037360066561977287,2.3454004247308038e-08
-0.00037418198489994823,2.352296167917839e-08
-0.0003741819849,2.3522522796473056e-08
-0.0003741819849,2.3522522796473052e-08
-0.0003741819849,2.3522522796473052e-08
-0.0003741819849,2.3522522859360176e-08
-0.0003741819849,2.3522522796473052e-08
-0.0003741819849,2.3522522796512873e-08
-0.00037418198489856983,2.352252471259372e-08
-0.0003741819849,2.3522522796473052e-08
-0.0003741819849,2.3522522796473052e-08
2.7200830031806642e+23,-3.2060891032812106e+19
-0.000374180784367002,2.3522381292858696e-08
-0.0003741819849,2.3522522796496988e-08
-0.0003741819848879899,2.362441758698095e-08
-0.0003741819849,2.3522522796473056e-08
-0.0003741819849,2.3522522796473052e-08
-0.0003741819849,2.3522522796473052e-08
-0.0003741819849,2.3522522858055733e-08
-0.0003741819849,2.3522522796473052e-08
-0.0003741819849,2.352252279647305e-08
-0.0003741819848982785,2.3522523660450116e-08
-0.0003741819849,2.3522522796473052e-08
-0.0003741819849,2.3522522796473052e-08
5.817930487181177e-05,3.668203113505145
-0.0003741803984664709,2.352233580779496e-08
-0.0003741819849,2.3522522796489047e-08
-0.0003741819849,2.3522522796473052e-08
-0.0003741819849,2.3522522796473052e-08
-0.0003741819849,2.3522522796473052e-08
1.1409475998829343e+18,9.67993113723868e+21
-0.0003741819849,2.3522522837674717e-08
-0.00037418029657275594,2.352232379785523e-08
-0.0003741819849,2.3522522796523673e-08
-0.0003741818293075455,2.3522504457243554e-08
-0.0003741819849,2.3522522796473052e-08
-0.0003741819849,2.3522522796473052e-08
-71.6799414760382,3.677940734246238
-0.0003741809005073208,2.3522394982007522e-08
-0.000374181979669075,2.3522522179950526e-08
-0.0003741819848999825,2.352267118340356e-08
-0.0003741819848999999,2.3522523580931275e-08
-0.0003741819849,2.3522522796473052e-08
-0.0003741819849,2.3522522796473052e-08
-0.0003741819849,2.3522522812737074e-08
-0.00037418175928083126,2.3746272105486764e-08
-0.00037418198489999995,2.3522522796521763e-08
-0.0003741819849,2.35225227980186e-08
-0.0003741819849,2.3522522796473052e-08
-0.0003741819849,2.3522522796473052e-08
5.848603109135902e+35,-6.893592098362815e+31
-0.0003741815701016128,2.3522473905296286e-08
-0.0003741819849,2.352252279656326e-08
-0.0003741819849,2.3522522796473052e-08
-0.0003741819849,2.3522522796473052e-08
-0.0003741819849,2.3522522796473052e-08
-0.0003741819849,2.3522522796473052e-08
-0.0003741819849,2.3522522802545564e-08
-0.0003741819396398347,2.3550262081073265e-08
-0.00037418198489999995,2.3522522796473105e-08
-0.0003741819848999992,2.3522522796472963e-08
-0.0003741819849,2.3522522796473052e-08
-0.0003741819849,2.3522522796473052e-08
5.86374197668156e-05,3.67208981315466
-0.00037418183479387917,2.356571515775687e-08
-0.0003741819849,2.3522522796540835e-08
-0.0003741819849,2.3522522796473072e-08
-0.0003741819849,2.3522522796473056e-08
-0.0003741819849,2.3522522796473052e-08
-0.0003741819849,2.3522522796473052e-08
-0.0003741819849,2.3522522801678206e-08
-0.00037418197642794454,2.352252179789453e-08
-0.00037418198423773695,2.914123847236025e-08
-0.00037418198489999995,2.352252279647306e-08
-0.0003741819849,2.3522522796473052e-08
-0.0003741819849,2.3522522796473052e-08
-71.67994101561895,3.6818469842191037
-0.0003741819441914908,2.3522517998269925e-08
-0.0003741819849,2.352252279654507e-08
-0.00037418198489999995,2.35225234209735e-08
-0.0003741819849,2.3522522796473056e-08
-0.0003741819849,2.3522522796473052e-08
-0.0003741819849,2.3522522796473052e-08
-0.0003741819849,2.3522522802273534e-08
3.0627814478298685,-0.0003610224409614046
-0.0003741819849,2.3522522796473052e-08
-0.00037418198489999995,2.3522522799617235e-08
-0.0003741819849,2.3522522796473052e-08
-0.0003741819849,2.3522522796473052e-08
5.848603109135902e+35,-6.893592098362815e+31
-0.0003741791612782388,2.3522189983726166e-08
-0.00037418198489863955,2.3534064856235482e-08
-0.0003741819848998638,2.3522522798558567e-08
-0.0003741819849,2.3522522796473052e-08
-0.0003741819849,2.3522522796473052e-08
-0.0003741819849,2.3522522796473052e-08
-0.0003741819849,2.352252280181373e-08
5.657186604063585,-0.0006668180395211241
-0.0003741819849,2.3522522796473165e-08
-0.00037418198489999984,2.352252279838506e-08
-0.0003741819849,2.3522522796473052e-08
-0.0003741819849,2.3522522796473052e-08
5.9097839006156956e-05,3.6759960631275264
-0.00037418107526785896,2.352241558056486e-08
-0.0003741819849,2.3522522796586598e-08
-0.0003741819848999375,2.3522522796500432e-08
-0.0003741819849,2.3522522796473052e-08
-0.0003741819849,2.3522522796473052e-08
1.6825741950854313e+22,-1.98320521322976e+18
-0.0003741819849,2.3522522803033458e-08
12.252247383599864,-0.0014441602190069672
-0.0003741819849,2.3522522796473052e-08
-0.0003741819849,2.3522522796473052e-08
-0.0003741819849,2.3522522796473052e-08
-0.0003741819849,2.3522522796473052e-08
-3.218643961724989e+26,3.793729574046738e+22
-0.00037418189302383426,2.3522511967275062e-08
-0.0003741819849,2.3522522796473552e-08
-0.0003741819848999497,2.3522522797382382e-08
-0.0003741819849,2.3522522796473052e-08
-0.0003741819849,2.3522522796473052e-08
-0.0003741819849,2.3522522796473052e-08
-0.0003741819849,2.352252280899756e-08
26.50488037938364,-0.003124079959963989
-0.0003741253944880369,2.3515852704045603e-08
-0.0003741819849,2.3522522796473052e-08
-0.0003741819849,2.3522522796473052e-08
-0.0003741819849,2.3522522796473052e-08
5.940170333934775e-05,3.6785740832054437
-0.0003741816246710725,2.3522480337252585e-08
-0.0003741819849,2.3522522796473886e-08
-0.0003741819849,2.352252279647305e-08
-0.0003741819849,2.3522522796473052e-08
-0.0003741819849,2.3522522796473052e-08
-0.0003683609559921229,0.0493863046995965
-0.00037418198489999995,2.3522522907064728e-08
56.01011203172968,-0.0066017827204959455
-0.00037405248081344574,2.350725855116321e-08
-0.00037418198483024845,2.352252278825162e-08
-0.0003741819849,2.3522522796473052e-08
-0.0003741819849,2.3522522796473052e-08
89128.96037793241,-6.8255290174670975
-0.00037418163019706875,2.3522480988586994e-08
-0.0003741819849,2.3522522796473052e-08
-0.0003741819849,2.352252279654169e-08
-0.0003741819849,2.3522522796473052e-08
-0.0003741819849,2.3522522796473052e-08
-0.0003741819849,2.3522522796473066e-08
-0.0003741819848999999,2.3522523438345084e-08
-0.00037418198489999973,2.352252279647583e-08
-0.0003741819849,2.3522522796503982e-08
-0.0003741819849,2.3522522796473052e-08
-0.0003741819849,2.3522522796473052e-08
-0.0003741819849,2.3522522796473052e-08
-3.218643961724989e+26,3.793729574046738e+22
-0.00037418198470987507,2.3522703109601874e-08
-0.00037418198489999735,2.3522522802383e-08
-0.00037418198489999995,2.3522522796473046e-08
-0.0003741819849,2.3522522796473052e-08
-0.0003741819849,2.3522522796473052e-08
-0.0003741819849,2.3522522796482423e-08
-0.00037418198489999995,2.35225234245691e-08
-0.0003741819849,2.3522522797086453e-08
-0.00037418198489999995,2.3522522796545494e-08
-0.0003741819593204617,2.352251978148127e-08
-0.0003741819849,2.3522522796473052e-08
-0.0003741819849,2.3522522796473052e-08
5.986212257868905e-05,3.6824803331783094
-0.00037418078409244386,2.3522381260780235e-08
-0.0003741633529543654,2.3520326698861245e-08
-0.0003741819848999449,2.3522522796466557e-08
-0.0003741819849,2.3522522796473052e-08
-0.0003741819849,2.3522522796473052e-08
-0.00037418198489999973,2.352252530874671e-08
-0.00037418198489999984,2.352252324762671e-08
-0.0003741819849,2.3522522796481946e-08
-0.00037418198489884083,2.35225227963398e-08
-0.0003741819849,2.3522522796473052e-08
-0.0003741819849,2.3522522796473052e-08
-0.00037318195346558507,0.008484405645946977
1.9023205449785315e+17,-22422143600290.547
-0.0003741819849,2.3522522796766192e-08
-0.0003741819849,2.3522522796475805e-08
-0.0003741819849,2.3522522796473052e-08
-0.0003741819849,2.3522522796473052e-08
-0.0003741819849,2.3522522796473052e-08
3.440293678881781e+17,2.918784868548745e+21
-0.00037418198489999995,2.3522523044538506e-08
-0.0003741819849,2.3522522796667906e-08
-0.00037418198489999025,2.35225227964743e-08
-0.0003741819849,2.3522522796473052e-08
-0.0003741819849,2.3522522796473052e-08
-0.0003741819849,2.3522522796473052e-08
6.016601501364008e-05,3.685058591674804
-0.00037418198489999973,2.3522522796735666e-08
-0.0003741819849,2.3522522796476136e-08
-0.0003741819849,2.3522522796473052e-08
-0.0003741819849,2.3522522796473052e-08
-0.0003741819849,2.3522522796473052e-08
3.689872895517385e+21,-4.349154518070874e+17
-0.0003741819849,2.352252293875181e-08
-0.0003741819848999998,2.35225227980793e-08
-0.0003741819849,2.3522522796473052e-08
-0.0003741819848107107,2.352252278594876e-08
-0.0003741819849,2.3522522796473052e-08
-0.0003741819849,2.3522522796473052e-08
1.026910578856967e-05,3.686347488403596
-0.00037418198489999984,2.352252279649919e-08
-0.0003741819849,2.3522522796474713e-08
-0.0003741819849,2.3522522796473052e-08
-0.0003741819849,2.3522522796473052e-08
-0.0003741819849,2.3522522796473052e-08
-0.0003741819849,2.3522522796473052e-08
-0.0003741819849,2.3522522796473052e-08
-0.0003741819848971406,2.3522522796146928e-08
-0.0003741819849,2.3522522796474694e-08
-0.0003741819849,2.3522522796473056e-08
-0.0003741819849,2.3522522796473052e-08
-0.0003741819849,2.3522522796473052e-08
1.9023205449785315e+17,-22422143600290.543
-0.0003741819848999999,2.352252279649147e-08
-0.0003741819849,2.3522522796561164e-08
-0.0003741819849,2.3522522796473052e-08
-0.0003741819849,2.3522522796473052e-08
-0.0003741819849,2.3522522796473052e-08
-0.0003741819849,2.3522522796473052e-08
-0.0003741819849,2.3522522796617078e-08
-0.0003741819849,2.352252279653702e-08
-0.0003741819849,2.3522522834649512e-08
-0.0003741819849,2.3522522796473052e-08
-0.0003741819849,2.3522522796473052e-08
27.158629640463058,230420.12339944395
6.062412990864391e-05,3.6889452913243193
-0.0003741819848999999,2.3522522796473043e-08
-0.0003741819848999992,2.3522522796519768e-08
-0.0003741819848999871,2.352252279647153e-08
-0.0003741819849,2.3522522796473052e-08
-0.0003741819849,2.3522522796473052e-08
-0.0003741819849,2.3522522796473052e-08
-0.0003741819849,2.3522522796473052e-08
-0.0003741819849,2.3522522797354268e-08
-0.00037418198489999995,2.3522522796494334e-08
-0.0003741819849,2.3522522796473052e-08
1.0774060392909812e+22,-1.269909689645877e+18
-0.0003741819849,2.3522522796473052e-08
-107374183.25408022,12659.598105459589
-0.0003741819848999999,2.352252279649157e-08
-0.0003741819848999981,2.3522522796472993e-08
-0.0003741819849,2.3522522796473052e-08
-0.0003741819849,2.3522522796473052e-08
-0.0003741819849,2.3522522796473052e-08
-0.0003741819849,2.3522522796473052e-08
-0.0003741819849,2.3522522796473052e-08
-0.0003741819849,2.352252279760499e-08
-0.0003741819848999991,2.3522522798939506e-08
-0.0003741819849,2.3522522796473052e-08
-0.0003741819849,2.3522522796473052e-08
-0.0003741819849,2.3522522796473052e-08
4.056481801883142e+29,-4.7812666332124675e+25
-0.0003741819849,2.3522522796504826e-08
-0.0003741819849,2.3522522796473052e-08
-0.00037418198489999935,2.352252279647298e-08
-0.0003741819849,2.3522522796473052e-08
-0.0003741819849,2.3522522796473056e-08
-0.0003741819849,2.3522522796473052e-08
-0.0003741819849,2.3522522796473052e-08
-0.00037418198489999957,2.3522522797269366e-08
-0.00037418198489999995,2.3522522796473052e-08
-0.0003741819849,2.3522522796473052e-08
-0.0003741819849,2.3522522796473052e-08
-0.00010160603912410556,2.312565810986456
6.108224483093255e-05,3.692831990973835
-0.00037418198489975015,2.3522522796580854e-08
-0.0003741813840476743,5.1212230104239735e-06
-0.0003741819849,2.3522522796473052e-08
-0.0003741819849,2.3522522796473052e-08
-0.0003741819849,2.3522522796473052e-08
-0.0003741819849,2.3522522796473052e-08
-0.0003741819849,2.3522522796473052e-08
-0.0003741819849,2.3522522796937375e-08
-0.0003741819849,2.3522522796473052e-08
-0.0003741819849,2.3522522796473052e-08
-0.0003741819849,2.3522522796473052e-08
-0.0003741819849,2.3522522796473052e-08
-107374183.25407977,12659.602011709561
-0.0003741819849,2.3522522796473052e-08
-0.0003741819849,2.3522522796473052e-08
-0.0003741819849,2.3522522796473052e-08
-0.0003741819849,2.3522522796473052e-08
-0.0003741819849,2.35225228044428e-08
-0.0003741819849,2.3522522796473052e-08
-0.0003741819849,2.3522522796473052e-08
-0.0003741819848999999,2.3522522796808544e-08
-0.0003741819849,2.3522522796473056e-08
-0.0003741819849,2.3522522796473052e-08
-0.0003741819849,2.3522522796473052e-08
-0.0003741819849,2.3522522796473052e-08
4.056481801883142e+29,-4.7812666332124675e+25
-0.0003741819809767321,2.352252233404795e-08
-0.00037418068943538454,2.352237010352282e-08
-0.0003741819849,2.3522522796473052e-08
-0.0003741819849,2.3522522796473052e-08
-0.0003741819849,2.3522522796473052e-08
1.6900214599675105e+22,-1.9919831052131162e+18
-0.0003741819849,2.3522522796473052e-08
-0.0003741819849,2.3522522796557776e-08
-0.0003741819849,2.3522522796473052e-08
-0.0003741819849,2.3522522796473052e-08
-0.0003741819849,2.3522522796473052e-08
-0.0003741819849,2.3522522796473052e-08
6.154266407027386e-05,3.6967382409467007
-0.0003741819813751707,2.352252238101085e-08
-0.00037418198489999995,2.3522522819355178e-08
-0.0003741819849,2.3522522796473052e-08
-0.0003741819849,2.3522522796473052e-08
-0.0003741819849,2.3522522796473052e-08
-0.0003741819849,2.3522522796473052e-08
-0.0003741819849,2.3522522796473052e-08
-0.0003741806461238083,2.3522364998503102e-08
-0.0003741819849,2.3522522796473052e-08
-0.0003741819849,2.3522522796473052e-08
1.0405124388098473e+22,-1.2264241892603884e+18
8.437869625366874,-0.0009945697119463726
-4.932681919446933e+32,5.814020282983502e+28
-0.0003741819777320797,2.4767001035600354e-08
-0.0003741819849,2.35225227965438e-08
-0.0003741819849,2.3522522796473052e-08
-0.0003741819849,2.3522522796473052e-08
-0.0003741819849,2.3522522796473052e-08
-0.0003741819849,2.352252282488796e-08
-0.0003741819849,2.3522522796473052e-08
-0.0003741808640967798,2.3522390690394412e-08
-0.0003741819849,2.3522522796473052e-08
-0.0003741819849,2.3522522796473052e-08
0.1383131147535647,-1.632317830643505e-05
6.035182861617283e+17,-71135086636382.05
6.184652837617984e-05,3.699316261024618
-0.00037418197947037846,2.3522522156498077e-08
-0.0003741819849,2.352252279745595e-08
-0.0003741819849,2.3522522796473052e-08
-0.0003741819849,2.3522522796473052e-08
-0.0003741819849,2.3522522796473052e-08
-0.0003741819849,2.3522522796473056e-08
-0.0003741819849,2.3522522796473052e-08
-0.00037418198456888363,2.6331690342190694e-08
-0.0003741819849,2.3522522796473052e-08
-0.0003741819849,2.3522522796473052e-08
-0.000374050653695446,2.350704313856008e-08
-0.0003741819849,2.3522522796473052e-08
0.05881200022182813,3.700618015890874
-0.0003741819620446298,2.3522520107261934e-08
-0.0003741819751823599,1.0596810325265515e-07
-0.0003741819849,2.3522522796473052e-08
-0.0003741819849,2.3522522796473052e-08
-0.0003741819849,2.3522522796473052e-08
-0.0003741819849,2.3522522796473056e-08
-0.0003741819849,2.3522522796473052e-08
-0.0003741819849,2.3522522796473052e-08
-0.00037418198489999995,2.3522522796473046e-08
-0.0003741819849,2.3522522796473052e-08
-0.000374057172953423,2.350781154606592e-08
-0.0003741819849,2.3522522796473052e-08
-4.932681919446933e+32,5.814020282983502e+28
-0.00037418198489999675,2.352252279647267e-08
-0.0003741819849,2.3522522798222013e-08
-0.0003741819849,2.3522522796473052e-08
-0.0003741819849,2.3522522796473052e-08
-0.0003741819849,2.3522522796473052e-08
-0.0003741819849,2.3522522796473052e-08
-0.0003741819849,2.3522522796473052e-08
-0.0003741819849,2.3522522796473052e-08
-0.0003741819849,2.3522522796473052e-08
-0.0003741819849,2.3522522796473052e-08
-0.0003741819758547815,2.3522521730337335e-08
9.558723841561905e+17,-112666122003889.67
6.230460951074153e-05,3.7032029606741372
-0.000374181984899998,2.3522522796472814e-08
-0.00037418198489999995,2.352252279881832e-08
-0.0003741819849,2.3522522796473052e-08
-0.0003741819849,2.3522522796473052e-08
-0.0003741819849,2.3522522796473052e-08
-0.0003741819849,2.3522522796913675e-08
-0.0003741819849,2.3522522796473052e-08
-0.0003741819849,2.3522522796473052e-08
-0.0003741819849,2.3522522796473052e-08
-0.0003741819849,2.3522522796473052e-08
-0.0003741819848980015,2.3522522796237495e-08
-0.00037418198116686397,5.519487975784385e-08
126443838609.6765,-14903593.452983122
-0.00037418198391207607,2.3522522681269428e-08
-0.0003741819849,2.3522522796473052e-08
-0.0003741819849,2.3522522796473052e-08
-0.0003741819849,2.3522522796473052e-08
1.2611798375279373e+18,1.0699995319852465e+22
-0.0003741819849,2.3522522796473833e-08
-0.0003741819849,2.3522522796473052e-08
-0.0003741819848999991,2.3522522796472943e-08
-0.0003741819849,2.3522522796473052e-08
-0.0003741819849,2.3522522796473052e-08
-0.0003741819849,2.3522522796473052e-08
1.1917423259795013e+18,1.0110879456688337e+22
-4.932681919446933e+32,5.814020282983502e+28
-0.0003741819489663484,2.3522518561069618e-08
-0.0003741819849,2.352252279647922e-08
-0.0003741819849,2.3522522796473052e-08
-0.0003741819849,2.3522522796473052e-08
-0.0003741819849,2.3522522796473052e-08
-0.0003741819846938371,2.3522522772173183e-08
-0.0003741819849,2.3522522796473052e-08
-0.0003741819848999994,2.3522522796472983e-08
-0.0003741819849,2.3522522796473052e-08
-0.0003741819849,2.3522522796473052e-08
-0.0003741819848999981,2.3522522796472827e-08
1.1310286947425308e+18,9.5957780010861e+21
6.276502875008288e-05,3.707109210647003
-0.0003741819848999993,2.3522522797184613e-08
-0.0003741819849,2.3522522796473052e-08
-0.0003741819849,2.3522522796473052e-08
-0.0003741819849,2.3522522796473052e-08
1.4264250309477768e+18,1.2101954615115327e+22
-0.0003741819849,2.3522522997746424e-08
-0.0003741819849,2.3522522796473052e-08
-0.0003741819849,2.3522522796473052e-08
-0.0003741819849,2.3522522796473052e-08
-0.0003741819849,2.3522522796473052e-08
-0.0003741819849,2.3522522796473052e-08
-0.0003741819849,2.3522522796473853e-08
126443838609.6765,-14903593.449076872
-0.000374181961476206,2.3522520035573088e-08
-0.0003741819849,2.3522522796473052e-08
-0.0003741819849,2.3522522796473052e-08
-0.0003741819849,2.3522522796473052e-08
-0.0003741819849,2.352252279647317e-08
-0.0003741819849,2.3522522796473052e-08
-0.0003741819849,2.3522522796473052e-08
-0.0003741819849,2.3522522796473052e-08
-0.0003741819849,2.3522522796473052e-08
-0.0003741819849,2.3522522796473052e-08
-0.0003741819849,2.3522522796473052e-08
-0.0003741819849,2.3522522796473052e-08
6.306895494547605e-05,3.709687469143494
-0.0003741819675016153,2.352252074577197e-08
-0.0003741819849,2.3522522796478585e-08
-0.0003741819849,2.3522522796473052e-08
-0.0003741819849,2.3522522796473052e-08
-0.0003741819849,2.3522522796473052e-08
3.28075358123993e+32,2.7834292081345497e+36
-0.0003741819849,2.3522522796473052e-08
-0.0003741819849,2.3522522796473052e-08
-0.0003741819849,2.3522522796473052e-08
-0.0003741819849,2.3522522796473052e-08
-0.0003741819849,2.3522522796473052e-08
6.172226677146095e+17,-72750385445739.11
-71.67993658408378,3.719444640207937
-0.0003741819718758288,1.3017746643395058e-07
-0.0003740855710086885,2.351115874891263e-08
-0.0003741819849,2.3522522796473052e-08
-0.0003741819849,2.3522522796473052e-08
-0.0003741819849,2.3522522796473052e-08
-0.0003741819849,2.3522522796473052e-08
-0.0003741819849,2.3522522796473052e-08
-0.00037418196886833215,1.5953704238702283e-07
-0.0003741819849,2.3522522796473052e-08
-0.0003741819849,2.3522522796473052e-08
-0.0003741819849,2.3522522796473052e-08
-0.0003741819849,2.3522522796473052e-08
5.848603109135902e+35,-6.893592098362815e+31
-0.0003741819845446615,2.3522522754685972e-08
-0.0003741819849,2.352252279648068e-08
-0.0003741819849,2.3522522796473052e-08
-0.0003741819849,2.3522522796473052e-08
-0.0003741819849,2.3522522796473052e-08
-0.0003741819849,2.3522522796474786e-08
-0.0003741819849,2.3522522796473052e-08
-0.0003741819849,2.3522522796473052e-08
-0.0003741819849,2.3522522796473052e-08
-0.0003741819849,2.3522522796473052e-08
-0.0003741819849,2.3522522796473052e-08
-0.0003741819849,2.3522522796473052e-08
6.352937418481735e-05,3.7135937191163597
-0.0003741819844344601,2.3522522741601113e-08
-0.0003741819849,2.352252279647922e-08
-0.0003741819849,2.3522522796473052e-08
-0.0003741819849,2.3522522796473052e-08
-0.0003741819849,2.3522522796473052e-08
-0.00037418198489912185,2.3529973150990695e-08
-0.0003741819849,2.3522522796473052e-08
-0.0003741819849,2.3522522796473052e-08
-0.0003741819849,2.3522522796473052e-08
-0.0003741819849,2.3522522796473052e-08
-0.0003741819849,2.3522522796473052e-08
-0.00037206427106687253,2.3272913529538232e-08
-71.67993612366453,3.723350890180803
-0.0003741819721080807,2.352252128877053e-08
-0.0003741819849,2.3522522796609468e-08
-0.0003741819849,2.3522522796473052e-08
-0.0003741819849,2.3522522796473052e-08
-0.0003741819849,2.3522522796473052e-08
-0.00037418198130276264,5.4041899832103336e-08
-0.0003741819849,2.3522522796473052e-08
-0.0003741819849,2.3522522796473052e-08
-0.0003741819849,2.3522522796473052e-08
-0.0003741819849,2.3522522796473052e-08
-0.0003741819849,2.3522522796473052e-08
-0.0003741819849,2.3522522796473066e-08
6.383323851800814e-05,3.716171739194277
-0.00037418197546184754,2.352252168402326e-08
-0.0003741819848999999,2.3522523636252744e-08
-0.0003741819849,2.3522522796473052e-08
-0.0003741819849,2.3522522796473052e-08
-0.0003741819849,2.3522522796473052e-08
-0.00037418198484888974,2.3522522790448822e-08
-0.0003741819849,2.3522522796473052e-08
-0.0003741819849,2.3522522796473052e-08
-0.00037418198489999995,2.3522522796473043e-08
-0.0003741819849,2.3522522796473052e-08
-0.0003741819849,2.3522522796473052e-08
9.962407037004342e+21,-1.174242278873217e+18
6.40292123301636e-05,3.717480418760957
-0.0003741819784472004,2.3522522035922536e-08
-0.0003741819849,2.3522522796473052e-08
-0.0003741819849,2.3522522796473052e-08
-0.0003741819849,2.3522522796473052e-08
-0.0003741819849,2.3522522796473052e-08
-0.0003741819849,2.3522522796473052e-08
-0.0003741819849,2.3522522796473052e-08
-0.0003741819849,2.3522522796473052e-08
-0.0003741819849,2.3522522796473052e-08
-0.0003741819849,2.3522522796473052e-08
9.961254115507744e+21,-1.1741063870992212e+18
2.0004309553586522e+18,1.697188713544703e+22
-3.218643961724989e+26,3.793729574046738e+22
-0.00037418198144622606,2.3522522389385957e-08
-0.00037418198489999995,2.352252333441155e-08
-0.0003741819849,2.3522522796473052e-08
-0.0003741819849,2.3522522796473052e-08
-0.0003741819849,2.3522522796473052e-08
-0.00037323674575074175,0.008019541573992218
-0.0003741819849,2.3522522796473052e-08
-0.0003741819849,2.3522522796473052e-08
-0.0003741819849,2.3522522796473052e-08
-0.0003741819849,2.3522522796473052e-08
-0.0003741819849,2.3522522796473052e-08
2.11349171696192e+18,1.793110768751768e+22
6.42936577573495e-05,3.7200779891671427
-0.0003741819849,2.35225227964856e-08
-0.0003741819848997258,2.352252279649178e-08
-0.0003741819849,2.3522522796473052e-08
-0.0003741819849,2.3522522796473052e-08
-0.0003741819849,2.3522522796473052e-08
-0.0003741819795469403,6.893849923811037e-08
-0.0003741819849,2.3522522839415294e-08
-0.0003741819849,2.3522522796473052e-08
-0.0003741819849,2.3522522796473052e-08
-0.0003741819849,2.3522522796473052e-08
-0.0003741819849,2.3522522796473052e-08
-0.0003741819849,2.3522522796473052e-08
89128.96038282436,-6.784025111505398
-0.0003741819824125631,2.3522522503296477e-08
-0.0003741819848999887,2.3522522796519163e-08
-0.0003741819849,2.3522522796473052e-08
-0.0003741819849,2.3522522796473052e-08
-0.0003741819849,2.3522522796473052e-08
-0.0003741819806447863,5.96242468224025e-08
-0.0003741819849,2.352252284201738e-08
-0.0003741819849,2.3522522796473052e-08
-0.0003741819849,2.3522522796473052e-08
-0.0003741819849,2.3522522796473052e-08
-0.0003741819849,2.3522522796473052e-08
1.2731714903422095e+18,1.0801733886527865e+22
6.459755019230052e-05,3.722656247663638
-0.00037418198200044744,2.3522522454716345e-08
-0.0003741819849,2.3522522796492647e-08
-0.0003741819849,2.3522522796473052e-08
-0.0003741819849,2.3522522796473052e-08
-0.0003741819849,2.3522522796473052e-08
4241480.615726194,35985211142.03401
-0.0003741819849,2.3522522796473052e-08
-0.0003741819849,2.3522522796473052e-08
-0.0003741819849,2.3522522796473052e-08
-0.0003741819849,2.3522522796473052e-08
-0.0003741819849,2.3522522796473052e-08
9.962119932530091e+21,-1.1742084386365286e+18
6.475177265233002e-05,3.723964688816658
-0.0003741819849,2.3522522796479696e-08
-0.0003741819849,2.352252283356363e-08
-0.0003741819849,2.3522522796473052e-08
-0.0003741819849,2.3522522796473052e-08
-0.0003741819849,2.3522522796473052e-08
-0.0003741819848620069,2.3522522792002055e-08
-0.0003741819848999999,2.3522522839415294e-08
-0.0003741819849,2.3522522796473052e-08
-0.0003741819849,2.3522522796473052e-08
-0.0003741819849,2.3522522796473052e-08
-0.0003741819849,2.3522522796473052e-08
18713241768764.54,1.587653032398028e+17
1.9023205449785315e+17,-22422143600290.504
-0.0003741819833365384,2.3522522612196833e-08
-0.0003741819849,2.352252279649667e-08
-0.0003741819849,2.3522522796473052e-08
-0.0003741819849,2.3522522796473052e-08
-0.0003741819849,2.3522522796473052e-08
-0.0003741819848999817,2.352267827058917e-08
-0.00037418198489999995,2.3522522839632137e-08
-0.0003741819849,2.3522522796473052e-08
-0.0003741819849,2.3522522796473062e-08
-0.0003741819849,2.3522522796473052e-08
-0.0003741819849,2.3522522796473052e-08
1.1916036473624842e+18,1.0109702891293859e+22
6.505796943164188e-05,3.7265624976365035
-0.0003741819849,2.3522522796473052e-08
-0.0003741819849,2.3522522796473052e-08
-0.0003741819849,2.3522522796473052e-08
-0.0003741819849,2.3522522796473052e-08
-0.00030556671788636245,0.5821398691415546
-0.0003741819849,2.3522522797245652e-08
-0.0003741819849,2.3522522826188037e-08
-0.0003741819849,2.3522522796473052e-08
-0.0003741819849,2.3522522796473052e-08
-0.0003741819849,2.3522522796473052e-08
-0.0003741819849,2.3522522796473052e-08
0.00014156262546666525,-3.726691537284275e-08
6.521219189167137e-05,3.7278709387895237
-0.0003741819849,2.3522522796475342e-08
-0.0003741819849,2.352252279648926e-08
-0.0003741819849,2.3522522796473052e-08
-0.0003741819849,2.3522522796473052e-08
-0.0003741819849,2.3522522796473052e-08
-0.0003741819849,2.352252279647488e-08
-0.0003741819849,2.3522522822714663e-08
-0.0003741819849,2.3522522796473052e-08
-0.0003741819849,2.352252279647308e-08
-0.0003741819849,2.3522522796473052e-08
-0.0003741819849,2.3522522796473052e-08
-0.0003741819849,2.352252279648057e-08
1.9023205449785315e+17,-22422143600290.5
-0.0003741819849,2.3522522796473052e-08
-0.0003741819849,2.3522522796473052e-08
-0.0003741819849,2.3522522796473052e-08
-0.0003741819849,2.3522522796473052e-08
-0.00037418198489999995,2.352252328574792e-08
-0.0003741819848999426,2.3523009726898375e-08
-0.0003741819849,2.3522522796475395e-08
-0.0003741819849,2.3522522796473052e-08
-0.0003741819849,2.3522522796473095e-08
-0.0003741819849,2.3522522796473052e-08
-0.0003741819849,2.3522522796473052e-08
-0.0003741819849,2.3522522796473052e-08
6.551608432664566e-05,3.7304491972860188
-0.0003741819849,2.3522522796474482e-08
-0.0003741819849,2.352252279647306e-08
-0.0003741819849,2.3522522796473052e-08
-0.0003741819849,2.3522522796473052e-08
-0.00037418198489999995,2.352252279647305e-08
1.249711857670104e+24,1.0602699654987177e+28
-0.0003741819849,2.3522522796475607e-08
-0.0003741819849,2.3522522796473052e-08
-0.0003741819849,2.3522522796473052e-08
-0.0003741819849,2.3522522796473052e-08
-0.0003741819849,2.3522522796473052e-08
-0.0003741819848995309,2.3522522796417764e-08
1.5621479445912826e-05,3.7317576443381606
-0.0003741819849,2.3522522796474383e-08
-0.0003741819849,2.3522522796473052e-08
-0.0003741819849,2.3522522796473052e-08
-0.0003741819849,2.3522522796473052e-08
-0.0003741819849,2.3522522796473052e-08
2.9002758265462746e+17,2.4606274891893797e+21
-0.0003741819849,2.352252281967889e-08
-0.0003741819849,2.3522522796473052e-08
-0.0003741819849,2.352252279647305e-08
-0.0003741819849,2.3522522796473052e-08
-0.0003741819849,2.3522522796473052e-08
-0.0003741819849,2.3522522796473052e-08
4.056481801883142e+29,-4.7812666332124675e+25
-0.0003741819840187926,2.3522522692607497e-08
-0.0003741819849,2.3522522796482532e-08
-0.0003741819849,2.3522522796473052e-08
-0.0003741819849,2.3522522796473052e-08
-0.00037418198489996314,2.3522522796468708e-08
-0.0003741668020269974,0.00012883676963929773
-0.0003741819849,2.352252281957047e-08
-0.0003741819849,2.3522522796473052e-08
-0.0003741819849,2.3522522796473052e-08
-0.0003741819849,2.3522522796473052e-08
-0.0003741819849,2.3522522796473052e-08
-0.000374178162806762,3.2450602738812816e-05
6.59741992489343e-05,3.734335896935534
-0.0003741819849,2.3522522796473052e-08
-0.0003741819849,2.3522522796473052e-08
-0.0003741819849,2.3522522796473052e-08
-0.0003741819849,2.3522522796473052e-08
-0.0003741819690897315,1.5765866583467002e-07
-0.0003741814279477972,2.352245764630023e-08
-0.0003741819849,2.3522522796473052e-08
-0.0003741819849,2.3522522796473052e-08
-0.0003741819849,2.3522522796473052e-08
-0.0003741819849,2.3522522796473052e-08
-0.00037417991329468265,2.3522278621893585e-08
-0.0003741819849,2.3522522796473052e-08
-2.3021535599648873e+20,2.713486843619398e+16
-0.0003741819849,2.3522522796473052e-08
-0.0003741819849,2.3522522796485917e-08
-0.0003741819849,2.3522522796473052e-08
-0.0003741819849,2.3522522796473052e-08
-0.0003741819849,2.3522522796473052e-08
-0.00037418198489994,2.3523031903928397e-08
-0.0003741819849,2.3522522796473052e-08
-0.0003741819849,2.3522522796473052e-08
-0.0003741819849,2.3522522796473052e-08
-0.0003741819849,2.3522522796473052e-08
-0.0003741819849,2.3522522796473052e-08
-0.0003741819849,2.3522522796473052e-08
6.62803678991778e-05,3.7369334673368018
-0.0003741819849,2.3522522796473052e-08
-0.0003741819849,2.3522522796473052e-08
-0.0003741819849,2.3522522796473052e-08
-0.0003741819849,2.3522522796473052e-08
-0.00037418198465298465,2.5618229723234084e-08
-0.0003741819849,2.3522522796473052e-08
-0.0003741819849,2.352252281479998e-08
-0.0003741819849,2.3522522796473052e-08
-0.00037418198489999995,2.3522522796473046e-08
-0.0003741819849,2.3522522796473052e-08
-0.0003741819849,2.3522522796473052e-08
1.2006825183921536e+18,1.0186729081085633e+22
6.643461848827566e-05,3.7382421469083997
-0.0003741819843349836,2.35225227298766e-08
-0.0003741819849,2.3522522796473052e-08
-0.0003741819849,2.3522522796473052e-08
-0.0003741819849,2.3522522796473052e-08
-0.0003741819849,2.3522522796473052e-08
-0.0003741819848999857,2.3522643935790403e-08
-0.0003741819849,2.3522522814041045e-08
-0.0003741819849,2.3522522796473052e-08
-0.0003741819849,2.3522522796473066e-08
-0.0003741819849,2.3522522796473052e-08
-0.0003741819849,2.3522522796473052e-08
-0.0003741819849,2.3522522796473506e-08
-2.3021535599648873e+20,2.713486843619398e+16
-0.0003741819849,2.3522522796473453e-08
-0.0003741819849,2.3522522796473052e-08
-0.0003741819849,2.3522522796473052e-08
-0.0003741819849,2.3522522796473052e-08
-0.0003741819849,2.3522522796473052e-08
-0.0003741819849,2.3522522796480414e-08
-0.0003741819849,2.3522522812956846e-08
-0.0003741819849,2.3522522796473052e-08
-0.0003741819849,2.3522522796473052e-08
-0.0003741819849,2.3522522796473052e-08
-0.0003741819849,2.3522522796473052e-08
1.1851935102928333e+18,1.0055318548471412e+22
6.674078713851916e-05,3.7408397173096675
-0.0003741819849,2.3522522796473403e-08
-0.0003741819849,2.352252279647305e-08
-0.0003741819849,2.3522522796473052e-08
-0.0003741819849,2.3522522796473052e-08
-0.0003741819849,2.3522522796473052e-08
-0.0003741819849,2.3522522796474852e-08
-0.0003741819849,2.35225228116558e-08
-0.0003741819849,2.3522522796473052e-08
-0.0003741819849,2.3522522796473052e-08
-0.0003741819849,2.3522522796473052e-08
-0.0003741819849,2.3522522796473052e-08
-0.0003741819849,2.3522522796473052e-08
126443838609.6765,-14903593.415385466
-0.0003741819849,2.352252279647334e-08
-0.0003741819849,2.352252279649529e-08
-0.0003741819849,2.3522522796473052e-08
-0.0003741819849,2.3522522796473052e-08
-0.0003741819849,2.3522522796473052e-08
-0.0003741819849,2.3522522796473052e-08
-0.0003741819849,2.3522522802843723e-08
-0.0003741819849,2.3522522796473052e-08
-0.0003741819849,2.3522522796473052e-08
-0.0003741819849,2.3522522796473052e-08
-0.0003741819849,2.3522522796473052e-08
9.96418353051301e+21,1.0113176294923314e+22
-4.932681919446933e+32,5.814020282983502e+28
-0.00037418198469390895,2.3522522772181875e-08
-0.0003741819849,2.352252279648693e-08
-0.0003741819849,2.3522522796473052e-08
-0.0003741819849,2.3522522796473052e-08
-0.0003741819849,2.3522522796473052e-08
-0.0003741819848990617,2.3530483553471314e-08
-0.0003741819849,2.3522522806612315e-08
-0.0003741819849,2.3522522796473052e-08
-0.0003741819849,2.352252279647305e-08
-0.0003741819849,2.3522522796473052e-08
-0.0003741819849,2.3522522796473052e-08
-0.0003741819849,2.352252279647306e-08
6.719656392874333e-05,3.7447068666358363
-0.0003741819849,2.3522522796473052e-08
-0.0003741819849,2.3522522796473052e-08
-0.0003741819849,2.3522522796473052e-08
-0.0003741819849,2.3522522796473052e-08
-0.0003741819849,2.3522522796473052e-08
-0.000374181981102125,5.574413284148478e-08
-0.0003741819849,2.3522522796473052e-08
-0.0003741819849,2.3522522796473052e-08
-0.0003741819849,2.3522522796473052e-08
-0.0003741819849,2.3522522796473052e-08
-0.0003741819849,2.3522522796473052e-08
-0.0003741819849,2.3522522796473052e-08
126443838609.6765,-14903593.411479216
-0.0003741819849,2.3522522796473052e-08
-0.0003741819849,2.3522522796473052e-08
-0.0003741819849,2.3522522796473052e-08
-0.0003741819849,2.3522522796473052e-08
1147099.0211375388,9732120508.397253
-0.0003741819849,2.352252279647317e-08
-0.0003741819849,2.352252280181373e-08
-0.0003741819849,2.3522522796475673e-08
-0.0003741819849,2.3522522796473052e-08
-0.0003741819849,2.3522522796473052e-08
-0.0003741819849,2.3522522796473052e-08
1.1919103328016486e+18,1.0112304845960499e+22
-4.932681919446933e+32,5.814020282983502e+28
-0.0003741819848373666,2.352252278909062e-08
-0.0003741819849,2.3522522796473052e-08
-0.0003741819849,2.3522522796473052e-08
-0.0003741819849,2.3522522796473052e-08
-0.0003741819849,2.3522522796473052e-08
-0.00037418198489128,2.3522522795474053e-08
-0.0003741819849,2.352252280159689e-08
-0.0003741819849,2.3522522796473052e-08
-0.0003741819849,2.3522522796473052e-08
-0.0003741819849,2.3522522796473052e-08
-0.0003741819849,2.3522522796473052e-08
-0.0003741819849,2.3522522796473052e-08
-71.67993215254859,3.7570422961967704
-0.0003741819849,2.3522522796473052e-08
-0.0003741819849,2.3522522796473052e-08
-0.0003741819849,2.3522522796473052e-08
-0.0003741819849,2.3522522796473052e-08
-0.0003741819849,2.3522522796473052e-08
-0.0003741819849,2.3522522804009753e-08
-0.0003741819849,2.3522522801000576e-08
-0.0003741819849,2.3522522796474502e-08
-0.0003741819849,2.3522522796473052e-08
-0.0003741819849,2.3522522796473052e-08
-0.0003741819849,2.3522522796473052e-08
-0.0003741819849,2.3522522796473082e-08
2.7200830031806642e+23,-3.2060891032812106e+19
-0.0003741819849,2.3522522796473052e-08
-0.0003741819849,2.352252279647306e-08
-0.0003741819849,2.3522522796473052e-08
-0.0003741819849,2.3522522796473052e-08
-0.0003741819849,2.3522522796473052e-08
-0.0003741819849,2.3522522796473506e-08
-0.0003741819849,2.352252280062111e-08
-0.0003741819849,2.352252279647501e-08
-0.0003741819849,2.3522522796473052e-08
-0.0003741819849,2.3522522796473052e-08
-0.0003741819849,2.3522522796473052e-08
-0.0003741819849,2.3522522796473052e-08
6.789068306470373e-05,3.7505955670801567
-0.0003741819849,2.3522522796473155e-08
-0.0003741819849,2.3522522796473056e-08
-0.0003741819849,2.3522522796473052e-08
-0.0003741819849,2.3522522796473052e-08
-0.0003741819849,2.3522522796473052e-08
-0.0003741819849,2.3522522796473052e-08
-0.0003741819849,2.3522522796473152e-08
-0.0003741819849,2.3522522796473052e-08
-0.0003741819849,2.3522522796473052e-08
-0.0003741819849,2.3522522796473052e-08
-0.0003741819849,2.3522522796473052e-08
-0.0003741819849,2.3522522796473052e-08
-2.3021535599648873e+20,2.713486843619398e+16
-0.0003741819849,2.3522522796473142e-08
-0.0003741819849,2.352252279647307e-08
-0.0003741819849,2.3522522796473052e-08
-0.0003741819849,2.3522522796473052e-08
-0.0003741819849,2.3522522796473052e-08
-0.0003741819849,2.3522522796474866e-08
-0.0003741819849,2.35225227997397e-08
-0.0003741819849,2.352252279647476e-08
-0.0003741819849,2.3522522796473052e-08
-0.0003741819849,2.3522522796473052e-08
-0.0003741819849,2.3522522796473052e-08
145764542.98709384,-17180.87692065944
0.05881804322434448,3.7518875467847375
-0.00037418198480450407,2.3522522785217285e-08
-0.0003741819849,2.3522522796473076e-08
-0.0003741819849,2.3522522796473052e-08
-0.0003741819849,2.3522522796473052e-08
-0.0003741819849,2.3522522796473052e-08
-0.0003741819849,2.352252279648031e-08
-0.0003741819849,2.3522522799495756e-08
-0.0003741819849,2.3522522796473052e-08
-0.0003741819849,2.3522522796473052e-08
-0.0003741819849,2.3522522796473052e-08
-0.0003741819849,2.3522522796473052e-08
-0.0003741819849,2.3522522796473052e-08
6.811974051220565e-05,3.7525389169049146
-0.0003741819847365417,2.352252277720666e-08
-0.0003741819849,2.3522522796473132e-08
-0.0003741819849,2.3522522796473052e-08
-0.0003741819849,2.3522522796473052e-08
-0.0003741819849,2.3522522796473052e-08
-0.0003741819849,2.3522522796474852e-08
-0.0003741819849,2.3522522799455098e-08
-0.0003741819849,2.3522522796473052e-08
-0.0003741819849,2.3522522796473052e-08
-0.0003741819849,2.3522522796473052e-08
-0.0003741819849,2.3522522796473052e-08
-0.0003741780207898755,3.3655490397415596e-05
-3.218643961724989e+26,3.793729574046738e+22
-0.0003741819849,2.3522522796473052e-08
-0.0003741819849,2.352252279647595e-08
-0.0003741819849,2.3522522796473052e-08
-0.0003741819849,2.3522522796473052e-08
-0.0003741819849,2.3522522796473052e-08
-0.0003741819848999998,2.3522524712423873e-08
-0.0003741819849,2.3522522798790535e-08
-0.0003741819849,2.3522522796473052e-08
-0.0003741819849,2.3522522796473052e-08
-0.0003741819849,2.3522522796473052e-08
-0.0003741819849,2.3522522796473052e-08
1.226662928812555e+18,1.0407149882016814e+22
89128.9603866516,-6.751554408605951
-0.0003741819849,2.352252279647311e-08
-0.0003741819849,2.3522522796473165e-08
-0.0003741819849,2.3522522796473052e-08
-0.0003741819849,2.3522522796473052e-08
-0.0003741819849,2.3522522796473052e-08
-0.0003741819849,2.3522522796501858e-08
-0.0003741819849,2.35225227986826e-08
-0.0003741819849,2.3522522796473052e-08
-0.0003741819849,2.3522522796473052e-08
-0.0003741819849,2.3522522796473052e-08
-0.0003741819849,2.3522522796473052e-08
1.1438525170642472e+22,1.0480164109887797e+22
6.834995013187633e-05,3.7544920418913477
-0.00037418198484470255,2.3522522789955336e-08
-0.0003741819849,2.3522522796474177e-08
-0.0003741819849,2.3522522796473052e-08
-0.0003741819849,2.3522522796473052e-08
-0.0003741819849,2.3522522796473052e-08
-0.0003741819849,2.3522522796473168e-08
-0.0003741819849,2.35225227986555e-08
-0.0003741819849,2.3522522796473052e-08
-0.0003741819849,2.3522522796473052e-08
-0.0003741819849,2.3522522796473052e-08
-0.0003741819849,2.3522522796473052e-08
-0.0003741819849,2.3522522796473052e-08
-3.218643961724989e+26,3.793729574046738e+22
-0.00037418198485735904,2.352252279144708e-08
-0.0003741819849,2.3522522796473195e-08
-0.0003741819849,2.3522522796473052e-08
-0.0003741819849,2.3522522796473052e-08
-0.0003741819849,2.3522522796473052e-08
-0.0003741819849,2.3522522796473056e-08
-0.0003741819849,2.3522522798818126e-08
-0.0003741819849,2.3522522796473052e-08
-0.0003741819849,2.3522522796473052e-08
-0.0003741819849,2.3522522796473052e-08
-0.0003741819849,2.3522522796473052e-08
-0.00033579466580253256,1.8997912138685903e-08
126443838609.6765,-14903593.401713591
-0.000374181984851808,2.3522522790792783e-08
-0.0003741819849,2.3522522796473208e-08
-0.0003741819849,2.3522522796473052e-08
-0.0003741819849,2.352252279647306e-08
-0.0003741819849,2.3522522796473052e-08
-0.0003741819849,2.3522522796473052e-08
-0.0003741819849,2.3522522798804573e-08
-0.0003741819849,2.3522522796473052e-08
-0.0003741819849,2.3522522796473052e-08
-0.0003741819849,2.3522522796473052e-08
-0.0003741819849,2.3522522796473052e-08
-0.0003741819849,2.352252279647306e-08
6.857782164676734e-05,3.756425616554434
-0.0003741819849,2.3522522796473052e-08
-0.0003741819849,2.352252279647311e-08
-0.0003741819849,2.3522522796473052e-08
-0.0003741819849,2.3522522803742832e-08
-0.0003741819849,2.3522522796473052e-08
-0.0003741819849,2.3522522796473052e-08
-0.0003741819849,2.3522522798614838e-08
-0.0003741819849,2.3522522796473052e-08
-0.0003741819849,2.3522522796473052e-08
-0.0003741819849,2.3522522796473052e-08
-0.0003741819849,2.3522522796473052e-08
-0.0003741819849,2.3522522796473052e-08
6.865499473899611e-05,3.7570800755495175
-0.0003741819848347022,2.352252281599433e-08
-0.0003741819848999819,2.3522522796470918e-08
-0.0003741819849,2.3522522796473052e-08
-0.0003741819849,2.3522522798873213e-08
-0.0003741819849,2.3522522796473052e-08
-0.0003741819849,2.3522522796473052e-08
-0.0003741819849,2.352252279856063e-08
-0.00037418198489997897,2.3522522815665658e-08
-0.0003741819849,2.3522522796473052e-08
-0.0003741819849,2.3522522796473052e-08
-0.0003741819849,2.3522522796473052e-08
-0.0003741819849,2.3522522796473052e-08
126443838609.6765,-14903593.399760466
-0.0003741819848999714,2.3522522822820072e-08
-0.0003741819848999757,2.35225227964702e-08
-0.0003741819849,2.3522522796473052e-08
-0.0003741819849,2.3522522796473052e-08
-0.0003741819849,2.3522522796473052e-08
1.1830757750101906e+18,1.0037351437882823e+22
-0.0003741819849,2.352252279834379e-08
-0.0003741819849,2.3522522796473052e-08
-0.0003741819849,2.3522522796473052e-08
-0.0003741819849,2.3522522796473052e-08
-0.0003741819849,2.3522522796473052e-08
50738577055.55155,-5980420.407156007
6.880803126643802e-05,3.758378741540867
-0.0003741819849,2.3522522796473052e-08
-0.0003741819849,2.3522522796473052e-08
-0.0003741819849,2.3522522796473052e-08
-0.0003741819849,2.3522522796473052e-08
-0.0003741819849,2.3522522796473052e-08
-0.0003741819849,2.352252279647306e-08
-0.0003741819849,2.352252279647309e-08
-0.0003741819849,2.3522522796473052e-08
-0.0003741819849,2.3522522796473052e-08
-0.0003741819849,2.3522522796473052e-08
-0.0003741819849,2.3522522796473052e-08
-0.0003741819849,2.3522522796473052e-08
6.888405218649803e-05,3.7590234253742754
-0.0003741819849,2.3522522796473052e-08
-0.0003741819849,2.3522522796473052e-08
-0.0003741819849,2.3522522796473052e-08
-0.0003741819849,2.352252279647358e-08
-0.0003741819849,2.3522522796473052e-08
-0.0003741819849,2.3522522796473052e-08
-0.0003741819849,2.3522522796473052e-08
-0.0003741819849,2.3522522796473052e-08
-0.0003741819848859528,2.3522522794817345e-08
-0.0003741819849,2.3522522796473052e-08
-0.0003741819849,2.3522522796473052e-08
-0.0003741819849,2.3522522796473052e-08
1.9023205449785315e+17,-22422143600290.473
-0.0003741819849,2.3522522796473052e-08
-0.0003741819849,2.3522522796473052e-08
-0.0003741819849,2.3522522796473052e-08
-0.0003741819849,2.3522522796730723e-08
-0.0003741819849,2.3522522796473052e-08
-0.0003741819849,2.3522522796473052e-08
-0.0003741819849,2.3522522797496513e-08
-0.0003741819849,2.3522522796473052e-08
-0.0003741819848908933,2.3522522795399666e-08
-0.0003741819849,2.3522522796473052e-08
-0.0003741819849,2.3522522796473052e-08
-0.0003741819849,2.3522522796473052e-08
1.8988295133596383e-05,3.760322097264742
-0.00037418198486757314,2.3522522792650982e-08
-0.0003741819849,2.3522522796473052e-08
-0.0003741819849,2.3522522796473052e-08
-0.0003741819849,2.3522522796537046e-08
-0.0003741819849,2.3522522796473052e-08
-0.0003741819849,2.3522522796473052e-08
-0.0003741819849,2.352252279733715e-08
-0.0003741819849,2.3522522796473052e-08
-0.0003741819849,2.3522522796473052e-08
-0.0003741819849,2.3522522796473052e-08
-0.0003741819849,2.3522522796473052e-08
8.377238132584082e+17,-98740265870797.69
6.91142618061687e-05,3.760976550360708
-0.0003741819849,2.3522522796473082e-08
-0.0003741819849,2.3522522796473052e-08
-0.0003741819849,2.3522522796473052e-08
-0.0003741819849,2.3522522796473052e-08
-0.0003741819849,2.3522522796473052e-08
-0.0003741819849,2.3522522796473052e-08
-0.0003741819849,2.3522522797435527e-08
-0.0003741819849,2.3522522796473052e-08
-0.0003741819849,2.3522522796473052e-08
-0.0003741819849,2.3522522796473052e-08
-0.0003741819849,2.3522522796473052e-08
-0.000373159332207248,0.008676327012855133
2.7200830031806642e+23,-3.2060891032812106e+19
-0.0003741819848745717,2.352252279347592e-08
-0.0003741819849,2.3522522796473052e-08
-0.0003741819849,2.3522522796473052e-08
-0.0003741819849,2.3522522796473052e-08
-0.0003741819849,2.3522522796473052e-08
-0.0003741819849,2.3522522796473052e-08
-0.0003741819849,2.3522522797306655e-08
-0.0003741819849,2.352252279647308e-08
-0.0003741819849,2.3522522796473052e-08
-0.0003741819849,2.3522522796473052e-08
-0.0003741819849,2.3522522796473052e-08
-0.0003718125229351705,2.3243240650406328e-08
-71.67993054108126,3.770714171101801
-0.00037418198487224025,2.3522522793201113e-08
-0.0003741819849,2.3522522796473052e-08
-0.0003741819849,2.3522522796473052e-08
-0.0003741819849,2.3522522796473052e-08
-0.0003741819849,2.3522522796473052e-08
-0.0003741819849,2.352252291617596e-08
-0.0003741819849,2.352252279724228e-08
-0.0003741819849,2.3522522796473052e-08
-0.0003741819849,2.3522522796473092e-08
-0.0003741819849,2.3522522796473052e-08
-0.0003741819849,2.3522522796473052e-08
1091635.5234280128,9261561791.66592
6.934331925367062e-05,3.762919900185466
-0.0003741819849,2.3522522796473052e-08
-0.0003741819849,2.3522522796473052e-08
-0.0003741819849,2.3522522796473052e-08
-0.0003741819849,2.3522522796473052e-08
-0.0003741819849,2.3522522796473052e-08
43265348.16093744,134564.6488200481
-0.0003741819849,2.352252279713386e-08
-0.0003741819849,2.3522522796473052e-08
-0.0003741819849,2.3522522796473052e-08
-0.0003741819849,2.3522522796473052e-08
-0.0003741819849,2.3522522796473052e-08
-0.0003741819849,2.3522522796473052e-08
4.056481801883142e+29,-4.7812666332124675e+25
-0.0003741819849,2.3522522796473082e-08
-0.0003741819849,2.3522522796473076e-08
-0.0003741819849,2.3522522796473052e-08
-0.0003741819849,2.3522522796473052e-08
-0.0003741819849,2.3522522796473052e-08
-0.00037418175653846557,1.9609681408218612e-06
-0.0003741819849,2.352252279691702e-08
-0.0003741819849,2.3522522796473052e-08
-0.0003741819849,2.3522522796473052e-08
-0.0003741819849,2.3522522796473052e-08
-0.0003741819849,2.3522522796473052e-08
8.87512738905316,-0.001046108115364226
-71.67993031087164,3.7726672960882337
-0.00037418198488156613,2.3522522794300304e-08
-0.0003741819849,2.3522522796473052e-08
-0.0003741819849,2.3522522796473052e-08
-0.0003741819849,2.3522522796473052e-08
-0.0003741819849,2.3522522796473052e-08
-0.0003741819849,2.3522522796473205e-08
-0.0003741819849,2.3522522796961066e-08
-0.0003741819849,2.3522522796473052e-08
-0.0003741819849,2.3522522796473052e-08
-0.0003741819849,2.3522522796473052e-08
-0.0003741819849,2.3522522796473052e-08
-0.00037418198489999995,2.352252279647305e-08
6.957237670117248e-05,3.7648632500102233
-0.00037418198489997225,2.3522522796469813e-08
-0.0003741819849,2.3522522796473052e-08
-0.0003741819849,2.3522522796473052e-08
-0.0003741819849,2.3522522796473052e-08
-0.0003741819849,2.3522522796473052e-08
-0.0003741819849,2.3522522796473082e-08
-0.0003741819849,2.3522522796894938e-08
-0.0003741819849,2.3522522796473052e-08
-0.0003741819849,2.3522522796473052e-08
-0.0003741819849,2.3522522796473052e-08
-0.0003741819849,2.3522522796473052e-08
-0.0003741819849,2.3522522796473052e-08
5.848603109135902e+35,-6.893592098362815e+31
-0.0003741819849,2.3522522796473052e-08
-0.0003741819849,2.3522522796473052e-08
-0.0003741819849,2.3522522796473052e-08
-0.0003741819849,2.3522522796473052e-08
-0.0003741819849,2.3522522796473052e-08
-0.0003741819849,2.3522522796473052e-08
-0.0003741819849,2.3522522796891546e-08
-0.0003741819849,2.3522522796473052e-08
-0.0003741819849,2.3522522796473052e-08
-0.0003741819849,2.3522522796473052e-08
-0.0003741819849,2.3522522796473052e-08
0.1384925992388978,-1.634433366279593e-05
-151996492407730.7,17915420138.944424
-0.0003741819849,2.352252279647307e-08
-0.0003741819849,2.3522522796473052e-08
-0.0003741819849,2.3522522796473052e-08
-0.0003741819849,2.3522522796473052e-08
-0.0003741819687621258,1.6043811004569052e-07
-0.0003741819849,2.3522522796473052e-08
-0.0003741819849,2.3522522796473052e-08
-0.0003741819729605472,2.3522521389201674e-08
-0.0003741819849,2.3522522796473052e-08
-0.0003741819849,2.3522522796473052e-08
-0.0003741819848999995,2.3522522796472993e-08
-0.0003741819849,2.3522522796473052e-08
6.980143417595921e-05,3.766806599834981
-0.0003741819849,2.3522522796473052e-08
-0.0003741819849,2.3522522796473052e-08
-0.0003741819849,2.3522522796473052e-08
-0.0003741819849,2.3522522796473052e-08
-0.0003741819849,2.3522522796473052e-08
-0.0003741819849,2.3522522796473052e-08
-0.0003741819849,2.352252279647307e-08
-0.0003741819849,2.3522522796473052e-08
-0.0003741819849,2.3522522796473052e-08
-0.0003741819849,2.3522522796473086e-08
-0.0003741819849,2.3522522796473052e-08
9783748601249250.0,-1153184286767.3188
5.848603109135902e+35,-6.893592098362815e+31
-0.00037418198488650873,2.3522522794882894e-08
-0.0003741819849,2.3522522796473052e-08
-0.0003741819849,2.3522522796473052e-08
-0.0003741819849,2.3522522796473052e-08
-0.0003741819849,2.3522522796473052e-08
-0.0003741819848993787,2.3522522796399824e-08
-0.0003741819849,2.3522522796732304e-08
-0.0003741819849,2.3522522796473052e-08
-0.0003741819849,2.3522522796473052e-08
-0.0003741819849,2.3522522796473056e-08
-0.0003741819849,2.3522522796473052e-08
-0.0003741819849,2.3522522796473052e-08
-151996492407730.7,17915420138.946377
-0.0003741819848912272,2.3522522795439047e-08
-0.0003741819849,2.3522522796473052e-08
-0.0003741819849,2.3522522796473052e-08
-0.0003741819849,2.3522522796473052e-08
-0.0003741819849,2.3522522796473052e-08
-0.0003741819849,2.352252279648037e-08
-0.0003741819849,2.352252279647308e-08
-0.0003741819849,2.3522522796473052e-08
-0.000374181984899956,2.3522522796467864e-08
-0.0003741819849,2.3522522796473052e-08
-0.0003741819849,2.3522522796473052e-08
-0.0003741819849,2.3522522796473052e-08
0.05882002878231414,3.7687332497927213
-0.0003741819849,2.3522522796473112e-08
-0.0003741819849,2.3522522796473052e-08
-0.0003741819849,2.3522522796473052e-08
-0.0003741819849,2.3522522796473052e-08
-0.0003741819849,2.3522522796473052e-08
-0.0003741819849,2.3522522796480484e-08
-0.0003741819849,2.3522522796473072e-08
-0.0003741819849,2.3522522796473052e-08
-0.0003741819848999603,2.3522522796468374e-08
-0.0003741819849,2.3522522796473052e-08
-0.0003741819849,2.3522522796473052e-08
-0.0003741819849,2.3522522796473052e-08
7.010645065403396e-05,3.7693943950745736
-0.0003741819849,2.3522522796473076e-08
-0.0003741819849,2.3522522796473112e-08
-0.0003741819849,2.3522522796473052e-08
-0.0003741819849,2.3522522796473052e-08
-0.0003741819849,2.3522522796473052e-08
0.016010784463230204,139.01194668973238
-0.0003741819849,2.3522522796473072e-08
-0.0003741819849,2.3522522796473052e-08
-0.0003741819849,2.3522522796473052e-08
-0.0003741819849,2.3522522796473052e-08
-0.0003741819849,2.3522522796473052e-08
-0.0003741819849,2.3522522796473052e-08
-2.3021535599648873e+20,2.713486843619398e+16
-0.00037418198489762636,2.352252279619328e-08
-0.0003741819849,2.352252279647322e-08
-0.0003741819849,2.3522522796473052e-08
-0.0003741819849,2.3522522796473052e-08
-0.0003741819849,2.3522522796473052e-08
-0.0003741819849,2.352252279647306e-08
-0.0003741819849,2.3522522796727222e-08
-0.0003741819849,2.3522522796473052e-08
-0.0003741819849,2.3522522796473082e-08
-0.0003741819849,2.3522522796473052e-08
-0.0003741819849,2.3522522796473052e-08
-0.0003741819849,2.3522522796473052e-08
0.05882025899193381,3.7706863747791544
-0.0003741819849,2.352252279647308e-08
-0.0003741819849,2.3522522796473052e-08
-0.0003741819849,2.3522522796473052e-08
-0.0003741819849,2.3522522796473052e-08
-0.0003741819849,2.3522522796473052e-08
1.5938861593195706e+22,-1.87867099691068e+18
-0.0003741819849,2.3522522796706893e-08
-0.0003741819848293716,2.3522522788148294e-08
-0.0003741819849,2.3522522796473052e-08
-0.0003741819849,2.3522522796473052e-08
-0.0003741819849,2.3522522796473052e-08
-0.0003741819849,2.3522522796473052e-08
7.033666027370463e-05,3.7713475200610067
-0.0003741819848999927,2.3522584986248246e-08
-0.0003741819848449228,2.352252278998125e-08
-0.0003741819849,2.3522522796473052e-08
-0.0003741819849,2.3522522796473052e-08
-0.0003741819849,2.3522522796473052e-08
-0.0003741819849,2.3522522796480378e-08
-0.0003741819849,2.3522522796473082e-08
-0.0003741819849,2.3522522796473052e-08
-0.0003741819849,2.3522522796473052e-08
-0.0003741819849,2.3522522796473052e-08
-0.0003741819849,2.3522522796473052e-08
8.640750483332592,-0.0010184827361896635
-3.218643961724989e+26,3.793729574046738e+22
-0.0003741819849,2.3522522796473052e-08
-0.0003741819849,2.3522522796473052e-08
-0.0003741819849,2.3522522796473052e-08
-0.0003741819849,2.3522522796473052e-08
-0.0003741819849,2.3522522796473052e-08
4.953298647517092e+21,4.202435748588501e+25
-0.0003741819849,2.3522522796632324e-08
-0.0003741819849,2.3522522796473076e-08
-0.0003741819849,2.3522522796473052e-08
-0.0003741819849,2.3522522796473052e-08
-0.0003741819849,2.3522522796473052e-08
-0.0003741819849,2.3522522796473052e-08
89128.96038886736,-6.732755580611535
-0.0003741819849,2.3522522796473052e-08
-0.0003741819849,2.3522522796473052e-08
-0.0003741819849,2.3522522796473052e-08
-0.0003741819849,2.3522522796473052e-08
280.0379224486464,2375877.2334963414
3.3391287089355476e+26,2.832955340296892e+30
-0.0003741819849,2.352252279661962e-08
-0.0003741819849,2.3522522796473052e-08
-0.0003741819849,2.3522522796473052e-08
-0.0003741819849,2.3522522796473052e-08
-0.0003741819849,2.3522522796473052e-08
-0.0003741819849,2.3522522796473052e-08
7.056571772120655e-05,3.773290869885764
-0.0003741819849,2.3522522796473066e-08
-0.0003741819849,2.3522522796473052e-08
-0.0003741819849,2.3522522796473052e-08
-0.0003741819849,2.3522522796473052e-08
1.2437860885768978e+18,1.0552424745987587e+22
3.379883435147467e+32,2.867532120447783e+36
-0.0003741819849,2.3522522796621313e-08
-0.0003741819849,2.3522522796473052e-08
-0.0003741819849,2.3522522796473052e-08
-0.0003741819849,2.3522522796473052e-08
-0.0003741819849,2.3522522796473052e-08
-0.0003741819848997621,2.3524541425863287e-08
-4.932681919446933e+32,5.814020282983502e+28
-0.00037418198489944825,2.3522522796408043e-08
-0.0003741819849,2.3522522796473052e-08
-0.0003741819849,2.352252279647322e-08
-0.0003741819849,2.3522522796473052e-08
-0.0003741819849,2.3522522796473052e-08
1.2176306792646924e+22,-1.4351887233024049e+18
-0.0003741819849,2.352252279660183e-08
-0.0003741819849,2.352252279647308e-08
-0.0003741819849,2.3522522796473052e-08
-0.0003741819849,2.3522522796473052e-08
-0.0003741819849,2.3522522796473052e-08
-0.00037418195388829313,2.3522519141206087e-08
89128.96038909757,-6.730802455625102
-0.0003741819848968071,2.354594670490549e-08
-0.0003741819849,2.3522522796473052e-08
-0.0003741819849,2.3522522796473052e-08
-0.0003741819849,2.3522522796473052e-08
-0.0003741819849,2.3522522796473052e-08
-0.0003741819849,2.3522522796473052e-08
-0.0003741819849,2.3522522796589126e-08
-0.0003741819849,2.3522522796473052e-08
-0.0003741819849,2.3522522796473052e-08
-0.0003741819849,2.3522522796473052e-08
-0.0003741819849,2.3522522796473052e-08
8.458377437728728,-0.0009969503564353555
7.079358923609756e-05,3.7752244445488508
-0.0003741819848963435,2.354833412672486e-08
-0.0003741819849,2.3522522796473052e-08
-0.0003741819849,2.3522522796473052e-08
-0.0003741819849,2.3522522796473052e-08
-0.0003741819849,2.3522522796473052e-08
-0.0003741819849,2.3522522796473052e-08
-0.0003741819849,2.3522522796604372e-08
-0.0003741819849,2.3522522796473052e-08
-0.0003741819849,2.3522522796473052e-08
-0.0003741819849,2.3522522796473052e-08
-0.0003741819849,2.3522522796473052e-08
-0.0003741819849,2.3522522796473052e-08
7.087076232832634e-05,3.7758789035439344
-0.0003741819849,2.352252279647309e-08
-0.0003741819849,2.3522522796473052e-08
-0.0003741819849,2.3522522796473052e-08
-0.0003741819849,2.3522522796473052e-08
-0.0003741819849,2.3522522796473052e-08
-0.0003741819849,2.3522522796473052e-08
-0.0003741819849,2.352252279658489e-08
-0.0003741819849,2.352252279647309e-08
-0.0003741819849,2.3522522796473052e-08
-0.0003741819849,2.3522522796473052e-08
-0.0003741819849,2.3522522796473052e-08
17.02123117093975,144413.26462187798
126443838609.6765,-14903593.380961638
-0.00037418198489602987,2.3551289987958643e-08
-0.0003741819849,2.3522522796473052e-08
-0.0003741819849,2.3522522796473052e-08
-0.0003741819849,2.3522522796473052e-08
-0.0003741777411950279,3.602760535827174e-05
-0.0003741819849,2.3522522796473062e-08
-0.0003741819849,2.35225227964731e-08
-0.0003741819849,2.3522522796473052e-08
-0.0003741819849,2.3522522796473052e-08
-0.0003741819849,2.3522522796473052e-08
-0.0003741819849,2.3522522796473052e-08
-0.0003741819849,2.3522522796473052e-08
7.102379885576824e-05,3.7771775695352834
-0.00037418198489947254,2.3522522796410878e-08
-0.0003741819849,2.3522522796473317e-08
-0.0003741819849,2.3522522796473052e-08
-0.0003741819849,2.3522522796473052e-08
-0.0003741819847552197,2.3522522779408184e-08
-0.00037418198474806934,2.352252277856539e-08
-0.0003741819849,2.3522522796600137e-08
-0.0003741819849,2.3522522796473052e-08
-0.0003741819849,2.3522522796473052e-08
-0.0003741819849,2.3522522796473052e-08
-0.0003741819849,2.3522522796473052e-08
0.13147358612122675,-1.5517021354824478e-05
7.109981977582825e-05,3.777822253368692
-0.00037418198489963913,2.3522522796430562e-08
-0.0003741819849,2.3522522796473052e-08
-0.0003741819849,2.3522522796473052e-08
-0.0003741819849,2.3522522796473052e-08
-0.0003741819849,2.3522522796473052e-08
-0.0003741819849,2.3522522796473052e-08
-0.0003741819849,2.3522522796473052e-08
-0.0003741819849,2.3522522796473052e-08
-0.0003741819849,2.3522522796473052e-08
-0.0003741819849,2.3522522796473052e-08
-0.0003741653045769867,0.00014154019864369292
0.0001415189697212834,-3.726176978673823e-08
2.7200830031806642e+23,-3.2060891032812106e+19
-0.0003741819849,2.3522522796473052e-08
-0.0003741819849,2.3522522796473052e-08
-0.0003741819849,2.3522522796473052e-08
-0.0003741819849,2.3522522796473052e-08
-0.0003741819849,2.3522522796473052e-08
-0.0003741819849,2.352252279647324e-08
-0.0003741819849,2.3522522796473052e-08
-0.0003741819849,2.3522522796473446e-08
-0.0003741819849,2.3522522796473052e-08
-0.0003741819849,2.3522522796473052e-08
-0.0003741819849,2.3522522796473052e-08
-0.0003741819849,2.3522522796473052e-08
2.1204062722926607e-05,3.779120925259159
-0.0003741819849,2.3522522796473052e-08
-0.0003741819849,2.3522522796473052e-08
-0.0003741819849,2.3522522796473056e-08
-0.0003741819849,2.3522522796473052e-08
-0.0003741819849,2.3522522796473052e-08
0.017075887037402294,148.0483998740323
-0.0003741819849,2.3522522796473125e-08
-0.0003741819849,2.3522522796473052e-08
-0.0003741819849,2.3522522796473052e-08
-0.0003741819849,2.352252279647307e-08
-0.0003741819849,2.3522522796473052e-08
-0.0003741819849,2.3522522796473052e-08
7.132887722333017e-05,3.7797656031934497
-0.0003741819848881615,2.362120297090551e-08
-0.0003741819849,2.3522522796473254e-08
-0.0003741819849,2.3522522796473052e-08
-0.0003741819849,2.3522522796473052e-08
-0.0003741819849,2.3522522796473052e-08
-0.0003741819848995141,2.3522522796415785e-08
-0.0003741819849,2.3522522796615384e-08
-0.0003741819849,2.3522522796473122e-08
-0.0003741819849,2.3522522796473052e-08
-0.0003741819849,2.3522522796473052e-08
-0.0003741819849,2.3522522796473052e-08
-0.0003741819849,2.3522522796473052e-08
2.7200830031806642e+23,-3.2060891032812106e+19
-0.0003741819848885682,2.3619401564694535e-08
-0.0003741819849,2.3522522796473122e-08
-0.0003741819849,2.3522522796473052e-08
-0.0003741819849,2.3522522796473052e-08
-0.0003741819849,2.3522522796473052e-08
34.51039446867197,-0.0040676684996452835
-0.0003741819849,2.3522522796623007e-08
-0.0003741819849,2.3522522796473115e-08
-0.0003741819849,2.3522522796473052e-08
-0.0003741819849,2.3522522796473052e-08
-0.0003741819849,2.3522522796473052e-08
-0.0003741819848120895,2.426836606732094e-08
-71.67992832531367,3.7895129990962175
-0.00037418198488771784,2.3626677515320138e-08
-0.0003741819849,2.3522522796473158e-08
-0.0003741819849,2.3522522796473052e-08
-0.0003741819849,2.352252279647309e-08
-0.0003741819849,2.3522522796473052e-08
-0.0003741819849,2.3522522796473052e-08
-0.0003741819849,2.3522522796623854e-08
-0.0003741819849,2.3522522796473052e-08
-0.0003741819849,2.3522522796473052e-08
-0.0003741819849,2.3522522796473052e-08
-0.0003741819849,2.3522522796473052e-08
-0.0003741819849,2.3522522796473052e-08
7.155793467083203e-05,3.781708953018207
-0.0003741819848999965,2.3522522796472718e-08
-0.0003741819849,2.3522522796473112e-08
-0.0003741819849,2.3522522796473052e-08
-0.0003741819849,2.3522522796473052e-08
-0.00037418184210525273,2.3522505965638014e-08
6484555250674.505,5.376504446557621e+16
-0.0003741819849,2.352252279663063e-08
-0.0003741819849,2.3522522796473052e-08
-0.0003741819849,2.352252279647309e-08
-0.0003741819849,2.3522522796473052e-08
-0.0003741819849,2.3522522796473052e-08
-0.0003741819849,2.3522522796473052e-08
5.848603109135902e+35,-6.893592098362815e+31
-0.0003741819848923831,2.3587114489129186e-08
-0.0003741819849,2.3522522796473052e-08
-0.0003741819849,2.3522522796473052e-08
-0.0003741819849,2.3522522796473052e-08
-0.0003741819849,2.3522522796473052e-08
-0.0003741819849,2.352252279647306e-08
-0.0003741819849,2.352252279659675e-08
-0.0003741819849,2.3522522796473052e-08
-0.0003741819849,2.3522522796473052e-08
-0.0003741819849,2.3522522796473052e-08
-0.0003741819849,2.3522522796473052e-08
-0.0003741819849,2.3522522796473052e-08
-107374183.2540693,12659.690878896443
-0.0003741819848920592,2.3589842987093072e-08
-0.0003741819849,2.3522522796473052e-08
-0.0003741819849,2.3522522796473052e-08
-0.0003741819849,2.3522522796473052e-08
-0.0003741819849,2.3522522796473052e-08
-0.0003741819849,2.3522522796473056e-08
-0.0003741819849,2.3522522796606066e-08
-0.0003741819849,2.3522522796473052e-08
-0.0003741819849,2.3522522796473052e-08
-0.0003741819849,2.3522522796473052e-08
-0.0003741819849,2.3522522796473052e-08
6.215503454514743e+17,-73260477248763.14
7.178814429050271e-05,3.78366207800464
-0.00037418198489999225,2.3522522796472278e-08
-0.0003741819849,2.3522522796473052e-08
-0.0003741819849,2.3522522796473052e-08
-0.0003741819849,2.3522522796473052e-08
-0.0003741819849,2.3522522796473052e-08
-0.0003741819849,2.3522522796473052e-08
-0.0003741819849,2.3522522796473234e-08
-0.0003741819849,2.3522522796473052e-08
-0.0003741819849,2.3522522796473052e-08
-0.0003741819849,2.3522522796473052e-08
-0.0003741819849,2.3522522796473052e-08
1.626490368145089e+18,1.3799332029483106e+22
5.848603109135902e+35,-6.893592098362815e+31
-0.0003741819849,2.3522522796473195e-08
-0.0003741819849,2.3522522796473052e-08
-0.0003741819849,2.3522522796473052e-08
-0.0003741819849,2.3522522796473052e-08
-0.0003741819689816675,1.585754933311074e-07
-0.0003741819849,2.3522522796473052e-08
-0.0003741819849,2.3522522796594178e-08
-0.0003741819849,2.3522522796473052e-08
-0.0003741819849,2.3522522796473052e-08
-0.0003741819849,2.3522522796473052e-08
-0.0003741819849,2.3522522796473052e-08
-0.0003741819849,2.3522522796473052e-08
-2.3021535599648873e+20,2.713486843619398e+16
-0.0003741819849,2.3522522796473218e-08
-0.0003741819849,2.3522522796473052e-08
-0.0003741819849,2.3522522796473052e-08
-0.0003741819849,2.3522522796473052e-08
-0.0003741819849,2.3522522796473052e-08
-0.0003741819849,2.3522522796473052e-08
-0.0003741819849,2.3522522796473208e-08
-0.0003741819849,2.3522522796473215e-08
-0.0003741819849,2.3522522796473052e-08
-0.0003741819849,2.3522522796473052e-08
-0.0003741819849,2.3522522796473052e-08
1.3223647106491456e+18,1.1219094845996128e+22
7.205777281617828e-05,3.7855956526628045
-0.0003741819849,2.3522522796473244e-08
-0.0003741819849,2.3522522796473052e-08
-0.0003741819849,2.3522522796473052e-08
-0.0003741819849,2.3522522796473052e-08
-0.0003741819849,2.3522522796473052e-08
-0.0003741819849,2.3522522796473052e-08
-0.0003741819849,2.3522522796595902e-08
-0.0003741819849,2.3522522796473228e-08
-0.0003741819849,2.3522522796473052e-08
-0.0003741819849,2.3522522796473052e-08
-0.0003741819849,2.3522522796473052e-08
-0.0003741819849,2.3522522796473052e-08
7.209316079586226e-05,3.7862498732442327
-0.0003741819848997814,2.3522522796447493e-08
-0.0003741819849,2.3522522796473052e-08
-0.0003741819849,2.3522522796473052e-08
-0.0003741819849,2.3522522796473052e-08
-0.0003741819849,2.3522522796473052e-08
-0.0003741819849,2.352252279695422e-08
-0.0003741819849,2.352252279661369e-08
-0.0003741819849,2.3522522796473258e-08
-0.0003741819849,2.3522522796473052e-08
-0.0003741819849,2.3522522796473052e-08
-0.0003741819849,2.3522522796473052e-08
-0.0003741819849,2.3522522796473052e-08
-2.3021535599648873e+20,2.713486843619398e+16
-0.0003741819848997727,2.3522522796446507e-08
-0.0003741819849,2.3522522796473052e-08
-0.0003741819849,2.3522522796473052e-08
-0.0003741819849,2.3522522796473052e-08
-0.0003741819849,2.3522522796473052e-08
-0.0003741819849,2.3522522796473052e-08
-0.0003741819849,2.352252279658064e-08
-0.0003741819849,2.3522522796473297e-08
-0.0003741819849,2.3522522796473052e-08
-0.0003741819849,2.3522522796473052e-08
-0.0003741819849,2.3522522796473052e-08
-0.0003741819849,2.3522522796473052e-08
7.228798243584896e-05,3.7875487776492376
-0.0003741819849,2.352252279647336e-08
-0.0003741819849,2.3522522796473052e-08
-0.0003741819849,2.3522522796473052e-08
-0.0003741819849,2.3522522796473052e-08
-0.0003741819849,2.3522522796473052e-08
-0.0003741819849,2.3522522796485126e-08
-0.0003741819849,2.3522522796473403e-08
-0.0003741819849,2.352252279647336e-08
-0.0003741819849,2.3522522796473052e-08
-0.0003741819849,2.3522522796473052e-08
-0.0003741819849,2.3522522796473052e-08
-0.0003741819849,2.3522522796473052e-08
7.232221824336418e-05,3.7881932230689905
-0.0003741819848968639,2.3549129872205737e-08
-0.0003741819849,2.3522522796473052e-08
-0.0003741819849,2.3522522796473052e-08
-0.0003741819849,2.3522522796473052e-08
-0.0003741819849,2.3522522796473052e-08
-0.0002453457603095127,8.336941500452283e-09
-0.0003741819849,2.3522522796579792e-08
-0.0003741819849,2.3522522796473426e-08
-0.00035939701812346834,2.177985829619183e-08
-0.0003741819849,2.3522522796473052e-08
-0.0003741819849,2.3522522796473052e-08
-0.0003741819849,2.3522522796473052e-08
-3.218643961724989e+26,3.793729574046738e+22
-0.0003741819848999842,2.3522522796471613e-08
-0.0003741819849,2.3522522796473052e-08
-0.0003741819849,2.3522522796473052e-08
-0.0003741819849,2.3522522796473052e-08
-0.0003741819849,2.352252279647354e-08
1112.6084784518948,9439501.93442991
-0.0003741819849,2.3522522796573016e-08
-0.0003741819849,2.352252279647351e-08
-0.0003741819849,2.3522522796473076e-08
-0.0003741819849,2.3522522796473052e-08
-0.0003741819849,2.3522522796473052e-08
-0.0003741819849,2.3522522796473168e-08
89128.96039085292,-6.715909877603551
-0.00037418198489663025,2.3551062555371787e-08
-0.0003741819849,2.3522522796473072e-08
-0.0003741819849,2.3522522796473052e-08
-0.0003741819849,2.3522522796473052e-08
-0.0003741819849,2.3522522796473052e-08
-0.0003741819849,2.352252279648052e-08
-0.0003741819849,2.352252279656031e-08
-0.0003741819849,2.352252279647363e-08
-0.0003741819849,2.3522522796473052e-08
-0.0003741819849,2.3522522796473052e-08
-0.0003741819849,2.3522522796473052e-08
-0.0003741819849,2.3522522796473052e-08
7.25512756908661e-05,3.790136572893748
-0.00037418198489830594,2.35368473379258e-08
-0.0003741805373260651,1.230490688024392e-05
-0.0003741819849,2.3522522796473052e-08
-0.0003741819849,2.3522522796473052e-08
-0.0003741819849,2.3522522796473052e-08
-0.0003741819849,2.3522522796473056e-08
-0.0003741819849,2.3522522796562004e-08
-0.0003741819849,2.3522522796473764e-08
-0.0003741819849,2.3522522796473052e-08
-0.0003741819849,2.3522522796473052e-08
-0.0003741819849,2.3522522796473052e-08
-0.0003741819849,2.3522522796473052e-08
-3.218643961724989e+26,3.793729574046738e+22
-0.0003741819848998872,2.352252279646065e-08
-0.0003741819849,2.352252279691367e-08
-0.0003741819849,2.3522522796473052e-08
-0.0003741819849,2.3522522796473052e-08
-0.0003741819849,2.3522522796473052e-08
-0.0003741819849,2.3522522796473052e-08
-0.0003741819849,2.3522522796552687e-08
-0.00037416999178513773,2.3521109200093585e-08
-0.00037418198489999946,2.352252279647299e-08
-0.0003741819849,2.3522522796473052e-08
-0.0003741819849,2.3522522796473052e-08
-0.0003741819849,2.3522522796473052e-08
126443838609.6765,-14903593.36606906
-0.0003741819848985584,2.353372312350503e-08
-0.0003741819849,2.3522522796685697e-08
-0.0003741819849,2.3522522796473052e-08
-0.0003741819849,2.3522522796473052e-08
-0.0003741819849,2.3522522796473052e-08
-0.0003741819849,2.3522522796473052e-08
-0.0003741819849,2.3522522796474402e-08
-0.0003741819849,2.3522522796474204e-08
-0.0003741819848999997,2.3522522796473013e-08
-0.0003741819849,2.3522522796473052e-08
-0.0003741819849,2.3522522796473052e-08
-0.0003741819849,2.3522522796473052e-08
7.27803331383447e-05,3.792079922718506
-0.0003741819848998916,2.3522522796461634e-08
-0.0003741819848999989,2.3522522796639832e-08
-0.0003741819849,2.3522522796473052e-08
-0.0003741819849,2.3522522796473052e-08
-0.0003741819849,2.3522522796473052e-08
-0.0003741819849,2.3522522796473052e-08
-0.0003741819849,2.35225227964747e-08
-0.0003741819849,2.352252279647447e-08
-0.00037418198489999854,2.3522522796472884e-08
-0.0003741819849,2.3522522796473052e-08
-0.0003741819849,2.3522522796473052e-08
-0.0003741819849,2.3522522796473052e-08
7.285632029798588e-05,3.7927246065519182
-0.0003741819849,2.3522522796474654e-08
-0.00037418198489999957,2.3522522798953754e-08
-0.0003741819849,2.3522522796473052e-08
-0.0003741819849,2.3522522796473052e-08
-0.0003741819849,2.3522522796473052e-08
-0.0003741819849,2.3522522796473052e-08
-0.0003741819849,2.3522522796534052e-08
-0.0003741819849,2.352252279647464e-08
-0.0003741819849,2.3522522796473052e-08
-0.0003741819849,2.3522522796473052e-08
-0.0003741819849,2.3522522796473052e-08
-0.0003741819849,2.3522522796473052e-08
126443838609.6765,-14903593.364115935
-0.0003741819848998707,2.3522522796460013e-08
-0.00037418198489999686,2.3522522796472705e-08
-0.0003741819849,2.3522522796473052e-08
-0.0003741819849,2.3522522796473052e-08
-0.0003741819849,2.3522522796473052e-08
8.752351566421943e+31,7.4255960975386e+35
-0.0003741819849,2.3522522796524516e-08
-0.0003741819849,2.3522522796475223e-08
-0.0003741819849,2.352252279647307e-08
-0.0003741819849,2.3522522796473052e-08
-0.0003741819849,2.3522522796473052e-08
-0.0003741819848997722,2.3524455586758962e-08
7.300935682542779e-05,3.794023272543267
-0.00037418198489988286,2.352252279646212e-08
-0.0003741819849,2.3522522796473062e-08
-0.0003741819849,2.3522522796473052e-08
-0.0003741819849,2.3522522796473052e-08
-0.0003741819849,2.3522522796473052e-08
5.470219729013714e+30,4.640997560961625e+34
-0.0003741819849,2.3522522796477288e-08
-0.0003741819849,2.3522522796473052e-08
-0.0003741819849,2.3522522796473052e-08
-0.0003741819849,2.3522522796473052e-08
-0.0003741819849,2.3522522796473052e-08
-0.0003741819849,2.3522522796473052e-08
7.30853777454878e-05,3.7946679563766756
-0.0003741819849,2.3522522796476427e-08
-0.0003741819848999947,2.3522522799970253e-08
-0.0003741819849,2.3522522796473052e-08
-0.0003741819849,2.3522522796473052e-08
-0.0003741819849,2.3522522796473052e-08
1.2031624152023036e+22,-1.4181353673204078e+18
-0.0003741819849,2.352252279647681e-08
-0.0003741730185959187,2.3521465962189838e-08
-0.0003741819849,2.3522522796473052e-08
-0.0003741819849,2.3522522796473052e-08
-0.0003741819849,2.3522522796473052e-08
-0.000374181984899507,2.3522522796414945e-08
2.7200830031806642e+23,-3.2060891032812106e+19
-0.00037418198489989115,2.3522632947410494e-08
-0.00037417753072700055,2.3521997805476756e-08
-0.0003741819849,2.3522522796473052e-08
-0.0003741819849,2.3522522796473052e-08
-0.0003741819849,2.3522522796473052e-08
-0.0003741819849,2.3522522796473052e-08
-0.0003741819849,2.3522522796530664e-08
-0.0003741817117715471,2.5283576448504585e-08
-0.0003741819849,2.3522522796473052e-08
-0.0003741819849,2.3522522796473052e-08
-0.0003741819849,2.3522522796473052e-08
-0.00037418198489977053,2.352446985377525e-08
2.3189620692586153e-05,3.7959666282671427
-0.00037418198489991197,2.3522522796469214e-08
-0.00037418197765120735,2.352252194617138e-08
-0.0003741819849,2.3522522796473052e-08
-0.0003741819849,2.3522522796473052e-08
-0.0003741819849,2.3522522796473052e-08
-0.0003741819849,2.3522522796473052e-08
-0.0003741819849,2.3522522796512658e-08
-0.0003741819848146511,2.4246632619097603e-08
-0.0003741819849,2.3522522796473052e-08
-0.0003741819849,2.3522522796473086e-08
-0.0003741819849,2.3522522796473052e-08
-0.0003741819849,2.3522522796473052e-08
7.331443519298971e-05,3.7966113062014335
-0.0003741819848996546,2.3524754436884518e-08
-0.0003741819849,2.3522522796475752e-08
-0.0003741819849,2.3522522796473052e-08
-0.0003741819849,2.3522522796473052e-08
-0.0003741819849,2.3522522796473052e-08
-0.0003741817442648494,2.0650989169886202e-06
-0.0003741819849,2.352252279648756e-08
-0.0003741819849,2.3522522796484226e-08
-0.0003741819849,2.3522522796473052e-08
-0.0003741819849,2.3522522796473056e-08
-0.0003741819849,2.3522522796473052e-08
-0.0003741819848378173,2.4050087951034337e-08
2.7200830031806642e+23,-3.2060891032812106e+19
-0.00037418198489971415,2.352427100002993e-08
-0.0003741819849,2.3522522804823947e-08
-0.0003741819849,2.3522522796473052e-08
-0.0003741819849,2.3522522796473052e-08
-0.0003741819849,2.3522522796473052e-08
-0.0003741819849,2.3522522796473052e-08
-0.0003741819849,2.3522522796519646e-08
-0.00037418190393691015,2.3522513253584865e-08
-0.0003741819849,2.352252281697024e-08
-0.0003741819849,2.3522522796473052e-08
-0.0003741819849,2.3522522796473052e-08
-0.0003741819849,2.3522522796473052e-08
-71.6799263397557,3.8063587021042014
-0.00037418198489974625,2.352406494242207e-08
-0.0003741819849,2.3522522796476282e-08
-0.0003741819849,2.3522522796473052e-08
-0.0003741819849,2.3522522796473052e-08
-0.0003741819849,2.3522522796473052e-08
1.2312100513131218e+24,1.044572819418697e+28
-0.0003741819849,2.3522522796517528e-08
-0.0003741819848988071,2.3532643295459606e-08
-0.00037418198489997843,2.3522522796470783e-08
-0.0003741819849,2.3522522796473052e-08
-0.0003741819849,2.3522522796473052e-08
-0.0003741819849,2.3522522796473052e-08
7.354349264049158e-05,3.798554656026191
-0.00037418198489975834,2.352405073102658e-08
-0.00037418197824806845,2.3522522012427666e-08
-0.0003741819849,2.3522522796473052e-08
-0.0003741819849,2.3522522796473062e-08
-0.0003741819849,2.3522522796473056e-08
-0.0003741819849,2.3522522796473052e-08
-0.0003741819849,2.3522522796513293e-08
-0.0003741819843767761,2.35296009235808e-08
-0.0003741819849,2.3522522796473052e-08
-0.0003741819849,2.3522522796473052e-08
-0.0003741819849,2.3522522796473052e-08
-0.0003741819849,2.3522522796473052e-08
5.848603109135902e+35,-6.893592098362815e+31
-0.0003741819848999447,2.3522522796508893e-08
-0.00037418197895861075,2.3522522096177386e-08
-0.0003741819849,2.3522522796473052e-08
-0.0003741819849,2.352252279647307e-08
-0.0003741819849,2.3522522796473605e-08
-0.0003741819849,2.3522522796473052e-08
-0.0003741819849,2.352252279649889e-08
-0.00037418198207108777,2.352583418266488e-08
-0.0003741819849,2.3522522796473052e-08
-0.0003741819849,2.3522522796473052e-08
-0.0003741819849,2.3522522796473052e-08
-0.0003741819849,2.3522522796473052e-08
-107374183.2540673,12659.707724599451
-0.00037418198489994514,2.352252279652759e-08
-0.00037418198489999995,2.3522522796474227e-08
-0.0003741819849,2.3522522796473052e-08
-0.0003741819849,2.3522522796473066e-08
-0.0003741819849,2.3522522796473052e-08
-0.0003741819849,2.3522522796473052e-08
-0.0003741819849,2.352252279648322e-08
-0.0003741819849,2.3522522796473052e-08
-0.0003741819849,2.3522522796473052e-08
-0.0003741819849,2.3522522796473056e-08
-0.0003741819849,2.3522522796473052e-08
-0.0003741819849,2.3522522796473052e-08
7.377370226016225e-05,3.800507781012624
-0.000374181984899941,2.352252279650613e-08
-0.00037418198489999995,2.352252281870425e-08
-0.0003741819849,2.3522522796473052e-08
-0.0003741819849,2.3522522796473062e-08
-0.0003741819849,2.3522522796473052e-08
143902489624.4021,-16961401.66974127
-0.0003741819849,2.3522522796479643e-08
-0.0003741819849,2.3522522796556502e-08
-0.0003741819849,2.3522522796473052e-08
-0.0003741819849,2.3522522796473052e-08
-0.0003741819849,2.3522522796473052e-08
-0.0003741819848997637,2.3524527697912316e-08
5.848603109135902e+35,-6.893592098362815e+31
-0.00037418198489999995,2.3522522796473046e-08
-0.0003741819848966271,2.3522522820475107e-08
-0.0003741819849,2.3522522796473052e-08
-0.0003741819849,2.3522522796473072e-08
-0.0003741819849,2.3522522796473052e-08
0.0001371220794617442,-3.6743520088862525e-08
-0.0003741819849,2.352252279647959e-08
-0.00037418198480228287,2.352252278505155e-08
-0.0003741819849,2.3522522796473052e-08
-0.0003741819849,2.3522522796473052e-08
-0.0003741819849,2.3522522796473052e-08
-0.0003741819849,2.3522522796473052e-08
-151996492407730.7,17915420138.98007
-0.0003741819848999999,2.3522522796506083e-08
-0.00037418198489999995,2.352252281837393e-08
-0.0003741819849,2.3522522796473052e-08
-0.0003741819849,2.3522522796473066e-08
-0.0003741819849,2.3522522796473052e-08
35431451.75350644,-4176.210477697906
-0.0003741819849,2.3522522796476348e-08
-0.00037418198478450184,2.3522522782999352e-08
-0.0003741819849,2.3522522796473052e-08
-0.0003741819849,2.3522522796473052e-08
-0.0003741819849,2.3522522796473052e-08
8.625627116128074,-0.0010167001853357879
7.404333078583783e-05,3.8024413556707883
-0.000374181984899957,2.3522578315944242e-08
-0.0003741819849,2.3522522796475603e-08
-0.0003741819849,2.3522522796473052e-08
-0.0003741819849,2.3522522796473062e-08
-0.0003741819849,2.3522522796473052e-08
-0.0003741819848689051,2.3522522792807974e-08
-0.0003741819849,2.3522522796475024e-08
-0.0003741819848999998,2.352252279665348e-08
-0.00037418198489996986,2.35225227964695e-08
-0.0003741819849,2.3522522796473052e-08
-0.0003741819849,2.3522522796473052e-08
-0.0003741819849,2.3522522796473052e-08
7.407871876552181e-05,3.8030955762522165
-0.00037418198489999973,2.3522522796711946e-08
-0.0003741819849,2.3522522796473052e-08
-0.0003741819849,2.3522522796473052e-08
-0.0003741819849,2.3522522796473062e-08
-0.0003741819849,2.3522522796473585e-08
-0.0003740562453256771,2.35077022090639e-08
-0.0003741819849,2.3522522796475183e-08
-0.00037418198489999973,2.352252279647302e-08
-0.0003741819849,2.3522522796473052e-08
-0.0003741819849,2.3522522796473052e-08
-0.0003741819849,2.3522522796473052e-08
-0.0003741819849,2.3522522796473052e-08
-2.3021535599648873e+20,2.713486843619398e+16
-0.0003741819848999996,2.352252279647301e-08
-0.0003741819849,2.3522522796473354e-08
-0.0003741819848999998,2.3522522796473026e-08
-0.0003741819849,2.3522522796473052e-08
-0.0003741819849,2.3522522796473052e-08
-0.0003741819849,2.3522522796473052e-08
-0.0003741819849,2.3522522796475077e-08
-0.0003741819848999995,2.3522522796472993e-08
-0.0003741819849,2.3522522796473052e-08
-0.0003741819849,2.3522522796473052e-08
-0.0003741819849,2.3522522796473052e-08
-0.0003741819849,2.35225227965908e-08
0.05882423010787313,3.804377780795122
-0.00037418198489999935,2.3522522796472973e-08
-0.0003741819849,2.352252279655693e-08
-0.0003741819849,2.3522522796473052e-08
-0.0003741819849,2.3522522796473052e-08
-0.0003741819849,2.3522522796473052e-08
-0.0003741819849,2.3522522796473052e-08
-0.0003741819849,2.352252279647488e-08
-0.0003741819848989589,2.352252279636665e-08
-0.0003741819849,2.3522522796473052e-08
-0.0003741819849,2.3522522796473052e-08
-0.0003741819849,2.3522522796473052e-08
-0.0003741819849,2.3522522796473052e-08
7.430662404085496e-05,3.8050291509152987
-0.000374181984899999,2.3522524413493783e-08
-0.0003741819848999999,2.3522523837627204e-08
-0.0003741819849,2.3522522796473052e-08
-0.0003741819849,2.3522522796473062e-08
-0.0003741819849,2.3522522796473052e-08
-0.0003741819849,2.3522522796473052e-08
-0.0003741819849,2.352252279647521e-08
-0.0003741819849,2.352252279649613e-08
-0.0003741819849,2.3522522796473072e-08
-0.0003741819849,2.3522522796473052e-08
-0.0003741819849,2.3522522796473052e-08
-0.0003741819849,2.3522522796473052e-08
-3.218643961724989e+26,3.793729574046738e+22
-0.0003741819849,2.3522522796488726e-08
-0.0003741819849,2.3522522796473052e-08
-0.0003741819849,2.3522522796473052e-08
-0.0003741819849,2.3522522796473062e-08
-0.0003741819849,2.3522522796473052e-08
-0.0003741819848999927,2.352252279647219e-08
-0.0003741819849,2.3522522796475144e-08
-0.0003741819849,2.352252279648126e-08
-0.0003741819849,2.3522522796473052e-08
-0.0003741819849,2.3522522796473052e-08
-0.0003741819849,2.3522522796473052e-08
-0.0003741819849,2.3522522796473052e-08
89128.96039283847,-6.699064174595567
-0.0003741819849,2.3522522796494122e-08
-0.0003741819849,2.3522522796522614e-08
-0.0003741819849,2.3522522796473052e-08
-0.0003741819849,2.3522522796473066e-08
-0.0003741819849,2.3522522796473052e-08
-0.0003741819848995315,2.3522522796417833e-08
-0.0003741819849,2.3522522796473423e-08
-0.0003741819848992054,2.3522522796389345e-08
-0.0003741819849,2.3522522796473684e-08
-0.0003741819849,2.3522522796473052e-08
-0.0003741819849,2.3522522796473052e-08
-0.0003741819848999991,2.352253051385032e-08
7.453683366052564e-05,3.8069822759017318
-0.0003741819848999955,2.352252310531781e-08
-0.0003741819848999947,2.3522522796472427e-08
-0.0003741819849,2.3522522796473052e-08
-0.0003741819849,2.3522522796474747e-08
-0.0003741819849,2.3522522796473552e-08
-0.0003741819849,2.3522522796473052e-08
-0.0003741819849,2.352252279647373e-08
-0.0003741819849,2.3522522796473052e-08
-0.0003741819849,2.3522522796473052e-08
-0.0003741819849,2.3522522796473052e-08
-0.0003741819849,2.3522522796473052e-08
-0.0003741819849,2.3522522796473052e-08
7.461166864797475e-05,3.807617184573469
-0.00037418198489999496,2.3522522796472457e-08
-0.0003741819849,2.3522522796473492e-08
-0.0003741819849,2.3522522796473052e-08
-0.0003741819849,2.352252279647308e-08
-0.0003741819849,2.3522522796473052e-08
-0.0003741819849,2.3522522796473052e-08
-0.0003741819849,2.3522522796474118e-08
-0.0003741819848998811,2.3522522796459043e-08
-0.0003741819849,2.3522522796473076e-08
-0.0003741819849,2.3522522796473052e-08
-0.0003741819849,2.3522522796473052e-08
-0.0003741819849,2.3522522796473052e-08
126443838609.6765,-14903593.349223357
-0.00037418198489999746,2.352252279647275e-08
-0.00037418198489999995,2.352252279647526e-08
-0.0003741819849,2.3522522796473052e-08
-0.0003741819849,2.3522522796473062e-08
-0.0003741819849,2.3522522796473052e-08
-0.0003741819849,2.3522522796473052e-08
-0.0003741819849,2.3522522796474376e-08
-0.0003741819848999636,2.3522522834207857e-08
-0.0003741819849,2.3522522796473052e-08
-0.0003741819849,2.3522522796473052e-08
-0.0003741819849,2.3522522796473052e-08
-0.0003741819849,2.3522522796473052e-08
7.476470517541665e-05,3.808915850564818
-0.0003741819848999992,2.3522522837897513e-08
-0.0003741819848999666,2.3522522796469115e-08
-0.0003741819849,2.3522522796473052e-08
-0.0003741819849,2.352252279647306e-08
-0.0003741819849,2.3522522796473056e-08
-0.0003741819849,2.3522522796473052e-08
-0.0003741819849,2.3522522796474422e-08
-0.00037418198489995403,2.3522522837459326e-08
-0.00037418198489999995,2.352252279647305e-08
-0.0003741819849,2.3522522796473056e-08
-0.0003741819849,2.3522522796473052e-08
-0.0003741819849,2.3522522796473052e-08
7.484187826764543e-05,3.8095703095599016
-0.0003741819848999992,2.3522522796472956e-08
-0.0003741819849,2.3522522796473052e-08
-0.0003741819849,2.3522522796473052e-08
-0.0003741819849,2.352252279647314e-08
-0.0003741819849,2.3522522796473052e-08
-0.0003741819849,2.3522522796473052e-08
-0.0003741819849,2.3522522796473602e-08
-0.0003741819849,2.3522522796473052e-08
-0.0003741819849,2.3522522796473052e-08
-0.0003741819849,2.3522522796473052e-08
-0.0003741819849,2.3522522796473052e-08
-0.0003741819849,2.3522522796473052e-08
126443838609.6765,-14903593.347270232
-0.0003741819848999992,2.3522522796472953e-08
-0.0003741819849,2.3522522796527706e-08
-0.0003741819849,2.3522522796473052e-08
-0.0003741819849,2.3522522796473072e-08
-0.0003741819849,2.3522522796473052e-08
146033343497.60046,-17212559.718063958
-0.0003741819849,2.3522522796473436e-08
-0.0003741819849,2.3522522796473052e-08
-0.0003741819849,2.3522522796473052e-08
-0.0003741819849,2.3522522796473052e-08
-0.0003741819849,2.3522522796473052e-08
-0.0003741819849,2.3522522796473052e-08
7.499491479508733e-05,3.810868975551251
-0.0003741819848999993,2.3522522796472966e-08
-0.0003741819849,2.3522522796473052e-08
-0.0003741819849,2.3522522796473052e-08
-0.0003741819849,2.3522522796473066e-08
-0.0003741819849,2.3522522796473052e-08
-0.0003741819849,2.3522522796473052e-08
-0.0003741819849,2.352252279647349e-08
-0.0003741819849,2.3522522796473052e-08
-0.0003741819849,2.3522522796474826e-08
-0.0003741819849,2.3522522796473052e-08
-0.0003741819849,2.3522522796473052e-08
-0.0003741819849,2.3522522796473052e-08
7.506978354297858e-05,3.8115038842229843
-0.0003741819848999992,2.352252279647296e-08
-0.0003735307592643664,0.005525096986356448
-0.0003741819849,2.3522522796473052e-08
-0.0003741819849,2.3522522796473066e-08
-0.0003741819849,2.3522522796473052e-08
-0.0003741819849,2.3522522796473052e-08
-0.0003741819849,2.35225227964736e-08
-0.0003741819849,2.3522522796473052e-08
-0.00037418198489999995,2.3522522796473043e-08
-0.0003741819849,2.3522522796473052e-08
-0.0003741819849,2.3522522796473052e-08
2256.254737098395,-0.26593873342128893
2.7200830031806642e+23,-3.2060891032812106e+19
-0.00037418198489999924,2.3522522796472966e-08
-0.0003741819849,2.3522522796473052e-08
-0.0003741819849,2.3522522796473052e-08
-0.0003741819849,2.352252279647307e-08
-0.0003741819849,2.3522522796473052e-08
-0.0003741819849,2.3522522796473052e-08
-0.0003741819849,2.352252279647368e-08
-0.0003741819849,2.3522522796473052e-08
-0.00037418198489999995,2.3522522796473046e-08
-0.0003741819849,2.352252279647306e-08
-0.0003741819849,2.3522522796473052e-08
-0.0003741819849,2.3522522796473052e-08
2.51751786622457e-05,3.8128123312751265
-0.00037418198489999946,2.352252279647299e-08
-0.0003741819849,2.3522522796473052e-08
-0.0003741819849,2.3522522796473052e-08
-0.0003741819849,2.3522522796473052e-08
-0.0003741819849,2.3522522796473052e-08
-0.0003741816773036239,2.6332056835577915e-06
-0.0003741819849,2.3522522796473784e-08
-0.0003741819849,2.3522522796473052e-08
-0.0003741819849,2.352252279647306e-08
-0.0003741819849,2.3522522796473095e-08
-0.0003741819849,2.3522522796473052e-08
-0.0003741819849,2.3522522796473052e-08
7.52999931626492e-05,3.8134570092094173
-0.00037418198489999914,2.352252279647295e-08
-0.0003741819849,2.3522522796473052e-08
-0.0003741819849,2.3522522796473052e-08
-0.0003741819849,2.3522522796473052e-08
-0.0003741819849,2.3522522796473052e-08
-0.00037418198489999995,2.3522523264875757e-08
-0.0003741819849,2.352252279647387e-08
-0.0003741819849,2.3522522796473052e-08
-0.0003741819849,2.352252279647306e-08
-0.0003741819849,2.3522522796473052e-08
-0.0003741819849,2.3522522796473052e-08
-0.0003741819849,2.3522522796473052e-08
4.056481801883142e+29,-4.7812666332124675e+25
-0.0003741819848999989,2.3522522796472927e-08
-0.0003741819849,2.3522522796473052e-08
-0.0003741819849,2.3522522796473052e-08
-0.0003741819849,2.3522522796473052e-08
-0.0003741819849,2.3522522796473052e-08
-0.0003741819849,2.3522522796473052e-08
-0.0003741819849,2.3522522796474e-08
-0.0003741819849,2.3522522796473052e-08
-0.0003741819849,2.3522522796474548e-08
-0.0003741819849,2.3522522796473052e-08
-0.0003741819849,2.3522522796473052e-08
-0.0003741819849,2.3522522796473052e-08
-107374183.25406556,12659.722617177473
-0.0003741819848999989,2.3522522796472923e-08
-0.0003741819849,2.3522522796473052e-08
-0.0003741819849,2.3522522796473052e-08
-0.0003741819849,2.3522522796473052e-08
-0.0003741819849,2.3522522796473052e-08
8641.7593314143,-1.018581085689558
-0.0003741819849,2.3522522796475024e-08
-0.0003741819849,2.3522522796473052e-08
-0.0003741819849,2.3522522796604386e-08
-0.0003741819849,2.3522522796473052e-08
-0.0003741819849,2.3522522796473052e-08
-0.0003741819849,2.3522522796473052e-08
7.552905061015112e-05,3.8154003590341747
-0.000374181984899999,2.3522522796472933e-08
-0.0003741819849,2.3522522796473052e-08
-0.0003741819849,2.3522522796473052e-08
-0.0003741819849,2.3522522796473052e-08
-0.0003741819849,2.3522522796473052e-08
-0.0003741819849,2.3522522796473052e-08
-0.0003741819849,2.3522522796477605e-08
-0.0003741819849,2.3522522796473052e-08
-0.0003741819849,2.3522522796473052e-08
-0.0003741819849,2.3522522796473052e-08
-0.0003741819849,2.3522522796473052e-08
-0.0003741819849,2.3522522796473052e-08
5.848603109135902e+35,-6.893592098362815e+31
-0.00037418198489999903,2.3522522796472937e-08
-0.0003741819849,2.3522522796473052e-08
-0.0003741819849,2.3522522796473052e-08
-0.0003741819849,2.3522522796473052e-08
-0.0003741819849,2.3522522796473052e-08
-0.0003741819849,2.352252279647306e-08
-0.0003741819849,2.3522522796477605e-08
-0.0003741819849,2.3522522796473052e-08
-0.0003741819849,2.352252279662556e-08
-0.0003741819849,2.3522522796473052e-08
-0.0003741819849,2.3522522796473052e-08
-0.00037418198489976717,2.352449816749795e-08
-107374183.25406532,12659.72457030246
-0.00037418198489999887,2.352252279647292e-08
-0.0003741819849,2.3522522796473052e-08
-0.0003741819849,2.3522522796473052e-08
-0.0003741819849,2.3522522796473062e-08
-0.0003741819849,2.3522522796473052e-08
2.522582297170942e+18,-297330030209841.8
-0.0003741819849,2.3522522796475898e-08
-0.0003741819849,2.3522522796473052e-08
-0.0003741819849,2.3522522796489467e-08
-0.0003741819849,2.3522522796473052e-08
-0.0003741819849,2.3522522796473052e-08
-0.0003741819849,2.3522522796473052e-08
7.57986791358267e-05,3.817333933692339
-0.00037418198489999914,2.352252279647295e-08
-0.0003741819849,2.3522522796473052e-08
-0.0003741819849,2.3522522796473056e-08
-0.0003741819849,2.3522522796473062e-08
-0.0003741819849,2.3522522796473052e-08
-0.0003741819849,2.3522522796473052e-08
-0.0003741819849,2.3522522796475263e-08
-0.0003741819849,2.3522522796473052e-08
-0.0003741819849,2.352252279647492e-08
-0.0003741819849,2.3522522796473052e-08
-0.0003741819849,2.3522522796473052e-08
-0.0003741819849,2.3522522796473052e-08
7.583406711551068e-05,3.8179881542737673
-0.0003741819848999992,2.352252279647296e-08
-0.0003741819849,2.3522522796473052e-08
-0.0003741819849,2.3522522796473248e-08
-0.0003741819849,2.3522522796473142e-08
-0.0003741819849,2.3522522796473052e-08
-0.0003741819848995246,2.352252279641702e-08
-0.0003741819849,2.3522522796476255e-08
-0.0003741819849,2.3522522796473052e-08
-0.0003741819849,2.352252279647311e-08
-0.0003741819849,2.3522522796473062e-08
-0.0003741819849,2.3522522796473052e-08
-0.0003741819849,2.3522522796473052e-08
-2.3021535599648873e+20,2.713486843619398e+16
-0.00037418198489999843,2.3522522796472864e-08
-0.0003741819849,2.3522522796473052e-08
-0.0003741819849,2.3522522796473052e-08
-0.0003741819849,2.3522522796473112e-08
-0.0003741819849,2.3522522796473052e-08
-0.0003741819849,2.3522522796473052e-08
-0.0003741819849,2.3522522796476044e-08
-0.0003741819849,2.3522522796473052e-08
-0.0003741819849,2.352252279647307e-08
-0.0003741819849,2.3522522796473314e-08
-0.0003741819849,2.3522522796473052e-08
-0.0003741819849,2.3522522796473052e-08
7.602888875549738e-05,3.819287058678772
-0.0003741819848999978,2.352252279647279e-08
-0.0003741819849,2.3522522796473052e-08
-0.0003741819849,2.3522522796473076e-08
-0.0003741819849,2.3522522796473287e-08
-0.0003741819849,2.3522522796473052e-08
-0.0003741819849,2.3522522796473052e-08
-0.0003741819849,2.3522522796475832e-08
-0.0003741819849,2.3522522796473052e-08
-0.0003741819849,2.3522522796473072e-08
-0.0003741819849,2.3522522796473102e-08
-0.0003741819849,2.3522522796473052e-08
-0.0003741819849,2.3522522796473052e-08
7.60631245630126e-05,3.819931504098525
-0.00037418198489999816,2.3522522796472834e-08
-0.0003741819849,2.3522522796473052e-08
-0.0003741819849,2.352252279647307e-08
-0.0003741819849,2.3522522796473052e-08
-0.0003741819849,2.3522522796473052e-08
-0.0003741819849,2.352252279647306e-08
-0.0003741819849,2.3522522796475527e-08
-0.00037418197131225547,2.3522521194921936e-08
-0.0003741819848084965,2.35225227856878e-08
-0.0003741819849,2.352252279647311e-08
-0.0003741819849,2.3522522796473052e-08
-0.0003741819849,2.3522522796473052e-08
-3.218643961724989e+26,3.793729574046738e+22
-0.00037418198489999827,2.3522522796472847e-08
-0.0003741819849,2.3522522796473052e-08
-0.0003741819849,2.352252279647307e-08
-0.0003741819849,2.3522522796473052e-08
-0.0003741819849,2.3522522796473052e-08
-0.0003741819849,2.3522522796473052e-08
-0.0003741819849,2.3522522796475382e-08
-0.0003741819775073404,2.3529713754767118e-08
-0.0003741819849,2.3522522796473082e-08
-0.0003741819849,2.3522522796473337e-08
-0.0003741819849,2.3522522796473052e-08
-0.0003741819849,2.3522522796473052e-08
89128.96039459383,-6.684171596574016
-0.0003741819848999985,2.3522522796472874e-08
-0.000374181978048567,2.352761074128449e-08
-0.0003741819849,2.3522522796476758e-08
-0.0003741819849,2.3522522796473052e-08
-0.0003741819849,2.3522522796473052e-08
-0.0003741819849,2.3522522796473052e-08
-0.0003741819849,2.35225227964748e-08
-0.00037418197711028587,2.3522521878320277e-08
-0.00037418198126067375,2.35225223675154e-08
-0.0003741819849,2.3522522796473052e-08
-0.0003741819849,2.3522522796473052e-08
-0.0003741819849,2.3522522796473052e-08
7.629218201051451e-05,3.8218748539232825
-0.00037418198489999854,2.352252279647288e-08
-0.0003741819849,2.3522522796473052e-08
-0.0003741819849,2.352252279647309e-08
-0.0003741819849,2.3522522796473052e-08
-0.0003741819849,2.3522522796473052e-08
-0.0003741819849,2.3522522796473052e-08
-0.0003741819849,2.3522522796474707e-08
-0.0003741819849,2.3522522796473052e-08
-0.0003741819849,2.3522522796473052e-08
-0.0003741819849,2.3522522796473052e-08
-0.0003741819849,2.3522522796473052e-08
-0.0003741819849,2.3522522796473052e-08
-3.218643961724989e+26,3.793729574046738e+22
-0.0003741819848999987,2.35225227964729e-08
-0.0003741819849,2.3522522796473052e-08
-0.0003741819849,2.3522522796473102e-08
-0.0003741819849,2.3522522796473052e-08
-0.0003741819849,2.3522522796473052e-08
-0.0003741819849,2.3522522796473052e-08
-0.0003741819849,2.352252279647492e-08
-0.0003741819849,2.3522522796473052e-08
-0.0003741819849,2.3522522796473052e-08
-0.0003741819849,2.3522522796473052e-08
-0.0003741819849,2.3522522796473052e-08
-0.0003741819849,2.3522522796473052e-08
89128.96039482404,-6.682218471587584
-0.0003741819848999989,2.3522522796472923e-08
-0.0003741819849,2.3522522796473052e-08
-0.00037418198133230786,2.352252237595872e-08
-0.00037418198489945704,2.3527129550655263e-08
-0.0003741819849,2.3522522796473052e-08
-0.0003741819849,2.3522522796473052e-08
-0.0003741819849,2.3522522796474588e-08
-0.00037418020929024204,2.3522313510098697e-08
-0.0003741819848999701,2.3522776904647847e-08
-0.0003741819849,2.3522522796473052e-08
-0.0003741819849,2.3522522796473052e-08
-0.0003741819849,2.3522522796473052e-08
7.652005352540552e-05,3.823808428586369
-0.0003741819848999989,2.3522522796472923e-08
-0.0003741819849,2.3522522796473052e-08
-0.0003741819849,2.3522522796473052e-08
-0.0003741819840778983,2.353230464139173e-08
-0.0003741819849,2.3522522796473052e-08
-0.0003741819849,2.3522522796473052e-08
-0.0003741819849,2.3522522796474435e-08
-0.0003741819849,2.3522522796473052e-08
-0.0003741819849,2.3522522796473052e-08
-0.00037418198323678817,2.3523293785151224e-08
-0.0003741819849,2.3522522796473052e-08
-0.0003741819849,2.3522522796473052e-08
7.65972266176343e-05,3.824462887581453
-0.000374181984899999,2.352252279647293e-08
-0.0003741819849,2.3522522796473052e-08
-0.0003741819849,2.3522522796473052e-08
-0.0003741819740953514,2.352296931699821e-08
-0.0003741819849,2.3522522796473052e-08
-0.0003741819849,2.3522522796473052e-08
-0.0003741819849,2.3522522796474316e-08
-0.0003741819849,2.3522522796473052e-08
-0.0003741819849,2.3522522796473052e-08
-0.00037418198489999946,2.352252737805983e-08
-0.0003741819849,2.3522522796473052e-08
-0.0003741819849,2.3522522796473052e-08
126443838609.67651,-14903593.332377654
-0.0003741819848999989,2.3522522796472927e-08
-0.0003741819849,2.3522522796473052e-08
-0.0003741819849,2.3522522796473052e-08
-0.00037418198399304635,2.352880631948293e-08
-0.0003741819849,2.3522522796473052e-08
-0.0003741819849,2.3522522796473052e-08
-0.0003741819849,2.3522522796474502e-08
-0.0003741819849,2.3522522796473052e-08
-0.0003741819849,2.3522522796473052e-08
-0.00037418198489999946,2.352252721152511e-08
-0.0003741819849,2.3522522796473052e-08
-0.0003741819849,2.3522522796473052e-08
7.67502631450762e-05,3.825761553572802
-0.00037418198489999903,2.352252279647294e-08
-0.0003741819849,2.3522522796473052e-08
-0.0003741819849,2.3522522796473052e-08
-0.0003741819848983804,2.3522542012642636e-08
-0.0003741819849,2.3522522796473052e-08
-0.0003741819849,2.3522522796473052e-08
-0.0003741819849,2.3522522796473052e-08
-0.0003741819849,2.3522522796473052e-08
-0.0003741819849,2.3522522796473052e-08
-0.00037418198489472395,2.352252912603379e-08
-0.0003741819849,2.3522522796473052e-08
-0.0003741819849,2.3522522796473052e-08
7.682628406513621e-05,3.82640623740621
-0.0003741819848999992,2.3522522796472956e-08
-0.0003741819849,2.3522522796473052e-08
-0.0003741819849,2.3522522796473052e-08
-0.00037418198489727893,2.3522522796152325e-08
-0.0003741819849,2.3522522796473052e-08
-0.0003741819849,2.3522522796473052e-08
-0.0003741819849,2.3522522796473052e-08
-0.0003741819849,2.3522522796473052e-08
-0.0003741819849,2.3522522796473052e-08
-0.0003741819846876692,2.3522525645101622e-08
-0.0003741819849,2.3522522796473052e-08
-0.0003741819849,2.3522522796473052e-08
2.7200830031806642e+23,-3.2060891032812106e+19
-0.0003741819848999992,2.3522522796472956e-08
-0.0003741819849,2.3522522796473052e-08
-0.00037418198489999946,2.3522527516525578e-08
-0.0003741819848965151,2.3522527017279396e-08
-0.0003741819849,2.3522522796473052e-08
-0.0003741819849,2.3522522796473052e-08
-0.0003741819849,2.3522522796473052e-08
-0.0003741818357084669,2.3522505211665972e-08
-0.0003741819848991421,2.3529801583370665e-08
-0.0003741819848938352,2.352253440138621e-08
-0.0003741819849,2.3522522796473052e-08
-0.0003741819849,2.3522522796473052e-08
2.6930527012234567e-05,3.8277049092966773
-0.00037418198489999924,2.352252909798521e-08
-0.0003741819849,2.3522522796473052e-08
-0.0003741819316823895,2.3522516523855602e-08
-0.0003741819848996302,2.3522524275002354e-08
-0.0003741819849,2.3522522796473052e-08
-0.0003741819849,2.3522522796473052e-08
-0.0003741819849,2.3522522796473876e-08
-0.0003741819849,2.3522522796473052e-08
-0.0003741819849,2.3522522796473052e-08
-0.0003741819848894493,2.3522523440784043e-08
-0.0003741819849,2.3522522796473052e-08
-0.0003741819849,2.3522522796473052e-08
7.705534151263813e-05,3.828349587230968
-0.00037418198489999924,2.3522529236763507e-08
0.004876118259379359,-5.95316328167102e-07
-0.0003741819848999994,2.3522527932849468e-08
-0.0003741819848999997,2.3522525448307668e-08
-0.0003741819849,2.3522522796473052e-08
-0.0003741819849,2.3522522796473052e-08
-0.0003741819849,2.3522522796473734e-08
-0.00037417994708365405,2.3522282604509294e-08
-0.0003741819849,2.3522522796473052e-08
-0.00037418198488578216,2.352252320257549e-08
-0.0003741819849,2.3522522796473052e-08
-0.0003741819849,2.3522522796473052e-08
2.7200830031806642e+23,-3.2060891032812106e+19
-0.00037418198489999935,2.3522528542873276e-08
0.0025714027053263273,-3.2366566841253405e-07
-0.00037418198484078435,2.3523610327655165e-08
-0.000374181984899587,2.3522523063718456e-08
-0.0003741819849,2.3522522796473052e-08
-0.0003741819849,2.3522522796473052e-08
-0.0003741819849,2.352252279647362e-08
-0.000374181983457331,2.3522522626429514e-08
-0.0003741819849,2.3522522796473052e-08
-0.00037418198488950487,2.3522523322828177e-08
-0.0003741819849,2.3522522796473052e-08
-0.0003741819849,2.3522522796473052e-08
-71.67992259884937,3.838096983133736
-0.0003741819848999992,2.3522529708603207e-08
0.0013885259534029456,-1.842431485691446e-07
-0.0003741819848573485,2.352258321303044e-08
-0.00037418198489966157,2.3522522924876024e-08
-0.0003741819849,2.3522522796473052e-08
-0.0003741819849,2.3522522796473052e-08
-0.0003741819849,2.3522522796473545e-08
-0.00037418198483958723,2.352252278935236e-08
-0.0003741819849,2.3522522796473052e-08
-0.00037418198484804135,2.3522524449214585e-08
-0.0003741819849,2.3522522796473052e-08
-0.0003741819849,2.3522522796473052e-08
7.728439896013999e-05,3.8302929370557255
-0.00037418198489999924,2.3522529097976315e-08
0.0009078732863657261,-1.2758990392737697e-07
-0.0003741819849,2.3522522796473052e-08
-0.0003741819848998064,2.3522523563490827e-08
-0.0003741819849,2.3522522796473052e-08
-0.0003741819849,2.3522522796473052e-08
-0.0003741819849,2.35225227964735e-08
-0.0003741819847178903,2.3522522775008268e-08
-0.0003741819848999775,2.352271379890478e-08
-0.0003741819848972928,2.3522524427263716e-08
-0.0003741819849,2.3522522796473052e-08
-0.0003741819849,2.3522522796473052e-08
5.848603109135902e+35,-6.893592098362815e+31
-0.00037418198489999924,2.3522529347776492e-08
0.0005605772217303029,-8.6655045427174e-08
-0.0003741819849,2.3522522796473052e-08
-0.0003741819848994064,2.3522523292826442e-08
-0.0003741819849,2.3522522796473052e-08
-0.0003741819849,2.3522522796473052e-08
-0.0003741819849,2.3522522796473483e-08
-0.0003740983364156745,0.0007097069191032043
-0.0003741819833859864,2.35244410834202e-08
-0.0003741819838195326,2.3522532664880896e-08
-0.0003741819849,2.3522522796473052e-08
-0.0003741819849,2.3522522796473052e-08
-107374183.25406356,12659.739462880481
-0.0003741819848999994,2.3522527765708695e-08
-0.0003741819839404723,2.352252268337609e-08
-0.00037418198489996856,2.3522789351315803e-08
-0.00037418198489980127,2.3522523225072256e-08
-0.0003741819849,2.3522522796473052e-08
-0.0003741819849,2.3522522796473052e-08
-0.0003741819849,2.3522522796473443e-08
-0.00037418198461922753,2.3522879880685023e-08
-0.00037418198424977843,2.3523158830955798e-08
-0.0003741819848888973,2.3522527071395444e-08
-0.0003741819849,2.3522522796473052e-08
-0.0003741819849,2.3522522796473052e-08
7.751345643492672e-05,3.8322362868804833
-0.00037418198440249866,2.3522527262979126e-08
1.1181627773926024e-05,-2.1899255801835933e-08
-0.0003741819848600162,2.3522556777253284e-08
-0.0003741819848996251,2.35225237268215e-08
-0.0003741819849,2.3522522796473052e-08
-0.0003741819849,2.3522522796473052e-08
-0.0003741819849,2.3522522796473387e-08
-0.0003741819848999583,2.3522876361033207e-08
-0.00037418198489995875,2.3522872826425728e-08
-0.0003741819848895601,2.3522525932556027e-08
-0.0003741819849,2.3522522796473052e-08
-0.0003741819849,2.3522522796473052e-08
5.848603109135902e+35,-6.893592098362815e+31
-0.00037418198489999957,2.3522526683236594e-08
-0.00037418198489993674,2.3523059411709414e-08
-0.00037418198469636987,2.3524136109008928e-08
-0.00037418198489673693,2.352252940423466e-08
-0.0003741819849,2.3522522796473052e-08
-0.0003741819849,2.3522522796473052e-08
-0.0003741819849,2.3522522796473377e-08
-0.00037415994723278835,0.0001869807946234042
-0.00037418198489993885,2.3523041668361516e-08
-0.00037418198488656224,2.3522528318248764e-08
-0.0003741819849,2.3522522796473052e-08
-0.0003741819849,2.3522522796473052e-08
-2.3021535599648873e+20,2.713486843619398e+16
-0.00037418198489999957,2.3522526294167683e-08
-0.0003741819849,2.3522522796473052e-08
-0.00037418198489998786,2.352262585043771e-08
-0.00037418198489868725,2.352252965426006e-08
-0.0003741819849,2.3522522796473052e-08
-0.0003741819849,2.3522522796473052e-08
-0.0003741819849,2.3522522796473314e-08
-0.0003741819821852005,2.3522522476486895e-08
-0.0003741819849,2.3522522796473052e-08
-0.00037418198483646755,2.3522525620984063e-08
-0.0003741819849,2.3522522796473052e-08
-0.0003741819849,2.3522522796473052e-08
0.05882774080457311,3.8341629368382235
-0.00037418198489999924,2.3522525711299917e-08
-0.0003741819849,2.3522522796473052e-08
-0.0003741819845428355,2.3522718204220303e-08
-0.00037418198479871427,2.3522527366514217e-08
-0.0003741819849,2.3522522796473052e-08
-0.0003741819849,2.3522522796473052e-08
-0.0003741819849,2.3522522796473287e-08
-0.0003741819802946323,2.3522522253650675e-08
-0.0003741819849,2.3522522796473052e-08
-0.00037418198482758603,2.3522523482059455e-08
-0.0003741819849,2.3522522796473052e-08
-0.0003741819849,2.3522522796473052e-08
7.781847291300146e-05,3.834824082120076
-0.0003741819848999992,2.3522527348916783e-08
-0.0003741819849,2.3522522796473052e-08
-0.0003741819848961944,2.3554809858161713e-08
-0.0003741819848999988,2.352253301513267e-08
-0.0003741819849,2.3522522796473052e-08
-0.0003741819849,2.3522522796473052e-08
-0.0003741819849,2.3522522796473254e-08
-0.0003741819777366798,2.352252195215165e-08
-0.0003741819849,2.3522522796473052e-08
-0.0003741819848992048,2.3522527044838695e-08
-0.0003741819849,2.3522522796473052e-08
-0.0003741819849,2.3522522796473052e-08
-2.3021535599648873e+20,2.713486843619398e+16
-0.00037418198489999924,2.3522527043602917e-08
-0.0003741819849,2.3522522796473052e-08
-0.0003741819848999771,2.3522717307545617e-08
-0.0003741819848992776,2.3522527156316386e-08
-0.0003741819849,2.3522522796473052e-08
-0.0003741819849,2.3522522796473052e-08
-0.0003741819849,2.352252279647324e-08
-0.0003741819849,2.3522522796473052e-08
-0.0003741819849,2.3522522796473052e-08
-0.00037418198488696367,2.3522919040882206e-08
-0.0003741819849,2.3522522796473052e-08
-0.0003741819849,2.3522522796473052e-08
0.05882797101419278,3.8361160618246566
-0.0003741819848999998,2.3522522796473026e-08
-0.0003741819849,2.3522522796473052e-08
-0.0003741819845499646,2.352252275521531e-08
-0.00037418198489965946,2.3522526169880775e-08
-0.0003741819849,2.3522522796473052e-08
-0.0003741819849,2.3522522796473052e-08
-0.0003741819849,2.352252279647323e-08
-0.0003741819849,2.3522522796473052e-08
-0.0003741819849,2.3522522796473052e-08
-0.00037418198489874363,2.3522522796324967e-08
-0.0003741819849,2.3522522796473052e-08
-0.0003741819849,2.3522522796473052e-08
7.804753036050338e-05,3.8367674319448337
-0.0003741819848999995,2.3522525433514853e-08
-0.0003741819849,2.3522522796473052e-08
-0.0003741819849,2.3522522796473052e-08
-0.00037418198479027733,2.3522523017870544e-08
-0.0003741819849,2.3522522796473052e-08
-0.0003741819849,2.3522522796473052e-08
-0.0003741819849,2.3522522796473208e-08
-0.00037418197557767936,2.3522521697676046e-08
-0.0003715139915332026,2.320805355230244e-08
-0.0003741819848988604,2.3522533180617145e-08
-0.0003741819849,2.3522522796473052e-08
-0.0003741819849,2.3522522796473052e-08
-4.932681919446933e+32,5.814020282983502e+28
-0.0003741819848999997,2.352252441336564e-08
-0.00037418159491234043,3.3322228428540545e-06
-0.0003741819833364326,2.3522534494696625e-08
-0.00037418198489964075,2.3522522998525996e-08
-0.0003741819849,2.3522522796473052e-08
-0.0003741819849,2.3522522796473052e-08
-0.0003741819849,2.3522522796473185e-08
-0.0003741819849,2.3522522796473052e-08
-0.0003741819849,2.3522522796473052e-08
-0.00037418198489805874,2.3525095906173017e-08
-0.0003741819849,2.3522522796473052e-08
-0.0003741819849,2.3522522796473052e-08
89128.96039657938,-6.667325893566033
-0.00037418198489999973,2.3522524059481633e-08
-0.0003741819849,2.3522522796473052e-08
-0.00037418198489999843,2.3522536066763656e-08
-0.0003741819848995207,2.3522525281673285e-08
-0.0003741819849,2.3522522796473052e-08
-0.0003741819849,2.3522522796473052e-08
-0.0003741819849,2.352252279647317e-08
-0.0003741819849,2.3522522796473052e-08
-0.0003741819849,2.3522522796473052e-08
-0.00037418198489705396,2.3522549004758562e-08
-0.0003741819849,2.3522522796473052e-08
-0.0003741819849,2.3522522796473052e-08
7.827658780798198e-05,3.838710781769591
-0.00037418198489999973,2.3522524073358998e-08
-0.0003741819849,2.3522522796473052e-08
-0.00037418198489985006,2.3523795067923407e-08
-0.0003741819848897263,2.3522523152756723e-08
-0.0003741819849,2.3522522796473052e-08
-0.0003741819849,2.3522522796473052e-08
-0.0003741819849,2.3522522796473158e-08
-0.0003741819849,2.3522522796473052e-08
-0.0003741819849,2.3522522796473052e-08
-0.00037418198489999935,2.3522528515957533e-08
-0.0003741819849,2.3522522796473052e-08
-0.0003741819849,2.3522522796473052e-08
-4.932681919446933e+32,5.814020282983502e+28
-0.0003741819848999998,2.3522523719473298e-08
-0.0003741819849,2.3522522796473052e-08
-0.0003741819848999734,2.3522748443554968e-08
-0.0003741819848958618,2.3522527683222287e-08
-0.0003741819849,2.3522522796473052e-08
-0.0003741819849,2.3522522796473052e-08
-0.0003741819849,2.3522522796473152e-08
-0.0003741819849,2.3522522796473052e-08
-0.0003741819849,2.3522522796473052e-08
-0.00037418198117502525,2.352252235742024e-08
-0.0003741819849,2.3522522796473052e-08
-0.0003741819849,2.3522522796473052e-08
1.9023205449785315e+17,-22422143600290.39
-0.00037418198489999984,2.3522523556344387e-08
-0.0003741819849,2.3522522796473052e-08
-0.00037418198489985505,2.352375243308273e-08
-0.00037418198489333563,2.3522531570952323e-08
-0.0003741819849,2.3522522796473052e-08
-0.0003741819849,2.3522522796473052e-08
-0.0003741819849,2.352252279647314e-08
-0.0003741819849,2.3522522796473052e-08
-0.0003741819849,2.3522522796473052e-08
-0.00037418198469302196,2.3522798224835324e-08
-0.0003741819849,2.3522522796473052e-08
-0.0003741819849,2.3522522796473052e-08
7.850561149506507e-05,3.840654131594353
-0.00037418198489999984,2.352252344532214e-08
-0.0003741819849,2.3522522796473052e-08
-0.0003741819848994102,2.352752660630475e-08
-0.00037418198489999957,2.352252628092284e-08
-0.0003741819849,2.3522522796473052e-08
-0.0003741819849,2.3522522796473052e-08
-0.0003741819849,2.3522522796473125e-08
-0.0003741819849,2.3522522796473052e-08
-0.0003741819849,2.3522522796473052e-08
-0.0003741819849,2.3522522796473052e-08
-0.0003741819849,2.3522522796473052e-08
-0.0003741819849,2.3522522796473052e-08
7.858163241512508e-05,3.8412988154277614
-0.00037418198489999995,2.3522522796473046e-08
-0.0003741819849,2.3522522796473052e-08
-0.0003741819849,2.3522522796473052e-08
-0.00037418198489605644,2.352252500369904e-08
-0.0003741819849,2.3522522796473052e-08
-0.0003741819849,2.3522522796473052e-08
-0.0003741819849,2.352252279647312e-08
-0.0003741819849,2.3522522796473052e-08
-0.0003741819849,2.3522522796473052e-08
-0.0003741819848999733,2.352274934031213e-08
-0.0003741819849,2.3522522796473052e-08
-0.0003741819849,2.3522522796473052e-08
1.9023205449785315e+17,-22422143600290.387
-0.0003741819848999999,2.352252320763369e-08
-0.0003741819849,2.3522522796473052e-08
-0.000373775521040269,0.0034485098266933923
-0.0003741819848249037,2.352263428994185e-08
-0.0003741819849,2.3522522796473052e-08
-0.0003741819849,2.3522522796473052e-08
-0.0003741819849,2.3522522796473112e-08
-0.0003741819849,2.3522522796473052e-08
-0.0003741819849,2.3522522796473052e-08
0.0011521583810832226,-1.5638313484540295e-07
-0.0003741819849,2.3522522796473052e-08
-0.0003741819849,2.3522522796473052e-08
2.8685875362223436e-05,3.842597487318228
-0.0003741819848999999,2.3522523183347562e-08
-0.0003741819849,2.3522522796473052e-08
-0.00037389771978819827,0.0024117615438330616
-0.0003741819848999905,2.3522603212445582e-08
-0.0003741819849,2.3522522796473052e-08
-0.0003741819849,2.3522522796473052e-08
-0.0003741819849,2.3522522796473102e-08
-0.0003741819849,2.3522522796473052e-08
-0.0003741819849,2.3522522796473052e-08
-0.0003741819849,2.3522522796473052e-08
-0.0003741819849,2.3522522796473052e-08
-0.0003741819849,2.3522522796473052e-08
7.8810689862627e-05,3.843242165252519
-0.0003741819848999999,2.3522523152122487e-08
-0.0003741819849,2.3522522796473052e-08
-0.0003741819849,2.3522522796473052e-08
-0.0003741819848999874,2.3522629413573256e-08
-0.0003741819849,2.3522522796473052e-08
-0.0003741819849,2.3522522796473052e-08
-0.0003741819849,2.35225227964731e-08
-0.0003741819849,2.3522522796473052e-08
-0.0003741819849,2.3522522796473052e-08
0.0003432103178229169,-6.103458968311972e-08
-0.0003741819849,2.3522522796473052e-08
-0.0003741819849,2.3522522796473052e-08
4.056481801883142e+29,-4.7812666332124675e+25
-0.00037418198489999995,2.3522523006390137e-08
-0.0003741819849,2.3522522796473052e-08
-0.0003741819849,2.3522522796473052e-08
1458.5880585190732,12326029.913701065
-0.0003741819849,2.3522522796473052e-08
-0.0003741819849,2.3522522796473052e-08
-0.0003741819849,2.3522522796473095e-08
-0.0003741819849,2.3522522796473052e-08
-0.0003741819849,2.3522522796473052e-08
-0.0003741819849,2.3522522796473052e-08
-0.0003741819849,2.3522522796473052e-08
-0.0003741819849,2.3522522796473052e-08
-71.67992084350102,3.852989561155287
-0.00037418198489999995,2.3522522979501887e-08
-0.0003741819849,2.3522522796473052e-08
-0.0003741819849,2.3522522796473052e-08
-0.00026352153886094443,1.0479271917908227e-08
-0.0003741819849,2.3522522796473052e-08
-0.0003741819849,2.3522522796473052e-08
-0.0003741819849,2.3522522796473095e-08
-0.0003741819849,2.3522522796473052e-08
-0.0003741819849,2.3522522796473052e-08
0.001236078926376307,-1.6627462512312464e-07
-0.0003741819849,2.3522522796473052e-08
-0.0003741819849,2.3522522796473052e-08
7.904089948229767e-05,3.845195290238952
-0.00037418198489999995,2.3522522948276865e-08
-0.0003741819849,2.3522522796473052e-08
-0.0003741819849,2.3522522796473052e-08
-0.0002845024755395475,1.2952238823081551e-08
-0.0003741819849,2.3522522796473052e-08
-0.0003741819849,2.3522522796473052e-08
-0.0003741819849,2.3522522796473092e-08
-0.0003741819849,2.3522522796473052e-08
-0.0003741819849,2.3522522796473052e-08
-0.0003741819849,2.3522522796473052e-08
-0.0003741819849,2.3522522796473052e-08
-0.0003741819849,2.3522522796473052e-08
5.848603109135902e+35,-6.893592098362815e+31
-0.00037418198489999995,2.352252291184771e-08
-0.0003741819849,2.3522522796473052e-08
-0.0003741819849,2.3522522796473052e-08
-0.0002749657251657731,1.1828167556935686e-08
-0.0003741819849,2.3522522796473052e-08
-0.0003741819849,2.3522522796473052e-08
-0.0003741819849,2.352252279647309e-08
-0.0003741819849,2.3522522796473052e-08
-0.0003741819849,2.3522522796473052e-08
-0.0003741819849,2.3522522796473052e-08
-0.0003741819849,2.3522522796473052e-08
-0.0003741819849,2.3522522796473052e-08
-151996492407730.7,17915420139.024746
-0.00037418198489999995,2.3522522894492675e-08
-0.0003741819849,2.3522522796473052e-08
-0.0003741819849,2.3522522796473052e-08
-0.0003741819849,2.3522522796473052e-08
-0.0003741819849,2.3522522796473052e-08
-0.0003741819849,2.3522522796473052e-08
-0.0003741819849,2.3522522796473082e-08
-0.0003741819849,2.3522522796473052e-08
-0.0003741819849,2.3522522796473052e-08
-0.0003741819849,2.3522522796473052e-08
-0.0003741819849,2.3522522796473052e-08
-0.0003741819849,2.3522522796473052e-08
7.926880478491559e-05,3.847128864902034
-0.0003741819849,2.3522522881915916e-08
-0.0003741819849,2.3522522796473052e-08
-0.0003741819849,2.3522522796473052e-08
-0.0003741819849,2.3522522796473052e-08
-0.0003741819849,2.3522522796473052e-08
-0.0003741819849,2.3522522796473052e-08
-0.0003741819849,2.352252279647308e-08
-0.0003741819849,2.3522522796473052e-08
-0.0003741819849,2.3522522796473052e-08
-0.0003741819849,2.3522522796473052e-08
-0.0003741819849,2.3522522796473052e-08
-0.0003741819849,2.3522522796473052e-08
5.848603109135902e+35,-6.893592098362815e+31
-0.0003741819849,2.352252279647305e-08
-0.0003741819849,2.3522522796473052e-08
-0.0003741819849,2.3522522796473052e-08
-0.0003741819849,2.3522522796473052e-08
-0.0003741819849,2.3522522796473052e-08
-0.0003741819849,2.3522522796473052e-08
-0.0003741819849,2.3522522796473052e-08
-0.0003741819849,2.3522522796473052e-08
-0.0003741819849,2.3522522796473052e-08
-0.0003741819849,2.3522522796473052e-08
-0.0003741819849,2.3522522796473052e-08
-0.0003741819849,2.3522522796473052e-08
-151996492407730.7,17915420139.0267
-0.0003741819849,2.3522522861532922e-08
-0.0003741819849,2.3522522796473052e-08
-0.0003741819849,2.3522522796473052e-08
-0.0003741819849,2.3522522796473052e-08
-0.0003741819849,2.3522522796473052e-08
-0.0003741819849,2.3522522796473052e-08
-0.0003741819849,2.352252279647308e-08
-0.0003741819849,2.3522522796473052e-08
-0.0003741819849,2.3522522796473052e-08
-0.0003741819849,2.3522522796473052e-08
-0.0003741819849,2.3522522796473052e-08
-0.0003741819849,2.3522522796473052e-08
7.953958545547511e-05,3.849072214721874
-0.0003741819849,2.3522522847434413e-08
-0.0003741819849,2.3522522796473052e-08
-0.0003741819849,2.3522522796473052e-08
-0.0003741819849,2.3522522796473052e-08
-0.0003741819849,2.3522522796473052e-08
-0.0003741819849,2.3522522796473052e-08
-0.0003741819849,2.3522522796473076e-08
-0.0003741819849,2.3522522796473052e-08
-0.0003741819849,2.3522522796473052e-08
-0.0003741819849,2.3522522796473052e-08
-0.0003741819849,2.3522522796473052e-08
-0.0003741819849,2.3522522796473052e-08
7.957382126299033e-05,3.8497166601416266
-0.0003741819849,2.3522522843748122e-08
-0.0003741819849,2.3522522796473052e-08
-0.0003741819849,2.3522522796473052e-08
-0.0003741819849,2.3522522796473052e-08
-0.0003741819849,2.3522522796473052e-08
-0.0003741819849,2.3522522796473052e-08
-0.0003741819849,2.3522522796473076e-08
-0.0003741819849,2.3522522796473052e-08
-0.0003741819849,2.3522522796473052e-08
-0.0003741819849,2.3522522796473052e-08
-0.0003741819849,2.3522522796473052e-08
-0.0003741819849,2.3522522796473052e-08
-2.3021535599648873e+20,2.713486843619398e+16
-0.0003741819849,2.352252284157974e-08
-0.0003741819849,2.3522522796473052e-08
-0.0003741819849,2.3522522796473052e-08
-0.0003741819849,2.3522522796473052e-08
-0.0003741819849,2.3522522796473052e-08
-0.0003741819849,2.3522522796473052e-08
-0.0003741819849,2.3522522796473076e-08
-0.00037418197890247813,2.3522522089561186e-08
-0.0003741819849,2.3522522796473052e-08
-0.0003741819849,2.3522522796473052e-08
-0.0003741819849,2.3522522796473052e-08
-0.0003741819849,2.3522522796473052e-08
0.05882972636254277,3.8510086398462073
-0.0003741819849,2.3522522842663926e-08
-0.0003741819849,2.3522522796473052e-08
-0.0003741819849,2.3522522796473052e-08
-0.0003741819849,2.3522522796473052e-08
-0.0003741819849,2.3522522796473052e-08
-0.0003741819849,2.3522522796473052e-08
-0.0003741819849,2.3522522796473076e-08
-0.0003741819849,2.3522522796473052e-08
-0.0003741819849,2.3522522796473052e-08
-0.0003741819849,2.3522522796473052e-08
-0.0003741819849,2.3522522796473052e-08
-0.0003741819849,2.3522522796473052e-08
-71.68020072428861,1.4784486526237473
-0.0003741819849,2.352252283854397e-08
-0.0003741819849,2.3522522796473052e-08
-0.0003741819849,2.3522522796473052e-08
-0.0003741819849,2.3522522796473052e-08
-0.0003741819849,2.3522522796473052e-08
-0.0003741819849,2.3522522796473052e-08
-0.0003741819849,2.3522522796473076e-08
-0.0003741819849,2.3522522796473052e-08
-0.0003741819849,2.3522522796473052e-08
-0.0003741819849,2.3522522796473052e-08
-0.0003741819849,2.3522522796473052e-08
-0.0003741819849,2.3522522796473052e-08
-0.00015995812178129482,1.8175000061291544
-0.0003741819849,2.3522522838543955e-08
-0.0003741819849,2.3522522796473052e-08
-0.0003741819849,2.3522522796473052e-08
-0.0003741819849,2.3522522796473052e-08
-0.0003741819849,2.3522522796473052e-08
-0.0003741819849,2.3522522796473052e-08
-0.0003741819849,2.3522522796473076e-08
-0.0003741819849,2.3522522796473052e-08
-0.0003741819849,2.3522522796473052e-08
-0.0003741819849,2.3522522796473052e-08
-0.0003741819849,2.3522522796473052e-08
-0.0003741819849,2.3522522796473052e-08
-0.00014684542459785874,1.928749929062432
-0.0003741819849,2.3522522832472423e-08
-0.0003741819849,2.3522522796473052e-08
-0.0003741819849,2.3522522796473052e-08
-0.0003741819849,2.3522522796473052e-08
-0.0003741819849,2.3522522796473052e-08
-0.0003741819849,2.3522522796473052e-08
-0.0003741819849,2.3522522796473072e-08
-0.0003741819849,2.3522522796473052e-08
-0.0003741819849,2.3522522796473052e-08
-0.0003741819849,2.3522522796473052e-08
-0.0003741819849,2.3522522796473052e-08
-0.0003741819849,2.3522522796473052e-08
-3.218643961724989e+26,3.793729574046738e+22
-0.0003741819849,2.3522522830737702e-08
-0.0003741819849,2.3522522796473052e-08
-0.0003741819849,2.3522522796473052e-08
-0.0003741819849,2.3522522796473052e-08
-0.0003741819849,2.3522522796473052e-08
-0.0003741819849,2.3522522796473052e-08
-0.0003741819849,2.3522522796473076e-08
-0.0003741819849,2.3522522796473052e-08
-0.0003741819849,2.3522522796473052e-08
-0.0003741819849,2.3522522796473052e-08
-0.0003741819849,2.3522522796473052e-08
-0.0003741819849,2.3522522796473052e-08
-2.3021535599648873e+20,2.713486843619398e+16
-0.0003741819849,2.3522522825533532e-08
-0.0003741819849,2.3522522796473052e-08
-0.0003741819849,2.3522522796473052e-08
-0.0003741819849,2.3522522796473052e-08
-0.0003741819849,2.3522522796473052e-08
-0.0003741819849,2.3522522796473052e-08
-0.0003741819849,2.3522522796473076e-08
-0.0003741819849,2.3522522796473052e-08
-0.0003741819849,2.3522522796473052e-08
-0.0003741819849,2.3522522796473052e-08
-0.0003741819849,2.3522522796473052e-08
-0.0003741819849,2.3522522796473052e-08
-4.932681919446933e+32,5.814020282983502e+28
-0.0003741819849,2.3522522825533535e-08
-0.0003741819849,2.3522522796473052e-08
-0.0003741819849,2.3522522796473052e-08
-0.0003741819849,2.3522522796473052e-08
-0.0003741819849,2.3522522796473052e-08
-0.0003741819849,2.3522522796473052e-08
-0.0003741819849,2.3522522796473076e-08
-0.0003741819849,2.3522522796473052e-08
-0.0003741819849,2.3522522796473052e-08
-0.0003741819849,2.3522522796473052e-08
-0.0003741819849,2.3522522796473052e-08
-0.0003741819849,2.3522522796473052e-08
-0.00010839118102594445,2.254999883880836
-0.0003741819849,2.3522522827485086e-08
-0.0003741819849,2.3522522796473052e-08
-0.0003741819849,2.3522522796473052e-08
-0.0003741819849,2.3522522796473052e-08
-0.0003741819849,2.3522522796473052e-08
-0.0003741819849,2.3522522796473052e-08
-0.0003741819849,2.3522522796473076e-08
-0.0003741819849,2.3522522796473052e-08
-0.0003741819849,2.3522522796473052e-08
-0.0003741819849,2.3522522796473052e-08
-0.0003741819849,2.3522522796473052e-08
-0.0003741819849,2.3522522796473052e-08
-0.00010352915498257028,2.2962498740575557
-0.0003741819849,2.3522522833122927e-08
-0.0003741819849,2.3522522796473052e-08
-0.0003741819849,2.3522522796473052e-08
-0.0003741819849,2.3522522796473052e-08
-0.0003741819849,2.3522522796473052e-08
-0.0003741819849,2.3522522796473052e-08
-0.0003741819849,2.352252279647308e-08
-0.0003741819849,2.3522522796473052e-08
-0.0003741819849,2.3522522796473052e-08
-0.0003741819849,2.3522522796473052e-08
-0.0003741819849,2.3522522796473052e-08
-0.0003741819849,2.3522522796473052e-08
-9.866712893919605e-05,2.3374998642342755
-0.0003741819849,2.3522522831605057e-08
-0.0003741819849,2.3522522796473052e-08
-0.0003741819849,2.3522522796473052e-08
-0.0003741819849,2.3522522796473052e-08
-0.0003741819849,2.3522522796473052e-08
-0.0003741819849,2.3522522796473052e-08
-0.0003741819849,2.3522522796473076e-08
-0.0003741819849,2.3522522796473052e-08
-0.0003741819849,2.3522522796473052e-08
-0.0003741819849,2.3522522796473052e-08
-0.0003741819849,2.3522522796473052e-08
-0.0003741819849,2.3522522796473052e-08
-9.373142008054159e-05,2.3793749879210573
-0.0003741819849,2.3522522838543955e-08
-0.0003741819849,2.3522522796473052e-08
-0.0003741819849,2.3522522796473052e-08
-0.0003741819849,2.3522522796473052e-08
-0.0003741819849,2.3522522796473052e-08
-0.0003741819849,2.3522522796473052e-08
-0.0003741819849,2.352252279647308e-08
-0.0003741819849,2.3522522796473052e-08
-0.0003741819849,2.3522522796473052e-08
-0.0003741819849,2.3522522796473052e-08
-0.0003741819849,2.3522522796473052e-08
-0.0003741819849,2.3522522796473052e-08
-8.886939403716736e-05,2.420624978097777
-0.0003741819849,2.352252284461549e-08
-0.0003741819849,2.3522522796473052e-08
-0.0003741819849,2.3522522796473052e-08
-0.0003741819849,2.3522522796473052e-08
-0.0003741819849,2.3522522796473052e-08
-0.0003741819849,2.3522522796473052e-08
-0.0003741819849,2.352252279647308e-08
-0.0003741819849,2.3522522796473052e-08
-0.0003741819849,2.3522522796473052e-08
-0.0003741819849,2.3522522796473052e-08
-0.0003741819849,2.3522522796473052e-08
-0.0003741819849,2.3522522796473052e-08
-8.393371328027307e-05,2.4624998633659816
-0.0003741819849,2.352252284331444e-08
-0.0003741819849,2.3522522796473052e-08
-0.0003741819849,2.3522522796473052e-08
-0.0003741819849,2.3522522796473052e-08
-0.0003741819849,2.3522522796473052e-08
-0.0003741819849,2.3522522796473052e-08
-0.0003741819849,2.352252279647308e-08
-0.0003741819849,2.3522522796473052e-08
-0.0003741819849,2.3522522796473052e-08
-0.0003741819849,2.3522522796473052e-08
-0.0003741819849,2.3522522796473052e-08
-0.0003741819849,2.3522522796473052e-08
126443838609.67635,-14903594.655619832
-0.0003741819849,2.3522522841796565e-08
-0.0003741819849,2.3522522796473052e-08
-0.0003741819849,2.3522522796473052e-08
-0.0003741819849,2.3522522796473052e-08
-0.0003741819849,2.3522522796473052e-08
-0.0003741819849,2.3522522796473052e-08
-0.0003741819849,2.352252279647308e-08
-0.0003741819849,2.3522522796473052e-08
-0.0003741819849,2.3522522796473052e-08
-0.0003741819849,2.3522522796473052e-08
-0.0003741819849,2.3522522796473052e-08
-0.0003741819849,2.3522522796473052e-08
-151996492407730.7,17915420137.70077
-0.0003741819849,2.352252284526601e-08
-0.0003741819849,2.3522522796473052e-08
-0.0003741819849,2.3522522796473052e-08
-0.0003741819849,2.3522522796473052e-08
-0.0003741819849,2.3522522796473052e-08
-0.0003741819849,2.3522522796473052e-08
-0.0003741819849,2.352252279647308e-08
-0.0003741819849,2.3522522796473052e-08
-0.0003741819849,2.3522522796473052e-08
-0.0003741819849,2.3522522796473052e-08
-0.0003741819849,2.3522522796473052e-08
-0.0003741819849,2.3522522796473052e-08
1.9023205449785315e+17,-22422143600291.688
-0.0003741819849,2.3522522867170747e-08
-0.0003741819849,2.3522522796473052e-08
-0.0003741819849,2.3522522796473052e-08
0.03264746714534374,280.15948294071706
-0.0003741819849,2.3522522796473052e-08
-0.0003741819849,2.3522522796473052e-08
-0.0003741819849,2.352252279647308e-08
-0.0003741819849,2.3522522796473052e-08
-0.0003741819849,2.3522522796473052e-08
-0.0003741819849,2.3522522796473052e-08
-0.0003741819849,2.3522522796473052e-08
-0.0003741819849,2.3522522796473052e-08
-7.196281305739817e-05,2.5640623626604926
-0.0003741819849,2.3522522878880143e-08
314504.9649827125,2668296429.4650707
-0.0003741819849,2.3522522796473052e-08
-0.0003741819849,2.3522522796473052e-08
-0.0003741819849,2.3522522796473052e-08
-0.0003741819849,2.3522522796473052e-08
-0.0003741819849,2.352252279647308e-08
-0.00037417605484414213,5.033480092886031e-05
-0.0003741819849,2.3522522796473052e-08
-0.0003741819849,2.3522522796473052e-08
-0.0003741819849,2.3522522796473052e-08
-0.0003741819849,2.3522522796473052e-08
-151996492407730.7,17915420137.76327
-0.0003741819849,2.3522522899263138e-08
363942.194890325,3087727594.5515537
-0.0003741819849,2.3522522796473052e-08
-0.0003741819849,2.3522522796473052e-08
-0.0003741819849,2.3522522796473052e-08
-0.0003741819849,2.3522522796473052e-08
-0.0003741819849,2.3522522796473082e-08
-0.0003741817890317556,1.685291317369255e-06
-0.0003741819849,2.3522522796473052e-08
-0.0003741819849,2.3522522796473052e-08
-0.0003741819849,2.3522522796473052e-08
-0.0003741819849,2.3522522796473052e-08
-6.710078701404725e-05,2.6053123528372124
-0.0003741819849,2.3522522892757944e-08
-0.0003741819849,2.3522522796473052e-08
-0.0003741819849,2.3522522796473052e-08
-0.0003741819849,2.3522522796473052e-08
-0.0003741819849,2.3522522796473052e-08
-0.0003741819849,2.3522522796473052e-08
-0.0003741819849,2.3522522796473086e-08
-0.00037418189092567423,8.208115502747901e-07
-0.0003741819849,2.3522522796473052e-08
-0.0003741819849,2.3522522796473052e-08
-0.0003741819849,2.3522522796473052e-08
-0.0003741819849,2.3522522796473052e-08
-6.466975991417195e-05,2.625937467134861
-0.00037418198489999995,2.352252291878654e-08
-0.0003741819849,2.3522522796473052e-08
-0.0003741819849,2.3522522796473052e-08
-0.0003741819849,2.3522522796473052e-08
-0.0003741819849,2.3522522796473052e-08
-0.0003741819849,2.3522522796473052e-08
-0.0003741819849,2.352252279647309e-08
-0.00037418189861157595,7.425811364906168e-07
-0.0003741819849,2.3522522796473052e-08
-0.0003741819849,2.3522522796473052e-08
-0.0003741819849,2.3522522796473052e-08
-0.0003741819849,2.3522522796473052e-08
2.7200830031806642e+23,-3.2060891032812106e+19
-0.00037418198489999995,2.352252294047057e-08
-0.00037418198215644836,2.352486787498176e-08
-0.0003741819849,2.3522522796473052e-08
-0.0003741819849,2.3522522796473052e-08
-0.0003741819849,2.3522522796473052e-08
-0.0003741819849,2.3522522796473052e-08
-0.0003741819849,2.3522522796473095e-08
-0.0003741819096383199,6.606269675482005e-07
-0.0003741819849,2.3522522796473052e-08
-0.0003741819849,2.3522522796473052e-08
-0.0003741819849,2.3522522796473052e-08
-0.0003741819849,2.3522522796473052e-08
-5.973407918458579e-05,2.667812352403065
-0.00037418198489999995,2.3522522898829483e-08
-0.0003741819849,2.3522522796473052e-08
-0.0003741819849,2.3522522796473052e-08
0.2154361005719146,314.160041466074
-0.0003741819849,2.3522522796473052e-08
-0.0003741819849,2.3522522796473052e-08
-0.0003741819849,2.3522522796473092e-08
-0.0003741819203104666,5.711401928613246e-07
-0.0003741819849,2.3522522796473052e-08
-0.0003741819849,2.3522522796473052e-08
-0.0003741819849,2.3522522796473052e-08
-0.0003741819849,2.3522522796473052e-08
-5.7303052084710436e-05,2.688437466700714
-0.00037418198489999995,2.3522522963021988e-08
-0.0003741819849,2.3522522796473052e-08
-0.0003741819849,2.3522522796473052e-08
-0.0003741819849,2.3522522796473052e-08
-0.0003741819849,2.3522522796473052e-08
-0.0003741819849,2.3522522796473052e-08
-0.0003741819849,2.3522522796473095e-08
-0.00037418198488545397,2.352252279475855e-08
-0.0003741819849,2.3522522796473052e-08
-0.0003741819849,2.3522522796473052e-08
-0.0003741819849,2.3522522796473052e-08
-0.0003741819849,2.3522522796473052e-08
-5.487208690163045e-05,2.7090623425797893
-0.00037418198489999995,2.3522522810786457e-08
-0.0003741819849,2.3522522796473052e-08
-0.0003741819849,2.3522522796473052e-08
-0.0003741819849,2.3522522796473052e-08
-0.0003741819849,2.3522522796473052e-08
-0.0003741819849,2.3522522796473052e-08
-0.0003741819849,2.3522522796473095e-08
-0.00037418193680331685,4.314823654222156e-07
-0.0003741819849,2.3522522796473052e-08
-0.0003741819849,2.3522522796473052e-08
-0.0003741819849,2.3522522796473052e-08
-0.0003741819849,2.3522522796473052e-08
-5.2399302818278656e-05,2.729687456872516
-0.00037418198489999995,2.3522522799481952e-08
-0.0003741819849,2.3522522796473052e-08
-0.0003741819849,2.3522522796473052e-08
0.013362103187827655,116.5402290113562
-0.0003741819849,2.3522522796473052e-08
-0.0003741819849,2.3522522796473052e-08
-0.0003741819849,2.35225227964731e-08
-0.00037418192912111903,4.966750304577985e-07
-0.0003741819849,2.3522522796473052e-08
-0.0003741819849,2.3522522796473052e-08
-0.0003741819849,2.3522522796473052e-08
-0.0003741819849,2.3522522796473052e-08
-0.00010005885443859977,2.7503123386556267
-0.00037418198489999995,2.3522522797645462e-08
-0.0003741819849,2.3522522796473052e-08
-0.0003741819849,2.3522522796473052e-08
-0.0003741819849,2.3522522796473052e-08
-0.0003741819849,2.3522522796473052e-08
-0.0003741819849,2.3522522796473052e-08
-0.0003741819849,2.3522522796473102e-08
-0.0003741819181397494,5.898474187259258e-07
-0.0003741819849,2.3522522796473052e-08
-0.0003741819849,2.3522522796473052e-08
-0.0003741819849,2.3522522796473052e-08
-0.0003741819849,2.3522522796473052e-08
5.848603109135902e+35,-6.893592098362815e+31
-0.0003741819849,2.352252279670178e-08
-0.0003741819848999995,2.352252279705251e-08
-0.0003741819849,2.3522522796473052e-08
-0.0003741819849,2.3522522796473052e-08
-0.0003741819849,2.3522522796473052e-08
-0.0003741819849,2.3522522796473052e-08
-0.0003741819849,2.3522522796473115e-08
-0.0003741819848745737,2.3522522794143652e-08
-0.0003741819849,2.3522522796473052e-08
-0.0003741819849,2.3522522796473052e-08
-0.0003741819849,2.3522522796473052e-08
-0.0003741819849,2.3522522796473052e-08
0.05870242044286489,2.7709305223488117
-0.0003741819849,2.352252279652049e-08
-0.0003741819849,2.3522522796473052e-08
-0.0003741819849,2.3522522796473052e-08
-0.0003741819849,2.3522522796473052e-08
-0.0003741819849,2.3522522796473052e-08
-0.0003741819849,2.3522522796473052e-08
-0.0003741819849,2.3522522796473115e-08
-0.0003741818900110495,8.282661098550119e-07
-0.0003741819849,2.3522522796473052e-08
50.01478126282849,-0.005895129113739667
-0.0003741819849,2.3522522796473052e-08
-0.0003741819849,2.3522522796473052e-08
-4.636348648896332e-05,2.781250004202978
-0.0003741819849,2.352252279647348e-08
-0.0003741819849,2.3522522796473052e-08
-0.0003741819849,2.3522522796473052e-08
-0.0003741819849,2.3522522796473052e-08
-0.0003741819849,2.3522522796473052e-08
-0.0003741819849,2.3522522796473052e-08
-0.0003741819849,2.3522522796473125e-08
-0.00037418191502564836,6.159244506292488e-07
-0.0003741819849,2.3522522796473052e-08
88.52998256389182,-0.010434812904919178
-0.0003741819849,2.3522522796473052e-08
-0.0003741819849,2.3522522796473052e-08
-4.512956629973972e-05,2.791718725520029
-0.0003741819849,2.3522522796478505e-08
-0.0003741819849,2.3522522796473052e-08
-0.0003741819849,2.3522522796473052e-08
7.666273760945518,65044.726110699885
-0.0003741819849,2.3522522796473052e-08
-0.0003741819849,2.3522522796473052e-08
-0.0003741819849,2.3522522796473052e-08
-0.0003741819848495914,2.3522522790531523e-08
-0.0003741819849,2.3522522796473052e-08
-0.0003741819849,2.3522522796473052e-08
-0.0003741819849,2.3522522796473052e-08
-0.0003741819849,2.3522522796473052e-08
-2.3021535599648873e+20,2.713486843619398e+16
-0.0003741819849,2.3522522796474462e-08
-0.0003741819849,2.3522522796473052e-08
-0.0003741819849,2.3522522796473052e-08
-0.0003741819849,2.3522522796473052e-08
-0.0003741819849,2.3522522796473052e-08
-0.0003741819849,2.3522522796473052e-08
-0.0003741819849,2.3522522796473062e-08
-0.00037418190843526973,6.717230302187825e-07
-0.0003741819849,2.3522522796473052e-08
-0.0003741819849,2.3522522796473052e-08
-0.0003741819849,2.3522522796473052e-08
-0.0003741819849,2.3522522796473052e-08
-4.2698567328956034e-05,2.8123436013991
-0.0003741819849,2.3522522796473052e-08
-0.0003741819849,2.3522522796473052e-08
-0.0003741819849,2.3522522796473052e-08
-0.0003741819849,2.3522522796473052e-08
-0.0003741819849,2.3522522796473052e-08
-0.0003741819849,2.3522522796473052e-08
-0.0003741819849,2.352252279647306e-08
-0.0003741818486722999,1.1786535455913872e-06
-0.0003741819849,2.3522522796473052e-08
-0.0003741819849,2.3522522796473052e-08
-0.0003741819849,2.3522522796473052e-08
-0.0003741819849,2.3522522796473052e-08
-71.68004127190832,2.831261052627574
-0.0003741819849,2.3522522796473052e-08
-0.0003741819849,2.3522522796473052e-08
-0.0003741819849,2.3522522796473052e-08
-0.0003741819849,2.3522522796473052e-08
-0.0003741819849,2.3522522796473052e-08
-0.0003741819849,2.3522522796473052e-08
-0.0003741819849,2.3522522796473056e-08
-0.0003741818267568796,1.3649180592252301e-06
-0.0003741819849,2.3522522796473052e-08
-0.0003741819849,2.3522522796473052e-08
-0.0003741819849,2.3522522796473052e-08
-0.0003741819849,2.3522522796473052e-08
-4.024913360342559e-05,2.8331248798649757
-0.0003741819849,2.3522522796473294e-08
-0.0003741819849,2.3522522796473052e-08
-0.0003741819849,2.3522522796473052e-08
-0.0003741819849,2.3522522796473052e-08
-0.0003741819849,2.3522522796473052e-08
-0.0003741819849,2.3522522796473052e-08
-0.0003741819849,2.3522522796473056e-08
-0.00037418179604734795,1.6256882646224779e-06
-0.0003741819849,2.3522522796473052e-08
-0.0003741819849,2.3522522796473052e-08
-0.0003741819849,2.3522522796473052e-08
-0.0003741819849,2.3522522796473052e-08
89128.96027934513,-7.661954792906989
-0.0003741819849,2.3522522796473052e-08
-0.0003741819849,2.3522522796473052e-08
-0.0003741819849,2.3522522796473052e-08
-0.0003741819849,2.3522522796473052e-08
-0.0003741819849,2.3522522796473052e-08
-0.0003741819849,2.3522522796473052e-08
-0.0003741819849,2.3522522796473056e-08
-0.000374181787275208,1.700194070075311e-06
-0.0003741819849,2.3522522796473052e-08
-0.0003741819849,2.3522522796473052e-08
-0.0003741819849,2.3522522796473052e-08
-0.0003741819849,2.3522522796473052e-08
2.7200830031806642e+23,-3.2060891032812106e+19
-0.0003741819849,2.3522522796473545e-08
-0.0003741819849,2.3522522796473052e-08
-0.0003741819849,2.3522522796473052e-08
-0.0003741819849,2.3522522796473052e-08
-0.0003741819849,2.3522522796473052e-08
-0.0003741819849,2.3522522796473052e-08
-0.0003741819849,2.3522522796473056e-08
-0.0003741817609291707,1.923711827490836e-06
-0.0003741819849,2.3522522796473052e-08
-0.0003741819849,2.3522522796473052e-08
-0.0003741819849,2.3522522796473052e-08
-0.0003741819849,2.3522522796473052e-08
-3.658418631435e-05,2.864218715479675
-0.0003741819849,2.3522522796473774e-08
-0.0003741819849,2.3522522796473052e-08
-0.0003741819849,2.3522522796473052e-08
-0.0003741819849,2.3522522796473052e-08
-0.0003741819849,2.3522522796473052e-08
-0.0003741819849,2.3522522796473052e-08
-0.0003741819849,2.3522522796473056e-08
-0.0003741818311461717,1.3276656112465475e-06
-0.0003741819849,2.3522522796473052e-08
-0.0003741819849,2.3522522796473052e-08
-0.0003741819849,2.3522522796473052e-08
-0.0003741819849,2.3522522796473052e-08
89128.96028302849,-7.630704793124062
-0.0003741819849,2.3522522796474866e-08
-0.0003741819849,2.3522522796473052e-08
-0.0003741819849,2.3522522796473052e-08
-0.0003741819849,2.3522522796473052e-08
-0.0003741819849,2.3522522796473052e-08
-0.0003741819849,2.3522522796473052e-08
-0.0003741819849,2.3522522796473056e-08
-0.0003741818443910133,1.2156154100235654e-06
-0.0003741819849,2.3522522796473052e-08
-0.0003741819849,2.3522522796473052e-08
-0.0003741819849,2.3522522796473052e-08
-0.0003741819849,2.3522522796473052e-08
-3.415322113126996e-05,2.8848435913587505
-0.0003741819849,2.352252279655142e-08
-0.0003741819849,2.3522522796473052e-08
-0.0003741819849,2.3522522796473052e-08
-0.0003741819849,2.3522522796473052e-08
-0.0003741819849,2.3522522796473052e-08
-0.0003741819849,2.3522522796473052e-08
-0.0003741819849,2.3522522796473056e-08
-0.0003741819005773616,7.389243427181826e-07
-0.0003741819849,2.3522522796473052e-08
-0.0003741819849,2.3522522796473052e-08
-0.0003741819849,2.3522522796473052e-08
-0.0003741819849,2.3522522796473052e-08
-107374183.25417392,12658.80318359011
-0.0003741819849,2.352252279647306e-08
-0.0003741819849,2.3522522796473052e-08
-0.0003741819849,2.3522522796473052e-08
-0.0003741819849,2.3522522796473052e-08
-0.0003741819849,2.3522522796473052e-08
-0.0003741819849,2.3522522796473052e-08
-0.0003741819849,2.3522522796473056e-08
-0.00037418187291478837,9.736176867344516e-07
-0.0003741819849,2.3522522796473052e-08
-0.0003741819849,2.3522522796473052e-08
-0.0003741819849,2.3522522796473052e-08
-0.0003741819849,2.3522522796473052e-08
-3.1703753645320634e-05,2.9056248698246216
-0.0003741819849,2.3522522796474098e-08
-0.0003741819849,2.3522522796473052e-08
-0.0003741819849,2.3522522796473052e-08
-0.0003741819849,2.3522522796473052e-08
-0.0003741819849,2.3522522796473052e-08
-0.0003741819849,2.3522522796473052e-08
-0.0003741819849,2.3522522796473056e-08
-0.0003741819133110545,6.308913227171701e-07
-0.0003741819849,2.3522522796473052e-08
-0.0003741819849,2.3522522796473052e-08
-0.0003741819849,2.3522522796473052e-08
-0.0003741819849,2.3522522796473052e-08
-3.046986721653923e-05,2.916093591141677
-0.0003741819849,2.3522522796473893e-08
-0.0003741819849,2.3522522796473052e-08
-0.0003741819849,2.3522522796473052e-08
-0.0003741819849,2.3522522796473052e-08
-0.0003741819849,2.3522522796473052e-08
-0.0003741819849,2.3522522796473052e-08
-0.0003741819849,2.3522522796473056e-08
-0.00037418194866647867,3.3093190039060524e-07
-0.0003741819849,2.3522522796473052e-08
-0.0003741819849,2.3522522796473052e-08
-0.0003741819849,2.3522522796473052e-08
-0.0003741819849,2.3522522796473052e-08
4.056481801883142e+29,-4.7812666332124675e+25
-0.0003741819849,2.3522522796474124e-08
-0.0003741819849,2.3522522796473052e-08
-0.0003741819849,2.3522522796473052e-08
-0.0003741819849,2.3522522796473052e-08
-0.0003741819849,2.3522522796473052e-08
-0.0003741819849,2.3522522796473052e-08
-0.0003741819849,2.3522522796473056e-08
-0.00037418196524640924,1.9026585544527727e-07
-0.0003741819849,2.3522522796473052e-08
-0.0003741819849,2.3522522796473052e-08
-0.0003741819849,2.3522522796473052e-08
-0.0003741819849,2.3522522796473052e-08
-2.7997083133187437e-05,2.9367187054344037
-0.0003741819849,2.352252279647425e-08
-0.0003741819849,2.3522522796473052e-08
-0.0003741819849,2.3522522796473052e-08
-0.0003741819849,2.3522522796473052e-08
-0.0003741819849,2.3522522796473052e-08
-0.0003741819849,2.3522522796473052e-08
-0.0003741819849,2.3522522796473056e-08
-0.0003741819744145705,1.1248211742432496e-07
-0.0003741819849,2.3522522796473052e-08
-0.0003741819849,2.3522522796473052e-08
-0.0003741819849,2.3522522796473052e-08
-0.0003741819849,2.3522522796473052e-08
-4.932681919446933e+32,5.814020282983502e+28
-0.0003741819849,2.3522522796473794e-08
-0.0003741819849,2.3522522796473052e-08
-0.0003741819849,2.3522522796473052e-08
-0.0003707420545795004,0.029184789433553193
-0.0003741819849,2.3522522796473052e-08
-0.0003741819849,2.3522522796473052e-08
-0.0003741819849,2.3522522796473056e-08
-0.00037418197707428933,8.873341323643938e-08
-0.0003741819849,2.3522522796473052e-08
399486.6531008426,-47.086423630273785
-0.0003741819849,2.3522522796473052e-08
-0.0003741819849,2.3522522796473052e-08
-2.5589372658022674e-05,2.9574999839051967
-0.0003741819849,2.352252279647402e-08
-0.0003741819849,2.3522522796473052e-08
-0.0003741819849,2.3522522796473052e-08
-0.00037357019772471756,0.005190496536347012
-0.0003741819849,2.3522522796473052e-08
-0.0003741819849,2.3522522796473052e-08
-0.0003741819849,2.3522522796473056e-08
-0.0003741819811117688,5.566231384603035e-08
28937.43785534995,29698.88825600317
43023.89385820885,-5.07111134763404
-0.0003741819849,2.3522522796473052e-08
-0.0003741819849,2.3522522796473052e-08
-151996492407730.7,17915420138.146084
-0.0003741819849,2.3522522796478796e-08
4.7986156061437475,40715.18331095148
47885.51882443829,-5.644138082856531
0.0013812410219156506,0.000869879241929619
-0.0003741819849,2.3522522796473052e-08
-0.0003741819849,2.3522522796473052e-08
-0.0003741819849,2.3522522796473056e-08
-0.00037418198157935156,5.0768290902484225e-08
-0.0003741819849,2.3522522796473052e-08
3632.993008785085,-0.4282111922309488
-0.0003741819849,2.3522522796473052e-08
-0.0003741819849,2.3522522796473052e-08
-4.932681919446933e+32,5.814020282983502e+28
-0.0003741819849,2.352252279647474e-08
-0.0003741819849,2.3522522796473052e-08
-0.0003741819849,2.3522522796473052e-08
-1.925594655981602e-05,0.0001621841177942863
-0.0003741819849,2.3522522796473052e-08
-0.0003741819849,2.3522522796473052e-08
-0.0003741819849,2.3522522796473056e-08
-0.00037418198174343884,5.030262963128237e-08
-0.0003741819849,2.3522522796473052e-08
453.99962266437075,-0.05351174215068553
-0.0003741819849,2.3522522796473052e-08
-0.0003741819849,2.3522522796473052e-08
-7.197328083877782e-05,2.988593587000441
-0.0003741819849,2.3522522796473052e-08
-0.00037418198489997463,2.3522522819026198e-08
138.07277651090246,172.0411457288593
-0.0003059553805087572,3.317511947148474e-05
-0.0003741819849,2.3522522796473052e-08
-0.0003741819849,2.3522522796473052e-08
-0.0003741819849,2.3522522796473056e-08
-0.00037418198489996943,2.352252282347035e-08
175.0664692232458,173.02874400627167
242.05940807212923,-0.028530915765729234
-0.0003741819849,2.3522522796473052e-08
-0.0003741819849,2.3522522796473052e-08
5.848603109135902e+35,-6.893592098362815e+31
-0.0003741819849,2.352252279649402e-08
0.001689140974135563,17.505470177802252
0.001984012519243888,20.007194403588453
-0.0003601100593741217,7.266260281926436e-06
-0.0003741819849,2.3522522796473052e-08
-0.0003741819849,2.3522522796473052e-08
-0.0003741819849,2.3522522796473056e-08
-0.00037418198347948824,3.5573804463056265e-08
-0.0003741819849,2.3522522796473052e-08
8.565792636258061,-0.0010096476551855155
-0.0003741819849,2.3522522796473052e-08
-0.0003741819849,2.3522522796473052e-08
-2.0036717755636524e-05,3.0046093490412153
-0.0003741819849,2.3522522796503764e-08
-1.6816059322824386e-05,3.031933786946503
-3.1523705667631415e-05,2.9071524176503147
-0.0003700966816390813,1.6702273195950807e-06
-0.0003741819849,2.3522522796473052e-08
-0.0003741819849,2.3522522796473052e-08
-0.0003741819849,2.3522522796473056e-08
-0.00037418198409281295,3.0042929627719356e-08
0.9294951057224644,-0.00010957768403260627
1.359456188055322,-0.0001602560471299993
-0.0003741819849,2.3522522796473052e-08
-0.0003741819849,2.3522522796473052e-08
-1.941980547234698e-05,3.009843590490456
-0.0003741819849,2.3522522796473516e-08
0.43140052024231645,0.4492535065861447
-0.0003170899992216734,0.48437502015788303
-0.00037418193416722574,4.53945235942186e-07
-0.0003741819849,2.3522522796473052e-08
-0.0003741819849,2.3522522796473052e-08
-0.0003741819849,2.3522522796473056e-08
-0.00037418198436421136,2.8034768008779594e-08
0.18133626171045164,0.2051050119855503
0.2389401340559853,-2.8183816004031473e-05
-0.0003741819849,2.3522522796473052e-08
-0.0003741819849,2.3522522796473052e-08
0.058731196645323724,3.0150711456529247
-0.0003741819849,2.352252279652621e-08
-0.00036416534782406665,0.08498232869735765
-0.00036353155916598684,0.09035946483087028
-0.00037418197150328517,1.371817977758515e-07
-0.0003741819849,2.3522522796473052e-08
-0.0003741819849,2.3522522796473052e-08
-0.0003741819849,2.3522522796473056e-08
-0.0003741819845903866,2.5924162552602048e-08
0.030641577754843958,0.03565297294139631
0.04431751074240405,-5.244167797412657e-06
-0.0003741819849,2.3522522796473052e-08
-0.0003741819849,2.3522522796473052e-08
4.056481801883142e+29,-4.7812666332124675e+25
-0.0003741819849,2.3522522796499737e-08
-0.0003720806902699903,0.017827649716425295
0.019288406046143475,0.022953654592231868
-0.0003741819811951781,5.495465947140673e-08
-0.0003741819849,2.3522522796473052e-08
-0.0003741819849,2.3522522796473052e-08
-0.0003741819849,2.3522522796473056e-08
-0.0003741819846495814,2.4919794075327118e-08
-0.000371159770998747,0.025640835115567067
0.03284271518259711,-3.891664327347293e-06
-0.0003741819849,2.3522522796473052e-08
-0.0003741819849,2.3522522796473052e-08
-1.7587284030129338e-05,3.025390627507091
-0.0003741819849,2.352252279990233e-08
-0.0003720663015101259,0.01794972561601276
-0.0003741819849,2.3522522796473052e-08
-0.0003741819837399676,3.3364371841564743e-08
-0.0003741819849,2.3522522796473052e-08
-0.0003741819849,2.3522522796473052e-08
-0.0003741819849,2.352252279647306e-08
-0.00037418198477208713,2.4395781308512516e-08
0.001075759895342413,-1.4737824961379863e-07
0.001556479384773897,-2.0403937043250115e-07
-0.0003741819849,2.3522522796473052e-08
-0.0003741819849,2.3522522796473052e-08
-2.3021535599648873e+20,2.713486843619398e+16
-0.0003741819849,2.3522522796484385e-08
0.00041189618078295266,0.0007782969298720287
0.0004806125326092375,0.0008355463681214883
-0.00037418198482967697,2.41191513166917e-08
-0.0003741819849,2.3522522796473052e-08
-0.0003741819849,2.3522522796473052e-08
-0.0003741819849,2.352252279647306e-08
-0.00037418198480601144,2.4199330622096965e-08
-0.0003741819849,2.3522522796473052e-08
7.803272373508208e-05,0.0005800310448431582
-0.0003741819849,2.3522522796473052e-08
-0.0003741819849,2.3522522796473052e-08
4.056481801883142e+29,-4.7812666332124675e+25
-0.0003741819849,2.3522522798831682e-08
-0.0001891473568949483,0.00018505645572200049
-0.00017765126150631045,0.00020032281020056642
-0.00037418198486396345,2.3828261117896475e-08
-0.0003741819849,2.3522522796473052e-08
-0.0003741819849,2.3522522796473052e-08
-0.0003741819849,2.352252279647306e-08
-0.00037418198481875304,2.4061087761035923e-08
-0.00029022503257384127,9.635848936920612e-05
-0.0002625591306063085,0.00014121074349079094
-0.0003741819849,2.3522522796473052e-08
-0.0003741819849,2.3522522796473052e-08
126443838609.6764,-14903594.116557335
-0.0003741819849,2.352252279661115e-08
-0.0003257605461407106,0.00010637346426925171
-0.00026782251744787965,1.0986216763521196e-08
-0.0003741819848399332,2.4032136477518116e-08
-0.0003741819849,2.3522522796473052e-08
-0.0003741819849,2.3522522796473052e-08
-0.0003741819849,2.352252279647306e-08
-0.00037418198481562517,2.4082915411616816e-08
-0.0003741819849,2.3522522796473052e-08
-0.0003741819849,2.3522522796473052e-08
-0.0003741819849,2.3522522796473052e-08
-0.0003741819849,2.3522522796473052e-08
-1.5105344431629822e-05,3.046093704674646
-0.0003741819849,2.352252279655862e-08
-0.00036076845699817636,2.1941506129249724e-08
-0.0003613043367297068,2.200466884031111e-08
-0.0003741819847979108,2.4388659286314988e-08
-0.0003741819849,2.3522522796473052e-08
-0.0003741819849,2.3522522796473052e-08
-0.0003741819849,2.3522522796473062e-08
-0.0003741819848326534,2.398461815371991e-08
-0.0003741819849,2.3522522796473052e-08
-0.00036553478295186533,1.0695290003945784e-05
-0.0003741819849,2.3522522796473052e-08
-0.0003741819849,2.3522522796473052e-08
-71.68001433738281,3.0597766760402236
-0.0003741819849,2.3522522796473052e-08
-0.0003704705617816541,3.52551439996184e-06
-0.0003741819849,2.3522522796473052e-08
-0.00037418198471897684,2.505834414478248e-08
-0.0003741819849,2.3522522796473052e-08
-0.0003741819849,2.3522522796473052e-08
-0.0003741819849,2.3522522796473062e-08
-0.00037418198483290025,2.396460935343774e-08
-0.0003741819849,2.3522522796473052e-08
-0.00037157347294103273,2.321506446679545e-08
-0.0003741819849,2.3522522796473052e-08
-0.0003741819849,2.3522522796473052e-08
-1.3922364870122105e-05,3.056484224703213
-0.0003741819849,2.3522522797659143e-08
-0.00037307153746527074,2.339163732657787e-08
-0.00037418184171088465,1.2383555058940553e-06
-0.00037418198458254886,2.621581503364871e-08
-0.0003741819849,2.35225228041186e-08
-0.0003741819849,2.3522522796473052e-08
-0.0003741819849,2.352252279647306e-08
-0.00037418198484414874,2.38409181299744e-08
-0.0003741819849,2.3522522796473052e-08
-0.00037343661821678554,9.028245332371743e-07
-0.0003741819849,2.3522522796473052e-08
-0.0003741819849,2.3522522796473052e-08
-1.3314608101956974e-05,3.0616405032776255
-0.0003741819849,2.3522522796806843e-08
-0.00037396393974912313,6.75586679264886e-07
-0.0003741819849,2.3522522796473052e-08
-0.00037418198431312267,2.8501657644063272e-08
-0.0003741819849,2.3522522796473052e-08
-0.0003741819849,2.3522522796473052e-08
-0.0003741819849,2.3522522796473062e-08
-0.0003741819848410517,2.381727143373246e-08
-0.0003741819849,2.3522522796473052e-08
-0.00037418181535891847,1.4619286287992357e-06
-0.0003741819849,2.3522522796473052e-08
-0.0003741819849,2.3522522796473052e-08
-1.269763395646506e-05,3.0668749831454396
-0.0003741819849,2.352252280476916e-08
-0.00037412781178318156,1.268091319788088e-06
-0.0003741819849,2.3522522796473052e-08
-0.00037418198384287876,3.249126137481976e-08
-0.0003741819849,2.3522522796473052e-08
-0.0003741819849,2.3522522796473052e-08
-0.0003741819849,2.3522522796473062e-08
-0.0003741819848385627,2.391185863328033e-08
-0.0003725797578809678,2.3333672581950357e-08
-0.00037418165108659535,2.855633980015068e-06
-0.0003741819849,2.3522522796473052e-08
1451554777372.261,1.23151582845128e+16
-4.932681919446933e+32,5.814020282983502e+28
-0.0003741819849,2.352252280590758e-08
-0.00037412534380034903,2.453061565936166e-06
-0.0003741819849,2.3522522796473052e-08
-0.00037418198293669326,4.0179443856463254e-08
-0.0003741819849,2.3522522796473052e-08
0.010498485594923388,-1.258009732304177e-06
-0.0003741819849,2.3522522796473062e-08
-0.00037418198483582147,2.3959152413289092e-08
-0.00037096262947347147,2.314306598061438e-08
-0.0003741819849,2.3522522796473052e-08
-0.0003741819849,2.3522522796473052e-08
-0.0003741819849,2.3522522796473052e-08
-151996492407730.7,17915420138.25546
-0.0003741819849,2.352252279671706e-08
-0.00037408468626560094,3.6004500589902107e-06
-0.0003741819849,2.3522522796473052e-08
-0.00037418198111060174,5.567221525898438e-08
-0.0003741819849,2.3522522796473052e-08
-0.0003741819849,2.3522522796473052e-08
-0.0003741819849,2.3522522796473066e-08
-0.0003741819848401457,2.3944600637247204e-08
-0.00037398452870315895,1.5765342763900137e-07
-0.0003741819849,2.3522522796473052e-08
-0.0003741819849,2.3522522796473052e-08
-0.0003741819849,2.3522522796473052e-08
2.7200830031806642e+23,-3.2060891032812106e+19
-0.0003741819849,2.3522522797909865e-08
-0.0003739655594946203,1.0635774124609766e-05
-0.0003741819849,2.3522522796473052e-08
-0.0003741819849,2.3522522796473052e-08
-0.0003741819849,2.3522522796473052e-08
-0.0003741819849,2.3522522796473052e-08
-0.0003741819849,2.3522522796473066e-08
-0.00037418198482826783,2.3971885671378938e-08
-0.0003741546219225286,2.3519297595484632e-08
-0.0003741819849,2.3522522796473052e-08
-0.0003741819849,2.3522522796473052e-08
-0.0003741819849,2.3522522796473052e-08
89128.96030812134,-7.417814169602876
-0.0003741819849,2.352252279801151e-08
-0.00037418195130961476,3.0850722864920507e-07
-0.0003741819849,2.3522522796473052e-08
-0.0003741819849,2.3522522796473052e-08
-0.0003741819849,2.3522522796473052e-08
-0.0003741819848999998,2.3522524670138718e-08
-0.0003741819849,2.352252279647307e-08
-0.00037418198483497937,2.3904582980504578e-08
-0.0003741783303581902,3.1029077081731376e-05
-0.0003741819849,2.3522522796473052e-08
-0.0003741819849,2.3522522796473052e-08
-0.0003741819849,2.3522522796473052e-08
-151996492407730.7,17915420138.271084
-0.0003741819849,2.3522522797435527e-08
-0.00037418197249326275,1.287827137393045e-07
-0.0003741819849,2.3522522796473052e-08
-0.0003741819849,2.3522522796473052e-08
-0.0003741819849,2.3522522796473052e-08
-0.0003740311024158755,2.350473868151546e-08
-0.0003741819849,2.3522522796473072e-08
-0.00037418198454678466,2.4031984730988115e-08
-0.0003739547002429295,2.3495733361682842e-08
-0.0003741819849,2.3522522796473052e-08
-0.0003741819849,2.3522522796473052e-08
-0.0003741819849,2.3522522796473052e-08
-9.04190407202438e-06,3.0978906174667373
-0.0003741819849,2.3522522797598157e-08
-0.0003741819849,2.3522522796473052e-08
-0.0003741819849,2.3522522796473052e-08
-0.0003741819849,2.3522522796473052e-08
-0.0003741819849,2.3522522796473052e-08
-0.0003741819849,2.3522522796473052e-08
-0.0003741819849,2.3522522796473076e-08
-0.0003741819846927237,2.4195693906668165e-08
-0.00037415334098297965,2.8264410385031898e-08
-0.0003741819849,2.3522522796473052e-08
-0.0003741819849,2.3522522796473052e-08
-0.0003741819849,2.3522522796473052e-08
-8.424958028292696e-06,3.103124858915974
-0.0003741819849,2.3522522797625265e-08
-0.0003741819849,2.3522522796473052e-08
-0.0003741819849,2.3522522796473052e-08
-0.0003741819849,2.3522522796473052e-08
-0.0003741819849,2.3522522796473052e-08
1.437300143307719e+37,-1.6941072468064442e+33
-0.0003741819849,2.352252279647308e-08
-0.0003741819845908882,2.4373955079495458e-08
-0.00037414075983801067,5.472763542152625e-08
-0.0003741819849,2.3522522796473052e-08
-0.0003741819849,2.3522522796473052e-08
-0.0003741819849,2.3522522796473052e-08
-7.80798385551602e-06,3.1083593387837882
-0.0003741819849,2.3522522797323596e-08
-0.0003741818860855136,8.618760315824535e-07
-0.0003741819849,2.3522522796473052e-08
-0.0003741819849,2.3522522796473052e-08
-0.0003741819849,2.3522522796473052e-08
-0.0003741819849,2.3522522796473052e-08
-0.0003741819849,2.3522522796473086e-08
-0.0003741819845751271,2.4643311450050155e-08
-0.0003741525261706206,2.7594910697000732e-08
-0.0003741819849,2.3522522796473052e-08
-0.0003741819849,2.3522522796473052e-08
4.225838220648303e+26,3.585249925341348e+30
-7.2002271146590145e-06,3.1135156173582006
-0.0003741819849,2.352252279793697e-08
-0.00037187163161084925,3.884092918074029e-07
-0.0003741819849,2.3522522796473052e-08
-0.0003741819849,2.3522522796473052e-08
-0.0003741819849,2.3522522796473052e-08
1.2618484837689424e+22,-1.4873070671273262e+18
-0.0003741819849,2.3522522796473092e-08
-0.0003741819843779469,2.4861590156750795e-08
-0.00037414192776222727,2.3517801368752953e-08
-0.0003741819849,2.3522522796473052e-08
-0.0003741819849,2.3522522796473052e-08
-0.0003741819849,2.3522522796473052e-08
-3.218643961724989e+26,3.793729574046738e+22
-0.0003741819849,2.352252279802506e-08
-0.0003741819849,2.3522522796473052e-08
-0.00037369979662113187,0.0040909645395389585
-0.0003741819849,2.3522522796473052e-08
-0.0003741819849,2.3522522796473052e-08
42.565268832885984,-0.005017075002947141
-0.0003741819849,2.35225227964731e-08
-0.00037418198439781404,2.5793204173723242e-08
-0.0003741750233027895,6.17164654249448e-08
-0.0003741819849,2.3522522796473052e-08
-0.0003741819849,2.3522522796473052e-08
-0.0003741819849,2.3522522796473052e-08
-107374183.254147,12659.031699213523
-0.0003741819849,2.3522522796889852e-08
-0.000373088184697647,0.009279950696883128
-0.0003728938732105168,0.010928511783113163
-0.0003741819849,2.3522522796473052e-08
-0.0003741819849,2.3522522796473052e-08
168607595372.79172,-19873326.425077904
-0.0003741819849,2.352252279647311e-08
-0.0003741819840678161,2.844223670210211e-08
-0.0003741819849,2.3522522796473052e-08
-0.0003741819849,2.3522522796473052e-08
-0.0003741819849,2.3522522796473052e-08
-0.0003741819849,2.3522522796473052e-08
1.9023205449785315e+17,-22422143600291.1
-0.0003741819849,2.352252279687122e-08
-0.00037417709308210925,4.366669799549074e-08
-0.0003708000271935513,0.028692943084154102
-0.0003741819849,2.3522522796473052e-08
-0.0003741819849,2.3522522796473052e-08
-0.0003741819848963819,2.3553219252053724e-08
-0.0003741819849,2.3522522796473122e-08
-0.0003741819841417459,2.9955638125524834e-08
-0.0003741688236613673,5.542930726746541e-08
-0.0003741819849,2.3522522796473052e-08
-0.0003741819849,2.3522522796473052e-08
-0.0003741819849,2.3522522796473052e-08
0.05874523943212363,3.1342117698253316
-0.0003741819849,2.3522522803087672e-08
-0.0003741819616236085,2.2100211499135074e-07
-0.0003741819849,2.3522522796473052e-08
-0.0003741819849,2.3522522796473052e-08
-0.0003741819849,2.3522522796473052e-08
-0.0003741819849,2.3522522796473052e-08
-0.0003741819849,2.3522522796473135e-08
-0.00037418198320512844,3.411865819487297e-08
-0.00037418198367847116,3.388611448702497e-08
-0.0003741819849,2.3522522796473052e-08
-0.0003741819849,2.3522522796473052e-08
-0.0003741819849,2.3522522796473052e-08
-107374183.25414515,12659.047324213414
-0.0003741819849,2.352252279788954e-08
-0.00037418197139567843,1.3809474570897854e-07
-0.0003741819849,2.3522522796473052e-08
-0.0003741819849,2.3522522796473052e-08
-0.0003741819849,2.3522522796473052e-08
1.1613421019430306e+22,-1.3688428823191857e+18
-0.0003741819849,2.3522522796473145e-08
-0.0003741819842035322,2.352252271438226e-08
-0.0003741354087849146,2.3517032994328273e-08
-0.0003741819849,2.3522522796473052e-08
-0.0003741819849,2.3522522796473052e-08
-0.0003741819849,2.3522522796473052e-08
-3.5353417150706134e-06,3.1446092145543267
-0.0003741819849,2.3522522801922158e-08
-0.0003741819709017148,1.4228559068422673e-07
-0.0003741819849,2.3522522796473052e-08
-0.0003741819849,2.3522522796473052e-08
-0.0003741819849,2.3522522796473052e-08
-0.0003741819849,2.3522522796473052e-08
-0.0003741819849,2.3522522796473145e-08
-0.0003741819795386952,5.8456565620966976e-08
-0.0003741819849,2.3522522796473052e-08
-0.0003741819849,2.3522522796473052e-08
-0.0003741819849,2.3522522796473052e-08
-0.0003741819849,2.3522522796473052e-08
-2.9275511864866512e-06,3.1497654931287347
-0.0003741819849,2.352252280119032e-08
0.0004289417610692638,6.8137945890760205
7.626145445061795,-0.0008988939532911086
-0.0003741819849,2.3522522796473052e-08
-0.0003741819849,2.3522522796473052e-08
-0.0003741819849,2.3522522796481417e-08
-0.0003741819849,2.3522522796473145e-08
-0.0003741819781155677,7.149506382484506e-08
8.753338635279249,8.876786416072832
-0.0003741819849,2.3522522796473052e-08
-0.0003741819849,2.3522522796473052e-08
-0.0003741819797665925,6.707494460712256e-08
4.056481801883142e+29,-4.7812666332124675e+25
-0.0003741819849,2.3522522800919274e-08
0.0003000234185938403,5.720036490441961
6.844895927325788,-0.0008068101616263602
-0.0003741819849,2.3522522796473052e-08
-0.0003741819849,2.3522522796473052e-08
-0.0003741819849,2.352252279647306e-08
-0.0003741819849,2.3522522796473142e-08
-0.0003741819831873175,2.3522522594603747e-08
9.753491682512015,10.126651373252601
-0.0003741819849,2.3522522796473052e-08
-0.0003741819849,2.3522522796473052e-08
-0.0003741819849,2.352252279647365e-08
-1.7028202728529697e-06,3.160156251570961
-0.0003741819849,2.3522522801759534e-08
0.0019248371814703587,19.505144007295602
-0.0003741819849,2.3522522796473052e-08
-0.0003741819849,2.3522522796473052e-08
-0.0003741819849,2.3522522796473052e-08
-0.0003741819849,2.3522522796473052e-08
-0.0003741819849,2.352252279647315e-08
-0.000374181982355706,2.3522522496583926e-08
33.76452353008268,36.257254780644104
-0.0003741819849,2.3522522796473052e-08
-0.0003741819849,2.3522522796473052e-08
-0.0003741819849,2.3522522796473052e-08
-2.3021535599648873e+20,2.713486843619398e+16
-0.0003741819849,2.3522522796473052e-08
0.007466401555577654,66.52041582121385
0.009647699750643822,85.0268014958846
-0.0003741819849,2.3522522796473052e-08
-0.0003741819849,2.3522522796473052e-08
-0.0003741819849,2.352252279647306e-08
-0.0003741819849,2.3522522796473152e-08
-0.0003741819791008672,2.352252211294477e-08
120.53552708312719,124.50823169343579
-0.0003741819849,2.3522522796473052e-08
-0.0003741819849,2.3522522796473052e-08
-0.0003741819849,2.3522522796473052e-08
4.056481801883142e+29,-4.7812666332124675e+25
-0.0003741819849,2.3522522797367767e-08
0.028625976665107817,246.04069350486665
0.04112772048730413,352.1069311714134
-0.0003741819849,2.3522522796473052e-08
-0.0003741819849,2.3522522796473052e-08
-0.00037418174755738125,2.0371646969124074e-06
-0.0003741819849,2.3522522796473158e-08
-0.0003741818982087563,7.165722025890322e-07
490.14434326924066,502.0328991885879
-0.0003741819849,2.3522522796473052e-08
-0.0003741819849,2.3522522796473052e-08
-0.0003741819849,2.3522522796473658e-08
1.204219297888968e-07,3.1756248488756205
-0.0003741819849,2.3522522798201248e-08
0.10713996922533854,912.1624692732573
-0.0003741819849,2.3522522796473052e-08
-0.0003741819849,2.3522522796473052e-08
-0.0003741819849,2.3522522796473052e-08
-0.00037418198398059835,3.13228324737543e-08
-0.0003741819849,2.3522522796473155e-08
-0.0003741819343961373,4.5200312370687824e-07
0.2203166296149203,1872.3663200252172
-0.0003741819849,2.3522522796473052e-08
-0.0003741819849,2.3522522796473052e-08
-0.0003741819849,2.3522522796473052e-08
7.791193256465457e-07,3.1808593287385167
-0.0003741819849,2.3522522798967217e-08
0.46551431994817455,3952.651828035757
0.6033076115073683,5121.706019133843
-0.0003741819849,2.3522522796473052e-08
-0.0003741819849,2.3522522796473052e-08
-0.0003741819849,2.3522522796473052e-08
-0.0003741819849,2.3522522796473158e-08
-0.00037418198488012273,2.352252279413017e-08
-0.0003741819849,2.3522522796473052e-08
-0.0003741819849,2.3522522796473052e-08
-0.0003741819849,2.3522522796473052e-08
-0.0003741819849,2.3522522796473052e-08
-71.67999845291907,3.1945423001040942
-0.0003741819849,2.352252279742198e-08
9.657783109692787,81940.92130583293
7.27318761242317,61709.73785261589
-0.0003741819849,2.3522522796473052e-08
-0.0003741819849,2.3522522796473052e-08
-0.0003741819849,2.352252279647306e-08
-0.0003741819849,2.352252279647316e-08
-0.0003741818791127871,9.140092906098966e-07
82463.359253975,80397.53863536095
-0.0003741819849,2.3522522796473052e-08
-0.0003741819849,2.3522522796473052e-08
-0.0003741819849,2.3522522796473052e-08
1.9620988871542626e-06,3.1912498487670837
-0.0003741819849,2.352252280170533e-08
9.959532670772317,84500.99941304972
13.460498870545823,114203.60076922497
-0.0003741819849,2.3522522796473052e-08
-0.0003741819849,2.3522522796473052e-08
-0.0003636295836099167,2.2278739472580884e-08
-0.0003741819849,2.3522522796473175e-08
-0.0003741819845020284,2.35225227495652e-08
-0.0003741819849,2.3522522796473052e-08
-0.0003741819849,2.3522522796473052e-08
-0.0003741819849,2.3522522796473052e-08
-0.0003741819849,2.3522522796473052e-08
2.6207962830119115e-06,3.19648432862998
-0.0003741819849,2.35225228068834e-08
53.35717682952148,452691.6218554676
-0.0003741819849,2.3522522796473052e-08
-0.0003741819849,2.3522522796473052e-08
-0.0003741819849,2.3522522796473052e-08
-0.0003741819849,2.3522522796473052e-08
-0.0003741819849,2.3522522796473178e-08
-0.00037418198486690696,2.3522522792572466e-08
-0.0003741819849,2.3522522796473052e-08
-0.0003741819849,2.3522522796473052e-08
-0.0003741819849,2.3522522796473052e-08
-0.0003741819849,2.3522522796473052e-08
2.7200830031806642e+23,-3.2060891032812106e+19
-0.0003741819849,2.3522522809919164e-08
-0.0003741819849,2.3522522796473052e-08
-0.0003741819849,2.3522522796473052e-08
-0.0003741819849,2.3522522796473052e-08
-0.0003741819849,2.3522522796473052e-08
1.2635210080689391e+22,-1.4892784267979402e+18
-0.0003741819849,2.3522522796473178e-08
-0.00037418198103358067,2.3522522340748548e-08
-0.0003741819849,2.3522522796473052e-08
-0.0003741819849,2.3522522796473052e-08
-0.0003741819849,2.3522522796473052e-08
-0.0003741819849,2.3522522796473052e-08
-4.932681919446933e+32,5.814020282983502e+28
-0.0003741819849,2.3522522806829185e-08
-0.0003741819849,2.3522522796473052e-08
-0.0003741819849,2.3522522796473052e-08
-0.0003741819849,2.3522522796473052e-08
-0.0003741819849,2.3522522796473052e-08
41.754752481094236,-0.00492154160780912
-0.0003741819849,2.352252279647318e-08
-0.00037417944114435605,2.1604920332263224e-05
-0.0003741819849,2.3522522796473052e-08
-0.0003741819849,2.3522522796473052e-08
-0.0003741819849,2.3522522796473052e-08
1401428.9640477553,11889885101.408659
-151996492407730.7,17915420138.390224
-0.0003741819849,2.352252281892005e-08
-0.0003741819849,2.3522522796473052e-08
-0.0003741819849,2.3522522796473052e-08
-0.0003741819849,2.3522522796473052e-08
-0.0003741819849,2.3522522796473052e-08
-0.0003741819849,2.3522522796473052e-08
-0.0003741819849,2.3522522796473195e-08
-0.0003741819849,2.3522522796473052e-08
-0.0003741819849,2.3522522796473052e-08
-0.0003741819849,2.3522522796473052e-08
-0.0003741819849,2.3522522796473052e-08
-0.0003741819849,2.3522522796473052e-08
2.7200830031806642e+23,-3.2060891032812106e+19
-0.0003741819849,2.3522522820221097e-08
-0.0003741819849,2.3522522796473052e-08
-0.0003741819849,2.3522522796473052e-08
-0.0003741819849,2.3522522796473052e-08
-0.0003741819849,2.3522522796473052e-08
1.2768101171670823e+22,-1.504941944353122e+18
-0.0003741819849,2.35225227964732e-08
-0.0003741819848967105,2.3522522796085323e-08
-0.00017523887542390015,1.687856328364544
-0.0003741819849,2.3522522796473052e-08
-0.0003741819849,2.3522522796473052e-08
-0.0003741819849,2.3522522796473052e-08
-4.932681919446933e+32,5.814020282983502e+28
-0.0003741819849,2.3522522821301282e-08
-0.0003741819849,2.3522522796473052e-08
-0.0003741819849,2.3522522796473052e-08
-0.0003741819849,2.3522522796473052e-08
-0.0003741819849,2.3522522796473052e-08
-0.0003741819849,2.3522522796473052e-08
-0.0003741819849,2.3522522796473218e-08
-0.00037418198489702967,2.3522522796122943e-08
-0.00010337133549721009,2.2975888327884895
-0.0003741819849,2.3522522796473052e-08
-0.0003741819849,2.3522522796473052e-08
-0.0003741819849,2.3522522796473052e-08
-151996492407730.7,17915420138.40585
-0.0003741819849,2.3522522806232857e-08
-0.0003741819849,2.3522522796473052e-08
-0.0003741819849,2.3522522796473052e-08
-0.0003741819849,2.3522522796473052e-08
-0.0003741819849,2.3522522796473052e-08
-0.0003741819849,2.352252279647306e-08
-0.0003741819849,2.352252279647322e-08
-0.0003741819849,2.3522522796473052e-08
-0.0003741819849,2.3522522796473052e-08
-0.0003741819849,2.3522522796473052e-08
-0.0003741819849,2.3522522796473052e-08
-0.0003741768980080074,4.3181301368993134e-05
6.8425596852519335e-06,3.2326562415306075
-0.0003741819849,2.3522522802735306e-08
-0.0003741819849,2.3522522796473052e-08
-0.0003741819849,2.3522522796473052e-08
-0.0003741819849,2.3522522796473052e-08
-0.0003741819849,2.3522522796473052e-08
3.0087780892589926e+18,-354636628179534.2
-0.0003741819849,2.352252279647325e-08
-0.00037418197421137906,2.3522521536633883e-08
-0.0003741819849,2.3522522796473052e-08
-0.0003741819849,2.3522522796473052e-08
-0.0003741819849,2.3522522796473052e-08
2.6414363227067157e+25,2.2410250663418238e+29
7.459505728983618e-06,3.2378904829798443
-0.00037418198489999995,2.3522522807371243e-08
-0.0003741819849,2.3522522796473052e-08
-0.0003741819849,2.3522522796473052e-08
-0.0003741819849,2.3522522796473052e-08
-0.0003741819849,2.3522522796473052e-08
-0.0003078796824388297,0.5625164108923986
-0.0003741819849,2.352252279647328e-08
-0.00037418197058839797,5.088446334511368e-08
-0.0003741819849,2.3522522796473052e-08
-0.0003741819849,2.3522522796473052e-08
-0.0003741819849,2.3522522796473052e-08
7.341423969379346e+17,-86531401296474.7
8.076479901760348e-06,3.243124962847659
-0.00037418198489999995,2.352252280905174e-08
-0.0003741819849,2.3522522796473052e-08
-0.0003741819849,2.3522522796473052e-08
-0.0003741819849,2.3522522796473052e-08
-0.0003741819849,2.3522522796473052e-08
-0.0003741819849,2.3522522796473052e-08
-0.0003741819849,2.3522522796473277e-08
-0.000374181966124802,1.828133422238782e-07
-0.0003741819849,2.3522522796473052e-08
-0.0003741819849,2.3522522796473052e-08
-0.0003741819849,2.3522522796473052e-08
-0.00037287825115660554,0.01106105109175375
8.684236642617354e-06,3.2482812414220708
-0.00037418198489999995,2.3522522796473043e-08
-4.260644975895224e-05,2.813125137495966
-0.0003741819849,2.3522522796473052e-08
-0.0003741819849,2.3522522796473052e-08
-0.0003741819849,2.3522522796473052e-08
2.219228692773751e+31,1.8828192395547576e+35
-0.0003741819849,2.3522522796473277e-08
-0.0003741819848999728,2.3522522796469843e-08
-0.0003741819849,2.3522522796473052e-08
-0.0003741819849,2.3522522796473052e-08
-0.0003741819849,2.3522522796473052e-08
23226445770508.84,1.9705584695072992e+17
-4.932681919446933e+32,5.814020282983502e+28
-0.0003741819848999999,2.3522522810027495e-08
0.6716511958657426,-7.918631182916943e-05
-0.0003741819849,2.3522522796473052e-08
-0.0003741819849,2.3522522796473052e-08
-0.0003741819849,2.3522522796473052e-08
-0.0003741819849,2.3522522796473052e-08
-0.0003741819849,2.35225227964733e-08
-0.0003741819848999456,2.3522522796466637e-08
-0.00036856927917057713,0.04761886680680058
-0.0003741819849,2.3522522796473052e-08
-0.0003741819849,2.3522522796473052e-08
-0.0003741819849,2.3522522796473052e-08
0.05875939732373338,3.2543289564909554
-0.00037418198489999984,2.352252280775065e-08
-0.0003741819849,2.3522522796473052e-08
-0.0003741819849,2.3522522796473052e-08
-0.0003741819849,2.3522522796473052e-08
5702661037.483142,48382034501425.3
-0.0003741819849,2.3522522796473052e-08
-0.0003741819849,2.352252279647334e-08
-0.0003741819849,2.3522522796473052e-08
-0.0003741819849,2.3522522796473052e-08
-0.0003741819849,2.3522522796473052e-08
-0.0003741819849,2.3522522796473052e-08
1.1954397552049236e+22,-1.4090328744784637e+18
9.701711415993045e-06,3.2569139012742188
-0.0003741819849,2.3522522796473052e-08
-0.0003741819849,2.3522522796473052e-08
-0.0003741819849,2.3522522796473052e-08
-0.0003741819849,2.3522522796473052e-08
-0.0003741819849,2.3522522796473052e-08
-0.0003741819849,2.3522522796473052e-08
-0.0003741819849,2.3522522796473052e-08
-0.0003741819849,2.3522522796473052e-08
-0.0003741819849,2.3522522796473052e-08
-0.0003741819849,2.3522522796473052e-08
9.4735559375478e+21,-1.116622691328582e+18
1.2618467949190939e+22,-1.487305076525168e+18
1.0005637611386158e-05,3.2594921597707094
-0.0003741819849,2.3522522796473052e-08
-0.0003741819849,2.3522522796473052e-08
-0.0003741819849,2.3522522796473052e-08
-0.0003741819849,2.3522522796473052e-08
1.5299048715590279e+22,-1.7505559144226115e+18
1.5568579102919657e+18,1.3208562219367314e+22
-0.0003741819849,2.3522522796473052e-08
-0.0003741819849,2.3522522796473052e-08
-0.0003741819849,2.3522522796473052e-08
-0.0003741819849,2.3522522796473052e-08
-0.0003741819848999999,2.352252279647304e-08
-0.0003741819849,2.3522522796473052e-08
2.7200830031806642e+23,-3.2060891032812106e+19
-0.0003741819849,2.352252284482847e-08
-0.0003741819849,2.3522522796473052e-08
-0.0003741819849,2.3522522796473052e-08
-0.0003741819849,2.3522522796473052e-08
-0.0003741819849,2.352252279647546e-08
-0.0003741819848963552,2.355344574101862e-08
-0.0003741819849,2.3522522796473052e-08
-0.0003741819849,2.3522522796473052e-08
-0.0003741819849,2.3522522796473052e-08
-0.0003741819849,2.3522522796473052e-08
-0.0003741819849,2.3522522796473052e-08
1.2625170901043421e+22,1.2764323173492345e+22
-151996492407730.7,17915420138.44296
-0.00037418198489999984,2.352252287628076e-08
-0.0003741819849,2.3522522796473052e-08
-0.0003741819849,2.3522522796473052e-08
-0.0003741819849,2.3522522796473052e-08
-0.0003741819849,2.3522522796473052e-08
-0.0003741819849,2.3522522796473082e-08
-0.0003741819849,2.35225227964734e-08
-0.00037418195852058415,2.3522519687201844e-08
-0.0003741819849,2.3522522796473052e-08
-0.0003741819849,2.3522522796473052e-08
-0.0003741819849,2.3522522796473052e-08
1.6287442606153485e+18,1.381845431336809e+22
1.0926476090068868e-05,3.2673046597164412
-0.0003741819848999998,2.352252281512389e-08
-0.0003741819849,2.3522522796473052e-08
-0.0003741819849,2.3522522796473052e-08
-0.0003741819849,2.3522522796473052e-08
-0.0003741819849,2.3522522796473052e-08
-0.0003741819849,2.3522522796473052e-08
-0.0003741819849,2.3522522796473426e-08
-0.0003741819848999842,2.352252281013414e-08
16.005055928393347,-0.0018864937275099745
-0.0003741819849,2.3522522796473052e-08
-0.0003741819849,2.3522522796473052e-08
-0.0003741819849,2.3522522796473052e-08
1.1230340423259663e-05,3.2698826797943585
-0.0003741819848999998,2.3522522821845908e-08
-0.0003741819849,2.3522522796473052e-08
-0.0003741819849,2.3522522796473052e-08
-0.0003741819849,2.3522522796473052e-08
-0.0003741819849,2.3522522796473052e-08
-0.0003741819849,2.3522522796473052e-08
-0.0003741819849,2.3522522796473456e-08
-0.0003741819849,2.3522522796473052e-08
-0.0003741819849,2.3522522796473052e-08
-0.0003741819849,2.3522522796473052e-08
-0.0003741819849,2.3522522796473052e-08
1.5743161547529316e+18,1.3356679980583118e+22
1.1534232858210634e-05,3.272460938290853
-0.0003741819848999997,2.3522523646568576e-08
-0.0003741819849,2.3522522796473052e-08
-0.0003741819849,2.3522522796473052e-08
-0.0003741819849,2.3522522796473052e-08
-0.0003741819849,2.3522522796473052e-08
-0.0003741819849,2.3522522796473052e-08
-0.0003741819849,2.3522522796473526e-08
-0.0003741819849,2.3522522796473052e-08
-0.0003741819849,2.3522522796473052e-08
-0.0003741819849,2.3522522796473052e-08
-0.0003741819849,2.3522522796473052e-08
-0.0003741819849,2.3522522796473052e-08
89128.96033022147,-7.2303141709053165
-0.0003741819848999998,2.3522522796473026e-08
-0.0003741819849,2.3522522796473052e-08
-0.0003741819849,2.3522522796473052e-08
-0.0003741819849,2.3522522796473052e-08
-0.0003741819849,2.3522522796473052e-08
11811381.917579789,-1392.1760040750473
-0.0003741819849,2.3522522796473585e-08
-0.0003741819667056571,2.3536335700981687e-08
-0.0003741819849,2.3522522796473052e-08
-0.0003741819849,2.3522522796473052e-08
-0.0003741819849,2.3522522796473052e-08
-0.0003741819849,2.3522522796473052e-08
-3.790225712751842e-05,3.2776560849925107
-0.00037418198489999957,2.352252438563896e-08
-0.0003741819849,2.3522522796473052e-08
-0.0003741819849,2.3522522796473052e-08
-0.0003741819849,2.3522522796473052e-08
-0.0003741819849,2.3522522796473052e-08
-0.0003741819849,2.3522522796473052e-08
-0.0003741819849,2.352252279647362e-08
-0.00037418197261914225,2.3533435285458272e-08
-0.0003741819849,2.3522522796473052e-08
-0.0003741819849,2.3522522796473052e-08
-0.0003741819849,2.3522522796473052e-08
-0.0003741819849,2.3522522796473052e-08
1.2450462675503112e-05,3.2802343375898837
-0.00037418198489999957,2.352252421910423e-08
-0.0003741819849,2.3522522796473052e-08
-0.0003741819849,2.3522522796473052e-08
-0.0003741819849,2.3522522796473052e-08
-0.0003741819849,2.3522522796473052e-08
-0.0003741819849,2.3522522796473052e-08
-0.0003741819849,2.3522522796473635e-08
-0.00037418197603015287,2.3530083434978325e-08
-0.0003741819849,2.3522522796473052e-08
-0.0003741819849,2.3522522796473052e-08
-0.0003741819849,2.3522522796473052e-08
-0.0003741771230489237,4.127202825865417e-05
4.056481801883142e+29,-4.7812666332124675e+25
-0.00037418198489999957,2.352252417747002e-08
0.020995302298149648,0.02026623199327918
-0.0003741819849,2.3522522796473052e-08
-0.0003741819849,2.3522522796473052e-08
-0.0003741819849,2.3522522796473052e-08
4.7569486237945455e+19,-5606888146347966.0
-0.0003741819849,2.3522522796473665e-08
-0.0003741819439632164,2.3556857315470795e-08
-0.00031647405534622843,1.6720643445772287e-08
-0.0003741819849,2.3522522796473052e-08
-0.0003741819849,2.3522522796473052e-08
-0.0003741819849,2.3522522796473052e-08
-3.698141864883571e-05,3.285468584938242
-0.00037418198489999946,2.352252479518806e-08
0.014034138844463109,0.013855850190556303
-0.0003741819849,2.3522522796473052e-08
-0.0003741819849,2.3522522796473052e-08
-0.0003741819849,2.3522522796473052e-08
-0.0003741819849,2.3522522796473052e-08
-0.0003741819849,2.3522522796473724e-08
-0.0003741819849,2.3522522796473052e-08
-0.0003741819849,2.3522522796473052e-08
-0.0003741819849,2.3522522796473052e-08
-0.0003741819849,2.3522522796473052e-08
-0.0003741819849,2.3522522796473052e-08
1.3371301154185822e-05,3.2880468375356156
-0.0003741819848999994,2.352252483681803e-08
-0.000316458453539504,0.010256454374807145
-0.00037418145076850446,4.5551557857093605e-06
-0.0003741819849,2.3522522796473052e-08
-0.0003741819849,2.3522522796473052e-08
-0.0003741819849,2.3522522796473052e-08
-0.0003741819849,2.3522522796473645e-08
-0.00037418019323397727,1.52242238720942e-05
-0.0003741819849,2.3522522796473052e-08
-0.0003741819849,2.3522522796473052e-08
-0.0003741819849,2.3522522796473052e-08
-0.0003741819849,2.3522522796473052e-08
-71.6799861367044,3.2990344868782544
-0.0003741819848999994,2.3522524698038454e-08
-0.0003733149536080515,0.007356017085026198
-0.0003741758009300565,5.24890373404732e-05
-0.0003741819849,2.3522522796473052e-08
-0.0003741819849,2.3522522796473052e-08
-0.0003741819849,2.3522522796473052e-08
-0.0003741819849,2.3522522796473665e-08
-0.000374179644706863,1.2840035271379629e-05
-0.00037413903465611874,0.00036441834936725066
-0.0003741819849,2.3522522796473052e-08
-0.0003741819849,2.3522522796473052e-08
-0.0003741819849,2.3522522796473052e-08
1.3979057895042773e-05,3.2932031161100275
-0.00037418198489999935,2.3522525017226935e-08
-0.00037414645488611066,0.0003014642615972177
-2.5038438223847197e-05,-1.763009347187029e-08
-0.0003741819849,2.3522522796473052e-08
-0.0003741819849,2.3522522796473052e-08
-0.0003741819849,2.3522522796473056e-08
-0.0003741819849,2.3522522796473618e-08
-0.0003741801157802574,1.588135016046514e-05
-0.00013378381472323154,0.0002499497990684041
-0.0003741819849,2.3522522796473052e-08
-0.0003741819849,2.3522522796473052e-08
-0.0003741819849,2.3522522796473052e-08
126443838609.67644,-14903593.861674525
-0.0003741819848999993,2.352252523926942e-08
-0.0003741568016595508,0.0002136810414008319
-0.00014049782834165393,1.4863564055775278e-06
-0.0003741819849,2.3522522796473052e-08
-0.0003741819849,2.3522522796473052e-08
-0.0003741819849,2.352252279647306e-08
-0.0003741819849,2.3522522796473052e-08
-0.00037417597042308464,5.1051038915467673e-05
-0.00018434408326029321,0.0001936305765770282
-0.0003741819849,2.3522522796473052e-08
-0.0003741819849,2.3522522796473052e-08
-0.0003741819849,2.3522522796473052e-08
-71.67998521586593,3.3068469868239863
-0.0003741819849,2.3522522796473052e-08
-0.0003741819849,2.3522522796473052e-08
-0.0003741569142655543,0.00021272567906889541
-0.0003741819849,2.3522522796473052e-08
9.473557063447695e+21,-1.1166228396308632e+18
-0.0003741819849,2.3522522796473052e-08
-0.0003741819849,2.3522522796473052e-08
-0.0003741819849,2.3522522796473052e-08
-0.0003741819849,2.3522522796473052e-08
-0.0003741819849,2.3522522796473052e-08
1.0419454036198725e+34,-1.2281131865656319e+30
-0.00032618403623056996,7.217233382059147e-08
1.4899896373725483e-05,3.3010156160557593
-0.0003741819849,2.3522522796473052e-08
-0.0003741819849,2.3522522796473052e-08
-0.0003741819849,2.3522522796473052e-08
-0.0003741819849,2.3522522796473052e-08
6.199523413516953e+26,-7.307212477844114e+22
-0.00037418198489990026,2.352336852864287e-08
-0.0003741819849,2.3522522796473052e-08
-0.0003741819849,2.3522522796473052e-08
-0.0003741819849,2.3522522796473052e-08
-0.0003741819849,2.3522522796473052e-08
3.169979848674437e+32,2.689447494762359e+36
1.4288344818720463e+19,-1684128998035436.0
5.848603109135902e+35,-6.893592098362815e+31
-0.0003741819849,2.3522522796473052e-08
-0.0003741819849,2.3522522796473052e-08
-0.0003741819849,2.3522522796473052e-08
-0.0003741819849,2.3522522796473052e-08
2054.5713110851707,14925.009889953793
0.9149611692571985,-0.00010437625608503637
-0.0003741819849,2.3522522796473052e-08
-0.0003741819849,2.3522522796473052e-08
-0.0003741819849,2.3522522796473052e-08
-0.0003741819849,2.3522522796473052e-08
35299160153747.96,35568906258602.54
14670.103039539295,-1.7291258393052693
-3.218643961724989e+26,3.793729574046738e+22
-0.0003741819849,2.3522522796473052e-08
-0.0003741819849,2.3522522796473052e-08
-0.0003741819849,2.3522522796473052e-08
-0.0003741819849,2.3522522796473052e-08
115848.24460976101,982597753.1707484
114.53414741449113,971238.868246714
-0.0003741819849,2.3522522796473052e-08
-0.0003741819849,2.3522522796473052e-08
-0.0003741819849,2.3522522796473052e-08
-0.0003741819849,2.3522522796473052e-08
141196947063262.7,35558571853283.57
12943.10305153575,-1.5255680850783373
1.5857849414075515e-05,3.308789015349872
-0.0003741819849,2.3522522796473052e-08
-0.0003741819849,2.3522522796473052e-08
-0.0003741819849,2.3522522796473052e-08
-0.0003741819849,2.3522522796473052e-08
455385.63469214435,3863544293.1624565
11614906577.656477,64910301199759.91
-0.0003741819849,2.3522522796473052e-08
-0.0003741819849,2.3522522796473052e-08
-0.0003741819849,2.3522522796473052e-08
-0.0003741819849,2.3522522796473052e-08
141196946810144.53,35556424369650.484
13371023267.119778,-1576006.7452283744
1.6119990496900577e-05,3.311367035432707
-0.0003741819849,2.3522522796473052e-08
-0.0003741819849,2.3522522796473052e-08
-0.0003741819849,2.3522522796473052e-08
-0.0003741819849,2.3522522796473052e-08
455300.6646083472,3862823397.1674643
997798700567.152,3777027170.241452
-0.0003741819849,2.3522522796473052e-08
-0.0003741819849,2.3522522796473052e-08
-0.0003741819849,2.3522522796473052e-08
-0.0003741819849,2.3522522796473052e-08
8892209104664.146,136827061135.5285
758662.3693558812,-89.42150490175008
-3.218643961724989e+26,3.793729574046738e+22
-0.0003741819849,2.3522522796473052e-08
-0.0003741819849,2.3522522796473052e-08
-0.0003741819849,2.3522522796473052e-08
-0.0003741819849,2.3522522796473052e-08
0.12519681972359548,2.643662475817891
0.03589793091548332,0.7035797088776768
-0.0003741819849,2.3522522796473052e-08
-0.0003741819849,2.3522522796473052e-08
-0.0003741819849,2.3522522796473052e-08
-0.0003741819849,2.3522522796473052e-08
-0.0003741819849,2.352252279647306e-08
-0.0003741819849,2.3522522796473052e-08
1.6727747265065708e-05,3.316523314007119
-0.0003741819849,2.3522522796473052e-08
-0.0003741819849,2.3522522796473052e-08
-0.0003741819849,2.3522522796473052e-08
-0.0003741819849,2.3522522796473052e-08
-0.0003741819849,2.3522522796473052e-08
-0.0003741819849,2.3522522796473052e-08
-0.0003741819849,2.3522522796473145e-08
-0.00037417153024755227,2.6492232913915686e-05
-0.0003741819849,2.3522522796473052e-08
-0.0003741819849,2.3522522796473052e-08
-0.0003741819849,2.3522522796473052e-08
7.876822613904003e+29,-9.284200195871494e+25
-107374183.25412397,12659.227011712166
-0.00037418198489999876,2.3522526321730883e-08
-0.0003602302396482841,2.327280469000363e-05
-0.00037417879453571236,2.709094140354804e-05
-0.0003741819849,2.3522522796473052e-08
-0.0003741819849,2.3522522796473052e-08
1.4153708097332378e+30,1.2008169326339996e+34
-0.0003741819849,2.3522522796473152e-08
-0.00037417924462826495,2.327230423340056e-05
-0.00037417944099969134,2.1606266384414147e-05
-0.0003741819849,2.3522522796473052e-08
-0.0003741819849,2.3522522796473052e-08
-0.0003741819849,2.3522522796473052e-08
1.7344721410557623e-05,3.3217577938749336
-0.00037418198489999854,2.35225272379664e-08
-0.00036017121473205945,1.838518226656278e-05
-0.0003741819849,2.3522522796473052e-08
-0.0003741819849,2.3522522796473052e-08
-0.0003741819849,2.3522522796473052e-08
-0.0003741819849,2.3522522796473056e-08
-0.0003741819849,2.3522522796473145e-08
-0.00037417221057036673,1.8739379960201995e-05
-0.0003741819849,2.3522522796473052e-08
-0.0003741819849,2.3522522796473052e-08
-0.0003741819849,2.3522522796473052e-08
-0.0003741819849,2.3522522796473052e-08
1.7648585743748363e-05,3.324335813952851
-0.0003741819848999994,2.3522527376740148e-08
-0.0003577261936593732,1.5762278776195487e-05
-0.00037417959543888004,2.0295986480502013e-05
-0.0003741819849,2.3522522796473052e-08
-0.0003741819849,2.3522522796473052e-08
-0.0003741819849,2.3522522796473052e-08
-0.0003741819849,2.3522522796473135e-08
-0.0003741803056490581,1.4270481350210347e-05
-0.0003741819849,2.3522522796473052e-08
-0.0003741819849,2.3522522796473052e-08
-0.0003741819849,2.3522522796473052e-08
-0.0003741819849,2.3522522796473052e-08
-107374183.25412305,12659.234824212112
-0.0003741819848999992,2.3522528903290017e-08
-0.0003603505653443592,1.3137491700033767e-05
-0.00035927764512570044,2.1765788120137565e-08
-0.0003741819849,2.3522522796473052e-08
-0.0003741819849,2.3522522796473052e-08
1.9314340887671314e+29,-2.2765297156231255e+25
-0.0003741819849,2.352252279647315e-08
-0.00037418039698492437,1.3495577317767341e-05
-0.0003741819849,2.3522522796473052e-08
-0.0003741819849,2.3522522796473052e-08
-0.0003741819849,2.3522522796473052e-08
-0.0003741819849,2.3522522796473052e-08
0.0587682603940907,3.329524268468622
-0.0003741819848999999,2.352252279665261e-08
-0.000363092607684022,1.1290100909685544e-05
-0.0003741819849,2.3522522796473052e-08
-0.0003741819849,2.3522522796473052e-08
-0.0003741819849,2.3522522796473052e-08
-0.0003741819849,2.3522522796473052e-08
-0.0003741819849,2.3522522796473142e-08
-0.0003741806500663899,1.1348404951454058e-05
-0.00037418072700211937,1.0695673341451557e-05
-0.0003741819849,2.3522522796473052e-08
-0.0003741819849,2.3522522796473052e-08
-0.0003741819849,2.3522522796473052e-08
1.8564781773313885e-05,3.3321092132518855
-0.0003741819848999987,2.3522532955013642e-08
-0.0003651790614971672,9.799223894040015e-06
-0.0003629135329792166,2.2194340499395104e-08
-0.0003741819849,2.3522522796473052e-08
-0.0003741819849,2.3522522796473052e-08
2.018595072299686e+32,-2.3792640363068077e+28
-0.0003741819849,2.3522522796473178e-08
-0.00037418086058099535,9.562374738812148e-06
-0.000365416201326287,9.621767590772534e-06
-0.0003741819849,2.3522522796473052e-08
-0.0003741819849,2.3522522796473052e-08
-0.0003741819849,2.3522522796473052e-08
-4.932681919446933e+32,5.814020282983502e+28
-0.00037418198489999984,2.3522522796473033e-08
-0.0003654176484347636,8.309134976414043e-06
-0.0003647017123278239,2.2405108417785038e-08
-0.0003741819849,2.3522522796473052e-08
-0.0003741819849,2.3522522796473052e-08
-0.0003741819849,2.3522522796473052e-08
-0.0003741819849,2.3522522796473195e-08
-0.0003741639722175852,8.608698425195102e-06
-0.00036663967163533734,8.072175561611313e-06
-0.0003741819849,2.3522522796473052e-08
-0.0003741819849,2.3522522796473052e-08
-0.0003741819849,2.3522522796473052e-08
2.7200830031806642e+23,-3.2060891032812106e+19
-0.0003741819848999999,2.352252279647304e-08
-0.000366611344894812,7.235581701029384e-06
-0.0003658341396345451,2.253858459641971e-08
-0.0003741819849,2.3522522796473052e-08
-0.0003741819849,2.3522522796473052e-08
-0.0003741819849,2.3522522796473052e-08
-0.0003741819849,2.3522522796473218e-08
-0.00037416120596961357,7.385749223142303e-06
-0.0003675636621900949,7.027765722706249e-06
-0.0003741819849,2.3522522796473052e-08
-0.0003741819849,2.3522522796473052e-08
-0.0003741819849,2.3522522796473052e-08
1.9485620251996595e-05,3.339921713197617
-0.0003741819848999981,2.352253756243916e-08
-0.00036762468708145314,6.69922932093314e-06
-0.0003741819849,2.3522522796473052e-08
-0.0003741819849,2.3522522796473052e-08
-0.0003741819849,2.3522522796473052e-08
-0.0003741819849,2.3522522796473052e-08
-0.0003741819849,2.352252279647323e-08
-0.0003741811698242805,6.9387190110445495e-06
-0.0003680405836512312,6.3125580084381495e-06
-0.0003741819849,2.3522522796473052e-08
-0.0003741819849,2.3522522796473052e-08
-0.0003741819849,2.3522522796473052e-08
1.9789546447389708e-05,3.342499971694108
-0.0003741819848999975,2.3522543002531945e-08
-0.00036845921542098435,6.1621264497709825e-06
-0.0003741819849,2.3522522796473052e-08
-0.0003741819849,2.3522522796473052e-08
-0.0003741819849,2.3522522796473052e-08
-0.0003741819849,2.3522522796473052e-08
-0.0003741819849,2.3522522796473224e-08
-0.00037417651318491567,5.448605515674759e-06
-0.0003686664672930114,5.9550098202484985e-06
-0.0003741819849,2.3522522796473052e-08
-0.0003741819849,2.3522522796473052e-08
-0.0003741819849,2.3522522796473052e-08
2.0093410780580502e-05,3.3450779917720252
-0.00037418198489999686,2.3522547887513217e-08
-0.00037417813011274704,5.5667540710595826e-06
-0.0003741819849,2.3522522796473052e-08
-0.0003741819849,2.3522522796473052e-08
-0.0003741819849,2.3522522796473052e-08
-0.0003741819849,2.3522522796473052e-08
-0.0003741819849,2.3522522796473234e-08
-0.00037418101670900334,2.54583343338527e-08
-0.0003690247911811113,2.291465816269882e-08
-0.0003741819849,2.3522522796473052e-08
-0.0003741819849,2.3522522796473052e-08
-0.00037418198489971627,2.3524929999365557e-08
-151996492407730.7,17915420138.525967
-0.00037418198489999686,2.352254788751321e-08
-0.0003741540371625962,5.030309424583141e-06
-0.0003741819849,2.3522522796473052e-08
-0.0003741819849,2.3522522796473052e-08
-0.0003741819849,2.3522522796473052e-08
-0.00037418198486402693,2.3522522792233e-08
-0.0003741819849,2.3522522796473218e-08
-0.0003741819846598109,2.556031493955681e-08
-0.0003741819849,2.3522522796473052e-08
-0.0003741819849,2.3522522796473052e-08
-0.0003741819849,2.3522522796473052e-08
-0.0003741819849,2.3522522796473052e-08
2.0710384926072418e-05,3.3503124716398394
-0.0003741819848999964,2.3522551884316076e-08
-0.0003692342514336833,4.6721016714577836e-06
-0.0003741819849,2.3522522796473052e-08
-0.0003741819849,2.3522522796473052e-08
-0.0003741819849,2.3522522796473052e-08
-0.0003741819849,2.3522522796473052e-08
-0.0003741819849,2.3522522796473208e-08
-0.0003741819849,2.3522522796473052e-08
-0.0003700394621168858,2.3034254712759926e-08
-0.0003741819849,2.3522522796473052e-08
-0.0003741819849,2.3522522796473052e-08
1.2178888481115382e+22,-1.4354930200189796e+18
2.1014249259263212e-05,3.3528904917177567
-0.0003741819848999962,2.3522553660672905e-08
0.0008085000551150546,0.001067999364747631
-0.0003741819849,2.3522522796473052e-08
1701301.1818708945,14434035611.73609
-0.0003741819849,2.3522522796473052e-08
-0.0003741819849,2.3522522796473052e-08
-0.0003741819849,2.3522522796473258e-08
-0.0003741819849,2.3522522796473052e-08
-0.0003741819849,2.3522522796473052e-08
-0.0003741819849,2.3522522796473052e-08
-0.0003741819849,2.3522522796473052e-08
2640.1875957595867,-0.3111918728698242
2.1313533032823952e-05,3.3554296495675504
-0.0003741819848999953,2.3522561654278626e-08
-0.0003741819849,2.3522522796473052e-08
-0.0003741819849,2.3522522796473052e-08
1693392.9293151887,14366941084.202152
-0.0003741819849,2.3522522796473052e-08
-0.0003741819849,2.3522522796473052e-08
-0.0003741819849,2.3522522796473294e-08
-0.0003741819849,2.3522522796473052e-08
-0.0003741819849,2.3522522796473052e-08
-0.0003741819849,2.3522522796473052e-08
-0.0003741819849,2.3522522796473052e-08
-0.00037418198489999995,2.352252279647305e-08
4.056481801883142e+29,-4.7812666332124675e+25
-0.00037418198489999415,2.3522570980151964e-08
-0.0003741819849,2.3522522796473052e-08
-0.0003741819849,2.3522522796473052e-08
1645932.913416679,13964284830.999146
-0.0003741819849,2.3522522796473052e-08
-0.0003741819849,2.3522522796473052e-08
-0.0003741819849,2.352252279647327e-08
-0.0003741819849,2.3522522796473052e-08
-0.0003741819849,2.3522522796473052e-08
-0.0003741819849,2.3522522796473052e-08
-0.0003741819849,2.3522522796473052e-08
-0.0003741819849,2.3522522796473052e-08
-2.811834829151487e-05,3.360663896915909
-0.00037418198489999344,2.352257675331165e-08
1581988.4599620323,13421772706.767626
-0.0003741819849,2.3522522796473052e-08
121656.91216073054,1032151288.8303126
-0.0003741819849,2.3522522796473052e-08
-0.0003741819849,2.3522522796473052e-08
-0.0003741819849,2.352252279647332e-08
-0.0003741819849,2.3522522796473052e-08
-0.0003741819849,2.3522522796473052e-08
-0.0003741819849,2.3522522796473052e-08
-0.0003741819849,2.3522522796473052e-08
-0.0003741819849,2.3522522796473052e-08
2.2234371511506662e-05,3.3632421495132823
-0.00037418198489999355,2.3522576087177844e-08
-0.0003741819849,2.3522522796473052e-08
-0.0003741819849,2.3522522796473052e-08
-0.0003741819849,2.3522522796473052e-08
-0.0003741819849,2.3522522796473052e-08
-0.0003741819849,2.3522522796473052e-08
-0.0003741819849,2.3522522796473363e-08
-0.0003741819849,2.3522522796473052e-08
-0.0003741819849,2.3522522796473052e-08
-0.0003741819849,2.3522522796473052e-08
-0.0003741819849,2.3522522796473052e-08
-0.0003741819849,2.3522522796473052e-08
4.056481801883142e+29,-4.7812666332124675e+25
-0.00037418198489999073,2.352260006799501e-08
-0.0003741819849,2.3522522796473052e-08
-0.0003741819849,2.3522522796473052e-08
-0.0003740711224633177,2.3509455737497474e-08
-0.0003741819849,2.3522522796473052e-08
-0.0003741819849,2.3522522796473052e-08
-0.0003741819849,2.3522522796473317e-08
-0.0003741763387569306,2.352185730068674e-08
-0.0003741819849,2.3522522796473052e-08
-0.0003741816591859077,2.3522484405423922e-08
-0.0003741819849,2.3522522796473052e-08
-0.0003741819849,2.3522522796473052e-08
-2.3021535599648873e+20,2.713486843619398e+16
-0.00037418198489998716,2.3522630266061072e-08
-0.0003741727675226499,7.822481592489517e-05
-0.00037417119382407796,9.157625626183885e-05
62805.87357711519,532852284.2986198
-0.0003741819849,2.3522522796473052e-08
-0.0003741819849,2.3522522796473052e-08
-0.0003741819849,2.3522522796473314e-08
-0.00037418148960647625,4.225649950272051e-06
-0.0003741819849,2.3522522796473052e-08
-0.00037418170647932655,2.3522489979772742e-08
-0.0003741819849,2.3522522796473052e-08
-0.0003741819849,2.3522522796473052e-08
126443838609.67645,-14903593.786479214
-0.00037418198489998526,2.3522646278032974e-08
-0.0003630348134103381,9.380137930239328e-06
-0.0003741819849,2.3522522796473052e-08
-0.0003741794332834251,3.019910518136372e-06
-0.0003741819849,2.3522522796473052e-08
-0.0003741819849,2.3522522796473052e-08
-0.0003741819849,2.352252279647329e-08
-0.000374116336836972,3.779015795092563e-06
-0.0003741819849,2.3522522796473052e-08
-0.0003741680680107198,3.685443280645992e-08
-0.0003741819849,2.3522522796473052e-08
-0.0003741819849,2.3522522796473052e-08
2.3459074296095352e-05,3.373632669536931
-0.0003741819848999908,2.352259874339811e-08
-0.0003741819159628695,6.083930955922759e-07
-0.0003741819849,2.3522522796473052e-08
14527.350200267114,123251719.14385006
-0.0003741819849,2.3522522796473052e-08
-0.0003741819849,2.3522522796473052e-08
-0.0003741819849,2.3522522796473354e-08
-0.0003740606666756994,9.682145201096886e-05
-0.00030790162037017246,1.5710233457063046e-08
-0.0003741701625035536,4.50659931427712e-08
-0.0003741819849,2.3522522796473052e-08
-0.0003741819849,2.3522522796473052e-08
-2.3021535599648873e+20,2.713486843619398e+16
-0.0003741819848999731,2.3522748408874018e-08
-0.0003741722054874456,8.299318747380362e-05
-0.0003741819849,2.3522522796473052e-08
-0.0003741724924750574,3.481840015917971e-06
-0.0003741819849,2.3522522796473052e-08
-0.0003741819849,2.3522522796473052e-08
-0.0003741819849,2.3522522796473344e-08
-0.0003740610889800756,9.729828922226014e-05
-0.00028786260092194675,0.00010062598936756755
-0.00037383913780731775,4.56090367729224e-08
-0.0003741819849,2.3522522796473052e-08
-0.0003741819849,2.3522522796473052e-08
126443838609.67645,-14903593.778666714
-0.00037418198489996005,2.3522858527913327e-08
-0.00037418104349103284,8.010544867218138e-06
-0.0003741695605739243,0.00010543293909200182
-0.0003741677560668264,2.6771831140559096e-06
-0.0003741819849,2.3522522796473052e-08
-0.0003741819849,2.3522522796473052e-08
-0.0003741819849,2.35225227964734e-08
0.0008637174172929103,10.499999950551341
-0.0003741819849,2.3522522796473052e-08
-0.0002587570373322326,1.6613587858694093e-08
-0.0003741819849,2.3522522796473052e-08
-0.0003741819849,2.3522522796473052e-08
-71.67997543195709,3.389854798747385
-0.00037418198489999534,2.3522558989743357e-08
-0.0003741819849,2.3522522796473052e-08
-0.0003741818891673042,8.357297643906688e-07
-0.00037275075037915956,1.3650850993132816e-06
-0.0003741819849,2.3522522796473052e-08
-0.0003741819849,2.3522522796473052e-08
-0.0003741819849,2.352252279647346e-08
-0.00037374609296892487,2.3471145380092964e-08
-0.0003741819849,2.3522522796473052e-08
-0.0003741819842994449,2.8617701262415485e-08
-0.0003741819849,2.3522522796473052e-08
-0.0003741819849,2.3522522796473052e-08
2.4683805209729033e-05,3.3840234279791575
-0.0003741819848999986,2.352252962481252e-08
-0.0003741819849,2.3522522796473052e-08
-0.0003741819849,2.3522522796473052e-08
255262.62196622457,2165677552.956439
-0.0003741819849,2.3522522796473052e-08
-0.0003741819849,2.3522522796473052e-08
-0.0003741819849,2.3522522796473684e-08
-0.0003741819849,2.3522522796473052e-08
-0.0003741819849,2.3522522796473052e-08
-0.0003741780826820448,2.7307571230000707e-08
-0.0003741819849,2.3522522796473052e-08
-0.0003741819849,2.3522522796473052e-08
5.848603109135902e+35,-6.893592098362815e+31
-0.0003741819848999945,2.3522565654832108e-08
-0.0003741819849,2.3522522796473052e-08
-0.0003741819849,2.3522522796473052e-08
377866.1543364015,3205860073.7309637
-0.0003741819849,2.3522522796473052e-08
-0.0003741819849,2.3522522796473052e-08
-0.0003741819849,2.3522522796473615e-08
-0.0003686387529743939,2.286915687150441e-08
-0.0003741819849,2.3522522796473052e-08
-0.0003741819849,2.3522522796473052e-08
-0.0003741819849,2.3522522796473052e-08
-0.0003741819849,2.3522522796473052e-08
-3.218643961724989e+26,3.793729574046738e+22
-0.00037418198489999323,2.3522574536602666e-08
0.0009886589635503772,11.562499943205314
-0.0003741819849,2.3522522796473052e-08
-0.00037364526769438535,2.3459261374580683e-08
-0.0003741819849,2.3522522796473052e-08
-0.0003741819849,2.3522522796473052e-08
-0.0003741819849,2.3522522796473658e-08
-0.0003661343565575573,2.2573970362382166e-08
-0.0003741819581155098,2.507652294241417e-07
-0.0003741819849,2.3522522796473052e-08
-0.0003741819849,2.3522522796473052e-08
-0.0003741819849,2.3522522796473052e-08
2.5641758250079065e-05,3.39179682727327
-0.0003741819848999955,2.3522555884869544e-08
-0.0003741819849,2.3522522796473052e-08
-0.0003741819849,2.3522522796473052e-08
-0.0003741819849,2.3522522796473052e-08
-0.0003741819849,2.3522522796473052e-08
-0.0003741819849,2.3522522796473052e-08
-0.0003741819849,2.3522522796473625e-08
-0.0003607699312890777,2.1941679899976142e-08
-0.00035000997483457946,0.2050781470979777
-0.00020627357715445239,3.731607747453736e-09
-0.0003741819849,2.3522522796473052e-08
-0.0003741819849,2.3522522796473052e-08
2.5903899332904126e-05,3.3943748473561057
-0.0003741819848999968,2.3522543337502903e-08
-0.0003741819849,2.3522522796473052e-08
-0.0003741819849,2.3522522796473052e-08
-0.0003741819849,2.3522522796473052e-08
-0.0003741819849,2.3522522796473052e-08
-0.0003741819849,2.3522522796473052e-08
-0.0003741819849,2.352252279647376e-08
-0.0003509341617968049,2.078236404988305e-08
-0.00037418177236288444,1.8267119444838641e-06
-0.0003740124841925974,2.3502544201321122e-08
-0.0003741819849,2.3522522796473052e-08
-0.0003741819849,2.3522522796473052e-08
-3.218643961724989e+26,3.793729574046738e+22
-0.00037418198489999664,2.3522545222977905e-08
-0.0003741819849,2.3522522796473052e-08
-0.0003741819849,2.3522522796473052e-08
-0.0003741819849,2.3522522796473052e-08
-0.0003741819849,2.3522522796473052e-08
-0.0003741819849,2.3522522796473052e-08
-0.0003741819849,2.352252279647361e-08
-0.0003440200194129089,1.9967412574886775e-08
-0.0003741814192825567,4.82228620119561e-06
-0.0003738833071528149,0.0025340400060790986
-0.0003741819849,2.3522522796473052e-08
-0.0003741819849,2.3522522796473052e-08
1.9023205449785315e+17,-22422143600290.832
-0.00037418198489999637,2.3522546114363168e-08
-0.0003741819849,2.3522522796473052e-08
-0.0003741819849,2.3522522796473052e-08
-0.0003741819849,2.3522522796473052e-08
-0.0003741819849,2.3522522796473052e-08
-0.0003741819849,2.3522522796473052e-08
-0.0003741819849,2.3522522796473708e-08
-0.00033507729640452406,1.8913357725923753e-08
-0.0003596321272525297,4.4133934364870386e-05
-0.0003741819849,2.3522522796473052e-08
-0.0003741819849,2.3522522796473052e-08
-0.0003741819849,2.3522522796473052e-08
2.6824737811586836e-05,3.402187347301837
-0.00037418198489999464,2.3522562102274283e-08
-0.000374161974419367,0.000169794750027618
-0.0003674477409940782,0.05713412615561549
0.005182352486608198,-6.314113376878432e-07
-0.0003741819849,2.3522522796473052e-08
-0.0003741819849,2.3522522796473052e-08
-0.0003741819849,2.3522522796473813e-08
-0.00033817666151376015,1.927867160392646e-08
-0.0003694967294864376,4.866504283759732e-05
0.8122214182207437,-9.575494806604871e-05
-0.0003741819849,2.3522522796473052e-08
-0.0003741819849,2.3522522796473052e-08
-3.218643961724989e+26,3.793729574046738e+22
-0.0003741819848999885,2.3522614730589178e-08
-0.0003741819849,2.3522522796473052e-08
-0.0002291471138592497,0.00048070037059701746
-0.0003741819849,2.3522522796473052e-08
-0.0003741819849,2.3522522796473052e-08
-0.0003741819849,2.3522522796473052e-08
-0.0003741819849,2.352252279647381e-08
0.04306151994651751,368.03405507755457
-0.0003741715861621447,8.824761481583606e-05
-6.133056530533071e-05,-1.335243749465256e-08
-0.0003741819849,2.3522522796473052e-08
-0.0003741819849,2.3522522796473052e-08
2.7432494579751967e-05,3.4073436258762495
-0.0003741819848999816,2.352267292384611e-08
-0.0003741819849,2.3522522796473052e-08
-0.000374159613432419,0.0001898256358233061
-0.0003741819849,2.3522522796473052e-08
-0.0003741819849,2.3522522796473052e-08
-0.0003741819849,2.3522522796473052e-08
-0.0003741819849,2.352252279647386e-08
-0.0002582969502208805,9.863463624983011e-09
0.0011124795870868912,12.563698704181311
-0.00017293378626973764,-1.9806425653174666e-10
-0.0003741819849,2.3522522796473052e-08
-0.0003741819849,2.3522522796473052e-08
-107374183.25411326,12659.317832024035
-0.00037418198489998255,2.352266492944079e-08
-0.0003741819849,2.3522522796473052e-08
-0.0003741819849,2.3522522796473052e-08
0.014840814213247507,129.08578403895643
-0.0003741819849,2.3522522796473052e-08
-0.0003741819849,2.3522522796473052e-08
-0.0003741819849,2.3522522796473906e-08
-0.00029835643716158173,1.458516823522603e-08
-0.0003590413120195917,2.173793216885395e-08
-0.0003741819849,2.3522522796473052e-08
-0.0003741819849,2.3522522796473052e-08
-0.0003741819849,2.3522522796473052e-08
0.058778044302926706,3.4125320803920203
-0.00037418198489998016,2.352268358113324e-08
-0.0003741819849,2.3522522796473052e-08
-0.0003741819849,2.3522522796473052e-08
0.004225161168770961,39.02135824245662
-0.0003741819849,2.3522522796473052e-08
-0.0003741819849,2.3522522796473052e-08
-0.0003741819849,2.3522522796474058e-08
-0.0002959806914979013,1.4305145446377793e-08
-0.0003550919274925781,0.00012210976111896497
-0.0003741819849,2.3522522796473052e-08
-0.0003741819849,2.3522522796473052e-08
-0.0003741819849,2.3522522796473052e-08
2.8353333058434623e-05,3.415156125821981
-0.0003741819848999778,2.3522696879441907e-08
-0.00037413611889610353,0.0003891559939031983
-0.00037177886089942,0.02038840493657436
0.0012765925212830614,14.00536148324317
-0.0003741819849,2.3522522796473052e-08
-0.0003741819849,2.3522522796473052e-08
-0.0003741819849,2.352252279647419e-08
-0.00029455018003322875,1.4136534885095564e-08
-0.0003741798629495334,1.8026395218685757e-05
-0.0003741819849,2.3522522796473052e-08
-0.0003741819849,2.3522522796473052e-08
-0.0003741819849,2.3522522796473052e-08
-4.932681919446933e+32,5.814020282983502e+28
-0.0003741819848999768,2.35227013358109e-08
-0.00037416725763261653,0.00012497135897595238
-0.0003673901820028105,0.05762246328157781
-0.0003741819849,2.3522522796473052e-08
-0.0003741819849,2.3522522796473052e-08
-0.0003741819849,2.3522522796473052e-08
-0.0003741819849,2.3522522796474435e-08
-0.0002573568819517428,9.752660291757574e-09
-0.00031120597071122456,0.00021079612581746747
-0.0003741819849,2.3522522796473052e-08
-0.0003741819849,2.3522522796473052e-08
-0.0003741819849,2.3522522796473052e-08
2.7200830031806642e+23,-3.2060891032812106e+19
-0.0003741819848999735,2.3522724436160974e-08
-0.0003741819849,2.3522522796473052e-08
-0.0003741819849,2.3522522796473052e-08
-0.0003741819849,2.3522522796473052e-08
-0.0003741819849,2.3522522796473052e-08
-0.0003741819849,2.3522522796473052e-08
-0.0003741819849,2.3522522796474713e-08
-0.00022540879257405616,5.987024423121095e-09
-0.0003741819849,2.3522522796473052e-08
0.2086330499445333,-2.4611601038225902e-05
-0.0003741819849,2.3522522796473052e-08
-0.0003741819849,2.3522522796473052e-08
2.9269529088000144e-05,3.4229295251210154
-0.00037418198489997404,2.35227190996637e-08
-0.0003741819849,2.3522522796473052e-08
-0.0003725415874588003,0.013917344765097778
-0.0003741819849,2.3522522796473052e-08
-0.0003741819849,2.3522522796473052e-08
-0.0003741819849,2.3522522796473052e-08
-0.0003741819849,2.352252279647468e-08
-0.0003741819849,2.3522522796473052e-08
-0.00027546807182788203,1.1887377814768774e-08
0.2369532728408439,-2.794962998529056e-05
-0.0003741819849,2.3522522796473052e-08
-0.0003741819849,2.3522522796473052e-08
2.9573455283393257e-05,3.425507783617506
-0.0003741819848999671,2.352277681549897e-08
-0.0003741819849,2.3522522796473052e-08
-0.0003741819849,2.3522522796473052e-08
-0.0003741819849,2.3522522796473052e-08
-0.0003741819849,2.3522522796473052e-08
-0.0003741819849,2.3522522796473052e-08
-0.0003741819849,2.3522522796474773e-08
-3.658127923728124e-05,-1.626956966613331e-08
-0.0003741819849,2.3522522796473052e-08
0.04797133877168979,-5.674834737217744e-06
-0.0003741819849,2.3522522796473052e-08
-0.0003741819849,2.3522522796473052e-08
2.7200830031806642e+23,-3.2060891032812106e+19
-0.00037418198489995935,2.3522838987987868e-08
-0.0003741819849,2.3522522796473052e-08
-0.0003741819849,2.3522522796473052e-08
0.07085840799954579,604.3455158450563
-0.0003741819849,2.3522522796473052e-08
-0.0003741819849,2.3522522796473052e-08
-0.0003741819849,2.352252279647497e-08
-2.6997387934451936e-05,-1.739919730753627e-08
-0.0003741819849,2.3522522796473052e-08
-0.0003741819849,2.3522522796473052e-08
-0.0003741819849,2.3522522796473052e-08
-0.0003741819849,2.3522522796473052e-08
3.01903675666828e-05,3.4307420250667473
-0.00037418198489995447,2.352287277058881e-08
-0.0003741819849,2.3522522796473052e-08
-0.0003741819849,2.3522522796473052e-08
0.00741015936712819,66.04325060236043
-0.0003741819849,2.3522522796473052e-08
-0.0003741819849,2.3522522796473052e-08
-0.0003741819849,2.3522522796475236e-08
0.00022100368382994796,-4.663042050389305e-08
-0.0003500078338317232,0.20509631161334682
-0.0003741819849,2.3522522796473052e-08
-0.0003741819849,2.3522522796473052e-08
-0.0003741819849,2.3522522796473052e-08
3.0494293762075967e-05,3.433320283563238
-0.0003741819848999542,2.3522865664592167e-08
-0.0003741819844380368,2.3522713715969653e-08
-0.0003741819849,2.3522522796473052e-08
0.004284124057237274,39.52160619430399
-0.0003741819849,2.3522522796473052e-08
-0.0003741819849,2.3522522796473052e-08
-0.0003741819849,2.352252279647582e-08
-0.0003741819843243733,2.3522522728625475e-08
-0.0003741819849,2.3522522796473052e-08
-0.0003741819849,2.3522522796473052e-08
-0.0003741819849,2.3522522796473052e-08
-0.0003741819849,2.3522522796473052e-08
3.079815809526676e-05,3.4358983036411552
-0.00037418198489994937,2.352289938411965e-08
-0.0003741819849,2.3522522796473052e-08
-0.0003741819849,2.3522522796473052e-08
0.01412863018008117,123.04353249401399
-0.0003741819849,2.3522522796473052e-08
-0.0003741819849,2.3522522796473052e-08
-0.0003741819849,2.352252279647636e-08
0.0006025688683058597,-9.16044885271567e-08
25.87686105086034,-0.0030500570009780277
-0.0003741819849,2.3522522796473052e-08
-0.0003741819849,2.3522522796473052e-08
-0.0003741819849,2.3522522796473052e-08
-151996492407730.7,17915420138.616787
-0.0003741819848999134,2.352320847020761e-08
-0.0003741819849,2.3522522796473052e-08
-0.0003741819849,2.3522522796473052e-08
-0.0003741819849,2.3522522796473052e-08
-0.0003741819849,2.3522522796473052e-08
-0.0003741819849,2.3522522796473052e-08
-0.0003741819849,2.3522522796476785e-08
0.0013807634962127683,-1.8332820849624929e-07
-0.0003741819849,2.3522522796473052e-08
-0.0003741819849,2.3522522796473052e-08
-0.0003741819849,2.3522522796473052e-08
-0.0003741819849,2.3522522796473052e-08
3.141513224075868e-05,3.4411327835089693
-0.00037418198489984816,2.3523752191955357e-08
-0.0003741819849,2.3522522796473052e-08
-0.0003741819849,2.3522522796473052e-08
-0.0003741819849,2.3522522796473052e-08
-0.0003741819849,2.3522522796473052e-08
-0.0003741819849,2.3522522796473052e-08
-0.0003741819849,2.3522522796477764e-08
0.003089900246996772,-3.847795872335362e-07
-0.0003741819849,2.3522522796473052e-08
-0.0003741819849,2.3522522796473052e-08
-0.0003741819849,2.3522522796473052e-08
-0.0003741819849,2.3522522796473052e-08
3.171899657394942e-05,3.443710803586887
-0.00037418198489981477,2.3524022195590796e-08
-0.0003741819849,2.3522522796473052e-08
-0.0003741819849,2.3522522796473052e-08
14.131108608207676,13.816295218552535
-0.0003741819849,2.3522522796473052e-08
-0.0003741819849,2.3522522796473052e-08
-0.0003741819849,2.352252279647795e-08
0.0033950695068689363,-4.2074907184405216e-07
-0.0003741819849,2.3522522796473052e-08
2539897.2319827946,-299.3708952981211
-0.0003741819849,2.3522522796473052e-08
-0.0003741819849,2.3522522796473052e-08
3.2022889008900444e-05,3.4462890620833817
-0.00037418198489999106,2.3522522878447124e-08
-0.0003741819849,2.3522522796473052e-08
-0.0003741819849,2.3522522796473052e-08
0.01106411569327826,97.0438378503983
-0.0003741819849,2.3522522796473052e-08
-0.0003741819849,2.3522522796473052e-08
-0.0003741819849,2.3522522796479273e-08
0.0031051483257437456,-3.8657683750345375e-07
-0.0003741819849,2.3522522796473052e-08
-0.0003741819849,2.3522522796473052e-08
-0.0003741819849,2.3522522796473052e-08
-0.0003741819849,2.3522522796473052e-08
89128.96035071011,-7.056486047112789
-0.0003741819848996294,2.352559263965846e-08
-0.0003741819849,2.3522522796473052e-08
-0.0003741819849,2.3522522796473052e-08
0.006641502036636392,59.52187308418367
-0.0003741819849,2.3522522796473052e-08
-0.0003741819849,2.3522522796473052e-08
-0.0003741819849,2.352252279647914e-08
-0.0003741819849,2.3522522796473052e-08
-0.0003741819849,2.3522522796473052e-08
-0.0003741819849,2.3522522796473052e-08
-0.0003741819849,2.3522522796473052e-08
-0.0003741819849,2.3522522796473052e-08
-1.741360097682861e-05,3.4514842087850393
-0.00037418198489964693,2.352540759995866e-08
-0.0003741819849,2.3522522796473052e-08
-0.0003741819849,2.3522522796473052e-08
0.08028836235125507,684.3503370666583
-0.0003741819849,2.3522522796473052e-08
-0.0003741819849,2.3522522796473052e-08
-0.0003741819849,2.3522522796480464e-08
0.010918544669447203,-1.3075209722181944e-06
-0.0003741819849,2.3522522796473052e-08
-0.0003741819849,2.3522522796473052e-08
-0.0003741819849,2.3522522796473052e-08
-0.0003741819849,2.3522522796473052e-08
3.293911882619292e-05,3.4540624613824122
-0.00037418198489969984,2.3524938910204496e-08
2.8211729859968337,23938.331864989414
-0.0003741819849,2.3522522796473052e-08
-0.0003741819849,2.3522522796473052e-08
-0.0003741819849,2.3522522796473052e-08
-0.0003741819849,2.3522522796473052e-08
-0.0003741819849,2.3522522796481735e-08
-0.0003741819849,2.3522522796473052e-08
-0.0003741819849,2.3522522796473052e-08
-0.0003741819849,2.3522522796473052e-08
-0.0003741819849,2.3522522796473052e-08
-0.0003741819849,2.3522522796473052e-08
4.056481801883142e+29,-4.7812666332124675e+25
-0.0003741819848994904,2.3526672882966243e-08
-0.0003741819849,2.3522522796473052e-08
-0.0003741819849,2.3522522796473052e-08
-0.0003741819849,2.3522522796473052e-08
-0.0003741819849,2.3522522796473052e-08
-0.0003741819849,2.3522522796473052e-08
-0.0003741819849,2.3522522796482634e-08
-0.0003741819849,2.3522522796473052e-08
-0.0003741819849,2.3522522796473052e-08
-0.0003741819849,2.3522522796473052e-08
-0.0003741819849,2.3522522796473052e-08
-0.0003741819849,2.3522522796473052e-08
-2.3021535599648873e+20,2.713486843619398e+16
-0.00037418198489951325,2.3526445512327688e-08
-0.0003741819849,2.3522522796473052e-08
-0.0003741819849,2.3522522796473052e-08
-0.0003741819849,2.3522522796473052e-08
-0.0003741819849,2.3522522796473052e-08
-0.0003741819849,2.3522522796473052e-08
-0.0003741819849,2.3522522796482158e-08
-0.0003741819849,2.3522522796473052e-08
-0.0003741819849,2.3522522796473052e-08
-0.0003741819849,2.3522522796473052e-08
-0.0003741819849,2.3522522796473052e-08
-0.0003741819849,2.3522522796473052e-08
126443838609.67647,-14903593.695658902
-0.0003741819848992315,2.3528832938938985e-08
-0.0003741819849,2.3522522796473052e-08
-0.0003741819849,2.3522522796473052e-08
0.040428710559325974,346.1764502555774
-0.0003741819849,2.3522522796473052e-08
-0.0003741819849,2.3522522796473052e-08
-0.0003741819849,2.35225227964838e-08
-0.0003741819849,2.3522522796473052e-08
-0.0003741819849,2.3522522796473052e-08
-0.0003741819849,2.3522522796473052e-08
-0.0003741819849,2.3522522796473052e-08
-0.0003741819849,2.3522522796473052e-08
3.416382161078156e-05,3.4644529814060614
-0.0003741819848991792,2.3529230846337052e-08
-0.0003741819849,2.3522522796473052e-08
-0.0003741819849,2.3522522796473052e-08
-0.0003741819849,2.3522522796473052e-08
-0.0003741819849,2.3522522796473052e-08
-0.0003741819849,2.3522522796473052e-08
-0.0003741819849,2.3522522796483323e-08
-0.0003741819849,2.3522522796473052e-08
-0.0003741819849,2.3522522796473052e-08
-0.0003741819849,2.3522522796473052e-08
-0.0003741819849,2.3522522796473052e-08
-0.0003741819849,2.3522522796473052e-08
-2.3021535599648873e+20,2.713486843619398e+16
-0.0003741819848991097,2.3529770860980194e-08
-0.0003741819849,2.3522522796473052e-08
-0.0003741819849,2.3522522796473052e-08
22504.871965675626,190933934.6737055
-0.0003741819849,2.3522522796473052e-08
-0.0003741819849,2.3522522796473052e-08
-0.0003741819849,2.3522522796484117e-08
-0.0003741819849,2.3522522796473052e-08
-0.0003741819849,2.3522522796473052e-08
-0.0003741819849,2.3522522796473052e-08
-0.0003741819849,2.3522522796473052e-08
-0.0003741819849,2.3522522796473052e-08
126443838609.67647,-14903593.687846402
-0.0003741819848987645,2.3532642577279057e-08
-0.0003741819849,2.3522522796473052e-08
-0.0003741819849,2.3522522796473052e-08
-0.0003741819849,2.3522522796473052e-08
-0.0003741819849,2.3522522796473052e-08
-0.0003741819849,2.3522522796473052e-08
-0.0003741819849,2.3522522796484858e-08
-0.0003741819849,2.3522522796473052e-08
-0.0003741819849,2.3522522796473052e-08
-0.0003741819849,2.3522522796473052e-08
-0.0003741819849,2.3522522796473052e-08
-0.0003741819849,2.3522522796473052e-08
-71.67996472720978,3.480675110616515
-0.0003741819848986737,2.3533324664472314e-08
-0.0003741819849,2.3522522796473052e-08
-0.0003741819849,2.3522522796473052e-08
-0.0003741819849,2.3522522796473052e-08
-0.0003741819849,2.3522522796473052e-08
-0.0003741819849,2.3522522796473052e-08
-0.0003741819849,2.3522522796485123e-08
-0.0003741819849,2.3522522796473052e-08
-0.0003741819849,2.3522522796473052e-08
-0.0003741819849,2.3522522796473052e-08
-0.0003741819849,2.3522522796473052e-08
-0.0003741819849,2.3522522796473052e-08
3.538855252441524e-05,3.4748437398482874
-0.00037418198489789996,2.353980638583574e-08
-0.0003741819849,2.3522522796473052e-08
-0.0003741819849,2.3522522796473052e-08
-0.0003741819849,2.3522522796473052e-08
-0.0003741819849,2.3522522796473052e-08
-0.0003741819849,2.3522522796473052e-08
-0.0003741819849,2.352252279648968e-08
-0.0003741819849,2.3522522796473052e-08
-0.0003741819849,2.3522522796473052e-08
-0.0003741819849,2.3522522796473052e-08
-0.0003741819849,2.3522522796473052e-08
-0.0003741819849,2.3522522796473052e-08
126443838609.67647,-14903593.680033902
-0.0003741819848968243,2.354901497799501e-08
-0.0003741819849,2.3522522796473052e-08
-0.0003741819849,2.3522522796473052e-08
-0.0003741819849,2.3522522796473052e-08
-0.0003741819849,2.3522522796473052e-08
-0.0003741819849,2.3522522796473052e-08
-0.0003741819849,2.3522522796494758e-08
-0.0003741819849,2.3522522796473052e-08
-0.0003741819849,2.3522522796473052e-08
-0.0003741819849,2.3522522796473052e-08
-0.0003741819849,2.3522522796473052e-08
-0.0003741819849,2.3522522796473052e-08
-71.6799638063713,3.488487610562246
-0.0003741819848943568,2.356982276910262e-08
-0.0003741819849,2.3522522796473052e-08
-0.0003741819849,2.3522522796473052e-08
-0.0003741819849,2.3522522796473052e-08
-0.0003741819849,2.3522522796473052e-08
-0.0003741819849,2.3522522796473052e-08
-0.0003741819849,2.352252279649815e-08
-0.0003741819849,2.3522522796473052e-08
-0.0003741819849,2.3522522796473052e-08
-0.0003741819849,2.3522522796473052e-08
-0.0003741819849,2.3522522796473052e-08
-0.0003741819849,2.3522522796473052e-08
3.630939100309795e-05,3.4826562397940193
-0.00037418198489410726,2.3571641685631e-08
-0.0003741819849,2.3522522796473052e-08
-0.0003741819849,2.3522522796473052e-08
-0.0003741819849,2.3522522796473052e-08
-0.0003741819849,2.3522522796473052e-08
-0.0003741819849,2.3522522796473052e-08
-0.0003741819849,2.3522522796504608e-08
-0.0003741819849,2.3522522796473052e-08
-0.0003741819849,2.3522522796473052e-08
-0.0003741819849,2.3522522796473052e-08
-0.0003741819849,2.3522522796473052e-08
-0.0003741819849,2.3522522796473052e-08
5.848603109135902e+35,-6.893592098362815e+31
-0.0003741819848908526,2.3599387352315244e-08
-0.0003741819849,2.3522522796473052e-08
-0.0003741819849,2.3522522796473052e-08
-0.0003741819849,2.3522522796473052e-08
-0.0003741819849,2.3522522796473052e-08
-0.0003741819849,2.3522522796473052e-08
-0.0003741819849,2.3522522796505667e-08
-0.0003741819849,2.3522522796473052e-08
-0.0003741819849,2.3522522796473052e-08
-0.0003741819849,2.3522522796473052e-08
-0.0003741819849,2.3522522796473052e-08
-0.0003741819849,2.3522522796473052e-08
-3.218643961724989e+26,3.793729574046738e+22
-0.0003741819848854337,2.364532861667704e-08
-0.0003741819849,2.3522522796473052e-08
-0.0003741819849,2.3522522796473052e-08
-0.0003741819849,2.3522522796473052e-08
-0.0003741819849,2.3522522796473052e-08
-0.0003741819849,2.3522522796473052e-08
-0.0003741819849,2.352252279650842e-08
-0.0003741819849,2.3522522796473052e-08
-0.0003741819849,2.3522522796473052e-08
-0.0003741819849,2.3522522796473052e-08
-0.0003741819849,2.3522522796473052e-08
-0.0003741819849,2.3522522796473052e-08
3.7267344043448035e-05,3.490429639088132
-0.0003741819848747459,2.3735368466618177e-08
-0.0003741819849,2.3522522796473052e-08
-0.0003741819849,2.3522522796473052e-08
-0.0003741819849,2.3522522796473052e-08
-0.0003741819849,2.3522522796473052e-08
-0.0003741819849,2.3522522796473052e-08
-0.0003741819849,2.3522522796511808e-08
-0.0003741819849,2.3522522796473052e-08
-0.0003741819849,2.3522522796473052e-08
-0.0003741819849,2.3522522796473052e-08
-0.0003741819849,2.3522522796473052e-08
-0.0003741819849,2.3522522796473052e-08
3.7529485126273096e-05,3.493007659170967
-0.000374181984870437,2.3771771194417328e-08
-0.0003741819849,2.3522522796473052e-08
-0.0003741819849,2.3522522796473052e-08
-0.0003741819849,2.3522522796473052e-08
-0.0003741819849,2.3522522796473052e-08
-0.0003741819849,2.3522522796473052e-08
-0.0003741819849,2.3522522796511384e-08
-0.0003741819849,2.3522522796473052e-08
-0.0003741819849,2.3522522796473052e-08
-0.0003741819849,2.3522522796473052e-08
-0.0003741819849,2.3522522796473052e-08
-0.0003741819849,2.3522522796473052e-08
-3.218643961724989e+26,3.793729574046738e+22
-0.0003741819848515526,2.3931841622437176e-08
-0.0003741819849,2.3522522796473052e-08
-0.0003741819849,2.3522522796473052e-08
-0.0003741819849,2.3522522796473052e-08
-0.0003741819849,2.3522522796473052e-08
-0.0003741819849,2.3522522796473052e-08
-0.0003741819849,2.352252279651562e-08
-0.0003741819849,2.3522522796473052e-08
-0.0003741819849,2.3522522796473052e-08
-0.0003741819849,2.3522522796473052e-08
-0.0003741819849,2.3522522796473052e-08
-0.0003741819849,2.3522522796473052e-08
3.813724189443817e-05,3.4981639377453795
-0.0003741819848453177,2.3984591704148876e-08
-0.0003741819849,2.3522522796473052e-08
-0.0003741819849,2.3522522796473052e-08
-0.0003741819849,2.3522522796473052e-08
-0.0003741819849,2.3522522796473052e-08
-0.0003741819849,2.3522522796473052e-08
-0.0003741819849,2.3522522796520913e-08
-0.0003741819849,2.3522522796473052e-08
-0.0003741819849,2.3522522796473052e-08
-0.0003741819849,2.3522522796473052e-08
-0.0003741819849,2.3522522796473052e-08
-0.0003741819849,2.3522522796473052e-08
2.7200830031806642e+23,-3.2060891032812106e+19
-0.0003741819848363146,2.406103380626649e-08
-0.0003741819849,2.3522522796473052e-08
-0.0003741819849,2.3522522796473052e-08
-0.0003741819849,2.3522522796473052e-08
-0.0003741819849,2.3522522796473052e-08
-0.0003741819849,2.3522522796473052e-08
-0.0003741819849,2.35225227965207e-08
-0.0003741819849,2.3522522796473052e-08
-0.0003741819849,2.3522522796473052e-08
-0.0003741819849,2.3522522796473052e-08
-0.0003741819849,2.3522522796473052e-08
-0.0003741819849,2.3522522796473052e-08
3.855393479488699e-05,3.50169920841174
-0.00037418198482387606,2.416653463582738e-08
-0.0003741819849,2.3522522796473052e-08
-0.0003741819849,2.3522522796473052e-08
-0.0003741819849,2.3522522796473052e-08
-0.0003741819849,2.3522522796473052e-08
-0.0003741819849,2.3522522796473052e-08
-0.0003741819849,2.352252279652557e-08
-0.0003741819849,2.3522522796473052e-08
-0.0003741819849,2.3522522796473052e-08
-0.0003741819849,2.3522522796473052e-08
-0.0003741819849,2.3522522796473052e-08
-0.0003741819849,2.3522522796473052e-08
-71.67996110140827,3.511436829152833
-0.00037418198479799127,2.438481230800627e-08
-0.0003741819849,2.3522522796473052e-08
-0.0003741819849,2.3522522796473052e-08
-0.0003741819849,2.3522522796473052e-08
-0.0003741819849,2.3522522796473052e-08
-0.0003741819849,2.3522522796473052e-08
-0.0003741819849,2.3522522796540815e-08
-0.0003741819849,2.3522522796473052e-08
-0.0003741819849,2.3522522796473052e-08
-0.0003741819849,2.3522522796473052e-08
-0.0003741819849,2.3522522796473052e-08
-0.0003741819849,2.3522522796473052e-08
2.7200830031806642e+23,-3.2060891032812106e+19
-0.00037418198469723175,2.523981442672478e-08
-0.0003741819849,2.3522522796473052e-08
-0.0003741819849,2.3522522796473052e-08
-0.0003741819849,2.3522522796473052e-08
-0.0003741819849,2.3522522796473052e-08
-0.0003741819849,2.3522522796473052e-08
-0.0003741819849,2.3522522796547168e-08
-0.0003741819849,2.3522522796473052e-08
-0.0003741819849,2.3522522796473052e-08
-0.0003741819849,2.3522522796473052e-08
-0.0003741819849,2.3522522796473052e-08
-0.0003741819849,2.3522522796473052e-08
3.901204968989082e-05,3.5055859080612555
-0.00037418198467968324,2.538547479832059e-08
-0.0003741819849,2.3522522796473052e-08
-0.0003741819849,2.3522522796473052e-08
-0.0003741819849,2.3522522796473052e-08
-0.0003741819849,2.3522522796473052e-08
-0.0003741819849,2.3522522796473052e-08
-0.0003741819849,2.3522522796567497e-08
-0.0003741819849,2.3522522796473052e-08
-0.0003741819849,2.3522522796473052e-08
-0.0003741819849,2.3522522796473052e-08
-0.0003741819849,2.3522522796473052e-08
-0.0003741819849,2.3522522796473052e-08
-71.67996064098902,3.5153430791256985
-0.0003741819846007252,2.6054863782347122e-08
-0.0003741819849,2.3522522796473052e-08
-0.0003741819849,2.3522522796473052e-08
-0.0003741819849,2.3522522796473052e-08
-0.0003741819849,2.3522522796473052e-08
-0.0003741819849,2.3522522796473052e-08
-0.0003741819849,2.352252279657639e-08
-0.0003741819849,2.3522522796473052e-08
-0.0003741819849,2.3522522796473052e-08
-0.0003741819849,2.3522522796473052e-08
-0.0003741819849,2.3522522796473052e-08
-0.0003741819849,2.3522522796473052e-08
5.848603109135902e+35,-6.893592098362815e+31
-0.00037418198452478777,2.669515093447225e-08
-0.0003741819849,2.3522522796473052e-08
-0.0003741819849,2.3522522796473052e-08
-0.0003741819849,2.3522522796473052e-08
-0.0003741819849,2.3522522796473052e-08
-0.0003741819849,2.3522522796473052e-08
-0.0003741819849,2.352252279659926e-08
-0.0003741819849,2.3522522796473052e-08
-0.0003741819849,2.3522522796473052e-08
-0.0003741819849,2.3522522796473052e-08
-0.0003741819849,2.3522522796473052e-08
-0.0003741819849,2.3522522796473052e-08
3.947246892923217e-05,3.509492158034121
-0.00037418198451783674,2.675335903905996e-08
-0.0003741819849,2.3522522796473052e-08
-0.0003741819849,2.3522522796473052e-08
-0.0003741819849,2.3522522796473052e-08
-0.0003741819849,2.3522522796473052e-08
-0.0003741819849,2.3522522796473052e-08
-0.0003741819849,2.3522522796632295e-08
-0.0003741819849,2.3522522796473052e-08
-0.0003741819849,2.3522522796473052e-08
-0.0003741819849,2.3522522796473052e-08
-0.0003741819849,2.3522522796473052e-08
-0.0003741819849,2.3522522796473052e-08
-71.6799601805698,3.5192493290985647
-0.00037418198447511624,2.7117158693617703e-08
-0.0003741819849,2.3522522796473052e-08
-0.0003741819849,2.3522522796473052e-08
-0.0003741819849,2.3522522796473052e-08
-0.0003741819849,2.3522522796473052e-08
-0.0003741819849,2.3522522796473052e-08
-0.0003741819849,2.3522522796655165e-08
-0.0003741819849,2.3522522796473052e-08
-0.0003741819849,2.3522522796473052e-08
-0.0003741819849,2.3522522796473052e-08
-0.0003741819849,2.3522522796473052e-08
-0.0003741819849,2.3522522796473052e-08
3.977633326242297e-05,3.5120701781120385
-0.0003741819843321482,2.8325288947656312e-08
-0.0003741819849,2.3522522796473052e-08
-0.0003741819849,2.3522522796473052e-08
-0.0003741819849,2.3522522796473052e-08
-0.0003741819849,2.3522522796473052e-08
-0.0003741819849,2.3522522796473052e-08
-0.0003741819849,2.3522522796657706e-08
-0.0003741819849,2.3522522796473052e-08
-0.0003741819849,2.3522522796473052e-08
-0.0003741819849,2.3522522796473052e-08
-0.0003741819849,2.3522522796473052e-08
-0.0003741819849,2.3522522796473052e-08
3.997230707457843e-05,3.5133788576787186
-0.00037418198419326645,2.948944748671322e-08
-0.0003741819849,2.3522522796473052e-08
-0.0003741819849,2.3522522796473052e-08
-0.0003741819849,2.3522522796473052e-08
-0.0003741819849,2.3522522796473052e-08
-0.0003741819849,2.3522522796473052e-08
-0.0003741819849,2.352252279665603e-08
-0.0003741819849,2.3522522796473052e-08
-0.0003741819849,2.3522522796473052e-08
-0.0003741819849,2.3522522796473052e-08
-0.0003741819849,2.3522522796473052e-08
-0.0003741819849,2.3522522796473052e-08
-151996492407730.7,17915420138.69296
-0.000374181983742157,3.330269850828725e-08
-0.0003741819849,2.3522522796473052e-08
-0.0003741819849,2.3522522796473052e-08
-0.0003741819849,2.3522522796473052e-08
-0.0003741819849,2.3522522796473052e-08
-0.0003741819849,2.3522522796473052e-08
-0.0003741819849,2.352252279673906e-08
-0.0003741819849,2.3522522796473052e-08
-0.0003741819849,2.3522522796473052e-08
-0.0003741819849,2.3522522796473052e-08
-0.0003741819849,2.3522522796473052e-08
-0.0003741819849,2.3522522796473052e-08
4.023675250176432e-05,3.515976428084904
-0.00037418198348716786,3.5456400598737857e-08
-0.0003741819849,2.3522522796473052e-08
-0.0003741819849,2.3522522796473052e-08
-0.0003741819849,2.3522522796473052e-08
-0.0003741819849,2.3522522796473052e-08
-0.0003741819849,2.3522522796473052e-08
-0.0003741819849,2.3522522796898303e-08
-0.0003741819849,2.3522522796473052e-08
-0.0003741819849,2.3522522796473052e-08
-0.0003741819849,2.3522522796473052e-08
-0.0003741819849,2.3522522796473052e-08
-0.0003741819849,2.3522522796473052e-08
4.043272631391973e-05,3.5172851076515843
-0.00037418198281674,4.110387948789527e-08
-0.0003741819849,2.3522522796473052e-08
-0.0003741819849,2.3522522796473052e-08
-0.0003741819849,2.3522522796473052e-08
-0.0003741819849,2.3522522796473052e-08
-0.0003741819849,2.3522522796473052e-08
-0.0003741819849,2.3522522797242238e-08
-0.0003741819849,2.3522522796473052e-08
-0.0003741819849,2.3522522796473052e-08
-0.0003741819849,2.3522522796473052e-08
-0.0003741819849,2.3522522796473052e-08
-0.0003741819849,2.3522522796473052e-08
-3.218643961724989e+26,3.793729574046738e+22
-0.0003741819819222267,4.8670898446414236e-08
-0.0003741819849,2.3522522796473052e-08
-0.0003741819849,2.3522522796473052e-08
-0.0003741819849,2.3522522796473052e-08
-0.0003741819849,2.3522522796473052e-08
-0.0003741819849,2.3522522796473052e-08
-0.0003741819849,2.3522522797177863e-08
-0.0003741819849,2.3522522796473052e-08
-0.0003741819849,2.3522522796473052e-08
-0.0003741819849,2.3522522796473052e-08
-0.0003741819849,2.3522522796473052e-08
-0.0003741819849,2.3522522796473052e-08
4.069486739674479e-05,3.5198631277344195
-0.0003741819817037867,5.053358799175814e-08
-0.0003741819849,2.3522522796473052e-08
-0.0003741819849,2.3522522796473052e-08
-0.0003741819849,2.3522522796473052e-08
-0.0003741819849,2.3522522796473052e-08
-0.0003741819849,2.3522522796473052e-08
-0.0003741819849,2.352252279734735e-08
-0.0003741819849,2.3522522796473052e-08
-0.0003741819849,2.3522522796473052e-08
-0.0003741819849,2.3522522796473052e-08
-0.0003741819849,2.3522522796473052e-08
-0.0003741819849,2.3522522796473052e-08
89128.96035922787,-6.984220422614771
-0.0003741819798067164,6.660169472483884e-08
-0.0003741819849,2.3522522796473052e-08
-0.0003741819849,2.3522522796473052e-08
-0.0003741819849,2.3522522796473052e-08
-0.0003741819849,2.3522522796473052e-08
-0.0003741819849,2.3522522796473052e-08
-0.0003741819849,2.3522522797160923e-08
-0.0003741819849,2.3522522796473052e-08
-0.0003741819849,2.3522522796473052e-08
-0.0003741819849,2.3522522796473052e-08
-0.0003741819849,2.3522522796473052e-08
-0.0003741819849,2.3522522796473052e-08
-3.218643961724989e+26,3.793729574046738e+22
-0.00037418197958738464,6.84644144681441e-08
-0.0003741819849,2.3522522796473052e-08
-0.0003741819849,2.3522522796473052e-08
-0.0003741819849,2.3522522796473052e-08
-0.0003741819849,2.3522522796473052e-08
-0.0003741819849,2.3522522796473052e-08
-0.0003741819849,2.3522522797198195e-08
-0.0003741819849,2.3522522796473052e-08
-0.0003741819849,2.3522522796473052e-08
-0.0003741819849,2.3522522796473052e-08
-0.0003741819849,2.3522522796473052e-08
-0.0003741819849,2.3522522796473052e-08
4.1155286636086145e-05,3.5237693777072856
-0.0003741819796964851,6.753314163791055e-08
-0.0003741819849,2.3522522796473052e-08
-0.0003741819849,2.3522522796473052e-08
-0.0003741819849,2.3522522796473052e-08
-0.0003741819849,2.3522522796473052e-08
-0.0003741819849,2.3522522796473052e-08
-0.0003741819849,2.3522522797235465e-08
-0.0003741819849,2.3522522796473052e-08
-0.0003741819849,2.3522522796473052e-08
-0.0003741819849,2.3522522796473052e-08
-0.0003741819849,2.3522522796473052e-08
-0.0003741819849,2.3522522796473052e-08
1.9023205449785315e+17,-22422143600290.707
-0.00037418197875619313,7.544946162600291e-08
-0.0003741819849,2.3522522796473052e-08
-0.0003741819849,2.3522522796473052e-08
-0.0003741819849,2.3522522796473052e-08
-0.0003741819849,2.3522522796473052e-08
-0.0003741819849,2.3522522796473052e-08
-0.0003741819849,2.352252279724224e-08
-0.0003741819849,2.3522522796473052e-08
-0.0003741819849,2.3522522796473052e-08
-0.0003741819849,2.3522522796473052e-08
-0.0003741819849,2.3522522796473052e-08
-0.0003741819849,2.3522522796473052e-08
4.145917907106048e-05,3.5263476362037802
-0.00037418197763110196,8.500145808682257e-08
-0.0003741819849,2.3522522796473052e-08
-0.0003741819849,2.3522522796473052e-08
-0.0003741819849,2.3522522796473052e-08
-0.0003741819849,2.3522522796473052e-08
-0.0003741819849,2.3522522796473052e-08
-0.0003741819849,2.352252279721175e-08
-0.0003741819849,2.3522522796473052e-08
-0.0003741819849,2.3522522796473052e-08
-0.0003741819849,2.3522522796473052e-08
-0.0003741819849,2.3522522796473052e-08
-0.0003741819849,2.3522522796473052e-08
-8.435425809672403e-06,3.5276560832559225
-0.0003741819782269708,7.98734854083094e-08
-0.0003741819849,2.3522522796473052e-08
-0.0003741819849,2.3522522796473052e-08
-0.0003741819849,2.3522522796473052e-08
-0.0003741819849,2.3522522796473052e-08
-0.0003741819849,2.3522522796473052e-08
-0.0003741819849,2.3522522797265965e-08
-0.0003741819849,2.3522522796473052e-08
-0.0003741819849,2.3522522796473052e-08
-0.0003741819849,2.3522522796473052e-08
-0.0003741819849,2.3522522796473052e-08
-0.0003741819849,2.3522522796473052e-08
1.9023205449785315e+17,-22422143600290.703
-0.0003741819780625688,8.126452201781932e-08
-0.0003741819849,2.3522522796473052e-08
-0.0003741819849,2.3522522796473052e-08
-0.0003741819849,2.3522522796473052e-08
-0.0003741819849,2.3522522796473052e-08
-0.0003741819849,2.3522522796473052e-08
-0.0003741819849,2.3522522797415e-08
-0.0003741819849,2.3522522796473052e-08
-0.0003741819849,2.3522522796473052e-08
-0.0003741819849,2.3522522796473052e-08
-0.0003741819849,2.3522522796473052e-08
-0.0003741819849,2.3522522796473052e-08
4.1919598310401836e-05,3.530253886176646
-0.0003741819787984622,7.498725713087616e-08
-0.0003741819849,2.3522522796473052e-08
-0.0003741819849,2.3522522796473052e-08
-0.0003741819849,2.3522522796473052e-08
-0.0003741819849,2.3522522796473052e-08
-0.0003741819849,2.3522522796473052e-08
-0.0003741819849,2.352252279709998e-08
-0.0003741819849,2.3522522796473052e-08
-0.0003741819849,2.3522522796473052e-08
-0.0003741819849,2.3522522796473052e-08
-0.0003741819849,2.3522522796473052e-08
-0.0003741819849,2.3522522796473052e-08
-107374183.25409894,12659.439414054441
-0.00037418197328768457,1.2177705373220416e-07
-0.0003741819849,2.3522522796473052e-08
-0.0003741819849,2.3522522796473052e-08
-0.0003741819849,2.3522522796473052e-08
-0.0003741819849,2.3522522796473052e-08
-0.0003741819849,2.3522522796473052e-08
-0.0003741819849,2.3522522797340656e-08
-0.0003741819849,2.3522522796473052e-08
-0.0003741819849,2.3522522796473052e-08
-0.0003741819849,2.3522522796473052e-08
-0.0003741819849,2.3522522796473052e-08
-0.0003741819849,2.3522522796473052e-08
4.056481801883142e+29,-4.7812666332124675e+25
-0.0003741819686038293,1.613948558273794e-07
-0.0003741819849,2.3522522796473052e-08
-0.0003741819849,2.3522522796473052e-08
-0.0003741819849,2.3522522796473052e-08
-0.0003741819849,2.3522522796473052e-08
-0.0003741819849,2.3522522796473052e-08
-0.0003741819849,2.3522522797611706e-08
-0.0003741819849,2.3522522796473052e-08
-0.0003741819849,2.3522522796473052e-08
-0.0003741819849,2.3522522796473052e-08
-0.0003741819849,2.3522522796473052e-08
-0.0003741819849,2.3522522796473052e-08
4.237771323269043e-05,3.534140585826161
-0.00037418195728815956,2.5732106613450855e-07
-0.0003741819849,2.3522522796473052e-08
-0.0003741819849,2.3522522796473052e-08
-0.0003741819849,2.3522522796473052e-08
-0.0003741819849,2.3522522796473052e-08
-0.0003741819849,2.3522522796473052e-08
-0.0003741819849,2.352252279753039e-08
-0.0003741819849,2.3522522796473052e-08
-0.0003741819849,2.3522522796473052e-08
-0.0003741819849,2.3522522796473052e-08
-0.0003741819849,2.3522522796473052e-08
-0.0003741819849,2.3522522796473052e-08
-107374183.25409847,12659.443320304414
-0.00037418193477737526,4.4827871450047305e-07
-0.0003741819849,2.3522522796473052e-08
-0.0003741819849,2.3522522796473052e-08
-0.0003741819849,2.3522522796473052e-08
-0.0003741819849,2.3522522796473052e-08
-0.0003741819849,2.3522522796473052e-08
-0.0003741819849,2.352252279778087e-08
-0.0003741819849,2.3522522796473052e-08
-0.0003741819849,2.3522522796473052e-08
-0.0003741819849,2.3522522796473052e-08
-0.0003741819849,2.3522522796473052e-08
-0.0003741819849,2.3522522796473052e-08
4.056481801883142e+29,-4.7812666332124675e+25
-0.0003741818983293907,7.575510214485929e-07
-0.0003741819849,2.3522522796473052e-08
-0.0003741819849,2.3522522796473052e-08
-0.0003741819849,2.3522522796473052e-08
-0.0003741819849,2.3522522796473052e-08
-0.0003741819849,2.3522522796473052e-08
-0.0003741819849,2.352252279822181e-08
-0.0003741819849,2.3522522796473052e-08
-0.0003741819849,2.3522522796473052e-08
-0.0003741819849,2.3522522796473052e-08
-0.0003741819849,2.3522522796473052e-08
-0.0003741819849,2.3522522796473052e-08
4.283813247203178e-05,3.538046835799027
-0.00037418186801336704,1.0147424789027244e-06
-0.0003741819849,2.3522522796473052e-08
-0.0003741819849,2.3522522796473052e-08
-0.0003741819849,2.3522522796473052e-08
-0.0003741819849,2.3522522796473052e-08
-0.0003741819849,2.3522522796473052e-08
-0.0003741819849,2.352252279921115e-08
-0.0003741819849,2.3522522796473052e-08
-0.0003741819849,2.3522522796473052e-08
-0.0003741819849,2.3522522796473052e-08
-0.0003741819849,2.3522522796473052e-08
-0.0003741819849,2.3522522796473052e-08
-2.3021535599648873e+20,2.713486843619398e+16
-0.0003741818408011908,1.2454177321951555e-06
-0.0003741819849,2.3522522796473052e-08
-0.0003741819849,2.3522522796473052e-08
-0.0003741819849,2.3522522796473052e-08
-0.0003741819849,2.3522522796473052e-08
-0.0003741819849,2.3522522796473052e-08
-0.0003741819849,2.352252279934631e-08
-0.0003741819849,2.3522522796473052e-08
-0.0003741819849,2.3522522796473052e-08
-0.0003741819849,2.3522522796473052e-08
-0.0003741819849,2.3522522796473052e-08
-0.0003741819849,2.3522522796473052e-08
4.3144301122275287e-05,3.540644406200295
-0.0003741817423765715,2.080467330969692e-06
-0.0003741819849,2.3522522796473052e-08
-0.0003741819849,2.3522522796473052e-08
-0.0003741819849,2.3522522796473052e-08
-0.0003741819849,2.3522522796473052e-08
-0.0003741819849,2.3522522796473052e-08
-0.0003741819849,2.352252279987486e-08
-0.0003741819849,2.3522522796473052e-08
-0.0003741819849,2.3522522796473052e-08
-0.0003741819849,2.3522522796473052e-08
-0.0003741819849,2.3522522796473052e-08
-0.0003741819849,2.3522522796473052e-08
4.329855171137314e-05,3.541953085771893
-0.0003741815948342832,3.332165317304567e-06
-0.0003741819849,2.3522522796473052e-08
-0.0003741819849,2.3522522796473052e-08
-0.0003741819849,2.3522522796473052e-08
-0.0003741819849,2.3522522796473052e-08
-0.0003741819849,2.3522522796473052e-08
-0.0003741819849,2.352252279972578e-08
-0.0003741819849,2.3522522796473052e-08
-0.0003741819849,2.3522522796473052e-08
-0.0003741819849,2.3522522796473052e-08
-0.0003741819849,2.3522522796473052e-08
-0.0003741819849,2.3522522796473052e-08
-2.3021535599648873e+20,2.713486843619398e+16
-0.0003741816053585425,3.2427594876292805e-06
-0.0003741819849,2.3522522796473052e-08
-0.0003741819849,2.3522522796473052e-08
-0.0003741819849,2.3522522796473052e-08
-0.0003741819849,2.3522522796473052e-08
-0.0003741819849,2.3522522796473052e-08
-0.0003741819849,2.3522522800105365e-08
-0.0003741819849,2.3522522796473052e-08
-0.0003741819849,2.3522522796473052e-08
-0.0003741819849,2.3522522796473052e-08
-0.0003741819849,2.3522522796473052e-08
-0.0003741819849,2.3522522796473052e-08
4.360241601727912e-05,3.5445311058498103
-0.0003741814823350987,4.2864255690410845e-06
-0.0003741819849,2.3522522796473052e-08
-0.0003741819849,2.3522522796473052e-08
-0.0003741819849,2.3522522796473052e-08
-0.0003741819849,2.3522522796473052e-08
-0.0003741819849,2.3522522796473052e-08
-0.0003741819849,2.352252280227375e-08
-0.0003741819849,2.3522522796473052e-08
-0.0003741819849,2.3522522796473052e-08
-0.0003741819849,2.3522522796473052e-08
-0.0003741819849,2.3522522796473052e-08
-0.0003741819849,2.3522522796473052e-08
0.05879375610946923,3.5458328607160663
-0.00037418128914043584,5.925552834231595e-06
-0.0003741819849,2.3522522796473052e-08
-0.0003741819849,2.3522522796473052e-08
-0.0003741819849,2.3522522796473052e-08
-0.0003741819849,2.3522522796473052e-08
-0.0003741819849,2.3522522796473052e-08
-0.0003741819849,2.3522522805689204e-08
-0.0003741819849,2.3522522796473052e-08
-0.0003741819849,2.3522522796473052e-08
-0.0003741819849,2.3522522796473052e-08
-0.0003741819849,2.3522522796473052e-08
-0.0003741819849,2.3522522796473052e-08
-4.932681919446933e+32,5.814020282983502e+28
-0.00037418063559046264,1.1469954370010588e-05
-0.0003741819849,2.3522522796473052e-08
-0.0003741819849,2.3522522796473052e-08
-0.0003741819849,2.3522522796473052e-08
-0.0003741819849,2.3522522796473052e-08
-0.0003741819849,2.3522522796473052e-08
-0.0003741819849,2.3522522805038683e-08
-0.0003741819849,2.3522522796473052e-08
-0.0003741819849,2.3522522796473052e-08
-0.0003741819849,2.3522522796473052e-08
-0.0003741819849,2.3522522796473052e-08
-0.0003741819849,2.3522522796473052e-08
4.406049715184081e-05,3.5484178054993296
-0.00037418100086977947,8.370528324624993e-06
-0.0003741819849,2.3522522796473052e-08
-0.0003741819849,2.3522522796473052e-08
-0.0003741819849,2.3522522796473052e-08
-0.0003741819849,2.3522522796473052e-08
-0.0003741819849,2.3522522796473052e-08
-0.0003741819849,2.3522522800051138e-08
-0.0003741819849,2.3522522796473052e-08
-0.0003741819849,2.3522522796473052e-08
-0.0003741819849,2.3522522796473052e-08
-0.0003741819849,2.3522522796473052e-08
-0.0003741819849,2.3522522796473052e-08
126443838609.67647,-14903593.607768277
-0.000374181131021883,7.26578285319483e-06
-0.0003741819849,2.3522522796473052e-08
-0.0003741819849,2.3522522796473052e-08
-0.0003741819849,2.3522522796473052e-08
-0.0003741819849,2.3522522796473052e-08
-0.0003741819849,2.3522522796473052e-08
-0.0003741819849,2.3522522799549592e-08
-0.0003741819849,2.3522522796473052e-08
-0.0003741819849,2.3522522796473052e-08
-0.0003741819849,2.3522522796473052e-08
-0.0003741819849,2.3522522796473052e-08
-0.0003741819849,2.3522522796473052e-08
4.4366727691571445e-05,3.5510156143191707
-0.0003741809446555895,8.845594693317928e-06
-0.0003741819849,2.3522522796473052e-08
-0.0003741819849,2.3522522796473052e-08
-0.0003741819849,2.3522522796473052e-08
-0.0003741819849,2.3522522796473052e-08
-0.0003741819849,2.3522522796473052e-08
-0.0003741819849,2.352252279980709e-08
-0.0003741819849,2.3522522796473052e-08
-0.0003741819849,2.3522522796473052e-08
-0.0003741819849,2.3522522796473052e-08
-0.0003741819849,2.3522522796473052e-08
-0.0003741819849,2.3522522796473052e-08
-71.67995528861537,3.5607532350602638
-0.0003741804317034157,1.3196680980992623e-05
-0.0003741819849,2.3522522796473052e-08
-0.0003741819849,2.3522522796473052e-08
-0.0003741819849,2.3522522796473052e-08
-0.0003741819849,2.3522522796473052e-08
-0.0003741819849,2.3522522796473052e-08
-0.0003741819849,2.352252280129799e-08
-0.0003741819849,2.3522522796473052e-08
-0.0003741819849,2.3522522796473052e-08
-0.0003741819849,2.3522522796473052e-08
-0.0003741819849,2.3522522796473052e-08
-0.0003741819849,2.3522522796473052e-08
2.7200830031806642e+23,-3.2060891032812106e+19
-0.0003741804736498753,1.2839024010969528e-05
-0.0003741819849,2.3522522796473052e-08
-0.0003741819849,2.3522522796473052e-08
-0.0003741819849,2.3522522796473052e-08
-0.0003741819849,2.3522522796473052e-08
-0.0003741819849,2.3522522796473052e-08
-0.0003741819849,2.3522522801650115e-08
-0.0003741819849,2.3522522796473052e-08
-0.0003741819849,2.3522522796473052e-08
-0.0003741819849,2.3522522796473052e-08
-0.0003741819849,2.3522522796473052e-08
-0.0003741819849,2.3522522796473052e-08
4.48271469309128e-05,3.554921864292037
-0.000374179904368483,1.7667546810532884e-05
-0.0003741819849,2.3522522796473052e-08
-0.0003741819849,2.3522522796473052e-08
-0.0003741819849,2.3522522796473052e-08
-0.0003741819849,2.3522522796473052e-08
-0.0003741819849,2.3522522796473052e-08
-0.00037418198489999995,2.3522522822711705e-08
-0.0003741819849,2.3522522796473052e-08
-0.0003741819849,2.3522522796473052e-08
-0.0003741819849,2.3522522796473052e-08
-0.0003741819849,2.3522522796473052e-08
-0.0003741819849,2.3522522796473052e-08
-71.67995482819613,3.5646594850331295
-0.00037418198378438134,2.352252266576753e-08
-0.0003741819849,2.3522522796473052e-08
-0.0003741819849,2.3522522796473052e-08
-0.0003741819849,2.3522522796473052e-08
-0.0003741819849,2.3522522796473052e-08
-0.0003741819849,2.3522522796473052e-08
-0.00037418198489999995,2.352252283116944e-08
-0.0003741819849,2.3522522796473052e-08
-0.0003741819849,2.3522522796473052e-08
-0.0003741819849,2.3522522796473052e-08
-0.0003741819849,2.3522522796473052e-08
-0.0003741819849,2.3522522796473052e-08
5.848603109135902e+35,-6.893592098362815e+31
-0.0003741819849,2.352252279956315e-08
-0.0003741819849,2.3522522796473052e-08
-0.0003741819849,2.3522522796473052e-08
-0.0003741819849,2.3522522796473052e-08
-0.0003741819849,2.3522522796473052e-08
-0.0003741819849,2.3522522796473052e-08
-0.00037418198489999995,2.3522522842878815e-08
-0.0003741819849,2.3522522796769534e-08
-0.0003741819849,2.3522522796473052e-08
-0.0003741819849,2.3522522796473052e-08
-0.0003741819849,2.3522522796473052e-08
-0.0003741819849,2.3522522796473052e-08
4.528526182591663e-05,3.558808563941552
-0.0003741819848999999,2.3522522803114042e-08
-0.0003741819849,2.3522522796473052e-08
-0.0003741819849,2.3522522796473052e-08
-0.0003741819849,2.3522522796473052e-08
-0.0003741819849,2.3522522796473052e-08
-0.0003741819849,2.3522522796473052e-08
-0.00037418198489999995,2.3522522863263725e-08
-0.0003741819849,2.3522522796857625e-08
-0.0003741819849,2.3522522796473052e-08
-0.0003741819849,2.3522522796473052e-08
-0.0003741819849,2.3522522796473052e-08
-0.0003741819849,2.3522522796473052e-08
-71.67995436777689,3.568565735005995
-0.00037418198224243855,2.3522522483253616e-08
-0.0003741819849,2.3522522796473052e-08
-0.0003741819849,2.3522522796473052e-08
-0.0003741819849,2.3522522796473052e-08
-0.0003741819849,2.3522522796473052e-08
-0.0003741819849,2.3522522796473052e-08
-0.00037418198489999995,2.3522522938728047e-08
-0.0003741819849,2.3522522796784777e-08
-0.0003741819849,2.352252279657006e-08
-0.0003741819849,2.3522522796473052e-08
-0.0003741819849,2.3522522796473052e-08
-0.0003741819849,2.3522522796473052e-08
5.848603109135902e+35,-6.893592098362815e+31
-0.00037418198174505863,2.3522522424675047e-08
-0.0003741819849,2.3522522796611162e-08
-0.0003741819849,2.3522522796473052e-08
-0.0003741819849,2.3522522796473052e-08
-0.0003741819849,2.3522522796473052e-08
-0.0003741819849,2.3522522796473052e-08
-0.00037418198489999995,2.3522522796509256e-08
-0.0003741819849,2.3522522796833905e-08
-0.00037418198489999995,2.3522522796566246e-08
-0.0003741819849,2.3522522796473052e-08
-0.0003741819849,2.3522522796473052e-08
-0.0003741819849,2.3522522796473052e-08
4.5745681065257986e-05,3.562714813914418
-0.0003741819795848776,2.3522522171721797e-08
-0.0003741819849,2.3522522796621323e-08
-0.0003741819849,2.3522522796473052e-08
-0.0003741819849,2.3522522796473052e-08
-0.0003741819849,2.3522522796473052e-08
-0.0003741819849,2.3522522796473052e-08
-0.0003741819848999999,2.3522523025471838e-08
-0.0003741819849,2.3522522796476282e-08
-0.0003741819849,2.352252279667639e-08
-0.0003741819849,2.3522522796473052e-08
-0.0003741819849,2.3522522796473052e-08
-0.0003741819849,2.3522522796473052e-08
-151996492407730.7,17915420138.742275
-0.0003741819849,2.3522522801569067e-08
-0.0003741819849,2.3522522796493705e-08
-0.0003741819849,2.3522522796473052e-08
-0.0003741819849,2.3522522796473052e-08
-0.0003741819849,2.3522522796473052e-08
-0.0003741819849,2.3522522796473052e-08
-0.0003741819848999999,2.3522522796810175e-08
-0.0003741819849,2.3522522796477367e-08
-0.0003741819848999999,2.352252279647304e-08
-0.0003741819849,2.3522522796473052e-08
-0.0003741819849,2.3522522796473052e-08
-0.0003741819849,2.3522522796473052e-08
4.604954539844878e-05,3.565292833992335
-0.0003741819849,2.3522522796516675e-08
-0.0003741819849,2.3522522796473052e-08
-0.0003741819849,2.3522522796473052e-08
-0.0003741819849,2.3522522796473052e-08
-0.0003741819849,2.3522522796473545e-08
-0.0003741819849,2.3522522796473052e-08
-0.00037418198489999995,2.3522522796556905e-08
-0.0003741819849,2.3522522796482e-08
-0.0003741819849,2.3522522796473052e-08
-0.0003741819849,2.3522522796473052e-08
-0.0003741819849,2.3522522796473052e-08
-0.0003741819849,2.3522522796473052e-08
4.624551921060424e-05,3.5666015135590152
-0.0003741819849,2.3522522796473052e-08
-0.0003741819849,2.352252279647538e-08
-0.0003741819849,2.3522522796473052e-08
-0.0003741819849,2.3522522796473052e-08
-0.0003741819849,2.3522522796473052e-08
-0.0003741819849,2.3522522796473052e-08
-0.00037418198489999995,2.352252279650587e-08
-0.0003741819849,2.352252279647758e-08
-0.0003741819849,2.3522522796473052e-08
-0.0003741819849,2.3522522796473052e-08
-0.0003741819849,2.3522522796473052e-08
-0.0003741819849,2.3522522796473052e-08
-3.218643961724989e+26,3.793729574046738e+22
-0.00037418198489999995,2.3522522796521757e-08
-0.0003741819849,2.352252279647501e-08
-0.0003741819849,2.3522522796473052e-08
-0.0003741819849,2.3522522796473052e-08
-0.0003741819849,2.3522522796473052e-08
-0.0003741819849,2.3522522796473052e-08
-0.0003741819849,2.352252279648168e-08
-0.0003741819849,2.352252279648401e-08
-0.0003741819848999999,2.3522522797083095e-08
-0.0003741819849,2.3522522796473052e-08
-0.0003741819849,2.3522522796473052e-08
-0.0003741819849,2.3522522796473052e-08
4.6509964637790136e-05,3.569199083965201
-0.0003741819849,2.352252279647305e-08
-0.0003741819849,2.352252279647488e-08
-0.0003741819849,2.3522522796473052e-08
-0.0003741819849,2.3522522796473052e-08
-0.0003741819849,2.3522522796473052e-08
-0.0003741819849,2.3522522796473052e-08
-0.0003741819849,2.3522522796473052e-08
-0.0003741819849,2.352252279647983e-08
-0.0003741819849,2.3522522798086187e-08
-0.0003741819849,2.3522522796473052e-08
-0.0003741819849,2.3522522796473052e-08
-0.0003741819849,2.3522522796473052e-08
89128.96036504066,-6.934904016707341
-0.0003741819849,2.3522522796478638e-08
-0.0003741819849,2.3522522796518587e-08
-0.0003741819849,2.3522522796473052e-08
-0.0003741819849,2.3522522796473052e-08
-0.0003741819849,2.3522522796473052e-08
-0.0003741819849,2.3522522796473052e-08
-0.0003741819849,2.3522522796678888e-08
-0.0003741819849,2.3522522796473856e-08
-0.0003741819849,2.3522522796475144e-08
-0.0003741819849,2.3522522796473052e-08
-0.0003741819849,2.3522522796473052e-08
-0.0003741819849,2.3522522796473052e-08
4.681385707274111e-05,3.571777342461696
-0.00037418198489999995,2.352252279654716e-08
-0.0003741819849,2.352252279650292e-08
-0.0003741819849,2.3522522796473052e-08
-0.0003741819849,2.3522522796473052e-08
-0.0003741819849,2.3522522796473052e-08
-0.0003741819849,2.3522522796473052e-08
-0.0003741819849,2.3522522799170124e-08
-0.0003741819849,2.352252279648253e-08
-0.0003741819848999882,2.352252279647436e-08
-0.0003741819849,2.3522522796473052e-08
-0.0003741819849,2.3522522796473052e-08
-0.0003741819849,2.3522522796473052e-08
4.69680795327706e-05,3.573085783614716
-0.0003741819848999993,2.3522522796524854e-08
-0.0003741819849,2.352252279667469e-08
-0.0003741819849,2.3522522796473052e-08
-0.0003741819849,2.3522522796473052e-08
-0.0003741819849,2.3522522796473052e-08
-0.0003741819849,2.3522522796473052e-08
-0.0003741819849,2.3522522796473052e-08
-0.0003741819849,2.352252279647779e-08
-0.0003741819849,2.3522522796475938e-08
-0.0003741819849,2.3522522796473052e-08
-0.0003741819849,2.3522522796473052e-08
-0.0003741819849,2.3522522796473052e-08
1.9023205449785315e+17,-22422143600290.656
-0.00037418198489999973,2.3522522796523845e-08
-0.0003741819849,2.3522522796508002e-08
-0.0003741819848945043,2.35225236738273e-08
-0.0003741819849,2.352252279647321e-08
-0.0003741819849,2.3522522796473052e-08
-0.0003741819849,2.3522522796473052e-08
-0.0003741819849,2.3522522796877947e-08
-0.0003741819849,2.3522522796477446e-08
-0.0003741819849,2.3522522796473052e-08
-0.0003741819849,2.3522522796473052e-08
-0.0003741819849,2.3522522796473052e-08
-0.0003741819849,2.3522522796473052e-08
4.727427631208246e-05,3.5756835924345616
-0.0003741819849,2.3522522796524298e-08
-0.00037418198489999984,2.352252423316766e-08
-0.00037418198489444705,2.352252375385093e-08
-0.0003741819849,2.3522522796473052e-08
-0.0003741819849,2.3522522796473052e-08
-0.0003741819849,2.3522522796473052e-08
-0.0003741819849,2.3522522796680582e-08
-0.0003741819849,2.3522522796477073e-08
-0.0003741819848999994,2.352252662831877e-08
-0.0003741819849,2.3522522796473052e-08
-0.0003741819849,2.3522522796473052e-08
-0.0003741819849,2.3522522796473052e-08
-2.6226329129879454e-06,3.576972489163353
-0.0003741819849,2.3522522796482158e-08
-0.0003741819849,2.3522522796984826e-08
-0.00037418198489838975,2.3522522796283257e-08
-0.0003741819849,2.3522522796473052e-08
-0.0003741819849,2.3522522796473052e-08
-0.0003741819849,2.3522522796473052e-08
-0.0003741819849,2.3522522796534042e-08
-0.0003741819849,2.3522522796477102e-08
-0.00037418198489984675,2.352252754423012e-08
-0.0003741819849,2.3522522796473052e-08
-0.0003741819849,2.3522522796473052e-08
-0.0003741819849,2.3522522796473052e-08
1.9023205449785315e+17,-22422143600290.652
-0.0003741819849,2.3522522796485546e-08
-0.0003741819849,2.352252279649868e-08
-0.0003741819849,2.3522522796473052e-08
-0.0003741819849,2.3522522796473052e-08
-0.0003741819849,2.3522522796473052e-08
-0.0003741819849,2.3522522796473052e-08
-0.0003741819849,2.3522522796545477e-08
-0.0003741819849,2.3522522796480676e-08
-0.0003741819849,2.3522522796473052e-08
-0.0003741819849,2.3522522796473052e-08
-0.0003741819849,2.3522522796473052e-08
-0.0003741819849,2.3522522796473052e-08
4.7732391207086294e-05,3.579570292084077
-0.0003741819849,2.3522522796503757e-08
-0.00037418198489999957,2.352252279648931e-08
-0.0003741819849,2.3522522796473052e-08
-0.0003741819849,2.3522522796473052e-08
-0.0003741819849,2.3522522796473052e-08
-0.0003741819849,2.3522522796473052e-08
-0.0003741819849,2.352252279652324e-08
-0.00037418198489999995,2.352252279647763e-08
-0.0003741819849,2.3522522796473052e-08
-0.0003741819849,2.3522522796473052e-08
-0.0003741819849,2.3522522796473052e-08
-0.0003741819849,2.3522522796473052e-08
-2.1622136736465904e-06,3.580878739136219
-0.0003741819848999989,2.3522522796499393e-08
-0.0003741819848999999,2.3522522796503334e-08
-0.00037418198489965295,2.3522522796432147e-08
-0.0003741819849,2.3522522796473052e-08
-0.0003741819849,2.3522522796473052e-08
-0.0003741819849,2.3522522796473052e-08
-0.00037418198489999995,2.3522522796538274e-08
-0.00037418198489999995,2.3522522796479107e-08
-0.00037418198488689644,2.352252279492857e-08
-0.0003741819849,2.3522522796473052e-08
-0.0003741819849,2.3522522796473052e-08
-0.0003741819849,2.3522522796473052e-08
1.9023205449785315e+17,-22422143600290.65
-0.0003741819849,2.3522522796532348e-08
-0.00037418198489999995,2.3522522796473046e-08
-0.0003741819848989657,2.352252279635114e-08
-0.0003741819849,2.3522522796473052e-08
-0.0003741819849,2.3522522796473052e-08
-0.0003741819849,2.3522522796473052e-08
-0.0003741819849,2.3522522894922362e-08
-0.0003741819848999999,2.352252279647958e-08
-0.00037418198489764,2.352252279619489e-08
-0.0003741819849,2.3522522796473052e-08
-0.0003741819849,2.3522522796473052e-08
-0.0003741819849,2.3522522796473052e-08
4.819050612937494e-05,3.583456991733592
-0.0003741819848999987,2.3522522797316575e-08
-0.0003741819848999997,2.3522522796668724e-08
-0.0003741819849,2.3522522796473052e-08
-0.0003741819849,2.3522522796473052e-08
-0.0003741819849,2.3522522796473052e-08
-0.0003741819849,2.3522522796473052e-08
-0.0003741819848999998,2.352252279649251e-08
-0.00037418198489999995,2.3522522796476087e-08
-0.0003741819849,2.3522522796473052e-08
-0.0003741819849,2.3522522796473052e-08
-0.0003741819849,2.3522522796473052e-08
-0.0003741819849,2.3522522796473052e-08
-107374183.25409266,12659.492636710322
-0.00037418182573018487,2.3522504035552553e-08
-0.00037418198489999437,2.3522522796472387e-08
-0.0003741819849,2.3522522796473052e-08
-0.0003741819849,2.3522522796473052e-08
-0.0003741819849,2.3522522796473052e-08
-0.0003741819849,2.3522522796473052e-08
-0.00037418198489999984,2.352252294132996e-08
-0.00037418198489999984,2.3522522796473033e-08
-0.0003741819849,2.3522522796473052e-08
-0.0003741819849,2.3522522796473052e-08
-0.0003741819849,2.3522522796473052e-08
-0.0003741819849,2.3522522796473052e-08
4.056481801883142e+29,-4.7812666332124675e+25
-0.00037418179389791216,2.352250028359479e-08
-0.0003741819848999996,2.3522525878028023e-08
-0.0003741819849,2.3522522796473052e-08
-0.0003741819849,2.3522522796473052e-08
-0.0003741819849,2.3522522796473052e-08
-0.0003741819849,2.3522522796473052e-08
-0.00037418198489999957,2.352252511418365e-08
-0.0003741819849,2.3522522796473052e-08
-0.0003741819849,2.3522522796473052e-08
-0.0003741819849,2.3522522796473052e-08
-0.0003741819849,2.3522522796473052e-08
-0.0003741819849,2.3522522796473052e-08
4.865092536871624e-05,3.587363241706458
-0.0003741819849,2.352252279647305e-08
-0.0003741819849,2.3522522796596762e-08
-0.0003741819849,2.3522522796473052e-08
-0.0003741819849,2.3522522796473052e-08
-0.0003741819849,2.3522522796473052e-08
-0.0003741819849,2.3522522796473052e-08
-0.00037418198489999957,2.3522525405617197e-08
-0.0003741819848999998,2.3522522796473026e-08
-0.0003741819849,2.3522522796473052e-08
-0.0003741819849,2.3522522796473052e-08
-0.0003741819849,2.3522522796473052e-08
-0.0003741819849,2.3522522796473052e-08
-107374183.2540922,12659.496542960294
-0.0003741819704044148,2.3522521087917187e-08
-0.0003741819849,2.3522522796473052e-08
-0.0003741819849,2.3522522796473052e-08
-0.0003741819849,2.3522522796473052e-08
-0.0003741819849,2.3522522796473052e-08
-0.0003741819849,2.3522522796473052e-08
-0.00037418198489999973,2.352252426757857e-08
-0.0003741819849,2.3522522796473052e-08
-0.0003741819849,2.3522522796473052e-08
-0.0003741819849,2.3522522796473052e-08
-0.0003741819849,2.3522522796473052e-08
-0.0003741819849,2.3522522796473052e-08
4.8957094018959744e-05,3.589960812107726
-0.00037418192873664864,2.3522516176649005e-08
-0.0003741819849,2.3522522796473052e-08
-0.0003741819849,2.3522522796473052e-08
-0.0003741819849,2.3522522796473052e-08
-0.0003741819849,2.3522522796473052e-08
-0.0003741819849,2.3522522796473052e-08
-0.0003741819848999999,2.3522522796473043e-08
-0.0003741819849,2.3522522796473052e-08
-0.0003741819849,2.3522522796473052e-08
-0.0003741819849,2.3522522796473052e-08
-0.0003741819849,2.3522522796473052e-08
-0.0003741819849,2.3522522796473052e-08
4.9111344608057596e-05,3.591269491679324
-0.0003741785941718808,2.352212314041615e-08
-0.0003741819849,2.3522522796473052e-08
-0.0003741819849,2.3522522796473052e-08
-0.0003741819849,2.3522522796473052e-08
-0.0003741819849,2.3522522796473052e-08
-0.0003741819849,2.3522522796473052e-08
-0.0003741819848999998,2.3522523948389348e-08
-0.0003741819849,2.3522522796473052e-08
-0.0003741819849,2.3522522796473052e-08
-0.0003741819849,2.3522522796473052e-08
-0.0003741819849,2.3522522796473052e-08
-0.0003741819849,2.3522522796473052e-08
-4.932681919446933e+32,5.814020282983502e+28
-0.0003741819849,2.3522522796473052e-08
-0.0003741819849,2.3522522796473052e-08
-0.0003741819849,2.3522522796473052e-08
-0.0003741819849,2.3522522796473052e-08
-0.0003741819849,2.3522522796473052e-08
-0.0003741819849,2.3522522796473052e-08
-0.0003741819848999998,2.352252377491711e-08
-0.0003741819849,2.3522522796473052e-08
-0.0003741819849,2.3522522796473052e-08
-0.0003741819849,2.3522522796473052e-08
-0.0003741819849,2.3522522796473052e-08
-0.0003741819849,2.3522522796473052e-08
4.9415208913963576e-05,3.5938475117572413
-0.0003741819849,2.3522522796473052e-08
-0.0003741819849,2.3522522796473052e-08
-0.0003741819849,2.3522522796473052e-08
-0.0003741819849,2.3522522796473052e-08
-0.0003741819849,2.3522522796473052e-08
-0.0003741819849,2.3522522796473052e-08
-0.0003741819848999998,2.352252370552817e-08
-0.0003741819849,2.3522522796473052e-08
-0.0003741819849,2.3522522796473052e-08
-0.0003741819849,2.3522522796473052e-08
-0.0003741819849,2.3522522796473052e-08
-0.0003741819849,2.3522522796473052e-08
0.058799568902365915,3.595149266623497
-0.0003741819849,2.3522522796473052e-08
-0.0003741819849,2.3522522796473052e-08
-0.0003741819849,2.3522522796473052e-08
-0.0003741819849,2.3522522796473052e-08
-0.0003741819849,2.3522522796473052e-08
-0.0003741819849,2.3522522796473052e-08
-0.0003741819848999998,2.3522523719405853e-08
-0.0003741819849,2.3522522796473052e-08
-0.0003741819849,2.3522522796473052e-08
-0.0003741819849,2.3522522796473052e-08
-0.0003741819849,2.3522522796473052e-08
-0.0003741819849,2.3522522796473052e-08
-4.932681919446933e+32,5.814020282983502e+28
-0.0003741819849,2.3522522796473052e-08
-0.0003741819849,2.3522522796473052e-08
-0.0003741819849,2.3522522796473052e-08
-0.0003741819849,2.3522522796473052e-08
-0.0003741819849,2.3522522796473052e-08
-0.0003741819849,2.3522522796473052e-08
-0.0003741819848999998,2.35225238998172e-08
-0.0003741819849,2.3522522796473052e-08
-0.0003741819849,2.3522522796473052e-08
-0.0003741819849,2.3522522796473052e-08
-0.0003741819849,2.3522522796473052e-08
-0.0003741819849,2.3522522796473052e-08
4.9873290048525266e-05,3.5977342114067605
-0.0003741819849,2.3522522796473052e-08
-0.0003741819849,2.3522522796473052e-08
-0.0003741819849,2.3522522796473052e-08
-0.0003741819849,2.3522522796473052e-08
-0.0003741819849,2.3522522796473052e-08
-0.0003741819849,2.3522522796473052e-08
-0.0003741819848999998,2.352252380961147e-08
-0.0003741819849,2.3522522796473052e-08
-0.0003741819849,2.3522522796473052e-08
-0.0003741819849,2.3522522796473052e-08
-0.0003741819849,2.3522522796473052e-08
-0.0003741819849,2.3522522796473052e-08
126443838609.67648,-14903593.55845187
-0.0003741819849,2.3522522796473052e-08
-0.0003741819849,2.3522522796473052e-08
-0.0003741819849,2.3522522796473052e-08
-0.0003741819849,2.3522522796473052e-08
-0.0003741819849,2.3522522796473052e-08
-0.0003741819849,2.3522522796473052e-08
-0.00037418198489999984,2.352252360488425e-08
-0.0003741819849,2.3522522796473052e-08
-0.0003741819849,2.3522522796473052e-08
-0.0003741819849,2.3522522796473052e-08
-0.0003741819849,2.3522522796473052e-08
-0.0003741819849,2.3522522796473052e-08
-4.932681919446933e+32,5.814020282983502e+28
-0.0003741819849,2.3522522796473052e-08
-0.0003741819849,2.3522522796473052e-08
-0.0003741819849,2.3522522796473052e-08
-0.0003741819849,2.3522522796473052e-08
-0.0003741819849,2.3522522796473052e-08
-0.0003741819849,2.3522522796473052e-08
-0.00037418198489999984,2.3522523580598014e-08
-0.0003741819849,2.3522522796473052e-08
-0.0003741819849,2.3522522796473052e-08
-0.0003741819849,2.3522522796473052e-08
-0.0003741819849,2.3522522796473052e-08
-0.0003741819849,2.3522522796473052e-08
