x,y
7.740871587157106e-05,3.602167840027711
-0.0005747480358977,5.42904378062291e-08
-0.0005747480358977,5.42904378062291e-08
-0.0005747480358977,5.42904378062291e-08
-0.0005747480358977,5.42904378062291e-08
-0.0005747480358977,5.42904378062291e-08
-0.0005747480358977,5.42904378062291e-08
-0.0005747480358976998,5.42904384862707e-08
-0.0005747480358977,5.42904378062291e-08
-0.0005747480358977,5.42904378062291e-08
-0.0005747480358977,5.42904378062291e-08
-0.0005747480358977,5.42904378062291e-08
-0.0005747480358977,5.42904378062291e-08
0.05882764099524057,3.6034463328329696
-0.0005747480358977,5.42904378062291e-08
-0.0005747480358977,5.42904378062291e-08
-0.0005747480358977,5.42904378062291e-08
-0.0005747480358977,5.42904378062291e-08
-0.0005747480358977,5.42904378062291e-08
-0.0005747480358977,5.42904378062291e-08
-0.0005747480358976998,5.429043840994292e-08
-0.0005747480358977,5.42904378062291e-08
-0.0005747480358977,5.42904378062291e-08
-0.0005747480358977,5.42904378062291e-08
-0.0005747480358977,5.42904378062291e-08
-0.0005747480358977,5.42904378062291e-08
-2.3021535382270155e+20,4.167948476772503e+16
-0.0005747480358977,5.42904378062291e-08
-0.0005747480358977,5.42904378062291e-08
-0.0005747480358977,5.42904378062291e-08
-0.0005747480358977,5.42904378062291e-08
-0.0005747480358977,5.42904378062291e-08
-0.0005747480358977,5.42904378062291e-08
-0.0005747480358976998,5.4290438375248347e-08
-0.0005747480358977,5.42904378062291e-08
-0.0005747480358977,5.42904378062291e-08
-0.0005747480358977,5.42904378062291e-08
-0.0005747480358977,5.42904378062291e-08
-0.0005747480358977,5.42904378062291e-08
7.811238586846367e-05,3.6060545396405264
-0.0005747480358977,5.42904378062291e-08
-0.0005747480358977,5.42904378062291e-08
-0.0005747480358977,5.42904378062291e-08
-0.0005747480358977,5.42904378062291e-08
-0.0005747480358977,5.42904378062291e-08
-0.0005747480358977,5.42904378062291e-08
-0.0005747480358976999,5.4290438298920567e-08
-0.0005747480358977,5.42904378062291e-08
-0.0005747480358977,5.42904378062291e-08
-0.0005747480358977,5.42904378062291e-08
-0.0005747480358977,5.42904378062291e-08
-0.0005747480358977,5.42904378062291e-08
126443837415.74228,-22892101.146020707
-0.0005747480358977,5.42904378062291e-08
-0.0005747480358977,5.42904378062291e-08
-0.0005747480358977,5.42904378062291e-08
-0.0005747480358977,5.42904378062291e-08
-0.0005747480358977,5.42904378062291e-08
-0.0005747480358977,5.42904378062291e-08
-0.0005747480358976999,5.429043823472079e-08
-0.0005747480358977,5.42904378062291e-08
-0.0005747480358977,5.42904378062291e-08
-0.0005747480358977,5.42904378062291e-08
-0.0005747480358977,5.42904378062291e-08
-0.0005747480358977,5.42904378062291e-08
-4.9326818728705414e+32,8.930405186731194e+28
-0.0005747480358977,5.42904378062291e-08
-0.0005747480358977,5.42904378062291e-08
-0.0005747480358977,5.42904378062291e-08
-0.0005747480358977,5.42904378062291e-08
-0.0005747480358977,5.42904378062291e-08
-0.0005747480358977,5.42904378062291e-08
-0.0005747480358976999,5.429043839259574e-08
-0.0005747480358977,5.42904378062291e-08
-0.0005747480358977,5.42904378062291e-08
-0.0005747480358977,5.42904378062291e-08
-0.0005747480358977,5.42904378062291e-08
-0.0005747480358977,5.42904378062291e-08
7.881602210491458e-05,3.609941239253348
-0.0005747480358977,5.42904378062291e-08
-0.0005747480358977,5.42904378062291e-08
-0.0005747480358977,5.42904378062291e-08
-0.0005747480358977,5.42904378062291e-08
-0.0005747480358977,5.42904378062291e-08
-0.0005747480358977,5.42904378062291e-08
-0.0005747480358976998,5.4290438403003975e-08
-0.0005747480358977,5.42904378062291e-08
-0.0005747480358977,5.42904378062291e-08
-0.0005747480358977,5.42904378062291e-08
-0.0005747480358977,5.42904378062291e-08
-0.0005747480358977,5.42904378062291e-08
126443837415.74228,-22892101.142114457
-0.0005747480358977,5.42904378062291e-08
-0.0005747480358977,5.42904378062291e-08
-0.0005747480358977,5.42904378062291e-08
-0.0005747480358977,5.42904378062291e-08
-0.0005747480358977,5.42904378062291e-08
-0.0005747480358977,5.42904378062291e-08
-0.0005747480358976998,5.4290438413412415e-08
-0.0005747480358977,5.42904378062291e-08
-0.0005747480358977,5.42904378062291e-08
-0.0005747480358977,5.42904378062291e-08
-0.0005747480358977,5.42904378062291e-08
-0.0005747480358977,5.42904378062291e-08
-4.9326818728705414e+32,8.930405186731194e+28
-0.0005747480358977,5.42904378062291e-08
-0.0005747480358977,5.42904378062291e-08
-0.0005747480358977,5.42904378062291e-08
-0.0005747480358977,5.42904378062291e-08
-0.0005747480358977,5.42904378062291e-08
-0.0005747480358977,5.42904378062291e-08
-0.0005747480358976998,5.429043838218739e-08
-0.0005747480358977,5.42904378062291e-08
-0.0005747480358977,5.42904378062291e-08
-0.0005747480358977,5.42904378062291e-08
-0.0005747480358977,5.42904378062291e-08
-0.0005747480358977,5.42904378062291e-08
-71.67991961070356,3.6268052897782437
-0.0005747480358977,5.42904378062291e-08
-0.0005747480358977,5.42904378062291e-08
-0.0005747480358977,5.42904378062291e-08
-0.0005747480358977,5.42904378062291e-08
-0.0005747480358977,5.42904378062291e-08
-0.0005747480358977,5.42904378062291e-08
-0.0005747480358976998,5.429043833014564e-08
-0.0005747480358977,5.42904378062291e-08
-0.0005747480358977,5.42904378062291e-08
-0.0005747480358977,5.42904378062291e-08
-0.0005747480358977,5.42904378062291e-08
-0.0005747480358977,5.42904378062291e-08
2.7200829774965327e+23,-4.9245914811931754e+19
-0.0005747480358977,5.42904378062291e-08
-0.0005747480358977,5.42904378062291e-08
-0.0005747480358977,5.42904378062291e-08
-0.0005747480358977,5.42904378062291e-08
-0.0005747480358977,5.42904378062291e-08
-0.0005747480358977,5.42904378062291e-08
-0.0005747480358976998,5.429043835790143e-08
-0.0005747480358977,5.42904378062291e-08
-0.0005747480358977,5.42904378062291e-08
-0.0005747480358977,5.42904378062291e-08
-0.0005747480358977,5.42904378062291e-08
-0.0005747480358977,5.42904378062291e-08
7.999358730415116e-05,3.616445297984639
-0.0005747480358977,5.42904378062291e-08
-0.0005747480358977,5.42904378062291e-08
-0.0005747480358977,5.42904378062291e-08
-0.0005747480358977,5.42904378062291e-08
-0.0005747480358977,5.42904378062291e-08
-0.0005747480358977,5.42904378062291e-08
-0.0005747480358976998,5.429043834749298e-08
-0.0005747480358977,5.42904378062291e-08
-0.0005747480358977,5.42904378062291e-08
-0.0005747480358977,5.42904378062291e-08
-0.0005747480358977,5.42904378062291e-08
-0.0005747480358977,5.42904378062291e-08
-71.67991890349407,3.630711539714225
-0.0005747480358977,5.42904378062291e-08
-0.0005747480358977,5.42904378062291e-08
-0.0005747480358977,5.42904378062291e-08
-0.0005747480358977,5.42904378062291e-08
-0.0005747480358977,5.42904378062291e-08
-0.0005747480358977,5.42904378062291e-08
-0.0005747480358976998,5.429043844810689e-08
-0.0005747480358977,5.42904378062291e-08
-0.0005747480358977,5.42904378062291e-08
-0.0005747480358977,5.42904378062291e-08
-0.0005747480358977,5.42904378062291e-08
-0.0005747480358977,5.42904378062291e-08
2.7200829774965327e+23,-4.9245914811931754e+19
-0.0005747480358977,5.42904378062291e-08
-0.0005747480358977,5.42904378062291e-08
-0.0005747480358977,5.42904378062291e-08
-0.0005747480358977,5.42904378062291e-08
-0.0005747480358977,5.42904378062291e-08
-0.0005747480358977,5.42904378062291e-08
-0.0005747480358976998,5.429043858688476e-08
-0.0005747480358977,5.42904378062291e-08
-0.0005747480358977,5.42904378062291e-08
-0.0005747480358977,5.42904378062291e-08
-0.0005747480358977,5.42904378062291e-08
-0.0005747480358977,5.42904378062291e-08
8.069725730104377e-05,3.6203319975974546
-0.0005747480358977,5.42904378062291e-08
-0.0005747480358977,5.42904378062291e-08
-0.0005747480358977,5.42904378062291e-08
-0.0005747480358977,5.42904378062291e-08
-0.0005747480358977,5.42904378062291e-08
-0.0005747480358977,5.42904378062291e-08
-0.0005747480358976998,5.429043869096828e-08
-0.0005747480358977,5.42904378062291e-08
-0.0005747480358977,5.42904378062291e-08
-0.0005747480358977,5.42904378062291e-08
-0.0005747480358977,5.42904378062291e-08
-0.0005747480358977,5.42904378062291e-08
-71.67991819628458,3.6346177896502065
-0.0005747480358977,5.42904378062291e-08
-0.0005747480358977,5.42904378062291e-08
-0.0005747480358977,5.42904378062291e-08
-0.0005747480358977,5.42904378062291e-08
-0.0005747480358977,5.42904378062291e-08
-0.0005747480358977,5.42904378062291e-08
-0.0005747480358976998,5.429043874997899e-08
-0.0005747480358977,5.42904378062291e-08
-0.0005747480358977,5.42904378062291e-08
-0.0005747480358977,5.42904378062291e-08
-0.0005747480358977,5.42904378062291e-08
-0.0005747480358977,5.42904378062291e-08
5.8486030539110085e+35,-1.058864049900377e+32
-0.0005747480358977,5.42904378062291e-08
-0.0005747480358977,5.42904378062291e-08
-0.0005747480358977,5.42904378062291e-08
-0.0005747480358977,5.42904378062291e-08
-0.0005747480358977,5.42904378062291e-08
-0.0005747480358977,5.42904378062291e-08
-0.0005747480358976998,5.42904387569182e-08
-0.0005747480358977,5.42904378062291e-08
-0.0005747480358977,5.42904378062291e-08
-0.0005747480358977,5.42904378062291e-08
-0.0005747480358977,5.42904378062291e-08
-0.0005747480358977,5.42904378062291e-08
8.144265054788491e-05,3.624218697202716
-0.0005747480358977,5.42904378062291e-08
-0.0005747480358977,5.42904378062291e-08
-0.0005747480358977,5.42904378062291e-08
-0.0005747480358977,5.42904378062291e-08
-0.0005747480358977,5.42904378062291e-08
-0.0005747480358977,5.42904378062291e-08
-0.0005747480358976997,5.429043890263466e-08
-0.0005747480358977,5.42904378062291e-08
-0.0005747480358977,5.42904378062291e-08
876846.4225548258,-158.74921684029272
-0.0005747480358977,5.42904378062291e-08
-0.0005747480358977,5.42904378062291e-08
-71.67991748907507,3.638524039586188
-0.0005747480358977,5.42904378062291e-08
-0.0005747480358977,5.42904378062291e-08
-0.0005747480358977,5.42904378062291e-08
-0.0005747480358977,5.42904378062291e-08
-0.0005747480358977,5.42904378062291e-08
-0.0005747480358977,5.42904378062291e-08
-0.0005747480358976997,5.429043889569565e-08
-0.0005747480358977,5.42904378062291e-08
-0.0005747480358977,5.42904378062291e-08
-0.0005747480358977,5.42904378062291e-08
-0.0005747480358977,5.42904378062291e-08
-0.0005747480358977,5.42904378062291e-08
8.187120607453728e-05,3.6268162675870106
-0.0005747480358977,5.42904378062291e-08
-0.0005747480358977,5.42904378062291e-08
-0.0005747480358977,5.42904378062291e-08
-0.0005747480358977,5.42904378062291e-08
-0.0005747480358977,5.42904378062291e-08
-0.0005747480358977,5.42904378062291e-08
-0.0005747480358976997,5.4290438944268014e-08
-0.0005747480358977,5.42904378062291e-08
-0.00028471196357860205,1.6020053905462368
76.53639604351643,-0.013856630137009591
-0.0005747480358977,5.42904378062291e-08
-0.0005747480358977,5.42904378062291e-08
89128.95955889141,-12.508303609749422
-0.0005747480358977,5.42904378062291e-08
-0.0005747480358977,5.42904378062291e-08
-0.0005747480358977,5.42904378062291e-08
-0.0005747480358977,5.42904378062291e-08
-0.0005747480358977,5.42904378062291e-08
-0.0005747480358977,5.42904378062291e-08
-0.0005747480358976996,5.4290439284274126e-08
-0.0005747480358977,5.42904378062291e-08
-0.0005747480358977,5.42904378062291e-08
-0.0005747480358977,5.42904378062291e-08
-0.0005747480358977,5.42904378062291e-08
-0.0005747480358977,5.42904378062291e-08
-3.2186439313332416e+26,5.827214322640273e+22
-0.0005747480358977,5.42904378062291e-08
-0.0005747480358977,5.42904378062291e-08
-0.0005747480358977,5.42904378062291e-08
-0.0005747480358977,5.42904378062291e-08
-0.0005747480358977,5.42904378062291e-08
-0.0005747480358977,5.42904378062291e-08
-0.0005747480358976996,5.429043933284638e-08
-0.0005747480358977,5.42904378062291e-08
-0.0005734769557195189,0.007020826610147109
-0.0005747480358977,5.42904378062291e-08
-0.0005747480358977,5.42904378062291e-08
-0.0005747480358977,5.42904378062291e-08
8.257841557208904e-05,3.630722517522992
-0.0005747480358977,5.42904378062291e-08
-0.0005747480358977,5.42904378062291e-08
-0.0005747480358977,5.42904378062291e-08
-0.0005747480358977,5.42904378062291e-08
-0.0005747480358977,5.42904378062291e-08
-0.0005747480358977,5.42904378062291e-08
-0.0005747480358976996,5.4290439624341013e-08
-0.0005747480358977,5.42904378062291e-08
-0.0005747480358977,5.42904378062291e-08
20.258700356341055,-0.0036677990221103
-0.0005747480358977,5.42904378062291e-08
-0.0005747480358977,5.42904378062291e-08
89128.95955959862,-12.50439735981344
-0.0005747480358977,5.42904378062291e-08
-0.0005747480358977,5.42904378062291e-08
-0.0005746050280659049,0.0007899536565073034
-0.0005747480358977,5.42904378062291e-08
-0.0005747480358977,5.42904378062291e-08
-0.0005747480358977,5.42904378062291e-08
-0.0005747480358976993,5.429044041537469e-08
-0.0005747480358977,5.42904378062291e-08
-0.0005614530552979974,5.188343961001296e-08
14.254086578406461,-0.002580689911715172
-0.0005747480358977,5.42904378062291e-08
-0.0005747480358977,5.42904378062291e-08
8.30451980126729e-05,3.6333007759951417
-0.0005747480358977,5.42904378062291e-08
-0.0005747480358977,5.42904378062291e-08
-0.0005747480358977,5.42904378062291e-08
-0.0005747480358977,5.42904378062291e-08
-0.0005747480358977,5.42904378062291e-08
-0.0005747480358977,5.42904378062291e-08
-0.0005747480358976995,5.429043998516434e-08
-0.0005747480358977,5.42904378062291e-08
-0.0005747480358977,5.42904378062291e-08
-0.0005747480358977,5.42904378062291e-08
-0.0005747480358977,5.42904378062291e-08
-0.0005747480358977,5.42904378062291e-08
8.328208556895845e-05,3.6346092171358073
-0.0005747480358977,5.42904378062291e-08
-0.0005747480358977,5.42904378062291e-08
-0.0005747480358977,5.42904378062291e-08
-0.0005747480358977,5.42904378062291e-08
-0.0005747480358977,5.42904378062291e-08
-0.0005747480358977,5.42904378062291e-08
-0.0005747480358976993,5.429044060966371e-08
-0.0005747480358977,5.42904378062291e-08
-0.0005747355763880359,5.42881820663984e-08
-0.0005604980849672919,5.171054640071415e-08
-0.0005747480358977,5.42904378062291e-08
-0.0005747480358977,5.42904378062291e-08
1.902320527016046e+17,-34440682653230.145
-0.0005747480358977,5.42904378062291e-08
-0.0005747480358977,5.42904378062291e-08
-0.0005747478105408167,1.2990422603388902e-06
-0.0005747480358977,5.42904378062291e-08
-0.0005747480358977,5.42904378062291e-08
-0.0005747480358977,5.42904378062291e-08
-0.0005747480358976992,5.4290441109264064e-08
-0.0005747480358977,5.42904378062291e-08
-0.0005747480352257374,5.8002002800698835e-08
-0.0005473210139872789,4.932489522638953e-08
-0.0005747480358977,5.42904378062291e-08
-0.0005747480358977,5.42904378062291e-08
8.375240751022466e-05,3.637207025931123
-0.0005747480358977,5.42904378062291e-08
-0.0005747480358977,5.42904378062291e-08
-0.0005747479292891112,6.431397032739834e-07
-0.0005747480358977,5.42904378062291e-08
-0.0005747480358977,5.42904378062291e-08
-0.0005747480358977,5.42904378062291e-08
-0.0005747480358976988,5.4290443218809744e-08
-0.0005747480358977,5.42904378062291e-08
-0.0005747463249363348,5.830811405395362e-08
-0.0005686959385639016,5.319473200534188e-08
-0.0005747480358977,5.42904378062291e-08
-0.0005747480358977,5.42904378062291e-08
8.39892950665102e-05,3.6385154670717887
-0.0005747419820341666,5.428934178066549e-08
-0.0005747480357850402,5.491271075141701e-08
-0.0005747480358977,5.42904378062291e-08
-0.0005747480358977,5.42904378062291e-08
-0.0005747480358977,5.42904378062291e-08
-0.0005747480358977,5.42904378062291e-08
-0.0005747480358976998,5.4290437806229056e-08
-0.0005747480358977,5.42904378062291e-08
-0.0005747480349451982,5.429043763378282e-08
-0.0005739989739135461,5.41548234041477e-08
-0.0005747480358977,5.42904378062291e-08
-0.0005747480358977,5.42904378062291e-08
1.902320527016046e+17,-34440682653230.14
-0.0005747471263697064,5.429027314015656e-08
-0.0005747480297412957,8.829514740773108e-08
-0.0005747402843022911,8.946229662676806e-08
-0.0005747480358977,5.42904378062291e-08
-0.0005747480358977,5.42904378062291e-08
-0.0005747480358977,5.42904378062291e-08
-0.0005747480358976998,5.4290437806229056e-08
-0.0005747480358977,5.42904378062291e-08
-0.0005747480348101572,5.429064371724124e-08
-0.0005746348453901452,5.4269945158987536e-08
-0.0005747480358977,5.42904378062291e-08
-0.0005747480358977,5.42904378062291e-08
8.445607750711738e-05,3.641093725543939
-0.0005747480358977,5.42904378062291e-08
-0.0005747480358977,5.42904378062291e-08
-0.0005747480357950878,5.429043778765162e-08
-0.0005747480358977,5.42904378062291e-08
-0.0005747480358977,5.42904378062291e-08
-0.0005747480358977,5.42904378062291e-08
-0.0005747480358976997,5.429043780622905e-08
-0.0005747480358977,5.42904378062291e-08
-0.0005747480358243903,5.42905013229902e-08
-0.0005742709202714072,5.420405810501322e-08
-0.0005747480358977,5.42904378062291e-08
-0.0005747480358977,5.42904378062291e-08
3.464413819522199e-05,3.642402175745726
-0.0005747480358977,5.42904378062291e-08
-0.0005747480358920583,5.432159916740387e-08
-0.0005747480342934503,6.285090376983163e-08
-0.0005747480358977,5.42904378062291e-08
-0.0005747480358977,5.42904378062291e-08
-0.0005747480358977,5.42904378062291e-08
-0.0005747480358976987,5.429044321880803e-08
-0.0005747480358977,5.42904378062291e-08
-0.0005747480358702649,5.429047511741778e-08
-0.0005747480358977,5.42904378062291e-08
-0.0005747480358977,5.42904378062291e-08
-0.0005747480358977,5.42904378062291e-08
4.0564817635801884e+29,-7.344083140775411e+25
-0.0005747480358977,5.42904378062291e-08
-0.0005747480358973654,5.4292285917706394e-08
-0.0005747480358266182,5.429043779336651e-08
-0.0005747480358977,5.42904378062291e-08
-0.0005747480358977,5.42904378062291e-08
-0.0005747480358977,5.42904378062291e-08
-0.0005747480358976987,5.4290442941254385e-08
-0.0005747480358977,5.42904378062291e-08
-0.0005747480358867012,5.429046345674624e-08
-0.0005747480358977,5.429043780623543e-08
-0.0005747480358977,5.42904378062291e-08
-0.0005747480358977,5.42904378062291e-08
8.516328700466913e-05,3.64499997547992
-0.0005747480358977,5.42904378062291e-08
-0.0005747480358436752,5.458884210260744e-08
-0.0005747480358977,5.429043780623572e-08
-0.0005747480358977,5.4290437806229096e-08
-0.0005747480358977,5.42904378062291e-08
-0.0005747480358977,5.42904378062291e-08
-0.0005747480358976986,5.429044363514503e-08
-0.0005747480358977,5.42904378062291e-08
-0.0005747480358959785,5.429043956185392e-08
-0.0005747480358977,5.429043780623294e-08
-0.0005747480358977,5.42904378062291e-08
-0.0005747480358977,5.42904378062291e-08
-107374182.24018481,19443.27322433512
-0.0005747480358977,5.42904378062291e-08
-0.0005747480358937265,5.4312384972175964e-08
-0.0005747480358977,5.4290437806239955e-08
-0.0005747480358977,5.429043780625431e-08
-0.0005747480358977,5.42904378062291e-08
-0.0005747480358977,5.42904378062291e-08
-0.0005747480358976991,5.429044047088728e-08
-0.0005747480358977,5.42904378062291e-08
-0.0005747480358963327,5.4290437806144234e-08
-0.0005747480358977,5.429043780623257e-08
-0.0005747480358977,5.42904378062291e-08
-0.0005747480358977,5.42904378062291e-08
8.563002628061078e-05,3.647577995533495
-0.0005747477903172869,5.429039334496743e-08
-0.0005747480342953673,6.314087360085936e-08
-0.0005747480358916475,5.429043780514631e-08
-0.0005747480358977,5.429043780625071e-08
-0.0005747480358977,5.42904378062291e-08
-0.0005747480358977,5.42904378062291e-08
-0.0005747480358976996,5.429043838912687e-08
-0.0005747480358977,5.42904378062291e-08
-0.0005747480358976998,5.429043780625586e-08
-0.0005747480358977,5.429043780623347e-08
-0.0005747480358977,5.42904378062291e-08
-0.0005747480358977,5.42904378062291e-08
8.586695702884667e-05,3.6488866750927356
-0.0005746753558365654,0.0004006161813938898
-0.0005747071072835669,0.00022612223337453873
-0.0005747480358977,5.429043780623265e-08
-0.0005747480358977,5.429043780623171e-08
-0.0005747480358977,5.42904378062291e-08
-0.0005747480358977,5.42904378062291e-08
-0.0005747480358976996,5.429043824686414e-08
-0.0005747480358977,5.42904378062291e-08
-0.0005747480358976998,5.429043780623207e-08
-0.0005747480358977,5.429043780622968e-08
-0.0005747480358977,5.42904378062291e-08
-0.0005747480358977,5.42904378062291e-08
-2.3021535382270155e+20,4.167948476772503e+16
-0.0005747480087255019,5.4290432886821265e-08
-0.0005747480358976999,5.429043814805554e-08
-0.0005747480358977,5.429043780640111e-08
-0.0005747480358977,5.4290437806232147e-08
-0.0005747480358977,5.42904378062291e-08
-0.0005747480358977,5.42904378062291e-08
-0.0005747480358976996,5.429043822084331e-08
-0.0005747480358977,5.42904378062291e-08
-0.000574748035897379,5.429043780617428e-08
-0.0005747480358977,5.429043780622965e-08
-0.0005747480358977,5.42904378062291e-08
-0.0005747480358977,5.42904378062291e-08
8.633723577816253e-05,3.6514842454694763
-0.0005747480262337889,5.429043605662021e-08
-0.000574748035897671,5.429059772237419e-08
-0.0005747480358977,5.429043780623037e-08
-0.0005747480358977,5.4290437806233285e-08
-0.0005747480358977,5.42904378062291e-08
-0.0005747480358977,5.42904378062291e-08
-0.0005747480358976996,5.4290438092473835e-08
-0.0005747480358977,5.42904378062291e-08
-0.0005747480358976988,5.429043780638479e-08
-0.0005747480358977,5.429043780622963e-08
-0.0005747480358977,5.42904378062291e-08
-0.0005747480358977,5.42904378062291e-08
0.058836569515147166,3.6527627382747347
-0.0005747480287351643,5.4290436509483295e-08
-0.0005747480358977,5.42904378062291e-08
-0.0005747480358977,5.429043780623022e-08
-0.0005747480358977,5.42904378062299e-08
-0.0005747480358977,5.42904378062291e-08
-0.0005747480358977,5.42904378062291e-08
-0.0005747480358976996,5.429043802307716e-08
-0.0005747480358977,5.42904378062291e-08
-0.0005747480358976998,5.429043780623158e-08
-0.0005747480358977,5.4290437806229447e-08
-0.0005747480358977,5.42904378062291e-08
-0.0005747480358977,5.42904378062291e-08
-4.9326818728705414e+32,8.930405186731194e+28
-0.0005747480346968169,5.429043758881445e-08
-0.0005747480358976999,5.4290438607843653e-08
-0.0005747480358977,5.429043780623004e-08
-0.0005747480358977,5.429043780623002e-08
-0.0005747480358977,5.42904378062291e-08
-0.0005747480358977,5.42904378062291e-08
-0.0005747480358976996,5.429043801960744e-08
0.4115531274520399,-7.45596622092588e-05
-0.0005747480358976998,5.429043780623102e-08
-0.0005747480358977,5.42904378062453e-08
-0.0005747480358977,5.42904378062291e-08
-0.0005747480358977,5.42904378062291e-08
8.704090577505525e-05,3.6553709450822915
-0.0005747480346755084,5.429043758495665e-08
-0.0005747480358976997,5.4290439527420565e-08
-0.000574748035897491,5.429043780619125e-08
-0.0005747480358977,5.429043780623036e-08
-0.0005747480358977,5.42904378062291e-08
-0.0005747480358977,5.42904378062291e-08
-0.0005747480358976998,5.429043795108536e-08
-0.0005747480358977,5.42904378062291e-08
-0.0005747480358977,5.4290437806242873e-08
-0.0005747480358977,5.4290437806254626e-08
-0.0005747480358977,5.42904378062291e-08
-0.0005747480358977,5.42904378062291e-08
0.05883727672464472,3.656668988210716
-0.0005747480306110358,5.429043684910162e-08
-0.0005747480358977,5.42904378062291e-08
-0.0005747480358977,5.429043780632357e-08
-0.0005747480358977,5.4290437806230406e-08
-0.0005747480358977,5.42904378062291e-08
-0.0005747480358977,5.42904378062291e-08
-0.0005747480358976999,5.4290437997055607e-08
-0.0005746533885886629,0.0005228357945700865
-0.0005747480358977,5.4290437806231114e-08
-0.0005747480358977,5.429043780623101e-08
-0.0005747480358977,5.42904378062291e-08
-0.0005747480358977,5.42904378062291e-08
-4.9326818728705414e+32,8.930405186731194e+28
-0.0005747480204353657,5.4290435006840984e-08
-0.0005747480356844911,5.429046319724535e-08
-0.0005747480358977,5.429043780623514e-08
-0.0005747480358977,5.429043780622994e-08
-0.0005747480358977,5.42904378062291e-08
-0.0005747480358977,5.42904378062291e-08
-0.0005747480358976999,5.429043801527065e-08
-0.0005747480358977,5.42904378062291e-08
-0.000574748035896749,5.4290437806058836e-08
-0.0005747480358977,5.429043781902723e-08
-0.0005747480358977,5.42904378062291e-08
-0.0005747480358977,5.42904378062291e-08
8.774454201150605e-05,3.659257644695113
-0.000574748011000283,5.4290433298660436e-08
-0.0005747480358977,5.42904378062291e-08
-0.0005747480358977,5.4290437806411274e-08
-0.0005747480358976998,5.429043780623056e-08
-0.0005747480358977,5.42904378062291e-08
-0.0005747480358977,5.42904378062291e-08
-0.0005747480358976999,5.429043792679969e-08
-0.0005747480358975952,5.4291017055270675e-08
-0.0005732351700436996,5.4016540048019706e-08
-0.0005747480358976007,5.4290437806217495e-08
-0.0005747480358977,5.42904378062291e-08
-0.0005747480358977,5.42904378062291e-08
126443837415.74228,-22892101.09279805
-0.0005747480358977,5.42904378062291e-08
-0.000574748035897211,5.429313857786579e-08
-0.0005747480358976998,5.4290437806232094e-08
-0.000574748035897699,5.429043780627257e-08
-0.0005747480358977,5.42904378062291e-08
-0.0005747480358977,5.42904378062291e-08
-0.0005747480358977,5.4290437848514754e-08
-0.0005747480311174657,5.4313634072884235e-08
-0.0005747479535641169,5.429042290009749e-08
-0.0005747480358976519,5.429044244372035e-08
-0.0005747480358977,5.42904378062291e-08
-0.0005747480358977,5.42904378062291e-08
-4.9326818728705414e+32,8.930405186731194e+28
-0.0005747480058836909,5.429421274943881e-08
-0.0005747480129276422,5.4290433647600424e-08
-0.0005747480358975546,5.429124096356126e-08
-0.0005747480358977,5.42904378062291e-08
-0.0005747480358977,5.42904378062291e-08
-0.0005747480358977,5.42904378062291e-08
-0.0005747480358976999,5.4290438402973965e-08
-0.000574748030693044,5.4303115452370664e-08
-0.0005747480358714928,5.42904378014844e-08
-0.0005747480346608177,5.429043760713424e-08
-0.0005747480358977,5.42904378062291e-08
-0.0005747480358977,5.42904378062291e-08
8.845175150905792e-05,3.6631638946310945
-0.000574748032315581,5.4295126739834963e-08
-0.0005747480358971364,5.42935506922121e-08
-0.0005747480305428229,8.386793688216401e-08
-0.0005747480358977,5.429043780622911e-08
-0.0005747480358977,5.42904378062291e-08
-0.0005747480358977,5.42904378062291e-08
-0.0005747480358976999,5.4290438302360003e-08
-0.0005747480331970439,5.4290437317287116e-08
-0.0005746339239796569,5.426977834166163e-08
-0.0005747480358977,5.429043785937312e-08
-0.0005747480358977,5.42904378062291e-08
-0.0005747480358977,5.42904378062291e-08
2.7200829774965327e+23,-4.9245914811931754e+19
-0.0005747417179206943,3.8777676285150925e-07
-0.0005747480358976927,5.429047800738451e-08
-0.0005747480358977,5.42904378062349e-08
-0.0005747480358977,5.42904378062291e-08
-0.0005747480358977,5.42904378062291e-08
-0.0005747480358977,5.42904378062291e-08
-0.0005747480358976999,5.429043846198204e-08
-0.0005746804954934566,5.42786611840672e-08
-0.000574747966747403,4.362399790919954e-07
-0.0005747480358977,5.4290437811977624e-08
-0.0005747480358977,5.42904378062291e-08
-0.0005747480358977,5.42904378062291e-08
8.892210721074263e-05,3.665761703426404
-0.0005747417782958104,5.4289304894725556e-08
-0.0005747480311499471,5.4290436946669167e-08
-0.0005747480358961042,5.4299252459952565e-08
-0.0005747480358977,5.429043780622911e-08
-0.0005747480358977,5.42904378062291e-08
-0.0005747480358977,5.42904378062291e-08
-0.0005747480358977,5.429043786521314e-08
-0.0005747480317877853,7.699142519044033e-08
-0.0005747480358977,5.429043780626744e-08
-0.0005747480358964782,5.429043781102459e-08
-0.0005747480358977,5.42904378062291e-08
-0.0005747480358977,5.42904378062291e-08
-71.67990997497417,3.6800279451559903
-0.0005747464206351361,5.42901453699936e-08
-0.0005747480358977,5.4290437806250814e-08
-0.0005747480026695324,2.3782520085002905e-07
-0.0005747480358977,5.42904378062291e-08
-0.0005747480358977,5.42904378062291e-08
-0.0005747480358977,5.42904378062291e-08
-0.0005747480358977,5.429043786867914e-08
-0.0005747480358977,5.42904378062291e-08
-0.0005747480358977,5.4290437806229096e-08
-0.000574748035897677,5.429044188859602e-08
-0.0005747480358977,5.42904378062291e-08
-0.0005747480358977,5.42904378062291e-08
5.8486030539110085e+35,-1.058864049900377e+32
-0.000574746609810031,5.429017961928244e-08
-0.0005747480358977,5.429043780624457e-08
-0.000574748035895816,5.430084407652195e-08
-0.0005747480358977,5.4290437806229116e-08
-0.0005747480358977,5.42904378062291e-08
-0.0005747480358977,5.42904378062291e-08
-0.0005747480358977,5.4290437848514966e-08
-0.000574748035866572,5.4462372478242095e-08
-0.0005747480358977,5.429043780627951e-08
-0.0005747480357350961,5.4290437776830415e-08
-0.0005747480358977,5.42904378062291e-08
-0.0005747480358977,5.42904378062291e-08
8.962577720763535e-05,3.66964840303922
-0.0005747470897483344,5.429026651001704e-08
-0.0005747480358977,5.42904378062434e-08
-0.0005747480358977,5.42904378062291e-08
-0.0005747480358977,5.429043801179383e-08
-0.0005747480358977,5.42904378062291e-08
-0.0005747480358977,5.42904378062291e-08
-0.0005747480358977,5.429043781723425e-08
-0.0005747478148523688,5.42903977869369e-08
-0.0005747480358977,5.4290437806274214e-08
-0.0005747480358977,5.429043780691378e-08
-0.0005747480358977,5.42904378062291e-08
-0.0005747480358977,5.42904378062291e-08
-71.67990926776466,3.6839341950919717
-0.0005747480358977,5.42904378062291e-08
-0.0005747480358977,5.429043780633329e-08
-0.000574748035847948,5.429043779722175e-08
-0.0005747480358977,5.42904378062291e-08
-0.0005747480358977,5.42904378062291e-08
-0.0005747480358977,5.42904378062291e-08
-0.0005747480358977,5.4290437812084774e-08
-0.0005747479960934673,5.431419618001793e-08
-0.0005747480358976999,5.4290437806229155e-08
-0.0005747480358976991,5.429043780622895e-08
-0.0005747480358977,5.42904378062291e-08
-0.0005747480358977,5.42904378062291e-08
9.0092516483577e-05,3.6722264230927943
-0.0005747478976147926,5.431975303058199e-08
-0.0005747480358977,5.4290437806299e-08
-0.000574748035897695,5.429046512535699e-08
-0.0005747480358977,5.42904378062291e-08
-0.0005747480358977,5.42904378062291e-08
-0.0005747480358977,5.42904378062291e-08
-0.0005747480358977,5.429043781105479e-08
-0.0005747480264024639,5.429043608715807e-08
-0.0005747480358976999,5.429043780622909e-08
-0.0005747480358977,5.429043780953703e-08
-0.0005747480358977,5.42904378062291e-08
-0.0005747480358977,5.42904378062291e-08
9.03711704544765e-05,3.673535102644481
-0.00016445430784319556,2.266244667036576
-0.0005747480358977,5.42904378062291e-08
-0.0005747480358976999,5.429043835093227e-08
-0.0005747480358977,5.42904378062291e-08
-0.0005747480358977,5.42904378062291e-08
-0.0005747480358923479,5.431999994667425e-08
-0.0005747480358977,5.429043780633669e-08
3.046956091529957,-0.0005516878635832515
-0.0005747480358977,5.42904378062291e-08
-0.0005747480358977,5.42904378062291e-08
-0.0005747480358977,5.42904378062291e-08
-0.0005747480358977,5.42904378062291e-08
-151996490972517.88,27518301129.305527
-0.0005747480244700228,5.429043573729804e-08
-0.0005747480358955383,5.430237777067541e-08
-0.0005747480358976068,5.4290437808137607e-08
-0.0005747480358977,5.42904378062291e-08
-0.0005747480358977,5.42904378062291e-08
-0.0005747480358977,5.42904378062291e-08
-0.0005747480358977,5.429043781175951e-08
6.188236929559365,-0.0011204030455455529
-0.0005747480358977,5.429043780622922e-08
-0.0005747480358976998,5.429043780622907e-08
-0.0005747480358977,5.42904378062291e-08
-0.0005747480358977,5.42904378062291e-08
9.079972598112875e-05,3.6761326730287758
-0.0005747471808348601,5.429028300083486e-08
-0.0005747480358977,5.429043780634434e-08
-0.0005747480358976263,5.42904378062158e-08
-0.0005747480358977,5.42904378062291e-08
-0.0005747480358977,5.42904378062291e-08
244985196624.99564,-44353500.32697405
-0.0005747480358977,5.429043781297924e-08
13.127048594863057,-0.0023766446050588583
-0.0005747480358977,5.429043780622911e-08
-0.0005747480358977,5.42904378062291e-08
-0.0005747480358977,5.42904378062291e-08
-0.0005747480358977,5.42904378062291e-08
9.107837995202825e-05,3.6774413525804626
-0.0005747479462952788,5.4290421584101913e-08
-0.0005747480358977,5.4290437806229566e-08
-0.0005747480358976423,5.42904378074795e-08
-0.0005747480358977,5.42904378062291e-08
-0.0005747480358977,5.42904378062291e-08
-0.0005747480358977,5.42904378062291e-08
-0.0005747480358977,5.429043781907887e-08
28.00467953847609,-0.005070174736727282
-0.0005746860778653448,5.42792206313625e-08
-0.0005747480358977,5.42904378062291e-08
-0.0005747480358977,5.42904378062291e-08
-0.0005747480358977,5.42904378062291e-08
-3.2186439313332416e+26,5.827214322640273e+22
-0.0005747476611168887,5.429036995379937e-08
-0.0005747480358977,5.429043780623229e-08
-0.0005747480358977,5.429043780625112e-08
-0.0005747480358977,5.42904378062291e-08
-0.0005747480358977,5.42904378062291e-08
-0.0005747480358977,5.42904378062291e-08
-0.0005747480358976999,5.4290438562592824e-08
57.50992235631333,-0.010411970139049436
-0.0005747480358977,5.42904378708727e-08
-0.0005747480358977,5.42904378062291e-08
-0.0005747480358977,5.42904378062291e-08
-0.0005747480358977,5.42904378062291e-08
9.150339597799816e-05,3.680019372641591
-0.0005747476592983434,5.429036962455969e-08
-0.0005747480358977,5.42904378062291e-08
-0.0005747480358974657,5.4290437806258285e-08
-0.0005747480358977,5.42904378062291e-08
-0.0005747480358977,5.42904378062291e-08
-0.0005747480358977,5.42904378062291e-08
-0.0005747480358976999,5.4290438472387944e-08
-0.0005747480358976998,5.4290437806231796e-08
-0.0005747480358976734,5.429043780625543e-08
-0.0005747480358977,5.42904378062291e-08
-0.0005747480358977,5.42904378062291e-08
-0.0005747480358977,5.42904378062291e-08
89128.95956852715,-12.455080954371676
-0.0005747480357031208,5.42906287646962e-08
-0.0005747480358976973,5.429043781232861e-08
-0.0005747480358976796,5.429055019045705e-08
-0.0005747480358977,5.42904378062291e-08
-0.0005747480358977,5.42904378062291e-08
-0.0005747480358977,5.42904378062291e-08
-0.0005747480358976999,5.429043840656946e-08
-0.0005747480358977,5.429043780623662e-08
-0.0005747480358977,5.4290437806304925e-08
-0.0005747480358977,5.42904378062291e-08
-0.0005747480358977,5.42904378062291e-08
-0.0005747480358977,5.42904378062291e-08
9.197371791926437e-05,3.682617181436907
-0.0005747467841583417,5.429021118455746e-08
-0.0005747331292478078,5.4287739038178265e-08
-0.0005747480358976463,5.4290438125526894e-08
-0.0005747480358977,5.42904378062291e-08
-0.0005747480358977,5.42904378062291e-08
-0.0005747480358977,5.42904378062291e-08
-0.0005747480358976998,5.429043820701298e-08
-0.0005747480350069852,5.921027337558487e-08
-0.0005747480358965825,5.429043780603041e-08
-0.0005747480358977,5.42904378062291e-08
-0.0005747480358977,5.42904378062291e-08
-0.0005747480358977,5.42904378062291e-08
9.221060547554992e-05,3.6839256225775725
-0.0005747480358977,5.429043780654596e-08
-0.0005747480358976998,5.42904378062321e-08
-0.0005747480358977,5.42904378062291e-08
-0.0005747480358977,5.42904378062291e-08
-0.0005747480358977,5.42904378062291e-08
-0.0005747480358976984,5.4290446578354574e-08
-0.0005747480358977,5.429043802393689e-08
-0.0005747480358977,5.4290437806426494e-08
-0.0005747480358976894,5.4290437806229956e-08
-0.0005747480358977,5.42904378062291e-08
-0.0005747480358977,5.42904378062291e-08
-0.0005747480358977,5.42904378062291e-08
1.902320527016046e+17,-34440682653230.098
-0.0005747480358976998,5.429043780647978e-08
-0.0005747480358977,5.42904378062322e-08
-0.0005747480358977,5.42904378062291e-08
-0.0005747480358977,5.42904378062291e-08
-0.0005747480358977,5.42904378062291e-08
-0.0005747480358977,5.42904378062291e-08
-0.0005747480358977,5.42904379450384e-08
-0.0005747480358976998,5.429043780778112e-08
-0.0005747480358977,5.42904378062291e-08
-0.0005747480358977,5.42904378062291e-08
-0.0005747480358977,5.42904378062291e-08
-0.0005747480358977,5.429043780622955e-08
9.267738791615709e-05,3.6865038810497226
-0.0005747480358976999,5.429043780625502e-08
-0.0005747480358977,5.429043780623017e-08
-0.0005747480358977,5.42904378062291e-08
-0.0005747480358977,5.42904378062291e-08
-0.0005747480358977,5.42904378062291e-08
-0.0005747480358977,5.42904378062291e-08
-0.0005747480358977,5.429043780633711e-08
-0.0005747480358976999,5.429043780624031e-08
-0.0005747480358977,5.429043780623126e-08
-0.0005747480358977,5.42904378062291e-08
-0.0005747480358977,5.42904378062291e-08
-0.0005747480358977,5.42904378062291e-08
4.2865448604261706e-05,3.68781233125151
-0.0005747480358976999,5.429043780624656e-08
-0.0005747480358977,5.4290437806315937e-08
-0.0005747480358977,5.42904378062291e-08
-0.0005747480358977,5.42904378062291e-08
-0.0005747480358977,5.42904378062291e-08
-0.0005747480358977,5.429043780623593e-08
-0.0005747480358977,5.429043780638753e-08
-0.0005747480358977,5.429043780630662e-08
-0.0005747480358977,5.4290437845272914e-08
-0.0005747480358977,5.42904378062291e-08
-0.0005747480358977,5.42904378062291e-08
42.82615690411392,236552.1367482579
1.902320527016046e+17,-34440682653230.094
-0.0005747480358976999,5.429043780622908e-08
-0.0005747480358976991,5.4290437806228944e-08
-0.0005747480358977,5.42904378062291e-08
-0.0005747480358977,5.42904378062291e-08
-0.0005747480358977,5.42904378062291e-08
-0.0005747480358977,5.42904378062291e-08
-0.0005747480358977,5.42904378062291e-08
-0.0005747480358977,5.429043780750334e-08
-0.0005747480358977,5.429043780625017e-08
-0.0005747480358977,5.42904378062291e-08
1.0774061417076632e+22,-1.9505967836768056e+18
-0.0005747480358977,5.42904378062291e-08
9.338459741370885e-05,3.690410130985704
-0.0005747480358976999,5.42904378062474e-08
-0.0005747480358976976,5.429043780622883e-08
-0.0005747480358977,5.42904378062291e-08
-0.0005747480358977,5.42904378062291e-08
-0.0005747480358977,5.42904378062291e-08
-0.0005747480358977,5.42904378062291e-08
-0.0005747480358977,5.42904378062291e-08
-0.0005747480358977,5.429043780677813e-08
-0.0005747480358976992,5.429043780625585e-08
-0.0005747480358977,5.42904378062291e-08
-0.0005747480358977,5.42904378062291e-08
-7.681673773888447e-05,2.7503082844390727
-107374182.2401766,19443.318634490624
-0.0005747475264430077,5.4290345571712305e-08
-0.0005747480358977,5.429043780622924e-08
-0.0005747480358977,5.42904378062291e-08
-0.0005747480358977,5.42904378062291e-08
-0.0005747480358977,5.42904378062291e-08
1554.6116481463544,8586852.859272176
-0.0005747480358977,5.42904378062291e-08
-0.0005747480358976997,5.429043780701525e-08
-0.0005747480358977,5.429043780622911e-08
-0.0005747480358977,5.42904378062291e-08
-0.0005747480358977,5.42904378062291e-08
-0.000574748010773158,1.9306507353515432e-07
9.385133668965049e-05,3.6929881510392786
-0.0005747480358975283,5.429043780634881e-08
-0.0005747480358977,5.429043780622916e-08
-0.0005747480358977,5.42904378062291e-08
-0.0005747480358977,5.42904378062291e-08
-0.0005747480358977,5.42904378062291e-08
-0.0005747480358977,5.42904378062291e-08
-0.0005747480358977,5.42904378062291e-08
-0.0005747480358977,5.4290437806740856e-08
-0.0005747480358977,5.42904378062291e-08
-0.0005747480358977,5.42904378062291e-08
-0.0005747480358977,5.42904378062291e-08
-0.0005747480358977,5.42904378062291e-08
9.408826743788638e-05,3.6942968305985193
-0.000574748023787894,5.429043561380159e-08
-0.0005747480358977,5.429043780622914e-08
-0.0005747480358977,5.42904378062291e-08
-0.0005747480358977,5.42904378062291e-08
-0.0005747480358977,5.42904378062291e-08
-0.0005747480358977,5.42904378062291e-08
-0.0005747480358977,5.42904378062291e-08
-0.0005747480358976999,5.4290437806359565e-08
-0.0005747480358977,5.42904378062291e-08
-0.0005747480358977,5.42904378062291e-08
-0.0005747480358977,5.42904378062291e-08
-0.0005747480358977,5.42904378062291e-08
-2.3021535382270155e+20,4.167948476772503e+16
-0.0005747480324865583,5.429043718865678e-08
-0.0005747467549847897,5.4290205912136655e-08
-0.0005747480358977,5.42904378062291e-08
-0.0005747480358977,5.42904378062291e-08
-0.0005747480358977,5.42904378062291e-08
-0.0005747480358977,5.42904378062291e-08
-0.0005747480358977,5.42904378062291e-08
-0.0005747480355920324,5.597878346403914e-08
-0.0005747480358977,5.42904378062291e-08
-0.0005747480358977,5.42904378062291e-08
-0.0005747480358977,5.42904378062291e-08
33.92886171125829,187408.20005366614
9.455854618720236e-05,3.69689440097526
-0.0005747480320881164,5.4290437116520614e-08
-0.0005747480358976999,5.429043783486296e-08
-0.0005747480358977,5.42904378062291e-08
-0.0005747480358977,5.42904378062291e-08
-0.0005747480358977,5.42904378062291e-08
-0.0005747480358977,5.42904378062291e-08
-0.0005747480358977,5.42904378062291e-08
-0.0005747469223701148,5.429023620694015e-08
-0.0005747480358977,5.42904378062291e-08
-0.0005747480358977,5.42904378062291e-08
1.0478911264934611e+22,-1.897161137156595e+18
-0.0005747480358977,5.42904378062291e-08
0.05884479082555621,3.6981728937805185
-0.0005747480356671104,5.556402058013504e-08
-0.0005747480358977,5.429043780629604e-08
-0.0005747480358977,5.42904378062291e-08
-0.0005747480358977,5.42904378062291e-08
-0.0005747480358977,5.42904378062291e-08
-0.0005747480358977,5.42904378062291e-08
-0.0005747480358977,5.42904378062291e-08
-0.0005747480358977,5.42904378062291e-08
-0.0005747480358977,5.42904378062291e-08
-0.0005747480358977,5.42904378062291e-08
0.13811254739302503,-2.5054438938074172e-05
-0.0005747480358977,5.42904378062291e-08
-4.9326818728705414e+32,8.930405186731194e+28
-0.0005747480358976907,5.429043780622742e-08
-0.0005747480358977,5.429043780725266e-08
-0.0005747480358977,5.42904378062291e-08
-0.0005747480358977,5.42904378062291e-08
-0.0005747480358977,5.42904378062291e-08
-0.0005747480358977,5.429043780622954e-08
-0.0005747480358977,5.42904378062291e-08
-0.0005747480353838434,5.712870893335746e-08
-0.0005747480358977,5.42904378062291e-08
-0.0005747480358977,5.42904378062291e-08
-0.0005747398276974929,5.428895174741581e-08
-0.0005747480358977,5.42904378062291e-08
9.526221618409497e-05,3.7007811005880753
-0.000574748012019152,5.429043348312222e-08
-0.0005747480358977,5.429043780624064e-08
-0.0005747480358977,5.42904378062291e-08
-0.0005747480358977,5.42904378062291e-08
-0.0005747480358977,5.42904378062291e-08
-0.0005747480358977,5.42904378062291e-08
-0.0005747480358977,5.42904378062291e-08
-0.0005747480358977,5.42904378062291e-08
-0.0005747480358977,5.42904378062291e-08
-0.0005747480358977,5.42904378062291e-08
-6.35183075456653e-05,-3.826547265692296e-08
-0.0005747480358977,5.42904378062291e-08
0.058845498035053755,3.7020791437165
-0.0005747480350022818,5.4290437644117545e-08
-0.0005747480358977,5.429043780804582e-08
-0.0005747480358977,5.42904378062291e-08
-0.0005747480358977,5.42904378062291e-08
-0.0005747480358977,5.42904378062291e-08
-0.0005747480358977,5.429043780622921e-08
-0.0005747480358977,5.42904378062291e-08
-0.0005747480358977,5.42904378062291e-08
-0.0005747480358977,5.42904378062291e-08
-0.0005747480358977,5.42904378062291e-08
-0.0005747480269157642,5.429043618008886e-08
1.0480070941819653e+22,-1.8973710915938775e+18
-4.9326818728705414e+32,8.930405186731194e+28
-0.0005747480348742495,5.429043762093785e-08
-0.0005747480358977,5.4290437808709897e-08
-0.0005747480358977,5.42904378062291e-08
-0.0005747480358977,5.42904378062291e-08
-0.0005747480358977,5.42904378062291e-08
-0.0005747480358976999,5.429043825735757e-08
-0.0005747480358977,5.42904378062291e-08
-0.0005747480358977,5.42904378062291e-08
-0.0005747480358977,5.42904378062291e-08
-0.0005747480358977,5.42904378062291e-08
-0.000574748035895697,5.4290437805866486e-08
-0.0005747480358977,5.429043780622955e-08
9.596585242054587e-05,3.7046678002008973
-0.0005747480347037191,5.429043759006408e-08
-0.0005747480358977,5.4290437806229096e-08
-0.0005747480358977,5.42904378062291e-08
-0.0005747480358977,5.42904378062291e-08
1.9238277967625664e+18,1.0626203740133636e+22
-0.0005747480358977,5.4290437806241404e-08
-0.0005747480358977,5.42904378062291e-08
-0.0005747480358977,5.42904378062291e-08
-0.0005747480358977,5.42904378062291e-08
-0.0005747480358977,5.42904378062291e-08
-0.0005747480358977,5.42904378062291e-08
0.09720444595110567,540.0803745038237
126443837415.7423,-22892101.047387894
-0.0005747480051936397,5.429043224815888e-08
-0.0005747480358977,5.42904378062291e-08
-0.0005747480358977,5.42904378062291e-08
-0.0005747480358977,5.42904378062291e-08
-0.0005747480358977,5.42904378062291e-08
-0.0005747480358977,5.42904378062291e-08
-0.0005747480358977,5.42904378062291e-08
-0.0005747480358976995,5.4290437806228997e-08
-0.0005747480358977,5.42904378062291e-08
-0.0005747480358977,5.42904378062291e-08
-0.0005747480358975775,5.4290437806206914e-08
-0.0005747480358977,5.429043780622978e-08
-4.9326818728705414e+32,8.930405186731194e+28
-0.0005747480358976992,5.429043780666618e-08
-0.0005747480358977,5.42904378062291e-08
-0.0005747480358977,5.42904378062291e-08
-0.0005747480358977,5.42904378062291e-08
0.007074971346894189,42.25299008447254
-0.0005747480358848161,5.429043780467998e-08
-0.0005747480358977,5.42904378062291e-08
-0.0005747480358977,5.42904378062291e-08
-0.0005747480358977,5.42904378062291e-08
-0.0005747480358977,5.42904378062291e-08
-0.0005747480358977,5.42904378062291e-08
-0.0005747480358977,5.42904378062291e-08
-71.67990246087325,3.7215318507257926
-0.0005747480136107745,5.4290433771278556e-08
-0.0005747480358977,5.42904378062291e-08
-0.0005747480358977,5.42904378062291e-08
-0.0005747480358977,5.42904378062291e-08
-0.0005747480358977,5.42904378062291e-08
-0.0005747480358977,5.4290437806229116e-08
-0.0005747480358977,5.42904378062291e-08
-0.0005747480358976997,5.429043780622905e-08
-0.0005747480358977,5.42904378062291e-08
-0.0005747480358977,5.42904378062291e-08
-0.0005747480358977,5.42904378062291e-08
-0.0005747480358977,5.4290437806229883e-08
126443837415.7423,-22892101.043481644
-0.000574748016907698,5.429043436817215e-08
-0.0005747480358977,5.429043780623421e-08
-0.0005747480358977,5.42904378062291e-08
-0.0005747480358977,5.42904378062291e-08
-0.0005747480358977,5.42904378062291e-08
7.332900292807599e+21,4.050304951856141e+25
-0.0005747480358977,5.42904378062291e-08
-0.0005746213162361502,1.6930653372497195e-07
-0.0005747480358977,5.42904378062291e-08
-0.0005747480358977,5.42904378062291e-08
-0.0005747480358977,5.42904378062291e-08
-4.7246239788662696e-05,-4.121145948601901e-08
9.71398781191233e-05,3.711152308609022
-0.0005747480167569002,1.6001405793067336e-07
-0.0005746460340719428,5.4271970820990696e-08
-0.0005747480358977,5.42904378062291e-08
-0.0005747480358977,5.42904378062291e-08
-0.0005747480358977,5.42904378062291e-08
-0.0005747480358977,5.429043780622921e-08
-0.0005747480358977,5.42904378062291e-08
-0.0005747480358977,5.42904378062291e-08
-0.0005747480358977,5.42904378062291e-08
-0.0005747480358977,5.42904378062291e-08
-0.0005747480358977,5.42904378062291e-08
-0.0005746157552103548,5.4266488965277696e-08
-71.67990175366376,3.725438100661774
-0.0005747480355086106,5.4290437735786177e-08
-0.0005747480358977,5.429043780623453e-08
-0.0005747480358977,5.42904378062291e-08
-0.0005747480358977,5.42904378062291e-08
-0.0005747480358977,5.42904378062291e-08
-0.0005747480358977,5.429043780622954e-08
-0.0005747480358977,5.42904378062291e-08
-0.0005747480358976999,5.429043780622909e-08
-0.0005747480358977,5.42904378062291e-08
-0.0005747480358977,5.42904378062291e-08
-0.0005747480358977,5.42904378062291e-08
-0.0005747480358977,5.42904378062291e-08
5.8486030539110085e+35,-1.058864049900377e+32
-0.0005747480358976999,5.429043780622909e-08
-0.0005747480358977,5.429043780623371e-08
-0.0005747480358977,5.42904378062291e-08
-0.0005747480358977,5.42904378062291e-08
-0.0005747480358977,5.42904378062291e-08
-0.0005747480358977,5.4290437834674514e-08
-0.0005747480358977,5.42904378062291e-08
-0.0005747480358977,5.42904378062291e-08
-0.0005747480358977,5.42904378062291e-08
-0.0005747480358977,5.42904378062291e-08
-0.0005747480358977,5.42904378062291e-08
-0.0005747480358977,5.42904378062291e-08
9.784708761667506e-05,3.7150585585450036
-0.000574748024470022,5.429043573729788e-08
-0.0005747480358977,5.42904378062291e-08
-0.0005747480358977,5.42904378062291e-08
-0.0005747480358977,5.42904378062291e-08
-0.0005747480358977,5.42904378062291e-08
-0.0005747480358761222,5.440962214722626e-08
-0.0005747480358977,5.42904378062291e-08
-0.0005747480358977,5.42904378062291e-08
-0.0005747480358977,5.42904378062291e-08
-0.0005747480358977,5.42904378062291e-08
-0.0005747480358977,5.42904378062291e-08
-0.0005747480358977,5.42904378062291e-08
-71.67990104645425,3.7293443505977555
-0.0005747480272553555,5.429043624157036e-08
-0.0005747480358977,5.429043780639177e-08
-0.0005747480358977,5.42904378062291e-08
-0.0005747480358977,5.42904378062291e-08
-0.0005747480358977,5.42904378062291e-08
-0.000574748030373124,8.480526352753503e-08
-0.0005747480358977,5.42904378062291e-08
-0.0005747480358977,5.42904378062291e-08
-0.0005747480358976999,5.429043780622909e-08
-0.0005747480358977,5.42904378062291e-08
-0.0005747480358977,5.42904378062291e-08
-0.0005747480358977,5.42904378062291e-08
9.831382689261671e-05,3.717636578598578
-0.0005747480306670339,5.429043685923984e-08
-0.0005747480358977,5.42904378062291e-08
-0.0005747480358977,5.42904378062291e-08
-0.0005747480358977,5.42904378062291e-08
-0.0005747480358977,5.42904378062291e-08
-0.0005747480358977,5.429043780622921e-08
-0.0005747480358977,5.42904378062291e-08
-0.0005747480358977,5.42904378062291e-08
-0.0005747480358977,5.42904378062291e-08
-0.0005747480358977,5.42904378062291e-08
-0.0005747480358976996,5.429043780622902e-08
3.1528397169962906e+18,1.7414613329304479e+22
9.859248086351621e-05,3.718945258150265
-0.0005747480358977,5.4290437806229096e-08
-0.0005747480358976999,5.429043835110644e-08
-0.0005747480358977,5.42904378062291e-08
-0.0005747480358977,5.42904378062291e-08
-0.0005747480358977,5.42904378062291e-08
-0.000481826679747639,0.5132483106685163
-0.0005747480358977,5.42904378062291e-08
-0.0005747480358977,5.42904378062291e-08
-0.0005747480358976999,5.429043780622909e-08
-0.0005747480358977,5.42904378062291e-08
-0.0005747480358977,5.42904378062291e-08
9.962116460764031e+21,-1.8035976940117222e+18
-151996490972517.88,27518301129.350937
-0.0005747480358977,5.42904378062291e-08
-0.0005747480358974223,5.429043801612392e-08
-0.0005747480358977,5.42904378062291e-08
-0.0005747480358977,5.42904378062291e-08
-0.0005747480358977,5.42904378062291e-08
-0.0005747480358976995,5.4290440889612995e-08
-0.0005747480358977,5.4290437850689227e-08
-0.0005747480358977,5.42904378062291e-08
-0.0005747480358977,5.42904378062291e-08
-0.0005747480358977,5.42904378062291e-08
-0.0005747480358977,5.42904378062291e-08
8.458176791802444,-0.001531365747819856
9.902103639016847e-05,3.7215428285345595
-0.000574748033310788,5.429043733789025e-08
-0.000574748035897693,5.429043780626998e-08
-0.0005747480358977,5.42904378062291e-08
-0.0005747480358977,5.42904378062291e-08
-0.0005747480358977,5.42904378062291e-08
-0.0005747480358726651,5.442871742782535e-08
-0.0005747480358977,5.4290437850038705e-08
-0.0005747480358977,5.42904378062291e-08
-0.0005747480358977,5.42904378062291e-08
-0.0005747480358977,5.42904378062291e-08
-0.0005747480358977,5.42904378062291e-08
-0.0005747480358977,5.42904378062291e-08
9.929969036106797e-05,3.7228515080862463
-0.0005747480332823667,5.429043733274087e-08
-0.0005747480358977,5.42904378062594e-08
-0.0005747480358977,5.42904378062291e-08
-0.0005747480358977,5.42904378062291e-08
-0.0005747480358977,5.42904378062291e-08
-0.0005747480132371278,1.794519986465368e-07
-0.0005747480358977,5.42904378062291e-08
-0.0005747480358977,5.42904378062291e-08
-0.0005747480358977,5.42904378062291e-08
-0.0005747480358977,5.42904378062291e-08
-0.0005747480358977,5.42904378062291e-08
-0.0005747480358977,5.42904378062291e-08
9.948781883075233e-05,3.724121087006709
-0.0005747480358977,5.42904378062291e-08
-0.0005747480358977,5.42904378359471e-08
-0.0005747480358977,5.42904378062291e-08
-0.0005747480358977,5.42904378062291e-08
-0.0005747480358977,5.42904378062291e-08
-0.0005747100453097822,5.428404322818557e-08
-0.0005747480358977,5.429043785112292e-08
-0.0005747480358977,5.42904378062291e-08
-0.0005747480358977,5.42904378062291e-08
-0.0005747480358977,5.42904378062291e-08
-0.0005747480358977,5.42904378062291e-08
-0.0005747480358977,5.42904378062291e-08
9.972470638703788e-05,3.725429528147375
-0.0005747480344763467,5.4290437548903564e-08
-0.0005747480358977,5.4290437806247525e-08
-0.0005747480358977,5.42904378062291e-08
-0.0005747480358977,5.42904378062291e-08
-0.0005747480358977,5.42904378062291e-08
-0.0005747480358081034,5.478532176525783e-08
-0.0005747480358976999,5.429043785047238e-08
-0.0005747480358977,5.42904378062291e-08
-0.0005747480358977,5.42904378062291e-08
-0.0005747480358977,5.42904378062291e-08
-0.0005747480358977,5.42904378062291e-08
-0.0005747480358977,5.429043780622911e-08
89128.95957674846,-12.409670798865891
-0.0005747480343626601,5.429043752831959e-08
-0.0005747480358977,5.42904378062291e-08
-0.0005747480358977,5.42904378062291e-08
-0.0005747480358977,5.42904378062291e-08
7543072793010.906,4.166393086744925e+16
-0.0005747480358977,5.429043780622913e-08
-0.0005747480358977,5.4290437806232544e-08
-0.0005747480358977,5.42904378062291e-08
-0.0005747480358977,5.42904378062291e-08
-0.0005747480358977,5.42904378062291e-08
-0.0005747480358977,5.42904378062291e-08
-0.0005747480358977,5.42904378062291e-08
0.00010019502832830408,3.7280273369426906
-0.0005747480358977,5.42904378062291e-08
-0.0005747480358977,5.4290437806244144e-08
-0.0005747480358977,5.42904378062291e-08
-0.0005747480358977,5.42904378062291e-08
-0.0005747480358977,5.42904378062291e-08
-0.0005747480358977,5.42904378062291e-08
-0.0005747480358977,5.429043783442619e-08
-0.0005747480358977,5.42904378062291e-08
-0.0005747480358977,5.429043780622913e-08
-0.0005747480358977,5.42904378062291e-08
-0.0005747480358977,5.42904378062291e-08
-0.0005747480358977,5.42904378062291e-08
0.00010043191588458963,3.7293357780833563
-0.0005747480350626785,5.4290437655054097e-08
-0.0005747480358977,5.42904378062291e-08
-0.0005747480358977,5.42904378062291e-08
-0.0005747480358977,5.42904378062291e-08
-0.0005747480119527646,1.8654955307441736e-07
-0.0005747423361356612,3.1536750975958615e-05
-0.0005747480358977,5.429043780623138e-08
-0.0005747480358977,5.42904378062291e-08
-0.0005747480358977,5.42904378062291e-08
-0.0005747480358977,5.42904378062291e-08
-0.0005747480358977,5.42904378062291e-08
1.8841258203509944e+18,1.0406911092971924e+22
1.902320527016046e+17,-34440682653230.05
-0.0005747480358977,5.42904378062291e-08
-0.0005747480358977,5.429043780622911e-08
-0.0005747480358977,5.42904378062291e-08
-0.0005747480358977,5.42904378062291e-08
-0.0005747480358977,5.42904378062291e-08
-0.0005747480358963102,5.4298114787549666e-08
-0.0005747480358977,5.42904378308444e-08
-0.0005747480358977,5.42904378062291e-08
-0.0005747480358977,5.42904378062291e-08
-0.0005747480358977,5.42904378062291e-08
-0.0005747480358977,5.42904378062291e-08
0.09864762848249252,548.0517488849015
0.0001008986983251968,3.7319140365555064
-0.0005747480358977,5.42904378062291e-08
-0.0005747480358977,5.42904378062291e-08
-0.0005747480358977,5.42904378062291e-08
-0.0005747480358977,5.42904378062291e-08
-0.0005747480358977,5.42904378062291e-08
-0.0005747480358921267,5.4321222114854205e-08
-0.0005747480358977,5.429043782910968e-08
-0.0005747480358977,5.42904378062291e-08
-0.0005747480358977,5.4290437806229096e-08
-0.0005747480358977,5.42904378062291e-08
-0.0005747480358977,5.42904378062291e-08
-0.0005747480358977,5.42904378062291e-08
5.108675901330142e-05,3.7332224867572936
-0.0005747480358977,5.42904378062291e-08
-0.0005747480358977,5.4290437806233946e-08
-0.0005747480358977,5.4290437806233735e-08
-0.0005747480358977,5.42904378062291e-08
-0.0005747480358976631,5.4290437806222425e-08
-0.0004286158191568729,0.0005152956772811973
-0.0005747480358977,5.42904378062291e-08
-0.0005747480358977,5.42904378062291e-08
-0.0005747480358977,5.42904378062291e-08
-0.0005747480358977,5.42904378062291e-08
-0.0005747480358977,5.42904378062291e-08
406.4258663916983,2244883.9632091885
1.902320527016046e+17,-34440682653230.047
-0.0005747480358977,5.42904378062291e-08
-0.0005747480358977,5.42904378062291e-08
-0.0005747480358977,5.42904378062291e-08
-0.0005747480358977,5.42904378062291e-08
27342.21168392669,151023869.524906
-0.0005747480358977,5.429043780671031e-08
-0.0005747480358977,5.42904378062291e-08
-0.0005747480358977,5.42904378062291e-08
-0.0005747480358977,5.42904378062291e-08
-0.0005747480358977,5.42904378062291e-08
-0.0005747480358977,5.42904378062291e-08
-0.0005747480358977,5.42904378062291e-08
0.00010160590782274856,3.735820286491488
-0.0005747480358977,5.42904378062291e-08
-0.0005747480358977,5.429043780624165e-08
-0.0005747480358977,5.42904378062291e-08
-0.0005747480358977,5.42904378062291e-08
-0.0005747480358977,5.42904378062291e-08
-0.0005747480358962382,5.429851202360664e-08
-0.0005747480358977,5.42904378062291e-08
-0.0005747480358977,5.42904378062291e-08
-0.0005747480358977,5.42904378062291e-08
-0.0005747480358977,5.42904378062291e-08
-0.0005747480358977,5.42904378062291e-08
-0.0005747480358977,5.42904378062291e-08
-107374182.24016838,19443.364044646132
-0.0005747480344324518,5.888999879271059e-08
-0.0005747480358977,5.42904378062291e-08
-0.0005747480358977,5.42904378062291e-08
-0.0005747480358977,5.42904378062291e-08
1.9772636471220367e+18,1.0921355018175544e+22
-0.0005747480358977,5.42904378062291e-08
-0.0005747480358977,5.4290437826182333e-08
-0.0005747480358977,5.42904378062291e-08
-0.0005747480358977,5.4290437806229116e-08
-0.0005747480358977,5.42904378062291e-08
-0.0005747480358977,5.42904378062291e-08
-0.0005747480358977,5.429043780622911e-08
4.0564817635801884e+29,-7.344083140775411e+25
-0.0005747480353504473,5.429043770715139e-08
-0.0005747480358977,5.42904378062291e-08
-0.0005747480358977,5.42904378062291e-08
-0.0005747480358977,5.42904378062291e-08
-0.0005747480358977,5.42904378062291e-08
-0.0005747480344076898,6.252046322129819e-08
-0.0005747480358977,5.42904378062294e-08
-0.0005747480358977,5.42904378062291e-08
-0.0005747480358977,5.42904378062291e-08
-0.0005747480358977,5.42904378062291e-08
-0.0005747480358977,5.42904378062291e-08
-0.000574748035777775,5.429043778451767e-08
0.0001023095778469261,3.739706986104303
-0.0005747480358977,5.42904378062291e-08
-0.0005747480358977,5.42904378062291e-08
-0.0005747480358977,5.42904378062291e-08
-0.0005747480358977,5.42904378062291e-08
-0.0005747480358977,5.42904378062291e-08
-0.00018703087470833146,2.141543884397046
-0.0005747480358977,5.429043782238763e-08
-0.0005747480358977,5.42904378062291e-08
-0.0005747480358977,5.42904378062291e-08
-0.0005747480358977,5.42904378062291e-08
-0.0005747480358977,5.42904378062291e-08
-0.0005747480358977,5.42904378062291e-08
-2.3021535382270155e+20,4.167948476772503e+16
-0.0005747480358977,5.42904378062291e-08
-0.0005747480358977,5.429043780622914e-08
-0.0005747480358977,5.42904378062291e-08
-0.0005747480358977,5.42904378062291e-08
-0.0005747480358977,5.42904378062291e-08
-0.0005747480358976997,5.429043969415222e-08
-0.0005747480358977,5.4290437821195017e-08
-0.0005747480358977,5.42904378062291e-08
-0.0005747480358977,5.42904378062291e-08
-0.0005747480358977,5.42904378062291e-08
-0.0005747480358977,5.42904378062291e-08
-5.964394749109997e-05,-3.8966908630664745e-08
0.00010277985659624207,3.7423045564810438
-0.0005747480358977,5.42904378062291e-08
-0.0005747480358977,5.429043780624784e-08
-0.0005747480358977,5.42904378062291e-08
-0.0005747480358977,5.42904378062291e-08
-0.0005747480358977,5.42904378062291e-08
-0.0005747480358977,5.4290437806229215e-08
-0.0005747480358977,5.429043781292503e-08
-0.0005747480358977,5.42904378062291e-08
-0.0005747480358977,5.42904378062291e-08
-0.0005747480358977,5.42904378062291e-08
-0.0005747480358977,5.42904378062291e-08
-0.0005747480358977,5.429043780634521e-08
0.05885301213596524,3.7435830492863027
-0.0005747480358977,5.42904378062291e-08
-0.0005747480358977,5.42904378062291e-08
-0.0005747480358977,5.42904378062291e-08
-0.0005747480358977,5.42904378062291e-08
-0.0005747480358977,5.42904378062291e-08
-0.0005747480357560613,5.507277437781154e-08
-0.0005747480358977,5.429043781522995e-08
-0.0005747480358977,5.42904378062291e-08
-0.0005747480358977,5.42904378062291e-08
-0.0005747480358977,5.42904378062291e-08
-0.0005747480358977,5.42904378062291e-08
9.961831608092268e+21,-1.8035461226790694e+18
-4.9326818728705414e+32,8.930405186731194e+28
-0.0005747480358977,5.42904378062291e-08
-0.0005747480358977,5.42904378062291e-08
-0.0005747480358977,5.42904378062291e-08
-0.0005747480358977,5.42904378062291e-08
-0.0005747480358977,5.42904378062291e-08
-0.0005747480302473842,8.549978351322142e-08
-0.0005747480358977,5.429043780622933e-08
-0.0005747480358977,5.42904378062291e-08
-0.0005747480358977,5.42904378062291e-08
-0.0005747480358977,5.42904378062291e-08
-0.0005747480358977,5.42904378062291e-08
-0.0005747480358977,5.42904378062291e-08
0.00010348352659313468,3.746191256093859
-0.0005747480358977,5.4290437806229275e-08
-0.0005747480358977,5.42904378062291e-08
-0.0005747480358977,5.42904378062291e-08
-0.0005747480358977,5.42904378062291e-08
-0.0005747480358977,5.42904378062291e-08
-0.0005747116951723115,5.428385847654876e-08
-0.0005747480358977,5.42904378116782e-08
-0.0005747480358977,5.42904378062291e-08
-0.0005747480358977,5.42904378062291e-08
-0.0005747480358977,5.42904378062291e-08
-0.0005747480358977,5.42904378062291e-08
1.8309449729051556e+18,1.0113168315690393e+22
0.058853719345462796,3.747489299222284
-0.0005747480358350665,5.4290437794889733e-08
-0.0005747480358977,5.42904378062291e-08
-0.0005747480358977,5.42904378062291e-08
-0.0005747480358977,5.42904378062291e-08
-0.0005747480358977,5.42904378062291e-08
1.1663543721003022e+22,-2.1116336716256978e+18
-0.0005747480358977,5.429043781148846e-08
-0.0005747480358977,5.42904378062307e-08
-0.0005747480358977,5.42904378062291e-08
-0.0005747480358977,5.42904378062291e-08
-0.0005747480358977,5.42904378062291e-08
-0.0005747480358977,5.42904378062291e-08
-4.9326818728705414e+32,8.930405186731194e+28
-0.0005747480358977,5.42904378062291e-08
-0.0005747480358977,5.42904378062291e-08
-0.0005747480358977,5.42904378062291e-08
-0.0005747480358977,5.42904378062291e-08
-0.0005747480358977,5.42904378062291e-08
-0.0005747480358977,5.429043780623641e-08
-0.0005747480358977,5.429043781100057e-08
-0.0005747480358977,5.42904378062291e-08
-0.0005747480358977,5.42904378062291e-08
-0.0005747480358977,5.42904378062291e-08
-0.0005747480358977,5.42904378062291e-08
-0.0005747480358977,5.429043780622956e-08
-151996490972517.88,27518301129.380722
-0.0005747480358977,5.42904378062291e-08
-0.0005747480358977,5.429043780622911e-08
-0.0005747480358977,5.42904378062291e-08
-0.0005747480358977,5.42904378062291e-08
-0.0005747480358977,5.42904378062291e-08
-0.0005747480358977,5.429043792421763e-08
-0.0005747480358977,5.4290437810214525e-08
-0.0005747480358977,5.4290437806231247e-08
-0.0005747480358977,5.42904378062291e-08
-0.0005747480358977,5.42904378062291e-08
-0.0005747480358977,5.42904378062291e-08
-0.0005747480358977,5.42904378062291e-08
0.00010429860455879057,3.7506933140492507
-0.0005747480358566932,5.451693789897335e-08
-0.0005747480358977,5.42904378062291e-08
-0.0005747480358977,5.42904378062291e-08
-0.0005747480358977,5.42904378062291e-08
-0.0005747480358977,5.42904378062291e-08
-0.0005747480358977,5.4290437806690074e-08
-0.0005747480358977,5.429043780954996e-08
-0.0005747480358977,5.4290437806230664e-08
-0.0005747480358977,5.42904378062291e-08
-0.0005747480358977,5.42904378062291e-08
-0.0005747480358977,5.42904378062291e-08
-0.0005747480358977,5.42904378062291e-08
0.00010441527855933061,3.751337759458001
-0.0005747480358977,5.42904378062292e-08
-0.0005747480358977,5.42904378062291e-08
-0.0005747480358977,5.42904378062291e-08
-0.0005747480358977,5.42904378062291e-08
-0.0005747480358977,5.4290437806259384e-08
-0.0005747480358977,5.42904378062291e-08
-0.0005747480358977,5.429043780622919e-08
-0.0005747480358977,5.429043780623079e-08
-0.0005747480358977,5.42904378062291e-08
-0.0005747480358977,5.42904378062291e-08
-0.0005747480358977,5.42904378062291e-08
37852597651.642265,-6853047.553272638
-2.3021535382270155e+20,4.167948476772503e+16
-0.0005747480358977,5.4290437806229175e-08
-0.0005747480358977,5.429043780622913e-08
-0.0005747480358977,5.42904378062291e-08
-0.0005747480358977,5.42904378062291e-08
-0.0005747480358977,5.42904378062291e-08
-0.0005747480358977,5.429043780634518e-08
-0.0005747480358977,5.429043780937378e-08
-0.0005747480358977,5.42904378062301e-08
-0.0005747480358977,5.42904378062291e-08
-0.0005747480358977,5.42904378062291e-08
-0.0005747480358977,5.42904378062291e-08
1.047863879716162e+22,-1.8971118080557967e+18
0.00010469216277990054,3.752636663848105
-0.000574748035730689,5.4290437775992554e-08
-0.0005747480358977,5.429043780622918e-08
-0.0005747480358977,5.42904378062291e-08
-0.0005747480358977,5.42904378062291e-08
-0.0005747480358977,5.42904378062291e-08
-0.0005747480358977,5.42904378062291e-08
-0.0005747480358977,5.429043780923825e-08
-0.0005747480358977,5.42904378062291e-08
-0.0005747480358977,5.42904378062291e-08
-0.0005747480358977,5.42904378062291e-08
-0.0005747480358977,5.42904378062291e-08
1.884429744686905e+18,1.0408589809705516e+22
0.00010476711355777697,3.7532811092644085
-0.0005747480358173032,5.429043779167367e-08
-0.0005747480358977,5.429043780623195e-08
-0.0005747480358977,5.42904378062291e-08
-0.0005747480358977,5.42904378062291e-08
-0.0005747480358977,5.42904378062291e-08
-0.0005747480358977,5.4290437836597814e-08
-0.0005747480358977,5.429043780864194e-08
-0.0005747480358977,5.42904378062291e-08
-0.0005747480358977,5.42904378062291e-08
-0.0005747480358977,5.42904378062291e-08
-0.0005747480358977,5.42904378062291e-08
-0.0005747480358977,5.429043780622957e-08
-2.3021535382270155e+20,4.167948476772503e+16
-0.0005747480358977,5.42904378062291e-08
-0.0005747480358977,5.42904378062292e-08
-0.0005747480358977,5.42904378062291e-08
-0.0005747480358977,5.42904378062291e-08
-0.0005747480358977,5.42904378062291e-08
0.023694784057092685,134.0520150692581
-0.0005747480358977,5.4290437808438654e-08
-0.0005747480358977,5.42904378062291e-08
-0.0005747480358977,5.42904378062291e-08
-0.0005747480358977,5.42904378062291e-08
-0.0005747480358977,5.42904378062291e-08
-0.0005747480358977,5.42904378062291e-08
0.05885500116267711,3.7545693772312503
-0.0005747480358977,5.429043780622915e-08
-0.0005747480358977,5.429043780622918e-08
-0.0005747480358977,5.42904378062291e-08
-0.0005747480358977,5.42904378062291e-08
-0.0005747480358977,5.42904378062291e-08
-0.0005747480358977,5.42904378062291e-08
-0.0005747480358977,5.429043780861484e-08
-0.0005747480358977,5.42904378062291e-08
-0.0005747480358977,5.42904378062291e-08
-0.0005747480358977,5.42904378062291e-08
-0.0005747480358977,5.42904378062291e-08
-0.0005747480358977,5.42904378062291e-08
0.0001051207183065528,3.755234234232399
-0.0005747480358528386,5.429043779810719e-08
-0.0005747480358977,5.4290437806232226e-08
-0.0005747480358977,5.42904378062291e-08
-0.0005747480358977,5.42904378062291e-08
-0.0005747480358977,5.42904378062291e-08
-0.0005747480358977,5.42904378062291e-08
-0.0005747480358977,5.42904378086826e-08
-0.0005747480358977,5.42904378062291e-08
-0.0005747480358977,5.42904378062291e-08
-0.0005747480358977,5.42904378062291e-08
-0.0005747480358977,5.42904378062291e-08
-0.0005385046216943301,4.7728725891119025e-08
-3.2186439313332416e+26,5.827214322640273e+22
-0.0005747480358490639,5.4290437797423745e-08
-0.0005747480358977,5.4290437806229155e-08
-0.0005747480358977,5.42904378062291e-08
-0.0005747480358977,5.429043780622911e-08
-0.0005747480358977,5.42904378062291e-08
-0.0005747480358977,5.42904378062291e-08
-0.0005747480358977,5.429043780864194e-08
-0.0005747480358977,5.42904378062291e-08
-0.0005747480358977,5.42904378062291e-08
-0.0005747480358977,5.42904378062291e-08
-0.0005747480358977,5.42904378062291e-08
-0.0005747480358977,5.42904378062291e-08
89128.95958214093,-12.379885643104034
-0.0005747480358390635,5.429043779561322e-08
-0.0005747480358977,5.42904378062291e-08
-0.0005747480358977,5.42904378062291e-08
-0.0005747480358977,5.429043783595825e-08
-0.0005747480358977,5.42904378062291e-08
-0.0005747480358977,5.42904378062291e-08
-0.0005747480358977,5.4290437808276024e-08
-0.0005747480358977,5.4290437830194675e-08
-0.0005747480358977,5.4290437806229175e-08
-0.0005747480358977,5.42904378062291e-08
-0.0005747480358977,5.42904378062291e-08
-0.0005747480358977,5.42904378062291e-08
0.00010547078355464627,3.757167808877224
-0.0005747480358977,5.429043783051951e-08
-0.0005747480358976823,5.42904378062259e-08
-0.0005747480358977,5.42904378062291e-08
-0.0005747480358977,5.429043780835685e-08
-0.0005747480358977,5.42904378062291e-08
1.0777009022984438e+22,-1.9511304348581699e+18
-0.0005747480358977,5.429043780837089e-08
-0.0005747480358976782,5.429043782639603e-08
-0.0005747480358977,5.429043780622911e-08
-0.0005747480358977,5.42904378062291e-08
-0.0005747480358977,5.42904378062291e-08
-0.0005747480358977,5.42904378062291e-08
-4.9326818728705414e+32,8.930405186731194e+28
-0.0005747480358976677,5.4290437806223286e-08
-0.0005747480358977,5.429043780622912e-08
-0.0005747480358977,5.42904378062291e-08
-0.0005747480358977,5.42904378062291e-08
-0.0005747480358977,5.42904378062291e-08
-0.0005747480358977,5.42904378062291e-08
-0.0005747480358977,5.4290437808276024e-08
-0.0005747480358977,5.42904378062291e-08
-0.0005747480358977,5.42904378062291e-08
-0.0005747480358977,5.42904378062291e-08
-0.0005747480358977,5.42904378062291e-08
-0.0005747480358977,5.42904378062291e-08
89128.95958249453,-12.377932518136042
-0.0005747480358929652,5.43165902662061e-08
-0.0005747480358977,5.42904378062291e-08
-0.0005747480358977,5.42904378062291e-08
-0.0005747480358977,5.429043780622968e-08
-0.0005747480358977,5.42904378062291e-08
-0.0005747480358977,5.42904378062291e-08
-0.0005747480358977,5.429043780815405e-08
-0.0005747480358977,5.429043780622913e-08
-0.0005747480358977,5.42904378062291e-08
-0.0005747480358977,5.42904378062291e-08
-0.0005747480358977,5.42904378062291e-08
-0.0005747480358977,5.42904378062291e-08
0.00010582438830342221,3.7591209338452147
-0.0005747480358977,5.42904378062291e-08
-0.0005747480358977,5.42904378062291e-08
-0.0005747480358977,5.42904378062291e-08
-0.0005747480358977,5.429043780622963e-08
-0.0005747480358977,5.42904378062291e-08
-0.0005747480358977,5.42904378062291e-08
-0.0005747480358977,5.4290437806229136e-08
-0.0005747480358977,5.42904378062291e-08
-0.0005747480358977,5.42904378062291e-08
-0.0005747480358977,5.42904378062291e-08
-0.0005747480358977,5.42904378062291e-08
-0.0005747480358977,5.42904378062291e-08
0.00010594110549591259,3.7597656176725396
-0.0005747480358977,5.429043780622913e-08
-0.0005747480358977,5.42904378062291e-08
-0.0005747480358977,5.42904378062291e-08
-0.0005747480358977,5.429043780650541e-08
-0.0005747480358977,5.42904378062291e-08
-0.0005747480358977,5.42904378062291e-08
-0.0005747480358977,5.429043780719158e-08
-0.0005747480358977,5.42904378062291e-08
-0.0005747480358977,5.42904378062291e-08
-0.0005747480358977,5.42904378062291e-08
-0.0005747480358977,5.42904378062291e-08
-0.0005747480358977,5.42904378062291e-08
126443837415.74231,-22892100.99294454
-0.0005747480358711614,5.429043780142445e-08
-0.0005747480358977,5.42904378062291e-08
-0.0005747480358977,5.42904378062291e-08
-0.0005747480358977,5.429043780775445e-08
-0.0005747480358977,5.42904378062291e-08
9409.553958541026,-1.7035587150492382
-0.0005747480358977,5.4290437807076255e-08
-0.0005747480358977,5.42904378062291e-08
-0.0005747480358977,5.42904378062291e-08
-0.0005747480358977,5.42904378062291e-08
-0.0005747480358977,5.42904378062291e-08
-0.0005747480357458108,5.4290437778730224e-08
0.00010617618954145006,3.7610642836516286
-0.0005747480358731598,5.429043780178622e-08
-0.0005747480358977,5.42904378062291e-08
-0.0005747480358977,5.42904378062291e-08
-0.0005747480358977,5.42904378062291e-08
-0.0005747480358977,5.42904378062291e-08
1.8880857387859737e+21,1.0428783580808524e+25
-0.0005747480358977,5.429043780724579e-08
-0.0005747480358977,5.42904378062291e-08
-0.0005747480358977,5.42904378062291e-08
-0.0005747480358977,5.42904378062291e-08
-0.0005747480358977,5.42904378062291e-08
1713214.6131081607,9462888292.914988
0.00010629294049435884,3.7617089674789472
-0.0005747480358977,5.4290437806229136e-08
-0.0005747480358977,5.42904378062291e-08
-0.0005747480358977,5.42904378062291e-08
-0.0005747480358977,5.42904378062291e-08
-0.0005747480358977,5.42904378062291e-08
2.804931873949535e+21,-5.078206704007322e+17
-0.0005747480358977,5.429043780703221e-08
-0.0005747480358977,5.429043780622913e-08
-0.0005747480358977,5.42904378062291e-08
-0.0005747480358977,5.42904378062291e-08
-0.0005747480358977,5.42904378062291e-08
-0.0005747480358977,5.42904378062291e-08
126443837415.74231,-22892100.990991414
-0.0005747480358711615,5.4290437801424454e-08
-0.0005747480358977,5.42904378062291e-08
-0.0005747480358977,5.42904378062291e-08
-0.0005747480358977,5.42904378062291e-08
-0.0005747480358977,5.42904378062291e-08
-0.0005747478994156544,5.429041309675057e-08
-0.0005747480358977,5.429043780694412e-08
-0.0005747480358977,5.42904378062291e-08
-0.0005747480358977,5.429043780622914e-08
-0.0005747480358977,5.42904378062291e-08
-0.0005747480358977,5.42904378062291e-08
-0.0005747480358068023,5.4792508072245e-08
5.6479231432133886e-05,3.7630076425191517
-0.0005747480358800433,5.429043780303246e-08
-0.0005747480358977,5.4290437806229136e-08
-0.0005747480358977,5.42904378062291e-08
-0.0005747480358977,5.42904378062291e-08
-0.0005747480358977,5.42904378062291e-08
-0.0005747480358977,5.42904378062291e-08
-0.0005747480358977,5.4290437806856026e-08
-0.0005747480358977,5.42904378062291e-08
-0.0005747480358977,5.42904378062291e-08
-0.0005747480358977,5.42904378062291e-08
-0.0005747480358977,5.42904378062291e-08
25.39944558367714,140296.2320757729
0.0001066447754928052,3.7636523172853553
-0.0005747480358977,5.4290437806229136e-08
-0.0005747480358977,5.429043780622913e-08
-0.0005747480358977,5.42904378062291e-08
-0.0005747480358977,5.42904378062291e-08
-0.0005747480358977,5.42904378062291e-08
-0.0005747480358977,5.42904378062291e-08
-0.0005747480358977,5.429043780667984e-08
-0.0005747480358977,5.42904378062291e-08
-0.0005747480358977,5.42904378062291e-08
-0.0005747480358977,5.42904378062291e-08
-0.0005747480358977,5.42904378062291e-08
1.844301540383724e+18,1.018694290587718e+22
2.7200829774965327e+23,-4.9245914811931754e+19
-0.000574748035878378,5.429043780273093e-08
-0.0005747480358977,5.42904378062291e-08
-0.0005747480358977,5.42904378062291e-08
-0.0005747480358977,5.42904378062291e-08
-0.0005747480358977,5.42904378062291e-08
-0.0005747480358977,5.42904378062291e-08
-0.0005747480358977,5.429043780672389e-08
-0.0005747480358977,5.429043780622912e-08
-0.0005747480358977,5.42904378062291e-08
-0.0005747480358977,5.42904378062291e-08
-0.0005747480358977,5.42904378062291e-08
-0.0005747480358977,5.42904378062291e-08
5.683283618090971e-05,3.7649607674871426
-0.0005747480358976722,5.429043780622407e-08
-0.0005747480358977,5.42904378062291e-08
-0.0005747480358977,5.42904378062291e-08
-0.0005747480358977,5.42904378062291e-08
-0.0005747480358977,5.42904378062291e-08
-0.0005747480358977,5.429043780622922e-08
-0.0005747480358977,5.429043780667984e-08
-0.0005747480358977,5.42904378062291e-08
-0.0005747480358977,5.42904378062291e-08
-0.0005747480358977,5.42904378062291e-08
-0.0005747480358977,5.42904378062291e-08
-0.0005747480358977,5.42904378062291e-08
0.00010699838024158114,3.765605442253346
-0.0005747480358977,5.4290437806229116e-08
-0.0005747480358977,5.42904378062291e-08
-0.0005747480358977,5.42904378062291e-08
-0.0005747480358977,5.42904378062291e-08
-0.0005747480358977,5.42904378062291e-08
-0.0005747480358977,5.42904378062291e-08
-0.0005747480358977,5.429043780662388e-08
-0.0005747480358977,5.42904378062291e-08
-0.0005747480358977,5.42904378062291e-08
-0.0005747480358977,5.42904378062291e-08
-0.0005747480358977,5.42904378062291e-08
-0.0005747480357730077,5.4290437783654126e-08
4.0564817635801884e+29,-7.344083140775411e+25
-0.0005747480358977,5.429043780622912e-08
-0.0005747480358977,5.42904378062291e-08
-0.0005747480358977,5.42904378062291e-08
-0.0005747480358977,5.42904378062291e-08
-0.0005747480358977,5.42904378062291e-08
-0.0005747480358977,5.42904378062291e-08
-0.0005747480358977,5.42904378062291e-08
-0.0005747480358977,5.42904378062291e-08
-0.0005747480358977,5.42904378062291e-08
-0.0005747480358977,5.42904378062291e-08
-0.0005747480358976683,5.429043780622337e-08
-0.0005747480358977,5.42904378062291e-08
-71.67989189693138,3.779881459144515
-0.0005747480358977,5.429043780622913e-08
-0.0005747480358977,5.42904378062291e-08
-0.0005747480358977,5.42904378062291e-08
-0.0005747480358977,5.42904378062291e-08
-0.0005747480358977,5.42904378062291e-08
-0.0005747480358919291,5.432231280487461e-08
-0.0005747480358977,5.429043780622912e-08
-0.0005747480358977,5.42904378062291e-08
-0.0005747480358977,5.42904378062291e-08
-0.0005747480358977,5.42904378062291e-08
-0.0005747480358977,5.42904378062291e-08
-0.0005747480358977,5.42904378062291e-08
0.0001073502152400275,3.7675487920597535
-0.0005747480358867067,5.429043780423881e-08
-0.0005747480358977,5.42904378062291e-08
-0.0005747480358977,5.42904378062291e-08
-0.0005747480358977,5.42904378062291e-08
-0.0005747480358977,5.42904378062291e-08
104054.04393805636,574739318.5807348
-0.0005747480358977,5.429043780650699e-08
-0.0005747480358977,5.42904378062291e-08
-0.0005747480358977,5.42904378062291e-08
-0.0005747480358977,5.42904378062291e-08
-0.0005747480358977,5.42904378062291e-08
-0.0005747480358977,5.42904378062291e-08
5.8486030539110085e+35,-1.058864049900377e+32
-0.0005747480358977,5.429043780622913e-08
-0.0005747480358977,5.42904378062291e-08
-0.0005747480358977,5.42904378062291e-08
-0.0005747480358977,5.42904378062291e-08
-0.0005747480358977,5.42904378062291e-08
-0.0005747480358976997,5.42904397129104e-08
-0.0005747480358977,5.429043780657814e-08
-0.0005747480358977,5.42904378062291e-08
-0.0005747480358976601,5.429043780622192e-08
-0.0005747480358977,5.429043780622911e-08
-0.0005747480358977,5.42904378062291e-08
-0.0005747480358977,5.42904378062291e-08
-107374182.24016263,19443.395782926862
-0.00057474803589076,5.429043780497272e-08
-0.0005747480358977,5.42904378062291e-08
-0.0005747480358977,5.42904378062291e-08
-0.0005747480358977,5.42904378062291e-08
-0.0005747480358977,5.42904378062291e-08
-0.0005747480358977,5.42904378062291e-08
-0.0005747480358977,5.429043780622912e-08
-0.0005747480282783496,5.4290436426778985e-08
-0.0005747480358977,5.42904378062291e-08
-0.0005747480358977,5.42904378062291e-08
-0.0005747480358977,5.42904378062291e-08
-0.0005747480358977,5.42904378062291e-08
0.00010770205026575856,3.7694921418661615
-0.0005747480358950488,5.4290437805749146e-08
-0.0005747480358977,5.4290437806229155e-08
-0.0005747480358977,5.42904378062291e-08
-0.0005747480358977,5.42904378062291e-08
-0.0005747480358977,5.42904378062291e-08
-0.0005747480358977,5.429043780623642e-08
-0.0005747480358977,5.429043780622912e-08
-0.0005747480358977,5.42904378062291e-08
-0.0005747480358977,5.429043780622915e-08
-0.0005747480358977,5.42904378062291e-08
-0.0005747480358977,5.42904378062291e-08
-0.0005747480358977,5.42904378062291e-08
5.8486030539110085e+35,-1.058864049900377e+32
-0.0005747480358977,5.429043780622913e-08
-0.0005747480358977,5.42904378062291e-08
-0.0005747480358977,5.42904378062291e-08
-0.0005747480358977,5.42904378062291e-08
-0.0005747480358977,5.42904378062291e-08
-0.0005747480358977,5.429043780623093e-08
-0.0005747480358977,5.429043780622913e-08
-0.0005747480358977,5.429043780622912e-08
-0.0005747480358977,5.4290437806229136e-08
-0.0005747480358977,5.42904378062291e-08
-0.0005747480358977,5.42904378062291e-08
-0.0005747480358977,5.42904378062291e-08
-151996490972517.88,27518301129.401474
-0.0005747480358977,5.429043780622913e-08
-0.0005747480358977,5.429043780622929e-08
-0.0005747480358977,5.42904378062291e-08
-0.0005747480358977,5.42904378062291e-08
-0.0005747480358977,5.42904378062291e-08
3.302113220589379e+21,-5.97833182685345e+17
-0.0005747480358977,5.4290437806229175e-08
-0.0005747480358977,5.429043780622912e-08
-0.0005747480358977,5.42904378062291e-08
-0.0005747480358977,5.42904378062291e-08
-0.0005747480358977,5.42904378062291e-08
-0.0005747480358977,5.42904378062291e-08
0.0001080556550145345,3.771445266834152
-0.000574748035896398,5.42904995516808e-08
-0.0005747480358410685,5.429043779597622e-08
-0.0005747480358977,5.42904378062291e-08
-0.0005747480358977,5.42904378062291e-08
-0.0005747480358977,5.42904378062291e-08
-0.0005747480358849659,5.42904397334821e-08
-0.0005747480358977,5.42904378064392e-08
-0.0005747480358977,5.42904378062291e-08
-0.0005747480358977,5.42904378062291e-08
-0.0005747480358977,5.42904378062291e-08
-0.0005747480358977,5.4290437806237e-08
-0.0005747480358977,5.42904378062291e-08
0.00010817232901507454,3.772089712242902
-0.0005747480358977,5.429043780622912e-08
-0.0005747480358977,5.42904378062291e-08
-0.0005747480358977,5.42904378062291e-08
-0.0005747480358977,5.42904378062291e-08
1749712.1146579247,9664481121.611132
1.2639494010457916e+22,-2.2883252108647324e+18
-0.0005747480358977,5.4290437806229136e-08
-0.0005747480358977,5.42904378062291e-08
-0.0005747480358977,5.42904378062291e-08
-0.0005747480358977,5.42904378062291e-08
-0.0005747480358977,5.42904378062291e-08
9.961831608092268e+21,-1.8035461226790694e+18
-2.3021535382270155e+20,4.167948476772503e+16
-0.0005747480358977,5.429043780622912e-08
-0.0005747480358977,5.42904378062291e-08
-0.0005747480358977,5.42904378062291e-08
-0.0005747480358977,5.42904378062291e-08
-0.0005747480358977,5.42904378062291e-08
-0.0005747480358977,5.42904378062291e-08
-0.0005747480358977,5.429043780637313e-08
-0.0005747480358977,5.429043780622913e-08
-0.0005747480358977,5.42904378062291e-08
-0.0005747480358977,5.42904378062291e-08
-0.0005747480358977,5.42904378062291e-08
-0.0005747480358977,5.42904378062291e-08
0.058858404608384075,3.7733682050481607
-0.0005747480358971517,5.4290437806129834e-08
-0.0005747480358977,5.42904378062291e-08
-0.0005747480358977,5.429043780622926e-08
-0.0005747480358977,5.42904378062291e-08
-0.0005747480358962179,5.4298623941891946e-08
-0.0005747480358888173,5.429043780463073e-08
-0.0005747480358977,5.4290437806372284e-08
-0.0005747480358977,5.42904378062291e-08
-0.0005747480358977,5.42904378062291e-08
-0.0005747480358977,5.42904378062291e-08
-0.0005747480358977,5.42904378062291e-08
-0.0005747480358048153,5.4803483681375415e-08
0.0001085241640135209,3.77403306204931
-0.0005747480358935003,5.431363434255429e-08
-0.0005747480358977,5.42904378062291e-08
-0.0005747480358977,5.42904378062291e-08
-0.0005747480358977,5.429043780622915e-08
-0.0005747480358977,5.429043780622957e-08
-0.0005747480358977,5.42904378062291e-08
-0.0005747480358977,5.429043780637059e-08
-0.0005747480358977,5.42904378062291e-08
-0.0005747480358977,5.42904378062291e-08
-0.0005747480358977,5.42904378062291e-08
-0.0005747480358977,5.42904378062291e-08
-0.0005747480358977,5.42904378062291e-08
-2.3021535382270155e+20,4.167948476772503e+16
-0.0005747480358973148,5.4290437806159394e-08
-0.0005747480358977,5.429043780622952e-08
-0.0005747480358977,5.42904378062291e-08
-0.0005747480358977,5.42904378062291e-08
-0.0005747480358977,5.42904378062291e-08
-0.0005747480358977,5.42904378062291e-08
-0.0005747480358977,5.42904378063401e-08
-0.0005747480358977,5.429043780622913e-08
-0.0005747480358977,5.42904378062291e-08
-0.0005747480358977,5.42904378062291e-08
-0.0005747480358977,5.42904378062291e-08
-0.000572979782673047,0.009766946660394597
0.058858758213132856,3.7753213300161517
-0.0005747480358926016,5.431533963457702e-08
-0.0005747480358977,5.42904378062291e-08
-0.0005747480358977,5.42904378062291e-08
-0.0005747480358977,5.42904378062291e-08
-0.0005747480358977,5.42904378062291e-08
-0.0005747480358599073,5.4290437799386896e-08
-0.0005747480358977,5.4290437806349414e-08
-0.0005747480358977,5.42904378062291e-08
-0.0005747480358977,5.42904378062291e-08
-0.0005747480358977,5.42904378062291e-08
-0.0005747480358977,5.42904378062291e-08
-0.0005747480358977,5.42904378062291e-08
0.00010887599901196726,3.7759764118557175
-0.0005747480358918397,5.4319318691171765e-08
-0.0005747480358977,5.42904378062291e-08
-0.0005747480358977,5.42904378062291e-08
-0.0005747480358977,5.42904378062291e-08
-0.0005747480358977,5.42904378062291e-08
-0.000574747674319807,2.051454822919213e-06
-0.0005747480358977,5.429043780634769e-08
-0.0005747480358977,5.42904378062291e-08
-0.0005747480358977,5.42904378062291e-08
-0.0005747480358977,5.42904378062291e-08
-0.0005747480358977,5.42904378062291e-08
112274936616.42499,620147163589388.5
-3.2186439313332416e+26,5.827214322640273e+22
-0.0005747480358977,5.429043780622914e-08
-0.0005747480358977,5.42904378062291e-08
-0.0005747480358977,5.42904378062291e-08
-0.0005747480358977,5.42904378062291e-08
-0.0005747480358977,5.42904378062291e-08
-0.0005747480358977,5.42904378062291e-08
-0.0005747480358977,5.42904378063528e-08
-0.0005747480358977,5.429043780622922e-08
-0.0005747480358977,5.42904378062291e-08
-0.0005747480358977,5.42904378062291e-08
-0.0005747480358977,5.42904378062291e-08
-0.0005747480358977,5.42904378062291e-08
89128.95958589797,-12.359133690319132
-0.0005747480358972836,5.4290437806153756e-08
-0.0005747480358977,5.4290437806229413e-08
-0.0005747480358977,5.42904378062291e-08
-0.0005747480358977,5.42904378062291e-08
-0.0005747480358976638,5.4290437806222545e-08
26780231839365.426,1.4791978794151494e+17
-0.0005747480358977,5.429043780636805e-08
-0.0005747480358977,5.42904378062291e-08
-0.0005747480358977,5.42904378062291e-08
-0.0005747480358977,5.42904378062291e-08
-0.0005747480358977,5.42904378062291e-08
9.962427209133228e+21,-1.8036539536473436e+18
0.00010922783401039031,3.777919761662125
-0.0005747480358973217,5.4290437806160625e-08
-0.0005747480358977,5.42904378062291e-08
-0.0005747480358977,5.4290437806229116e-08
-0.0005747480358977,5.42904378062291e-08
27723.392398045213,153129309.49040043
1.2624501527544108e+22,-2.2856108872852646e+18
-0.0005747480358977,5.42904378062291e-08
-0.0005747480358977,5.42904378062291e-08
-0.0005747480358977,5.42904378062291e-08
-0.0005747480358977,5.42904378062291e-08
-0.0005747139266392134,1.9237141001082418e-07
2160.8199482034615,-0.38168437086996093
-4.9326818728705414e+32,8.930405186731194e+28
-0.0005747480358977,5.42904378062291e-08
-0.0005747480358977,5.42904378062291e-08
-0.0005747480358977,5.42904378062291e-08
-0.0005747480358977,5.42904378062291e-08
-0.0005747480358977,5.42904378062291e-08
-0.0005747480358977,5.42904378062291e-08
-0.0005747480358977,5.42904378062291e-08
-0.0005747480358977,5.4290437806229155e-08
-0.0005747480358977,5.42904378062291e-08
-0.0005747480358977,5.42904378062291e-08
-0.0005747480358977,5.42904378062291e-08
-0.0005747480358977,5.42904378062291e-08
126443837415.74231,-22892100.97414571
-0.0005747480358977,5.42904378062291e-08
-0.0005747480358977,5.42904378062291e-08
-0.0005747480358977,5.4290437806229116e-08
-0.0005747480358977,5.42904378062291e-08
-0.0005747480358977,5.4290437806229586e-08
1602.4716039367702,8851205.854939759
-0.0005747480358977,5.42904378062291e-08
-0.0005747480358977,5.429043780622946e-08
-0.0005747480358977,5.42904378062291e-08
-0.0005747480358977,5.42904378062291e-08
-0.0005747480358977,5.42904378062291e-08
-0.0005747480358977,5.42904378062291e-08
0.00010957963524841805,3.779863111468539
-0.0005747480358977,5.429043780622916e-08
-0.0005747480358977,5.42904378062293e-08
-0.0005747480358977,5.42904378062291e-08
-0.0005747480358977,5.42904378062291e-08
-0.0005747480358977,5.42904378062291e-08
-0.0005747480358977,5.42904378062291e-08
-0.0005747480358977,5.4290437806363814e-08
-0.0005747480358977,5.4290437806229844e-08
-0.0005747480358977,5.429043780622911e-08
-0.0005747480358977,5.42904378062291e-08
-0.0005747480358977,5.42904378062291e-08
2442248.0723514943,13489682210.920826
0.00010969815595165652,3.780517570457441
-0.0005747480358976876,5.429043780622694e-08
-0.0005747480358977,5.429043780622917e-08
-0.0005747480358977,5.42904378062291e-08
-0.0005747480358977,5.42904378062291e-08
-0.0005747480358977,5.42904378062291e-08
-0.0005747480358977,5.42904378062291e-08
-0.0005747480358977,5.429043780637906e-08
-0.0005747480358977,5.4290437806229175e-08
-0.0005747480358977,5.42904378062291e-08
-0.0005747480358977,5.42904378062291e-08
-0.0005747480358977,5.42904378062291e-08
-0.0005747480358977,5.42904378062291e-08
126443837415.74231,-22892100.972192585
-0.000574748035878426,5.4396866246931774e-08
-0.0005747480358977,5.429043780622913e-08
-0.0005747480358977,5.42904378062291e-08
-0.0005747480358977,5.42904378062291e-08
-0.0005747480358977,5.42904378062291e-08
-0.0005747480358921832,5.4320909451769464e-08
-0.0005747480358977,5.429043780637736e-08
-0.0005747480358977,5.429043780622918e-08
-0.0005747480358977,5.42904378062291e-08
-0.0005747480358977,5.42904378062291e-08
-0.0005747480358977,5.42904378062291e-08
-0.0005747480358977,5.42904378062291e-08
0.00010993323999719399,3.78181623643653
-0.0005747480358834498,5.43691266728604e-08
-0.0005747480358977,5.42904378062291e-08
-0.0005747480358977,5.42904378062291e-08
-0.0005747480358977,5.42904378062291e-08
-0.000574747891284048,5.429041162455874e-08
-0.0005747480358977,5.4290437806693316e-08
-0.0005747480358977,5.4290437806387524e-08
-0.0005747480358977,5.42904378062291e-08
-0.0005747480358977,5.4290437806229155e-08
-0.0005747480358977,5.42904378062291e-08
-0.0005747480358977,5.42904378062291e-08
-0.0005747480358977,5.42904378062291e-08
0.0001100482211997733,3.7824511451022658
-0.0005747480358856729,5.43568485292822e-08
-0.0005747480358977,5.42904378062291e-08
-0.0005747480358977,5.42904378062291e-08
-0.0005747480358977,5.42904378062291e-08
-0.0005747480358977,5.42904378062291e-08
-0.0005747480358977,5.42904378062291e-08
-0.0005747480358977,5.4290437806344325e-08
-0.0005747480358977,5.42904378062291e-08
-0.0005747480358977,5.429043780622918e-08
-0.0005747480358977,5.42904378062291e-08
-0.0005747480358977,5.42904378062291e-08
2.6338800464210627e+18,1.4548155530053954e+22
2.7200829774965327e+23,-4.9245914811931754e+19
-0.0005747480358848476,5.4361395961082807e-08
-0.0005747480358977,5.42904378062291e-08
-0.0005747480358977,5.42904378062291e-08
-0.0005747480358977,5.42904378062291e-08
-0.0005747480358977,5.42904378062291e-08
-0.0005747480358919774,5.432204633747528e-08
-0.0005747480358977,5.429043780637143e-08
-0.0005747480358977,5.42904378062291e-08
-0.0005747480358977,5.42904378062291e-08
-0.0005747480358977,5.42904378062291e-08
-0.0005747480358977,5.42904378062291e-08
2.5945932905810867e+18,1.4331156340964896e+22
6.023628188787792e-05,3.783759595304053
-0.0005747480358838561,5.4366852908386686e-08
-0.0005747480358977,5.42904378062291e-08
-0.0005747480358977,5.42904378062291e-08
-0.0005747480358977,5.42904378062291e-08
-0.0005747480358977,5.42904378062291e-08
2.491466708323065e+21,-4.5106917064627706e+17
-0.0005747480358977,5.42904378062291e-08
-0.0005747480358977,5.429043780622922e-08
-0.0005747480358977,5.42904378062291e-08
-0.0005747480358977,5.42904378062291e-08
-0.0005747480358977,5.429043780622911e-08
-0.0005747480358977,5.42904378062291e-08
0.00011040182594854924,3.7844042700702563
-0.0005747480358977,5.42904378062291e-08
-0.0005747480358977,5.42904378062291e-08
-0.0005747480358977,5.42904378062291e-08
-0.0005747480358977,5.42904378062291e-08
-0.0005747480119527851,1.8654943938758151e-07
0.1000962145364466,556.0529694568964
-0.0005747480358977,5.429043780634263e-08
-0.0005747480358977,5.42904378062291e-08
-0.0005747480358977,5.42904378062291e-08
-0.0005747480358977,5.42904378062291e-08
-0.0005747480358977,5.42904378062291e-08
31.90549290619272,176232.18461182716
2.7200829774965327e+23,-4.9245914811931754e+19
-0.0005747480358888602,5.433774025902465e-08
-0.0005747480358977,5.42904378062291e-08
-0.0005747480358977,5.42904378062291e-08
-0.0005747480358977,5.42904378062291e-08
-0.0005747480358977,5.42904378062291e-08
-0.0005747480358977,5.42904378062291e-08
-0.0005747480358977,5.429043780636381e-08
-0.0005747480358977,5.42904378062291e-08
-0.0005747480358977,5.42904378062291e-08
-0.0005747480358977,5.42904378062291e-08
-0.0005747480358977,5.42904378062291e-08
1.0041961903149021e+22,-1.818053362777501e+18
-107374182.24015959,19443.41262862971
-0.0005747480358902732,5.432978220132621e-08
-0.0005747480358977,5.42904378062291e-08
-0.0005747480358977,5.42904378062291e-08
-0.0005747480358977,5.42904378062291e-08
-0.0005747480358977,5.42904378062291e-08
0.009609786988494247,56.253966417513894
-0.0005747480358977,5.429043780636635e-08
-0.0005747480358977,5.42904378062291e-08
-0.0005747480358977,5.42904378062291e-08
-0.0005747480358977,5.42904378062291e-08
-0.0005747480358977,5.42904378062291e-08
-0.0005747480358977,5.42904378062291e-08
0.00011075366094699549,3.7863476198766643
-0.000574748035891754,5.4322278859773366e-08
-0.0005747480358977,5.42904378062291e-08
-0.0005747480358977,5.42904378062291e-08
-0.0005747480358977,5.42904378062291e-08
-0.0005747480358977,5.42904378062291e-08
-0.0005747480358977,5.42904378062291e-08
-0.0005747480358977,5.4290437806367195e-08
-0.0005747480358977,5.429043780622932e-08
-0.0005747480358977,5.42904378062291e-08
-0.0005747480358977,5.42904378062291e-08
-0.0005747480358977,5.42904378062291e-08
-0.0005747480358977,5.42904378062291e-08
5.8486030539110085e+35,-1.058864049900377e+32
-0.0005747480358922235,5.432068722675694e-08
-0.0005747480358977,5.42904378062291e-08
-0.0005747480358977,5.42904378062291e-08
-0.0005747480358977,5.42904378062291e-08
-0.0005747480358977,5.42904378062291e-08
-0.0005747480358977,5.429043780622913e-08
-0.0005747480358977,5.429043780634009e-08
-0.0005747480358977,5.42904378062291e-08
-0.0005747480358977,5.42904378062291e-08
-0.0005747480358977,5.42904378062291e-08
-0.0005747480358977,5.42904378062291e-08
-0.0005747480358977,5.42904378062291e-08
-107374182.24015923,19443.414581754678
-0.0005747480358926771,5.4318181755273304e-08
-0.0005747480358977,5.42904378062291e-08
-0.0005747480358977,5.42904378062291e-08
-0.0005747480358977,5.42904378062291e-08
-0.0005747480358977,5.42904378062291e-08
-0.0005747480358977,5.429043780625961e-08
-0.0005747480358977,5.429043780635957e-08
-0.0005747480358977,5.42904378062291e-08
-0.0005635393460696973,5.226115344619384e-08
-0.0005747480358977,5.42904378062291e-08
-0.0005747480358977,5.42904378062291e-08
-0.0005747480358977,5.42904378062291e-08
0.00011110726569577142,3.788300744844655
-0.0005747480358974379,5.429043780618206e-08
-0.0005747480358977,5.42904378062291e-08
-0.0005747480358977,5.42904378062291e-08
-0.0005747480358977,5.42904378062291e-08
-0.0005747480358977,5.42904378062291e-08
-0.0005747480358977,5.42904378062291e-08
-0.0005747480358977,5.429043780634263e-08
-0.0005747480358977,5.42904378062291e-08
-0.0005747480358977,5.429043780622911e-08
-0.0005747480358977,5.42904378062291e-08
-0.0005747480358977,5.42904378062291e-08
-0.0005747480358977,5.42904378062291e-08
5.8486030539110085e+35,-1.058864049900377e+32
-0.0005747480358935264,5.431340689775616e-08
-0.0005747480358977,5.429043780622912e-08
-0.0005747480358977,5.42904378062291e-08
-0.0005747480358977,5.42904378062291e-08
-0.0005747480358977,5.42904378062291e-08
-0.0005747480358977,5.42904378062291e-08
-0.0005747480358977,5.429043780633584e-08
-0.0005747480355471923,5.6226456453205564e-08
-0.0005747480358977,5.42904378062291e-08
-0.0005747480358977,5.42904378062291e-08
-0.0005747480358977,5.42904378062291e-08
-0.0005747480358977,5.4290437806229215e-08
-151996490972517.88,27518301129.420273
-0.0005747480358925276,5.431897757353169e-08
-0.0005747480358977,5.429043780622912e-08
-0.0005747480358977,5.42904378062291e-08
-0.0005747480358977,5.42904378062291e-08
-0.0005747480358977,5.42904378062291e-08
1687.519599730674,9320965.847240975
-0.0005747480358977,5.429043780631636e-08
-0.0005747480358977,5.42904378062291e-08
-0.0005747480358977,5.42904378062291e-08
-0.0005747480358977,5.42904378062291e-08
-0.0005747480358977,5.42904378062291e-08
-0.0005747480358977,5.42904378062291e-08
0.00011149905419383663,3.7902343194819257
-0.0005747480358959748,5.4299932840171624e-08
-0.0005747458124063701,1.2335676498277217e-05
-0.0005747480358977,5.42904378062291e-08
-0.0005747480358977,5.42904378062291e-08
-0.0005747480358977,5.42904378062291e-08
576987978511.8815,-104461154.57645468
-0.0005747480358977,5.429043780630831e-08
-0.0005747480358977,5.42904378062291e-08
-0.0005747480358977,5.42904378062291e-08
-0.0005747480358977,5.42904378062291e-08
-0.0005747480358977,5.42904378062291e-08
-0.0005747480358977,5.42904378062291e-08
0.00011157577472204264,3.7908885400598122
-0.0005747480358956424,5.4301069700701034e-08
-0.0005747480358977,5.429043780661882e-08
-0.0005747480358977,5.42904378062291e-08
-0.0005747480358977,5.42904378062291e-08
-0.0005747480358977,5.42904378062291e-08
-0.0005747480358977,5.42904378062291e-08
-0.0005747480358977,5.429043780623011e-08
-0.0005747383710911257,5.428868803519208e-08
-0.0005747480358976993,5.429043780622899e-08
-0.0005747480358977,5.42904378062291e-08
-0.0005747480358977,5.42904378062291e-08
8.500174700660049,-0.0015389692858699504
-2.3021535382270155e+20,4.167948476772503e+16
-0.0005747480358977,5.429043780623012e-08
-0.0005747480358976997,5.429043780641289e-08
-0.0005747480358977,5.42904378062291e-08
-0.000574748035897162,5.4293409168269074e-08
-0.0005747480358977,5.42904378062291e-08
-0.0005747480358977,5.42904378062291e-08
-0.0005747480358977,5.429043780623053e-08
-0.0005747480358977,5.429043780623017e-08
-0.0005747480358976997,5.429043780622905e-08
-0.0005747480358977,5.42904378062291e-08
-0.0005747480358977,5.42904378062291e-08
-0.0005747480358977,5.42904378062291e-08
0.058861808054091046,3.792167032865071
-0.0005747480358957995,5.430027388851557e-08
-0.0005747480358976987,5.4290437806370365e-08
-0.0005747480358977,5.42904378062291e-08
-0.0005747480358977,5.42904378062291e-08
-0.0005747480358977,5.42904378062291e-08
-0.0005747480358917613,5.432324002496567e-08
-0.0005747480358977,5.429043780623082e-08
-0.0005747480358977,5.42904378062291e-08
-0.0005747480358977,5.42904378062291e-08
-0.0005747480358977,5.42904378062291e-08
-0.0005747480358977,5.42904378062291e-08
-0.0005747480358973501,5.429237054076877e-08
0.000111927609720489,3.7928318898662203
-0.0005747480358952796,5.430305921165447e-08
-0.0005747480358976997,5.429043780635529e-08
-0.0005747480358977,5.42904378062291e-08
-0.0005747480358977,5.42904378062291e-08
-0.0005747480358977,5.42904378062291e-08
-0.0005747480358977,5.42904378062291e-08
-0.0005747480358977,5.42904378062291e-08
-0.000572989241514827,9.370221503709456e-07
-0.0005747480358977,5.429043780622912e-08
-0.0005747480358977,5.42904378062291e-08
-0.0005747480358977,5.42904378062291e-08
-0.0005747480358977,5.42904378062291e-08
-2.3021535382270155e+20,4.167948476772503e+16
-0.0005747480358975907,5.429043780621162e-08
-0.0005747480358976967,5.4290437806228533e-08
-0.0005747480358977,5.42904378062291e-08
-0.0005747480358977,5.42904378062291e-08
-0.0005747480358977,5.42904378062291e-08
-0.0005747476447074273,2.2150178926581095e-06
-0.0005747480358977,5.42904378062291e-08
-0.0005747479802416331,3.6170501367041725e-07
-0.0005747480358977,5.42904378062291e-08
-0.0005747480358977,5.42904378062291e-08
-0.0005747480358977,5.42904378062291e-08
-0.0005747480358977,5.4290437806229096e-08
89128.95958894782,-12.342287987470213
-0.0005747480358975894,5.42904378062119e-08
-0.0005747480358977,5.42904378062291e-08
-0.0005747480358977,5.42904378062291e-08
-0.0005747480358977,5.42904378062291e-08
-0.0005747479974508382,2.666504980819339e-07
-0.0005747480358977,5.42904378062291e-08
-0.0005747480358977,5.429043780623376e-08
-0.0005747480358977,5.42904378062291e-08
-0.0005747480358977,5.42904378062291e-08
-0.0005747480358977,5.42904378062291e-08
-0.0005747480358977,5.42904378062291e-08
-0.0005747480358972176,5.4290437806141785e-08
0.00011227944471893525,3.794775239672628
-0.0005747480358977,5.42904378062291e-08
-0.0005747436108272403,5.428963666654072e-08
-0.0005747480358977,5.42904378062291e-08
-0.0005747480358977,5.42904378062291e-08
-0.0005747480358977,5.4290437806229625e-08
-0.0005747480358977,5.42904378062291e-08
-0.0005747480358977,5.429043780623421e-08
-0.0005747401161967843,6.057665092962451e-08
-0.0005747480358977,5.42904378062291e-08
-0.0005747480358977,5.42904378062291e-08
-0.0005747480358977,5.42904378062291e-08
-0.0005747480358977,5.42904378062291e-08
-4.9326818728705414e+32,8.930405186731194e+28
-0.0005747480358975851,5.42905359667643e-08
-0.0005747480358977,5.4290437811922434e-08
-0.0005747480358977,5.42904378062291e-08
-0.0005747480358977,5.42904378062291e-08
-0.0005747480358977,5.42904378062291e-08
-0.0005747480358977,5.42904378062291e-08
-0.0005747480358977,5.42904378062291e-08
-0.0005747480358977,5.42904378062291e-08
-0.0005747480358976765,5.429043780622484e-08
-0.0005747480358977,5.42904378062291e-08
-0.0005747480358977,5.42904378062291e-08
-0.0005747480301222387,8.61910207915224e-08
89128.95958930142,-12.340334862502221
-0.000574748035897599,5.429049999547923e-08
-0.0005747474463842161,5.4290331082456376e-08
-0.0005747480358977,5.42904378062291e-08
-0.0005747480358977,5.42904378062291e-08
-0.0005747480358977,5.42904378062291e-08
1.1511944678730904e+22,-2.0841873268521487e+18
-0.0005747480358977,5.4290437806275696e-08
-0.0005747480358977,5.4290437806237096e-08
-0.0005747480358977,5.42904378062291e-08
-0.0005747480358977,5.429043780622912e-08
-0.0005747480358977,5.42904378062291e-08
-0.0005747480358977,5.42904378062291e-08
0.0001126312797173583,3.7967185894790356
-0.0005747480358972354,5.429254154914055e-08
-0.0005747480358977,5.429043781794103e-08
-0.0005747480358977,5.42904378062291e-08
-0.0005747480358977,5.42904378062291e-08
-0.0005747480358977,5.42904378062291e-08
-0.0005747480358977,5.42904378062291e-08
-0.0005747480358977,5.4290437806284596e-08
-0.0005747478776094729,5.429040914883661e-08
-0.0005747480358977,5.429043780759149e-08
-0.0005747480358977,5.42904378062291e-08
-0.0005747480358977,5.42904378062291e-08
-0.0005747480358973346,5.429245586249102e-08
-4.9326818728705414e+32,8.930405186731194e+28
-0.0005747480358973181,5.429205100707872e-08
-0.0005747480358977,5.42904378167484e-08
-0.0005747480358977,5.42904378062291e-08
-0.0005747480358977,5.4290438078733386e-08
-0.0005747480358977,5.42904378062291e-08
-0.0005747480358977,5.42904378062291e-08
-0.0005747480358977,5.429043780627188e-08
-0.0005747479663001239,5.4307937728860815e-08
-0.0005747480358977,5.429043781387561e-08
-0.0005747480358977,5.42904378062291e-08
-0.0005747480358977,5.42904378062291e-08
-0.0005747480358977,5.42904378062291e-08
126443837415.74231,-22892100.955346882
-0.0005747480358976185,5.429043780623605e-08
-0.000574748011791081,5.429043344183431e-08
-0.0005747480358977,5.42904378062291e-08
-0.0005747480358977,5.42904378062291e-08
-0.0005747480358977,5.42904378062291e-08
-0.0005747480358977,5.42904378062291e-08
-0.0005747480358977,5.42904378062632e-08
-0.0005747480358977,5.429043780625272e-08
-0.0005747480358977,5.429043780623023e-08
-0.0005747480358977,5.42904378062291e-08
-0.0005747480358977,5.42904378062291e-08
-0.0005747480358977,5.42904378062291e-08
0.00011298308095538615,3.7986619392854495
-0.0005747480358973643,5.429196574076478e-08
-0.0005747480358977,5.42904378062291e-08
-0.0005747480358977,5.42904378062291e-08
-0.0005747480358977,5.429043780622912e-08
-0.0005747480358977,5.429043780622961e-08
-0.0005747480358977,5.42904378062291e-08
-0.0005747480358977,5.4290437806270825e-08
-0.0005747480358963,5.429817087723025e-08
-0.0005747480358977,5.429043780622964e-08
-0.0005747480358977,5.42904378062291e-08
-0.0005747480358977,5.42904378062291e-08
-0.0005747480358977,5.42904378062291e-08
0.00011309983190829504,3.7993066231127686
-0.0005747480358974075,5.4291752577623115e-08
-0.0005747480312637081,5.429043696729497e-08
-0.0005747480358977,5.42904378062291e-08
-0.0005747480358977,5.4290437806229116e-08
-0.0005747480358977,5.42904378062291e-08
-0.0005747480358977,5.42904378062291e-08
-0.0005747480358977,5.4290437806252614e-08
-0.0005747480331976376,5.429043731744628e-08
-0.0005747480358977,5.42904378062291e-08
-0.0005747480358977,5.42904378062291e-08
-0.0005747480358977,5.42904378062291e-08
-0.0005747480358972033,5.429043780613918e-08
1.902320527016046e+17,-34440682653229.98
-0.0005747480358976445,5.4290437806268185e-08
-0.0005747480358977,5.429043780623031e-08
-0.0005747480358977,5.42904378062291e-08
-0.0005747480358977,5.4290437806229116e-08
-0.0005747480358977,5.42904378062291e-08
-0.0005747480358977,5.42904378062291e-08
-0.0005747480358977,5.429043780623879e-08
-0.0005747480358977,5.429043780626405e-08
-0.0005747480358977,5.42904378062291e-08
-0.0005747480358977,5.42904378062291e-08
-0.0005747480358977,5.42904378062291e-08
-0.0005747480358977,5.42904378062291e-08
6.328612284607008e-05,3.800605298152973
-0.0005747480358977,5.429043780627019e-08
-0.0005747480358976999,5.429043780622909e-08
-0.0005747480358977,5.42904378062291e-08
-0.0005747480358977,5.4290437806229116e-08
-0.0005747480358977,5.42904378062291e-08
-0.0005747480358977,5.42904378062291e-08
-0.0005747480358977,5.429043780623577e-08
-0.0005747480358976999,5.429043780622909e-08
-0.0005747480358977,5.42904378062291e-08
-0.0005747480358977,5.42904378062291e-08
-0.0005747480358977,5.42904378062291e-08
-0.0005747480358977,5.42904378062291e-08
0.00011345343665707087,3.801259748080759
-0.0005747480358976605,5.429065544335889e-08
-0.0005747480358977,5.42904378062291e-08
-0.0005747480358977,5.42904378062291e-08
-0.0005747480358977,5.429043780622913e-08
-0.0005747480358977,5.42904378062291e-08
-0.0005746222817868602,5.4267670573461205e-08
-0.0005747480358977,5.42904378062345e-08
-0.0005747480358372864,5.429043779529148e-08
-0.0005747480358976998,5.4290437806229056e-08
-0.0005747480358977,5.42904378062291e-08
-0.0005747480358977,5.42904378062291e-08
-0.0005747480358977,5.42904378062291e-08
4.0564817635801884e+29,-7.344083140775411e+25
-0.0005747480358976999,5.429043780629348e-08
-0.0005747480358976999,5.429043783659682e-08
-0.0005747480358977,5.42904378062291e-08
-0.0005747480358977,5.4290437806229116e-08
-0.0005747480358977,5.42904378062291e-08
-0.0005746222999767539,5.4267673866662054e-08
-0.0005747480358977,5.4290437806231697e-08
-0.0005747480358977,5.42904378062291e-08
-0.0005747480358977,5.42904378062291e-08
-0.0005747480358977,5.429043780622911e-08
-0.0005747480358977,5.42904378062291e-08
-0.0005747480117710107,1.8755346467846524e-07
-71.67988544364471,3.8155259898103453
-0.0005747480358976587,5.429049443591468e-08
-0.0005747480358977,5.429043780623187e-08
-0.0005747480358977,5.42904378062291e-08
-0.0005747480358977,5.4290437806229116e-08
-0.0005747480358977,5.42904378062291e-08
1.4020687194941433e+22,-2.538384207096154e+18
-0.0005747480358977,5.429043780623071e-08
-0.0005747480358976998,5.4290437806422226e-08
-0.0005747480358976881,5.429043780622695e-08
-0.0005747480358977,5.42904378062291e-08
-0.0005747480358977,5.42904378062291e-08
-0.0005747480358977,5.42904378062291e-08
0.00011380527165551723,3.8032030978871667
-0.0005747480358976998,5.429043780648662e-08
-0.0005747480358977,5.42904378062292e-08
-0.0005747480358977,5.42904378062291e-08
-0.0005747480358977,5.4290437806229116e-08
-0.0005747480358977,5.42904378062291e-08
-0.0005747480358977,5.42904378062291e-08
-0.0005747480358977,5.429043780623147e-08
-0.0005747480358766014,5.4290437802409295e-08
-0.0005747480358977,5.42904378062291e-08
-0.0005747480358977,5.42904378062291e-08
-0.0005747480358977,5.42904378062291e-08
-0.0005747480358977,5.42904378062291e-08
4.0564817635801884e+29,-7.344083140775411e+25
-0.0005747480358976951,5.429046212425655e-08
-0.0005747480358977,5.429043780622941e-08
-0.0005747480358977,5.42904378062291e-08
-0.0005747480358977,5.42904378062291e-08
-0.0005747480358977,5.42904378062291e-08
-0.0005747480358977,5.42904378062291e-08
-0.0005747480358977,5.429043780623072e-08
-0.0005747480358801541,5.429043780307315e-08
-0.0005747480358977,5.42904378062291e-08
-0.0005747480358977,5.42904378062291e-08
-0.0005747480358977,5.42904378062291e-08
-0.0005747480358977,5.42904378062291e-08
-71.67988509003996,3.817479114778336
-0.0005747480358976993,5.4290437806228983e-08
-0.0005747480358977,5.429043780631086e-08
-0.0005747480358977,5.42904378062291e-08
-0.0005747480358977,5.42904378062291e-08
-0.0005747480358977,5.42904378062291e-08
-0.0005747480358977,5.42904378062291e-08
-0.0005747480358977,5.4290437806231035e-08
-0.000574748035895958,5.429043780593417e-08
-0.0005747480358977,5.42904378062291e-08
-0.0005747480358977,5.42904378062291e-08
-0.0005747480358977,5.42904378062291e-08
-0.0005747480358977,5.42904378062291e-08
0.00011415710665396359,3.805146447693575
-0.0005747480358976989,5.4290439187327473e-08
-0.0005747480358976765,5.4290567521245544e-08
-0.0005747480358977,5.42904378062291e-08
-0.0005747480358977,5.42904378062291e-08
-0.0005747480358977,5.42904378062291e-08
-0.0005747480358977,5.42904378062291e-08
-0.0005747480358977,5.4290437806231074e-08
-0.0005747480358977,5.42904378062525e-08
-0.0005747480358977,5.429043780622912e-08
-0.0005747480358977,5.42904378062291e-08
-0.0005747480358977,5.42904378062291e-08
-0.0005747480358977,5.42904378062291e-08
5.8486030539110085e+35,-1.058864049900377e+32
-0.0005747480358977,5.4290437806244984e-08
-0.0005747480358976998,5.4290439076366316e-08
-0.0005747480358977,5.4290437806229546e-08
-0.0005747480358977,5.42904378062291e-08
-0.0005747480358977,5.42904378062291e-08
-0.0005747480358977,5.429043780622922e-08
-0.0005747480358977,5.4290437806231194e-08
-0.0005747480358977,5.429043780623678e-08
-0.0005747480358977,5.42904378062291e-08
-0.0005747480358977,5.42904378062291e-08
-0.0005747480358977,5.42904378062291e-08
-0.0005747480358977,5.42904378062291e-08
-151996490972517.88,27518301129.43712
-0.0005747480358976999,5.4290438115074434e-08
-0.0005747480358977,5.429043780627591e-08
-0.0005747480358977,5.42904378062291e-08
-0.0005747480358977,5.429043780622913e-08
-0.0005747480358977,5.42904378062291e-08
-0.0005747480358977,5.42904378062291e-08
-0.0005747480358977,5.4290437806229506e-08
-0.0005747480358966312,5.42904378060456e-08
-0.0005747480358977,5.429043780622912e-08
-0.0005747480358977,5.42904378062291e-08
-0.0005747480358977,5.42904378062291e-08
-0.0005747480358061333,5.479620372707765e-08
0.00011450894167969476,3.8070897974999824
-0.0005747480358976953,5.429043780622826e-08
-0.0005747480358976997,5.4290437806235376e-08
-0.0005747480358977,5.42904378062291e-08
-0.0005747480358977,5.429043780622911e-08
-0.0005747480358977,5.42904378062291e-08
-0.0005747480358977,5.42904378062291e-08
-0.0005747480358977,5.429043780622983e-08
-0.0005747480358975543,5.429043781487855e-08
-0.0005747480358977,5.42904378062291e-08
-0.0005747480358977,5.42904378062291e-08
-0.0005747480358977,5.42904378062291e-08
-0.0005747480036079116,5.4290431960303884e-08
5.8486030539110085e+35,-1.058864049900377e+32
-0.0005747480358976957,5.429043780622833e-08
-0.0005747480358977,5.42904378062291e-08
-0.0005747480358977,5.42904378062291e-08
-0.0005747480358977,5.4290437806229116e-08
-0.0005747480358977,5.42904378062291e-08
-0.0005747480358977,5.42904378062291e-08
-0.0005747480358977,5.4290437806230214e-08
-0.0005747480358977,5.42904378062291e-08
-0.0005747480358977,5.42904378062291e-08
-0.0005747480358977,5.429043780622911e-08
-0.0005747480358977,5.42904378062291e-08
-0.0005747480358977,5.42904378062291e-08
-2.3021535382270155e+20,4.167948476772503e+16
-0.0005747480358976979,5.4290437806228725e-08
-0.0005747480358977,5.4290437806231094e-08
-0.0005747480358977,5.42904378062291e-08
-0.0005747480358977,5.429043780622911e-08
-0.0005747480358977,5.42904378062291e-08
-0.0005747480358977,5.42904378062291e-08
-0.0005747480358977,5.429043780623046e-08
-0.0005747480358976655,5.4290437843745105e-08
-0.0005747480358976995,5.4290437806229e-08
-0.0005747480358977,5.42904378062291e-08
-0.0005747480358977,5.42904378062291e-08
1.0552415639148186e+22,-1.9104687832128842e+18
0.00011490249990080473,3.809033147298836
-0.0005747480358976992,5.4290437851339814e-08
-0.0005747480358976683,5.429043780622337e-08
-0.0005747480358977,5.42904378062291e-08
-0.0005747480358977,5.429043780622911e-08
-0.0005747480358977,5.42904378062291e-08
-0.0005747480358977,5.42904378062291e-08
-0.0005747480358977,5.4290437806230446e-08
-0.0005747480358976999,5.4290438196612764e-08
-0.0005747480358977,5.42904378062291e-08
-0.0005747480358977,5.42904378062291e-08
-0.0005747480358977,5.42904378062291e-08
-0.0005747480358972073,5.4290437806139906e-08
0.00011497745067868116,3.80967759271514
-0.0005747480358976992,5.429043780622896e-08
-0.0005747480358977,5.42904378062291e-08
-0.0005747480358977,5.42904378062291e-08
-0.0005747480358977,5.42904378062291e-08
-0.0005747480358977,5.42904378062291e-08
-0.0005746204044903297,5.4267446278304734e-08
-0.0005747480358977,5.4290437806229526e-08
-0.0005747480358977,5.42904378062291e-08
-0.0005747480358977,5.42904378062291e-08
-0.0005747480358977,5.42904378062291e-08
-0.0005747480358977,5.42904378062291e-08
-0.0005747480358977,5.42904378062291e-08
-2.3021535382270155e+20,4.167948476772503e+16
-0.0005747480358976992,5.4290437806228964e-08
-0.0005747480358977,5.4290437806283756e-08
-0.0005747480358977,5.42904378062291e-08
-0.0005747480358977,5.429043780622911e-08
-0.0005747480358977,5.42904378062291e-08
-0.0005747480358977,5.42904378062291e-08
-0.0005747480358977,5.42904378062295e-08
-0.0005747480358977,5.42904378062291e-08
-0.0005747480358977,5.42904378062291e-08
-0.0005747480358977,5.42904378062291e-08
-0.0005747480358977,5.42904378062291e-08
1.8572455372010698e+18,1.0258438674689867e+22
0.058865211499798016,3.8109658606819816
-0.0005747480358976992,5.429043780622896e-08
-0.0005747480358977,5.42904378062291e-08
-0.0005747480358977,5.42904378062291e-08
-0.0005747480358977,5.429043780622911e-08
-0.0005747480358977,5.42904378062291e-08
-0.0005747480358977,5.42904378062291e-08
-0.0005747480358977,5.4290437806229566e-08
-0.0005747480358977,5.42904378062291e-08
-0.0005747480358977,5.42904378062291e-08
-0.0005747480358977,5.42904378062291e-08
-0.0005747480358977,5.42904378062291e-08
-0.0005747480358977,5.4290437806229096e-08
0.00011532928567712741,3.811620942521548
-0.0005747480358976992,5.429043780622898e-08
-0.0005747480358977,5.42904378062291e-08
-0.0005747480358977,5.42904378062291e-08
-0.0005747480358977,5.4290437806230565e-08
-0.0005747480358977,5.42904378062291e-08
-0.0005747480358977,5.42904378062291e-08
-0.0005747480358977,5.429043780622967e-08
-0.0005747480358977,5.42904378062291e-08
-0.0005747480358977,5.4290437806229096e-08
-0.0005747480358977,5.42904378062291e-08
-0.0005747480358977,5.42904378062291e-08
-0.000574748035802184,5.481801744421914e-08
-4.9326818728705414e+32,8.930405186731194e+28
-0.0005747480358976996,5.429043780622903e-08
-0.0005747480358977,5.42904378062291e-08
-0.0005747480358977,5.42904378062291e-08
-0.0005747480358977,5.429043780622911e-08
-0.0005747480358977,5.42904378062291e-08
-0.0005747479121706734,5.4290415405991086e-08
-0.0005747480358977,5.429043780622975e-08
-0.0005747480358977,5.42904378062291e-08
-0.0005747480358976999,5.429043780622978e-08
-0.0005747480358977,5.42904378062291e-08
-0.0005747480358977,5.42904378062291e-08
-0.0005747480358977,5.42904378062291e-08
89128.95959235127,-12.3234891596533
-0.0005747480358976993,5.4290437806228983e-08
-0.0005747480358977,5.42904378062291e-08
-0.0005747480358977,5.42904378062291e-08
-0.0005747480358977,5.42904378062291e-08
-0.0005747480358977,5.42904378062291e-08
-0.0005747480358977,5.42904378062291e-08
-0.0005747480358977,5.429043780622982e-08
-0.0005747480358977,5.42904378062291e-08
-0.0005747480358976998,5.429043780622907e-08
-0.0005747480358977,5.42904378062291e-08
-0.0005747480358977,5.42904378062291e-08
-0.0005747480358010131,5.482184016398819e-08
0.00011568112067555046,3.8135642923279556
-0.0005747480358976992,5.429043780622896e-08
-0.0005747480358977,5.42904378062291e-08
-0.0005747480358977,5.42904378062291e-08
-0.0005747480358977,5.42904378062291e-08
-0.0005747480358977,5.42904378062291e-08
397.97560680875915,2198209.21397413
-0.0005747480358977,5.4290437806229936e-08
-0.0005747480358977,5.42904378062291e-08
-0.0005747480358977,5.429043780622911e-08
-0.0005747480358977,5.42904378062291e-08
-0.0005747480358977,5.42904378062291e-08
-0.0005747480358977,5.429043780622959e-08
-4.9326818728705414e+32,8.930405186731194e+28
-0.0005747480358976989,5.429043780622891e-08
-0.0005747480358977,5.42904378062291e-08
-0.0005747480358977,5.42904378062291e-08
-0.0005747480358977,5.42904378062291e-08
-0.0005747480358977,5.42904378062291e-08
-0.0005747480358977,5.42904378062291e-08
-0.0005747480358977,5.4290437806230055e-08
-0.0005747480358977,5.42904378062291e-08
-0.0005747480358977,5.4290437806230704e-08
-0.0005747480358977,5.42904378062291e-08
-0.0005747480358977,5.42904378062291e-08
-0.0005747480358977,5.42904378062291e-08
126443837415.74231,-22892100.93850118
-0.0005747480358976989,5.4290437806228904e-08
-0.0005747480358977,5.42904378062291e-08
-0.0005747480358977,5.42904378062291e-08
-0.0005747480358977,5.42904378062291e-08
-0.0005747480358977,5.42904378062291e-08
1.5175841010540896,8385.503768876275
-0.0005747480358977,5.4290437806231816e-08
-0.0005747480358977,5.42904378062291e-08
-0.0005747480358977,5.4290437806364674e-08
-0.0005747480358977,5.42904378062291e-08
-0.0005747480358977,5.42904378062291e-08
-0.0005747480358977,5.42904378062291e-08
0.00011603292191357832,3.8155076421343694
-0.0005747480358976989,5.429043780622892e-08
-0.0005747480358977,5.42904378062291e-08
-0.0005747480358977,5.42904378062291e-08
-0.0005747480358977,5.42904378062291e-08
-0.0005747480358977,5.42904378062291e-08
-0.0005747480358977,5.42904378062291e-08
-0.0005747480358977,5.4290437806234e-08
-0.0005747480358977,5.42904378062291e-08
-0.0005747480358977,5.42904378062291e-08
-0.0005747480358977,5.42904378062291e-08
-0.0005747480358977,5.42904378062291e-08
-0.0005747480358977,5.42904378062291e-08
0.00011614967286648721,3.816152325961688
-0.000574748035897699,5.429043780622893e-08
-0.0005747480358977,5.42904378062291e-08
-0.0005747480358976986,5.429043780622884e-08
-0.0005747480358977,5.4290437806229116e-08
-0.0005747480358977,5.42904378062291e-08
-0.0005747480358977,5.42904378062291e-08
-0.0005747480358977,5.429043780623347e-08
-0.0005747480358977,5.42904378062291e-08
-0.0005747480358977,5.4290437806230194e-08
-0.0005747480358977,5.42904378062291e-08
-0.0005747480358977,5.42904378062291e-08
-0.0005747480358977,5.42904378062291e-08
1.902320527016046e+17,-34440682653229.965
-0.0005747480358976989,5.4290437806228904e-08
-0.0005747480358977,5.42904378062291e-08
-0.0005747480358977,5.42904378062291e-08
-0.0005747480358977,5.429043780622911e-08
-0.0005747480358977,5.42904378062291e-08
-0.0005747480358977,5.42904378062291e-08
-0.0005747480358977,5.429043780623225e-08
-0.0005747480358977,5.42904378062291e-08
-0.0005747480358976997,5.429043780623528e-08
-0.0005747480358977,5.42904378062291e-08
-0.0005747480358977,5.42904378062291e-08
-0.0005747480358977,5.42904378062291e-08
0.00011638652666235425,3.81746076710236
-0.0005747480358976992,5.429043780622896e-08
-0.0005747480358977,5.42904378062291e-08
-0.0005747480358977,5.429043780622911e-08
-0.0005747480358977,5.4290437806229116e-08
-0.0005747480358977,5.42904378062291e-08
-0.0005747480358977,5.42904378062291e-08
-0.0005747480358977,5.4290437806232186e-08
-0.0005747480358977,5.42904378062291e-08
-0.0005747480358977,5.4290437806232e-08
-0.0005747480358977,5.42904378062291e-08
-0.0005747480358977,5.42904378062291e-08
-0.0005747480358977,5.42904378062291e-08
0.00011650150786493346,3.818095675768096
-0.0005747480358976991,5.4290437806228944e-08
-0.0005747480358977,5.42904378062291e-08
-0.0005747480358977,5.429043780622929e-08
-0.0005747480358977,5.42904378062291e-08
-0.0005747480358977,5.42904378062291e-08
-0.0005747480358972211,5.429043780614241e-08
-0.0005747480358977,5.4290437806232186e-08
-0.0005747480358977,5.42904378062291e-08
-0.0005747480358977,5.42904378062291e-08
-0.0005747480358977,5.429043780622917e-08
-0.0005747480358977,5.42904378062291e-08
-0.0005747480358977,5.42904378062291e-08
2.7200829774965327e+23,-4.9245914811931754e+19
-0.0005747480358976987,5.429043780622887e-08
-0.0005747480358977,5.42904378062291e-08
-0.0005747480358977,5.42904378062291e-08
-0.0005747480358977,5.4290437806229155e-08
-0.0005747480358977,5.42904378062291e-08
-0.0005747480358977,5.42904378062291e-08
-0.0005747480358977,5.4290437806232e-08
-0.0005747480358977,5.42904378062291e-08
-0.0005747480358977,5.4290437806229116e-08
-0.0005747480358977,5.42904378062291e-08
-0.0005747480358977,5.42904378062291e-08
-0.0005747480358977,5.42904378062291e-08
6.668956855303808e-05,3.8194041259698834
-0.000574748035897696,5.4290447354146545e-08
-0.0005747480358977,5.42904378062291e-08
-0.0005747480358977,5.42904378062291e-08
-0.0005747480358977,5.429043780622944e-08
-0.0005747480358977,5.42904378062291e-08
-0.0005747480358977,5.42904378062291e-08
-0.0005747480358977,5.429043780623196e-08
-0.0005747480157707846,5.429043416233893e-08
-0.0005747480358977,5.429043780622912e-08
-0.0005747480358977,5.4290437806229175e-08
-0.0005747480358977,5.42904378062291e-08
-0.0005747480358977,5.42904378062291e-08
0.00011685511261370939,3.8200488007360867
-0.0005747480358976982,5.429043780622877e-08
-0.0005747480358977,5.42904378062291e-08
-0.0005747480358977,5.429043780622911e-08
-0.0005747480358977,5.42904378062291e-08
-0.0005747480358977,5.42904378062291e-08
1.7770362154636516e+18,9.815404949907417e+21
-0.0005747480358977,5.4290437806231485e-08
-0.0005747480186129676,5.4290434676903764e-08
-0.0005747480358115255,5.429043779062766e-08
-0.0005747480358977,5.4290437806229155e-08
-0.0005747480358977,5.42904378062291e-08
-0.0005747480358977,5.42904378062291e-08
4.0564817635801884e+29,-7.344083140775411e+25
-0.0005747480358976983,5.429043780622879e-08
-0.0005747480358977,5.42904378062291e-08
-0.0005747480358977,5.429043780622912e-08
-0.0005747480358977,5.42904378062291e-08
-0.0005747480358977,5.42904378062291e-08
-0.0005747480358977,5.42904378062291e-08
-0.0005747480358977,5.429043780623131e-08
-0.0005747480287330958,5.4297344122592194e-08
-0.0005747480358977,5.4290437806229155e-08
-0.0005747480358977,5.429043780622946e-08
-0.0005747480358977,5.42904378062291e-08
-0.0005747480358977,5.42904378062291e-08
-107374182.24015313,19443.448273160375
-0.0005747480358976984,5.429043780622882e-08
-0.0005747480358967119,5.429589604069842e-08
-0.0005747480358977,5.4290437806235296e-08
-0.0005747480358977,5.42904378062291e-08
-0.0005747480358977,5.42904378062291e-08
-0.0005747480358977,5.42904378062291e-08
-0.0005747480358977,5.429043780623085e-08
-0.0005747480358977,5.42904378062291e-08
-0.0005747480358972342,5.429301068711434e-08
-0.0005747480358977,5.429043780623048e-08
-0.0005747480358977,5.42904378062291e-08
-0.0005747480358977,5.42904378062291e-08
0.00011720694761215575,3.8219921505424943
-0.0005747480358976987,5.4290437806228864e-08
-0.0005747480358977,5.42904378062291e-08
-0.0005747480358977,5.429043780622915e-08
-0.0005747480358977,5.42904378062291e-08
-0.0005747480358977,5.42904378062291e-08
-0.0005747480358977,5.42904378062291e-08
-0.0005747480358977,5.429043780623081e-08
-0.0005747462530112242,5.4290115022416123e-08
-0.0005747480358976761,5.429056930136995e-08
-0.0005747480358977,5.42904378062291e-08
-0.0005747480358977,5.42904378062291e-08
-0.0005747480358977,5.42904378062291e-08
5.8486030539110085e+35,-1.058864049900377e+32
-0.0005747480358976988,5.429043780622888e-08
-0.0005747480358977,5.42904378062291e-08
-0.0005747480358977,5.4290437806229175e-08
-0.0005747480358977,5.42904378062291e-08
-0.0005747480358977,5.42904378062291e-08
-0.0005747480358977,5.42904378062291e-08
-0.0005747480358977,5.4290437806230783e-08
-0.0005747480358977,5.42904378062291e-08
-0.0005747480358977,5.42904378062291e-08
-0.0005747480358977,5.42904378062291e-08
-0.0005747480358977,5.42904378062291e-08
-0.0005747480358977,5.42904378062291e-08
-151996490972517.88,27518301129.453964
-0.0005747480358976989,5.429043780622891e-08
-0.0005747480358977,5.42904378062291e-08
-0.0005747480358977,5.42904378062291e-08
-0.0005747480358969277,5.42947034985592e-08
-0.0005747480358977,5.42904378062291e-08
-0.0005747480358977,5.42904378062291e-08
-0.0005747480358977,5.429043780623066e-08
-0.0005747480358977,5.42904378062291e-08
-0.0005747480358976598,5.429065989535044e-08
-0.0005747480358977,5.42904378062291e-08
-0.0005747480358977,5.42904378062291e-08
-0.0005747480358977,5.42904378062291e-08
0.00011755878263788693,3.8239355003489024
-0.0005747480358976989,5.429043780622891e-08
-0.0005747480358977,5.42904378062291e-08
-0.0005747480358977,5.42904378062291e-08
-0.0005747480358975706,5.4291152206381856e-08
-0.0005747480358977,5.42904378062291e-08
-0.0005747480358977,5.42904378062291e-08
-0.0005747480358977,5.429043780623041e-08
-0.0005747480358977,5.42904378062291e-08
-0.0005747480358977,5.42904378062291e-08
-0.0005747480352079498,5.429208663232093e-08
-0.0005747480358977,5.42904378062291e-08
-0.0005747480358977,5.42904378062291e-08
0.00011767545663842697,3.824579945757652
-0.0005747480358976989,5.42904378062289e-08
-0.0005747480358977,5.42904378062291e-08
-0.0005747480358977,5.42904378062291e-08
-0.0005747480322870483,5.429049046225661e-08
-0.0005747480358977,5.42904378062291e-08
-0.0005747480358977,5.42904378062291e-08
-0.0005747480358977,5.429043780623043e-08
-0.0005747480358977,5.42904378062291e-08
-0.0005747480358977,5.42904378062291e-08
-0.0005747480356986911,5.429044224076399e-08
-0.0005747480358977,5.42904378062291e-08
-0.0005747480358977,5.42904378062291e-08
-2.3021535382270155e+20,4.167948476772503e+16
-0.0005747480358976991,5.4290437806228944e-08
-0.0005747480358977,5.42904378062291e-08
-0.0005747480358977,5.42904378062291e-08
-0.0005747480349450222,5.4290485614403975e-08
-0.0005747480358977,5.42904378062291e-08
-0.0005747480358977,5.42904378062291e-08
-0.0005747480358977,5.42904378062291e-08
-0.0005747480358977,5.42904378062291e-08
-0.0005747480358976241,5.4290857115151175e-08
-0.0005747480355405394,5.429044049032762e-08
-0.0005747480358977,5.42904378062291e-08
-0.0005747480358977,5.42904378062291e-08
0.0001179523408589969,3.825878850147756
-0.0005747480358976991,5.429043780622894e-08
-0.0005747480358977,5.42904378062291e-08
-0.0005747480358973577,5.429232867430257e-08
-0.0005747480358959048,5.429045968679326e-08
-0.0005747480358977,5.42904378062291e-08
-0.0005747480358977,5.42904378062291e-08
-0.0005747480358977,5.42904378062291e-08
-0.0005747480358977,5.42904378062291e-08
-0.0005747480358977,5.42904378062291e-08
-0.0005747480358965329,5.429044313699762e-08
-0.0005747480358977,5.42904378062291e-08
-0.0005747480358977,5.42904378062291e-08
0.00011802729163687333,3.82652329556406
-0.0005747480358976991,5.429043780622895e-08
-0.0005747480358977,5.42904378062291e-08
-0.0005747480358977,5.42904378062291e-08
-0.00057474803589471,5.4290543536827866e-08
-0.0005747480358977,5.42904378062291e-08
-0.0005747480358977,5.42904378062291e-08
-0.0005747480358977,5.42904378062291e-08
-0.0005747480358977,5.42904378062291e-08
-0.0005747480358977,5.42904378062291e-08
-0.0005747480358957418,5.429044072116341e-08
-0.0005747480358977,5.42904378062291e-08
-0.0005747480358977,5.42904378062291e-08
-2.3021535382270155e+20,4.167948476772503e+16
-0.0005747480358976991,5.429043780622895e-08
-0.0005747480358977,5.42904378062291e-08
-0.0005747480358976992,5.429044213770353e-08
-0.0005747480356470985,5.429044049478303e-08
-0.0005747480358977,5.42904378062291e-08
-0.0005747480358977,5.42904378062291e-08
-0.0005747480358977,5.42904378062291e-08
-0.0005747478794302386,5.42904094784783e-08
-0.0005747480358971004,5.4293749641572763e-08
-0.0005747480350554827,5.4290438462368934e-08
-0.0005747480358977,5.42904378062291e-08
-0.0005747480358977,5.42904378062291e-08
89128.9595950475,-12.308596581772372
-0.0005747480358976986,5.4290445690805513e-08
-0.0005747480358977,5.42904378062291e-08
-0.0005747479581115627,5.429042372338852e-08
-0.0005747480358973075,5.429043927085306e-08
-0.0005747480358977,5.42904378062291e-08
-0.0005747480358977,5.42904378062291e-08
-0.0005747480358977,5.4290437806229897e-08
-0.0005747480358977,5.42904378062291e-08
-0.0005747480358977,5.42904378062291e-08
-0.0005747480358870383,5.429043858863103e-08
-0.0005747480358977,5.42904378062291e-08
-0.0005747480358977,5.42904378062291e-08
0.00011837912663531958,3.8284666453704674
-0.0005747480358976987,5.429044519120347e-08
0.00418726905416339,-8.078519670035907e-07
-0.0005747480358977,5.42904378062291e-08
-0.0005747480358974204,5.429043908352292e-08
-0.0005747480358977,5.42904378062291e-08
-0.0005747480358977,5.42904378062291e-08
-0.0005747480358977,5.429043780622979e-08
-0.0005747459107701054,5.4290053061155685e-08
-0.0005747480358977,5.42904378062291e-08
-0.0005747480358845958,5.429043822724756e-08
-0.0005747480358977,5.42904378062291e-08
-0.0005747480358977,5.42904378062291e-08
-4.9326818728705414e+32,8.930405186731194e+28
-0.0005747480358976986,5.429044546875753e-08
0.002279282962318093,-4.6241941469284476e-07
-0.0005747480358974967,5.429156087139322e-08
-0.0005747480358975785,5.429043812554294e-08
-0.0005747480358977,5.42904378062291e-08
-0.0005747480358977,5.42904378062291e-08
-0.0005747480358977,5.429043780622967e-08
-0.0005747480358977,5.42904378062291e-08
-0.0005747480358977,5.42904378062291e-08
-0.0005747480358796687,5.429065191438444e-08
-0.0005747480358977,5.42904378062291e-08
-0.0005747480358977,5.42904378062291e-08
89128.9595954011,-12.306643456804382
-0.0005747480358976989,5.4290443608138307e-08
0.0010887776420649416,-2.4688362380202083e-07
-0.0005747480358976575,5.429067238710754e-08
-0.0005747480358824816,5.429043798048894e-08
-0.0005747480358977,5.42904378062291e-08
-0.0005747480358977,5.42904378062291e-08
-0.0005747480358977,5.429043780622963e-08
-0.000574748035843077,5.4290437796339854e-08
-0.0005747480358976799,5.42905484064634e-08
-0.0005747480358124345,5.4290439484352414e-08
-0.0005747480358977,5.42904378062291e-08
-0.0005747480358977,5.42904378062291e-08
0.00011873096163374263,3.830409995176875
-0.0005747480358976989,5.4290444052222004e-08
0.00046316648584818025,-1.336194551743414e-07
-0.0005747480358976911,5.4290487112832695e-08
-0.0005747480358975143,5.429043830608865e-08
-0.0005747480358977,5.42904378062291e-08
-0.0005747480358977,5.42904378062291e-08
-0.0005747480358977,5.4290437806229546e-08
-0.0005745774219481011,0.0009424342679142411
-0.0005747480358976683,5.4290612821501946e-08
-0.0005747480358946873,5.4290439610738015e-08
-0.0005747480358977,5.42904378062291e-08
-0.0005747480358977,5.42904378062291e-08
0.00011884767882623301,3.8310546790042004
-0.0005747480358976988,5.429044446855521e-08
0.00023794085140680678,-9.284333731718942e-08
-0.0005747480358976892,5.4290497783628225e-08
-0.0005747480335092137,5.4290437852880143e-08
-0.0005747480358977,5.42904378062291e-08
-0.0005747480358977,5.42904378062291e-08
-0.0005747480358977,5.4290437806229506e-08
-0.000574640960522875,0.0005914818341901426
-0.0005747480341988431,5.4292249734054294e-08
-0.0005747480358873159,5.429043780434912e-08
-0.0005747480358977,5.42904378062291e-08
-0.0005747480358977,5.42904378062291e-08
126443837415.74231,-22892100.921655476
-0.0005747480358976991,5.4290442830975e-08
-0.0005747480358977,5.42904378062291e-08
-0.0005747480358977,5.42904378062291e-08
-0.0005747480358975056,5.4290438187978924e-08
-0.0005747480358977,5.42904378062291e-08
-0.0005747480358977,5.42904378062291e-08
-0.0005747480358977,5.429043780622949e-08
-0.0005747480355813788,5.4290789537253386e-08
-0.0005747480352259627,5.429103826871367e-08
-0.0005747480358943407,5.429043780562092e-08
-0.0005747480358977,5.42904378062291e-08
-0.0005747480358977,5.42904378062291e-08
0.00011908276287177048,3.8323533449832894
-0.0005747480358976992,5.42904419983069e-08
-0.0005747480354767034,5.429043773000951e-08
-0.0005747480357839602,5.4290469994787044e-08
-0.00057474803589739,5.429044385921409e-08
-0.0005747480358977,5.42904378062291e-08
-0.0005747480358977,5.42904378062291e-08
-0.0005747480358977,5.429043780622944e-08
-0.0005747480346610915,5.429043758234654e-08
-0.0005747480358977,5.42904378062291e-08
-0.0005747480339499335,5.4290440410496346e-08
-0.0005747480358977,5.42904378062291e-08
-0.0005747480358977,5.42904378062291e-08
0.00011919951382467937,3.832998028810608
-0.0005747480358976992,5.429044174850418e-08
-0.0005747480358976099,5.4290935341610573e-08
-0.0005747480357804421,5.430499617445506e-08
-0.0005747480358940615,5.429044003989425e-08
-0.0005747480358977,5.42904378062291e-08
-0.0005747480358977,5.42904378062291e-08
-0.0005747480358977,5.4290437806229413e-08
-0.0005747147048186773,0.00018415049421496144
-0.0005747480358976192,5.429088375952755e-08
-0.0005747480358976992,5.429044196956538e-08
-0.0005747480358977,5.42904378062291e-08
-0.0005747480358977,5.42904378062291e-08
1.902320527016046e+17,-34440682653229.95
-0.0005747480358976993,5.429044131780106e-08
-0.0005747480358977,5.42904378062291e-08
-0.0005747480358976811,5.4290542192467166e-08
-0.0005747480358962478,5.429044602624743e-08
-0.0005747480358977,5.42904378062291e-08
-0.0005747480358977,5.42904378062291e-08
-0.0005747480358977,5.429043780622936e-08
-0.0005747480358977,5.42904378062291e-08
-0.0005747480358977,5.42904378062291e-08
-0.0005747480358186245,5.429043917321765e-08
-0.0005747480358977,5.42904378062291e-08
-0.0005747480358977,5.42904378062291e-08
6.938580476245442e-05,3.8342967038508124
-0.0005747480358976992,5.429044012431211e-08
-0.0005747480358977,5.42904378062291e-08
-0.0005747480353539092,5.429064914486419e-08
-0.0005747480358186009,5.429053908117393e-08
-0.0005747480358977,5.42904378062291e-08
-0.0005747480358977,5.42904378062291e-08
-0.0005747480358977,5.429043780622932e-08
-0.0005747480343697707,5.429043752960418e-08
-0.0005747480358977,5.42904378062291e-08
-0.0005747480358248416,5.4290440264213445e-08
-0.0005747480358977,5.42904378062291e-08
-0.0005747480358977,5.42904378062291e-08
0.00011955134882312562,3.8349413786170157
-0.0005747480358976988,5.429044285827142e-08
-0.0005747480358977,5.42904378062291e-08
-0.0005747480358972779,5.429276919236008e-08
-0.0005747480358973633,5.429043794154851e-08
-0.0005747480358977,5.42904378062291e-08
-0.0005747480358977,5.42904378062291e-08
-0.0005747480358977,5.429043780622931e-08
-0.0005747480317186589,5.4290437049631944e-08
-0.0005747480358977,5.42904378062291e-08
-0.000574748035896911,5.429044460805824e-08
-0.0005747480358977,5.42904378062291e-08
-0.0005747480358977,5.42904378062291e-08
2.7200829774965327e+23,-4.9245914811931754e+19
-0.0005747480358976989,5.429044258071314e-08
-0.0005747480358977,5.42904378062291e-08
-0.0005747480353361501,5.4290627825176814e-08
-0.0005747480358969703,5.429044219377687e-08
-0.0005747480358977,5.42904378062291e-08
-0.0005747480358977,5.42904378062291e-08
-0.0005747480358977,5.429043780622929e-08
-0.0005747480358977,5.42904378062291e-08
-0.0005747480358977,5.42904378062291e-08
-0.0005747480358875584,5.429093897376547e-08
-0.0005747480358977,5.42904378062291e-08
-0.0005747480358977,5.42904378062291e-08
-71.6798793439628,3.8492173955081848
-0.0005747480358976998,5.429043780622907e-08
-0.0005747480358977,5.42904378062291e-08
-0.0005747480355227957,5.42904377383543e-08
-0.0005747480358974353,5.429044244364938e-08
-0.0005747480358977,5.42904378062291e-08
-0.0005747480358977,5.42904378062291e-08
-0.0005747480358977,5.429043780622928e-08
-0.0005747480350860513,5.877355472150796e-08
-0.0005747480358977,5.42904378062291e-08
-0.0005747480358964436,5.429043780600164e-08
-0.0005747480358977,5.42904378062291e-08
-0.0005747480358977,5.42904378062291e-08
0.00011990495357190156,3.8368945035850066
-0.0005747480358976993,5.429044022122563e-08
-0.0005747480358977,5.42904378062291e-08
-0.0005747480358976954,5.429046323660738e-08
-0.0005747480358977,5.429043805255983e-08
-0.0005747480358977,5.42904378062291e-08
-0.0005747480358977,5.42904378062291e-08
-0.0005747480358977,5.4290437806229255e-08
-0.0005747480219689523,5.4290435284490145e-08
-0.0005721843520469844,5.382629403722812e-08
-0.0005747480358966921,5.429044485781076e-08
-0.0005747480358977,5.42904378062291e-08
-0.0005747480358977,5.42904378062291e-08
5.8486030539110085e+35,-1.058864049900377e+32
-0.0005747480358976996,5.429043937454962e-08
-0.0005747480358977,5.42904378062291e-08
-0.000574748034433608,5.4290450200836656e-08
-0.0005747480358973216,5.42904385451528e-08
-0.0005747480358977,5.42904378062291e-08
-0.0005747480358977,5.42904378062291e-08
-0.0005747480358977,5.429043780622923e-08
-0.000574748006111749,5.429043241361271e-08
-0.0005747480358977,5.42904378062291e-08
-0.0005747480358958534,5.429043780589478e-08
-0.0005747480358977,5.42904378062291e-08
-0.0005747480358977,5.42904378062291e-08
-107374182.24015008,19443.465118863223
-0.0005747480358976997,5.429043913862681e-08
-0.0005747480358977,5.42904378062291e-08
-0.000574748035897698,5.4290448745052115e-08
-0.0005747480358975952,5.429101718824807e-08
-0.0005747480358977,5.42904378062291e-08
-0.0005747480358977,5.42904378062291e-08
-0.0005747480358977,5.429043780622922e-08
-0.0005747480358977,5.42904378062291e-08
-0.0005747480358977,5.42904378062291e-08
-0.0005747480356115958,5.429045068852964e-08
-0.0005747480358977,5.42904378062291e-08
-0.0005747480358977,5.42904378062291e-08
0.00012025678857034792,3.8388378533914143
-0.0005747480358976997,5.429043891658179e-08
-0.0005747480358977,5.42904378062291e-08
-0.0005747480358976066,5.4290953149468335e-08
-0.0005747480358952287,5.429043814419398e-08
-0.0005747480358977,5.42904378062291e-08
-0.0005747480358977,5.42904378062291e-08
-0.0005747480358977,5.4290437806229215e-08
-0.0005747480358977,5.42904378062291e-08
-0.0005747480358977,5.42904378062291e-08
-0.000574748035837721,5.4290437795370153e-08
-0.0005747480358977,5.42904378062291e-08
-0.0005747480358977,5.42904378062291e-08
5.8486030539110085e+35,-1.058864049900377e+32
-0.0005747480358976998,5.429043866324558e-08
1188173.604952559,-215.11364406489216
-0.0005747480358977,5.42904378062291e-08
-0.0005747480358927008,5.429044374727254e-08
-0.0005747480358977,5.42904378062291e-08
-0.0005747480358977,5.42904378062291e-08
-0.0005747480358977,5.4290437806229195e-08
-0.0005747480358977,5.42904378062291e-08
-0.0005747480358977,5.42904378062291e-08
-0.0005747480358270628,5.4290437793440546e-08
-0.0005747480358977,5.42904378062291e-08
-0.0005747480358977,5.42904378062291e-08
-151996490972517.88,27518301129.47081
-0.0005747480358976998,5.429043855569214e-08
-0.0005747480358977,5.42904378062291e-08
-0.0005747480358977,5.42904378062291e-08
-0.0005747480358892017,5.4290443802145095e-08
-0.0005747480358977,5.42904378062291e-08
-0.0005747480358977,5.42904378062291e-08
-0.0005747480358977,5.429043780622919e-08
-0.0005747480358977,5.42904378062291e-08
-0.0005747480358977,5.42904378062291e-08
-0.0005747480358977,5.42904378062291e-08
-0.0005747480358977,5.42904378062291e-08
-0.0005747480358977,5.42904378062291e-08
0.00012064857706841313,3.840771428028685
-0.0005747480358976998,5.429043851752828e-08
-0.0005747480358977,5.42904378062291e-08
-0.0005381400596963338,0.20220308633119496
-0.0005747480358976996,5.4290439985041755e-08
-0.0005747480358977,5.42904378062291e-08
-0.0005747480358977,5.42904378062291e-08
-0.0005747480358977,5.4290437806229175e-08
-0.0005747480358977,5.42904378062291e-08
-0.0005747480358977,5.42904378062291e-08
-0.0005747480358977,5.42904378062291e-08
-0.0005747480358977,5.42904378062291e-08
-0.0005747480358977,5.42904378062291e-08
0.00012072529759661913,3.8414256486065717
-0.0005747480358977,5.4290437806229096e-08
-0.0005747480358977,5.42904378062291e-08
-0.0005747480358977,5.42904378062291e-08
-0.0005747480358670415,5.4290439633669056e-08
-0.0005747480358977,5.42904378062291e-08
-0.0005747480358977,5.42904378062291e-08
-0.0005747480358977,5.4290437806229175e-08
-0.0005747480358977,5.42904378062291e-08
-0.0005747480358977,5.42904378062291e-08
-0.0005747480358977,5.42904378062291e-08
-0.0005747480358977,5.42904378062291e-08
-0.0005747480358977,5.42904378062291e-08
-2.3021535382270155e+20,4.167948476772503e+16
-0.0005747480358976999,5.4290438200042526e-08
-0.0005747480358977,5.42904378062291e-08
-0.0005740021508807508,0.004119927269793194
-0.0005747480358279225,5.42905675396115e-08
-0.0005747480358977,5.42904378062291e-08
-0.0005747480358977,5.42904378062291e-08
-0.0005747480358977,5.429043780622916e-08
-0.0005747480358977,5.42904378062291e-08
-0.0005747480358977,5.42904378062291e-08
0.003394382005323491,-6.643032282861028e-07
-0.0005747480358977,5.42904378062291e-08
-0.0005747480358977,5.42904378062291e-08
0.05887095757696562,3.8427041414118306
-0.0005747480358976999,5.4290438193103526e-08
-0.0005747480358977,5.42904378062291e-08
-0.0005742893008807875,0.0025338630651361572
-0.0005747480358976856,5.4290517334008915e-08
-0.0005747480358977,5.42904378062291e-08
-0.0005747480358977,5.42904378062291e-08
-0.0005747480358977,5.429043780622916e-08
-0.0005747480358977,5.42904378062291e-08
-0.0005747480358977,5.42904378062291e-08
-0.0005747480358977,5.42904378062291e-08
-0.0005747480358977,5.42904378062291e-08
-0.0005747480358977,5.42904378062291e-08
0.0001210771325950655,3.8433689984129797
-0.0005747480358977,5.4290437806229096e-08
-0.0005747480358977,5.42904378062291e-08
-0.0005747480358977,5.42904378062291e-08
-0.0005747480358976662,5.429062439515666e-08
-0.0005747480358977,5.42904378062291e-08
-0.0005747480358977,5.42904378062291e-08
-0.0005747480358977,5.429043780622915e-08
-0.0005747480358977,5.42904378062291e-08
-0.0005747480358977,5.42904378062291e-08
-0.0005747480358977,5.42904378062291e-08
-0.0005747480358977,5.42904378062291e-08
-0.0005747480358977,5.42904378062291e-08
-3.2186439313332416e+26,5.827214322640273e+22
-0.0005747480358976999,5.429043799966633e-08
-0.0005747480358977,5.42904378062291e-08
-0.0005747480358977,5.42904378062291e-08
2123.8355883363456,11730943.807744423
-0.0005747480358977,5.42904378062291e-08
-0.0005747480358977,5.42904378062291e-08
-0.0005747480358977,5.429043780622915e-08
-0.0005747480358977,5.42904378062291e-08
-0.0005747480358977,5.42904378062291e-08
-0.0005747480358977,5.42904378062291e-08
-0.0005747480358977,5.42904378062291e-08
-0.0005747480358977,5.42904378062291e-08
89128.95959809734,-12.291750878923454
-0.0005747480358976999,5.429043797538016e-08
-0.0005747480358977,5.42904378062291e-08
-0.0005747480358977,5.42904378062291e-08
-0.0005747480358977,5.42904378062291e-08
-0.0005747480358977,5.42904378062291e-08
-0.0005747480358977,5.42904378062291e-08
-0.0005747480358977,5.429043780622914e-08
-0.0005747480358977,5.42904378062291e-08
-0.0005747480358977,5.42904378062291e-08
0.001776023492428995,-3.7130648472897187e-07
-0.0005747480358977,5.42904378062291e-08
-0.0005747480358977,5.42904378062291e-08
0.00012142719784315886,3.8453025730578045
-0.0005747480358977,5.4290437961502345e-08
-0.0005747480358977,5.42904378062291e-08
-0.0005747480358977,5.42904378062291e-08
-0.00045502784511723156,3.26156199230284e-08
-0.0005747480358977,5.42904378062291e-08
-0.0005747480358977,5.42904378062291e-08
-0.0005747480358977,5.429043780622915e-08
-0.0005747480358977,5.42904378062291e-08
-0.0005747480358977,5.42904378062291e-08
-0.0005747480358977,5.42904378062291e-08
-0.0005747480358977,5.42904378062291e-08
-0.0005747480358977,5.42904378062291e-08
-4.9326818728705414e+32,8.930405186731194e+28
-0.0005747480358977,5.42904379424204e-08
-0.0005747480358977,5.42904378062291e-08
-0.0005747480358977,5.42904378062291e-08
18984.009821536936,104857598.28151397
-0.0005747480358977,5.42904378062291e-08
-0.0005747480358977,5.42904378062291e-08
-0.0005747480358977,5.4290437806229136e-08
-0.0005747480358977,5.42904378062291e-08
-0.0005747480358977,5.42904378062291e-08
-0.0005747480358977,5.42904378062291e-08
-0.0005747480358977,5.42904378062291e-08
-0.0005747480358977,5.42904378062291e-08
89128.95959845095,-12.289797753955462
-0.0005747480358977,5.4290437894274055e-08
-0.0005747480358977,5.42904378062291e-08
-0.0005747480358977,5.42904378062291e-08
-0.0005747480358977,5.42904378062291e-08
-0.0005747480358977,5.42904378062291e-08
-0.0005747480358977,5.42904378062291e-08
-0.0005747480358977,5.4290437806229136e-08
-0.0005747480358977,5.42904378062291e-08
-0.0005747480358977,5.42904378062291e-08
-0.0005747480358977,5.42904378062291e-08
-0.0005747480358977,5.42904378062291e-08
-0.0005747480358977,5.42904378062291e-08
0.00012177899908118672,3.8472459228642184
-0.0005747480358977,5.4290437887768835e-08
-0.0005747480358977,5.42904378062291e-08
-0.0005747480358977,5.42904378062291e-08
-0.0005747480358977,5.42904378062291e-08
-0.0005747480358977,5.42904378062291e-08
-0.0005747480358977,5.42904378062291e-08
-0.0005747480358977,5.429043780622913e-08
-0.0005747480358977,5.42904378062291e-08
-0.0005747480358977,5.42904378062291e-08
-0.0005747480358977,5.42904378062291e-08
-0.0005747480358977,5.42904378062291e-08
-0.0005747480358977,5.42904378062291e-08
0.00012189751978442518,3.8479003818531203
-0.0005747480358977,5.42904378062291e-08
-0.0005747480358977,5.42904378062291e-08
-0.0005747480358977,5.42904378062291e-08
-0.0005747480358977,5.42904378062291e-08
-0.0005747480358977,5.42904378062291e-08
-0.0005747480358977,5.42904378062291e-08
-0.0005747480358977,5.429043780622913e-08
-0.0005747480358977,5.42904378062291e-08
-0.0005747480358977,5.42904378062291e-08
-0.0005747480358977,5.42904378062291e-08
-0.0005747480358977,5.42904378062291e-08
-0.0005747480358977,5.42904378062291e-08
126443837415.74232,-22892100.904809773
-0.0005747480358977,5.429043787258999e-08
-0.0005747480358977,5.42904378062291e-08
-0.0005747480358977,5.42904378062291e-08
-0.0005747480358977,5.42904378062291e-08
-0.0005747480358977,5.42904378062291e-08
-0.0005747480358977,5.42904378062291e-08
-0.0005747480358977,5.429043780622913e-08
-0.0005747480358977,5.42904378062291e-08
-0.0005747480358977,5.42904378062291e-08
-0.0005747480358977,5.42904378062291e-08
-0.0005747480358977,5.42904378062291e-08
-0.0005747480358977,5.42904378062291e-08
0.00012213260382996265,3.849199047832209
-0.0005747480358977,5.429043787172263e-08
-0.0005747480358977,5.42904378062291e-08
-0.0005747480358977,5.42904378062291e-08
-0.0005747480358977,5.42904378062291e-08
-0.0005747480358977,5.42904378062291e-08
-0.0005747480358977,5.42904378062291e-08
-0.0005747480358977,5.429043780622913e-08
-0.0005747480358977,5.42904378062291e-08
-0.0005747480358977,5.42904378062291e-08
-0.0005747480358977,5.42904378062291e-08
-0.0005747480358977,5.42904378062291e-08
-0.0005747480358977,5.42904378062291e-08
0.00012224935478287154,3.849843731659528
-0.0005747480358977,5.429043785241998e-08
-0.0005747480358977,5.42904378062291e-08
-0.0005747480358977,5.42904378062291e-08
-0.0005747480358977,5.42904378062291e-08
-0.0005747480358977,5.42904378062291e-08
-0.0005747480358977,5.42904378062291e-08
-0.0005747480358977,5.429043780622913e-08
-0.0005747480358977,5.42904378062291e-08
-0.0005747480358977,5.42904378062291e-08
-0.0005747480358977,5.42904378062291e-08
-0.0005747480358977,5.42904378062291e-08
-0.0005747480358977,5.42904378062291e-08
2.7200829774965327e+23,-4.9245914811931754e+19
-0.0005747480358977,5.42904378491674e-08
-0.0005747480358977,5.42904378062291e-08
-0.0005747480358977,5.42904378062291e-08
-0.0005747480358977,5.42904378062291e-08
-0.0005747480358977,5.42904378062291e-08
-0.0005747480358977,5.42904378062291e-08
-0.0005747480358977,5.429043780622913e-08
-0.0005747480292464793,5.429043660205463e-08
-0.0005747480358977,5.42904378062291e-08
-0.0005747480358977,5.42904378062291e-08
-0.0005747480358977,5.42904378062291e-08
-0.0005747480358977,5.42904378062291e-08
7.243564572064658e-05,3.8511424066997324
-0.0005747480358977,5.429043785957572e-08
-0.0005747480358977,5.42904378062291e-08
-0.0005747480358977,5.42904378062291e-08
-0.0005747480358977,5.42904378062291e-08
-0.0005747480358977,5.42904378062291e-08
-0.0005747480358977,5.42904378062291e-08
-0.0005747480358977,5.429043780622913e-08
-0.0005747480358977,5.42904378062291e-08
-0.0005747480358977,5.42904378062291e-08
-0.0005747480358977,5.42904378062291e-08
-0.0005747480358977,5.42904378062291e-08
-0.0005747480358977,5.42904378062291e-08
-151996490972517.88,27518301127.235683
-0.0005747480358977,5.4290437847649483e-08
-0.0005747480358977,5.42904378062291e-08
-0.0005747480358977,5.42904378062291e-08
-0.0005747480358977,5.42904378062291e-08
-0.0005747480358977,5.42904378062291e-08
-0.0005747480358977,5.42904378062291e-08
-0.0005747480358977,5.429043780622912e-08
-0.0005747480358977,5.42904378062291e-08
-0.0005747480358977,5.42904378062291e-08
-0.0005747480358977,5.42904378062291e-08
-0.0005747480358977,5.42904378062291e-08
-0.0005747480358977,5.42904378062291e-08
-107374182.24051003,19441.476935397426
-0.0005747480358977,5.42904378493842e-08
-0.0005747480358977,5.42904378062291e-08
-0.0005747480358977,5.42904378062291e-08
-0.0005747480358977,5.42904378062291e-08
-0.0005747480358977,5.42904378062291e-08
-0.0005747480358977,5.42904378062291e-08
-0.0005747480358977,5.429043780622912e-08
-0.0005747480358977,5.42904378062291e-08
-0.0005747480358977,5.42904378062291e-08
-0.0005747480358977,5.42904378062291e-08
-0.0005747480358977,5.42904378062291e-08
-0.0005747480358977,5.42904378062291e-08
-0.00022261429496280493,1.9449999556570976
-0.0005747480358977,5.429043784374636e-08
-0.0005747480358977,5.42904378062291e-08
-0.0005747480358977,5.42904378062291e-08
-0.0005747480358977,5.42904378062291e-08
-0.0005747480358977,5.42904378062291e-08
-0.0005747480358977,5.42904378062291e-08
-0.0005747480358977,5.429043780622912e-08
-0.0005747480358977,5.42904378062291e-08
-0.0005747480358977,5.42904378062291e-08
-0.0005747480358977,5.42904378062291e-08
-0.0005747480358977,5.42904378062291e-08
-0.0005747480358977,5.42904378062291e-08
1.902320527016046e+17,-34440682653231.754
-0.0005747480358977,5.4290437841577984e-08
-0.0005747480358977,5.42904378062291e-08
-0.0005747480358977,5.42904378062291e-08
-0.0005747480358977,5.42904378062291e-08
-0.0005747480358977,5.42904378062291e-08
-0.0005747480358977,5.42904378062291e-08
-0.0005747480358977,5.429043780622912e-08
-0.0005747480358977,5.42904378062291e-08
-0.0005747480358977,5.42904378062291e-08
-0.0005747480358977,5.42904378062291e-08
-0.0005747480358977,5.42904378062291e-08
-0.0005747480358977,5.42904378062291e-08
4.0564817635801884e+29,-7.344083140775411e+25
-0.0005747480358977,5.429043784157409e-08
-0.0005747480358977,5.42904378062291e-08
-0.0005747480358977,5.42904378062291e-08
-0.0005747480358977,5.42904378062291e-08
-0.0005747480358977,5.42904378062291e-08
-0.0005747480358977,5.42904378062291e-08
-0.0005747480358977,5.429043780622912e-08
-0.0005747480358977,5.42904378062291e-08
-0.0005747480358977,5.42904378062291e-08
-0.0005747480358977,5.42904378062291e-08
-0.0005747480358977,5.42904378062291e-08
-0.0005747480358977,5.42904378062291e-08
2.7200829774965327e+23,-4.9245914811931754e+19
-0.0005747480358977,5.429043783550642e-08
-0.0005747480358977,5.42904378062291e-08
-0.0005747480358977,5.42904378062291e-08
-0.0005747480358977,5.42904378062291e-08
-0.0005747480358977,5.42904378062291e-08
-0.0005747480358977,5.42904378062291e-08
-0.0005747480358977,5.429043780622913e-08
-0.0005747480358977,5.42904378062291e-08
-0.0005747480358977,5.42904378062291e-08
-0.0005747480358977,5.42904378062291e-08
-0.0005747480358977,5.42904378062291e-08
-0.0005747480358977,5.42904378062291e-08
0.05858497973639311,2.2631143235493503
-0.0005747480358977,5.4290437837457976e-08
-0.0005747480358977,5.42904378062291e-08
-0.0005747480358977,5.42904378062291e-08
-0.0005747480358977,5.42904378062291e-08
-0.0005747480358977,5.42904378062291e-08
-0.0005747480358977,5.42904378062291e-08
-0.0005747480358977,5.429043780622913e-08
-0.0005747480358977,5.42904378062291e-08
-0.0005747480358977,5.42904378062291e-08
-0.0005747480358977,5.42904378062291e-08
-0.0005747480358977,5.42904378062291e-08
-0.0005747480358977,5.42904378062291e-08
-0.0002074867135290774,2.3049998539140923
-0.0005747480358977,5.429043784656528e-08
-0.0005747480358977,5.42904378062291e-08
-0.0005747480358977,5.42904378062291e-08
-0.0005747480358977,5.42904378062291e-08
-0.0005747480358977,5.42904378062291e-08
-0.0005747480358977,5.42904378062291e-08
-0.0005747480358977,5.429043780622913e-08
-0.0005747480358977,5.42904378062291e-08
-0.0005747480358977,5.42904378062291e-08
-0.0005747480358977,5.42904378062291e-08
-0.0005747480358977,5.42904378062291e-08
-0.0005747480358977,5.42904378062291e-08
126443837415.74205,-22892102.407739434
-0.0005747480358977,5.429043784916735e-08
-0.0005747480358977,5.42904378062291e-08
-0.0005747480358977,5.42904378062291e-08
-0.0005747480358977,5.42904378062291e-08
-0.0005747480358977,5.42904378062291e-08
-0.0005747480358977,5.42904378062291e-08
-0.0005747480358977,5.429043780622913e-08
-0.0005747480358977,5.42904378062291e-08
-0.0005747480358977,5.42904378062291e-08
-0.0005747480358977,5.42904378062291e-08
-0.0005747480358977,5.42904378062291e-08
-0.0005747480358977,5.42904378062291e-08
1.902320527016046e+17,-34440682653231.395
-0.0005747480358977,5.429043784786633e-08
-0.0005747480358977,5.42904378062291e-08
-0.0005747480358977,5.42904378062291e-08
-0.0005747480358977,5.42904378062291e-08
-0.0005747480358977,5.42904378062291e-08
-0.0005747480358977,5.42904378062291e-08
-0.0005747480358977,5.429043780622913e-08
-0.0005747480358977,5.42904378062291e-08
-0.0005747480358977,5.42904378062291e-08
-0.0005747480358977,5.42904378062291e-08
-0.0005747480358977,5.42904378062291e-08
-0.0005747480358977,5.42904378062291e-08
-151996490972517.88,27518301128.059433
-0.0005747480358977,5.429043785350417e-08
-0.0005747480358977,5.42904378062291e-08
-0.0005747480358977,5.42904378062291e-08
-0.0005747480358977,5.42904378062291e-08
-0.0005747480358977,5.42904378062291e-08
-0.0005747480358977,5.42904378062291e-08
-0.0005747480358977,5.429043780622913e-08
-0.0005747480358977,5.42904378062291e-08
-0.0005747480358977,5.42904378062291e-08
-0.0005747480358977,5.42904378062291e-08
-0.0005747480358977,5.42904378062291e-08
-0.0005747480358977,5.42904378062291e-08
126443837415.74207,-22892102.282739438
-0.0005747480358977,5.429043785393785e-08
-0.0005747480358977,5.42904378062291e-08
-0.0005747480358977,5.42904378062291e-08
-0.0005747480358977,5.42904378062291e-08
-0.0005747480358977,5.42904378062291e-08
-0.0005747480358977,5.42904378062291e-08
-0.0005747480358977,5.429043780622913e-08
-0.0005747480358977,5.42904378062291e-08
-0.0005747480358977,5.42904378062291e-08
-0.0005747480358977,5.42904378062291e-08
-0.0005747480358977,5.42904378062291e-08
-0.0005747480358977,5.42904378062291e-08
-0.00012105906214066438,2.5059373510966036
-0.0005747480358977,5.429043785393785e-08
-0.0005747480358977,5.42904378062291e-08
-0.0005747480358977,5.42904378062291e-08
-0.0005747480358977,5.42904378062291e-08
-0.0005747480358977,5.42904378062291e-08
-0.0005747480358977,5.42904378062291e-08
-0.0005747480358977,5.429043780622913e-08
-0.0005747480358977,5.42904378062291e-08
-0.0005747480358977,5.42904378062291e-08
-0.0005747480358977,5.42904378062291e-08
-0.0005747480358977,5.42904378062291e-08
-0.0005747480358977,5.42904378062291e-08
-0.0001172832182641724,2.526562465191941
-0.0005747480358977,5.4290437857840984e-08
-0.0005747480358977,5.42904378062291e-08
-0.0005747480358977,5.42904378062291e-08
-0.0005747480358977,5.42904378062291e-08
-0.0005747480358977,5.42904378062291e-08
-0.0005747480358977,5.42904378062291e-08
-0.0005747480358977,5.429043780622913e-08
-0.0005747480358977,5.42904378062291e-08
-0.0005747480358977,5.42904378062291e-08
-0.0005747480358977,5.42904378062291e-08
-0.0005747480358977,5.42904378062291e-08
-0.0005747480358977,5.42904378062291e-08
4.0564817635801884e+29,-7.344083140775411e+25
-0.0005747480358977,5.429043787389104e-08
-0.0005747480358977,5.42904378062291e-08
-0.0005747480358977,5.42904378062291e-08
0.04652600120906609,260.15954168903545
-0.0005747480358977,5.42904378062291e-08
-0.0005747480358977,5.42904378062291e-08
-0.0005747480358977,5.429043780622913e-08
-0.0005747480358977,5.42904378062291e-08
-0.0005747480358977,5.42904378062291e-08
-0.0005747480358977,5.42904378062291e-08
-0.0005747480358977,5.42904378062291e-08
-0.0005747480358977,5.42904378062291e-08
-4.9326818728705414e+32,8.930405186731194e+28
-0.0005747480358977,5.429043789167195e-08
470803.45725311927,2600468437.381545
-0.0005747480358977,5.42904378062291e-08
0.013644563586493587,78.53993101809486
-0.0005747480358977,5.42904378062291e-08
-0.0005747480358977,5.42904378062291e-08
-0.0005747480358977,5.429043780622913e-08
-0.0005747451002534974,1.6269231014537326e-05
-0.0005747480358977,5.42904378062291e-08
-0.0005747480358977,5.42904378062291e-08
-0.0005747480358977,5.42904378062291e-08
-0.0005747480358977,5.42904378062291e-08
5.8486030539110085e+35,-1.058864049900377e+32
-0.0005747480358977,5.4290437919001593e-08
-0.0005747480358977,5.42904378062291e-08
-0.0005747480358977,5.42904378062291e-08
0.015545535809570089,89.03989269904085
-0.0005747480358977,5.42904378062291e-08
-0.0005747480358977,5.42904378062291e-08
-0.0005747480358977,5.4290437806229136e-08
-0.0005747478106322236,1.298537377100843e-06
-0.0005747480358977,5.42904378062291e-08
-0.0005747480358977,5.42904378062291e-08
-0.0005747480358977,5.42904378062291e-08
-0.0005747480358977,5.42904378062291e-08
-0.0001523243727200366,2.6096873489206422
-0.0005747480358977,5.4290437915090736e-08
-0.0005747480358977,5.42904378062291e-08
-0.0005747480358977,5.42904378062291e-08
0.02007168626278149,114.03994569508268
-0.0005747480358977,5.42904378062291e-08
-0.0005747480358977,5.42904378062291e-08
-0.0005747480358977,5.4290437806229136e-08
-0.0005747479050409131,7.770738803817096e-07
-0.0005747480358977,5.42904378062291e-08
-0.0005747480358977,5.42904378062291e-08
-0.0005747480358977,5.42904378062291e-08
-0.0005747480358977,5.42904378062291e-08
0.05865145742916298,2.630301817531602
-0.0005747480358977,5.429043793461408e-08
-0.0005747480358977,5.42904378062291e-08
-0.0005747480358977,5.42904378062291e-08
0.02279460305550773,129.07989295836222
-0.0005747480358977,5.42904378062291e-08
-0.0005747480358977,5.42904378062291e-08
-0.0005747480358977,5.429043780622914e-08
-0.0005747479184438803,6.988432400058058e-07
-0.0005747480358977,5.42904378062291e-08
-0.0005747480358977,5.42904378062291e-08
-0.0005747480358977,5.42904378062291e-08
-0.0005747480358977,5.42904378062291e-08
-71.68009393784472,2.663914680558827
-0.0005747480358977,5.429043795196135e-08
-0.0005747480358977,5.42904378062291e-08
-0.0005747480358977,5.42904378062291e-08
0.03999396013626443,224.08001347174047
-0.0005747480358977,5.42904378062291e-08
-0.0005747480358977,5.42904378062291e-08
-0.0005747480358977,5.429043780622914e-08
-0.0005747479211417423,6.876704389603663e-07
-0.0005747480358977,5.42904378062291e-08
-0.0005747480358977,5.42904378062291e-08
-0.0005747480358977,5.42904378062291e-08
-0.0005747480358977,5.42904378062291e-08
-9.101673957226522e-05,2.6718750105017186
-0.0005747480358976999,5.42904379987989e-08
-0.0005747480358977,5.42904378062291e-08
-0.0005747480358977,5.42904378062291e-08
0.29574018907485694,320.16001635205697
-0.0005747480358977,5.42904378062291e-08
-0.0005747480358977,5.42904378062291e-08
-0.0005747480358977,5.429043780622914e-08
-0.0005747479454884195,5.534793296130075e-07
-0.0005747480358977,5.42904378062291e-08
-0.0005747480358977,5.42904378062291e-08
-0.0005747480358977,5.42904378062291e-08
-0.0005747480358977,5.42904378062291e-08
-8.728269587080564e-05,2.692499886186041
-0.0005747480358977,5.429043792333844e-08
-0.0005747480358977,5.42904378062291e-08
-0.0005747480358977,5.42904378062291e-08
0.095799629534961,532.3209141817729
-0.0005747480358977,5.42904378062291e-08
-0.0005747480358977,5.42904378062291e-08
-0.0005747480358977,5.429043780622915e-08
-0.0005747480358821547,5.42904378034147e-08
-0.0005747480358977,5.42904378062291e-08
1.5702097950075113,-0.0002843293935695449
-0.0005747480358977,5.42904378062291e-08
-0.0005747480358977,5.42904378062291e-08
-71.68008262249275,2.7264146795345297
-0.0005747480358977,5.4290437815012106e-08
-0.0005747480358977,5.42904378062291e-08
-0.0005747480358977,5.42904378062291e-08
0.009793752621582011,57.27009494089987
-0.0005747480358977,5.42904378062291e-08
-0.0005747480358977,5.42904378062291e-08
-0.0005747480358977,5.429043780622914e-08
-0.0005747479508982642,5.237175086529199e-07
-0.0005747480358977,5.42904378062291e-08
-0.0005747480358977,5.42904378062291e-08
-0.0005747480358977,5.42904378062291e-08
-0.0005747480358977,5.42904378062291e-08
-7.98145653032442e-05,2.733749875973262
-0.0005747480358977,5.429043780846551e-08
-0.0005747480358977,5.42904378062291e-08
-0.0005747480358977,5.42904378062291e-08
-0.0005747480358977,5.42904378062291e-08
-0.0005747480358977,5.42904378062291e-08
-0.0005747480358977,5.42904378062291e-08
-0.0005747480358977,5.429043780622915e-08
-0.0005747479421255007,5.72186782674944e-07
-0.0005747480358977,5.42904378062291e-08
-0.0005747480358977,5.42904378062291e-08
-0.0005747480358977,5.42904378062291e-08
-0.0005747480358977,5.42904378062291e-08
2.7200829774965327e+23,-4.9245914811931754e+19
-0.0005747480358977,5.4290437807008426e-08
-0.0005747480358977,5.42904378062291e-08
-0.0005747480358977,5.42904378062291e-08
-0.0005747480358977,5.42904378062291e-08
-0.0005747480358977,5.42904378062291e-08
-0.0005747480358977,5.42904378062291e-08
-0.0005747480358977,5.4290437806229155e-08
-0.0005747480358976996,5.4290437806229016e-08
-0.0005747480358977,5.42904378062291e-08
-0.0005747480358977,5.42904378062291e-08
-0.0005747480358977,5.42904378062291e-08
-0.0005747480358977,5.42904378062291e-08
-7.458119772821921e-05,2.7626562208669543
-0.0005747480358977,5.4290437806481545e-08
-0.0005747480358976996,5.4290437806733994e-08
-0.0005747480358977,5.42904378062291e-08
-0.0005747480358977,5.42904378062291e-08
-0.0005747480358977,5.42904378062291e-08
-0.0005747480358977,5.42904378062291e-08
-0.0005747480358977,5.429043780622916e-08
-0.000574748035869387,5.429043780162163e-08
-0.0005747480358977,5.42904378062291e-08
-0.0005747480358977,5.42904378062291e-08
-0.0005747480358977,5.42904378062291e-08
-0.0005747480358977,5.42904378062291e-08
89128.95940410094,-13.363284064487353
-0.0005747480358977,5.429043780628798e-08
-0.0005747480358977,5.42904378062291e-08
-0.0005747480358977,5.42904378062291e-08
-0.0005747480358977,5.42904378062291e-08
-0.0005747480358977,5.42904378062291e-08
-0.0005747480358977,5.42904378062291e-08
-0.0005747480358977,5.429043780622917e-08
-0.0005747478921900492,8.47857748647666e-07
-0.0005747480358977,5.42904378062291e-08
-0.0005747480358977,5.42904378062291e-08
-0.0005747480358977,5.42904378062291e-08
-0.0005747480358977,5.42904378062291e-08
-7.081883804877138e-05,2.7834374991366047
-0.0005747480358977,5.429043780625123e-08
-0.0005747480358977,5.42904378062291e-08
-0.0005747480358977,5.42904378062291e-08
6.769940638184154,37396.73376216817
-0.0005747480358977,5.42904378062291e-08
-0.0005747480358977,5.42904378062291e-08
-0.0005747480358977,5.429043780622918e-08
-0.0005747479124098172,7.360996668005401e-07
-0.0005747480358977,5.42904378062291e-08
-0.0005747480358977,5.42904378062291e-08
-0.0005747480358977,5.42904378062291e-08
-0.0005747480358977,5.42904378062291e-08
-107374182.24033917,19442.42068528659
-0.0005747480358977,5.429043780622966e-08
-0.0005747480358977,5.42904378062291e-08
-0.0005747480358977,5.42904378062291e-08
14.93087657241789,82473.41271091727
-0.0005747480358977,5.42904378062291e-08
-0.0005747480358977,5.42904378062291e-08
-0.0005747480358977,5.42904378062291e-08
-0.0005747479198154803,6.951873557101796e-07
-0.0005747480358977,5.42904378062291e-08
-0.0005747480358977,5.42904378062291e-08
-0.0005747480358977,5.4290437806229096e-08
-0.0005747480358977,5.42904378062291e-08
-3.2186439313332416e+26,5.827214322640273e+22
-0.0005747480358977,5.4290437806229215e-08
-0.0005747480358977,5.42904378062291e-08
-0.0005747480358977,5.42904378062291e-08
-0.0005747480358977,5.42904378062291e-08
-0.0005747480358977,5.42904378062291e-08
-0.0005747480358977,5.42904378062291e-08
-0.0005747480358977,5.429043780622911e-08
-0.0005747479353410595,6.093586831685944e-07
-0.0005747480358977,5.42904378062291e-08
-0.0005747480358977,5.42904378062291e-08
-0.0005747480358977,5.42904378062291e-08
-0.0005747480358977,5.42904378062291e-08
-6.518951183407176e-05,2.8145310960391345
-0.0005747480358977,5.42904378062291e-08
-0.0005747480358977,5.42904378062291e-08
-0.0005747480358977,5.42904378062291e-08
-0.0005747480358977,5.42904378062291e-08
-0.0005747480358977,5.42904378062291e-08
-0.0005747480358977,5.42904378062291e-08
-0.0005747480358977,5.429043780622911e-08
-0.00057474784293021,1.1197234456915417e-06
-0.0005747480358977,5.42904378062291e-08
-0.0005747480358977,5.42904378062291e-08
-0.0005747480358977,5.42904378062291e-08
-0.0005747480358977,5.42904378062291e-08
4.0564817635801884e+29,-7.344083140775411e+25
-0.0005747480358977,5.429043780622954e-08
-0.0005747480358977,5.42904378062291e-08
-0.0005747480358977,5.42904378062291e-08
-0.0005747480358977,5.42904378062291e-08
-0.0005747480358977,5.42904378062291e-08
-0.0005747480358977,5.42904378062291e-08
-0.0005747480358977,5.429043780622911e-08
-0.000574747641890504,2.2304415583009085e-06
-0.0005747480358977,5.42904378062291e-08
-0.0005747480358977,5.42904378062291e-08
-0.0005747480358977,5.42904378062291e-08
-0.0005747480358977,5.42904378062291e-08
-6.14271183668973e-05,2.8353123743087782
-0.0005747480358977,5.4290437806229413e-08
-0.0005747480358977,5.42904378062291e-08
-0.0005747480358977,5.42904378062291e-08
-0.0005747480358977,5.42904378062291e-08
-0.0005747480358977,5.42904378062291e-08
-0.0005747480358977,5.42904378062291e-08
-0.0005747480358977,5.42904378062291e-08
-0.00057474774042973,1.686258827463544e-06
-0.0005747480358977,5.42904378062291e-08
1.1033818906227098e+18,-199762474307471.5
-0.0005747480358977,5.42904378062291e-08
-0.0005747480358977,5.42904378062291e-08
126443837415.74214,-22892101.907739446
-0.0005747480358977,5.429043780622943e-08
-0.0005747480358977,5.42904378062291e-08
-0.0005747480358977,5.42904378062291e-08
-0.0005747480358977,5.42904378062291e-08
-0.0005747480358977,5.42904378062291e-08
-0.0005747480358977,5.42904378062291e-08
-0.0005747480358977,5.42904378062291e-08
-0.0005747476972718299,1.9246772889721026e-06
-0.0005747480358977,5.42904378062291e-08
-0.0005747480358977,5.42904378062291e-08
-0.0005747480358977,5.42904378062291e-08
-0.0005747480358977,5.42904378062291e-08
-5.769303150079551e-05,2.8559374884116764
-0.0005747480358977,5.4290437806229235e-08
-0.0005747480358977,5.42904378062291e-08
-0.0005747480358977,5.42904378062291e-08
-0.0005747480358977,5.42904378062291e-08
-0.0005747480358977,5.42904378062291e-08
-0.0005747480358977,5.42904378062291e-08
-0.0005747480358977,5.42904378062291e-08
-0.0005747476850790872,1.9920238926057823e-06
-0.0005747480358977,5.42904378062291e-08
-0.0005747480358977,5.42904378062291e-08
-0.0005747480358977,5.42904378062291e-08
-0.0005747480358977,5.42904378062291e-08
-5.575599197716534e-05,2.8664062096223235
-0.0005747480358977,5.429043780622972e-08
-0.0005747480358977,5.42904378062291e-08
-0.0005747480358977,5.42904378062291e-08
-0.0005747480358977,5.42904378062291e-08
-0.0005747480358977,5.42904378062291e-08
-0.0005747480358977,5.42904378062291e-08
-0.0005747480358977,5.42904378062291e-08
-0.0005747478024402478,1.3435328077359529e-06
-0.0005747480358977,5.42904378062291e-08
-0.0005747480358977,5.42904378062291e-08
-0.0005747480358977,5.42904378062291e-08
-0.0005747480358977,5.42904378062291e-08
-4.9326818728705414e+32,8.930405186731194e+28
-0.0005747480358977,5.429043780623061e-08
-0.0005747480358977,5.42904378062291e-08
-0.0005747480358977,5.42904378062291e-08
-0.0005747480358977,5.42904378062291e-08
-0.0005747480358977,5.42904378062291e-08
-0.0005747480358977,5.42904378062291e-08
-0.0005747480358977,5.42904378062291e-08
-0.0005747478038347776,1.3360821135825573e-06
-0.0005747480358977,5.42904378062291e-08
-0.0005747480358977,5.42904378062291e-08
-0.0005747480358977,5.42904378062291e-08
-0.0005747480358977,5.42904378062291e-08
-5.203535552038112e-05,2.8871874878995274
-0.0005747480358977,5.429043780630874e-08
-0.0005747480358977,5.42904378062291e-08
-0.0005747480358977,5.42904378062291e-08
-0.0005747480358977,5.42904378062291e-08
-0.0005747480358977,5.42904378062291e-08
-0.0005747480358977,5.42904378062291e-08
-0.0005747480358977,5.42904378062291e-08
-0.0005747478726549585,9.55956705999873e-07
-0.0005747480358977,5.42904378062291e-08
-0.0005747480358977,5.42904378062291e-08
-0.0005747480358977,5.42904378062291e-08
-0.0005747480358977,5.42904378062291e-08
5.8486030539110085e+35,-1.058864049900377e+32
-0.0005747480358977,5.429043780622978e-08
-0.0005747480358977,5.42904378062291e-08
-0.0005747480358977,5.42904378062291e-08
-0.0005747480358977,5.42904378062291e-08
-0.0005747480358977,5.42904378062291e-08
-0.0005747480358977,5.42904378062291e-08
-0.0005747480358977,5.42904378062291e-08
-0.0005747480358977,5.42904378062291e-08
-0.0005747480358977,5.42904378062291e-08
-0.0005747480358977,5.42904378062291e-08
-0.0005747480358977,5.42904378062291e-08
-0.0005747480358977,5.42904378062291e-08
-4.830131181892143e-05,2.9078123635838504
-0.0005747480358977,5.429043780623049e-08
-0.0005747480358977,5.42904378062291e-08
-0.0005747480358977,5.42904378062291e-08
-0.0005747480358977,5.42904378062291e-08
-0.0005747480358977,5.42904378062291e-08
-0.0005747480358977,5.42904378062291e-08
-0.0005747480358977,5.42904378062291e-08
-0.0005747479427974403,5.685268623698422e-07
-0.0005747480358977,5.42904378062291e-08
-0.0005747480358977,5.42904378062291e-08
-0.0005747480358977,5.42904378062291e-08
-0.0005747480358977,5.42904378062291e-08
1.902320527016046e+17,-34440682653230.863
-0.0005747480358977,5.429043780622978e-08
-0.0005747480358977,5.42904378062291e-08
-0.0005747480358977,5.42904378062291e-08
-0.0005747480358977,5.42904378062291e-08
-0.0005747480358977,5.42904378062291e-08
-0.0005747480358977,5.42904378062291e-08
-0.0005747480358977,5.42904378062291e-08
-0.000574747984289229,3.3934824160347636e-07
-0.0005747480358977,5.42904378062291e-08
-0.0005747480358977,5.42904378062291e-08
-0.0005747480358977,5.42904378062291e-08
-0.0005747480358977,5.42904378062291e-08
5.8486030539110085e+35,-1.058864049900377e+32
-0.0005747480358977,5.4290437806230214e-08
-0.0005747480358977,5.42904378062291e-08
-0.0005747480358977,5.42904378062291e-08
-0.0005747480358977,5.42904378062291e-08
-0.0005747480358977,5.42904378062291e-08
-0.0005747480358977,5.42904378062291e-08
-0.0005747480358977,5.42904378062291e-08
-0.0005747480075642786,2.1078922072770003e-07
-0.0005747480358977,5.42904378062291e-08
-0.0005747480358977,5.42904378062291e-08
-0.0005747480358977,5.42904378062291e-08
-0.0005747480358977,5.42904378062291e-08
0.05870732697946957,2.938895562474133
-0.0005747480358977,5.4290437806230995e-08
-0.0005747480358977,5.42904378062291e-08
-0.0005747480358977,5.42904378062291e-08
-0.0005747480358977,5.42904378062291e-08
-0.0005747480358977,5.42904378062291e-08
-0.0005747480358977,5.42904378062291e-08
-0.0005747480358977,5.42904378062291e-08
-0.0005747480204999058,1.3812775747792703e-07
-0.0005747480358977,5.42904378062291e-08
-0.0005747480358977,5.42904378062291e-08
-0.0005747480358977,5.42904378062291e-08
-0.0005747480358977,5.42904378062291e-08
-4.080486524608699e-05,2.9492187559563985
-0.0005747480358977,5.4290437806230684e-08
-0.0005747480358977,5.42904378062291e-08
-0.0005747480358977,5.42904378062291e-08
-0.0005709449833989954,0.021006097946561973
-0.0005747480358977,5.42904378062291e-08
-0.0005747480358977,5.42904378062291e-08
-0.0005747480358977,5.42904378062291e-08
-0.0005747480251810182,1.1250725662945353e-07
-0.0005747480358977,5.42904378062291e-08
248895.38597116503,-45.061423087307396
-0.0005747480358977,5.42904378062291e-08
-0.0005747480358977,5.42904378062291e-08
-3.8909548972405244e-05,2.9596874771745996
-0.0005747480358977,5.429043780623098e-08
-0.0005747480358977,5.42904378062291e-08
-0.0005747480358977,5.42904378062291e-08
-0.0005741345277332892,0.0033887477910908566
-0.0005747480358977,5.42904378062291e-08
-0.0005747480358977,5.42904378062291e-08
-0.0005747480358977,5.42904378062291e-08
-0.0005747480317824273,7.653034511889483e-08
36369.6377075441,31743.716737418825
48911.88534239677,-8.855283358363131
-0.0005747480358977,5.42904378062291e-08
-0.0005747480358977,5.42904378062291e-08
-2.3021535382270155e+20,4.167948476772503e+16
-0.0005747480358977,5.429043780623143e-08
7.695165850803239,42507.18680341418
-0.0005747480358977,5.42904378062291e-08
0.0007992109352406741,0.0005990246072967713
-0.0005747480358977,5.42904378062291e-08
-0.0005747480358977,5.42904378062291e-08
-0.0005747480358977,5.42904378062291e-08
-0.0005747480310766361,8.0139225355965e-08
-0.0005747480358977,5.42904378062291e-08
2224.992796990205,-0.40282528209904334
-0.0005747480358977,5.42904378062291e-08
-0.0005747480358977,5.42904378062291e-08
-3.517550527096897e-05,2.980312352858922
-0.0005747480358977,5.429043780622974e-08
0.11749860704389106,652.1745499128328
-0.0005747480358977,5.42904378062291e-08
-0.0003457754693613668,0.000114969482958649
-0.0005747480358977,5.42904378062291e-08
-0.0005747480358977,5.42904378062291e-08
-0.0005747480358977,5.42904378062291e-08
-0.0005747480357377945,5.4290437812849274e-08
-0.0005747480358977,5.42904378062291e-08
277.9994206958887,-0.05033063123132907
-0.0005747480358977,5.42904378062291e-08
-0.0005747480358977,5.42904378062291e-08
-71.68003241061842,3.0037584249892095
-0.0005747480358977,5.42904378062336e-08
-0.0005747480358976758,5.429043782975665e-08
0.03166176701311245,178.05740070060344
-0.0005270423926513047,2.461249736376369e-05
-0.0005747480358977,5.42904378062291e-08
-0.0005747480358977,5.42904378062291e-08
-0.0005747480358977,5.429043780622911e-08
-0.0005747480358976709,5.429043783224896e-08
191.0815142889914,197.01480140586028
-0.0005747480358977,5.42904378062291e-08
-0.0005747480358977,5.42904378062291e-08
-0.0005747480358977,5.42904378062291e-08
-71.68003064259467,3.013524049829163
-0.0005747480358977,5.429043780626998e-08
0.0015530329721961337,11.752733092268528
0.0018700196010797568,13.503598999853303
-0.0005630601317485105,5.687244042002139e-06
-0.0005747480358977,5.42904378062291e-08
-0.0005747480358977,5.42904378062291e-08
-0.0005747480358977,5.42904378062291e-08
-0.0005747480337790455,6.59924733992597e-08
-0.0005747480358977,5.42904378062291e-08
6.470002862746747,-0.0011714155376549701
-0.0005747480358977,5.42904378062291e-08
-0.0005747480358977,5.42904378062291e-08
-3.0578643536882276e-05,3.0057029774428012
-0.0005747480358977,5.4290437806601857e-08
-0.00023522553581129863,1.8753421542169155
-0.00023096257416683054,1.89888849191238
-0.0005747478024288396,1.3438485160874146e-06
-0.0005747480358977,5.42904378062291e-08
-0.0005747480358977,5.42904378062291e-08
-0.0005747480358977,5.429043780622911e-08
-0.0005747480346362494,6.107278037647563e-08
-0.0004304423026634806,0.797068339090483
0.9684026874082258,-0.00017537484402368556
-0.0005747480358977,5.42904378062291e-08
-0.0005747480358977,5.42904378062291e-08
-2.9645121820333462e-05,3.010859255968526
-0.0005747480358977,5.429043780654934e-08
-0.0005096692498296489,0.35946073007618745
-0.0005114527858668134,0.3496094235607735
-0.0005747479741583038,3.9530609592477197e-07
-0.0005747480358977,5.42904378062291e-08
-0.0005747480358977,5.42904378062291e-08
-0.0005747480358977,5.429043780622911e-08
-0.0005747480351899511,5.819150165837291e-08
0.11714611153003907,0.12304975089027732
0.16940349527116588,-3.071952844578381e-05
-0.0005747480358977,5.42904378062291e-08
-0.0005747480358977,5.42904378062291e-08
-2.869744210117148e-05,3.0160937357869138
-0.0005747480358977,5.4290437806534094e-08
-0.0005642724952152139,0.05786138146716236
-0.000563250940559848,0.0635039072264149
-0.0005747480194511732,1.4513232321911457e-07
-0.0005747480358977,5.42904378062291e-08
-0.0005747480358977,5.42904378062291e-08
-0.0005747480358977,5.429043780622911e-08
-0.0005747480354319311,5.664842179080267e-08
0.022506878773209827,0.025636682066110535
0.029827733021782033,-5.449946030802654e-06
-0.0005747480358977,5.42904378062291e-08
-0.0005747480358977,5.42904378062291e-08
-2.7749805546675027e-05,3.021327977186727
-0.0005747480358977,5.42904378062291e-08
-0.0005711226163555216,0.020024947767639252
0.021775356437087133,0.025759551646510847
-0.0005747480312591549,7.991129926285351e-08
-0.0005747480358977,5.42904378062291e-08
-0.0005747480358977,5.42904378062291e-08
-0.0005747480358977,5.429043780622911e-08
-0.0005747480356196879,5.5607673320347764e-08
0.02653546794854247,0.027100796481634763
-0.0005747480358977,5.42904378062291e-08
-0.0005747480358977,5.42904378062291e-08
-0.0005747480358977,5.42904378062291e-08
-151996490972517.88,27518301128.65709
-0.0005747480358977,5.429043780725256e-08
0.0018525010718993323,0.002579021492164815
0.002142604848844447,0.0025638643147185454
-0.0005747480345589128,6.16851873864998e-08
-0.0005747480358977,5.42904378062291e-08
-0.0005747480358977,5.42904378062291e-08
-0.0005747480358977,5.429043780622911e-08
-0.0005747480357099777,5.51236785400708e-08
0.0004860944831062336,-1.3777046898208007e-07
0.0008752620500312437,-2.0822755800071915e-07
-0.0005747480358977,5.42904378062291e-08
2.645119229862024e+24,-4.788872888762961e+20
2.7200829774965327e+23,-4.9245914811931754e+19
-0.0005747480358977,5.42904378062291e-08
-0.000574645131390732,0.0005684441737007254
-2.129675140964476e-05,0.0006448427135095734
-0.0005747480358170166,5.4736090202794144e-08
-0.0005747480358977,5.42904378062291e-08
-0.0005747480358977,5.42904378062291e-08
-0.0005747480358977,5.429043780622911e-08
-0.0005747480357395123,5.5069109028950686e-08
-0.0005747480358977,5.42904378062291e-08
-0.00022170452316874777,0.00043497954842304184
-0.0005747480358977,5.42904378062291e-08
-0.0005747480358977,5.42904378062291e-08
-4.9326818728705414e+32,8.930405186731194e+28
-0.0005747480358977,5.4290437808221814e-08
-0.00043544717804806316,0.00013644639507137972
-0.00042398999044018716,0.000151711957674758
-0.0005747480358351024,5.463619383547664e-08
-0.0005747480358977,5.42904378062291e-08
-0.0005747480358977,5.42904378062291e-08
-0.0005747480358977,5.429043780622911e-08
-0.0005747480357812437,5.4847192436658735e-08
-0.0004912792847017183,3.9178784798353613e-08
-0.0004664557704666581,0.00013265176176557959
-0.0005747480358977,5.42904378062291e-08
-0.0005747480358977,5.42904378062291e-08
-151996490972517.88,27518301128.672714
-0.0005747480358977,5.4290437806230545e-08
-0.0005377832286986006,4.759812083859847e-08
-0.00045360665416761754,3.235831950603672e-08
-0.0005747480357955571,5.485462127469653e-08
-0.0005747480358977,5.42904378062291e-08
-0.0005747480358977,5.42904378062291e-08
-0.0005747480358977,5.429043780622911e-08
-0.0005747480357938239,5.475624307829079e-08
-0.0004888950698459466,3.874713310738667e-08
-0.0005747480358977,5.42904378062291e-08
-0.0005747480358977,5.42904378062291e-08
2160.4417726574916,-0.3911386009514062
2.7200829774965327e+23,-4.9245914811931754e+19
-0.0005747480358977,5.42904378062291e-08
-0.0005635398799430785,5.226125010163879e-08
-0.0005747480358977,5.42904378062291e-08
-0.0005747480357250287,5.524418254044152e-08
-0.0005747480358977,5.42904378062291e-08
-0.0005747480358977,5.42904378062291e-08
-0.0005747480358977,5.429043780622911e-08
-0.0005747480358034642,5.473980026043832e-08
-0.0005700071535754539,5.1213294959709525e-06
-0.0005681883888621281,8.40130482452942e-06
-0.0005747480358977,5.42904378062291e-08
33.58006881590373,185481.65321023983
-2.2134560409504652e-05,3.052343611215162
-0.0005747480358977,5.42904378062291e-08
-0.0005716325672413,2.840900467283259e-06
-0.0005747480358977,5.42904378062291e-08
-0.0005747480355946179,5.596450266550743e-08
-0.0005747480358977,5.42904378062291e-08
-0.0005747480358977,5.42904378062291e-08
-0.0005747480358977,5.429043780622911e-08
-0.000574748035810026,5.469250664738133e-08
-0.0005747477647697912,1.5518571132446567e-06
-0.0005728775335407087,5.3951791520472466e-08
-0.0005747480358977,5.42904378062291e-08
2333123578420.4346,1.2886936417555562e+16
-2.1186880663057856e-05,3.0575780910335504
-0.0005747480358977,5.4290437807611705e-08
-0.0005738985141999792,5.4136635611579344e-08
-0.0005747480358977,5.42904378062291e-08
-0.0005747480353415928,5.7362078919532045e-08
-0.0005747480358977,5.42904378062291e-08
-0.0005747480358977,5.42904378062291e-08
-0.0005747480358977,5.429043780622911e-08
-0.0005747480358146051,5.4597919253186957e-08
-0.0005747479434652912,5.648380087633258e-07
-0.0005740324209902865,9.074744015779726e-07
-0.0005747480358977,5.42904378062291e-08
35840470.88187704,197963739987.61963
-2.0253358973817276e-05,3.062734369559275
-0.0005747480358977,5.429043780682892e-08
-0.0005746053684539622,8.069373112198894e-07
-0.0005747480358977,5.42904378062291e-08
-0.000574748034880329,5.990985509000216e-08
-0.0005747480358977,5.42904378062291e-08
-0.0005747480358977,5.42904378062291e-08
-0.0005747480358977,5.429043780622911e-08
-0.0005747480358281878,5.455601025091431e-08
-0.0005747480358977,5.42904378062291e-08
-0.0005747477444561553,1.6640588579662677e-06
-0.0005747480358977,5.42904378062291e-08
-0.0005747480358977,5.42904378062291e-08
-1.930572241929751e-05,3.067968610959088
-0.0005747480358977,5.429043781297924e-08
-0.0005747044511924575,1.5372764376652343e-06
-0.0005732724509130353,5.402328958665735e-08
-0.000574748034021031,6.465616102709612e-08
-0.0005747480358977,5.42904378062291e-08
-0.0005747480358977,5.42904378062291e-08
-0.0005747480358977,5.4290437806229116e-08
-0.0005747480358143994,5.4659764838372696e-08
-0.0005747480358977,5.42904378062291e-08
-0.0005747474449201286,3.318536900064351e-06
-0.0005747480358977,5.42904378062291e-08
-0.0005747480358977,5.42904378062291e-08
-1.8358042672850716e-05,3.073203090777476
-0.0005747480358977,5.429043781183985e-08
-0.0005746874226549376,2.9457612108384956e-06
-0.0005747480358977,5.42904378062291e-08
-0.0005747480358977,5.42904378062291e-08
-0.0005747480358977,5.42904378062291e-08
-0.0005747480358977,5.42904378062291e-08
-0.0005747480358977,5.4290437806229116e-08
-0.0005747480358110205,5.471615351019502e-08
-0.0005710823503040895,5.3626781432641514e-08
-0.0005747480358977,5.42904378062291e-08
-0.0005747480358977,5.42904378062291e-08
-0.0005747480358977,5.42904378062291e-08
1.902320527016046e+17,-34440682653230.703
-0.0005747480358977,5.4290437810160315e-08
-0.0005746371165353507,5.598824361868635e-06
-0.0005747480358977,5.42904378062291e-08
-0.0005747480289811594,9.249373725910048e-08
-0.0005747480358977,5.42904378062291e-08
-0.0005747480358977,5.42904378062291e-08
-0.0005747480358977,5.4290437806229116e-08
-0.0005747480358120121,5.471251567028572e-08
-0.0005745458954597384,5.42538411624125e-08
-0.0005747480358977,5.42904378062291e-08
-0.0005747480358977,5.42904378062291e-08
-0.0005747480358977,5.42904378062291e-08
0.05873349373087899,3.083426810105445
-0.0005747480358977,5.429043780826247e-08
-0.0005747457800648325,1.2514313987703597e-05
-0.0005747480358977,5.42904378062291e-08
-0.0005747480358977,5.42904378062291e-08
-0.0005747480358977,5.42904378062291e-08
-0.0005747480358977,5.42904378062291e-08
-0.0005747480358977,5.4290437806229116e-08
-0.0005747480358078753,5.4672498040780786e-08
-0.0005747019247053696,5.428208957616346e-08
-0.0005747480358977,5.42904378062291e-08
-0.0005747480358977,5.42904378062291e-08
-0.0005747399569745625,4.467797422288876e-05
-107374182.24028577,19442.71560715676
-0.0005747480358977,5.429043780835734e-08
-0.0005747480358977,5.42904378062291e-08
-0.0005747480358977,5.42904378062291e-08
-0.0005747480358977,5.42904378062291e-08
-0.0005747480358977,5.42904378062291e-08
-0.0005747480358977,5.42904378062291e-08
-0.0005747480358977,5.429043780622912e-08
-0.000574748035511023,5.46597650332479e-08
-0.0005744685544332016,5.423983890720262e-08
-0.0005747480358977,5.42904378062291e-08
-0.0005747480358977,5.42904378062291e-08
-0.0005747480358977,5.42904378062291e-08
1.902320527016046e+17,-34440682653230.688
-0.0005747480358977,5.429043780705932e-08
-0.0005747480129589687,1.8099181578407873e-07
-0.0005747480358977,5.42904378062291e-08
-0.0005747480358977,5.42904378062291e-08
-0.0005747480358977,5.42904378062291e-08
-0.0005747480358977,5.42904378062291e-08
-0.0005747480358977,5.429043780622912e-08
-0.0005747480355693548,5.488721116503176e-08
-0.0005745114381450798,5.424760281602247e-08
-0.0005747480358977,5.42904378062291e-08
-0.0005747480358977,5.42904378062291e-08
-0.0005747480358977,5.42904378062291e-08
0.058736322568869195,3.099051809849371
-0.0005747480358977,5.429043780725256e-08
-0.0005747480270858477,1.0296243321972466e-07
-0.0005747480358977,5.42904378062291e-08
-0.0005747480358977,5.42904378062291e-08
-0.0005747480358977,5.42904378062291e-08
-0.0005747480358977,5.42904378062291e-08
-0.0005747480358977,5.429043780622913e-08
-0.0005747480356232047,5.505092044582778e-08
-0.0005747089019302302,9.876472852903062e-08
-0.0005747480358977,5.42904378062291e-08
-0.0005747480358977,5.42904378062291e-08
-0.0005747480358977,5.42904378062291e-08
-1.2742797562988466e-05,3.104218724805911
-0.0005747480358977,5.4290437807266116e-08
-0.0005725568499855697,5.270056088211901e-07
-0.0005747480358977,5.42904378062291e-08
-0.0005747480358977,5.42904378062291e-08
-0.0005747480358977,5.42904378062291e-08
-0.0005747480358879851,5.4290437804470285e-08
-0.0005747480358977,5.429043780622913e-08
-0.0005747480355304752,5.520007784013052e-08
-0.0005747480350069773,5.921031734041592e-08
-0.0005747480358977,5.42904378062291e-08
-0.0005747480358977,5.42904378062291e-08
-0.0005747480358977,5.42904378062291e-08
-1.180927584646307e-05,3.109375003331636
-0.0005747480358977,5.42904378071848e-08
-0.0005731004626255732,3.809735805092441e-06
-0.0005747480358977,5.42904378062291e-08
-0.0005747480358977,5.42904378062291e-08
-0.0005747480358977,5.42904378062291e-08
-0.0005747480358977,5.4290437806229215e-08
-0.0005747480358977,5.4290437806229136e-08
-0.0005747480354828768,5.5389398560378835e-08
-0.0005747218372744144,5.428569465985753e-08
-0.0005747480358977,5.42904378062291e-08
-0.0005747480358977,5.42904378062291e-08
30.774475387462036,169985.04408921007
-1.0861639291943198e-05,3.1146092447314486
-0.0005747480358977,5.429043780724579e-08
-0.0005730042143148408,4.414853005067101e-07
-0.0005747480358977,5.42904378062291e-08
-0.0005747480358977,5.42904378062291e-08
-0.0005747480358977,5.42904378062291e-08
747946530633091.2,-135412454091.15123
-0.0005747480358977,5.429043780622914e-08
-0.0005747480353568919,5.568771291566265e-08
-0.0005747480358977,5.42904378062291e-08
-0.0005747480358977,5.42904378062291e-08
-0.0005747480358977,5.42904378062291e-08
-0.0005747480358977,5.42904378062291e-08
4.0564817635801884e+29,-7.344083140775411e+25
-0.0005747480358977,5.429043780789631e-08
0.0032260664948502247,0.0040289899340437895
-0.000573841635149723,0.005006530979474312
-0.0005747480358977,5.42904378062291e-08
-0.0005747480358977,5.42904378062291e-08
-0.0005747480358977,5.42904378062291e-08
-0.0005747480358977,5.429043780622915e-08
-0.0005747480351825196,5.686670980352418e-08
-0.0005747362741952152,6.089620629414227e-08
-0.0005747480358977,5.42904378062291e-08
-0.0005747480358977,5.42904378062291e-08
-0.0005747480358977,5.42904378062291e-08
-8.980437856255822e-06,3.1250000030755616
-0.0005747480358977,5.42904378062291e-08
-0.0005726701409437242,0.011477243240872587
-0.0005723398988075285,0.013186837600388197
-0.0005747480358977,5.42904378062291e-08
-0.0005747480358977,5.42904378062291e-08
-0.0005747480358977,5.42904378062291e-08
-0.0005747480358977,5.429043780622916e-08
-0.0005747480346875997,5.982133297510236e-08
-0.0005747232326586984,6.360181196500556e-08
-0.0005747480358977,5.42904378062291e-08
-0.0005747480358977,5.42904378062291e-08
-0.0005747480358977,5.42904378062291e-08
-2.3021535382270155e+20,4.167948476772503e+16
-0.0005747480358977,5.429043781414575e-08
-0.000574747956635918,4.920904561968227e-07
-0.0005682040292947234,0.03614567374610201
-0.0005747480358977,5.42904378062291e-08
-0.0005747480358977,5.42904378062291e-08
-0.0005747480358921413,5.432114135653883e-08
-0.0005747480358977,5.4290437806229175e-08
-0.0005747480341792528,6.101459261588575e-08
-0.0005747200861114321,8.223029379221084e-08
-0.0005747480358977,5.42904378062291e-08
-0.0005747480358977,5.42904378062291e-08
-0.0005747480358977,5.42904378062291e-08
4.0564817635801884e+29,-7.344083140775411e+25
-0.0005747480358977,5.429043780687975e-08
-0.0005747480146490548,1.7165667705294444e-07
-0.0005747480358977,5.42904378062291e-08
-0.0005747480358977,5.42904378062291e-08
-0.0005747480358977,5.42904378062291e-08
-0.0005747480358977,5.42904378062291e-08
-0.0005747480358977,5.429043780622919e-08
-0.0005747480333998177,6.558506765916566e-08
-0.000574748034031957,6.45958119690018e-08
-0.0005747480358977,5.42904378062291e-08
-0.0005747480358977,5.42904378062291e-08
-0.0005747480358977,5.42904378062291e-08
-6.179915871344947e-06,3.1404686002341595
-0.0005747480358977,5.429043781512153e-08
-0.0005747480052032594,2.238302376690205e-07
-0.0005170919604024715,0.31846161623471486
-0.0005747480358977,5.42904378062291e-08
-0.0005747480358977,5.42904378062291e-08
-0.0005747480358977,5.42904378062291e-08
-0.0005747480358977,5.4290437806229195e-08
-0.0005747480349453008,5.429043763380139e-08
-0.0005747480358977,5.42904378062291e-08
-0.0005747480358977,5.42904378062291e-08
-0.0005747480358977,5.42904378062291e-08
-0.0005747480358977,5.42904378062291e-08
-5.1905129022112315e-06,3.145703080044994
-0.0005747480358977,5.429043781086505e-08
-0.00044176328761011456,0.7345372264907177
-0.0004106384079938474,0.9064545429709965
-0.0005747480358977,5.42904378062291e-08
-0.0005747480358977,5.42904378062291e-08
-0.0005747480358977,5.42904378062291e-08
-0.0005747480358977,5.4290437806229195e-08
-0.0005747480272314242,9.434676137327609e-08
5.125754113109838,-0.0009280451700656989
-0.0005747480358977,5.42904378062291e-08
-0.0005747480358977,5.42904378062291e-08
-0.0005747480358977,5.42904378062291e-08
-71.68000341502902,3.1639146723644473
-0.0005747480358977,5.4290437810079006e-08
0.0009080320116435769,8.190090099508371
-0.0005747480358977,5.42904378062291e-08
-0.0005747480358977,5.42904378062291e-08
-0.0005747480358977,5.42904378062291e-08
-0.0005747480358977,5.42904378062291e-08
-0.0005747480358977,5.4290437806229195e-08
-0.0005747480260511456,1.0086598731431908e-07
7.158315615532784,7.187621723132181
-0.0005747480358977,5.42904378062291e-08
-0.0005747480358977,5.42904378062291e-08
-0.0005747480358977,5.4290437806229725e-08
-3.3510778811376984e-06,3.1560935999780853
-0.0005747480358977,5.4290437809644836e-08
0.0007041199974023293,7.063788352525166
-0.0005747480358977,5.42904378062291e-08
-0.0005747480358977,5.42904378062291e-08
-0.0005747480358977,5.42904378062291e-08
-0.0005747480358976903,5.429043780622736e-08
-0.0005747480358977,5.4290437806229195e-08
-0.0005747480342987042,5.4290437516737904e-08
14.254493589046916,13.31273851590166
-0.0005747480358977,5.42904378062291e-08
-0.0005747480358977,5.42904378062291e-08
-0.0005747480358977,5.42904378062291e-08
-2.417556164588993e-06,3.16124987850381
-0.0005747480358977,5.4290437810458484e-08
0.003929692674197695,24.88013995110121
0.005016234773853087,30.881621862632052
-0.0005747480358977,5.42904378062291e-08
-0.0005747480358977,5.42904378062291e-08
-0.0005747480358977,5.42904378062291e-08
-0.0005747480358977,5.42904378062292e-08
-0.0005747480329270804,5.4290437268411396e-08
47.0183933074602,46.25281788443757
-0.0005747480358977,5.42904378062291e-08
-0.0005747480358977,5.42904378062291e-08
-0.0005747480358977,5.42904378062291e-08
-1.4698764454270123e-06,3.1664843583221978
-0.0005747480358977,5.42904378066459e-08
0.01463677436775312,84.02037679009355
-0.0005747480358977,5.42904378062291e-08
-0.0005747480358977,5.42904378062291e-08
-0.0005747480358977,5.42904378062291e-08
-0.0005747480358977,5.42904378062291e-08
-0.0005747480358977,5.42904378062292e-08
-0.000574748030411203,5.429043681292277e-08
173.0743181856874,179.01359040983525
-0.0005747480358977,5.42904378062291e-08
-0.0005747480358977,5.42904378062291e-08
-0.0005747480358977,5.42904378062291e-08
-4.9326818728705414e+32,8.930405186731194e+28
-0.0005747480358977,5.42904378074152e-08
0.0591850291149466,330.0812934727921
0.07403530697347199,412.1063470601437
-0.0005747480358977,5.42904378062291e-08
-0.0005747480358977,5.42904378062291e-08
-0.0005747480358977,5.42904378062291e-08
-0.0005747480358977,5.42904378062292e-08
-0.0005747478919761766,8.292962119967741e-07
628.2885710374331,652.0673530443761
-0.0005747480358977,5.42904378062291e-08
-0.0005747480358977,5.42904378062291e-08
-0.0005747480358977,5.42904378062291e-08
4.112818256182555e-07,3.1768748782477356
-0.0005747480358977,5.429043780805919e-08
0.2457062742235972,1360.3256613539886
0.3137982610728161,1736.4296590963602
-0.0005747480358977,5.42904378062291e-08
-0.0005747480358977,5.42904378062291e-08
-0.0005747480358977,5.429043780622911e-08
-0.0005747480358977,5.42904378062291e-08
-0.0005747479593571478,4.604192642791464e-07
-0.0005747480358977,5.42904378062291e-08
-0.0005747480358977,5.42904378062291e-08
-0.0005747480358977,5.42904378062291e-08
-0.0005747480358977,5.42904378062291e-08
-4.871818132869707e-05,3.181952964541918
-0.0005747480358977,5.429043780816762e-08
1.0540709518506017,5825.303127241042
1.3264381920379797,7329.715211960592
-0.0005747480358977,5.42904378062291e-08
-0.0005747480358977,5.42904378062291e-08
179383039108.13373,-32476516.105236534
-0.0005747480358977,5.429043780622921e-08
-0.0005747479124198052,7.361616261299222e-07
-0.0005747480358977,5.42904378062291e-08
-0.0005747480358977,5.42904378062291e-08
-0.0005747480358977,5.42904378062291e-08
-0.0005747480358977,5.42904378062291e-08
89128.95947906515,-12.949221571273323
-0.0005747480358977,5.429043781761523e-08
19.469247837800104,107540.96698759112
16.040718824372874,88603.59229795123
-0.0005747480358977,5.42904378062291e-08
-0.0005747480358977,5.42904378062291e-08
-0.0005747480358977,5.42904378062291e-08
-0.0005747480358977,5.429043780622921e-08
-0.0005747478803226247,9.112494145647668e-07
76322.12672297918,68617.6286493878
-0.0005747480358977,5.42904378062291e-08
-0.0005747480358977,5.42904378062291e-08
-0.0005747480358977,5.42904378062291e-08
-151996490972517.88,27518301128.823105
-0.0005747480358977,5.429043780794375e-08
19.098469213585656,105492.98264615504
-0.0005747480358977,5.42904378062291e-08
-0.0005747480358977,5.42904378062291e-08
-0.0005747480358977,5.42904378062291e-08
25445.325634141525,140546477.69661745
-0.0005747480358977,5.4290437806229215e-08
-0.00057474803562585,5.4290437757011836e-08
-0.0005747480358977,5.42904378062291e-08
-0.0005747480358977,5.42904378062291e-08
-0.0005747480358977,5.42904378062291e-08
-0.0005747480358977,5.42904378062291e-08
-4.588934333848982e-05,3.1975779642858435
-0.0005747480358977,5.4290437819783635e-08
98.65768479928016,544935.8660692307
-0.0005747480358977,5.42904378062291e-08
-0.0005747480358977,5.42904378062291e-08
-0.0005747480358977,5.42904378062291e-08
-0.0005743740130085816,0.0020659582294145495
-0.0005747480358977,5.429043780622923e-08
-0.0005747480356871682,5.429043776811324e-08
-0.0005747480358977,5.42904378062291e-08
-0.0005747480358977,5.42904378062291e-08
-0.0005747480358977,5.42904378062291e-08
-0.0005747480358977,5.42904378062291e-08
89128.95948189398,-12.933596571529398
-0.0005747480358977,5.429043781588051e-08
563.7079460663923,3113626.6989715714
-0.0005747480358977,5.42904378062291e-08
-0.0005747480358977,5.42904378062291e-08
-0.0005747480358977,5.42904378062291e-08
-0.0005747480358977,5.42904378062291e-08
-0.0005747480358977,5.429043780622923e-08
-0.0005747480308659924,5.429043689526041e-08
-0.0005747480358977,5.42904378062291e-08
-0.0005747480358977,5.42904378062291e-08
-0.0005747480358977,5.42904378062291e-08
-0.0005747480358977,5.42904378062291e-08
5.8486030539110085e+35,-1.058864049900377e+32
-0.0005747480358977,5.4290437822496145e-08
-0.0005747480358977,5.42904378062291e-08
-0.0005747480358977,5.42904378062291e-08
-0.0005747480358977,5.42904378062291e-08
-0.0005747480358977,5.42904378062291e-08
-0.0005747480358977,5.42904378062291e-08
-0.0005747480358977,5.429043780622924e-08
-0.0005747480358894268,5.429043780473127e-08
-0.0005747480358977,5.42904378062291e-08
-0.0005747480358977,5.42904378062291e-08
-0.0005747480358977,5.42904378062291e-08
2.3398413030782556e+18,1.2924041563350965e+22
6.974206681927193e-06,3.213124992094559
-0.0005747480358977,5.429043783084451e-08
-0.0005747480358977,5.42904378062291e-08
-0.0005747480358977,5.42904378062291e-08
-0.0005747480358977,5.42904378062291e-08
-0.0005747480358977,5.42904378062291e-08
-0.0005747480358977,5.42904378062291e-08
-0.0005747480358977,5.429043780622925e-08
-0.0005747480358961663,5.429043780595142e-08
-0.0005747480358977,5.42904378062291e-08
-0.0005747480358977,5.42904378062291e-08
-0.0005747480358977,5.42904378062291e-08
-0.0005747480358977,5.42904378062291e-08
-3.2186439313332416e+26,5.827214322640273e+22
-0.0005747480358977,5.42904378323624e-08
-0.0005747480358977,5.42904378062291e-08
-0.0005747480358977,5.42904378062291e-08
-0.0005747480358977,5.42904378062291e-08
-0.0005747480358977,5.42904378062291e-08
-0.0005747480358977,5.42904378062291e-08
-0.0005747480358977,5.429043780622925e-08
-0.0005747480358931193,5.429043780539979e-08
-0.0002691688291566855,1.6878574160786204
-0.0005747480358977,5.42904378062291e-08
-0.0005747480358977,5.42904378062291e-08
-0.0005747480358977,5.42904378062291e-08
5.8486030539110085e+35,-1.058864049900377e+32
-0.0005747480358977,5.4290437822604546e-08
-0.0005747480358977,5.42904378062291e-08
-0.0005747480358977,5.42904378062291e-08
-0.0005747480358977,5.42904378062291e-08
-0.0005747480358977,5.42904378062291e-08
2.084136570876534e+18,1.1511664329658695e+22
-0.0005747480358977,5.429043780622927e-08
-0.0005747480358977,5.42904378062291e-08
-0.0005747480358977,5.42904378062291e-08
-0.0005747480358977,5.42904378062291e-08
-0.0005747480358977,5.42904378062291e-08
-0.0005747480358977,5.429043780622971e-08
9.803044672134441e-06,3.2287499918384848
-0.0005747480358977,5.429043781669363e-08
-0.0005747480358977,5.42904378062291e-08
-0.0005747480358977,5.42904378062291e-08
-0.0005747480358977,5.42904378062291e-08
-0.0005747480358977,5.42904378062291e-08
-0.0005747480358976907,5.4290437806351095e-08
-0.0005747480358977,5.429043780622929e-08
-0.0005747480358977,5.42904378062291e-08
-0.0005747480358977,5.42904378062291e-08
-0.0005747480358977,5.42904378062291e-08
-0.0005747480358977,5.42904378062291e-08
-0.0005747480358977,5.42904378062291e-08
0.058760721296534736,3.233817432640729
-0.0005747480358977,5.429043782086977e-08
-0.0005747480358977,5.42904378062291e-08
-0.0005747480358977,5.42904378062291e-08
-0.0005747480358977,5.42904378062291e-08
-0.0005747480358977,5.42904378062291e-08
-0.0005747480358888171,5.4290439775434095e-08
-0.0005747480358977,5.429043780622931e-08
-0.0005747480308173999,8.235087842817295e-08
-0.0005747480358977,5.42904378062291e-08
-0.0005747480358977,5.42904378062291e-08
-0.0005747480358977,5.42904378062291e-08
2.498217069494409e+18,1.3798825244234416e+22
-107374182.24025854,19442.865997779292
-0.0005747480358977,5.429043781533835e-08
-0.0005747480358977,5.42904378062291e-08
-0.0005747480358977,5.42904378062291e-08
-0.0005747480358977,5.42904378062291e-08
-0.0005747480358977,5.42904378062291e-08
-0.0005747480358977,5.42904378062291e-08
-0.0005747480358977,5.429043780622932e-08
-0.0005747480198152662,8.188519560141977e-08
-0.0005747480358977,5.42904378062291e-08
-0.0005747480358977,5.42904378062291e-08
-0.0005747480358977,5.42904378062291e-08
2.311454647800656e+18,1.27672487448937e+22
1.902320527016046e+17,-34440682653230.535
-0.0005747480358977,5.42904378172899e-08
-0.0005747480358977,5.42904378062291e-08
-0.0005747480358977,5.42904378062291e-08
-0.0005747480358977,5.42904378062291e-08
-0.0005747480358977,5.42904378062291e-08
-0.0005747480358977,5.42904378062291e-08
-0.0005747480358977,5.429043780622934e-08
-0.0005747480358976776,5.429043780622504e-08
-0.0005747480358977,5.42904378062291e-08
-0.0005747480358977,5.42904378062291e-08
-0.0005747480358977,5.42904378062291e-08
-0.0005747480358977,5.42904378062291e-08
0.058763550134524944,3.249442432384655
-0.0005747480358976999,5.4290437817669354e-08
1.6592238582774908e-05,3.266249895856476
-0.0005747480358977,5.42904378062291e-08
-0.0005747480358977,5.42904378062291e-08
-0.0005747480358977,5.42904378062291e-08
4.9935319408407636e+20,2.7581620286145894e+24
-0.0005747480358977,5.429043780622932e-08
-0.0005747480358976871,5.429043780622677e-08
-0.0005747480358977,5.42904378062291e-08
-0.0005747480358977,5.42904378062291e-08
-0.0005747480358977,5.42904378062291e-08
-0.0005747480358972188,5.4293095364386826e-08
1.4067495496757868e-05,3.2523045549747933
-0.0005747480358976999,5.4290437807272865e-08
-0.0005747480358977,5.42904378062291e-08
-0.0005747480358977,5.42904378062291e-08
-0.0005747480358977,5.42904378062291e-08
-0.0005747480358977,5.429043781544551e-08
5.749326269882063e+37,-1.0408904215594844e+34
-0.0005747480358977,5.429043780622936e-08
-0.0005747477728129778,1.5074305715278915e-06
-0.0005747480358977,5.42904378062291e-08
-0.0005747480358977,5.42904378062291e-08
-0.0005747480358977,5.42904378062291e-08
32.48068619241754,179409.24705975904
1.4534277937341728e-05,3.254882813446943
-0.0005747480358976998,5.429043781620564e-08
-0.0005747480358977,5.42904378062291e-08
-0.0005747480358977,5.42904378062291e-08
-0.0005747480358977,5.42904378062291e-08
2.471551225245476e+18,1.3651537272634945e+22
12583975.793289203,-2277.7230789623673
-0.0005747480358977,5.42904378062291e-08
-0.0005747474153063492,3.482107700508086e-06
-0.0005747480358977,5.42904378062291e-08
-0.0005747480358977,5.42904378062291e-08
140973709246223.62,-25522674615.798016
1.2544692113955545e+22,-2.27116174137579e+18
89128.95949179491,-12.878909072425659
-0.0005747480358977,5.42904378062291e-08
-0.0005747480358977,5.42904378062291e-08
-0.0005747480358977,5.42904378062291e-08
-0.0005747480358977,5.42904378062291e-08
1.5811231683146311e+22,-2.8625544697778693e+18
-0.0005747480358977,5.42904378062291e-08
-0.0005747480358977,5.42904378062291e-08
-0.0005747480358977,5.42904378062291e-08
-0.0005747480358977,5.42904378062291e-08
-0.0005747480358977,5.42904378062291e-08
-0.0005747480358977,5.429043780622911e-08
-0.0005747480358977,5.42904378062291e-08
-3.4573991377661044e-05,3.260077963261546
-0.0005747480358977,5.42904378062291e-08
-0.0005747480358977,5.42904378062291e-08
-0.0005747480358977,5.42904378062291e-08
-0.0005747480358977,5.42904378062291e-08
2.4724882743213855e+18,1.3656713034421875e+22
-0.0005747473634327193,2.7385014001551287e-06
-0.0005747480358977,5.42904378062291e-08
-0.0005747480358977,5.42904378062291e-08
-0.0005747480358977,5.42904378062291e-08
-0.0005747480358977,5.42904378062291e-08
-0.0005747480358976999,5.429043780622908e-08
-0.0005747480358977,5.42904378062291e-08
1.5948696932445352e-05,3.262695313318906
-0.0005747480358976998,5.429043787171488e-08
-0.0005747480358977,5.42904378062291e-08
-0.0005747480358977,5.42904378062291e-08
-0.0005747480358977,5.42904378062291e-08
-0.0005747480358977,5.42904378062291e-08
-0.0005681621420561686,0.036377036621586534
-0.0005747480358977,5.42904378062291e-08
-0.0005747480358977,5.42904378062291e-08
-0.0005747480358977,5.42904378062291e-08
-0.0005747480358977,5.42904378062291e-08
-0.0005747480358977,5.42904378062291e-08
1.2106580823485138e+22,-2.1918436048808947e+18
89128.95949320933,-12.871096572553695
-0.0005747480358976998,5.429043787866419e-08
-0.0005747480358977,5.42904378062291e-08
-0.0005747480358977,5.42904378062291e-08
-0.0005747480358977,5.42904378062291e-08
-0.0005747480358977,5.42904378062291e-08
-0.0005747480358977,5.42904378062291e-08
-0.0005747480358977,5.4290437806229447e-08
-0.0005747480040572189,5.4290432041649e-08
-0.0005747480358977,5.42904378062291e-08
-0.0005747480358977,5.42904378062291e-08
-0.0005747480358977,5.42904378062291e-08
2.3142213580698035e+18,1.2782530584078824e+22
-3.315957238255753e-05,3.267890463133509
-0.0005747480358976998,5.429043781896972e-08
0.001881147445834936,13.565063308538361
-0.0005747480358977,5.42904378062291e-08
-0.0005747480358977,5.42904378062291e-08
-0.0005747480358977,5.42904378062291e-08
-0.0005747480358977,5.42904378062291e-08
-0.0005747480358977,5.4290437806229486e-08
-0.0005747479833662286,5.4290428295635545e-08
-0.0005747480358977,5.42904378062291e-08
-0.0005747480358977,5.42904378062291e-08
-0.0005747480358977,5.42904378062291e-08
-0.0005747480358977,5.42904378062291e-08
1.73560369535155e-05,3.270468712544537
-0.0005747480358976997,5.4290438538363784e-08
-0.0005747480358977,5.42904378062291e-08
-0.0005747480358977,5.42904378062291e-08
-0.0005747480358977,5.42904378062291e-08
-0.0005747480358977,5.42904378062291e-08
-0.000574748035891637,5.432392667360901e-08
-0.0005747480358977,5.4290437806229526e-08
-0.0005747480358977,5.42904378062291e-08
-0.0005747480358977,5.42904378062291e-08
-0.0005747480358977,5.42904378062291e-08
-0.0005747480358977,5.42904378062291e-08
42684566852.45228,-7727854.482346444
4.0564817635801884e+29,-7.344083140775411e+25
-0.0005747480358976996,5.42904389721249e-08
-0.0005747480358977,5.42904378062291e-08
-0.0005747480358977,5.42904378062291e-08
-0.0005747480358977,5.42904378062291e-08
-0.0005747480358977,5.42904378062291e-08
-0.0005747480358977,5.42904378062291e-08
-0.0005747480358977,5.429043780622955e-08
-0.0005747480358977,5.42904378062291e-08
-0.0005747480358977,5.42904378062291e-08
-0.0005747480358977,5.42904378062291e-08
-0.0005747480358977,5.42904378062291e-08
-0.0005747480358977,5.42904378062291e-08
-2.3021535382270155e+20,4.167948476772503e+16
-0.0005747480358976998,5.429043780622906e-08
-0.0005747480358977,5.42904378062291e-08
-0.0005747480358977,5.42904378062291e-08
-0.0005747480358977,5.42904378062291e-08
-0.0005747480358977,5.42904378062291e-08
-0.0005747480337300749,6.29056500983441e-08
-0.0005747480358977,5.4290437806229665e-08
-0.0005747480202035933,5.4304363711285165e-08
-0.0005747480358977,5.42904378062291e-08
-0.0005747480358977,5.42904378062291e-08
-0.0005747480358977,5.42904378062291e-08
-0.0005747480358977,5.42904378062291e-08
126443837415.74222,-22892101.47512226
-0.0005747480358976995,5.429043930518883e-08
-0.0005747480358977,5.42904378062291e-08
-0.0005747480358977,5.42904378062291e-08
-0.0005747480358977,5.42904378062291e-08
-0.0005747480358977,5.42904378062291e-08
-0.0005747480358977,5.42904378062291e-08
-0.0005747480358977,5.4290437806229645e-08
-0.0005747480241847754,5.4300327977664147e-08
-0.0005747480358977,5.42904378062291e-08
-0.0005747480358977,5.42904378062291e-08
-0.0005747480358977,5.42904378062291e-08
-0.0005747480358977,5.42904378062291e-08
-71.67997990031323,3.2937974827358287
-0.0005747480358976995,5.4290439194164723e-08
-0.0005747480358977,5.42904378062291e-08
-0.0005747480358977,5.42904378062291e-08
-0.0005747480358977,5.42904378062291e-08
-0.0005747480358977,5.42904378062291e-08
1.7060122923722956,9426.281095569224
-0.0005747480358977,5.429043780622972e-08
-0.000574748026515655,5.429873673880272e-08
-0.0005747480358977,5.42904378062291e-08
-0.0005747480358977,5.42904378062291e-08
-0.0005747480358977,5.42904378062291e-08
-0.0005747480358977,5.42904378062291e-08
1.9703977637859703e-05,3.2834374909422244
-0.0005747480358976995,5.4290439326003595e-08
0.019086743073046614,0.018678293099753246
-0.0005747480358977,5.42904378062291e-08
-0.0005747480358977,5.42904378062291e-08
-0.0005747480358977,5.42904378062291e-08
-0.0005747480358977,5.42904378062291e-08
-0.0005747480358977,5.429043780622971e-08
-0.0005747480358885191,5.434114805736781e-08
-0.0005747480358977,5.42904378062291e-08
-0.0005747480358977,5.42904378062291e-08
-0.0005747480358977,5.42904378062291e-08
-0.0005747480358977,5.42904378062291e-08
126443837415.74222,-22892101.46730976
-0.0005747480358976993,5.429043951335351e-08
0.013465750692467507,5.904405352871337e-05
-0.0005747480358977,5.42904378062291e-08
-0.0005747480358977,5.42904378062291e-08
-0.0005747480358977,5.42904378062291e-08
1.2913648381481231e+22,-2.337959662873835e+18
-0.0005747480358977,5.4290437806229744e-08
-0.0005747480358977,5.42904378062291e-08
-0.0005747480358977,5.42904378062291e-08
-0.0005747480358977,5.42904378062291e-08
-0.0005747480358977,5.42904378062291e-08
-0.0005747480358977,5.42904378062291e-08
-71.67997848589424,3.3016099826077916
-0.0005747480358976993,5.4290439610650804e-08
0.00968324640367401,0.00933912055793744
-0.000574747220859552,4.556128611987812e-06
-0.0005747480358977,5.42904378062291e-08
-0.0005747480358977,5.42904378062291e-08
1.2028778889397576e+22,-2.177757904371104e+18
-0.0005747480358977,5.429043780622968e-08
-0.0005747454025800384,1.4599339652294067e-05
-0.0005747480358977,5.42904378062291e-08
-0.0005747480358977,5.42904378062291e-08
-0.0005747480358977,5.42904378062291e-08
-0.0005747480358977,5.42904378062291e-08
2.1118396632963327e-05,3.2912499908141872
-0.0005747480358976992,5.429043986045351e-08
-0.000574677576843299,0.00038923271309139874
-0.0001607542617156968,-2.066132765351791e-08
-0.0005747480358977,5.42904378062291e-08
-0.0005747480358977,5.42904378062291e-08
-0.0005747480358977,5.42904378062291e-08
-0.0005747480358977,5.42904378062297e-08
-0.0005747452169919653,1.1082652786386146e-05
-0.0002503528856708417,0.0003376872813320559
-0.0005747480358977,5.42904378062291e-08
-0.0005747480358977,5.42904378062291e-08
-0.0005747480358977,5.42904378062291e-08
2.1578056907563367e-05,3.29378891022143
-0.0005747480358976992,5.4290439915960216e-08
-0.0005555026480420119,0.0002728810603573769
-0.000256121342547408,-3.3955340091508706e-09
-0.0005747480358977,5.42904378062291e-08
-0.0005747480358977,5.42904378062291e-08
-0.00042496457827836086,2.7172796707841074e-08
-0.0005747480358977,5.429043780622915e-08
-0.0005747447764264702,1.80578796455183e-05
-0.0003515021318513925,0.00023752494009426686
-0.0005747480358977,5.42904378062291e-08
-0.0005747480358977,5.42904378062291e-08
-0.0005747480358977,5.42904378062291e-08
-3.2186439313332416e+26,5.827214322640273e+22
-0.000574748035897699,5.429044030453635e-08
-0.0005747470591037834,5.449581631568282e-06
-0.0003429714033182528,1.4729019993807014e-06
-0.0005747480358977,5.42904378062291e-08
-0.0005747480358977,5.42904378062291e-08
-0.0005747480358977,5.429043780622911e-08
-0.0005747480358977,5.42904378062291e-08
-0.0005747147084864268,0.00018413722286871972
-0.000574714534089048,0.00018510050143338974
-0.0005747480358977,5.42904378062291e-08
9.473555848094621e+21,-1.7151459279772664e+18
-0.0005747480358977,5.42904378062291e-08
1.902320527016046e+17,-34440682653230.48
-0.0005747480358977,5.42904378062291e-08
-0.0005747480358977,5.42904378062291e-08
-0.0005747480358977,5.42904378062291e-08
-0.0005747480358977,5.42904378062291e-08
9.47663471892063e+21,1.6998114412489817e+22
49064106.6448364,271004085926.5789
-0.0005747480358977,5.42904378062291e-08
-0.0005747480358977,5.42904378062291e-08
-0.0005747480358977,5.42904378062291e-08
-0.0005747480358977,5.42904378062291e-08
6.358369422573739e+29,-1.15115502402337e+26
5.828272513062207e+19,1.7220430647163074e+22
2.299247590266699e-05,3.301601410093393
-0.0005747480358977,5.42904378062291e-08
-0.0005747480358977,5.42904378062291e-08
-0.0005747480358977,5.42904378062291e-08
-0.0005747480358977,5.42904378062291e-08
6.207645087326196e+26,-1.1238670425948488e+23
-0.0005747480358975355,5.4291276530105923e-08
-0.0005747480358977,5.42904378062291e-08
-0.0005747480358977,5.42904378062291e-08
-0.0005747480358977,5.42904378062291e-08
-0.0005747480358977,5.42904378062291e-08
3.1145493511537906e+34,1.720311766975981e+38
0.1939152940857183,-3.5157282607724985e-05
-3.2186439313332416e+26,5.827214322640273e+22
-0.0005747480358977,5.42904378062291e-08
-0.0005747480358977,5.42904378062291e-08
-0.0005747480358977,5.42904378062291e-08
-0.0005747480358977,5.42904378062291e-08
33516.85091280292,3771706.2437341055
0.0022862083670175982,14.56846310058632
-0.0005747480358977,5.42904378062291e-08
-0.0005747480358977,5.42904378062291e-08
-0.0005747480358977,5.42904378062291e-08
-0.0005747480358977,5.42904378062291e-08
141199193117433.78,35548577456473.78
916.9433189157963,-0.16600863459241313
2.3925997619215805e-05,3.306757688619117
-0.0005747480358977,5.42904378062291e-08
-0.0005747480358977,5.42904378062291e-08
-0.0005747480358977,5.42904378062291e-08
-0.0005747480358977,5.42904378062291e-08
1.2464814747547277e+19,6.88490213694562e+22
11159.174166363551,61637042.98983495
-0.0005747480358977,5.42904378062291e-08
-0.0005747480358977,5.42904378062291e-08
-0.0005747480358977,5.42904378062291e-08
-0.0005747480358977,5.42904378062291e-08
2259085651234154.0,8484000772812.293
58680.41252609349,-10.62360733748494
-107374182.24024582,19442.936310278143
-0.0005747480358977,5.42904378062291e-08
-0.0005747480358977,5.42904378062291e-08
-0.0005747480358977,5.42904378062291e-08
-0.0005747480358977,5.42904378062291e-08
1.2358361732675826e+19,6.826103141174313e+22
47325232058903.086,2.6137775529641347e+17
-0.0005747480358977,5.42904378062291e-08
-0.0005747480358977,5.42904378062291e-08
-0.0005747480358977,5.42904378062291e-08
-0.0005747480358977,5.42904378062291e-08
2259154370758363.0,8484256766902.839
13437869859.769402,-2432867.6152791954
2.4873677338377786e-05,3.3119921684375053
-0.0005747480358977,5.42904378062291e-08
-0.0005747480358977,5.42904378062291e-08
-0.0005747480358977,5.42904378062291e-08
-0.0005747480358977,5.42904378062291e-08
8518582.901120832,213105181.24030998
3914741487.8562293,3910703029.247243
-0.0005747480358977,5.42904378062291e-08
-0.0005747480358977,5.42904378062291e-08
-0.0005747480358977,5.42904378062291e-08
-0.0005747480358977,5.42904378062291e-08
142279404423716.9,113105970464.36311
42.79853496317603,-0.0077483242566043576
2.534041661431932e-05,3.31457018849108
-0.0005747480358977,5.42904378062291e-08
-0.0005747480358977,5.42904378062291e-08
-0.0005747480358977,5.42904378062291e-08
-0.0005747480358977,5.42904378062291e-08
-0.00057280145263193,0.010751303382868066
-0.0005726143051432437,6.427034900340244e-08
-0.0005747480358977,5.42904378062291e-08
-0.0005747480358977,5.42904378062291e-08
-0.0005747480358977,5.42904378062291e-08
-0.0005747480358977,5.42904378062291e-08
-0.0005747480358977,5.42904378062291e-08
-0.0005747480358977,5.42904378062291e-08
-107374182.2402444,19442.94412277801
-0.0005747480358977,5.42904378062291e-08
-0.0005747480358977,5.42904378062291e-08
-0.0005747480358977,5.42904378062291e-08
-0.0005747480358977,5.42904378062291e-08
-0.0005747480358977,5.42904378062291e-08
-0.0005747480358977,5.42904378062291e-08
-0.0005747480358977,5.4290437806229195e-08
-0.0005747367229083101,2.604619947671916e-05
-0.0005506622555412432,4.9929812423011414e-08
-0.0005747480358977,5.42904378062291e-08
-0.0005747480358977,5.42904378062291e-08
-0.0005747480358977,5.42904378062291e-08
0.05877627990548087,3.3197549312323202
-0.0005747480358976985,5.429044135954693e-08
-0.0005532833868430741,2.1870808786470938e-05
-0.0005747430491304407,2.759854621336455e-05
-0.0005747480358977,5.42904378062291e-08
-0.0005747480358977,5.42904378062291e-08
1.1068076662131157e+22,-2.003826960223443e+18
-0.0005747480358977,5.42904378062292e-08
-0.0005747395026622774,8.281217940066385e-06
-0.0005747443226783908,2.0564143231299547e-05
-0.0005747480358977,5.42904378062291e-08
-0.0005747480358977,5.42904378062291e-08
-0.0005747480358977,5.42904378062291e-08
2.6747722847662945e-05,3.322343587716717
-0.0005747480358976991,5.4290442219969904e-08
-0.0005562675695218334,5.094463004830434e-08
-0.0005747438260989398,2.330698457502875e-05
-0.0005747480358977,5.42904378062291e-08
-0.0005747480358977,5.42904378062291e-08
0.006124311886152924,37.002051755001574
-0.0005747480358977,5.4290437806229195e-08
-0.0005747447122202518,1.8412520727757896e-05
-0.0005747480358977,5.42904378062291e-08
-0.0005747480358977,5.42904378062291e-08
-0.0005747480358977,5.42904378062291e-08
44305587.273311585,-8021.333152769336
2.7214539048688513e-05,3.3249218461888606
-0.0005747480358976991,5.429044241424241e-08
-0.0005595446585644022,1.4657221817722826e-05
-0.0005581684514135111,1.7343522738559575e-05
-0.0005747480358977,5.42904378062291e-08
-0.0005747480358977,5.42904378062291e-08
-0.0005747480358977,5.42904378062291e-08
-0.0005747480358977,5.4290437806229195e-08
-0.0005747453702182476,1.4778089009566932e-05
-0.0005747454994464129,1.4064301208409004e-05
-0.0005747480358977,5.42904378062291e-08
-0.0005747480358977,5.42904378062291e-08
-0.0005747480358977,5.42904378062291e-08
2.7200829774965327e+23,-4.9245914811931754e+19
-0.0005747480358976988,5.429044391245562e-08
-0.0005618695530316293,1.2690705790797502e-05
-0.0005605561152714187,1.5675035847551288e-05
-0.0005747480358977,5.42904378062291e-08
-0.0005747480358977,5.42904378062291e-08
1.1143320551672294e+22,-2.0174495379356554e+18
-0.0005747480358977,5.4290437806229195e-08
-0.000574745704756574,1.293027683971054e-05
-0.0005747458879272046,1.1918539488629527e-05
-0.0005747480358977,5.42904378062291e-08
-0.0005747480358977,5.42904378062291e-08
-0.0005747480358977,5.42904378062291e-08
2.816214184276646e-05,3.33015608758868
-0.0005747480358976984,5.429044602187933e-08
-0.0005634195894347923,1.0962494437558178e-05
-0.0005619894525269447,5.198055198658613e-08
-0.0005747480358977,5.42904378062291e-08
-0.0005747480358977,5.42904378062291e-08
-0.0005747480358977,5.42904378062291e-08
-0.0005747480358977,5.429043780622919e-08
-0.0005747333994868933,1.1440881516389022e-05
-0.000574746146914399,1.0488031675443208e-05
-0.0005747480358977,5.42904378062291e-08
-0.0005747480358977,5.42904378062291e-08
-0.0005747480358977,5.42904378062291e-08
2.8628958043792137e-05,3.3327343460608234
-0.000574748035897698,5.429044807579189e-08
-0.0005645524549479714,9.471580221435217e-06
-0.0005747458878285732,1.191908427594696e-05
-0.0005747480358977,5.42904378062291e-08
-0.0005747480358977,5.42904378062291e-08
-0.0005747480358977,5.42904378062291e-08
-0.0005747480358977,5.429043780622923e-08
-0.0005747302286898272,9.652742479257667e-06
-0.0005665778767381486,8.638808827468342e-06
-0.0005747480358977,5.42904378062291e-08
-0.0005747480358977,5.42904378062291e-08
-0.0005747480358977,5.42904378062291e-08
2.909569731973378e-05,3.3353123661143984
-0.0005747480358976974,5.4290451406460896e-08
-0.0005659847177471356,7.981711559124994e-06
-0.0005651485441230019,5.255249172853366e-08
-0.0005747480358977,5.42904378062291e-08
-0.0005747480358977,5.42904378062291e-08
-0.0005747480358977,5.42904378062291e-08
-0.0005747480358977,5.429043780622925e-08
-0.0005747266351748101,8.281839523839597e-06
-0.0005675331024927566,7.6853001589275e-06
-0.0005747480358977,5.42904378062291e-08
-0.0005747480358977,5.42904378062291e-08
-0.0005747480358977,5.42904378062291e-08
-151996490972517.88,27518301128.968613
-0.0005747480358976973,5.429045212810586e-08
-0.0005675047981773777,7.087110809700846e-06
-0.0005670558436118422,5.289779997436783e-08
-0.0005747480358977,5.42904378062291e-08
-0.0005747480358977,5.42904378062291e-08
-0.0005747478885271005,5.429041112542545e-08
-0.0005747480358977,5.429043780622926e-08
-0.0005747258767069896,7.327110950109887e-06
-0.0005680994980082878,6.879293888108181e-06
-0.0005747480358977,5.42904378062291e-08
-0.0005747480358977,5.42904378062291e-08
2.28515449118325e+18,1.2621980637694001e+22
3.004337703889576e-05,3.3405468459327863
-0.0005747480358976967,5.429045512570798e-08
-0.0005684585857897037,6.461410606775666e-06
-0.0005747480358977,5.42904378062291e-08
-0.0005747480358977,5.42904378062291e-08
-0.0005747480358977,5.42904378062291e-08
1.1913476607727391e+22,-2.1568829296452326e+18
-0.0005747480358977,5.429043780622928e-08
-0.0005747468378873797,6.6714636417654824e-06
-0.0005687552607013731,6.313166657445243e-06
-0.0005747480358977,5.42904378062291e-08
-0.0005747480358977,5.42904378062291e-08
-0.0005747480358977,5.42904378062291e-08
3.0510116314837405e-05,3.343124865986361
-0.0005747480358976961,5.4290458456376997e-08
-0.0005689951248418266,5.924306504970148e-06
-0.0005747480358977,5.42904378062291e-08
-0.0005747480358977,5.42904378062291e-08
-0.0005747480358977,5.42904378062291e-08
-0.0005747478836562608,5.4290410243581175e-08
-0.0005747480358977,5.4290437806229275e-08
-0.000574746940402417,6.105224982647432e-06
-0.0005693513843116496,5.806638732107264e-06
-0.0005747480358977,5.42904378062291e-08
-0.0005747480358977,5.42904378062291e-08
-0.0005747480358977,5.42904378062291e-08
3.0976898755421156e-05,3.345703124458511
-0.0005747480358976954,5.4290462231135214e-08
-0.000574744123571597,5.508114815826343e-06
-0.0005747480358977,5.42904378062291e-08
-0.0005747480358977,5.42904378062291e-08
-0.0005747480358977,5.42904378062291e-08
8.636892985068211e+30,4.770561309879685e+34
-0.0005747480358977,5.429043780622928e-08
-0.0005747480306699752,8.316561513736684e-08
-0.0005699498620719171,5.342174938226487e-08
-0.0005747480358977,5.42904378062291e-08
-0.0005747480358977,5.42904378062291e-08
-0.0005747480358977,5.42904378062291e-08
4.0564817635801884e+29,-7.344083140775411e+25
-0.000574748035897695,5.429046411851432e-08
-0.0005747147821680175,4.971667691923187e-06
-0.0005747480358977,5.42904378062291e-08
-0.0005747480358977,5.42904378062291e-08
-0.0005747480358977,5.42904378062291e-08
-0.0005747480358977,5.42904378062291e-08
-0.0005747480358977,5.429043780622926e-08
-0.0005747471238379037,6.773833956244175e-08
-0.0005704562276517363,1.5663501107304952e-06
-0.0005747480358977,5.42904378062291e-08
-0.0005747480358977,5.42904378062291e-08
2041222.717736472,11274630983.22277
-1.8131370559581615e-05,3.3508982742731135
-0.0005747480358976945,5.429046756020565e-08
-0.0005747472103739182,4.614045688394874e-06
-0.0005747480358977,5.42904378062291e-08
-0.0005747480358977,5.42904378062291e-08
-0.0005747480358977,5.42904378062291e-08
716918613653472.4,-129794985179.31563
-0.0005747480358977,5.4290437806229275e-08
-0.0005747480358977,5.42904378062291e-08
-0.0005747480358977,5.42904378062291e-08
4364193720.475698,-790118.2205078568
-0.0005747480358977,5.42904378062291e-08
-9.098013595569272e-05,2.6720771894534834
3.239131775052478e-05,3.353515624330474
-0.0005747480358976925,5.4290478662435714e-08
-0.0005747480358977,5.42904378062291e-08
-0.0005747480358977,5.42904378062291e-08
2285173.7400041623,12622086961.139637
-0.0005747480358977,5.42904378062291e-08
-0.0005747480358977,5.42904378062291e-08
-0.0005747480358977,5.429043780622931e-08
-0.0005747480358977,5.42904378062291e-08
-0.0005747480358977,5.42904378062291e-08
-0.0005747480358977,5.42904378062291e-08
-0.0005747480358977,5.42904378062291e-08
-0.0005747480358977,5.42904378062291e-08
4.0564817635801884e+29,-7.344083140775411e+25
-0.0005747480358976928,5.42904764419897e-08
-0.0005747480358977,5.42904378062291e-08
-0.0005747480358977,5.42904378062291e-08
-0.0005747480358977,5.42904378062291e-08
-0.0005747480358977,5.42904378062291e-08
-0.0005747480358977,5.42904378062291e-08
-0.0005747480358977,5.429043780622938e-08
-0.0005747480358977,5.42904378062291e-08
-0.0005747480358977,5.42904378062291e-08
-0.0005747480358977,5.42904378062291e-08
-0.0005747480358977,5.42904378062291e-08
1.0478616279163853e+22,-1.8971077312706068e+18
-2.3021535382270155e+20,4.167948476772503e+16
-0.0005747480358976909,5.429048710013055e-08
2515001.696725085,13891534620.334963
-0.0005747480358977,5.42904378062291e-08
2406671.5919311126,13293176614.14131
-0.0005747480358977,5.42904378062291e-08
-0.0005747480358977,5.42904378062291e-08
-0.0005747480358977,5.429043780622937e-08
-0.0005747480358977,5.42904378062291e-08
-0.0005747480358977,5.42904378062291e-08
-0.0005747480358977,5.42904378062291e-08
-0.0005747480358977,5.42904378062291e-08
-0.0005747480358977,5.42904378062291e-08
126443837415.74223,-22892101.392114453
-0.0005747480358976897,5.429049376146859e-08
-0.0005747480358977,5.42904378062291e-08
-0.0005747471345364424,5.03293165632541e-06
140545.50870228783,776298803.2774247
-0.0005747480358977,5.42904378062291e-08
-0.0005747480358977,5.42904378062291e-08
-0.0005747480358977,5.4290437806229394e-08
-0.0005747480358977,5.42904378062291e-08
-0.0005747480358977,5.42904378062291e-08
-0.0005747479637086328,4.5302453300788015e-07
-0.0005747480358977,5.42904378062291e-08
-0.0005747480358977,5.429043780622961e-08
3.4265397020251756e-05,3.3638670436096794
-0.0005747480358976848,5.429052085090995e-08
-0.0005747480358977,5.42904378062291e-08
0.0014554764701689787,-3.1327284574798864e-07
84700.4976826628,467840600.3326724
-0.0005747480358977,5.42904378062291e-08
-0.0005747480358977,5.42904378062291e-08
-0.0005747480358977,5.42904378062294e-08
-0.0005747480358977,5.42904378062291e-08
-0.0005747480358977,5.42904378062291e-08
-0.0005747480358977,5.42904378062291e-08
-0.0005747480358977,5.42904378062291e-08
1994186.8657280516,11014829899.480589
-2.3021535382270155e+20,4.167948476772503e+16
-0.0005747480358976825,5.4290533285407625e-08
-0.0005747337915657791,7.873242025188481e-05
-0.0005747480358977,5.42904378062291e-08
74828.72537479263,413314169.226293
-0.0005747480358977,5.42904378062291e-08
-0.0005747480358977,5.42904378062291e-08
-0.0005747480358977,5.429043780622937e-08
-0.000574740905459355,5.42891468714958e-08
-0.0005747480358977,5.42904378062291e-08
-0.0005747462892067146,5.429012157545165e-08
-0.0005747480358977,5.42904378062291e-08
9.666384218379713e+21,-1.7500566625943516e+18
126443837415.74223,-22892101.384301953
-0.0005747480358976797,5.429054882852971e-08
-0.0005747327556143666,8.445446605654507e-05
-0.0005747292975150462,0.00010355517142906785
-0.0005747480358977,5.42904378062291e-08
-0.0005747480358977,5.42904378062291e-08
-0.0005747480358977,5.42904378062291e-08
-0.0005747480358977,5.429043780622938e-08
-0.0005747471672092761,4.8524642635890515e-06
-0.0004846258144743009,3.797420306046602e-08
-0.0005747480358977,5.42904378062291e-08
-0.0005747480358977,5.42904378062291e-08
-0.0005747480358977,5.42904378062291e-08
-71.67996345769241,3.3846177937473967
-0.0005747480358976744,5.4290578163163994e-08
-0.0004903329253127653,8.253183717165832e-05
-0.0005747284340404178,0.0001083245470150857
-0.0005747439378076322,3.393403823830799e-06
-0.0005747480358977,5.42904378062291e-08
-0.0005747480358977,5.42904378062291e-08
-0.0005747480358977,5.429043780622936e-08
-0.0005745327105659049,6.104935631476341e-06
-0.0005747480358977,5.42904378062291e-08
-0.0005747325452616247,5.42876332941945e-08
-0.0005747480358977,5.42904378062291e-08
-0.0005747480358977,5.42904378062291e-08
3.614659845593924e-05,3.374257801953792
-0.0005747480358976849,5.429051952617076e-08
-0.0005747327556143666,8.445446605654507e-05
-0.0005747408373821335,1.0482718378748622e-07
23263.38106523697,128494573.89413324
-0.0005747480358977,5.42904378062291e-08
-0.0005747480358977,5.42904378062291e-08
-0.0005747480358977,5.4290437806229354e-08
-0.0005746279847022216,9.208384174451516e-05
-0.0005747480358977,5.42904378062291e-08
-0.0005747423113155459,1.558356873300103e-07
-0.0005747480358977,5.42904378062291e-08
-0.0005747480358977,5.42904378062291e-08
126443837415.74223,-22892101.376489453
-0.0005747480358976488,5.42907185008001e-08
-0.0005747326692850823,8.493130320693343e-05
-0.0005747480358977,5.42904378062291e-08
-0.0005747382220520874,3.4381021806061635e-06
-0.0005747480358977,5.42904378062291e-08
-0.0005747480358977,5.42904378062291e-08
-0.0005747480358977,5.42904378062294e-08
0.0011453233231681847,9.499999898572254
-0.0004893941859781844,3.883749590415718e-08
-0.0005745533297495304,5.750126701068465e-08
-0.0005747480358977,5.42904378062291e-08
-0.0005747480358977,5.42904378062291e-08
-71.67996204327342,3.392430293619359
-0.0005747480358976375,5.429078064309343e-08
-0.0005747480358977,5.42904378062291e-08
-0.0005747281779795616,0.00010973889128869701
-0.0005743730818048602,2.380060660040331e-06
-0.0005747480358977,5.42904378062291e-08
-0.0005747480358977,5.42904378062291e-08
-0.0005747480358977,5.429043780622949e-08
0.0012699206919693827,10.187499887281717
-0.0005747480358977,5.42904378062291e-08
-0.0005747480347960897,6.037514866381857e-08
-0.0005747480358977,5.42904378062291e-08
-0.0005747480358977,5.42904378062291e-08
3.7561017451042864e-05,3.3820703018257547
-0.0005747480358976973,5.4290450574726184e-08
-0.0005747480358977,5.42904378062291e-08
-0.0005747480358977,5.42904378062291e-08
-0.0005730785417572612,5.398818318054582e-08
-0.0005747480358977,5.42904378062291e-08
-0.0005747480358977,5.42904378062291e-08
-0.0005747480358977,5.4290437806229665e-08
-0.0005742711351963704,5.4204097016239516e-08
-0.0005747480358977,5.42904378062291e-08
0.4819715735548426,-8.730427597244733e-05
-0.0005747480358977,5.42904378062291e-08
-0.0005747480358977,5.42904378062291e-08
5.8486030539110085e+35,-1.058864049900377e+32
-0.0005747480358976957,5.42904592353982e-08
-0.0005747480358977,5.42904378062291e-08
-0.0005747480358977,5.42904378062291e-08
443722.18244286126,2450885847.8330183
-0.0005747480358977,5.42904378062291e-08
-0.0005747480358977,5.42904378062291e-08
-0.0005747480358977,5.4290437806229665e-08
-0.0005719314636386958,5.378050969493219e-08
-0.0005747480358977,5.42904378062291e-08
-0.0005747459540443778,5.429006089577377e-08
-0.0005747480358977,5.42904378062291e-08
-0.0005747480358977,5.42904378062291e-08
-3.2186439313332416e+26,5.827214322640273e+22
-0.0005747480358976889,5.4290495989395536e-08
-0.0005747480358977,5.42904378062291e-08
-0.0005735158098832069,0.006806216830521492
644192.5443169385,3558177733.6858764
-0.0005747480358977,5.42904378062291e-08
-0.0005747480358977,5.42904378062291e-08
-0.0005747480358977,5.429043780622965e-08
-0.0005683107343674572,5.3124992467246024e-08
-0.0005747480358977,5.42904378062291e-08
-0.0005726013107956734,5.39017825983783e-08
-0.0005747480358977,5.42904378062291e-08
-0.0005747480358977,5.42904378062291e-08
1.902320527016046e+17,-34440682653230.39
-0.0005747480358976898,5.429049065659136e-08
-0.0005747480358977,5.42904378062291e-08
-0.0005743102239029555,5.534877914276424e-07
-0.0005742915504530762,5.420779310934005e-08
-0.0005747480358977,5.42904378062291e-08
-0.0005747480358977,5.42904378062291e-08
-0.0005747480358977,5.429043780622972e-08
-0.0005616340119988753,5.1916201030711536e-08
-0.0005747480358977,5.42904378062291e-08
-0.0005744107393709771,2.57321943611365e-07
-0.0005747480358977,5.42904378062291e-08
-0.0005747480358977,5.42904378062291e-08
5.8486030539110085e+35,-1.058864049900377e+32
-0.0005747480358976946,5.4290464120387874e-08
-0.0005747480358977,5.42904378062291e-08
-0.0005745463386320794,0.0011141229414466003
-0.0005747480358977,5.42904378062291e-08
-0.0005747480358977,5.42904378062291e-08
-0.0005747480358977,5.42904378062291e-08
-0.0005747480358977,5.429043780622971e-08
-0.0005557917510054943,5.0858485183182836e-08
-0.0005747480358977,5.42904378062291e-08
-0.0005745766122217019,5.425940229806707e-08
-0.0005747480358977,5.42904378062291e-08
-0.0005747480358977,5.42904378062291e-08
-3.2186439313332416e+26,5.827214322640273e+22
-0.0005747480358976952,5.429045967952631e-08
-0.0005747480358977,5.42904378062291e-08
-0.0005747480358977,5.42904378062291e-08
-0.0005747480358977,5.42904378062291e-08
-0.0005747480358977,5.42904378062291e-08
-0.0005747480358977,5.42904378062291e-08
-0.0005747480358977,5.4290437806229824e-08
-0.0005515002130140203,5.0081520965220616e-08
-0.000574747737764968,1.7010174251223203e-06
-0.0005745487093794561,5.425435061029279e-08
-0.0005747480358977,5.42904378062291e-08
-0.0005747480358977,5.42904378062291e-08
4.0368618437295234e-05,3.397577999630685
-0.0005747480358976942,5.429046511771492e-08
-0.0005747480358977,5.42904378062291e-08
-0.00019705290771241068,-1.4089616263346096e-08
-0.0005747480358977,5.42904378062291e-08
-0.0005747480358977,5.42904378062291e-08
-0.0005747480358977,5.42904378062291e-08
-0.0005747480358977,5.4290437806229705e-08
-0.000547208673203557,4.930455641793831e-08
-0.0005747480358977,5.42904378062291e-08
0.0061704040289841,-1.1668898965025912e-06
-0.0005747480358977,5.42904378062291e-08
-0.0005747480358977,5.42904378062291e-08
-107374182.24022937,19443.02713058915
-0.0005747480358976946,5.429046323355792e-08
-0.0005747162667210521,0.00017553036178072088
-0.0005747480358977,5.42904378062291e-08
-0.0005747480358977,5.42904378062291e-08
-0.0005747480358977,5.42904378062291e-08
-0.0005747480358977,5.42904378062291e-08
-0.0005747480358977,5.4290437806229744e-08
-0.0005332591511055884,4.67790563409665e-08
-0.0005747394884508775,4.726585040490137e-05
-0.0005747480358977,5.42904378062291e-08
-0.0005747480358977,5.42904378062291e-08
-0.0005747480358977,5.42904378062291e-08
4.1316298156457215e-05,3.402812479449073
-0.0005747480358976907,5.429048533008235e-08
-0.0005747190261651778,0.00016028865691649163
-0.0005747480358977,5.42904378062291e-08
-0.0005747480358977,5.42904378062291e-08
-0.0005747480358977,5.42904378062291e-08
-0.0005747480358977,5.42904378062291e-08
-0.0005747480358977,5.42904378062298e-08
-0.0005270601953909649,4.565676247136458e-08
-0.0005710522678578267,5.3621335137075354e-08
-0.0005747480358977,5.42904378062291e-08
-0.0005747480358977,5.42904378062291e-08
-0.0005747480358977,5.42904378062291e-08
4.178303743239886e-05,3.4053904995026474
-0.0005747480358976806,5.4290541730915426e-08
-0.0005747480358977,5.42904378062291e-08
-0.0004410783763590476,0.0007477947018939753
-0.0005747480358977,5.42904378062291e-08
-0.0005747480358977,5.42904378062291e-08
-0.0005747480358977,5.42904378062291e-08
-0.0005747480358977,5.429043780622992e-08
0.06902017141960867,384.03395981272797
-0.0005747355164956451,6.920482312268885e-05
-0.00010358688905497723,-3.101123090045053e-08
-0.0005747480358977,5.42904378062291e-08
-0.0005747480358977,5.42904378062291e-08
-107374182.24022797,19443.034943089024
-0.0005747480358976701,5.429059859141629e-08
-0.0005747480358977,5.42904378062291e-08
-0.0005747480358977,5.42904378062291e-08
-0.0005747480358977,5.42904378062291e-08
-0.0005747480358977,5.42904378062291e-08
-0.0005747480358977,5.42904378062291e-08
-0.0005747480358977,5.429043780622995e-08
-0.00046315977535570573,3.408787039146464e-08
-0.0005695022756349005,5.3340715811853035e-08
-0.00029241512820451533,3.175297437753753e-09
-0.0005747480358977,5.42904378062291e-08
-0.0005747480358977,5.42904378062291e-08
0.058792722526298954,3.4105752422438878
-0.0005747480358976716,5.4290589709171424e-08
0.12182486169382864,676.0704845798018
-0.0005737036767380041,0.005768540028858887
0.01880489863156037,107.0428831266504
-0.0005747480358977,5.42904378062291e-08
-0.0005747480358977,5.42904378062291e-08
-0.0005747480358977,5.429043780622998e-08
-0.0004870016183232085,3.84043319753598e-08
-0.0005617531285180143,5.193776655647948e-08
-0.0005747480358977,5.42904378062291e-08
-0.0005747480358977,5.42904378062291e-08
-0.0005747480358977,5.42904378062291e-08
4.319745642750248e-05,3.4132029993746102
-0.0005747480358976671,5.4290613689852814e-08
-0.0005747480358977,5.42904378062291e-08
-0.0005747480358977,5.42904378062291e-08
0.002369181739010465,16.2607057356736
-0.0005747480358977,5.42904378062291e-08
-0.0005747480358977,5.42904378062291e-08
-0.0005747480358977,5.429043780622995e-08
-0.00047747325721847554,3.6679263794929266e-08
-0.0005567141615796635,0.0001717305514886201
-0.0005747480358977,5.42904378062291e-08
-0.0005747480358977,5.42904378062291e-08
-0.0005747480358977,5.42904378062291e-08
-4.9326818728705414e+32,8.930405186731194e+28
-0.000574748035897668,5.429060567194738e-08
-0.0005747480358977,5.42904378062291e-08
0.003976456856837485,0.01916689788360086
0.0036138763250929793,23.1357380479271
-0.0005747480358977,5.42904378062291e-08
-0.0005747480358977,5.42904378062291e-08
-0.0005747480358977,5.4290437806230347e-08
-0.0004698438628122619,3.5297995245023396e-08
-0.0005747436111118725,2.4494459036979722e-05
-0.0005747480358977,5.42904378062291e-08
-0.0005747480358977,5.42904378062291e-08
-0.0005747480358977,5.42904378062291e-08
0.058794136945294055,3.4183877421158506
-0.0005747480358976646,5.4290619882801726e-08
-0.0005747480358977,5.42904378062291e-08
-0.0005636969345040873,0.06104047337525271
-0.0005747480358977,5.42904378062291e-08
-0.0005747480358977,5.42904378062291e-08
-0.0005747480358977,5.42904378062291e-08
-0.0005747480358977,5.4290437806230565e-08
-0.00045457656112956544,3.253391692721373e-08
-0.0005189135310558716,0.00022226821461673787
-0.0005747480358977,5.42904378062291e-08
-0.0005747480358977,5.42904378062291e-08
-0.0005747480358977,5.42904378062291e-08
4.461187542260611e-05,3.421015499246573
-0.0005747480358976584,5.429065185722422e-08
-0.0005747480358977,5.42904378062291e-08
-0.0005666141797515163,0.044927158861717276
-0.0005747480358977,5.42904378062291e-08
-0.0005747480358977,5.42904378062291e-08
-0.0005747480358977,5.42904378062291e-08
-0.0005747480358977,5.429043780623074e-08
-0.0004631681427068249,3.4089385263855755e-08
-0.0005747480358977,5.42904378062291e-08
0.19866687198121163,-3.601753504519542e-05
-0.0005747480358977,5.42904378062291e-08
-0.0005747480358977,5.42904378062291e-08
4.5071578861871566e-05,3.4235546570723914
-0.0005747480358976567,5.429065985082983e-08
-0.0005747480358977,5.42904378062291e-08
-0.0005747480358977,5.42904378062291e-08
-0.0005747480358977,5.42904378062291e-08
-0.0005747480358977,5.42904378062291e-08
-0.0005747480358977,5.42904378062291e-08
-0.0005747480358977,5.429043780623074e-08
-0.0005747480358977,5.42904378062291e-08
-0.0004860164130893266,0.00017267120802320202
0.21624487748384036,-3.9199956201857455e-05
-0.0005747480358977,5.42904378062291e-08
-0.0005747480358977,5.42904378062291e-08
2.7200829774965327e+23,-4.9245914811931754e+19
-0.0005747480358976525,5.4290682943468354e-08
-0.0005747480358977,5.42904378062291e-08
-0.0005747480358977,5.42904378062291e-08
-0.0005747480358977,5.42904378062291e-08
-0.0005747480358977,5.42904378062291e-08
-0.0005747480358977,5.42904378062291e-08
-0.0005747480358977,5.4290437806230763e-08
-0.00023142528761808435,-7.866646939535026e-09
-0.0005746340682381412,0.000629551157202825
-0.0005747480358977,5.42904378062291e-08
-0.0005747480358977,5.42904378062291e-08
-0.0005747480358977,5.42904378062291e-08
4.601918165594962e-05,3.4287888984722104
-0.0005747480358976373,5.429076110316783e-08
-0.0004997776404266354,0.41409673076768516
-0.0005747480358977,5.42904378062291e-08
-0.0005747480358977,5.42904378062291e-08
-0.0005747480358977,5.42904378062291e-08
-0.0005747480358977,5.42904378062291e-08
-0.0005747480358977,5.4290437806231035e-08
8.910217686818565e-05,-6.5896745070964e-08
-0.0005673657044987459,0.040776135005396674
-0.0005747480358977,5.42904378062291e-08
-0.0005747480358977,5.42904378062291e-08
-0.0005747480358977,5.42904378062291e-08
4.648599785697519e-05,3.4313671569443542
-0.000574748035897633,5.42907842273295e-08
-0.0005747480358977,5.42904378062291e-08
-0.0005747480358977,5.42904378062291e-08
-0.0005747480358977,5.42904378062291e-08
-0.0005747480358977,5.42904378062291e-08
-0.0005747480358977,5.42904378062291e-08
-0.0005747480358977,5.429043780623154e-08
8.910229328350553e-05,-6.589676614744945e-08
-0.0005413290931366205,0.18458855808307867
-0.0005747480358977,5.42904378062291e-08
-0.0005747480358977,5.42904378062291e-08
-0.0005747480358977,5.42904378062291e-08
2.7200829774965327e+23,-4.9245914811931754e+19
-0.0005747480358976314,5.429078597216291e-08
-0.0005747480358976805,5.429054572769803e-08
-0.0004750164646562547,0.5508643245326272
-0.0005747480358977,5.42904378062291e-08
-0.0005747480358977,5.42904378062291e-08
-0.0005747480358977,5.42904378062291e-08
-0.0005747480358977,5.4290437806232147e-08
0.00035994608574239093,-1.1493185236032142e-07
-0.0005747480358977,5.42904378062291e-08
-0.0005747480358977,5.42904378062291e-08
-0.0005747480358977,5.42904378062291e-08
-0.0005747480358977,5.42904378062291e-08
-151996490972517.88,27518301129.067245
-0.0005747480358976181,5.4290857026435253e-08
-0.0005747480358977,5.42904378062291e-08
-0.0005747480358977,5.42904378062291e-08
0.030761837402403583,173.08666713948946
-0.0005747480358977,5.42904378062291e-08
-0.0005747480358977,5.42904378062291e-08
-0.0005747480358977,5.4290437806232676e-08
0.0006232544309582375,-1.6260267874703897e-07
-0.0005747480358977,5.42904378062291e-08
-0.0004994051835203854,0.4161539850483919
-0.0005747480358977,5.42904378062291e-08
-0.0005747480358977,5.42904378062291e-08
89128.95952468015,-12.697268450402523
-0.0005747480358975268,5.429136166919554e-08
-0.0005747480358977,5.42904378062291e-08
-0.0005747480358977,5.42904378062291e-08
-0.0005747480358977,5.42904378062291e-08
-0.0005747480358977,5.42904378062291e-08
-0.0005747480358977,5.42904378062291e-08
-0.0005747480358977,5.429043780623265e-08
0.0021264010090957038,-4.347408044925017e-07
-0.0005747480358977,5.42904378062291e-08
-0.0005747480358977,5.42904378062291e-08
-0.0005747480358977,5.42904378062291e-08
-0.0005747480358977,5.42904378062291e-08
4.836715612802046e-05,3.4417576768698916
-0.0005747480358974373,5.4291844836295995e-08
-0.0005747480358977,5.42904378062291e-08
-0.0005747480358977,5.42904378062291e-08
11.879277352189924,-0.0021507410689174215
-0.0005747480358977,5.42904378062291e-08
-0.0005747480358977,5.42904378062291e-08
-0.0005747480358977,5.429043780623424e-08
0.002599416477361757,-5.203781899975391e-07
-0.0005747480358977,5.42904378062291e-08
-0.0005747480358977,5.42904378062291e-08
-0.0005747480358977,5.42904378062291e-08
-0.0005747480358977,5.42904378062291e-08
4.883393856860432e-05,3.4443359353420413
-0.0005747480358973781,5.429217168367225e-08
765.3987086606338,4227659.430713955
-0.0005747480358977,5.42904378062291e-08
0.002482370826283914,16.885902182336586
-0.0005747480358977,5.42904378062291e-08
-0.0005747480358977,5.42904378062291e-08
-0.0005747480358977,5.4290437806234793e-08
-0.0005747480358976306,5.4290437858913546e-08
-0.0005747480358977,5.42904378062291e-08
680030.488280395,-123.1165511712847
-0.0005747480358977,5.42904378062291e-08
-0.0005747480358977,5.42904378062291e-08
89128.95952609458,-12.68945595053056
-0.0005747480358976907,5.429043788299804e-08
-0.0005747480358977,5.42904378062291e-08
-0.0005747480358977,5.42904378062291e-08
0.010880358604907835,63.271929711922
-0.0005747480358977,5.42904378062291e-08
-0.0005747480358977,5.42904378062291e-08
-0.0005747480358977,5.429043780623551e-08
-0.0005747480358977,5.42904378062291e-08
-0.0005747480358977,5.42904378062291e-08
-0.0005747480358977,5.42904378062291e-08
-0.0005747480358977,5.42904378062291e-08
-0.0005747480358977,5.42904378062291e-08
-2.7433074639845404e-07,3.449531085156644
-0.0005747480358971118,5.4293635248485945e-08
-0.0005747480358977,5.42904378062291e-08
-0.0005747480358977,5.42904378062291e-08
-0.0005747480358977,5.42904378062291e-08
-0.0005747480358977,5.42904378062291e-08
-0.0005747480358977,5.42904378062291e-08
-0.0005747480358977,5.429043780623567e-08
-0.0005747480358977,5.42904378062291e-08
-0.0005747480358977,5.42904378062291e-08
129035.8254355147,-23.361372918371924
-0.0005747480358977,5.42904378062291e-08
-0.0005747480358977,5.42904378062291e-08
5.0241278589674464e-05,3.4521093345676723
-0.0005747480358972212,5.4293010253431125e-08
-0.0005747480358977,5.42904378062291e-08
-0.0005747480358977,5.42904378062291e-08
0.38494428793661883,2129.4025530466465
-0.0005747480358977,5.42904378062291e-08
-0.0005747480358977,5.42904378062291e-08
-0.0005747480358977,5.4290437806237255e-08
0.012365919321658097,-2.2885608927302534e-06
-0.0005747480358977,5.42904378062291e-08
-0.0005747480358977,5.42904378062291e-08
-0.0005747480358977,5.42904378062291e-08
-0.0005747480358977,5.42904378062291e-08
4.0564817635801884e+29,-7.344083140775411e+25
-0.0005747480358971197,5.4293550245517766e-08
-0.0005747480358977,5.42904378062291e-08
-0.0005747480358977,5.42904378062291e-08
0.24287778983813876,1344.7026147350311
-0.0005747480358977,5.42904378062291e-08
-0.0005747480358977,5.42904378062291e-08
-0.0005747480358977,5.429043780623837e-08
-0.0005747480358977,5.42904378062291e-08
-0.0005747480358977,5.42904378062291e-08
-0.0005747480358977,5.42904378062291e-08
-0.0005747480358977,5.42904378062291e-08
-0.0005747480358977,5.42904378062291e-08
1.1400882487050618e-06,3.4573435850286067
-0.0005747480358969524,5.429444578543778e-08
-0.0005747480358977,5.42904378062291e-08
-0.0005747480358977,5.42904378062291e-08
0.013645314996584735,78.54408140865185
-0.0005747480358977,5.42904378062291e-08
-0.0005747480358977,5.42904378062291e-08
-0.0005747480358977,5.4290437806238843e-08
-0.0005747480358977,5.42904378062291e-08
-0.0005747480358977,5.42904378062291e-08
-0.0005747480358977,5.42904378062291e-08
-0.0005747480358977,5.42904378062291e-08
-0.0005747480358977,5.42904378062291e-08
5.165569758477809e-05,3.459921834439635
-0.0005747480358970396,5.429394814683973e-08
-0.0005747480358977,5.42904378062291e-08
-0.0005747480358977,5.42904378062291e-08
0.0722375859557695,402.1766902404566
-0.0005747480358977,5.42904378062291e-08
-0.0005747480358977,5.42904378062291e-08
-0.0005747480358977,5.4290437806238685e-08
-0.0005747480358977,5.42904378062291e-08
-0.0005747480358977,5.42904378062291e-08
-0.0005747480358977,5.42904378062291e-08
-0.0005747480358977,5.42904378062291e-08
-0.0005747480358977,5.42904378062291e-08
5.212243683343492e-05,3.4624998544932097
-0.0005747480358963979,5.429748691263307e-08
-0.0005747480358977,5.42904378062291e-08
-0.0005747480358977,5.42904378062291e-08
70.53707515795115,-0.01277047928167096
-0.0005747480358977,5.42904378062291e-08
-0.0005747480358977,5.42904378062291e-08
-0.0005747480358977,5.429043780624022e-08
-0.0005747480358977,5.42904378062291e-08
-0.0005747480358977,5.42904378062291e-08
-0.0005747480358977,5.42904378062291e-08
-0.0005747480358977,5.42904378062291e-08
-0.0005747480358977,5.42904378062291e-08
-2.3021535382270155e+20,4.167948476772503e+16
-0.00057474803589647,5.429706058959977e-08
-0.0005747480358977,5.42904378062291e-08
-0.0005747480358977,5.42904378062291e-08
-0.0005747480358977,5.42904378062291e-08
-0.0005747480358977,5.42904378062291e-08
-0.0005747480358977,5.42904378062291e-08
-0.0005747480358977,5.429043780623985e-08
-0.0005747480358977,5.42904378062291e-08
-0.0005747480358977,5.42904378062291e-08
-0.0005747480358977,5.42904378062291e-08
-0.0005747480358977,5.42904378062291e-08
-0.0005747480358977,5.42904378062291e-08
126443837415.74225,-22892101.28566914
-0.0005747480358961705,5.429868116173815e-08
-0.0005747480358977,5.42904378062291e-08
-0.0005747480358977,5.42904378062291e-08
-0.0005747480358977,5.42904378062291e-08
-0.0005747480358977,5.42904378062291e-08
-0.0005747480358977,5.42904378062291e-08
-0.0005747480358977,5.4290437806239955e-08
-0.0005747480358977,5.42904378062291e-08
-0.0005747480358977,5.42904378062291e-08
-0.0005747480358977,5.42904378062291e-08
-0.0005747480358977,5.42904378062291e-08
-0.0005747480358977,5.42904378062291e-08
5.353685582853843e-05,3.4703123543651726
-0.0005747480358957724,5.430084178754639e-08
-0.0005747480358977,5.42904378062291e-08
-0.0005747480358977,5.42904378062291e-08
-0.0005747480358977,5.42904378062291e-08
-0.0005747480358977,5.42904378062291e-08
-0.0005747480358977,5.42904378062291e-08
-0.0005747480358977,5.42904378062399e-08
-0.0005747480358977,5.42904378062291e-08
-0.0005747480358977,5.42904378062291e-08
-0.0005747480358977,5.42904378062291e-08
-0.0005747480358977,5.42904378062291e-08
-0.0005747480358977,5.42904378062291e-08
-2.3021535382270155e+20,4.167948476772503e+16
-0.0005747480358951443,5.430425236833409e-08
-0.0005747480358977,5.42904378062291e-08
-0.0005747480358977,5.42904378062291e-08
-0.0005747480358977,5.42904378062291e-08
-0.0005747480358977,5.42904378062291e-08
-0.0005747480358977,5.42904378062291e-08
-0.0005747480358977,5.42904378062426e-08
-0.0005747480358977,5.42904378062291e-08
-0.0005747480358977,5.42904378062291e-08
-0.0005747480358977,5.42904378062291e-08
-0.0005747480358977,5.42904378062291e-08
-0.0005747480358977,5.42904378062291e-08
126443837415.74225,-22892101.27785664
-0.0005747480358947422,5.4306470822884357e-08
-0.0005747480358977,5.42904378062291e-08
-0.0005747480358977,5.42904378062291e-08
-0.0005747480358977,5.42904378062291e-08
-0.0005747480358977,5.42904378062291e-08
-0.0005747480358977,5.42904378062291e-08
-0.0005747480358977,5.4290437806248055e-08
-0.0005747480358977,5.42904378062291e-08
-0.0005747480358977,5.42904378062291e-08
-0.0005747480358977,5.42904378062291e-08
-0.0005747480358977,5.42904378062291e-08
-0.0005747480358977,5.42904378062291e-08
-71.6799441862336,3.49106310450289
-0.0005747480358931119,5.4315452043017745e-08
-0.0005747480358977,5.42904378062291e-08
-0.0005747480358977,5.42904378062291e-08
-0.0005747480358977,5.42904378062291e-08
-0.0005747480358977,5.42904378062291e-08
-0.0005747480358977,5.42904378062291e-08
-0.0005747480358977,5.429043780625155e-08
-0.0005747480358977,5.42904378062291e-08
-0.0005747480358977,5.42904378062291e-08
-0.0005747480358977,5.42904378062291e-08
-0.0005747480358977,5.42904378062291e-08
-0.0005747480358977,5.42904378062291e-08
5.541805726422592e-05,3.480703112709285
-0.0005747480358885636,5.434046627634417e-08
-0.0005747480358977,5.42904378062291e-08
-0.0005747480358977,5.42904378062291e-08
-0.0005747480358977,5.42904378062291e-08
-0.0005747480358977,5.42904378062291e-08
-0.0005747480358977,5.42904378062291e-08
-0.0005747480358977,5.4290437806255255e-08
-0.0005747480358977,5.42904378062291e-08
-0.0005747480358977,5.42904378062291e-08
-0.0005747480358977,5.42904378062291e-08
-0.0005747480358977,5.42904378062291e-08
-0.0005747480358977,5.42904378062291e-08
126443837415.74225,-22892101.27004414
-0.0005747480358871914,5.434796947219988e-08
-0.0005747480358977,5.42904378062291e-08
-0.0005747480358977,5.42904378062291e-08
-0.0005747480358977,5.42904378062291e-08
-0.0005747480358977,5.42904378062291e-08
-0.0005747480358977,5.42904378062291e-08
-0.0005747480358977,5.4290437806262143e-08
-0.0005747480358977,5.42904378062291e-08
-0.0005747480358977,5.42904378062291e-08
-0.0005747480358977,5.42904378062291e-08
-0.0005747480358977,5.42904378062291e-08
-0.0005747480358977,5.42904378062291e-08
-71.67994277181461,3.498875604374853
-0.0005747480358799955,5.438776586689511e-08
-0.0005747480358977,5.42904378062291e-08
-0.0005747480358977,5.42904378062291e-08
-0.0005747480358977,5.42904378062291e-08
-0.0005747480358977,5.42904378062291e-08
-0.0005747480358977,5.42904378062291e-08
-0.0005747480358977,5.429043780626278e-08
-0.0005747480358977,5.42904378062291e-08
-0.0005747480358977,5.42904378062291e-08
-0.0005747480358977,5.42904378062291e-08
-0.0005747480358977,5.42904378062291e-08
-0.0005747480358977,5.42904378062291e-08
5.686712050795967e-05,3.488476511927362
-0.0005747480358743719,5.441870052399725e-08
-0.0005747480358977,5.42904378062291e-08
-0.0005747480358977,5.42904378062291e-08
-0.0005747480358977,5.42904378062291e-08
-0.0005747480358977,5.42904378062291e-08
-0.0005747480358977,5.42904378062291e-08
-0.0005747480358977,5.429043780626278e-08
-0.0005747480358977,5.42904378062291e-08
-0.0005747480358977,5.42904378062291e-08
-0.0005747480358977,5.42904378062291e-08
-0.0005747480358977,5.42904378062291e-08
-0.0005747480358977,5.42904378062291e-08
5.8486030539110085e+35,-1.058864049900377e+32
-0.0005747480358578582,5.450964977063075e-08
-0.0005747480358977,5.42904378062291e-08
-0.0005747480358977,5.42904378062291e-08
-0.0005747480358977,5.42904378062291e-08
-0.0005747480358977,5.42904378062291e-08
-0.0005747480358977,5.42904378062291e-08
-0.0005747480358977,5.429043780626892e-08
-0.0005747480358977,5.42904378062291e-08
-0.0005747480358977,5.42904378062291e-08
-0.0005747480358977,5.42904378062291e-08
-0.0005747480358977,5.42904378062291e-08
-0.0005747480358977,5.42904378062291e-08
-3.2186439313332416e+26,5.827214322640273e+22
-0.0005747480358336169,5.46433683463106e-08
-0.0005747480358977,5.42904378062291e-08
-0.0005747480358977,5.42904378062291e-08
-0.0005747480358977,5.42904378062291e-08
-0.0005747480358977,5.42904378062291e-08
-0.0005747480358977,5.42904378062291e-08
-0.0005747480358977,5.429043780626998e-08
-0.0005747480358977,5.42904378062291e-08
-0.0005747480358977,5.42904378062291e-08
-0.0005747480358977,5.42904378062291e-08
-0.0005747480358977,5.42904378062291e-08
-0.0005747480358977,5.42904378062291e-08
5.82815395030633e-05,3.496289011799325
-0.0005747480358283384,5.467247167668828e-08
-0.0005747480358977,5.42904378062291e-08
-0.0005747480358977,5.42904378062291e-08
-0.0005747480358977,5.42904378062291e-08
-0.0005747480358977,5.42904378062291e-08
-0.0005747480358977,5.42904378062291e-08
-0.0005747480358977,5.429043780627167e-08
-0.0005747480358977,5.42904378062291e-08
-0.0005747480358977,5.42904378062291e-08
-0.0005747480358977,5.42904378062291e-08
-0.0005747480358977,5.42904378062291e-08
-0.0005747480358977,5.42904378062291e-08
5.8486030539110085e+35,-1.058864049900377e+32
-0.0005747480357966956,5.4847139648350546e-08
-0.0005747480358977,5.42904378062291e-08
-0.0005747480358977,5.42904378062291e-08
-0.0005747480358977,5.42904378062291e-08
-0.0005747480358977,5.42904378062291e-08
-0.0005747480358977,5.42904378062291e-08
-0.0005747480358977,5.429043780627485e-08
-0.0005747480358977,5.42904378062291e-08
-0.0005747480358977,5.42904378062291e-08
-0.0005747480358977,5.42904378062291e-08
-0.0005747480358977,5.42904378062291e-08
-0.0005747480358977,5.42904378062291e-08
-4.9326818728705414e+32,8.930405186731194e+28
-0.0005747480357926962,5.486896657713717e-08
-0.0005747480358977,5.42904378062291e-08
-0.0005747480358977,5.42904378062291e-08
-0.0005747480358977,5.42904378062291e-08
-0.0005747480358977,5.42904378062291e-08
-0.0005747480358977,5.42904378062291e-08
-0.0005747480358977,5.4290437806282684e-08
-0.0005747480358977,5.42904378062291e-08
-0.0005747480358977,5.42904378062291e-08
-0.0005747480358977,5.42904378062291e-08
-0.0005747480358977,5.42904378062291e-08
-0.0005747480358977,5.42904378062291e-08
5.927935973504598e-05,3.5020310847718616
-0.0005747480357919197,5.4872603556662575e-08
-0.0005747480358977,5.42904378062291e-08
-0.0005747480358977,5.42904378062291e-08
-0.0005747480358977,5.42904378062291e-08
-0.0005747480358977,5.42904378062291e-08
-0.0005747480358977,5.42904378062291e-08
-0.0005747480358977,5.4290437806280136e-08
-0.0005747480358977,5.42904378062291e-08
-0.0005747480358977,5.42904378062291e-08
-0.0005747480358977,5.42904378062291e-08
-0.0005747480358977,5.42904378062291e-08
-0.0005747480358977,5.42904378062291e-08
126443837415.74226,-22892101.25002461
-0.0005747480357023792,5.536745548576668e-08
-0.0005747480358977,5.42904378062291e-08
-0.0005747480358977,5.42904378062291e-08
-0.0005747480358977,5.42904378062291e-08
-0.0005747480358977,5.42904378062291e-08
-0.0005747480358977,5.42904378062291e-08
-0.0005747480358977,5.42904378062939e-08
-0.0005747480358977,5.42904378062291e-08
-0.0005747480358977,5.42904378062291e-08
-0.0005747480358977,5.42904378062291e-08
-0.0005747480358977,5.42904378062291e-08
-0.0005747480358977,5.42904378062291e-08
-4.9326818728705414e+32,8.930405186731194e+28
-0.0005747480355824949,5.6029546745610824e-08
-0.0005747480358977,5.42904378062291e-08
-0.0005747480358977,5.42904378062291e-08
-0.0005747480358977,5.42904378062291e-08
-0.0005747480358977,5.42904378062291e-08
-0.0005747480358977,5.42904378062291e-08
-0.0005747480358977,5.429043780631465e-08
-0.0005747480358977,5.42904378062291e-08
-0.0005747480358977,5.42904378062291e-08
-0.0005747480358977,5.42904378062291e-08
-0.0005747480358977,5.42904378062291e-08
-0.0005747480358977,5.42904378062291e-08
5.9986569232597735e-05,3.505937334707843
-0.0005747480354517479,5.67500180829943e-08
-0.0005747480358977,5.42904378062291e-08
-0.0005747480358977,5.42904378062291e-08
-0.0005747480358977,5.42904378062291e-08
-0.0005747480358977,5.42904378062291e-08
-0.0005747480358977,5.42904378062291e-08
-0.0005747480358977,5.429043780632185e-08
-0.0005747480358977,5.42904378062291e-08
-0.0005747480358977,5.42904378062291e-08
-0.0005747480358977,5.42904378062291e-08
-0.0005747480358977,5.42904378062291e-08
-0.0005747480358977,5.42904378062291e-08
2.7200829774965327e+23,-4.9245914811931754e+19
-0.0005747480354538789,5.6735468610403946e-08
-0.0005747480358977,5.42904378062291e-08
-0.0005747480358977,5.42904378062291e-08
-0.0005747480358977,5.42904378062291e-08
-0.0005747480358977,5.42904378062291e-08
-0.0005747480358977,5.42904378062291e-08
-0.0005747480358977,5.42904378063371e-08
-0.0005747480358977,5.42904378062291e-08
-0.0005747480358977,5.42904378062291e-08
-0.0005747480358977,5.42904378062291e-08
-0.0005747480358977,5.42904378062291e-08
-0.0005747480358977,5.42904378062291e-08
6.045692493428256e-05,3.5085351435031527
-0.0005747480353374721,5.737575464622749e-08
-0.0005747480358977,5.42904378062291e-08
-0.0005747480358977,5.42904378062291e-08
-0.0005747480358977,5.42904378062291e-08
-0.0005747480358977,5.42904378062291e-08
-0.0005747480358977,5.42904378062291e-08
-0.0005747480358977,5.4290437806357004e-08
-0.0005747480358977,5.42904378062291e-08
-0.0005747480358977,5.42904378062291e-08
-0.0005747480358977,5.42904378062291e-08
-0.0005747480358977,5.42904378062291e-08
-0.0005747480358977,5.42904378062291e-08
-71.67993844015643,3.522801385232739
-0.0005747480352691818,5.775410443600203e-08
-0.0005747480358977,5.42904378062291e-08
-0.0005747480358977,5.42904378062291e-08
-0.0005747480358977,5.42904378062291e-08
-0.0005747480358977,5.42904378062291e-08
-0.0005747480358977,5.42904378062291e-08
-0.0005747480358977,5.429043780639173e-08
-0.0005747480358977,5.42904378062291e-08
-0.0005747480358977,5.42904378062291e-08
-0.0005747480358977,5.42904378062291e-08
-0.0005747480358977,5.42904378062291e-08
-0.0005747480358977,5.42904378062291e-08
2.7200829774965327e+23,-4.9245914811931754e+19
-0.0005747480351373268,5.848201815335246e-08
-0.0005747480358977,5.42904378062291e-08
-0.0005747480358977,5.42904378062291e-08
-0.0005747480358977,5.42904378062291e-08
-0.0005747480358977,5.42904378062291e-08
-0.0005747480358977,5.42904378062291e-08
-0.0005747480358977,5.429043780643747e-08
-0.0005747480358977,5.42904378062291e-08
-0.0005747480358977,5.42904378062291e-08
-0.0005747480358977,5.42904378062291e-08
-0.0005747480358977,5.42904378062291e-08
-0.0005747480358977,5.42904378062291e-08
6.116413443183432e-05,3.512441393439134
-0.0005747480349625632,5.944245120386294e-08
-0.0005747480358977,5.42904378062291e-08
-0.0005747480358977,5.42904378062291e-08
-0.0005747480358977,5.42904378062291e-08
-0.0005747480358977,5.42904378062291e-08
-0.0005747480358977,5.42904378062291e-08
-0.0005747480358977,5.4290437806411215e-08
-0.0005747480358977,5.42904378062291e-08
-0.0005747480358977,5.42904378062291e-08
-0.0005747480358977,5.42904378062291e-08
-0.0005747480358977,5.42904378062291e-08
-0.0005747480358977,5.42904378062291e-08
-151996490972517.88,27518301129.144394
-0.0005747480347545682,6.057750590169163e-08
-0.0005747480358977,5.42904378062291e-08
-0.0005747480358977,5.42904378062291e-08
-0.0005747480358977,5.42904378062291e-08
-0.0005747480358977,5.42904378062291e-08
-0.0005747480358977,5.42904378062291e-08
-0.0005747480358977,5.429043780641801e-08
-0.0005747480358977,5.42904378062291e-08
-0.0005747480358977,5.42904378062291e-08
-0.0005747480358977,5.42904378062291e-08
-0.0005747480358977,5.42904378062291e-08
-0.0005747480358977,5.42904378062291e-08
5.8486030539110085e+35,-1.058864049900377e+32
-0.0005747480339516283,6.50019413134851e-08
-0.0005747480358977,5.42904378062291e-08
-0.0005747480358977,5.42904378062291e-08
-0.0005747480358977,5.42904378062291e-08
-0.0005747480358977,5.42904378062291e-08
-0.0005747480358977,5.42904378062291e-08
-0.0005747480358977,5.42904378065273e-08
-0.0005747480358977,5.42904378062291e-08
-0.0005747480358977,5.42904378062291e-08
-0.0005747480358977,5.42904378062291e-08
-0.0005747480358977,5.42904378062291e-08
-0.0005747480358977,5.42904378062291e-08
6.186780442872704e-05,3.5163280930519494
-0.0005747480334885535,6.756309345084724e-08
-0.0005747480358977,5.42904378062291e-08
-0.0005747480358977,5.42904378062291e-08
-0.0005747480358977,5.42904378062291e-08
-0.0005747480358977,5.42904378062291e-08
-0.0005747480358977,5.42904378062291e-08
-0.0005747480358977,5.429043780668658e-08
-0.0005747480358977,5.42904378062291e-08
-0.0005747480358977,5.42904378062291e-08
-0.0005747480358977,5.42904378062291e-08
-0.0005747480358977,5.42904378062291e-08
-0.0005747480358977,5.42904378062291e-08
-151996490972517.88,27518301129.1483
-0.0005747480319468685,7.606274940109702e-08
-0.0005747480358977,5.42904378062291e-08
-0.0005747480358977,5.42904378062291e-08
-0.0005747480358977,5.42904378062291e-08
-0.0005747480358977,5.42904378062291e-08
-0.0005747480358977,5.42904378062291e-08
-0.0005747480358977,5.429043780683227e-08
-0.0005747480358977,5.42904378062291e-08
-0.0005747480358977,5.42904378062291e-08
-0.0005747480358977,5.42904378062291e-08
-0.0005747480358977,5.42904378062291e-08
-0.0005747480358977,5.42904378062291e-08
5.8486030539110085e+35,-1.058864049900377e+32
-0.0005747480313306483,7.943882742862384e-08
-0.0005747480358977,5.42904378062291e-08
-0.0005747480358977,5.42904378062291e-08
-0.0005747480358977,5.42904378062291e-08
-0.0005747480358977,5.42904378062291e-08
-0.0005747480358977,5.42904378062291e-08
-0.0005747480358977,5.4290437806950854e-08
-0.0005747480358977,5.42904378062291e-08
-0.0005747480358977,5.42904378062291e-08
-0.0005747480358977,5.42904378062291e-08
-0.0005747480358977,5.42904378062291e-08
-0.0005747480358977,5.42904378062291e-08
89128.95953935475,-12.616213764230908
-0.0005747480312475574,7.990452245930047e-08
-0.0005747480358977,5.42904378062291e-08
-0.0005747480358977,5.42904378062291e-08
-0.0005747480358977,5.42904378062291e-08
-0.0005747480358977,5.42904378062291e-08
-0.0005747480358977,5.42904378062291e-08
-0.0005747480358977,5.4290437807238925e-08
-0.0005747480358977,5.42904378062291e-08
-0.0005747480358977,5.42904378062291e-08
-0.0005747480358977,5.42904378062291e-08
-0.0005747480358977,5.42904378062291e-08
-0.0005747480358977,5.42904378062291e-08
-3.2186439313332416e+26,5.827214322640273e+22
-0.0005747480277876771,9.899942025298745e-08
-0.0005747480358977,5.42904378062291e-08
-0.0005747480358977,5.42904378062291e-08
-0.0005747480358977,5.42904378062291e-08
-0.0005747480358977,5.42904378062291e-08
-0.0005747480358977,5.42904378062291e-08
-0.0005747480358977,5.429043780688309e-08
-0.0005747480358977,5.42904378062291e-08
-0.0005747480358977,5.42904378062291e-08
-0.0005747480358977,5.42904378062291e-08
-0.0005747480358977,5.42904378062291e-08
-0.0005747480358977,5.42904378062291e-08
6.304175320222044e-05,3.522812363041506
-0.0005747480279943174,9.783535942360755e-08
-0.0005747480358977,5.42904378062291e-08
-0.0005747480358977,5.42904378062291e-08
-0.0005747480358977,5.42904378062291e-08
-0.0005747480358977,5.42904378062291e-08
-0.0005747480358977,5.42904378062291e-08
-0.0005747480358977,5.4290437807018617e-08
-0.0005747480358977,5.42904378062291e-08
-0.0005747480358977,5.42904378062291e-08
-0.0005747480358977,5.42904378062291e-08
-0.0005747480358977,5.42904378062291e-08
-0.0005747480358977,5.42904378062291e-08
89128.95954006196,-12.612307514294928
-0.0005747480276991259,9.94652271931582e-08
-0.0005747480358977,5.42904378062291e-08
-0.0005747480358977,5.42904378062291e-08
-0.0005747480358977,5.42904378062291e-08
-0.0005747480358977,5.42904378062291e-08
-0.0005747480358977,5.42904378062291e-08
-0.0005747480358977,5.429043780706267e-08
-0.0005747480358977,5.42904378062291e-08
-0.0005747480358977,5.42904378062291e-08
-0.0005747480358977,5.42904378062291e-08
-0.0005747480358977,5.42904378062291e-08
-0.0005747480358977,5.42904378062291e-08
-3.2186439313332416e+26,5.827214322640273e+22
-0.0005747480246632733,1.1623489168629932e-07
-0.0005747480358977,5.42904378062291e-08
-0.0005747480358977,5.42904378062291e-08
-0.0005747480358977,5.42904378062291e-08
-0.0005747480358977,5.42904378062291e-08
-0.0005747480358977,5.42904378062291e-08
-0.0005747480358977,5.429043780706606e-08
-0.0005747480358977,5.42904378062291e-08
-0.0005747480358977,5.42904378062291e-08
-0.0005747480358977,5.42904378062291e-08
-0.0005747480358977,5.42904378062291e-08
-0.0005747480358977,5.42904378062291e-08
6.374542319908974e-05,3.526699062654321
-0.0005747480239869088,1.199603453481932e-07
-0.0005747480358977,5.42904378062291e-08
-0.0005747480358977,5.42904378062291e-08
-0.0005747480358977,5.42904378062291e-08
-0.0005747480358977,5.42904378062291e-08
-0.0005747480358977,5.42904378062291e-08
-0.0005747480358977,5.429043780695764e-08
-0.0005747480358977,5.42904378062291e-08
-0.0005747480358977,5.42904378062291e-08
-0.0005747480358977,5.42904378062291e-08
-0.0005747480358977,5.42904378062291e-08
-0.0005747480358977,5.42904378062291e-08
1.902320527016046e+17,-34440682653230.254
-0.0005747480269282024,1.0365654108484119e-07
-0.0005747480358977,5.42904378062291e-08
-0.0005747480358977,5.42904378062291e-08
-0.0005747480358977,5.42904378062291e-08
-0.0005747480358977,5.42904378062291e-08
-0.0005747480358977,5.42904378062291e-08
-0.0005747480358977,5.429043780701515e-08
-0.0005747480358977,5.42904378062291e-08
-0.0005747480358977,5.42904378062291e-08
-0.0005747480358977,5.42904378062291e-08
-0.0005747480358977,5.42904378062291e-08
-0.0005747480358977,5.42904378062291e-08
6.421574514035606e-05,3.529296871449637
-0.0005747480265099806,1.0597883984489141e-07
-0.0005747480358977,5.42904378062291e-08
-0.0005747480358977,5.42904378062291e-08
-0.0005747480358977,5.42904378062291e-08
-0.0005747480358977,5.42904378062291e-08
-0.0005747480358977,5.42904378062291e-08
-0.0005747480358977,5.42904378073e-08
-0.0005747480358977,5.42904378062291e-08
-0.0005747480358977,5.42904378062291e-08
-0.0005747480358977,5.42904378062291e-08
-0.0005747480358977,5.42904378062291e-08
-0.0005747480358977,5.42904378062291e-08
6.44526326966416e-05,3.5306053125903025
-0.0005747480254509501,1.1180877184134197e-07
-0.0005747480358977,5.42904378062291e-08
-0.0005747480358977,5.42904378062291e-08
-0.0005747480358977,5.42904378062291e-08
-0.0005747480358977,5.42904378062291e-08
-0.0005747480358977,5.42904378062291e-08
-0.0005747480358977,5.429043780695767e-08
-0.0005747480358977,5.42904378062291e-08
-0.0005747480358977,5.42904378062291e-08
-0.0005747480358977,5.42904378062291e-08
-0.0005747480358977,5.42904378062291e-08
-0.0005747480358977,5.42904378062291e-08
1.902320527016046e+17,-34440682653230.25
-0.0005747480170521787,1.5815124937954294e-07
-0.0005747480358977,5.42904378062291e-08
-0.0005747480358977,5.42904378062291e-08
-0.0005747480358977,5.42904378062291e-08
-0.0005747480358977,5.42904378062291e-08
-0.0005747480358977,5.42904378062291e-08
-0.0005747480358977,5.42904378070287e-08
-0.0005747480358977,5.42904378062291e-08
-0.0005747480358977,5.42904378062291e-08
-0.0005747480358977,5.42904378062291e-08
-0.0005747480358977,5.42904378062291e-08
-0.0005747480358977,5.42904378062291e-08
6.491941513724867e-05,3.533183571062452
-0.0005747480083613664,2.061326079226158e-07
-0.0005747480358977,5.42904378062291e-08
-0.0005747480358977,5.42904378062291e-08
-0.0005747480358977,5.42904378062291e-08
-0.0005747480358977,5.42904378062291e-08
-0.0005747480358977,5.42904378062291e-08
-0.0005747480358977,5.429043780721868e-08
-0.0005747480358977,5.42904378062291e-08
-0.0005747480358977,5.42904378062291e-08
-0.0005747480358977,5.42904378062291e-08
-0.0005747480358977,5.42904378062291e-08
-0.0005747480358977,5.42904378062291e-08
1.5107475825353284e-05,3.5344920212642394
-0.0005747479822174776,3.5052408388522935e-07
-0.0005747480358977,5.42904378062291e-08
-0.0005747480358977,5.42904378062291e-08
-0.0005747480358977,5.42904378062291e-08
-0.0005747480358977,5.42904378062291e-08
-0.0005747480358977,5.42904378062291e-08
-0.0005747480358977,5.429043780733388e-08
-0.0005747480358977,5.42904378062291e-08
-0.0005747480358977,5.42904378062291e-08
-0.0005747480358977,5.42904378062291e-08
-0.0005747480358977,5.42904378062291e-08
-0.0005747480358977,5.42904378062291e-08
1.902320527016046e+17,-34440682653230.246
-0.0005747479386968208,5.908784332542722e-07
-0.0005747480358977,5.42904378062291e-08
-0.0005747480358977,5.42904378062291e-08
-0.0005747480358977,5.42904378062291e-08
-0.0005747480358977,5.42904378062291e-08
-0.0005747480358977,5.42904378062291e-08
-0.0005747480358977,5.429043780760493e-08
-0.0005747480358977,5.42904378062291e-08
-0.0005747480358977,5.42904378062291e-08
-0.0005747480358977,5.42904378062291e-08
-0.0005747480358977,5.42904378062291e-08
-0.0005747480358977,5.42904378062291e-08
6.562662463480053e-05,3.5370898209984336
-0.0005747479043002289,7.808681785187548e-07
-0.0005747480358977,5.42904378062291e-08
-0.0005747480358977,5.42904378062291e-08
-0.0005747480358977,5.42904378062291e-08
-0.0005747480358977,5.42904378062291e-08
-0.0005747480358977,5.42904378062291e-08
-0.0005747480358977,5.429043780814049e-08
-0.0005747480358977,5.42904378062291e-08
-0.0005747480358977,5.42904378062291e-08
-0.0005747480358977,5.42904378062291e-08
-0.0005747480358977,5.42904378062291e-08
-0.0005747480358977,5.42904378062291e-08
1.581468532290515e-05,3.538398271200221
-0.0005747478240127534,1.2243249980660018e-06
-0.0005747480358977,5.42904378062291e-08
-0.0005747480358977,5.42904378062291e-08
-0.0005747480358977,5.42904378062291e-08
-0.0005747480358977,5.42904378062291e-08
-0.0005747480358977,5.42904378062291e-08
-0.0005747480358977,5.429043780866905e-08
-0.0005747480358977,5.42904378062291e-08
-0.0005747480358977,5.42904378062291e-08
-0.0005747480358977,5.42904378062291e-08
-0.0005747480358977,5.42904378062291e-08
-0.0005747480358977,5.42904378062291e-08
4.0564817635801884e+29,-7.344083140775411e+25
-0.0005747477821928821,1.4552924243504166e-06
-0.0005747480358977,5.42904378062291e-08
-0.0005747480358977,5.42904378062291e-08
-0.0005747480358977,5.42904378062291e-08
-0.0005747480358977,5.42904378062291e-08
-0.0005747480358977,5.42904378062291e-08
-0.0005747480358977,5.429043780864158e-08
-0.0005747480358977,5.42904378062291e-08
-0.0005747480358977,5.42904378062291e-08
-0.0005747480358977,5.42904378062291e-08
-0.0005747480358977,5.42904378062291e-08
-0.0005747480358977,5.42904378062291e-08
6.633029465897796e-05,3.5409765206112493
-0.0005747476202561867,2.349654029120092e-06
-0.0005747480358977,5.42904378062291e-08
-0.0005747480358977,5.42904378062291e-08
-0.0005747480358977,5.42904378062291e-08
-0.0005747480358977,5.42904378062291e-08
-0.0005747480358977,5.42904378062291e-08
-0.0005747480358977,5.429043781010537e-08
-0.0005747480358977,5.42904378062291e-08
-0.0005747480358977,5.42904378062291e-08
-0.0005747480358977,5.42904378062291e-08
-0.0005747480358977,5.42904378062291e-08
-0.0005747480358977,5.42904378062291e-08
-107374182.24020365,19443.169220430573
-0.0005747474394806286,3.348032267488793e-06
-0.0005747480358977,5.42904378062291e-08
-0.0005747480358977,5.42904378062291e-08
-0.0005747480358977,5.42904378062291e-08
-0.0005747480358977,5.42904378062291e-08
-0.0005747480358977,5.42904378062291e-08
-0.0005747480358977,5.4290437809305645e-08
-0.0005747480358977,5.42904378062291e-08
-0.0005747480358977,5.42904378062291e-08
-0.0005747480358977,5.42904378062291e-08
-0.0005747480358977,5.42904378062291e-08
-0.0005747480358977,5.42904378062291e-08
4.0564817635801884e+29,-7.344083140775411e+25
-0.0005747474178853465,3.467242009830893e-06
-0.0005747480358977,5.42904378062291e-08
-0.0005747480358977,5.42904378062291e-08
-0.0005747480358977,5.42904378062291e-08
-0.0005747480358977,5.42904378062291e-08
-0.0005747480358977,5.42904378062291e-08
-0.0005747480358977,5.4290437810132455e-08
-0.0005747480358977,5.42904378062291e-08
-0.0005747480358977,5.42904378062291e-08
-0.0005747480358977,5.42904378062291e-08
-0.0005747480358977,5.42904378062291e-08
-0.0005747480358977,5.42904378062291e-08
6.703750415652983e-05,3.5448827705472308
-0.0005747472264580702,4.524638722678485e-06
-0.0005747480358977,5.42904378062291e-08
-0.0005747480358977,5.42904378062291e-08
-0.0005747480358977,5.42904378062291e-08
-0.0005747480358977,5.42904378062291e-08
-0.0005747480358977,5.42904378062291e-08
-0.0005747480358977,5.429043781289716e-08
-0.0005747480358977,5.42904378062291e-08
-0.0005747480358977,5.42904378062291e-08
-0.0005747480358977,5.42904378062291e-08
-0.0005747480358977,5.42904378062291e-08
-0.0005747480358977,5.42904378062291e-08
-2.3021535382270155e+20,4.167948476772503e+16
-0.0005747468269759594,6.731180608139764e-06
-0.0005747480358977,5.42904378062291e-08
-0.0005747480358977,5.42904378062291e-08
-0.0005747480358977,5.42904378062291e-08
-0.0005747480358977,5.42904378062291e-08
-0.0005747480358977,5.42904378062291e-08
-0.0005747480358977,5.429043781441525e-08
-0.0005747480358977,5.42904378062291e-08
-0.0005747480358977,5.42904378062291e-08
-0.0005747480358977,5.42904378062291e-08
-0.0005747480358977,5.42904378062291e-08
-0.0005747480358977,5.42904378062291e-08
6.75077829058458e-05,3.547480340923971
-0.0005747458339295031,1.221597972150127e-05
-0.0005747480358977,5.42904378062291e-08
-0.0005747480358977,5.42904378062291e-08
-0.0005747480358977,5.42904378062291e-08
-0.0005747480358977,5.42904378062291e-08
-0.0005747480358977,5.42904378062291e-08
-0.0005747480358977,5.429043781322264e-08
-0.0005747480358977,5.42904378062291e-08
-0.0005747480358977,5.42904378062291e-08
-0.0005747480358977,5.42904378062291e-08
-0.0005747480358977,5.42904378062291e-08
-0.0005747480358977,5.42904378062291e-08
6.774471365408158e-05,3.548789020483212
-0.0005747463629572215,9.293602307584935e-06
-0.0005747480358977,5.42904378062291e-08
-0.0005747480358977,5.42904378062291e-08
-0.0005747480358977,5.42904378062291e-08
-0.0005747480358977,5.42904378062291e-08
-0.0005747480358977,5.42904378062291e-08
-0.0005747480358977,5.4290437809603794e-08
-0.0005747480358977,5.42904378062291e-08
-0.0005747480358977,5.42904378062291e-08
-0.0005747480358977,5.42904378062291e-08
-0.0005747480358977,5.42904378062291e-08
-0.0005747480358977,5.42904378062291e-08
-2.3021535382270155e+20,4.167948476772503e+16
-0.0005747467567632672,7.117734949405441e-06
-0.0005747480358977,5.42904378062291e-08
-0.0005747480358977,5.42904378062291e-08
-0.0005747480358977,5.42904378062291e-08
-0.0005747480358977,5.42904378062291e-08
-0.0005747480358977,5.42904378062291e-08
-0.0005747480358977,5.4290437809454716e-08
-0.0005747480358977,5.42904378062291e-08
-0.0005747480358977,5.42904378062291e-08
-0.0005747480358977,5.42904378062291e-08
-0.0005747480358977,5.42904378062291e-08
-0.0005747480358977,5.42904378062291e-08
6.821499240339756e-05,3.5513865908599525
-0.0005747464274542903,8.935966259295976e-06
-0.0005747480358977,5.42904378062291e-08
-0.0005747480358977,5.42904378062291e-08
-0.0005747480358977,5.42904378062291e-08
-0.0005747480358977,5.42904378062291e-08
-0.0005747480358977,5.42904378062291e-08
-0.0005747480358977,5.429043780999694e-08
-0.0005747480358977,5.42904378062291e-08
-0.0005747480358977,5.42904378062291e-08
-0.0005747480358977,5.42904378062291e-08
-0.0005747480358977,5.42904378062291e-08
-0.0005747480358977,5.42904378062291e-08
0.0588184472717724,3.5526650836652114
-0.0005747458985618751,1.1856521955319303e-05
-0.0005747480358977,5.42904378062291e-08
-0.0005747480358977,5.42904378062291e-08
-0.0005747480358977,5.42904378062291e-08
-0.0005747480358977,5.42904378062291e-08
-0.0005747480358977,5.42904378062291e-08
-0.0005747480358977,5.4290437810918515e-08
-0.0005747480358977,5.42904378062291e-08
-0.0005747480358977,5.42904378062291e-08
-0.0005747480358977,5.42904378062291e-08
-0.0005747480358977,5.42904378062291e-08
-0.0005747480358977,5.42904378062291e-08
-4.9326818728705414e+32,8.930405186731194e+28
-0.0005747455531031217,1.3763867828362934e-05
-0.0005747480358977,5.42904378062291e-08
-0.0005747480358977,5.42904378062291e-08
-0.0005747480358977,5.42904378062291e-08
-0.0005747480358977,5.42904378062291e-08
-0.0005747480358977,5.42904378062291e-08
-0.0005747480358977,5.429043781219221e-08
-0.0005747480358977,5.42904378062291e-08
-0.0005747480358977,5.42904378062291e-08
-0.0005747480358977,5.42904378062291e-08
-0.0005747480358977,5.42904378062291e-08
-0.0005747480358977,5.42904378062291e-08
6.891866240029028e-05,3.555273290472768
-0.0005747444088541635,2.0082502129789905e-05
-0.0005747480358977,5.42904378062291e-08
-0.0005747480358977,5.42904378062291e-08
-0.0005747480358977,5.42904378062291e-08
-0.0005747480358977,5.42904378062291e-08
-0.0005747480358977,5.42904378062291e-08
-0.0005747480358977,5.429043783507079e-08
-0.0005747480358977,5.42904378062291e-08
-0.0005747480358977,5.42904378062291e-08
-0.0005747480358977,5.42904378062291e-08
-0.0005747480358977,5.42904378062291e-08
-0.0005747480358977,5.42904378062291e-08
0.05881915448126995,3.556571333601193
-0.0005747439122849778,2.282434484832205e-05
-0.0005747480358977,5.42904378062291e-08
-0.0005747480358977,5.42904378062291e-08
-0.0005747480358977,5.42904378062291e-08
-0.0005747480358977,5.42904378062291e-08
-0.0005747480358977,5.42904378062291e-08
-0.0005747480358977,5.429043784721386e-08
-0.0005747480358977,5.42904378062291e-08
-0.0005747480358977,5.42904378062291e-08
-0.0005747480358977,5.42904378062291e-08
-0.0005747480358977,5.42904378062291e-08
-0.0005747480358977,5.42904378062291e-08
-4.9326818728705414e+32,8.930405186731194e+28
-0.0005747480358977,5.429043781151484e-08
-0.0005747480358977,5.42904378062291e-08
-0.0005747480358977,5.42904378062291e-08
-0.0005747480358977,5.42904378062291e-08
-0.0005747480358977,5.42904378062291e-08
-0.0005747480358977,5.42904378062291e-08
-0.0005747480358976999,5.4290437860657964e-08
-0.0005747480358977,5.4290437806550995e-08
-0.0005747480358977,5.42904378062291e-08
-0.0005747480358977,5.42904378062291e-08
-0.0005747480358977,5.42904378062291e-08
-0.0005747480358977,5.42904378062291e-08
6.962229863674107e-05,3.5591599900855897
-0.0005747423354493952,3.152790341123052e-05
-0.0005747480358977,5.42904378062291e-08
-0.0005747480358977,5.42904378062291e-08
-0.0005747480358977,5.42904378062291e-08
-0.0005747480358977,5.42904378062291e-08
-0.0005747480358977,5.42904378062291e-08
-0.0005747480358976999,5.4290437896872216e-08
-0.0005747480358977,5.429043780660012e-08
-0.0005747480358977,5.42904378062291e-08
-0.0005747480358977,5.42904378062291e-08
-0.0005747480358977,5.42904378062291e-08
-0.0005747480358977,5.42904378062291e-08
2.7200829774965327e+23,-4.9245914811931754e+19
-0.0005747480333538256,5.429043734569844e-08
-0.0005747480358977,5.42904378062291e-08
-0.0005747480358976998,5.429043780622906e-08
-0.0005747480358977,5.42904378062291e-08
-0.0005747480358977,5.42904378062291e-08
-0.0005747480358977,5.42904378062291e-08
-0.0005747480358976999,5.429043792940213e-08
-0.0005747480358977,5.429043780651203e-08
-0.0005747480358977,5.429043780632357e-08
-0.0005747480358977,5.42904378062291e-08
-0.0005747480358977,5.42904378062291e-08
-0.0005747480358977,5.42904378062291e-08
7.00926543384259e-05,3.5617577988808993
-0.0005747480328138131,5.429043724796034e-08
-0.0005747480358977,5.4290437806365514e-08
-0.0005747480358977,5.42904378062291e-08
-0.0005747480358977,5.42904378062291e-08
-0.0005747480358977,5.42904378062291e-08
-0.0005747480358977,5.42904378062291e-08
-0.0005747480358976999,5.4290437806260006e-08
-0.0005747480358977,5.429043780656963e-08
-0.0005747480358977,5.429043780631255e-08
-0.0005747480358977,5.42904378062291e-08
-0.0005747480358977,5.42904378062291e-08
-0.0005747480358977,5.42904378062291e-08
7.032950813429294e-05,3.563066240021571
-0.0005747480309520599,5.429043691084254e-08
-0.0005747480358977,5.4290437806379914e-08
-0.0005747480358977,5.42904378062291e-08
-0.0005747480358977,5.42904378062291e-08
-0.0005747480358977,5.42904378062291e-08
-0.0005747480358977,5.42904378062291e-08
-0.0005747480358976999,5.429043804910567e-08
-0.0005747480358977,5.429043780623248e-08
-0.0005747480358977,5.42904378062291e-08
-0.0005747480358977,5.42904378062291e-08
-0.0005747480358977,5.42904378062291e-08
-0.0005747480358977,5.42904378062291e-08
2.7200829774965327e+23,-4.9245914811931754e+19
-0.0005747480358977,5.4290437806229096e-08
-0.0005747480358977,5.42904378062506e-08
-0.0005747480358977,5.42904378062291e-08
-0.0005747480358977,5.42904378062291e-08
-0.0005747480358977,5.42904378062291e-08
-0.0005747480358977,5.42904378062291e-08
-0.0005747480358976999,5.42904378065984e-08
-0.0005747480358977,5.4290437806233894e-08
-0.0005747480358976999,5.429043780622908e-08
-0.0005747480358977,5.42904378062291e-08
-0.0005747480358977,5.42904378062291e-08
-0.0005747480358977,5.42904378062291e-08
7.079632433531851e-05,3.565644498493715
-0.0005747480358977,5.429043780625875e-08
-0.0005747480358977,5.429043780623054e-08
-0.0005747480358977,5.42904378062291e-08
-0.0005747480358977,5.42904378062291e-08
-0.0005747480358977,5.42904378062291e-08
-0.0005747480358977,5.42904378062291e-08
-0.0005747480358976999,5.429043780630702e-08
-0.0005747480358977,5.4290437806246784e-08
-0.0005747480358977,5.429043780623969e-08
-0.0005747480358977,5.42904378062291e-08
-0.0005747480358977,5.42904378062291e-08
-0.0005747480358977,5.42904378062291e-08
-71.67992809721754,3.579930290546467
-0.0005747480358977,5.429043780624996e-08
-0.0005747480358977,5.429043780623113e-08
-0.0005747480358977,5.42904378062291e-08
-0.0005747480358977,5.42904378062291e-08
-0.0005747480358977,5.42904378062291e-08
-0.0005747480358977,5.42904378062291e-08
-0.0005747480358977,5.4290437806229096e-08
-0.0005747480358977,5.429043780623205e-08
-0.0005747480358977,5.42904378062291e-08
-0.0005747480358977,5.42904378062291e-08
-0.0005747480358977,5.42904378062291e-08
-0.0005747480358977,5.42904378062291e-08
5.8486030539110085e+35,-1.058864049900377e+32
-0.0005747480358976999,5.4290437806287965e-08
-0.0005747480358977,5.42904378062291e-08
-0.0005747480358977,5.42904378062291e-08
-0.0005747480358977,5.42904378062291e-08
-0.0005747480358977,5.42904378062291e-08
-0.0005747480358977,5.42904378062291e-08
-0.0005747480358977,5.429043780623714e-08
-0.0005747480358977,5.429043780624075e-08
-0.0005747480358977,5.4290437808344064e-08
-0.0005747480358977,5.42904378062291e-08
-0.0005747480358977,5.42904378062291e-08
-0.0005747480358977,5.42904378062291e-08
7.150353383287037e-05,3.569550748429696
-0.0005747480358977,5.429043780623598e-08
-0.0005747480358977,5.429043780623964e-08
-0.0005747480358977,5.42904378062291e-08
-0.0005747480358977,5.42904378062291e-08
-0.0005747480358977,5.42904378062291e-08
-0.0005747480358977,5.42904378062291e-08
-0.0005747480358977,5.429043780625917e-08
-0.0005747480358977,5.429043780624244e-08
-0.0005747480358977,5.42904378062291e-08
-0.0005747480358977,5.42904378062291e-08
-0.0005747480358977,5.42904378062291e-08
-0.0005747480358977,5.42904378062291e-08
-71.67992739000803,3.583836540482448
-0.0005747480358976999,5.4290437806235654e-08
-0.0005747480358977,5.4290437806271884e-08
-0.0005747480358977,5.42904378062291e-08
-0.0005747480358977,5.42904378062291e-08
-0.0005747480358977,5.42904378062291e-08
-0.0005747480358977,5.42904378062291e-08
-0.0005747480358977,5.429043780643917e-08
-0.0005747480358977,5.42904378062299e-08
-0.0005747480358976939,5.429043780623075e-08
-0.0005747480358977,5.42904378062291e-08
-0.0005747480358977,5.42904378062291e-08
-0.0005747480358977,5.42904378062291e-08
7.197027310881202e-05,3.572128768483271
-0.0005747480358976999,5.429043780627418e-08
-0.0005747480358977,5.429043780626045e-08
-0.0005747480358977,5.42904378062291e-08
-0.0005747480358977,5.42904378062291e-08
-0.0005747480358977,5.42904378062291e-08
-0.0005747480358977,5.42904378062291e-08
-0.0005747480358977,5.4290437806927084e-08
-0.0005747480358977,5.42904378062291e-08
-0.0005747480358976876,5.4290437806229605e-08
-0.0005747480358977,5.42904378062291e-08
-0.0005747480358977,5.42904378062291e-08
-0.0005747480358977,5.42904378062291e-08
7.224892707971141e-05,3.5734374480349578
-0.0005747480358976997,5.429043780627902e-08
-0.0005747480358977,5.42904378062291e-08
-0.0005747480358977,5.42904378062291e-08
-0.0005747480358977,5.42904378062291e-08
-0.0005747480358977,5.42904378062291e-08
-0.0005747480358977,5.42904378062291e-08
-0.0005747480358977,5.429043780659334e-08
-0.0005747480358977,5.429043780623318e-08
-0.0005747480358977,5.4290437806232054e-08
-0.0005747480358977,5.42904378062291e-08
-0.0005747480358977,5.42904378062291e-08
-0.0005747480358977,5.42904378062291e-08
-151996490972517.88,27518301129.20543
-0.0005747480358977,5.429043780628416e-08
-0.0005747480358977,5.429043780625939e-08
-0.0005747480358923691,5.4290438693906357e-08
-0.0005747480358977,5.42904378062291e-08
-0.0005747480358977,5.42904378062291e-08
-0.0005747480358977,5.42904378062291e-08
-0.0005747480358977,5.429043780665263e-08
-0.0005747480358977,5.4290437806232464e-08
-0.0005747480358977,5.42904378062291e-08
-0.0005747480358977,5.42904378062291e-08
-0.0005747480358977,5.42904378062291e-08
-0.0005747480358977,5.42904378062291e-08
7.267748260636378e-05,3.5760350184192524
-0.0005747480358977,5.429043780623699e-08
-0.0005747480358976997,5.429043780622905e-08
-0.0005747480358976999,5.429043861831224e-08
-0.0005747480358977,5.42904378062291e-08
-0.0005747480358977,5.42904378062291e-08
-0.0005747480358977,5.42904378062291e-08
-0.0005747480358977,5.42904378062291e-08
-0.0005747480358977,5.4290437806233205e-08
-0.000574748035897699,5.4290441997320915e-08
-0.0005747480358977,5.42904378062291e-08
-0.0005747480358977,5.42904378062291e-08
-0.0005747480358977,5.42904378062291e-08
7.295613657726328e-05,3.577343697970939
-0.0005747480358977,5.429043780623789e-08
-0.0005747480358977,5.429043780665262e-08
-0.0005747480358977,5.42904378062291e-08
-0.0005747480358977,5.42904378062291e-08
-0.0005747480358977,5.42904378062291e-08
-0.0005747480358977,5.42904378062291e-08
-0.0005747480358977,5.4290437806282466e-08
-0.0005747480358977,5.4290437806233205e-08
-0.0005747480358973991,5.429044133191863e-08
-0.0005747480358977,5.42904378062291e-08
-0.0005747480358977,5.42904378062291e-08
-0.0005747480358977,5.42904378062291e-08
-3.2186439313332416e+26,5.827214322640273e+22
-0.0005747480358977,5.429043780625155e-08
-0.0005747480358977,5.4290437806251344e-08
-0.0005747480358373038,5.429043821347981e-08
-0.0005747480358977,5.42904378062291e-08
-0.0005747480358977,5.42904378062291e-08
-0.0005747480358977,5.42904378062291e-08
-0.0005747480358977,5.429043780632778e-08
-0.0005747480358977,5.429043780623506e-08
-0.0005747480358977,5.42904378062291e-08
-0.0005747480358977,5.42904378062291e-08
-0.0005747480358977,5.42904378062291e-08
-0.0005747480358977,5.42904378062291e-08
7.338469210391553e-05,3.579941268355234
-0.0005747480358976999,5.4290437806258524e-08
-0.0005747480358976999,5.429043780625895e-08
-0.0005747480358977,5.42904378062291e-08
-0.0005747480358977,5.42904378062291e-08
-0.0005747480358977,5.42904378062291e-08
-0.0005747480358977,5.42904378062291e-08
-0.0005747480358977,5.429043780672041e-08
-0.0005747480358977,5.4290437806233834e-08
-0.0005747480358852626,5.429043780397736e-08
-0.0005747480358977,5.42904378062291e-08
-0.0005747480358977,5.42904378062291e-08
-0.0005747480358977,5.42904378062291e-08
89128.95955040489,-12.5551786089812
-0.0005747480358977,5.42904378062561e-08
-0.0005747480358977,5.429043780626129e-08
-0.00057474803589694,5.4290437806091506e-08
-0.0005747480358977,5.42904378062291e-08
-0.0005747480358977,5.42904378062291e-08
-0.0005747480358977,5.42904378062291e-08
-0.0005747480358976999,5.429043780629389e-08
-0.0005747480358977,5.429043780623471e-08
-0.0005747480358807077,5.4290437803152725e-08
-0.0005747480358977,5.42904378062291e-08
-0.0005747480358977,5.42904378062291e-08
-0.0005747480358977,5.42904378062291e-08
-3.2186439313332416e+26,5.827214322640273e+22
-0.0005747480358977,5.4290437806291366e-08
-0.0005747480358976997,5.4290438930672804e-08
-0.0005747480358977,5.42904378062291e-08
-0.0005747480358977,5.42904378062291e-08
-0.0005747480358977,5.42904378062291e-08
-0.0005747480358977,5.42904378062291e-08
-0.0005747480358976998,5.4290437892101634e-08
-0.0005747480358977,5.42904378062346e-08
-0.0005747480358977,5.42904378062291e-08
-0.0005747480358977,5.42904378062291e-08
-0.0005747480358977,5.42904378062291e-08
-0.0005747480358977,5.42904378062291e-08
7.40919016014674e-05,3.583847518291215
-0.0005747478903703206,5.429041146006079e-08
-0.0005747480358976997,5.4290437806425594e-08
-0.0005747480358977,5.42904378062291e-08
-0.0005747480358977,5.42904378062291e-08
-0.0005747480358977,5.42904378062291e-08
-0.0005747480358977,5.42904378062291e-08
-0.0005747480358976998,5.4290437806249186e-08
-0.0005747480358976999,5.429043780623158e-08
-0.0005747480358977,5.42904378062291e-08
-0.0005747480358977,5.42904378062291e-08
-0.0005747480358977,5.42904378062291e-08
-0.0005747480358977,5.42904378062291e-08
1.902320527016046e+17,-34440682653230.195
-0.0005747478203392436,5.429039878033195e-08
-0.0005747480358976937,5.429043780622797e-08
-0.0005747480358977,5.42904378062291e-08
-0.0005747480358977,5.42904378062291e-08
-0.0005747480358977,5.42904378062291e-08
-0.0005747480358977,5.42904378062291e-08
-0.0005747480358976998,5.429043810635121e-08
-0.0005747480358976998,5.429043780622907e-08
-0.0005747480358977,5.42904378062291e-08
-0.0005747480358977,5.42904378062291e-08
-0.0005747480358977,5.42904378062291e-08
-0.0005747480358977,5.42904378062291e-08
7.455868404205115e-05,3.586425776763365
-0.0005747480358977,5.42904378062291e-08
-0.0005747480358977,5.429043780635535e-08
-0.0005747480358977,5.42904378062291e-08
-0.0005747480358977,5.42904378062291e-08
-0.0005747480358977,5.42904378062291e-08
-0.0005747480358977,5.42904378062291e-08
-0.0005747480358976993,5.4290440623540445e-08
-0.0005747480358976996,5.429043780893968e-08
-0.0005747480358977,5.42904378062291e-08
-0.0005747480358977,5.42904378062291e-08
-0.0005747480358977,5.42904378062291e-08
-0.0005747480358977,5.42904378062291e-08
7.47955715983367e-05,3.5877342179040306
-0.0005747480358977,5.42904378062291e-08
-0.0005747480358977,5.429043780640702e-08
-0.0005747480358977,5.42904378062291e-08
-0.0005747480358977,5.42904378062291e-08
-0.0005747480358977,5.42904378062291e-08
-0.0005747480358977,5.42904378062291e-08
-0.0005747480358976996,5.42904394924402e-08
-0.0005747480358976998,5.429043780780801e-08
-0.0005747480358977,5.42904378062291e-08
-0.0005747480358977,5.42904378062291e-08
-0.0005747480358977,5.42904378062291e-08
-0.0005747480358977,5.42904378062291e-08
1.902320527016046e+17,-34440682653230.19
-0.0005747480152056706,5.429043406002752e-08
-0.0005747480358977,5.42904378062291e-08
-0.0005747480358977,5.42904378062291e-08
-0.0005747480358977,5.42904378062291e-08
-0.0005747480358977,5.42904378062291e-08
-0.0005747480358977,5.42904378062291e-08
-0.0005747480358976997,5.4290439235701135e-08
-0.0005747480358977,5.42904378062291e-08
-0.0005747480358977,5.42904378062291e-08
-0.0005747480358977,5.42904378062291e-08
-0.0005747480358977,5.42904378062291e-08
-0.0005747480358977,5.42904378062291e-08
7.526589353960302e-05,3.5903320266993464
-0.0005747479103792453,5.4290415081660853e-08
-0.0005747480358977,5.42904378062291e-08
-0.0005747480358977,5.42904378062291e-08
-0.0005747480358977,5.42904378062291e-08
-0.0005747480358977,5.42904378062291e-08
-0.0005747480358977,5.42904378062291e-08
-0.0005747480358976997,5.429043920100677e-08
-0.0005747480358977,5.42904378062291e-08
-0.0005747480358977,5.42904378062291e-08
-0.0005747480358977,5.42904378062291e-08
-0.0005747480358977,5.42904378062291e-08
-0.0005747480358977,5.42904378062291e-08
2.545041472704838e-05,3.5916209265779675
-0.0005747480358977,5.42904378062291e-08
-0.0005747480358977,5.42904378062291e-08
-0.0005747480358977,5.42904378062291e-08
-0.0005747480358977,5.42904378062291e-08
-0.0005747480358977,5.42904378062291e-08
-0.0005747480358977,5.42904378062291e-08
-0.0005747480358976997,5.429043892345081e-08
-0.0005747480358977,5.42904378062291e-08
-0.0005747480358977,5.42904378062291e-08
-0.0005747480358977,5.42904378062291e-08
-0.0005747480358977,5.42904378062291e-08
-0.0005747480358977,5.42904378062291e-08
1.902320527016046e+17,-34440682653230.188
-0.0005747480358977,5.42904378062291e-08
-0.0005747480358977,5.42904378062291e-08
-0.0005747480358977,5.42904378062291e-08
-0.0005747480358977,5.42904378062291e-08
-0.0005747480358977,5.42904378062291e-08
-0.0005747480358977,5.42904378062291e-08
-0.0005747480358976998,5.4290438708345204e-08
-0.0005747480358977,5.42904378062291e-08
-0.0005747480358977,5.42904378062291e-08
-0.0005747480358977,5.42904378062291e-08
-0.0005747480358977,5.42904378062291e-08
-0.0005747480358977,5.42904378062291e-08
7.596956353649563e-05,3.5942187263121617
-0.0005747480358977,5.42904378062291e-08
-0.0005747480358977,5.42904378062291e-08
-0.0005747480358977,5.42904378062291e-08
-0.0005747480358977,5.42904378062291e-08
-0.0005747480358977,5.42904378062291e-08
-0.0005747480358977,5.42904378062291e-08
-0.0005747480358976998,5.429043874997857e-08
-0.0005747480358977,5.42904378062291e-08
-0.0005747480358977,5.42904378062291e-08
-0.0005747480358977,5.42904378062291e-08
-0.0005747480358977,5.42904378062291e-08
-0.0005747480358977,5.42904378062291e-08
2.6157624224600246e-05,3.595527176513949
-0.0005747480358977,5.42904378062291e-08
-0.0005747480358977,5.42904378062291e-08
-0.0005747480358977,5.42904378062291e-08
-0.0005747480358977,5.42904378062291e-08
-0.0005747480358977,5.42904378062291e-08
-0.0005747480358977,5.42904378062291e-08
-0.0005747480358976998,5.429043877079546e-08
624993781.7565517,-113152.39567695498
-0.0005747480358977,5.42904378062291e-08
-0.0005747480358977,5.42904378062291e-08
-0.0005747480358977,5.42904378062291e-08
-0.0005747480358977,5.42904378062291e-08
4.0564817635801884e+29,-7.344083140775411e+25
-0.0005747480358977,5.42904378062291e-08
-0.0005747480358977,5.42904378062291e-08
-0.0005747480358977,5.42904378062291e-08
-0.0005747480358977,5.42904378062291e-08
-0.0005747480358977,5.42904378062291e-08
-0.0005747480358977,5.42904378062291e-08
-0.0005747480358976999,5.429043780622909e-08
-0.0005747480358977,5.42904378062291e-08
-0.0005747480358977,5.42904378062291e-08
-0.0005747480358977,5.42904378062291e-08
-0.0005747480358977,5.42904378062291e-08
-0.0005747480358977,5.42904378062291e-08
7.667323356067316e-05,3.5981054259249774
-0.0005747480358977,5.42904378062291e-08
-0.0005747480358977,5.42904378062291e-08
-0.0005747480358977,5.42904378062291e-08
-0.0005747480358977,5.42904378062291e-08
-0.0005747480358977,5.42904378062291e-08
-0.0005747480358977,5.42904378062291e-08
-0.0005747480358976998,5.429043873610078e-08
-0.0005747480358977,5.42904378062291e-08
-0.0005747480358977,5.42904378062291e-08
-0.0005747480358977,5.42904378062291e-08
-0.0005747480358977,5.42904378062291e-08
-0.0005747480358977,5.42904378062291e-08
-107374182.2401933,19443.226349335888
-0.0005747480358977,5.42904378062291e-08
-0.0005747480358977,5.42904378062291e-08
-0.0005747480358977,5.42904378062291e-08
-0.0005747480358977,5.42904378062291e-08
-0.0005747480358977,5.42904378062291e-08
-0.0005747480358977,5.42904378062291e-08
-0.0005747480358976998,5.429043863198747e-08
-0.0005747480358977,5.42904378062291e-08
-0.0005747480358977,5.42904378062291e-08
-0.0005747480358977,5.42904378062291e-08
-0.0005747480358977,5.42904378062291e-08
-0.0005747480358977,5.42904378062291e-08
7.714351230998914e-05,3.6007029963017176
-0.0005747480358977,5.42904378062291e-08
-0.0005747480358977,5.42904378062291e-08
-0.0005747480358977,5.42904378062291e-08
-0.0005747480358977,5.42904378062291e-08
-0.0005747480358977,5.42904378062291e-08
-0.0005747480358977,5.42904378062291e-08
-0.0005747480358976998,5.429043859035405e-08
-0.0005747480358977,5.42904378062291e-08
-0.0005747480358977,5.42904378062291e-08
-0.0005747480358977,5.42904378062291e-08
-0.0005747480358977,5.42904378062291e-08
-0.0005747480358977,5.42904378062291e-08
