x,y
8.409905616282496e-05,3.6020116747879056
-0.0006246509509241,6.391349424407237e-08
-0.0006246509509241,6.391349424407237e-08
-0.0006246509509241,6.391349424407237e-08
-0.0006246509509241,6.391349424407237e-08
-0.0006246509509241,6.391349424407237e-08
-0.0006246509509241,6.391349424407237e-08
-0.0006246509509240998,6.391349497268628e-08
-0.0006246509509241,6.391349424407237e-08
-0.0006246509509241,6.391349424407237e-08
-0.0006246509509241,6.391349424407237e-08
-0.0006246509509241,6.391349424407237e-08
-0.0006246509509241,6.391349424407237e-08
-2.3021535313908118e+20,4.5298336260207656e+16
-0.0006246509509241,6.391349424407237e-08
-0.0006246509509241,6.391349424407237e-08
-0.0006246509509241,6.391349424407237e-08
-0.0006246509509241,6.391349424407237e-08
-0.0006246509509241,6.391349424407237e-08
-0.0006246509509241,6.391349424407237e-08
-0.0006246509509240998,6.391349489288895e-08
-0.0006246509509241,6.391349424407237e-08
-0.0006246509509241,6.391349424407237e-08
-0.0006246509509241,6.391349424407237e-08
-0.0006246509509241,6.391349424407237e-08
-0.0006246509509241,6.391349424407237e-08
8.460632038761226e-05,3.604589694833825
-0.0006246509509241,6.391349424407237e-08
-0.0006246509509241,6.391349424407237e-08
-0.0006246509509241,6.391349424407237e-08
-0.0006246509509241,6.391349424407237e-08
-0.0006246509509241,6.391349424407237e-08
-0.0006246509509241,6.391349424407237e-08
-0.0006246509509240998,6.3913494830439e-08
-0.0006246509509241,6.391349424407237e-08
-0.0006246509509241,6.391349424407237e-08
-0.0006246509509241,6.391349424407237e-08
-0.0006246509509241,6.391349424407237e-08
-0.0006246509509241,6.391349424407237e-08
0.05883486253648188,3.6058868144425436
-0.0006246509509241,6.391349424407237e-08
-0.0006246509509241,6.391349424407237e-08
-0.0006246509509241,6.391349424407237e-08
-0.0006246509509241,6.391349424407237e-08
-0.0006246509509241,6.391349424407237e-08
-0.0006246509509241,6.391349424407237e-08
-0.0006246509509240999,6.391349473676385e-08
-0.0006246509509241,6.391349424407237e-08
-0.0006246509509241,6.391349424407237e-08
-0.0006246509509241,6.391349424407237e-08
-0.0006246509509241,6.391349424407237e-08
-0.0006246509509241,6.391349424407237e-08
-4.9326818582230304e+32,9.705794093733768e+28
-0.0006246509509241,6.391349424407237e-08
-0.0006246509509241,6.391349424407237e-08
-0.0006246509509241,6.391349424407237e-08
-0.0006246509509241,6.391349424407237e-08
-0.0006246509509241,6.391349424407237e-08
-0.0006246509509241,6.391349424407237e-08
-0.0006246509509240999,6.391349466735985e-08
-0.0006246509509241,6.391349424407237e-08
-0.0006246509509241,6.391349424407237e-08
-0.0006246509509241,6.391349424407237e-08
-0.0006246509509241,6.391349424407237e-08
-0.0006246509509241,6.391349424407237e-08
8.537493386268384e-05,3.608495944758207
-0.0006246509509241,6.391349424407237e-08
-0.0006246509509241,6.391349424407237e-08
-0.0006246509509241,6.391349424407237e-08
-0.0006246509509241,6.391349424407237e-08
-0.0006246509509241,6.391349424407237e-08
-0.0006246509509241,6.391349424407237e-08
-0.0006246509509240999,6.391349473676394e-08
-0.0006246509509241,6.391349424407237e-08
-0.0006246509509241,6.391349424407237e-08
-0.0006246509509241,6.391349424407237e-08
-0.0006246509509241,6.391349424407237e-08
-0.0006246509509241,6.391349424407237e-08
0.05883563114995695,3.6097930643669254
-0.0006246509509241,6.391349424407237e-08
-0.0006246509509241,6.391349424407237e-08
-0.0006246509509241,6.391349424407237e-08
-0.0006246509509241,6.391349424407237e-08
-0.0006246509509241,6.391349424407237e-08
-0.0006246509509241,6.391349424407237e-08
-0.0006246509509240998,6.391349485125553e-08
-0.0006246509509241,6.391349424407237e-08
-0.0006246509509241,6.391349424407237e-08
-0.0006246509509241,6.391349424407237e-08
-0.0006246509509241,6.391349424407237e-08
-0.0006246509509241,6.391349424407237e-08
-4.9326818582230304e+32,9.705794093733768e+28
-0.0006246509509241,6.391349424407237e-08
-0.0006246509509241,6.391349424407237e-08
-0.0006246509509241,6.391349424407237e-08
-0.0006246509509241,6.391349424407237e-08
-0.0006246509509241,6.391349424407237e-08
-0.0006246509509241,6.391349424407237e-08
-0.0006246509509240998,6.391349487554171e-08
-0.0006246509509241,6.391349424407237e-08
-0.0006246509509241,6.391349424407237e-08
-0.0006246509509241,6.391349424407237e-08
-0.0006246509509241,6.391349424407237e-08
-0.0006246509509241,6.391349424407237e-08
8.61396667569429e-05,3.6123826443594873
-0.0006246509509241,6.391349424407237e-08
-0.0006246509509241,6.391349424407237e-08
-0.0006246509509241,6.391349424407237e-08
-0.0006246509509241,6.391349424407237e-08
-0.0006246509509241,6.391349424407237e-08
-0.0006246509509241,6.391349424407237e-08
-0.0006246509509240998,6.391349498309462e-08
-0.0006246509509241,6.391349424407237e-08
-0.0006246509509241,6.391349424407237e-08
-0.0006246509509241,6.391349424407237e-08
-0.0006246509509241,6.391349424407237e-08
-0.0006246509509241,6.391349424407237e-08
126443837040.26958,-24879724.737096496
-0.0006246501869157027,6.391334391391926e-08
-0.0006246509509241,6.391349424407237e-08
-0.0006246509509241,6.391349424407237e-08
-0.0006246509509241,6.391349424407237e-08
-0.0006246509509241,6.391349424407237e-08
-0.0006246509509241,6.391349424407237e-08
-0.0006246509509240998,6.391349481309167e-08
-0.0006246509509241,6.391349424407237e-08
-0.0006246509509241,6.391349424407237e-08
-0.0006246509509241,6.391349424407237e-08
-0.0006246509509241,6.391349424407237e-08
-0.0006246509509241,6.391349424407237e-08
-4.9326818582230304e+32,9.705794093733768e+28
-0.0006246509509241,6.391349424407237e-08
-0.0006246509509241,6.391349424407237e-08
-0.0006246509509241,6.391349424407237e-08
-0.0006246509509241,6.391349424407237e-08
-0.0006246509509241,6.391349424407237e-08
-0.0006246509509241,6.391349424407237e-08
-0.0006246509509240998,6.391349479921404e-08
-0.0006246509509241,6.391349424407237e-08
-0.0006246509509241,6.391349424407237e-08
-0.0006246509509241,6.391349424407237e-08
-0.0006246509509241,6.391349424407237e-08
-0.0006246509509241,6.391349424407237e-08
8.690828023201448e-05,3.616288894283869
-0.0006246509509241,6.391349424407237e-08
-0.0006246509509241,6.391349424407237e-08
-0.0006246509509241,6.391349424407237e-08
-0.0006246509509241,6.391349424407237e-08
-0.0006246509509241,6.391349424407237e-08
-0.0006246509509241,6.391349424407237e-08
-0.0006246509509240998,6.391349476451951e-08
-0.0006246509509241,6.391349424407237e-08
-0.0006246509509241,6.391349424407237e-08
-0.0006246509509241,6.391349424407237e-08
-0.0006246509509241,6.391349424407237e-08
-0.0006246509509241,6.391349424407237e-08
2.7200829694192947e+23,-5.352172708046135e+19
-0.0006246509509241,6.391349424407237e-08
-0.0006246509509241,6.391349424407237e-08
-0.0006246509509241,6.391349424407237e-08
-0.0006246509509241,6.391349424407237e-08
-0.0006246509509241,6.391349424407237e-08
-0.0006246509509241,6.391349424407237e-08
-0.0006246509509240998,6.391349487207237e-08
-0.0006246509509241,6.391349424407237e-08
-0.0006246509509241,6.391349424407237e-08
-0.0006246509509241,6.391349424407237e-08
-0.0006246509509241,6.391349424407237e-08
-0.0006246509509241,6.391349424407237e-08
8.741947197734266e-05,3.618886703071464
-0.0006246509509241,6.391349424407237e-08
-0.0006246509509241,6.391349424407237e-08
-0.0006246509509241,6.391349424407237e-08
-0.0006246509509241,6.391349424407237e-08
-0.0006246509509241,6.391349424407237e-08
-0.0006246509509241,6.391349424407237e-08
-0.0006246509509240998,6.391349500391146e-08
-0.0006246509509241,6.391349424407237e-08
-0.0006246509509241,6.391349424407237e-08
-0.0006246509509241,6.391349424407237e-08
-0.0006246509509241,6.391349424407237e-08
-0.0006246509509241,6.391349424407237e-08
-71.67991124449631,3.634279712701826
-0.0006246509509241,6.391349424407237e-08
-0.0006246509509241,6.391349424407237e-08
-0.0006246509509241,6.391349424407237e-08
-0.0006246509509241,6.391349424407237e-08
-0.0006246509509241,6.391349424407237e-08
-0.0006246509509241,6.391349424407237e-08
-0.0006246509509240998,6.391349515312759e-08
-0.0006246509509241,6.391349424407237e-08
-0.0006246509509241,6.391349424407237e-08
-0.0006246509509241,6.391349424407237e-08
-0.0006246509509241,6.391349424407237e-08
-0.0006246509509241,6.391349424407237e-08
2.7200829694192947e+23,-5.352172708046135e+19
-0.0006246509509241,6.391349424407237e-08
-0.0006246509509241,6.391349424407237e-08
-0.0006246509509241,6.391349424407237e-08
-0.0006246509509241,6.391349424407237e-08
-0.0006246509509241,6.391349424407237e-08
-0.0006246509509241,6.391349424407237e-08
-0.0006246509509240997,6.391349526414998e-08
-0.0006246509509241,6.391349424407237e-08
-0.0006246509509241,6.391349424407237e-08
-0.0006246509509241,6.391349424407237e-08
-0.0006246509509241,6.391349424407237e-08
-0.0006246509509241,6.391349424407237e-08
8.818808545241425e-05,3.622792952995846
-0.0006246509509241,6.391349424407237e-08
-0.0006246509509241,6.391349424407237e-08
0.0021800776033923243,14.254200723340984
-0.0006246509509241,6.391349424407237e-08
-0.0006246509509241,6.391349424407237e-08
-0.0006246509509241,6.391349424407237e-08
-0.0006246509509240997,6.391349522251683e-08
-0.0006246509509241,6.391349424407237e-08
-0.0006246509509241,6.391349424407237e-08
-0.0006246509509241,6.391349424407237e-08
-0.0006246509509241,6.391349424407237e-08
-0.0006246509509241,6.391349424407237e-08
-71.67991047588283,3.638185962626208
-0.0006246509509241,6.391349424407237e-08
-0.0006246509509241,6.391349424407237e-08
-0.0006246509509241,6.391349424407237e-08
-0.0006246509509241,6.391349424407237e-08
-0.0006246509509241,6.391349424407237e-08
-0.0006246509509241,6.391349424407237e-08
-0.0006246509509240997,6.391349535435592e-08
-0.0006246509509241,6.391349424407237e-08
-0.0006246509509241,6.391349424407237e-08
-0.0006246509509241,6.391349424407237e-08
-0.0006246509509241,6.391349424407237e-08
-0.0006246509509241,6.391349424407237e-08
8.869150288411543e-05,3.6253514227186576
-0.0006246509509241,6.391349424407237e-08
-0.0006246509509241,6.391349424407237e-08
-0.0006246509509241,6.391349424407237e-08
-0.0006246509509241,6.391349424407237e-08
-0.0006246509509241,6.391349424407237e-08
-0.0006246509509241,6.391349424407237e-08
-0.0006246509509240997,6.391349528496667e-08
-0.0006246509509241,6.391349424407237e-08
-0.0006246509509241,6.391349424407237e-08
-0.0006246509509241,6.391349424407237e-08
-0.0006246509509241,6.391349424407237e-08
-0.0006246509509241,6.391349424407237e-08
8.895285210711501e-05,3.62667965259712
-0.0006246509509241,6.391349424407237e-08
-0.0006246509509241,6.391349424407237e-08
-0.0006246509509241,6.391349424407237e-08
-0.0006246509509241,6.391349424407237e-08
-0.0006246509509241,6.391349424407237e-08
-0.0006246509509241,6.391349424407237e-08
-0.0006246509509240997,6.39134952641502e-08
-0.0006246509509241,6.391349424407237e-08
-0.00027715049687163524,1.7660680114454925
76.03636881118851,-0.01496135916753872
-0.0006246509509241,6.391349424407237e-08
-0.0006246509509241,6.391349424407237e-08
-151996490521167.0,29907597581.79516
-0.0006246509509241,6.391349424407237e-08
-0.0006246509509241,6.391349424407237e-08
-0.0006246509509241,6.391349424407237e-08
-0.0006246509509241,6.391349424407237e-08
-0.0006246509509241,6.391349424407237e-08
-0.0006246509509241,6.391349424407237e-08
-0.0006246509509240996,6.39134955902783e-08
-0.0006246509509241,6.391349424407237e-08
-0.0006123476949455171,0.06252771180766403
-0.0006246509509241,6.391349424407237e-08
-0.0006246509509241,6.391349424407237e-08
-0.0006246509509241,6.391349424407237e-08
8.946011635918702e-05,3.6292576726430394
-0.0006246509509241,6.391349424407237e-08
-0.0006246509509241,6.391349424407237e-08
-0.0006246509509241,6.391349424407237e-08
-0.0006246509509241,6.391349424407237e-08
-0.0006246509509241,6.391349424407237e-08
-0.0006246509509241,6.391349424407237e-08
-0.0006246509509240996,6.391349568742271e-08
-0.0006246509509241,6.391349424407237e-08
-0.0006230770144371263,0.007999129090761094
28.258640701657555,-0.005560371943429436
-0.0006246509509241,6.391349424407237e-08
-0.0006246509509241,6.391349424407237e-08
89128.95930183373,-13.906917619421634
-0.0006246509509241,6.391349424407237e-08
-0.0006246509509241,6.391349424407237e-08
0.0005133100093348268,5.783348989128431
-0.0006246509509241,6.391349424407237e-08
-0.0006246509509241,6.391349424407237e-08
-0.0006246509509241,6.391349424407237e-08
-0.0006246509509240995,6.391349615932879e-08
-0.0006246509509241,6.391349424407237e-08
-0.0006246509509241,6.391349424407237e-08
19.133642785650114,-0.003764891240961771
-0.0006246509509241,6.391349424407237e-08
-0.0006246509509241,6.391349424407237e-08
-3.2186439217755354e+26,6.3331664323178e+22
-0.0006246509509241,6.391349424407237e-08
-0.0006246509509241,6.391349424407237e-08
-0.0006245000299396284,0.0007670750358598143
-0.0006246509509241,6.391349424407237e-08
-0.0006246509509241,6.391349424407237e-08
-0.0006246509509241,6.391349424407237e-08
-0.0006246509509240994,6.39134968115848e-08
-0.0006246509509241,6.391349424407237e-08
-0.0006246509509241,6.391349424407237e-08
13.129029025546114,-0.0025833930936443035
-0.0006246509509241,6.391349424407237e-08
-0.0006246509509241,6.391349424407237e-08
9.02287298342586e-05,3.6331639225674213
-0.0006246509509241,6.391349424407237e-08
-0.0006246509509241,6.391349424407237e-08
-0.0006246496545718157,6.652239326161347e-06
-0.0006246509509241,6.391349424407237e-08
-0.0006246509509241,6.391349424407237e-08
-0.0006246509509241,6.391349424407237e-08
-0.0006246509509240995,6.391349646464033e-08
-0.0006246509509241,6.391349424407237e-08
-0.0006246509006923215,3.192016035058654e-07
-0.0006246509509241,6.391349424407237e-08
-0.0006246509509241,6.391349424407237e-08
-0.0006246509509241,6.391349424407237e-08
89128.95930260235,-13.903011369497252
-0.0006246509509241,6.391349424407237e-08
-0.0006246509509241,6.391349424407237e-08
-0.0006246509509241,6.391349424407237e-08
-0.0006246509509241,6.391349424407237e-08
-0.0006246509509241,6.391349424407237e-08
-0.0006246509509241,6.391349424407237e-08
-0.0006246509509240994,6.391349685321773e-08
-0.0006246509509241,6.391349424407237e-08
-0.0006246408779267479,6.39115122302102e-08
-0.000529724844330166,4.5235353808466575e-08
-0.0006246509509241,6.391349424407237e-08
-0.0006246509509241,6.391349424407237e-08
-3.2186439217755354e+26,6.3331664323178e+22
-0.0006246509509241,6.391349424407237e-08
-0.0006246509509241,6.391349424407237e-08
-0.000624601223052788,1.8599983240373409e-06
-0.0006246509509241,6.391349424407237e-08
-0.0006246509509241,6.391349424407237e-08
-0.0006246509509241,6.391349424407237e-08
-0.0006246509509240989,6.391349857418515e-08
-0.0006246509509241,6.391349424407237e-08
-0.0006246493927523972,6.764013225324974e-08
-0.0006049725327659244,6.00414692438132e-08
-0.0006246509509241,6.391349424407237e-08
-0.0006246509509241,6.391349424407237e-08
9.099349648893605e-05,3.637050622168695
-0.0006246509509241,6.391349424407237e-08
-0.0006246509509241,6.391349424407237e-08
-0.0006246508677029049,4.868605252257912e-07
-0.0006246509509241,6.391349424407237e-08
-0.0006246509509241,6.391349424407237e-08
-0.0006246509509241,6.391349424407237e-08
-0.0006246509509240998,6.391349424407234e-08
-0.0006246509509241,6.391349424407237e-08
-0.0006246500227082921,6.56381277047784e-08
-0.0006193439116535427,6.28692543784601e-08
-0.0006246509509241,6.391349424407237e-08
-0.0006246509509241,6.391349424407237e-08
1.9023205213671392e+17,-37431019902271.38
-0.000624642975940914,6.391192504607971e-08
-0.0006246509507701621,6.469583819631465e-08
-0.0006246459174091984,1.9529222769178952e-07
-0.0006246509509241,6.391349424407237e-08
-0.0006246509509241,6.391349424407237e-08
-0.0006246509509241,6.391349424407237e-08
-0.0006246509509240998,6.391349424407232e-08
-0.0006246509509241,6.391349424407237e-08
-0.0006246509494739298,6.503440656540163e-08
-0.0006239577683524091,6.37771001383187e-08
-0.0006246509509241,6.391349424407237e-08
-0.0006246509509241,6.391349424407237e-08
9.150465447384584e-05,3.6396484309562966
-0.000624649881291516,6.391328377775983e-08
-0.0006246509509241,6.391349424407237e-08
-0.0006246432023948152,8.068368816540596e-08
-0.0006246509509241,6.391349424407237e-08
-0.0006246509509241,6.391349424407237e-08
-0.0006246509509241,6.391349424407237e-08
-0.0006246509509240998,6.391349424407232e-08
-0.0006246509509241,6.391349424407237e-08
-0.0006246509495239127,6.391371339916216e-08
-0.0006244990757141896,6.388361051028006e-08
-0.0006246509509241,6.391349424407237e-08
-0.0006246509509241,6.391349424407237e-08
9.176210996400763e-05,3.640956872093077
-0.0006246509509241,6.391349424407237e-08
-0.0006246509509237574,6.391523542274596e-08
-0.0006246402046798967,5.467796697087668e-05
-0.0006246509509241,6.391349424407237e-08
-0.0006246509509241,6.391349424407237e-08
-0.0006246509509241,6.391349424407237e-08
-0.0006246509509240997,6.391349424407232e-08
-0.0006246509509241,6.391349424407237e-08
-0.0006246509508705674,6.391353532442269e-08
-0.0006241514835010225,6.381521650988531e-08
-0.0006246509509241,6.391349424407237e-08
-0.0006246509509241,6.391349424407237e-08
1.9023205213671392e+17,-37431019902271.38
-0.0006246509509241,6.391349424407237e-08
-0.0006246509509162685,6.39532958046542e-08
-0.0006246509471319241,8.289707301848021e-08
-0.0006246509509241,6.391349424407237e-08
-0.0006246509509241,6.391349424407237e-08
-0.0006246509509241,6.391349424407237e-08
-0.0006246509509240997,6.391349424407231e-08
-0.0006246509509241,6.391349424407237e-08
-0.0006246509508967732,6.391354199093769e-08
-0.0006246509509241,6.391349424407237e-08
-0.0006246509509241,6.391349424407237e-08
-0.0006246509509241,6.391349424407237e-08
9.22694211285466e-05,3.643535130557571
-0.0006246509509241,6.391349424407237e-08
-0.0006246509509235462,6.391630869321242e-08
-0.000624650950867909,6.391349423302084e-08
-0.0006246509509241,6.391349424407237e-08
-0.0006246509509241,6.391349424407237e-08
-0.0006246509509241,6.391349424407237e-08
-0.0006246509509240986,6.391349937909806e-08
-0.0006246509509241,6.391349424407237e-08
-0.0006246509509151543,6.391352233730459e-08
-0.0006246509509241,6.391349424407878e-08
-0.0006246509509241,6.391349424407237e-08
-0.0006246509509241,6.391349424407237e-08
4.247804989914654e-05,3.6448435815422107
-0.0006246509509241,6.391349424407237e-08
-0.0006246509509239273,6.391437194024585e-08
-0.0006246509509241,6.391349424407886e-08
-0.0006246509509241,6.391349424407237e-08
-0.0006246509509241,6.391349424407237e-08
-0.0006246509509241,6.391349424407237e-08
-0.0006246509509240985,6.391349982318853e-08
-0.0006246509509241,6.391349424407237e-08
-0.0006246509509221257,6.391350901599131e-08
-0.0006246509509241,6.391349424407653e-08
-0.0006246509509241,6.391349424407237e-08
-0.0006246509509241,6.391349424407237e-08
4.0564817515345385e+29,-7.981738485677655e+25
-0.0006246509509241,6.391349424407237e-08
-0.0006246509508956371,6.405814877961979e-08
-0.0006246509509241,6.391349424408159e-08
-0.0006246509509241,6.391349424409683e-08
-0.0006246509509241,6.391349424407237e-08
-0.0006246509509241,6.391349424407237e-08
-0.000624650950924099,6.391349738057468e-08
-0.0006246509509241,6.391349424407237e-08
-0.0006246509509213237,6.391349424372435e-08
-0.0006246509509241,6.391349424407624e-08
-0.0006246509509241,6.391349424407237e-08
-0.0006246509509241,6.391349424407237e-08
9.303803460361819e-05,3.6474413804819528
-0.0006246505816524106,6.391342158430867e-08
-0.0006246509483465573,7.701309006502669e-08
-0.0006246509509216428,6.391349424360583e-08
-0.0006246509509241,6.39134942440925e-08
-0.0006246509509241,6.391349424407237e-08
-0.0006246509509241,6.391349424407237e-08
-0.0006246509509240995,6.391349493105343e-08
-0.0006246509509241,6.391349424407237e-08
-0.0006246509509240998,6.391349424410178e-08
-0.0006246509509241,6.391349424407579e-08
-0.0006246509509241,6.391349424407237e-08
-0.0006246509509241,6.391349424407237e-08
-107374181.92133123,21131.135372758432
-0.0006245723432074901,0.0003987183964535478
-0.0006246509509241,6.391349424407237e-08
-0.0006246509509241,6.391349424407237e-08
-0.0006246509509241,6.39134942440749e-08
-0.0006246509509241,6.391349424407237e-08
-0.0006246509509241,6.391349424407237e-08
-0.0006246509509240995,6.391349465348243e-08
-0.0006246509509241,6.391349424407237e-08
-0.0006246509509240998,6.391349424407504e-08
-0.0006246509509241,6.391349424407289e-08
-0.0006246509509241,6.391349424407237e-08
-0.0006246509509241,6.391349424407237e-08
9.35452988556902e-05,3.6500194005278717
-0.0006246509172706977,6.391348762225886e-08
-0.0006246509509240999,6.391349458416396e-08
-0.0006246509509241,6.391349424422828e-08
-0.0006246509509241,6.391349424407511e-08
-0.0006246509509241,6.391349424407237e-08
-0.0006246509509241,6.391349424407237e-08
-0.0006246509509240995,6.391349463613519e-08
-0.0006246509509241,6.391349424407237e-08
-0.0006246509509240998,6.391349424407599e-08
-0.0006246509509241,6.3913494244073e-08
-0.0006246509509241,6.391349424407237e-08
-0.0006246509509241,6.391349424407237e-08
9.380280128560366e-05,3.6513280800832266
-0.000624650940862286,6.3913492264259e-08
-0.0006246509509241,6.391349424407237e-08
-0.0006246509509241,6.391349424407367e-08
-0.0006246509509241,6.391349424407427e-08
-0.0006246509509241,6.391349424407237e-08
-0.0006246509509241,6.391349424407237e-08
-0.0006246509509240996,6.391349457195036e-08
-0.0006246509509241,6.391349424407237e-08
-0.0006246509509240987,6.391349424407318e-08
-0.0006246509509241,6.391349424409526e-08
-0.0006246509509241,6.391349424407237e-08
-0.0006246509509241,6.391349424407237e-08
-2.3021535313908118e+20,4.5298336260207656e+16
-0.0006246509436762992,6.391349281795847e-08
-0.0006246509509241,6.391349424407237e-08
-0.0006246509509241,6.391349424486881e-08
-0.0006246509509241,6.39134942440731e-08
-0.0006246509509241,6.391349424407237e-08
-0.0006246509509241,6.391349424407237e-08
-0.0006246509509240996,6.39134944904184e-08
-0.0006246509509241,6.391349424407237e-08
-0.0006246509509240998,6.391349424407518e-08
-0.0006246509509241,6.391349424407282e-08
-0.0006246509509241,6.391349424407237e-08
-0.0006246509509241,6.391349424407237e-08
9.431391233076178e-05,3.653925650452254
-0.0006246509495668977,6.39134939770224e-08
-0.0006246509509240998,6.39134950803815e-08
-0.0006246509509241,6.391349424407321e-08
-0.0006246509509241,6.391349424407322e-08
-0.0006246509509241,6.391349424407237e-08
-0.0006246509509241,6.391349424407237e-08
-0.0006246509509240996,6.391349443229731e-08
-0.0006246509509241,6.391349424407237e-08
-0.0006246509509240999,6.391349424407496e-08
-0.0006246509509241,6.391349424408709e-08
-0.0006246509509241,6.391349424407237e-08
-0.0006246509509241,6.391349424407237e-08
9.457141476067524e-05,3.6552343300076084
-0.0006246509496805914,6.391349399939333e-08
-0.0006246509509240997,6.391349593750805e-08
-0.0006246509509238919,6.39134942440314e-08
-0.0006246509509241,6.391349424407366e-08
-0.0006246509509241,6.391349424407237e-08
-0.0006246509509241,6.391349424407237e-08
-0.0006246509509240998,6.391349443056195e-08
-0.0006246509509241,6.391349424407237e-08
-0.0006246509509241,6.391349424408688e-08
-0.0006246509509241,6.3913494244096e-08
-0.0006246509509241,6.391349424407237e-08
-0.0006246509509241,6.391349424407237e-08
-4.9326818582230304e+32,9.705794093733768e+28
-0.0006246509451542706,6.391349310877159e-08
-0.0006246509509240249,6.391387624879556e-08
-0.0006246509509241,6.391349424588934e-08
-0.0006246509509241,6.39134942440737e-08
-0.0006246509509241,6.391349424407237e-08
-0.0006246509509241,6.391349424407237e-08
-0.0006246509509240999,6.391349443489885e-08
-0.0006246509509241,6.391349424407237e-08
-0.0006246509509241,6.3913494244074e-08
-0.0006246509509241,6.391349424407431e-08
-0.0006246509509241,6.391349424407237e-08
-0.0006246509509241,6.391349424407237e-08
9.507867898546254e-05,3.657812350053528
-0.0006246509336427938,6.391349084371523e-08
-0.0006246509441584018,6.391352011879652e-08
-0.0006246509509241,6.391349424407836e-08
-0.0006246509509241,6.391349424407316e-08
-0.0006246509509241,6.391349424407237e-08
-0.0006246509509241,6.391349424407237e-08
-0.0006246509509240999,6.391349445311416e-08
-0.0006246509509241,6.391349424407237e-08
-0.0006246509509230033,6.391349424390041e-08
-0.0006246509509241,6.391349425600314e-08
-0.0006246509509241,6.391349424407237e-08
-0.0006246509509241,6.391349424407237e-08
0.05884533489507973,3.6591094696622464
-0.0006246509260257081,6.391348934493896e-08
0.002623193967808219,16.506208164182112
-0.0006246509509241,6.391349424407382e-08
-0.0006246509509241,6.391349424407362e-08
-0.0006246509509241,6.391349424407237e-08
-0.0006246509509241,6.391349424407237e-08
-0.0006246509509240999,6.391349438199028e-08
-0.0006246509509239881,6.39140628349714e-08
-0.0006246509509241,6.391349424407433e-08
-0.0006246509509240146,6.391349424406078e-08
-0.0006246509509241,6.391349424407237e-08
-0.0006246509509241,6.391349424407237e-08
-4.9326818582230304e+32,9.705794093733768e+28
-0.0006246509509241,6.391349424407237e-08
-0.0006246509509236133,6.391596764224684e-08
-0.0006246509509240998,6.391349424407746e-08
-0.0006246509509240992,6.39134942440722e-08
-0.0006246509509241,6.391349424407237e-08
1.9020635367328225e+18,9.666673545946014e+21
-0.0006246509509241,6.391349429091168e-08
-0.0006246509483749092,6.393816880009482e-08
-0.0006246508731380045,6.391347893848713e-08
-0.00062465095092405,6.39134946570718e-08
-0.0006246509509241,6.391349424407237e-08
-0.0006246509509241,6.391349424407237e-08
9.584729246053412e-05,3.6617185999779096
-0.0006246509206826075,6.39175244652522e-08
-0.0006246509239749996,6.391348894143119e-08
-0.0006246509509240972,6.391350834771446e-08
-0.0006246509509241,6.391349424407237e-08
-0.0006246509509241,6.391349424407237e-08
-0.0006246509509241,6.391349424407248e-08
-0.0006246509509240999,6.39134945649962e-08
-0.000624650945264611,6.392560328560992e-08
-0.0006246509508987784,6.391350739842383e-08
-0.0006246509509236071,6.391349424397539e-08
-0.0006246509509241,6.391349424407237e-08
-0.0006246509509241,6.391349424407237e-08
126443837040.26958,-24879724.68778009
-0.0006246509474556436,6.391792734835833e-08
-0.0006246509475548444,6.391663488892485e-08
-0.0006246509509241,6.391349424407506e-08
-0.0006246509509241,6.391349424407237e-08
-0.0006246509509241,6.391349424407237e-08
-0.0006246509509241,6.391349424407237e-08
-0.0006246509509240999,6.391349476795885e-08
-0.0006246509481239675,6.391349369310416e-08
-0.0006246509509241,6.391349424408942e-08
-0.0006246509508587852,6.39134942837142e-08
-0.0006246509509241,6.391349424407237e-08
-0.0006246509509241,6.391349424407237e-08
-4.9326818582230304e+32,9.705794093733768e+28
-0.0006246454791269684,6.391241758561743e-08
-0.0006246507462452258,6.391349017477663e-08
-0.0006246509509241,6.391349424407237e-08
-0.0006246509509241,6.391349424407237e-08
-0.0006246509509241,6.391349424407237e-08
-0.0006246509509241,6.391349424407237e-08
-0.0006246509509240999,6.391349489288658e-08
-0.0006245792195756585,6.389979221483615e-08
-0.0006246509509241,6.391349424417996e-08
-0.000624650949204049,6.391349390562646e-08
-0.0006246509509241,6.391349424407237e-08
-0.0006246509509241,6.391349424407237e-08
9.661202535479318e-05,3.66560529957919
-0.0006246441985566768,6.391216561413557e-08
-0.0006240696317079316,6.379911093744464e-08
-0.0006246509509240144,6.391392957397734e-08
-0.0006246509509241,6.391349424407237e-08
-0.0006246509509241,6.391349424407237e-08
-0.0006246509509241,6.391349424407237e-08
-0.0006246509509241,6.391349430565847e-08
-0.0006246509509241,6.391349424407237e-08
-0.0006246509509241,6.391349424411135e-08
-0.0006246509509226975,6.391349604906315e-08
-0.0006246509509241,6.391349424407237e-08
-0.0006246509509241,6.391349424407237e-08
126443837040.26958,-24879724.68387384
-0.0006246496485277123,6.391323797797755e-08
-0.0006246509509241,6.391349424409662e-08
-0.000624650950904677,6.40122057880432e-08
-0.0006246509509241,6.391349424407237e-08
-0.0006246509509241,6.391349424407237e-08
-0.0006246509509241,6.391349424407237e-08
-0.0006246509509241,6.391349430565506e-08
-0.0006246509509241,6.391349424407237e-08
-0.0006246509509241,6.391349424407237e-08
-0.0006246509509223785,6.391349510791362e-08
-0.0006246509509241,6.391349424407237e-08
-0.0006246509509241,6.391349424407237e-08
-4.9326818582230304e+32,9.705794093733768e+28
-0.0006246494375249455,6.391319646000689e-08
-0.0006246509509241,6.391349424408783e-08
-0.0006246509509241,6.391349424407237e-08
-0.0006246509509241,6.391349424407237e-08
-0.0006246509509241,6.391349424407237e-08
-0.0006246509509241,6.391349424407237e-08
-0.0006246509509241,6.391349428657507e-08
-0.0006246492043894392,6.391315058708653e-08
-0.0006246509509241,6.3913494244123e-08
-0.0006246508262544806,6.391346971348406e-08
-0.0006246509509241,6.391349424407237e-08
-0.0006246509509241,6.391349424407237e-08
-71.67990154075119,3.6835961179971473
-0.0006246498810835712,6.391328373684357e-08
-0.0006246509456931746,6.391349321484019e-08
-0.0006246509509240736,6.391362842013305e-08
-0.0006246509509240999,6.39134949522025e-08
-0.0006246509509241,6.391349424407237e-08
-0.0006246509509241,6.391349424407237e-08
-0.0006246509509241,6.391349426001114e-08
-0.0006246507234702578,6.412722095211112e-08
-0.0006246509509241,6.391349424412044e-08
-0.0006246509509241,6.391349424563147e-08
-0.0006246509509241,6.391349424407237e-08
-0.0006246509509241,6.391349424407237e-08
5.848603036543687e+35,-1.1508006889608825e+32
-0.0006246505506776606,6.391341548956036e-08
-0.0006246509509241,6.391349424416216e-08
-0.0006246509509241,6.391349424407237e-08
-0.0006246509509241,6.391349424407237e-08
-0.0006246509509241,6.391349424407237e-08
-0.0006246509509241,6.39134942440725e-08
-0.0006246509509241,6.391349425028041e-08
-0.0006246509015691922,6.394031965767117e-08
-0.0006246509509240999,6.391349424407241e-08
-0.0006246509509240992,6.391349424407222e-08
-0.0006246509509241,6.391349424407237e-08
-0.0006246509509241,6.391349424407237e-08
9.788798375482213e-05,3.6720898079680593
-0.0006246507953577688,6.395576419376276e-08
-0.0006246509509241,6.391349424413932e-08
-0.0006246509509241,6.39134942440724e-08
-0.0006246509509241,6.391349424407237e-08
-0.0006246509509241,6.391349424407237e-08
-0.0006246509509241,6.391349424407237e-08
-0.0006246509509241,6.391349424935884e-08
-0.0006246509423952013,6.391349256588315e-08
-0.0006246509498471659,6.938669203302161e-08
-0.0006246509509241,6.391349424407237e-08
-0.0006246509509241,6.391349424407237e-08
-0.0006246509509241,6.391349424407237e-08
-71.67990077213771,3.687502367921529
-0.00021562628674013577,2.078746342489749
-0.0006246509509241,6.391349424414609e-08
-0.0006246509509240999,6.391349485469503e-08
-0.0006246509509241,6.391349424407237e-08
-0.0006246509509241,6.391349424407237e-08
-0.0006246509509241,6.391349424407237e-08
-0.0006246509509241,6.391349424995417e-08
3.2500309372146248,-0.0006395515069850654
-0.0006246509509241,6.391349424407237e-08
-0.0006246509509241,6.391349424724365e-08
-0.0006246509509241,6.391349424407237e-08
-0.0006246509509241,6.391349424407237e-08
5.848603036543687e+35,-1.1508006889608825e+32
-0.0006246486366191749,6.391303886974014e-08
-0.0006246509509219408,6.39244678703813e-08
-0.0006246509509239698,6.391349424618899e-08
-0.0006246509509241,6.391349424407237e-08
-0.0006246509509241,6.391349424407237e-08
-0.0006246509509241,6.391349424407237e-08
-0.0006246509509241,6.391349424933173e-08
6.15693605519742,-0.0012115288478331885
-0.0006246509509241,6.391349424407248e-08
-0.0006246509509240998,6.391349424598437e-08
-0.0006246509509241,6.391349424407237e-08
-0.0006246509509241,6.391349424407237e-08
9.869447365934729e-05,3.6759765075611233
-0.0006246500740337789,6.391332170270148e-08
-0.0006246509509241,6.391349424418338e-08
-0.0006246509509240341,6.391349424409309e-08
-0.0006246509509241,6.391349424407237e-08
-0.0006246509509241,6.391349424407237e-08
1.6825741742015062e+22,-3.3107179728223944e+18
-0.0006246509509241,6.391349425060567e-08
12.251997716229953,-0.00241082398120925
-0.0006246509509241,6.391349424407237e-08
-0.0006246509509241,6.391349424407237e-08
-0.0006246509509241,6.391349424407237e-08
-0.0006246509509241,6.391349424407237e-08
-151996490521167.0,29907597581.844475
-0.0006246508590479354,6.391347616605393e-08
-0.0006246509509241,6.391349424407289e-08
-0.0006246509509240501,6.391349424497781e-08
-0.0006246509509241,6.391349424407237e-08
-0.0006246509509241,6.391349424407237e-08
-0.0006246509509241,6.391349424407237e-08
-0.0006246509509241,6.391349425681372e-08
25.25462769828653,-0.004969287164324681
-0.0006245934291831773,6.390217604549418e-08
-0.0006246509509241,6.391349424407237e-08
-0.0006246509509241,6.391349424407237e-08
-0.0006246509509241,6.391349424407237e-08
9.916386148196572e-05,3.6785740779383604
-0.0006246505979712177,6.391342479527963e-08
-0.0006246509509241,6.391349424407338e-08
-0.0006246509509241,6.391349424407237e-08
-0.0006246509509241,6.391349424407237e-08
-0.0006246509509241,6.391349424407237e-08
-0.0006246509509240912,6.391353914328565e-08
-0.0006246509509241,6.391349435423035e-08
52.259868569555486,-0.010282974827178385
-0.000624518652899905,6.388746267158023e-08
-0.0006246509508641184,6.39134942322701e-08
-0.0006246509509241,6.391349424407237e-08
-0.0006246509509241,6.391349424407237e-08
9.946308713441887e-05,3.679882757485505
-0.0006246505871262264,6.391342266136432e-08
-0.0006246509509241,6.391349424407237e-08
-0.0006246509509241,6.391349424414101e-08
-0.0006246509509241,6.391349424407237e-08
-0.0006246509509241,6.391349424407237e-08
-0.0006246509509241,6.391349424407237e-08
-0.0006246509509240999,6.391349487900566e-08
-0.0006246509509240998,6.391349424407513e-08
-0.0006246509509241,6.391349424410309e-08
-0.0006246509509241,6.391349424407237e-08
-0.0006246509509241,6.391349424407237e-08
-0.0006246509509241,6.391349424407237e-08
-151996490521167.0,29907597581.84838
-0.0006246509507304094,6.39136683242388e-08
-0.0006246509509240973,6.391349425011762e-08
-0.0006246509509240999,6.391349424407236e-08
-0.0006246509509241,6.391349424407237e-08
-0.0006246509509241,6.391349424407237e-08
-0.0006246509509241,6.391349424407296e-08
-0.0006246509509240999,6.39134948756377e-08
-0.0006246509509241,6.391349424468577e-08
-0.0006246509509241,6.391349424414396e-08
-0.0006246509252308752,6.391348918854362e-08
-0.0006246509509241,6.391349424407237e-08
-0.0006246509509241,6.391349424407237e-08
9.992862813664317e-05,3.6824607775396343
-0.000624649844703895,6.391327657888097e-08
-0.0006246327846470805,6.390991975560403e-08
-0.0006246509509240445,6.391349424406144e-08
-0.0006246509509241,6.391349424407237e-08
-0.0006246509509241,6.391349424407237e-08
-0.0006246509509240999,6.39134948691588e-08
-0.0006246509509240998,6.391349468475491e-08
-0.0006246509509241,6.391349424408137e-08
-0.0006246509509229548,6.391349424385044e-08
-0.0006246509509241,6.391349424407237e-08
-0.0006246509509241,6.391349424407237e-08
-0.0006229815212262589,0.008484445000288655
89128.95931230609,-13.85369496420193
-0.0006246509509241,6.39134942443689e-08
-0.0006246509509241,6.391349424407521e-08
-0.0006246509509241,6.391349424407237e-08
-0.0006246509509241,6.391349424407237e-08
-0.0006246509509241,6.391349424407237e-08
131409.3709061852,667849139.0716143
-0.0006246509509241,6.391349449387256e-08
-0.0006246509509241,6.391349424426893e-08
-0.0006246509509240902,6.391349424407286e-08
-0.0006246509509241,6.391349424407237e-08
-0.0006246509509241,6.391349424407237e-08
-0.0006246509509241,6.391349424407237e-08
0.00010043978612155296,3.685058586327236
-0.0006246509509240997,6.391349424433666e-08
-0.0006246509509241,6.391349424407554e-08
-0.0006246509509241,6.391349424407237e-08
-0.0006246509509241,6.391349424407237e-08
-0.0006246509509241,6.391349424407237e-08
3.689872849719091e+21,-7.260380284151067e+17
-0.0006246509509241,6.391349438024817e-08
-0.0006246509509240998,6.391349424568538e-08
-0.0006246509509241,6.391349424407237e-08
-0.0006246509508330344,6.391349422615384e-08
-0.0006246509509241,6.391349424407237e-08
-0.0006246509509241,6.391349424407237e-08
0.00010069724161171475,3.686367027464016
-0.0006246509509240999,6.39134942440986e-08
-0.0006246509509241,6.391349424407237e-08
-0.0006246509509241,6.391349424407237e-08
-0.0006246509509241,6.391349424407237e-08
-0.0006246509509241,6.391349424407237e-08
-0.0006246509509241,6.391349424407237e-08
-0.0006246509509241,6.391349424407237e-08
-0.0006246509509241,6.391349424408333e-08
-0.0006246509509241,6.391349424407412e-08
-0.0006246509509241,6.391349424407237e-08
-0.0006246509509241,6.391349424407237e-08
-0.0006246509509241,6.391349424407237e-08
89128.95931307471,-13.84978871427755
-0.0006246509509240999,6.391349424409036e-08
-0.0006246509509241,6.391349424415963e-08
-0.0006246509509241,6.391349424407237e-08
-0.0006246509509241,6.391349424407237e-08
-0.0006246509509241,6.391349424407237e-08
-0.0006246509509241,6.391349424407237e-08
-0.0006246509509241,6.39134942442164e-08
-0.0006246509509241,6.391349424413719e-08
-0.0006246509509241,6.39134942826825e-08
-0.0006246509509241,6.391349424407237e-08
-0.0006246509509241,6.391349424407237e-08
45.74097749935301,232468.12049988957
0.00010120455277625373,3.68894528592851
-0.0006246509509240999,6.391349424407236e-08
-0.0006246509509240992,6.39134942441203e-08
-0.0006246509509240881,6.391349424407003e-08
-0.0006246509509241,6.391349424407237e-08
-0.0006246509509241,6.391349424407237e-08
-0.0006246509509241,6.391349424407237e-08
-0.0006246509509241,6.391349424407237e-08
-0.0006246509509241,6.39134942449331e-08
-0.0006246509509241,6.391349424409376e-08
-0.0006246509509241,6.391349424407237e-08
1.0774060259183365e+22,-2.1199585425277076e+18
-0.0006246509509241,6.391349424407237e-08
5.141318154685366e-05,3.69025373691315
-0.0006246509509240999,6.3913494244091e-08
-0.0006246509509240981,6.391349424407215e-08
-0.0006246509509241,6.391349424407237e-08
-0.0006246509509241,6.391349424407237e-08
-0.0006246509509241,6.391349424407237e-08
-0.0006246509509241,6.391349424407237e-08
-0.0006246509509241,6.391349424407237e-08
-0.0006246509509241,6.391349424514333e-08
-0.0006246509509240992,6.391349424830058e-08
-0.0006246509509241,6.391349424407237e-08
-0.0006246509509241,6.391349424407237e-08
-0.0006246509509240981,6.391350440370807e-08
1.9023205213671392e+17,-37431019902271.33
-0.0006246504906509837,6.391340367844004e-08
-0.0006246509509241,6.391349424407251e-08
-0.0006246509509240994,6.391349424407226e-08
-0.0006246509509241,6.391349424407237e-08
-0.0006246509509241,6.391349424407237e-08
-0.0006246509509241,6.391349424407237e-08
-0.0006246509509241,6.391349424407237e-08
-0.0006246509509240996,6.391349424486188e-08
-0.0006246509509241,6.391349424407237e-08
-0.0006246509509241,6.391349424407237e-08
-0.0006246509509241,6.391349424407237e-08
-0.00016961877893486145,2.312566061092691
0.00010197316625132531,3.692851535852892
-0.0006246509509238536,6.391349424416453e-08
-0.0006246500065152686,4.863591155239073e-06
-0.0006246509509241,6.391349424407237e-08
-0.0006246509509241,6.391349424407237e-08
-0.0006246509509241,6.391349424407237e-08
-0.0006246509509241,6.391349424407237e-08
-0.0006246509509241,6.391349424407237e-08
-0.0006246509509241,6.391349424452314e-08
-0.0006246509509241,6.391349424407237e-08
-0.0006246509509241,6.391349424407237e-08
-0.0006246509509241,6.391349424407237e-08
-0.0006246509509241,6.391349424407237e-08
5.218179502192524e-05,3.694159986837532
-0.0006246509394964142,6.391349199550316e-08
-0.0006246509509241,6.391349424407237e-08
-0.0006246509509241,6.391349424407237e-08
-0.0006246509509241,6.391349424407237e-08
-0.0006246509509241,6.391349425215054e-08
-0.0006246509509241,6.391349424407237e-08
-0.0006246509509241,6.391349424407237e-08
-0.0006246509509240999,6.391349424440616e-08
-0.0006246509509241,6.391349424407237e-08
-0.0006246509509241,6.391349424407237e-08
-0.0006246509509241,6.391349424407237e-08
-0.0006246509509241,6.391349424407237e-08
4.0564817515345385e+29,-7.981738485677655e+25
-0.0006246509473992719,6.391349355050937e-08
-0.0006246496554593896,6.391323934188946e-08
-0.0006246509509241,6.391349424407237e-08
-0.0006246509509241,6.391349424407237e-08
-0.0006246509509241,6.391349424407237e-08
1.690021438991151e+22,-3.3253715873646147e+18
-0.0006246509509241,6.391349424407237e-08
-0.0006246509509241,6.391349424415921e-08
-0.0006246509509241,6.391349424407237e-08
-0.0006246509509241,6.391349424407237e-08
-0.0006246509509241,6.391349424407237e-08
-0.0006246509509241,6.391349424407237e-08
0.00010273793293331089,3.696738235454166
-0.0006246509473424276,6.39134935393244e-08
-0.0006246509509240999,6.391349426727975e-08
-0.0006246509509241,6.391349424407237e-08
-0.0006246509509241,6.391349424407237e-08
-0.0006246509509241,6.391349424407237e-08
-0.0006246509509241,6.391349424407237e-08
-0.0006246509509241,6.391349424407237e-08
-0.0006246496412517548,6.39132365463234e-08
-0.0006246509509241,6.391349424407237e-08
-0.0006246509509241,6.391349424407237e-08
1.0405124258951219e+22,-2.0473648307307566e+18
0.13122290690247004,-2.5879078271044703e-05
-107374181.92132151,21131.184689163725
-0.0006246509437817017,6.510704001180539e-08
-0.0006246509509241,6.391349424414015e-08
-0.0006246509509241,6.391349424407237e-08
-0.0006246509509241,6.391349424407237e-08
-0.0006246509509241,6.391349424407237e-08
-0.0006246509509241,6.391349424407237e-08
-0.0006246509509241,6.391349424407237e-08
-0.0006246496991536592,6.391324793939471e-08
-0.0006246509509241,6.391349424407237e-08
-0.0006246509509241,6.391349424407237e-08
0.00804330498764423,-1.6416373191142447e-06
6.035182099514505e+17,-118751292825476.06
4.0564817515345385e+29,-7.981738485677655e+25
-0.0006246509453239491,6.391349314215839e-08
-0.0006246509509241,6.391349424504172e-08
-0.0006246509509241,6.391349424407237e-08
-0.0006246509509241,6.391349424407237e-08
-0.0006246509509241,6.391349424407237e-08
-0.0006246509509241,6.391349424407239e-08
-0.0006246509509241,6.391349424407237e-08
-0.0006246509503742174,6.670810961793253e-08
-0.0006246509509241,6.391349424407237e-08
-0.0006246509509241,6.391349424407237e-08
-0.0006245196197211761,6.388765285291237e-08
-0.0006246509509241,6.391349424407237e-08
0.00010350654640838247,3.7006444853785476
-0.0006246509293192922,6.391348999777278e-08
-0.0006246509344268136,1.4775605751182912e-07
-0.0006246509509241,6.391349424407237e-08
-0.0006246509509241,6.391349424407237e-08
-0.0006246509509241,6.391349424407237e-08
-0.0006246509509241,6.391349424407237e-08
-0.0006246509509241,6.391349424407237e-08
-0.0006246509509241,6.391349424407237e-08
-0.0006246509509240999,6.391349424407236e-08
-0.0006246509509241,6.391349424407237e-08
-0.0006245261389790722,6.38889356150406e-08
-0.0006246509509241,6.391349424407237e-08
-4.9326818582230304e+32,9.705794093733768e+28
-0.0006246509509240964,6.391349424407167e-08
-0.0006246509509241,6.391349424583489e-08
-0.0006246509509241,6.391349424407237e-08
-0.0006246509509241,6.391349424407237e-08
-0.0006246509509241,6.391349424407237e-08
-0.0006246509509241,6.391349424407237e-08
-0.0006246509509241,6.391349424407237e-08
-0.0006246509509241,6.391349424407237e-08
-0.0006246509509241,6.391349424407237e-08
-0.0006246509509241,6.391349424407237e-08
-0.0006246508063000817,6.391346578711969e-08
8.883183791891772e+17,-174790013341655.8
0.00010401381063316966,3.703222505424467
-0.0006246509509240979,6.391349424407195e-08
-0.0006246509509241,6.39134942464583e-08
-0.0006246509509241,6.391349424407237e-08
-0.0006246509509241,6.391349424407237e-08
-0.0006246509509241,6.391349424407237e-08
-0.0006246509509241,6.391349424451294e-08
-0.0006246509509241,6.391349424407237e-08
-0.0006246509509241,6.391349424407237e-08
-0.0006246509509241,6.391349424407237e-08
-0.0006246509509241,6.391349424407237e-08
-0.0006246509509221015,6.391349424367914e-08
-0.0006246509509241,6.391349424407282e-08
0.05885427002672743,3.7045196250331855
-0.0006246509498793328,6.391349403970514e-08
-0.0006246509509241,6.391349424407237e-08
-0.0006246509509241,6.391349424407237e-08
-0.0006246509509241,6.391349424407237e-08
2.105271475785081e+18,1.0699417600404276e+22
-0.0006246509509241,6.391349424407257e-08
-0.0006246509509241,6.391349424407237e-08
-0.0006246509509240992,6.391349424407219e-08
-0.0006246509509241,6.391349424407237e-08
-0.0006246509509241,6.391349424407237e-08
-0.0006246509509241,6.391349424407237e-08
1.9749490137478868e+18,1.0037092356326766e+22
-4.9326818582230304e+32,9.705794093733768e+28
-0.000624650917718926,6.391348771045453e-08
-0.0006246509509241,6.391349424407846e-08
-0.0006246509509241,6.391349424407237e-08
-0.0006246509509241,6.391349424407237e-08
-0.0006246509509241,6.391349424407237e-08
1.7127920886262991e+22,-3.370176268284969e+18
-0.0006246509509241,6.391349424407237e-08
-0.0006246509509240995,6.391349424407226e-08
-0.0006246509509241,6.391349424407237e-08
-0.0006246509509241,6.391349424407237e-08
-0.0006246509509240996,6.391349424407228e-08
1.8880572554991268e+18,9.595490777513677e+21
0.00010478242410824124,3.707128755348849
-0.0006246509509240993,6.391349424477372e-08
-0.0006246509509241,6.391349424407237e-08
-0.0006246509509241,6.391349424407237e-08
-0.0006246509509241,6.391349424407237e-08
-0.000624158521770228,0.002502688974675663
-0.0006246509509241,6.391349429439071e-08
-0.0006246509509241,6.391349424407237e-08
-0.0006246509509241,6.391349424407237e-08
-0.0006246509509241,6.391349424407237e-08
-0.0006246509509241,6.391349424407237e-08
-0.0006246509509241,6.391349424407237e-08
-0.0006246509509241,6.391349424407318e-08
126443837040.26959,-24879724.642369933
-0.0006246509287508667,6.391348988115494e-08
-0.0006246509509241,6.391349424407237e-08
-0.0006246509509241,6.391349424407237e-08
-0.0006246509509241,6.391349424407237e-08
-0.0006246509509241,6.39134942440724e-08
-0.0006246509509241,6.391349424407237e-08
-0.0006246509509241,6.391349424407237e-08
-0.0006246509509241,6.391349424407237e-08
-0.0006246509509241,6.391349424407237e-08
-0.0006246509509241,6.391349424407237e-08
-0.0006246509509241,6.391349424407237e-08
-0.0006246509509241,6.391349424407237e-08
-4.9326818582230304e+32,9.705794093733768e+28
-0.0006246509340941462,6.391349093252563e-08
-0.0006246509509241,6.391349424407785e-08
-0.0006246509509241,6.391349424407237e-08
-0.0006246509509241,6.391349424407237e-08
-0.0006246509509241,6.391349424407237e-08
5.4766568893208406e+32,2.783348360862734e+36
-0.0006246509509241,6.391349424407237e-08
-0.0006246509254439639,1.9340872582860912e-07
-0.0006246509509241,6.391349424407237e-08
-0.0006246509509241,6.391349424407237e-08
-0.0006246509509241,6.391349424407237e-08
6.1722266005371e+17,-121447849682039.61
0.0001055471570025003,3.7110154549501293
-0.0006246509289406703,1.7336240419282557e-07
-0.0006245508117508643,6.389379035430709e-08
-0.0006246509509241,6.391349424407237e-08
-0.0006246509509241,6.391349424407237e-08
-0.0006246509509241,6.391349424407237e-08
-0.0006246509509241,6.391349424407237e-08
-0.0006246509509241,6.391349424407237e-08
-0.0006246509509240999,6.391349424407235e-08
-0.0006246509509241,6.391349424407237e-08
-0.0006246509509241,6.391349424407237e-08
-0.0006246509509241,6.391349424407237e-08
-0.0006246509509241,6.391349424407237e-08
126443837040.26959,-24879724.638463683
-0.0006246509505687614,6.391349417424945e-08
-0.0006246509509241,6.39134942440792e-08
-0.0006246509509241,6.391349424407237e-08
-0.0006246509509241,6.391349424407237e-08
-0.0006246509509241,6.391349424407237e-08
-0.0006246509509241,6.391349424407411e-08
-0.0006246509509241,6.391349424407237e-08
-0.0006246509509241,6.391349424407237e-08
-0.0006246509509241,6.391349424407237e-08
-0.0006246509509241,6.391349424407237e-08
-0.0006246509509241,6.391349424407237e-08
-0.0006246509509241,6.391349424407237e-08
-4.9326818582230304e+32,9.705794093733768e+28
-0.0006246509504550074,6.391349415177133e-08
-0.0006246509509241,6.39134942440782e-08
-0.0006246509509241,6.391349424407237e-08
-0.0006246509509241,6.391349424407237e-08
-0.0006246509509241,6.391349424407237e-08
-0.000624650950922634,6.392094482054214e-08
-0.0006246509509241,6.391349424407237e-08
-0.0006246509509241,6.391349424407237e-08
-0.0006246509509241,6.391349424407237e-08
-0.0006246509509241,6.391349424407237e-08
-0.0006246509509241,6.391349424407237e-08
-0.0006246509509241,6.391349424407237e-08
-71.67989260561954,3.7290062733680864
-0.0006246509388711461,6.391349187251864e-08
-0.0006246509509241,6.391349424421133e-08
-0.0006246509509241,6.391349424407237e-08
-0.0006246509509241,6.391349424407237e-08
-0.0006246509509241,6.391349424407237e-08
-0.0006246509449194901,9.443014241684702e-08
-0.0006246509509241,6.391349424407237e-08
-0.0006246509509241,6.391349424407236e-08
-0.0006246509509241,6.391349424407237e-08
-0.0006246509509241,6.391349424407237e-08
-0.0006246509509241,6.391349424407237e-08
-0.0006246509509241,6.391349424407243e-08
2.7200829694192947e+23,-5.352172708046135e+19
-0.0006246509423386007,6.391349255474615e-08
-0.0006246509509240998,6.391349509426056e-08
-0.0006246509509241,6.391349424407237e-08
-0.0006246509509241,6.391349424407237e-08
-0.0006246509509241,6.391349424407237e-08
-0.0006246509509241,6.391349424407237e-08
-0.0006246509509241,6.391349424407237e-08
-0.0006246509509241,6.391349424407237e-08
-0.0006246509509240999,6.391349424407236e-08
-0.0006246509509241,6.391349424407237e-08
-0.0006246509509241,6.391349424407237e-08
-0.0006246509509241,6.391349424407237e-08
0.00010682311540252925,3.7174999633389985
-0.0006246509509241,6.391349424409704e-08
-0.0006246509509241,6.391349424407237e-08
-0.0006246509509241,6.391349424407237e-08
-0.0006246509509241,6.391349424407237e-08
-0.0006246509509241,6.391349424407237e-08
-0.0006246509509241,6.391349424407237e-08
-0.0006246509509241,6.391349424407237e-08
-0.0006246509509241,6.391349424407237e-08
-0.0006246509509241,6.391349424407237e-08
-0.0006246509509241,6.391349424407237e-08
9.961252865969874e+21,-1.96002645237591e+18
3.339474459057762e+18,1.6971888050693726e+22
-71.67989183700607,3.7329125232924683
-0.0006246509475698022,6.391349358408633e-08
-0.0006246509509240999,6.391349480976639e-08
-0.0006246509509241,6.391349424407237e-08
-0.0006246509509241,6.391349424407237e-08
-0.0006246509509241,6.391349424407237e-08
-0.0005236615837238154,0.5132485571860657
-0.0006246509509241,6.391349424407237e-08
-0.0006246509509241,6.391349424407237e-08
-0.0006246509509241,6.391349424407237e-08
-0.0006246509509241,6.391349424407237e-08
-0.0006246509509241,6.391349424407237e-08
3.5282153183541734e+18,1.7931107464958752e+22
2.7200829694192947e+23,-5.352172708046135e+19
-0.0006246509509241,6.391349424408524e-08
-0.0006246509509238276,6.39134944140652e-08
-0.0006246509509241,6.391349424407237e-08
-0.0006246509509241,6.391349424407237e-08
-0.0006246509509241,6.391349424407237e-08
-0.0006246509507844567,6.462318992143737e-08
-0.0006246509509241,6.391349428701462e-08
-0.0006246509509241,6.391349424407237e-08
-0.0006246509509241,6.391349424407237e-08
-0.0006246509509241,6.391349424407237e-08
-0.0006246509509241,6.391349424407237e-08
-0.0006246509509241,6.391349424407237e-08
0.00010762960530705452,3.7213866629320624
-0.0006246509485787725,6.39134937826047e-08
-0.0006246509509240884,6.391349424411966e-08
-0.0006246509509241,6.391349424407237e-08
-0.0006246509509241,6.391349424407237e-08
-0.0006246509509241,6.391349424407237e-08
-0.000624650949136802,7.299690631282611e-08
-0.0006246509509241,6.391349428918303e-08
-0.0006246509509241,6.391349424407237e-08
-0.0006246509509241,6.391349424407237e-08
-0.0006246509509241,6.391349424407237e-08
-0.0006246509509241,6.391349424407237e-08
-0.00010956182341565759,-3.7438045449973136e-08
-151996490521167.0,29907597581.889885
-0.0006246509481808679,6.391349370430648e-08
-0.0006246509509239682,6.391349424406719e-08
-0.0006246509509241,6.391349424407237e-08
-0.0006246509509241,6.391349424407237e-08
-0.0006246509509241,6.391349424407237e-08
450915698.0824967,2291645239989.775
-0.0006246509509241,6.391349424408042e-08
-0.0006246509509241,6.391349424407237e-08
-0.0006246509509241,6.391349424407237e-08
-0.0006246509509241,6.391349424407237e-08
-0.0006246509509241,6.391349424407237e-08
-0.0006246509509241,6.391349424407237e-08
0.00010809899312967284,3.7239842333092996
-0.0006246509509241,6.391349424407899e-08
-0.0006246509509241,6.391349428311452e-08
-0.0006246509509241,6.391349424407237e-08
-0.0006246509509241,6.391349424407237e-08
-0.0006246509509241,6.391349424407237e-08
-0.000624650331883682,6.391337243900907e-08
-0.0006246509509240999,6.391349428593041e-08
-0.0006246509509241,6.391349424407237e-08
-0.0006246509509241,6.391349424407237e-08
-0.0006246509509241,6.391349424407237e-08
-0.0006246509509241,6.391349424407237e-08
-0.0006246509509241,6.391349424407237e-08
0.0001083982187821261,3.7252929128564443
-0.0006246509493961656,6.391349394343304e-08
-0.0006246509509241,6.391349424409514e-08
-0.0006246509509241,6.391349424407237e-08
-0.0006246509509241,6.391349424407237e-08
-0.0006246509509241,6.391349424407237e-08
-0.0006246509509158212,6.395556935401447e-08
-0.0006246509509240999,6.391349428658095e-08
-0.0006246509509241,6.391349424407237e-08
-0.0006246509509241,6.391349424407239e-08
-0.0006246509509241,6.391349424407237e-08
-0.0006246509509241,6.391349424407237e-08
-0.0006246509509241,6.39134942440724e-08
-151996490521167.0,29907597581.89379
-0.0006246509509241,6.391349424407237e-08
-0.0006246509509241,6.391349424407237e-08
-0.0006246509509241,6.391349424407237e-08
-0.0006246509509241,6.391349424407237e-08
119.3023414659154,606321.9257627368
-0.0006246509509241,6.391349424408445e-08
-0.0006246509509241,6.391349427313683e-08
-0.0006246509509241,6.391349424407237e-08
-0.0006246509509241,6.391349424407237e-08
-0.0006246509509241,6.391349424407237e-08
-0.0006246509509241,6.391349424407237e-08
-0.00010890640516645971,-3.7567008856794285e-08
0.00010886760660474442,3.7278904832336814
-0.0006246509509241,6.391349424407466e-08
-0.0006246509509241,6.391349424408815e-08
-0.0006246509509241,6.391349424407237e-08
-0.0006246509509241,6.391349424407237e-08
-0.0006246509509241,6.391349424407237e-08
-0.0006246509509241,6.39134942440725e-08
-0.0006246509509241,6.39134942698803e-08
-0.0006246509509241,6.391349424407237e-08
-0.0006246509509241,6.39134942440724e-08
-0.0006246509509241,6.391349424407237e-08
-0.0006246509509241,6.391349424407237e-08
-0.0006246509509241,6.391349424407989e-08
89128.95932124123,-13.808284808830992
-0.0006246509509241,6.391349424407237e-08
-0.0006246509509241,6.391349424407237e-08
-0.0006246509509241,6.391349424407237e-08
-0.0006246509509241,6.391349424407237e-08
-0.0006246509509225116,6.392156736594809e-08
-0.0006246509509225894,6.392117144481266e-08
-0.0006246509509241,6.391349424407474e-08
-0.0006246509509241,6.391349424407237e-08
-0.0006246509509241,6.391349424407241e-08
-0.0006246509509241,6.391349424407237e-08
-0.0006246509509241,6.391349424407237e-08
-0.0006246509509241,6.391349424407237e-08
-3.2186439217755354e+26,6.3331664323178e+22
-0.0006246509509241,6.391349424407387e-08
-0.0006246509509241,6.391349424407239e-08
-0.0006246509509241,6.391349424407237e-08
-0.0006246509509241,6.391349424407237e-08
-0.0006246509509241,6.391349424407237e-08
1.0560192198318997e+22,-2.0778767821053266e+18
-0.0006246509509241,6.391349424407494e-08
-0.0006246509509241,6.391349424407237e-08
-0.0006246509509241,6.391349424407237e-08
-0.0006246509509241,6.391349424407237e-08
-0.0006246509509241,6.391349424407237e-08
-0.00062465095080405,6.391349422045073e-08
0.000109636220079816,3.7317967331580633
-0.0006246509509241,6.391349424407363e-08
-0.0006246509509241,6.391349424407237e-08
-0.0006246509509241,6.391349424407237e-08
-0.0006246509509241,6.391349424407237e-08
-0.0006246509509241,6.391349424407237e-08
114568653933.60767,582261188854398.5
-0.0006246509509241,6.391349426738664e-08
-0.0006246509509241,6.391349424407237e-08
-0.0006246509509241,6.391349424407237e-08
-0.0006246509509241,6.391349424407237e-08
-0.0006246509509241,6.391349424407237e-08
-0.0006246509509241,6.391349424407237e-08
89128.95932200983,-13.80437855890661
-0.000624650950049998,6.391349407207965e-08
-0.0006246509509241,6.391349424408095e-08
-0.0006246509509241,6.391349424407237e-08
-0.0006246509509241,6.391349424407237e-08
-0.000624650948508081,6.391349376868428e-08
0.4277948795679388,2177.315143461793
-0.0006246509509241,6.391349426706137e-08
-0.0006246509509241,6.391349424407237e-08
-0.0006246509509241,6.391349424407237e-08
-0.0006246509509241,6.391349424407237e-08
-0.0006246509509241,6.391349424407237e-08
-0.0006246445229458093,3.2732205849935036e-05
0.00011013968442396085,3.7343554412994493
-0.0006246509509241,6.391349424407237e-08
-0.0006246509509241,6.391349424407237e-08
-0.0006246509509241,6.391349424407237e-08
-0.0006246509509241,6.391349424407237e-08
-0.0006246509245307949,1.9804963561738636e-07
-0.0006246509509240999,6.391349473685644e-08
-0.0006246509509241,6.391349424407237e-08
-0.0006246509509241,6.391349424407237e-08
-0.0006246509509241,6.391349424407237e-08
-0.0006246509509241,6.391349424407237e-08
-0.0006246508214310196,6.391346876435949e-08
-0.0006246509509241,6.391349424407237e-08
6.034831319456078e-05,3.735663892284089
-0.0006246509509241,6.391349424407237e-08
-0.0006246509509241,6.391349424408556e-08
-0.0006246509509241,6.391349424407237e-08
-0.0006246509509241,6.391349424407237e-08
-0.0006246509509241,6.391349424407237e-08
-0.0006246509508984351,6.404392873808433e-08
-0.0006246509509241,6.391349424407237e-08
-0.0006246509509241,6.391349424407237e-08
-0.0006246509509241,6.391349424407237e-08
-0.0006246509509241,6.391349424407237e-08
-0.0006246509509241,6.391349424407237e-08
-0.0006246509509241,6.391349424407237e-08
1.9023205213671392e+17,-37431019902271.29
-0.0006246509509241,6.391349424407237e-08
-0.0006246509509241,6.391349424407237e-08
-0.0006246509509241,6.391349424407237e-08
-0.0006246509509241,6.391349424407237e-08
-0.0006246509245329425,1.9803872168117636e-07
-0.0006246509509241,6.391349424407237e-08
-0.0006246509509241,6.391349426337509e-08
-0.0006246509509241,6.391349424407237e-08
-0.0006246509509241,6.391349424407237e-08
-0.0006246509509241,6.391349424407237e-08
-0.0006246509509241,6.391349424407237e-08
2160.0909497024004,137.62308316416082
0.00011090829789903243,3.738261691223831
-0.0006246509509241,6.391349424407237e-08
-0.0006246509509241,6.391349424407237e-08
-0.0006246509509241,6.391349424407237e-08
-0.0006246509509241,6.391349424407237e-08
-0.0006246509509241,6.391349424407236e-08
-0.0006246509509240985,6.391350187079075e-08
-0.0006246509509241,6.391349426142353e-08
-0.0006246509509241,6.391349424407237e-08
-0.0006246509509241,6.391349424407239e-08
-0.0006246509509241,6.391349424407237e-08
-0.0006246509509241,6.391349424407237e-08
-0.0006246509509241,6.391349424407284e-08
6.111692666963236e-05,3.7395701422084713
-0.0006246509504799435,6.391349415667831e-08
-0.0006246509509241,6.391349424407237e-08
-0.0006246509509241,6.391349424407237e-08
-0.0006246509509241,6.391349424407237e-08
-0.0006246509509241,6.391349424407237e-08
-0.0006246509509241,6.391349424407968e-08
-0.0006246509509241,6.391349426044775e-08
-0.0006246509509241,6.391349424407237e-08
-0.0006246509509241,6.391349424407237e-08
-0.0006246509509241,6.391349424407237e-08
-0.0006246509509241,6.391349424407237e-08
-0.0006246509509241,6.391349424407237e-08
4.0564817515345385e+29,-7.981738485677655e+25
-0.0006246509509241,6.391349424407276e-08
-0.0006246509509241,6.391349424407241e-08
-0.0006246509509241,6.391349424407237e-08
-0.0006246509509241,6.391349424407237e-08
-0.0006246509509241,6.391349424407237e-08
-0.0006246509509241,6.391349424407417e-08
-0.0006246509509241,6.391349425892986e-08
-0.0006246509509241,6.391349424407237e-08
-0.0006246509509241,6.391349424407237e-08
-0.0006246509509241,6.391349424407237e-08
-0.0006246509509241,6.391349424407237e-08
-0.0006246509509241,6.391349424407237e-08
0.00011167306458101801,3.742148390825105
-0.0006246509509241,6.391349424407268e-08
-0.0006246509509241,6.391349424409419e-08
-0.0006246509509241,6.391349424407237e-08
-0.0006246509509241,6.391349424407237e-08
-0.0006246509509241,6.391349424407237e-08
-0.0006246509509241,6.391349424407237e-08
-0.0006246509509241,6.391349425177217e-08
-0.0006246509509241,6.391349424407237e-08
-0.0006246509509241,6.391349424407237e-08
-0.0006246509509241,6.391349424407237e-08
-0.0006246509509241,6.391349424407237e-08
9.966119866267586e+21,1.0038894518381274e+22
-107374181.92131259,21131.230099319095
-0.0006246509507188972,6.391349420369586e-08
-0.0006246509509241,6.391349424408482e-08
-0.0006246509509241,6.391349424407237e-08
-0.0006246509509241,6.391349424407237e-08
-0.0006246509509241,6.391349424407237e-08
-0.0006246509509225672,6.392128446811646e-08
-0.0006246509509241,6.39134942545369e-08
-0.0006246509509241,6.391349424407237e-08
-0.0006246509509241,6.391349424407237e-08
-0.0006246509509241,6.391349424407237e-08
-0.0006246509509241,6.391349424407237e-08
-0.0006246509509241,6.391349424407237e-08
4.0564817515345385e+29,-7.981738485677655e+25
-0.0006246509509241,6.391349424407237e-08
-0.0006246509509241,6.391349424407237e-08
-0.0006246509509241,6.391349424407237e-08
-0.0006246509509241,6.391349424407237e-08
-0.0006246509509241,6.391349424407237e-08
-0.0006246509446298269,9.590226969729275e-08
-0.0006246509509241,6.391349424407237e-08
-0.0006246509509241,6.391349424407237e-08
-0.0006246509509241,6.391349424407237e-08
-0.0006246509509241,6.391349424407237e-08
-0.0006246509509241,6.391349424407237e-08
-0.0006246509509241,6.391349424407237e-08
0.00011244167805608959,3.746054640749487
-0.0006246509509241,6.391349424407237e-08
-0.0006246509509241,6.391349424407237e-08
-0.0006246509509241,6.391349424407237e-08
-0.0006246509509241,6.391349424407237e-08
1.8256053853466347,9281.27228133229
-0.0006246509509241,6.39134942440725e-08
-0.0006246509509241,6.391349424952147e-08
-0.0006246509509241,6.391349424407497e-08
-0.0006246509509241,6.391349424407237e-08
-0.0006246509509241,6.391349424407237e-08
-0.0006246509509241,6.391349424407237e-08
1809717.207932174,9197350733.95545
-2.3021535313908118e+20,4.5298336260207656e+16
-0.0006246509508601344,6.391349423148615e-08
-0.0006246509509241,6.391349424407237e-08
-0.0006246509509241,6.391349424407237e-08
-0.0006246509509241,6.391349424407237e-08
-0.0006246509509241,6.391349424407237e-08
1.1517122658117723e+22,-2.2661672551538819e+18
-0.0006246509509241,6.391349424906068e-08
-0.0006246509509241,6.391349424407394e-08
-0.0006246509509241,6.391349424407237e-08
-0.0006246509509241,6.391349424407237e-08
-0.0006246509509241,6.391349424407237e-08
-0.0006246509509241,6.391349424407237e-08
0.00011295278910124771,3.748652211118514
-0.0006246509509241,6.391349424407237e-08
-0.0006246509509241,6.391349424407237e-08
-0.0006246509509241,6.391349424407237e-08
-0.0006246509509241,6.391349424407237e-08
-0.0006246509509241,6.391349424407237e-08
0.03519278202335739,182.03147542193992
-0.0006246509509241,6.391349424873542e-08
-0.0006246509509241,6.391349424407237e-08
-0.0006246509509241,6.391349424407237e-08
-0.0006246509509241,6.391349424407237e-08
-0.0006246509509241,6.391349424407237e-08
-0.0006246509509241,6.391349424407239e-08
0.05886320515837514,3.7499297804041247
-0.0006246509509241,6.391349424407237e-08
-0.0006246509509241,6.391349424407239e-08
-0.0006246509509241,6.391349424407237e-08
-0.0006246509509241,6.391349424407237e-08
-0.0006246509509241,6.391349424407237e-08
-0.0006246509509241,6.391349424407421e-08
-0.0006246509509241,6.391349424811201e-08
-0.0006246509509241,6.391349424407441e-08
-0.0006246509509241,6.391349424407237e-08
-0.0006246509509241,6.391349424407237e-08
-0.0006246509509241,6.391349424407237e-08
-0.0006246509509241,6.391349424407237e-08
5.848603036543687e+35,-1.1508006889608825e+32
-0.0006246509509241,6.391349424407248e-08
-0.0006246509509241,6.391349424407237e-08
-0.0006246509509241,6.391349424407237e-08
-0.0006246509509241,6.391349424407237e-08
-0.0006246509509241,6.391349424407237e-08
-0.0006246509509241,6.39134942440724e-08
-0.0006246509509241,6.391349424750165e-08
-0.0006246509509241,6.391349424407237e-08
-0.0006246509509241,6.391349424407237e-08
-0.0006246509509241,6.391349424407237e-08
-0.0006246509509241,6.391349424407237e-08
-0.0006246509509241,6.391349424407237e-08
-107374181.92131105,21131.237911818946
-0.0006246509509241,6.391349424407247e-08
-0.0006246509509241,6.391349424407239e-08
-0.0006246509509241,6.391349424407237e-08
-0.0006246509509241,6.391349424407237e-08
-0.0006246509509241,6.391349424407237e-08
-0.0006246509509241,6.39134942440725e-08
-0.0006246509509241,6.391349424732547e-08
-0.0006246509509241,6.391349424407407e-08
-0.0006246509509241,6.391349424407237e-08
-0.0006246509509241,6.391349424407237e-08
-0.0006246509509241,6.391349424407237e-08
1.0256979477976595e+22,-2.018215114987302e+18
0.00011359459826869691,3.7519140156360598
-0.0006246509509241,6.391349424407245e-08
-0.0006246509509241,6.39134942440724e-08
-0.0006246509509241,6.391349424407237e-08
-0.0006246509509241,6.391349424407237e-08
-0.0006246509509241,6.391349424407237e-08
-0.0006246509509241,6.391349424407419e-08
-0.0006246509509241,6.391349424709508e-08
-0.0006246509509241,6.391349424407237e-08
-0.0006246509509241,6.391349424407237e-08
-0.0006246509509241,6.391349424407237e-08
-0.0006246509509241,6.391349424407237e-08
1.0478636514245719e+22,-2.0618294735713441e+18
5.848603036543687e+35,-1.1508006889608825e+32
-0.0006246509507606417,6.39134942119095e-08
-0.0006246509509241,6.391349424407244e-08
-0.0006246509509241,6.391349424407237e-08
-0.0006246509509241,6.391349424407237e-08
-0.0006246509509241,6.391349424407237e-08
-0.0006246509509241,6.391349424407239e-08
-0.0006246509509241,6.391349424704087e-08
-0.0006246509509241,6.391349424407237e-08
-0.0006246509509241,6.391349424407237e-08
-0.0006246509509241,6.391349424407237e-08
-0.0006246509509241,6.391349424407237e-08
2.048046723928443e+18,1.0408589778797394e+22
-151996490521167.0,29907597581.920403
-0.0006246509509241,6.391349424407237e-08
-0.0006246509509241,6.391349424407526e-08
-0.0006246509509241,6.391349424407237e-08
-0.0006246509509241,6.391349424407237e-08
-0.0006246509509241,6.391349424407237e-08
-0.0006246509509240999,6.391349472306007e-08
-0.0006246509509241,6.39134942463221e-08
-0.0006246509509241,6.391349424407237e-08
-0.0006246509509241,6.391349424407237e-08
-0.0006246509509241,6.391349424407237e-08
-0.0006246509509241,6.391349424407237e-08
2.047536300950058e+18,1.0405995705462245e+22
0.00011397890500623275,3.7538671405982504
-0.0006246509509241,6.391349424407243e-08
-0.0006246509509241,6.391349424407248e-08
-0.0006246509509241,6.391349424407237e-08
-0.0006246509509241,6.391349424407237e-08
-0.0006246509509241,6.391349424407237e-08
0.006017911614197918,33.75885332275493
-0.0006246509509241,6.391349424648521e-08
-0.0006246509509241,6.391349424407237e-08
-0.0006246509509233573,6.391349424392625e-08
-0.0006246509509241,6.391349424407237e-08
-0.0006246509509241,6.391349424407237e-08
2.0624522161895066e+18,1.0481801418822587e+22
0.00011410570931385503,3.7545115860050866
-0.0006246509509241,6.391349424407243e-08
-0.0006246509509241,6.391349424407351e-08
-0.0006246509509241,6.391349424407237e-08
-0.0006246509509241,6.391349424407237e-08
-0.0006246509509241,6.391349424407237e-08
-0.0006246509509241,6.391349424407237e-08
-0.0006246509509241,6.391349424629548e-08
-0.0006246509509241,6.391349424407237e-08
-0.0006246509509241,6.391349424407237e-08
-0.0006246509509241,6.391349424407237e-08
-0.0006246509509241,6.391349424407237e-08
-0.0006246509509241,6.391349424407237e-08
-2.3021535313908118e+20,4.5298336260207656e+16
-0.0006246509508812371,6.391349423563844e-08
-0.0006246509509241,6.391349424407252e-08
-0.0006246509509241,6.391349424407237e-08
-0.0006246509509241,6.391349424407237e-08
-0.0006246509509241,6.391349424407237e-08
-0.0006246509509241,6.391349424407237e-08
-0.0006246509509241,6.391349424641745e-08
-0.0006246509509241,6.391349424407237e-08
-0.0006246509509241,6.391349424407237e-08
-0.0006246509509241,6.391349424407237e-08
-0.0006246509509241,6.391349424407237e-08
651297.1117673813,-128.1525110529838
0.05886435807858775,3.7557891552906977
-0.0006246509508779064,6.391349423498308e-08
-0.0006246509509241,6.391349424407275e-08
-0.0006246509509241,6.391349424407237e-08
-0.0006246509509241,6.391349424407237e-08
-0.0006246509509241,6.391349424407237e-08
-0.0006246509509241,6.391349424407237e-08
-0.0006246509509241,6.391349424641745e-08
-0.0006246509509241,6.391349424407237e-08
-0.0006246509509241,6.391349424407237e-08
-0.0006246509509241,6.391349424407237e-08
-0.0006246509509241,6.391349424407237e-08
-0.0006246509509241,6.39134942440725e-08
0.00011448809264120541,3.7564549358057238
-0.0006246509509241,6.391349424407237e-08
-0.0006246509509241,6.391349424407243e-08
-0.0006246509509241,6.391349424407237e-08
-0.0006246509509241,6.391349425210108e-08
-0.0006246509509241,6.391349424407237e-08
-0.0006246509509241,6.391349424407237e-08
-0.0006246509509241,6.391349424622772e-08
-0.0006246509509241,6.391349424407237e-08
-0.0006246509509241,6.391349424407237e-08
-0.0006246509509241,6.391349424407237e-08
-0.0006246509509241,6.391349424407237e-08
-0.0006246509509241,6.391349424407237e-08
-2.3021535313908118e+20,4.5298336260207656e+16
-0.0006246509509241,6.391349427020594e-08
-0.0006246509509240825,6.391349424406892e-08
-0.0006246509509241,6.391349424407237e-08
-0.0006246509509241,6.391349424640468e-08
-0.0006246433488877498,3.869900757104926e-05
1.0924876800585204e+22,-2.149633967354369e+18
-0.0006246509509241,6.39134942461735e-08
-0.0006246509509240786,6.391349426358849e-08
-0.0006246509509241,6.391349424407237e-08
-0.0006246509509241,6.391349424407237e-08
-0.0006246509509241,6.391349424407237e-08
-0.0006246509509241,6.391349424407237e-08
0.05886474238532528,3.757742280252889
-0.0006246509509240699,6.391349427095893e-08
-0.0006246509509241,6.391349424407239e-08
-0.0006246509509241,6.391349424407237e-08
-0.0006246509509241,6.391349424407237e-08
-0.0006246509509241,6.391349424407237e-08
1.96053798304305e+18,9.963852568804448e+21
-0.0006246509509241,6.391349424599732e-08
-0.0006246509509241,6.391349424407237e-08
-0.0006246509509241,6.391349424407237e-08
-0.0006246509509241,6.391349424407237e-08
-0.0006246509509241,6.391349424407237e-08
-0.000621834452342529,6.33593057501915e-08
0.00011487047596855579,3.758398285606361
-0.0006246509509189988,6.393941933030067e-08
-0.0006246509509241,6.391349424407237e-08
-0.0006246509509241,6.391349424407237e-08
-0.0006246509509241,6.391349424407237e-08
-0.0006246509509241,6.391349424407237e-08
-0.0006246509509241,6.391349424407239e-08
-0.0006246509509241,6.391349424591601e-08
-0.0006246509509241,6.391349424407237e-08
-0.0006246509509241,6.391349424407237e-08
-0.0006246509509241,6.391349424407237e-08
-0.0006246509509241,6.391349424407237e-08
0.00010398706276540739,-7.945700344874205e-08
-3.2186439217755354e+26,6.3331664323178e+22
-0.0006246509509241,6.391349424407237e-08
-0.0006246509509241,6.391349424407237e-08
-0.0006246509509241,6.391349424407237e-08
-0.0006246509509241,6.39134942440729e-08
-0.0006246509509241,6.391349424407237e-08
-0.0006246509509241,6.391349424407237e-08
-0.0006246509509241,6.391349424407237e-08
-0.0006246509509241,6.391349424407237e-08
-0.0006246509509073299,6.39134942407726e-08
-0.0006246509509240999,6.3913494719628e-08
-0.0006246509509241,6.391349424407237e-08
-0.0006246509507624408,6.39134942122635e-08
89128.95932724602,-13.777767231296759
-0.0006246509509241,6.39134942440724e-08
-0.0006246509509241,6.391349424407237e-08
-0.0006246509509241,6.391349424407237e-08
-0.0006246509509241,6.391349424432496e-08
-0.0006246509509241,6.391349424407237e-08
-0.0006246509509240917,6.391349424407073e-08
-0.0006246509509241,6.391349424512293e-08
-0.0006246509509241,6.391349424407237e-08
-0.0006246509509241,6.391349424407237e-08
-0.0006246509509241,6.391349424407237e-08
-0.0006246509509241,6.391349424407237e-08
-0.0006246509509241,6.391349424407237e-08
0.00011525285929588286,3.7603416354069976
-0.0006246509508916732,6.39134942376919e-08
-0.0006246509509241,6.391349424407237e-08
-0.0006246509509241,6.391349424407237e-08
-0.0006246509509241,6.391349424407237e-08
-0.0006246509509241,6.391349424407237e-08
2.00375379521298e+18,1.018348411118037e+22
-0.0006246509509241,6.391349424497386e-08
-0.0006246509509241,6.391349424407237e-08
-0.0006246509509241,6.391349424407237e-08
-0.0006246509509241,6.391349424407237e-08
-0.0006246509509241,6.391349424407237e-08
1.3725266786069263e+22,-2.700652852465557e+18
-3.2186439217755354e+26,6.3331664323178e+22
-0.0006246509508978945,6.391349423891606e-08
-0.0006246509509241,6.391349424407237e-08
-0.0006246509509241,6.391349424407237e-08
-0.0006246509509241,6.391349424407237e-08
-0.0006246509509241,6.391349424407237e-08
-0.0006246509509241,6.391349424407237e-08
-0.0006246509509241,6.391349424508905e-08
-0.0006246509509241,6.391349424407237e-08
-0.0006246509509241,6.391349424407237e-08
-0.0006246509509241,6.391349424407237e-08
-0.0006246509509241,6.391349424407237e-08
28.42960916071344,144488.2159530255
126443837040.2696,-24879724.58914728
-0.0006246509508986717,6.3913494239069e-08
-0.0006246509509241,6.391349424407237e-08
-0.0006246509509241,6.391349424407237e-08
-0.0006246509509241,6.391349424407237e-08
-0.0006246509509241,6.391349424407237e-08
-0.0006246509509241,6.391349424407237e-08
-0.0006246509509241,6.391349424485854e-08
-0.0006246509509241,6.39134942440724e-08
-0.0006246509509241,6.391349424407237e-08
-0.0006246509509241,6.391349424407237e-08
-0.0006246509509241,6.391349424407237e-08
-0.0006246509509241,6.391349424407237e-08
0.00011563520886281485,3.7622849852076414
-0.0006246509508973394,6.391349423880686e-08
-0.0006246509509241,6.391349424407237e-08
-0.0006246509509241,6.391349424407237e-08
-0.0006246509509241,6.391349424407237e-08
-0.0006246509509241,6.391349424407237e-08
-0.0006246509509241,6.391349424407237e-08
-0.0006246509509241,6.391349424482466e-08
-0.0006246509509241,6.391349424407237e-08
-0.0006246509509241,6.391349424407241e-08
-0.0006246509509241,6.391349424407237e-08
-0.0006246509509241,6.391349424407237e-08
1822351.4760269627,9261560652.71246
0.00011576401728079265,3.7629394441945996
-0.0006246509509004481,6.39134942394185e-08
-0.0006246509509241,6.391349424407237e-08
-0.0006246509509241,6.391349424407237e-08
-0.0006246509509241,6.391349424407237e-08
-0.0006246509509241,6.391349424407237e-08
30437299620175.062,1.5468832941221587e+17
-0.0006246509509241,6.391349424471963e-08
-0.0006246509509241,6.391349424407237e-08
-0.0006246509509241,6.391349424407237e-08
-0.0006246509509241,6.391349424407237e-08
-0.0006246509509241,6.391349424407237e-08
-0.0006246509509241,6.391349424407237e-08
126443837040.2696,-24879724.587194156
-0.000624650950904667,6.391349424024866e-08
-0.0006246509509241,6.39134942440724e-08
-0.0006246509509241,6.391349424407237e-08
-0.0006246509509241,6.391349424407237e-08
-0.0006246509509241,6.391349424407237e-08
171866714880.96176,-33817363.335933715
-0.0006246509509241,6.391349424454006e-08
-0.0006246509509241,6.391349424407237e-08
-0.0006246509509241,6.391349424407237e-08
-0.0006246509509241,6.391349424407237e-08
-0.0006246509509241,6.391349424407237e-08
8.875120950545666,-0.0017463726439918032
0.00011601951560035058,3.7642381101698326
-0.0006246509509038898,6.391349424009571e-08
-0.0006246509509241,6.391349424407237e-08
-0.0006246509509241,6.391349424407237e-08
-0.0006246509509241,6.391349424407237e-08
-0.0006246509509241,6.391349424407237e-08
-0.0006246509509241,6.391349424407237e-08
-0.0006246509509241,6.391349424457733e-08
-0.0006246509509241,6.391349424407237e-08
-0.0006246509509241,6.391349424407237e-08
-0.0006246509509241,6.391349424407237e-08
-0.0006246509509241,6.391349424407237e-08
-0.0006246509509241,6.391349424407237e-08
0.00011614640060814304,3.7648827939952363
-0.0006246509509240726,6.391349424406701e-08
-0.0006246509509241,6.391349424407237e-08
-0.0006246509509241,6.391349424407237e-08
-0.0006246509509241,6.391349424407237e-08
-0.0006246509509241,6.391349424407237e-08
-0.0006246509509241,6.391349424407239e-08
-0.0006246509509241,6.391349424450104e-08
-0.0006246509509241,6.391349424407237e-08
-0.0006246509509241,6.391349424407237e-08
-0.0006246509509241,6.391349424407237e-08
-0.0006246509509241,6.391349424407237e-08
-0.0006246509509241,6.391349424407237e-08
1.9023205213671392e+17,-37431019902271.26
-0.0006246509509241,6.391349424407239e-08
-0.0006246509509241,6.391349424407237e-08
-0.0006246509509241,6.391349424407237e-08
-0.0006246509509241,6.391349424407237e-08
-0.0006246509509241,6.391349424407237e-08
-0.0006246509509241,6.391349424407237e-08
-0.0006246509509241,6.391349424447902e-08
-0.0006246509509241,6.391349424407237e-08
-0.0006246509509241,6.391349424407237e-08
-0.0006246509509241,6.391349424407237e-08
-0.0006246509509241,6.391349424407237e-08
0.13734567470920647,-2.708382500566046e-05
6.63531059685575e-05,3.7661814698183225
-0.0006246509509241,6.391349424407239e-08
-0.0006246509509241,6.391349424407237e-08
-0.0006246509509241,6.391349424407237e-08
-0.0006246509509241,6.391349424407237e-08
-0.0006246509509241,6.391349424407286e-08
-0.0006246509509241,6.391349424407237e-08
-0.0006246509509241,6.391349424407237e-08
-0.0006246509388141162,6.391349186125077e-08
-0.0006246509509241,6.391349424407237e-08
-0.0006246509509241,6.391349424407237e-08
-0.0006246509509241,6.391349424407237e-08
-0.0006246509509241,6.391349424407237e-08
0.00011653070734567877,3.7668359189574274
-0.0006246509509241,6.391349424407237e-08
-0.0006246509509241,6.391349424407237e-08
-0.0006246509509241,6.391349424407237e-08
-0.0006246509509241,6.391349424407237e-08
-0.0006246509509241,6.391349424407237e-08
-0.0006246509509241,6.391349436488318e-08
-0.0006246509509241,6.391349424407239e-08
-0.0006246509509241,6.391349424407237e-08
-0.0006246509509241,6.391349424407237e-08
-0.0006246509509241,6.391349424407241e-08
-0.0006246509509241,6.391349424407237e-08
-0.0006246509509241,6.391349424407237e-08
2.7200829694192947e+23,-5.352172708046135e+19
-0.0006246509509121076,6.39134942417127e-08
-0.0006246509509241,6.391349424407237e-08
-0.0006246509509241,6.391349424407237e-08
-0.0006246509509241,6.391349424407237e-08
-0.0006246509509241,6.391349424407237e-08
5.849381852125984e-05,-7.050552281445161e-08
-0.0006246509509241,6.391349424433841e-08
-0.0006246509509241,6.391349424407237e-08
-0.0006246509509241,6.391349424407237e-08
-0.0006246509509241,6.391349424407237e-08
-0.0006246509509241,6.391349424407237e-08
-0.0006246509509241,6.391349424407237e-08
-71.67988213326093,3.7822289285877893
-0.000624650950914106,6.391349424210591e-08
-0.0006246509509241,6.391349424407237e-08
-0.0006246509509241,6.391349424407237e-08
-0.0006246509509241,6.391349424407237e-08
-0.0006246509509241,6.391349424407237e-08
-0.0006242384490291727,0.002096482397072247
-0.0006246509509241,6.39134942444282e-08
-0.0006246509509241,6.391349424407237e-08
-0.0006246509509240597,6.391349424406443e-08
-0.0006246509509241,6.391349424407239e-08
-0.0006246509509241,6.391349424407237e-08
-0.0006246509509241,6.391349424407237e-08
0.00011691309067302915,3.768779268758064
-0.000624650950919214,6.391349424311105e-08
-0.0006246509509241,6.391349424407237e-08
-0.0006246509509241,6.391349424407237e-08
-0.0006246509509241,6.391349424407237e-08
-0.0006246509509241,6.391349424407237e-08
-0.0006246509509241,6.391349424407284e-08
-0.0006246509509241,6.39134942440724e-08
-0.0006246509509241,6.391349424407237e-08
-0.0006246509509241,6.391349424407237e-08
-0.0006246509509241,6.391349424407237e-08
-0.0006246509509241,6.391349424407237e-08
-0.0006246509509241,6.391349424407237e-08
4.0564817515345385e+29,-7.981738485677655e+25
-0.0006246509509216709,6.391349424359444e-08
-0.0006246509509241,6.391349424407244e-08
-0.0006246509509241,6.391349424407237e-08
-0.0006246509509241,6.391349424407237e-08
-0.0006246509509241,6.391349424407237e-08
-0.0006179672302719893,0.03396809093704522
-0.0006246509509241,6.39134942440724e-08
-0.0006246509509241,6.391349424407237e-08
-0.0006246509509241,6.391349424407237e-08
-0.0006246509509241,6.391349424407237e-08
-0.0006246509509241,6.391349424407237e-08
-0.0006246509509241,6.391349424407237e-08
-71.6798817489542,3.78418205354998
-0.0006246509509220456,6.391349424366813e-08
-0.0006246509509241,6.391349424407255e-08
-0.0006246509509241,6.391349424407237e-08
-0.0006246509509241,6.391349424407237e-08
-0.0006246509509241,6.391349424407237e-08
2.2675038521828004e+30,1.1523915515922687e+34
-0.0006246509509241,6.391349424432147e-08
-0.0006246509509241,6.391349424407237e-08
-0.0006246509509241,6.39134942440724e-08
-0.0006246509509241,6.391349424407237e-08
-0.0006246509509241,6.391349424407237e-08
-0.0006246509509241,6.391349424407237e-08
0.00011729547400037954,3.7707226185587013
-0.0006246509509241,6.39134942440724e-08
-0.0006246509509241,6.391349424407237e-08
-0.0006246509509241,6.391349424407237e-08
-0.0006246509509241,6.391349424407237e-08
-0.0006246509509241,6.391349424407237e-08
1.564572998259263e+22,-3.0785328959347374e+18
-0.0006246509509241,6.391349424432825e-08
-0.0006246509508561362,6.391349423069948e-08
-0.0006246509509241,6.391349424407237e-08
-0.0006246509509241,6.391349424407237e-08
-0.0006246509509241,6.391349424407237e-08
-0.0006246509509241,6.391349424407237e-08
5.848603036543687e+35,-1.1508006889608825e+32
-0.0006246509509229219,6.391355554544574e-08
-0.0006246509508688008,6.391349423319142e-08
-0.0006246509509241,6.391349424407237e-08
-0.0006246509509241,6.391349424407237e-08
-0.0006246509509241,6.391349424407237e-08
-0.0006246509509240999,6.391349472711243e-08
-0.0006246509509241,6.391349424427738e-08
-0.0006246509509241,6.391349424407237e-08
-0.0006246509509241,6.391349424407237e-08
-0.0006246509509241,6.391349424407237e-08
-0.0006246509509241,6.391349424407237e-08
-0.0006246509509236273,6.391349424397936e-08
-151996490521167.0,29907597581.9392
-0.0006246509509241,6.39134942440724e-08
-0.0006246509509241,6.391349424407237e-08
-0.0006246509509241,6.391349424407237e-08
-0.0006246509509241,6.391349424407237e-08
-0.0006246509509241,6.391349424407237e-08
11749133.771932762,-2311.818934418434
-0.0006246509509241,6.39134942442291e-08
-0.0006246509509241,6.39134942440724e-08
-0.0006246509509241,6.391349424407237e-08
-0.0006246509509241,6.391349424407237e-08
-0.0006246509509241,6.391349424407237e-08
-0.0006246509509241,6.391349424407237e-08
0.00011767785735501473,3.7726659683593384
-0.0006246509509241,6.391349424407237e-08
-0.0006246509509241,6.391349424407237e-08
-0.0006246509509241,6.391349424407237e-08
-0.0006246509509241,6.391349424407237e-08
510465652526983.94,2.594290213813084e+18
31464475786634.86,1.5990886205945187e+17
-0.0006246509509241,6.391349424421894e-08
-0.0006246509509241,6.391349424407237e-08
-0.0006246509509241,6.391349424407237e-08
-0.0006246509509241,6.391349424407237e-08
-0.0006246509509241,6.391349424407237e-08
-0.0006246509509241,6.391349424407237e-08
5.848603036543687e+35,-1.1508006889608825e+32
-0.000624650950923517,6.391349424395767e-08
-0.0006246509509241,6.391349424407237e-08
-0.0006246509509241,6.391349424407237e-08
-0.0006246509509241,6.391349424407237e-08
7920639692776.428,4.0254301029633224e+16
3.6372264279214965e+34,1.8485124083603762e+38
-0.0006246509509241,6.391349424422317e-08
-0.0006246509509241,6.391349424407237e-08
-0.0006246509509241,6.391349424407237e-08
-0.0006246509509241,6.391349424407237e-08
-0.0006246509509241,6.391349424407237e-08
-0.000624650925057406,1.9537329118982697e-07
-151996490521167.0,29907597581.941154
-0.000624650950923517,6.39134942439577e-08
-0.0006246509509241,6.391349424407237e-08
-0.0006246509509241,6.391349424407237e-08
-0.0006246509509241,6.391349424407237e-08
-0.0006246442418784536,3.416064728695106e-05
-0.0006246509509241,6.391349424407239e-08
-0.0006246509509241,6.391349424420877e-08
-0.0006246509509241,6.39134942440724e-08
-0.0006246509509241,6.391349424407237e-08
-0.0006246509509241,6.391349424407237e-08
-0.0006246509509241,6.391349424407237e-08
-0.00010054615540661994,-3.921201384745517e-08
0.0001181019639049048,3.7746093181517653
-0.0006246509509190814,6.393680446187502e-08
-0.0006246509509241,6.391349424407279e-08
-0.0006246509509241,6.391349424407237e-08
-0.0006246509509241,6.391349424407237e-08
-0.0006246509509241,6.391349424407237e-08
-0.0006246509509241,6.391349424407237e-08
-0.0006246509509241,6.391349424419183e-08
-0.0006246509509241,6.39134942440724e-08
-0.0006246509509241,6.391349424407237e-08
-0.0006246509509241,6.391349424407237e-08
-0.0006246509509241,6.391349424407237e-08
2.3231797738450284e+18,1.1806871867634729e+22
0.00011818896840017285,3.7752635387283653
-0.0006246509509183812,6.39394192607902e-08
-0.0006246509509241,6.391349424407237e-08
-0.0006246509509241,6.391349424407237e-08
-0.0006246509509241,6.391349424407237e-08
-0.0006246509509241,6.391349424407237e-08
-0.0006246509509241,6.391349424407237e-08
-0.0006246509509241,6.391349424407241e-08
-0.0006246509509241,6.391349424407237e-08
-0.0006246509509241,6.391349424407237e-08
-0.0006246509509241,6.391349424407237e-08
-0.0006246509509241,6.391349424407237e-08
-0.0006246509509241,6.391349424407237e-08
-2.3021535313908118e+20,4.5298336260207656e+16
-0.0006246509509241,6.391349424407241e-08
-0.0006246509509241,6.391349424407237e-08
-0.0006246509509241,6.391349424407237e-08
-0.0006246509509241,6.391349424407237e-08
-0.0006246509509241,6.391349424407237e-08
-0.0006246509509241,6.391349424407237e-08
-0.0006246509509241,6.391349424419096e-08
-0.0006246509509241,6.391349424407237e-08
-0.0006246509509241,6.391349424407237e-08
-0.0006246509509241,6.391349424407237e-08
-0.0006246509509241,6.391349424407237e-08
1862237.1179211016,9464267592.788408
0.00011848627064244054,3.7765624431139564
-0.000624650950923538,6.391349424396182e-08
-0.0006246509509241,6.391349424407237e-08
-0.0006246509509241,6.391349424407237e-08
-0.0006246509509241,6.391349424407237e-08
-0.0006246509509241,6.391349424407237e-08
-0.0006246509509241,6.391349424407239e-08
-0.0006246509509241,6.391349424407243e-08
-0.0006246509509241,6.391349424407237e-08
-0.0006246509509241,6.391349424407237e-08
-0.0006246509509241,6.391349424407237e-08
-0.0006246509509241,6.391349424407237e-08
-0.0006246509509241,6.391349424407237e-08
0.00011857327513770859,3.7772166636905564
-0.0006246509509236593,6.391349424398566e-08
-0.0006246509509241,6.391349424407267e-08
-0.0006246509509241,6.391349424407237e-08
-0.0006246509509241,6.391349424407237e-08
-0.0006246509509240979,6.391349424407194e-08
-0.0006246509509241,6.391349424407237e-08
-0.0006246509509241,6.391349424420454e-08
-0.0006246509509241,6.391349424407237e-08
-0.0006246509509241,6.391349424407237e-08
-0.0006246509509241,6.391349424407237e-08
-0.0006246509509241,6.391349424407237e-08
-0.00010963545610528772,-3.742355710986455e-08
-3.2186439217755354e+26,6.3331664323178e+22
-0.0006246509509237374,6.391349424400103e-08
-0.0006246509509241,6.391349424407237e-08
-0.0006246509509241,6.391349424407237e-08
-0.0006246509509241,6.391349424407237e-08
-0.0006246509509241,6.391349424407237e-08
-0.0006246509509146018,6.391349424220345e-08
-0.0006246509509241,6.391349424407237e-08
-0.0006246509509241,6.391349424407237e-08
-0.0006246509509241,6.391349424407237e-08
-0.0006246509509241,6.391349424407237e-08
-0.000624623105258163,0.00014158058785864103
9.97511156765492e+21,-1.9627533605534016e+18
89128.95933094497,-13.75896840353567
-0.0006246509509241,6.391349424407237e-08
-0.0006246509509241,6.391349424407237e-08
-0.0006246509509241,6.391349424407237e-08
-0.0006246509509241,6.391349424407237e-08
-0.0006246509509241,6.391349424407237e-08
-0.0006246509509241,6.391349424407251e-08
-0.0006246509509241,6.391349424407237e-08
-0.0006246509509241,6.391349424407277e-08
-0.0006246509509241,6.391349424407237e-08
-0.0006246509509241,6.391349424407237e-08
-0.0006246509509241,6.391349424407237e-08
-0.0006246509509241,6.391349424407237e-08
0.0001189537350548735,3.7791502383296396
-0.0006246509509241,6.391349424407237e-08
-0.0006246509509241,6.391349424407237e-08
-0.0006246509509241,6.391349424407237e-08
-0.0006246509509241,6.391349424407237e-08
-0.0006246509509241,6.391349424407286e-08
-0.0006246509509241,6.391349424407237e-08
-0.0006246509509241,6.391349424407244e-08
-0.0006246509509241,6.391349424407237e-08
-0.0006246509509241,6.391349424407237e-08
-0.0006246509509241,6.391349424407239e-08
-0.0006246509509241,6.391349424407237e-08
-0.0006246509509241,6.391349424407237e-08
-3.2186439217755354e+26,6.3331664323178e+22
-0.0006246509509238806,6.391349424402924e-08
-0.0006246509509241,6.391349424407257e-08
-0.0006246509509241,6.391349424407237e-08
-0.0006246509509241,6.391349424407237e-08
-0.0006246509509241,6.391349424407237e-08
597084787417.487,-117485420.09686007
-0.0006246509509241,6.391349424421894e-08
-0.0006246509509241,6.391349424407237e-08
-0.0006246509509241,6.391349424407237e-08
-0.0006246509509241,6.391349424407237e-08
-0.0006246509509241,6.391349424407237e-08
-0.0006246509509241,6.391349424407237e-08
89128.95933132927,-13.75701527857348
-0.0006246509509047557,6.401173726699432e-08
-0.0006246509509241,6.391349424407244e-08
-0.0006246509509241,6.391349424407237e-08
-0.0006246509509241,6.391349424407239e-08
-0.0006246509509241,6.391349424407237e-08
-0.0006246509509236246,6.391349424397882e-08
-0.0006246509509241,6.391349424421724e-08
-0.0006246509509241,6.391349424407244e-08
-0.0006246509509241,6.391349424407237e-08
-0.0006246509509241,6.391349424407237e-08
-0.0006246509509241,6.391349424407237e-08
41.50897325888548,210960.21466624484
0.00011933611838220058,3.7810935881302763
-0.0006246509509051212,6.400991825681079e-08
-0.0006246509509241,6.39134942440725e-08
-0.0006246509509241,6.391349424407237e-08
-0.0006246509509241,6.391349424407239e-08
-0.0006246509509241,6.391349424407237e-08
-0.0006246509509241,6.391349424407237e-08
-0.0006246509509241,6.391349424422317e-08
-0.0006246509509241,6.391349424407244e-08
-0.0006246509509241,6.391349424407247e-08
-0.0006246509509241,6.391349424407237e-08
-0.0006246509509241,6.391349424407237e-08
-0.0006246509509241,6.391349424407237e-08
-4.9326818582230304e+32,9.705794093733768e+28
-0.0006246509509240963,6.391349424407174e-08
-0.0006246509509241,6.391349424407243e-08
-0.0006246509509241,6.391349424407237e-08
-0.0006246509509241,6.391349424407237e-08
-0.0006246508081292712,6.391346614704027e-08
-0.0006246509509241,6.391349424407237e-08
-0.0006246509509241,6.391349424423164e-08
-0.0006246509509241,6.391349424407237e-08
-0.0006246509509241,6.391349424407241e-08
-0.0006246509509241,6.391349424407237e-08
-0.0006246509509241,6.391349424407237e-08
-0.0006246509509241,6.391349424407237e-08
126443837040.2696,-24879724.568395328
-0.0006246509509110291,6.397990491835596e-08
-0.0006246509509241,6.391349424407237e-08
-0.0006246509509241,6.391349424407237e-08
-0.0006246509509241,6.391349424407237e-08
-0.0006246509509241,6.391349424407237e-08
-0.0006246509509241,6.391349424407239e-08
-0.0006246509509241,6.391349424419268e-08
-0.0006246509509241,6.391349424407237e-08
-0.0006246509509241,6.391349424407245e-08
-0.0006246509509241,6.391349424407237e-08
-0.0006246509509241,6.391349424407237e-08
-0.0006246509509241,6.391349424407237e-08
0.00011971846794913256,3.78303693793092
-0.0006246509509108478,6.398081443385636e-08
-0.0006246509509241,6.391349424407237e-08
-0.0006246509509241,6.391349424407237e-08
-0.0006246509509241,6.391349424407237e-08
-0.0006246509509241,6.391349424407237e-08
-0.0006246509509241,6.391349424407237e-08
-0.0006246509509241,6.391349424420793e-08
-0.0006246509509241,6.391349424407237e-08
-0.0006246509509241,6.391349424407237e-08
-0.0006246509509241,6.391349424407237e-08
-0.0006246509509241,6.391349424407237e-08
1.0183480733480715e+22,-2.0037531305997268e+18
0.00011984727636711037,3.783691396917878
-0.000624650950909959,6.39853618725839e-08
-0.0006246509509241,6.391349424407237e-08
-0.0006246509509241,6.391349424407237e-08
-0.0006246509509241,6.391349424407237e-08
-0.0006246509509241,6.391349424407237e-08
-0.0006246509509241,6.391349424407239e-08
-0.0006246509509241,6.391349424407256e-08
-0.0006246509509241,6.391349424407237e-08
-0.0006246509509241,6.391349424407237e-08
-0.0006246509509241,6.391349424407237e-08
-0.0006246509509241,6.391349424407237e-08
-0.0006246509509241,6.391349424407237e-08
1.9023205213671392e+17,-37431019902271.24
-0.0006246509509241,6.391349424407252e-08
-0.0006246509509241,6.391349424407237e-08
-0.0006246509509241,6.391349424407237e-08
-0.0006246509509241,6.391349424407237e-08
-0.0006246441949681575,3.439905494750105e-05
-0.0006246505315938489,2.195035071720716e-06
-0.0006246509509241,6.391349424418506e-08
-0.0006246509509241,6.391349424407237e-08
-0.0006246509509241,6.391349424407237e-08
-0.0006246509509241,6.391349424407237e-08
-0.0006246509509241,6.391349424407237e-08
-0.0006246509509241,6.391349424407237e-08
0.00012010277468666841,3.784990062893111
-0.0006246509509154479,6.395624922330946e-08
-0.0006246509509241,6.391349424407237e-08
-0.0006246509509241,6.391349424407237e-08
-0.0006246509509241,6.391349424407237e-08
-0.0006246509509241,6.391349424407237e-08
-0.0006246509509241,6.391349424407237e-08
-0.0006246509509241,6.391349424407253e-08
-0.0006246509509241,6.391349424407237e-08
-0.0006246509509241,6.391349424407237e-08
-0.0006246509509241,6.391349424407237e-08
-0.0006246509509241,6.391349424407237e-08
2.2075257693793738e+18,1.1219094706745963e+22
0.00012022965969446075,3.785634746718515
-0.0006246509509241,6.391349424407257e-08
-0.0006246509509241,6.391349424407237e-08
-0.0006246509509241,6.391349424407237e-08
-0.0006246509509241,6.391349424407237e-08
-0.0006246509509241,6.391349424407237e-08
-0.0006246509509241,6.391349424407237e-08
-0.0006246509509241,6.391349424420115e-08
-0.0006246509509241,6.391349424407256e-08
-0.0006246509509241,6.391349424407237e-08
-0.0006246509509241,6.391349424407237e-08
-0.0006246509509241,6.391349424407237e-08
-0.0006246509509241,6.391349424407237e-08
1.9023205213671392e+17,-37431019902271.234
-0.0006246509509172085,6.394851853241894e-08
-0.0006246509509241,6.391349424407237e-08
-0.0006246509509241,6.391349424407237e-08
-0.0006246509509241,6.391349424407237e-08
-0.0006246509509241,6.391349424407237e-08
1.0040241498305243e+22,-1.9755686548375322e+18
-0.0006246509509241,6.391349424421301e-08
-0.0006246509509241,6.391349424407259e-08
-0.0006246509509241,6.39134942440724e-08
-0.0006246509509241,6.391349424407237e-08
-0.0006246509509241,6.391349424407237e-08
-0.0006246509509241,6.391349424407237e-08
7.043636505487533e-05,3.786933422541601
-0.0006246509509241,6.391349424407264e-08
-0.0006246509509241,6.391349424407237e-08
-0.0006246509509241,6.391349424407237e-08
-0.0006246509509241,6.391349424407237e-08
-0.0006246509509241,6.391349424407237e-08
-0.0006246509509241,6.391349424407237e-08
-0.0006246509509241,6.391349424418038e-08
-0.0006246509509241,6.391349424407264e-08
-0.0006246509509241,6.391349424407237e-08
-0.0006246509509241,6.391349424407237e-08
-0.0006246509509241,6.391349424407237e-08
-0.0006246509509241,6.391349424407237e-08
0.00012061204302181113,3.787578096519152
-0.0006246509509241,6.391349424407269e-08
-0.0006246509509241,6.391349424407237e-08
-0.0006246509509241,6.391349424407237e-08
-0.0006246509509241,6.391349424407237e-08
-0.0006246509509241,6.391349424407237e-08
-0.0006246509509241,6.391349424407989e-08
-0.0006246509509241,6.39134942440727e-08
-0.0006246509509241,6.39134942440727e-08
-0.0006128462137836711,6.159073450994007e-08
-0.0006246509509241,6.391349424407237e-08
-0.0006246509509241,6.391349424407237e-08
-0.0006246509509241,6.391349424407237e-08
4.0564817515345385e+29,-7.981738485677655e+25
-0.0006246509509241,6.391349424407273e-08
-0.0006246509509241,6.391349424407237e-08
-0.0006246509509241,6.391349424407237e-08
-0.0006246509509241,6.391349424407237e-08
-0.0006246509509241,6.391349424407237e-08
-0.0006246509508941038,6.391349423817018e-08
-0.0006246509509241,6.391349424417996e-08
-0.0006246509509241,6.391349424407237e-08
-0.0006246509509241,6.391349424407237e-08
-0.0006246509509241,6.391349424407237e-08
-0.0006246509509241,6.391349424407237e-08
-0.0006246509509241,6.391349424407237e-08
-71.67987805000185,3.802980881311068
-0.0006246509509195427,6.39365770241012e-08
-0.0006246509509241,6.391349424407237e-08
-0.0006246509509241,6.391349424407237e-08
-0.0006246509509241,6.391349424407237e-08
-0.0006246509509241,6.391349424410393e-08
-0.0006246509509241,6.391349424407237e-08
-0.0006246509509241,6.391349424417446e-08
-0.0006246509509241,6.391349424407237e-08
-0.0006246509509241,6.39134942440724e-08
-0.0006246509509241,6.391349424407237e-08
-0.0006246509509241,6.391349424407237e-08
-0.0006246509509241,6.39134942440724e-08
0.00012099634975934698,3.789531221481343
-0.0006246509509186352,6.394123819823724e-08
-0.0006246509509241,6.39134942440724e-08
-0.0006246509509241,6.391349424407237e-08
-0.0006246509509241,6.391349424407237e-08
-0.0006246509509241,6.391349424407237e-08
-0.0006246509509240999,6.39134947380894e-08
-0.0006246509509241,6.391349424416217e-08
-0.0006246509509241,6.391349424407237e-08
-0.0006246509509241,6.391349424407237e-08
-0.0006246509509241,6.391349424407237e-08
-0.0006246509509241,6.391349424407237e-08
-0.0006246509509241,6.391349424407237e-08
4.0564817515345385e+29,-7.981738485677655e+25
-0.0006246509509217006,6.392565873547195e-08
-0.0006246485461046337,1.2285694874624153e-05
-0.0006246509509241,6.391349424407237e-08
-0.0006246509509241,6.391349424407237e-08
-0.0006246509509241,6.391349424407237e-08
-0.0006246509509240996,6.391349621526158e-08
-0.0006246509509241,6.391349424415751e-08
-0.0006246509509241,6.391349424407237e-08
-0.0006246509509241,6.391349424407237e-08
-0.0006246509509241,6.391349424407237e-08
-0.0006246509509241,6.391349424407237e-08
-0.0006246509509241,6.391349424407237e-08
-151996490521167.0,29907597581.958
-0.000624650950922199,6.392259136883747e-08
-0.0006246509509241,6.391349424449936e-08
-0.0006246509509241,6.391349424407237e-08
-0.0006246509509241,6.391349424407237e-08
-0.0006246509509241,6.391349424407237e-08
-0.0006246509509241,6.391349424407237e-08
-0.0006246509509241,6.391349424407345e-08
-0.0006246403531672677,7.217935102262187e-08
-0.0006246509509240993,6.391349424407223e-08
-0.0006246509509241,6.391349424407237e-08
-0.0006246509509241,6.391349424407237e-08
-0.0006246509509241,6.391349424407237e-08
0.00012137680970379671,3.791464796120426
-0.0006246509509239751,6.391349424404891e-08
-0.0006246509509241,6.391349424431301e-08
-0.0006246509509241,6.391349424407237e-08
-0.0006246509509241,6.391349424407237e-08
-0.0006246509509241,6.391349424407237e-08
-0.0006246509509241,6.391349424407237e-08
-0.0006246509509241,6.39134942440737e-08
-0.0006246509509241,6.391349424407237e-08
-0.0006246509509240997,6.391349424407232e-08
-0.0006246509509241,6.391349424407237e-08
-0.0006246509509241,6.391349424407237e-08
-0.0006246509509241,6.391349424407237e-08
5.848603036543687e+35,-1.1508006889608825e+32
-0.0006246509509239907,6.391349424405227e-08
-0.0006246509509240989,6.391349424423314e-08
-0.0006246509509241,6.391349424407237e-08
-0.0006246509509241,6.391349424407237e-08
-0.0006246509509241,6.391349424407237e-08
-0.0006246509509241,6.391349424407237e-08
-0.0006246509509241,6.391349424407432e-08
-0.0006246509509241,6.391349424407374e-08
-0.0006246509509241,6.391349424407237e-08
-0.0006246509509241,6.391349424407237e-08
-0.0006246509509241,6.391349424407237e-08
-0.0006246509507988597,6.391349421942945e-08
-151996490521167.0,29907597581.959953
-0.0006246509509239569,6.391349424404585e-08
-0.0006246509509240996,6.39134942440723e-08
-0.0006246509509241,6.391349424407237e-08
-0.0006246509509241,6.391349424407237e-08
-0.0006246509509241,6.391349424407237e-08
2.577047947677988e+18,-507072977109703.1
-0.0006246509509241,6.391349424413168e-08
-0.0006230338772200433,6.359531065029938e-08
-0.0006246509509241,6.391349424407239e-08
-0.0006246509509241,6.391349424407237e-08
-0.0006246509509241,6.391349424407237e-08
-0.0006246509509241,6.391349424407237e-08
0.00012176111644133245,3.793417921082617
-0.0006246509509239769,6.391349424405039e-08
-0.0006246509509240969,6.391349424407177e-08
-0.0006246509509241,6.391349424407237e-08
-0.0006246509509241,6.391349424407237e-08
-0.0006246509509241,6.391349424407237e-08
9.195715126357186e+30,4.673449358095708e+34
-0.0006246509509241,6.391349424412385e-08
-0.0006246509509241,6.391349424407468e-08
-0.0006246509509241,6.391349424407239e-08
-0.0006246509509241,6.391349424407237e-08
-0.0006246509509241,6.391349424407237e-08
1.989121448294859e+18,1.0109119549672889e+22
0.00012188792074895483,3.7940623664894533
-0.0006246509509239925,6.391349424405403e-08
-0.0006246509509241,6.391349424407239e-08
-0.0006246509509241,6.391349424407237e-08
-0.0006246509509241,6.391349424407237e-08
-0.0006246509509241,6.391349424407237e-08
2.0766851305425085e+18,1.0554135982837328e+22
-0.0006246509509241,6.39134942440768e-08
-0.0006246509509241,6.391349424407237e-08
-0.0006246509509241,6.391349424407237e-08
-0.0006246509509241,6.391349424407237e-08
-0.0006246509509241,6.391349424407237e-08
-0.0006246509509241,6.391349424407237e-08
-2.3021535313908118e+20,4.5298336260207656e+16
-0.0006246509509241,6.39134942440759e-08
-0.0006246509509241,6.391349424407239e-08
-0.0006246509509241,6.391349424407237e-08
-0.0006246509509241,6.391349424407237e-08
-0.0006246509509241,6.391349424407237e-08
1.2203698659819262e+22,-2.401261418810622e+18
-0.0006246509509241,6.391349424407237e-08
-0.0006246422756628698,6.39117872558371e-08
-0.0006246509509241,6.391349424407237e-08
-0.0006246509509241,6.391349424407237e-08
-0.0006246509509241,6.391349424407237e-08
-0.0006246509509241,6.391349424407237e-08
0.00012218522299122252,3.795361270875044
-0.0006246509509240024,6.39134942440583e-08
-0.000624646991516264,6.391271517748447e-08
-0.0006246509509241,6.391349424407237e-08
-0.0006246509509241,6.391349424407237e-08
-0.0006246509509241,6.391349424407237e-08
-0.0006246509509241,6.391349424407237e-08
-0.0006246509509241,6.391349424413041e-08
-0.000624649444800903,6.391319789166409e-08
-0.0006246509509241,6.391349424407237e-08
-0.0006246509509241,6.391349424407237e-08
-0.0006246509509241,6.391349424407237e-08
-0.00020343800640022872,2.1406898723270165
0.0001222703040763052,3.79600571629009
-0.0006246509509240107,6.391349424406123e-08
-0.0006246509509241,6.391349424751535e-08
-0.0006246509509241,6.391349424407237e-08
-0.0006246509509241,6.391349424407237e-08
-0.0006246509509241,6.391349424407237e-08
3.1369476156672856e+19,1.5942605462842053e+23
-0.0006246509509241,6.391349424411199e-08
-0.0006246509507766097,6.466306974233257e-08
-0.0006246509509241,6.391349424407237e-08
-0.0006246509509241,6.39134942440724e-08
-0.0006246509509241,6.391349424407237e-08
-0.0006246509509241,6.391349424407237e-08
-2.3021535313908118e+20,4.5298336260207656e+16
-0.0006246509509235921,6.391565483039419e-08
-0.0006246509450679725,6.391349309179393e-08
-0.0006246509509241,6.391349424407237e-08
-0.0006246509509241,6.391349424407237e-08
-0.0006246509509241,6.391349424407237e-08
-0.0006246509509241,6.391349424407237e-08
-0.0006246509509241,6.391349424409577e-08
-0.0006246509509241,6.391349424408376e-08
-0.0006246509509241,6.391349424407237e-08
-0.0006246509509241,6.391349424407237e-08
-0.0006246509509241,6.391349424407237e-08
-0.0006246509509241,6.391349424419351e-08
89128.95933464392,-13.740169575774583
-0.0006246509509236771,6.391521402665038e-08
-0.0006246509509241,6.39134942536159e-08
-0.0006246509509241,6.391349424407237e-08
-0.0006246509509241,6.391349424407237e-08
-0.0006246509509241,6.391349424407237e-08
-0.0006246509509241,6.391349424407239e-08
-0.0006246509509241,6.39134942441177e-08
-0.000624650869961025,6.391347831336861e-08
-0.0006246509509241,6.391349425312835e-08
-0.0006246509509241,6.391349424407237e-08
-0.0006246509509241,6.391349424407237e-08
-0.0006246509509241,6.391349424407237e-08
0.00012265268740365549,3.797949066090727
-0.0006246509509237055,6.391512876055026e-08
-0.0006246509509241,6.391349424407571e-08
-0.0006246509509241,6.391349424407237e-08
-0.0006246509509241,6.391349424407237e-08
-0.0006246509509241,6.391349424407237e-08
1.6996229114144956,8641.003739039264
-0.0006246509509241,6.391349424411538e-08
-0.0006246509509223547,6.39223641851405e-08
-0.0006246509509240774,6.391349424406822e-08
-0.0006246509509241,6.391349424407237e-08
-0.0006246509509241,6.391349424407237e-08
-0.0006246509509241,6.391349424407237e-08
-3.2186439217755354e+26,6.3331664323178e+22
-0.0006246509509237284,6.39150790221286e-08
-0.0006246509453521943,6.391349314771606e-08
-0.0006246509509241,6.391349424407237e-08
-0.0006246509509241,6.391349424407239e-08
-0.0006246509509241,6.391349424407286e-08
-0.0006246509509241,6.391349424407237e-08
-0.0006246509509241,6.391349424411178e-08
-0.0006246509502937753,6.392037335737692e-08
-0.0006246509509241,6.391349424407237e-08
-0.0006246509509241,6.391349424407237e-08
-0.0006246509509241,6.391349424407237e-08
-0.0006246509509241,6.391349424407237e-08
89128.95933502822,-13.738216450812391
-0.000624650950923727,6.391510744340465e-08
-0.0006246509509241,6.391349424407237e-08
-0.0006246509509241,6.391349424407237e-08
-0.0006246509509241,6.391349424407239e-08
-0.0006246509509241,6.391349424407293e-08
-0.0006246509509241,6.391349424407237e-08
-0.0006246509509241,6.391349424409789e-08
-0.0006246509481240163,6.39162653998597e-08
-0.0006246509509241,6.391349424407237e-08
-0.0006246509509241,6.391349424407237e-08
-0.0006246509509241,6.391349424407237e-08
-0.0006246509509241,6.391349424407237e-08
0.00012303507073098256,3.7998924158913643
-0.0006246509509240447,6.39134942441153e-08
-0.0006246509509241,6.391349424407346e-08
-0.0006246509509241,6.391349424407237e-08
-0.0006246509509241,6.391349424407237e-08
-0.0006246509509241,6.391349424407237e-08
-0.0006246509509241,6.391349424407237e-08
-0.0006246509509241,6.391349424408265e-08
-0.0006246509509241,6.391349424410627e-08
-0.0006246509509241,6.391349424407237e-08
-0.0006246509509241,6.391349424407237e-08
-0.0006246509509241,6.391349424407237e-08
-0.0006246509509241,6.391349424407237e-08
0.0001231619219783566,3.8005370997167747
-0.0006246509509240999,6.391349424411282e-08
-0.0006246509509240999,6.391349426847197e-08
-0.0006246509509241,6.391349424407237e-08
-0.0006246509509241,6.391349424407239e-08
-0.0006246509509241,6.391349424407237e-08
-0.0006246509509241,6.391349424407237e-08
-0.0006246509509241,6.391349424407912e-08
-0.0006246509509241,6.391349424415582e-08
-0.0006246509509241,6.391349424407237e-08
-0.0006246509509241,6.391349424407237e-08
-0.0006246509509241,6.391349424407237e-08
-0.0006246509509237055,6.391549914548675e-08
126443837040.2696,-24879724.5495965
-0.0006246509509240999,6.391349424409948e-08
-0.000624650950920852,6.391349424343328e-08
-0.0006246509509241,6.391349424407237e-08
-0.0006246509509241,6.39134942440724e-08
-0.0006246509509241,6.391349424407237e-08
-0.0006246508290268185,6.391347025894726e-08
-0.0006246509509241,6.391349424407801e-08
-0.0006246509508605778,6.391349423157341e-08
-0.0006246509509241,6.391349424407237e-08
-0.0006246509509241,6.391349424407237e-08
-0.0006246509509241,6.391349424407237e-08
-0.0006246509509241,6.391349424407237e-08
0.00012341742029791454,3.8018357656920077
-0.0006246509509240999,6.391349424410857e-08
-0.0006246509509240999,6.391349426608167e-08
-0.0006246509509241,6.391349424407237e-08
-0.0006246509509241,6.391349424407239e-08
-0.0006246509509241,6.391349424407237e-08
-0.00010963662025848344,-3.742332804519879e-08
-0.0006246509509241,6.39134942440751e-08
-0.0006246509509240999,6.391349424407235e-08
-0.0006246509509241,6.391349424407237e-08
-0.0006246509509241,6.391349424407237e-08
-0.0006246509509241,6.391349424407237e-08
-0.0006246509509241,6.391349424407237e-08
0.00012354622871589235,3.802490224678966
-0.0006246509509240565,6.391354998558537e-08
-0.0006246509509241,6.391349424407502e-08
-0.0006246509509241,6.391349424407237e-08
-0.0006246509509241,6.391349424407239e-08
-0.0006246509509241,6.391349424407237e-08
-0.0006246509509241,6.391349424407237e-08
-0.0006246509509241,6.391349424407428e-08
-0.0006246509509240998,6.391349424425703e-08
-0.0006246509509240634,6.391349424406516e-08
-0.0006246509509241,6.391349424407237e-08
-0.0006246509509241,6.391349424407237e-08
-0.0006246509509241,6.391349424407237e-08
1.9023205213671392e+17,-37431019902271.22
-0.0006246509509240998,6.391349424430786e-08
-0.0006246509509241,6.391349424407243e-08
-0.0006246509509241,6.391349424407237e-08
-0.0006246509509241,6.391349424407239e-08
-0.0006246509509241,6.391349424407237e-08
2.4320866882107535e+18,-478549667145736.75
-0.0006246509509241,6.391349424407459e-08
-0.000624650950905555,6.391349424042334e-08
-0.0006246509509241,6.391349424407237e-08
-0.0006246509509241,6.391349424407237e-08
-0.0006246509509241,6.391349424407237e-08
-0.0006246509509241,6.391349424407237e-08
7.375101066612146e-05,3.803779125340498
-0.0006246509509240996,6.39134942440723e-08
-0.0006246509509241,6.391349424407268e-08
-0.0006246509509241,6.391349424407237e-08
-0.0006246509509241,6.391349424407237e-08
-0.0006246509509241,6.391349424407237e-08
-0.0006246509509241,6.391349424407239e-08
-0.0006246509509241,6.391349424407431e-08
-0.0006246509509118299,6.391349424168027e-08
-0.0006246509509240999,6.391349424407235e-08
-0.0006246509509241,6.391349424407237e-08
-0.0006246509509241,6.391349424407237e-08
-0.0006246509509241,6.391349424407237e-08
0.00012392668863305738,3.804423799318049
-0.0006246509509240994,6.391349424407224e-08
-0.0006246509509241,6.39134942441554e-08
-0.0006246509509241,6.391349424407237e-08
-0.0006246509509241,6.391349424407237e-08
-0.0006246509509241,6.391349424407237e-08
-0.0006246509509241,6.391349424407237e-08
-0.0006246509509241,6.391349424407436e-08
-0.0006246509509230033,6.391349424387408e-08
-0.0006246509509241,6.391349424407237e-08
-0.0006246509509241,6.391349424407237e-08
-0.0006246509509241,6.391349424407237e-08
-0.0006246509509241,6.391349424407237e-08
2.7200829694192947e+23,-5.352172708046135e+19
-0.0006246509509240988,6.391349593048195e-08
-0.0006246509509240778,6.391360706321414e-08
-0.0006246509509241,6.391349424407237e-08
-0.0006246509509241,6.391349424407237e-08
-0.0006246509509241,6.391349424407237e-08
-0.0006246509509241,6.391349424407237e-08
-0.0006246509509241,6.391349424407449e-08
-0.0006246509509241,6.391349424409524e-08
-0.0006246509509241,6.39134942440724e-08
-0.0006246509509241,6.391349424407237e-08
-0.0006246509509241,6.391349424407237e-08
-0.0006246509509241,6.391349424407237e-08
7.41353174036573e-05,3.805732250302689
-0.0006246509509241,6.391349424408773e-08
-0.0006246509509240998,6.391349553502637e-08
-0.0006246509509241,6.391349424407237e-08
-0.0006246509509241,6.391349424407239e-08
-0.0006246509509241,6.391349424407237e-08
-0.0006246509509241,6.391349424407237e-08
-0.0006246509509241,6.391349424407441e-08
-0.0006246509509241,6.391349424408005e-08
-0.0006246509509241,6.391349424407237e-08
-0.0006246509509241,6.391349424407237e-08
-0.0006246509509241,6.391349424407237e-08
-0.0006246509509241,6.391349424407237e-08
0.0001243109953705931,3.8063769242802397
-0.0006246509509241,6.391349424409482e-08
-0.0006246509509241,6.391349424412067e-08
-0.0006246509509241,6.391349424407237e-08
-0.0006246509509241,6.39134942440724e-08
-0.0006246509509241,6.391349424407237e-08
-0.0006246509509241,6.391349424407237e-08
-0.0006246509509241,6.391349424407276e-08
-0.0006246509509233089,6.39134942439266e-08
-0.0006246509509241,6.391349424407237e-08
-0.0006246509509241,6.391349424407237e-08
-0.0006246509509241,6.391349424407237e-08
-0.00019724040348325446,2.172187350202388
5.848603036543687e+35,-1.1508006889608825e+32
-0.0006246509509240956,6.391349452516124e-08
-0.0006246509509240997,6.391349424407231e-08
-0.0006246509509241,6.391349424407237e-08
-0.0006246509509241,6.391349424407239e-08
-0.0006246509509241,6.391349424407288e-08
-0.0006246509509241,6.391349424407237e-08
-0.0006246509509241,6.391349424407306e-08
-0.0006246509509237061,6.391349424399488e-08
-0.0006246509509241,6.391349424407237e-08
-0.0006246509509241,6.391349424407237e-08
-0.0006246509509241,6.391349424407237e-08
-0.0006246509509241,6.391349424407237e-08
-107374181.92129995,21131.29430830223
-0.0006246509509240954,6.391349424407146e-08
-0.0006246509509241,6.391349424407237e-08
-0.0006246509509241,6.391349424407237e-08
-0.0006246509509241,6.39134942440724e-08
-0.0006246509509241,6.391349424407237e-08
-0.0006246509509241,6.391349424407237e-08
-0.0006246509509241,6.391349424407346e-08
-0.0006246509509239933,6.391349424405138e-08
-0.0006246509509239465,6.391349424404219e-08
-0.0006246509509241,6.391349424407237e-08
-0.0006246509509241,6.391349424407237e-08
-0.0006246509509241,6.391349424407237e-08
0.0001246933786979435,3.808320274080877
-0.0006246509509240976,6.39134942440719e-08
-0.0006246509509241,6.39134942440745e-08
-0.0006246509509241,6.391349424407237e-08
-0.0006246509509241,6.391349424407237e-08
-0.0006246509509241,6.391349424407237e-08
-0.0006246509509241,6.391349424407237e-08
-0.0006246509509241,6.39134942440737e-08
-0.0006246509509240668,6.391349427378184e-08
-0.0006246509509241,6.391349424407237e-08
-0.0006246509509241,6.391349424407237e-08
-0.0006246509509241,6.391349424407237e-08
-0.0006246509509241,6.391349424407237e-08
5.848603036543687e+35,-1.1508006889608825e+32
-0.0006246509509240993,6.391349428549679e-08
-0.0006246509509240666,6.391349424406748e-08
-0.0006246509509241,6.391349424407237e-08
-0.0006246509509241,6.391349424407239e-08
-0.0006246509509241,6.391349424407237e-08
-0.0006246509509241,6.391349424407237e-08
-0.0006246509509241,6.391349424407376e-08
-0.0006246509509240539,6.391349455985383e-08
-0.0006246509509241,6.391349424407236e-08
-0.0006246509509241,6.391349424407237e-08
-0.0006246509509241,6.391349424407237e-08
-0.0006246509509241,6.391349424407237e-08
-107374181.92129956,21131.29626142719
-0.0006246509509240992,6.391349424407222e-08
-0.0006246509509241,6.391349424407237e-08
-0.0006246509509241,6.391349424407237e-08
-0.0006246509509241,6.391349424407245e-08
-0.0006246509509241,6.391349424407237e-08
603667171225552.2,-118780603198.5333
-0.0006246509509241,6.391349424407284e-08
-0.0006246509509241,6.391349424407237e-08
-0.0006246509509241,6.391349424407237e-08
-0.0006246509509241,6.391349424407237e-08
-0.0006246509509241,6.391349424407237e-08
-0.0006246509509241,6.391349424407237e-08
0.0001250757620525787,3.810263623881514
-0.0006246509509240993,6.391349424407222e-08
-0.0006246509509241,6.391349424412639e-08
-0.0006246509509241,6.391349424407237e-08
-0.0006246509509241,6.391349424407239e-08
-0.0006246509509241,6.391349424407237e-08
144972182793.59265,-28525459.29286093
-0.0006246509509241,6.391349424407276e-08
-0.0006246509509241,6.391349424407237e-08
-0.0006246509509241,6.391349424407237e-08
-0.0006246509509241,6.391349424407237e-08
-0.0006246509509241,6.391349424407237e-08
-0.0006246509509240982,6.391349424407202e-08
0.00012520256636020096,3.81090806928835
-0.0006246509509240993,6.391349424407223e-08
-0.0006246509509241,6.391349424407237e-08
-0.0006246509509241,6.391349424407237e-08
-0.0006246509509241,6.391349424407239e-08
-0.0006246509509241,6.391349424407237e-08
-0.0006246509509241,6.391349424407237e-08
-0.0006246509509241,6.391349424407282e-08
-0.0006246509509241,6.391349424407237e-08
-0.0006246509509241,6.391349424407237e-08
-0.0006246509509241,6.391349424407237e-08
-0.0006246509509241,6.391349424407237e-08
-0.0006246509509241,6.391349424407237e-08
-151996490521167.0,29907597581.978752
-0.0006246509509240993,6.391349424407223e-08
-0.0006246509509241,6.391349424407237e-08
-0.0006246509509241,6.391349424407237e-08
-0.0006246509509241,6.391349424407239e-08
-0.0006246509509241,6.391349424407237e-08
-0.0006246509509241,6.391349424407237e-08
-0.0006246509509241,6.391349424407292e-08
-0.0006246509509241,6.391349424407237e-08
-0.0006246509509240999,6.391349424407236e-08
-0.0006246509509241,6.391349424407237e-08
-0.0006246509509241,6.391349424407237e-08
125490877721.70383,637770150419714.5
0.00012549986860246876,3.812206973673941
-0.0006246509509240994,6.391349424407226e-08
-0.0006246509509241,6.391349424407237e-08
-0.0006246509509241,6.391349424407237e-08
-0.0006246509509241,6.391349424407239e-08
-0.0006246509509241,6.391349424407237e-08
-0.0006246509509241,6.391349424407237e-08
-0.0006246509509241,6.391349424407302e-08
-0.0006246509509241,6.391349424407237e-08
-0.0006246509509240999,6.391349424407236e-08
-0.0006246509509241,6.391349424407237e-08
-0.0006246509509241,6.391349424407237e-08
-0.0006246509509241,6.391349424407237e-08
0.0001255868730977368,3.812861194250541
-0.0006246509509240995,6.391349424407226e-08
-0.0006246509509241,6.391349424407237e-08
-0.0006246509509241,6.391349424407237e-08
-0.0006246509509241,6.391349424407237e-08
-0.0006246509509241,6.391349424407237e-08
-0.0006246509509241,6.391349424407302e-08
-0.0006246509509241,6.391349424407309e-08
-0.0006246509509241,6.391349424407237e-08
-0.0006246509509240998,6.391349424407234e-08
-0.0006246509509241,6.391349424407237e-08
-0.0006246509509241,6.391349424407237e-08
-0.0006246509509232164,6.391556925727691e-08
-2.3021535313908118e+20,4.5298336260207656e+16
-0.0006246509509240992,6.39134942440722e-08
-0.0006246509509241,6.391349424407237e-08
-0.0006246509509241,6.391349424407237e-08
-0.0006246509509241,6.391349424407237e-08
-0.0006246509509241,6.391349424407237e-08
1.6870301403922916,8577.004716840673
-0.0006246509509241,6.391349424407317e-08
-0.0006246509509241,6.391349424407237e-08
-0.0006246509509241,6.391349424407306e-08
-0.0006246509509241,6.391349424407237e-08
-0.0006246509509241,6.391349424407237e-08
-0.0006246509508231485,6.442655033174684e-08
0.05887583924237163,3.814138763536152
-0.000624650950924099,6.391349424407218e-08
-0.0006246509509241,6.391349424407237e-08
-0.0006246509509241,6.391349424407237e-08
-0.0006246509509241,6.391349424407237e-08
-0.0006246509509241,6.391349424407237e-08
-0.0006246509509241,6.391349424407237e-08
-0.0006246509509241,6.391349424407331e-08
-0.0006246509509241,6.391349424407237e-08
-0.0006246509509241,6.3913494244074e-08
-0.0006246509509241,6.391349424407237e-08
-0.0006246509509241,6.391349424407237e-08
-0.0006246509509241,6.391349424407237e-08
0.00012596733301490173,3.814794768889624
-0.0006246509509240989,6.391349424407216e-08
-0.0006246509509241,6.391349424407237e-08
-0.0006246509509241,6.391349424407237e-08
-0.0006246509509241,6.391349424407237e-08
-0.0006246509509241,6.391349424407237e-08
8641.75799712267,-1.7003940789739345
-0.0006246509509241,6.391349424407462e-08
-0.0006246509509241,6.391349424407237e-08
-0.0006246509509241,6.391349424420201e-08
-0.0006246509509241,6.391349424407237e-08
-0.0006246509509241,6.391349424407237e-08
-0.0006246509509241,6.391349424407237e-08
-3.2186439217755354e+26,6.3331664323178e+22
-0.000624650950924099,6.391349424407218e-08
-0.0006246509509241,6.391349424407237e-08
-0.0006246509509241,6.391349424407237e-08
-0.0006246509509241,6.391349424407237e-08
-0.0006246509509241,6.391349424407237e-08
-0.0006246509509241,6.391349424407237e-08
-0.0006246509509241,6.391349424407719e-08
-0.0006246509509241,6.391349424407237e-08
-0.0006246509509241,6.391349424407237e-08
-0.0006246509509241,6.391349424407237e-08
-0.0006246509509241,6.391349424407237e-08
-0.0006246509509241,6.391349424407237e-08
89128.95933834287,-13.721370748013495
-0.000624650950924099,6.391349424407219e-08
-0.0006246509509241,6.391349424407237e-08
-0.0006246509509241,6.391349424407237e-08
-0.0006246509509241,6.39134942440724e-08
-0.0006246509509241,6.391349424407237e-08
-0.0006246508244721564,6.391346936274892e-08
-0.0006246509509241,6.391349424407701e-08
-0.0006246509509241,6.391349424407237e-08
-0.0006246509509241,6.391349424407349e-08
-0.0006246509509241,6.391349424407237e-08
-0.0006246509509241,6.391349424407237e-08
-0.0006246509509241,6.391349424407237e-08
0.0001263497163422288,3.816738118690261
-0.0006246509509240988,6.391349424407215e-08
-0.0006246509509241,6.391349424407237e-08
-0.0006246509509241,6.391349424407237e-08
-0.0006246509509241,6.391349424407239e-08
-0.0006246509509241,6.391349424407237e-08
-0.0006245233231551083,6.38883815592879e-08
-0.0006246509509241,6.391349424407537e-08
-0.0006246509509241,6.391349424407237e-08
-0.0006246509509241,6.391349424408344e-08
-0.0006246509509241,6.391349424407237e-08
-0.0006246509509241,6.391349424407237e-08
-0.0006246509509241,6.391349424407237e-08
-4.9326818582230304e+32,9.705794093733768e+28
-0.0006246509509240992,6.39134942440722e-08
-0.0006246509509241,6.391349424407237e-08
-0.0006246509509241,6.391349424407237e-08
-0.0006246509509241,6.391349424407239e-08
-0.0006246509509241,6.391349424407237e-08
-0.0006246509509241,6.391349424407237e-08
-0.0006246509509241,6.391349424407489e-08
-0.0006246509509241,6.391349424407237e-08
-0.0006246509509241,6.391349424407444e-08
-0.0006246509509241,6.391349424407237e-08
-0.0006246509509241,6.391349424407237e-08
-0.0006246509509241,6.391349424407237e-08
89128.95933872717,-13.719417623051305
-0.0006246509509240992,6.391349424407222e-08
-0.0006246509509241,6.391349424407237e-08
-0.0006246509509240999,6.391349424407253e-08
-0.0006246509509241,6.391349424407237e-08
-0.0006246509509241,6.391349424407237e-08
1.9024605323826775e+18,9.66869115854002e+21
-0.0006246509509241,6.391349424407555e-08
-0.0006246509509241,6.391349424407237e-08
-0.0006246509509241,6.391349424407241e-08
-0.0006246509509241,6.391349424407239e-08
-0.0006246509509241,6.391349424407237e-08
-0.0006246509509241,6.391349424407237e-08
0.00012673206590916078,3.8186814684909045
-0.0006246509509240986,6.391349424407211e-08
-0.0006246509509241,6.391349424407237e-08
-0.0006246509509241,6.391349424407237e-08
-0.0006246509509241,6.391349424407243e-08
-0.0006246509509241,6.391349424407237e-08
-0.0006246509509241,6.391349424407237e-08
-0.0006246509509241,6.39134942440753e-08
-0.0006246509509241,6.391349424407237e-08
-0.0006246509509241,6.391349424407239e-08
-0.0006246509509241,6.391349424407252e-08
-0.0006246509509241,6.391349424407237e-08
-0.0006246509509241,6.391349424407237e-08
0.0001268608743271386,3.8193359274778627
-0.0006246509509240959,6.391350329238939e-08
-0.0006246509509241,6.391349424407237e-08
-0.0006246509509241,6.39134942440724e-08
-0.0006246509509241,6.391349424407265e-08
-0.0006246509509241,6.391349424407237e-08
-0.0006246509509241,6.391349424407237e-08
-0.0006246509509241,6.391349424407518e-08
-0.0006246509307971847,6.39134902837988e-08
-0.0006246509509241,6.391349424407239e-08
-0.0006246509509241,6.391349424407243e-08
-0.0006246509509241,6.391349424407237e-08
-0.0006246509509241,6.391349424407237e-08
1.9023205213671392e+17,-37431019902271.2
-0.0006246509509240982,6.391349424407202e-08
-0.0006246509509241,6.391349424407237e-08
-0.0006246509509241,6.391349424407239e-08
-0.0006246509509241,6.391349424407265e-08
-0.0006246509509241,6.391349424407237e-08
-0.0006246509509241,6.391349424407237e-08
-0.0006246509509241,6.391349424407484e-08
-0.0006246509365973921,6.391349142507693e-08
-0.000624650950825047,6.391349422458223e-08
-0.0006246509509241,6.391349424407243e-08
-0.0006246509509241,6.391349424407237e-08
-0.0006246509509241,6.391349424407237e-08
0.00012711637264669652,3.8206345934530956
-0.0006246509509240983,6.391349424407204e-08
-0.0006246509509241,6.391349424407237e-08
-0.0006246509509241,6.391349424407239e-08
-0.0006246509509241,6.391349424407237e-08
-0.0006246509509241,6.391349424407237e-08
-0.000624650828127968,6.39134700820849e-08
-0.0006246509509241,6.391349424407457e-08
-0.0006246509432467016,6.392045718991885e-08
-0.0006246509509241,6.391349424407243e-08
-0.0006246509509241,6.391349424407268e-08
-0.0006246509509241,6.391349424407237e-08
-0.0006246509509241,6.391349424407237e-08
0.00012724325765448897,3.8212792772784994
-0.0006246509509240985,6.391349424407208e-08
-0.0006246509509231211,6.39184693099082e-08
-0.0006246509509241,6.391349424408021e-08
-0.0006246509509241,6.391349424407237e-08
-0.0006246509509241,6.391349424407237e-08
-0.0006246509509241,6.391349424407237e-08
-0.0006246509509241,6.39134942440741e-08
-0.0006246509420543637,6.391349249881823e-08
-0.0006246509473565019,6.391349354209373e-08
-0.0006246509509241,6.391349424407362e-08
-0.0006246509509241,6.391349424407237e-08
-0.0006246509509241,6.391349424407237e-08
1.9023205213671392e+17,-37431019902271.2
-0.0006246509509240986,6.39134942440721e-08
-0.0006246509509241,6.391349424407237e-08
-0.0006246509509241,6.391349424407241e-08
-0.0006246509509241,6.391349424407237e-08
-0.0006246509509241,6.391349424407237e-08
-0.0006246509509241,6.391349424407237e-08
-0.0006246509509241,6.391349424407406e-08
-0.0006246490440692407,6.39131190416741e-08
-0.0006246509509240764,6.391361419285295e-08
-0.0006246509509241,6.391349424407237e-08
-0.0006246509509241,6.391349424407237e-08
-0.0006246509509241,6.391349424407237e-08
7.744996301490344e-05,3.8225779531015855
-0.0006246509509240988,6.391349424407215e-08
-0.0006246509509241,6.391349424407237e-08
-0.0006246509509241,6.391349424407243e-08
-0.0006246509509241,6.391349424407237e-08
-0.0006246509509241,6.391349424407237e-08
-0.0006246509509241,6.391349424407237e-08
-0.0006246509509241,6.391349424407412e-08
-0.0006246509509241,6.391349424407237e-08
-0.0006246509509241,6.391349424407237e-08
-0.0006246509509241,6.391349424407237e-08
-0.0006246509509241,6.391349424407237e-08
-0.0006246509509241,6.391349424407237e-08
0.00012762564098183935,3.8232226270791365
-0.0006246509509240989,6.391349424407216e-08
-0.0006246509509241,6.391349424407237e-08
-0.0006246509509241,6.391349424407237e-08
-0.0006246509509232328,6.391790204710261e-08
-0.0006246509509241,6.391349424407237e-08
-0.0006246509509241,6.391349424407237e-08
-0.0006246509509241,6.39134942440739e-08
-0.0006246490149671872,6.391311331540698e-08
-0.0006246509509240529,6.391373414122694e-08
-0.0006246509509241,6.391349424407237e-08
-0.0006246509509241,6.391349424407237e-08
-0.0006246509509241,6.391349424407237e-08
4.0564817515345385e+29,-7.981738485677655e+25
-0.0006246509509240989,6.391349424407216e-08
-0.0006246509509241,6.391349424407237e-08
-0.0006246509509241,6.391349424407237e-08
-0.00062465095092222,6.392304881196164e-08
-0.0006246509509241,6.391349424407237e-08
-0.0006246509509241,6.391349424407237e-08
-0.0006246509509241,6.391349424407375e-08
-0.0006246509509241,6.391349424407237e-08
-0.0006246509509241,6.391349424407237e-08
-0.0006246509502451275,6.391440409709623e-08
-0.0006246509509241,6.391349424407237e-08
-0.0006246509509241,6.391349424407237e-08
-71.6798710364039,3.8386254118710523
-0.0006246509509240989,6.391349424407216e-08
-0.0006246509509241,6.391349424407237e-08
-0.0006246509509241,6.391349424407237e-08
-0.0006246509509240076,6.391396350649603e-08
-0.0006246509509241,6.391349424407237e-08
-0.0006246509509241,6.391349424407237e-08
-0.0006246509509241,6.391349424407365e-08
-0.0006246509509241,6.391349424407237e-08
-0.0006246509509241,6.391349424407237e-08
-0.00062465095072065,6.391349903542847e-08
-0.0006246509509241,6.391349424407237e-08
-0.0006246509509241,6.391349424407237e-08
0.00012800802430918974,3.8251659768797737
-0.000624650950924099,6.391349424407218e-08
-0.0006246509509241,6.391349424407237e-08
-0.0006246509509241,6.391349424407237e-08
-0.000624650950014054,6.391354160155752e-08
-0.0006246509509241,6.391349424407237e-08
-0.0006246509509241,6.391349424407237e-08
-0.0006246509509241,6.391349424407237e-08
-0.0006246509509241,6.391349424407237e-08
-0.0006246509509241,6.391349424407237e-08
-0.0006246509492894017,6.39134968793475e-08
-0.0006246509509241,6.391349424407237e-08
-0.0006246509509241,6.391349424407237e-08
5.848603036543687e+35,-1.1508006889608825e+32
-0.000624650950924099,6.391349424407219e-08
-0.0006246509509241,6.391349424407237e-08
-0.0006246509509237139,6.391545616554506e-08
-0.0006246509509225552,6.391351379319265e-08
-0.0006246509509241,6.391349424407237e-08
-0.0006246509509241,6.391349424407237e-08
-0.0006246509509241,6.391349424407237e-08
-0.0006246509509241,6.391349424407237e-08
-0.0006246509509241,6.391349424407237e-08
-0.0006246509509228982,6.391349926950523e-08
-0.0006246509509241,6.391349424407237e-08
-0.0006246509509241,6.391349424407237e-08
-151996490521167.0,29907597581.993645
-0.0006246509509240992,6.39134942440722e-08
-0.0006246509509241,6.391349424407237e-08
-0.0006246509509241,6.391349424407237e-08
-0.0006246509509209049,6.391371725204417e-08
-0.0006246509509241,6.391349424407237e-08
-0.0006246509509241,6.391349424407237e-08
-0.0006246509509241,6.391349424407237e-08
-0.0006246509509241,6.391349424407237e-08
-0.0006246509509241,6.391349424407237e-08
-0.0006246509507330853,6.391349703851009e-08
-0.0006246509509241,6.391349424407237e-08
-0.0006246509509241,6.391349424407237e-08
0.00012839040766382483,3.8271093266804104
-0.0006246509509240992,6.391349424407222e-08
-0.0006246509509241,6.391349424407237e-08
-0.0006246509509240992,6.391349868656952e-08
-0.0006246509509240994,6.391349740939208e-08
-0.0006246509509241,6.391349424407237e-08
-0.0006246509509241,6.391349424407237e-08
-0.0006246509509241,6.391349424407237e-08
-0.0006246507980946039,6.39134641725684e-08
-0.0006246509509227687,6.392026002415179e-08
-0.0006246509509171314,6.391349503397331e-08
-0.0006246509509241,6.391349424407237e-08
-0.0006246509509241,6.391349424407237e-08
5.848603036543687e+35,-1.1508006889608825e+32
-0.0006246509509240986,6.391350162904672e-08
-0.0006246509509241,6.391349424407237e-08
-0.0006246508840515861,6.391496612024508e-08
-0.0006246509509237336,6.391349574338996e-08
-0.0006246509509241,6.391349424407237e-08
-0.0006246509509241,6.391349424407237e-08
-0.0006246509509241,6.391349424407317e-08
-0.0006246509509241,6.391349424407237e-08
-0.0006246509509241,6.391349424407237e-08
-0.0006246509509162139,6.391349492276949e-08
-0.0006246509509241,6.391349424407237e-08
-0.0006246509509241,6.391349424407237e-08
-151996490521167.0,29907597581.995598
-0.0006246509509240986,6.391350129498456e-08
0.00428995447832871,-9.031091056172033e-07
-0.0006246509509241,6.391349424407237e-08
-0.0006246509509238359,6.391349563932606e-08
-0.0006246509509241,6.391349424407237e-08
-0.0006246509509241,6.391349424407237e-08
-0.0006246509509241,6.391349424407305e-08
-0.000624648738485022,6.3913058913379e-08
-0.0006246509509241,6.391349424407237e-08
-0.0006246509509076618,6.39134942408379e-08
-0.0006246509509241,6.391349424407237e-08
-0.0006246509509241,6.391349424407237e-08
0.0001288145142137149,3.8290526764728376
-0.0006246509509240985,6.391350218415568e-08
0.0024124859696833772,-5.336889142054365e-07
-0.0006246509509238637,6.391469546893257e-08
-0.0006246509509241,6.391349450789704e-08
-0.0006246509509241,6.391349424407237e-08
-0.0006246509509241,6.391349424407237e-08
-0.0006246509509241,6.391349424407294e-08
-0.0006246509497727541,6.391349401752774e-08
-0.0006246509509241,6.391349424407237e-08
-0.0006246509509067735,6.391349474049966e-08
-0.0006246509509241,6.391349424407237e-08
-0.0006246509509241,6.391349424407237e-08
0.0001288995952987976,3.8296971218878837
-0.0006246509509240975,6.391350121171508e-08
0.001122798060317873,-2.7992340381452514e-07
-0.0006246509508803318,6.391356353883005e-08
-0.0006246509509237148,6.391349439846029e-08
-0.0006246509509241,6.391349424407237e-08
-0.0006246509509241,6.391349424407237e-08
-0.0006246509509241,6.391349424407288e-08
-0.0006246509508654802,6.391349423253805e-08
-0.0006246509509241,6.391349424407237e-08
-0.0006246509508543777,6.391349589615802e-08
-0.0006246509509241,6.391349424407237e-08
-0.0006246509509241,6.391349424407237e-08
-2.3021535313908118e+20,4.5298336260207656e+16
-0.0006246509509240988,6.391350057333071e-08
0.0004895579772365731,-1.5532388503469333e-07
-0.0006246509505065525,6.39135414701141e-08
-0.0006246509509239116,6.391349476821477e-08
-0.0006246509509241,6.391349424407237e-08
-0.0006246509509241,6.391349424407237e-08
-0.0006246509509241,6.391349424407281e-08
-0.0006246509507766293,6.391349421505529e-08
-0.0006246509509240628,6.391368347019913e-08
-0.0006246509509213094,6.39134958538167e-08
-0.0006246509509241,6.391349424407237e-08
-0.0006246509509241,6.391349424407237e-08
0.05887915388798288,3.8309844663350487
-0.0006246509509240987,6.391350076762015e-08
0.00017277914520002504,-9.299288122436829e-08
-0.0006246509509241,6.391349424407237e-08
-0.0006246509489903615,6.391349429046835e-08
-0.0006246509509241,6.391349424407237e-08
-0.0006246509509241,6.391349424407237e-08
-0.0006246509509241,6.391349424407279e-08
-0.0006245285732723019,0.0006220090912321265
-0.0006246509493673414,6.391521380260044e-08
-0.0006246509499786353,6.391350311010644e-08
-0.0006246509509241,6.391349424407237e-08
-0.0006246509509241,6.391349424407237e-08
0.00012928390203633333,3.831650246850075
-0.000624650950924099,6.391349924106353e-08
-0.0006246509509241,6.391349424407237e-08
-0.000624650950924042,6.39137892206207e-08
-0.0006246509509239039,6.391349464143133e-08
-0.0006246509509241,6.391349424407237e-08
-0.0006246509509241,6.391349424407237e-08
-0.0006246509509241,6.391349424407276e-08
-0.0006246509506237629,6.391383353874521e-08
-0.0006246509501990661,6.391407692194376e-08
-0.0006246509509187987,6.391349424302927e-08
-0.0006246509509241,6.391349424407237e-08
-0.0006246509509241,6.391349424407237e-08
-2.3021535313908118e+20,4.5298336260207656e+16
-0.0006246509509240992,6.391349860268446e-08
-0.0006246509509241,6.391349424407237e-08
-0.000624650950924094,6.391352534299147e-08
-0.0006246509509237726,6.391350001949205e-08
-0.0006246509509241,6.391349424407237e-08
-0.0006246509509241,6.391349424407237e-08
-0.0006246509509241,6.391349424407272e-08
-0.0006246509509241,6.391349424407237e-08
-0.0006246509509241,6.391349424407237e-08
-0.0006246509509129382,6.391349765674477e-08
-0.0006246509509241,6.391349424407237e-08
-0.0006246509509241,6.391349424407237e-08
89128.95934165752,-13.704525045214599
-0.0006246509509240993,6.391349801981356e-08
-0.0006246509509239938,6.391403441190727e-08
-0.0006246509507384237,6.391349420753777e-08
-0.000624650950921087,6.391349651943677e-08
-0.0006246509509241,6.391349424407237e-08
-0.0006246509509241,6.391349424407237e-08
-0.0006246509509241,6.391349424407269e-08
-0.0006246152889207396,0.00018129910838279246
-0.0006246509509240161,6.391392065752595e-08
-0.0006246509509108841,6.391349851583067e-08
-0.0006246509509241,6.391349424407237e-08
-0.0006246509509241,6.391349424407237e-08
0.00012966436195347493,3.8335838214891576
-0.0006246509509240993,6.391349790879085e-08
-0.0006246509509241,6.391349424407237e-08
-0.0006246509508827684,6.391359373720016e-08
-0.0006246509509227312,6.391350115725601e-08
-0.0006246509509241,6.391349424407237e-08
-0.0006246509509241,6.391349424407237e-08
-0.0006246509509241,6.391349424407264e-08
-0.0006246509485935198,6.391349378549565e-08
-0.0006246509509240452,6.391377321961298e-08
-0.0006246509508570145,6.391349809075829e-08
-0.0006246509509241,6.391349424407237e-08
-0.0006246509509241,6.391349424407237e-08
-4.9326818582230304e+32,9.705794093733768e+28
-0.0006246509509240992,6.391349672868861e-08
-0.0006246509509241,6.391349424407237e-08
-0.0006246509505100736,6.391370559965245e-08
-0.0006246509508267877,6.39136159792454e-08
-0.0006246509509241,6.391349424407237e-08
-0.0006246509509241,6.391349424407237e-08
-0.0006246509509241,6.39134942440726e-08
-0.0006246509480529825,6.391349367913678e-08
-0.0006246509509241,6.391349424407237e-08
-0.0006246509508605678,6.391349493610139e-08
-0.0006246509509241,6.391349424407237e-08
-0.0006246509509241,6.391349424407237e-08
89128.95934204182,-13.702571920252408
-0.0006246509509240987,6.391349896304862e-08
-0.0006246509509241,6.391349424407237e-08
-0.0006246509462330175,6.391349332103127e-08
-0.0006246509509240977,6.391350585050723e-08
-0.0006246509509241,6.391349424407237e-08
-0.0006246509509241,6.391349424407237e-08
-0.0006246509509241,6.391349424407257e-08
-0.0006246509428502382,6.391349265541854e-08
-0.0006246509509241,6.391349424407237e-08
-0.0006246509509232936,6.3913501099541e-08
-0.0006246509509241,6.391349424407237e-08
-0.0006246509509241,6.391349424407237e-08
0.00013004671152040692,3.8355271712898014
-0.0006246509509240989,6.391349849120174e-08
-0.0006246509509241,6.391349424407237e-08
-0.0006246509504691291,6.391368156020019e-08
-0.0006246509509233494,6.391349924223061e-08
-0.0006246509509241,6.391349424407237e-08
-0.0006246509509241,6.391349424407237e-08
-0.0006246509509241,6.391349424407256e-08
-0.0006246509509241,6.391349424407237e-08
-0.0006246509509241,6.391349424407237e-08
-0.0006246509509146764,6.391397409520117e-08
-0.0006246509509241,6.391349424407237e-08
-0.0006246509509241,6.391349424407237e-08
0.00013017359652819937,3.8361718551152055
-0.0006246509509240998,6.391349424407234e-08
-0.0006246509509241,6.391349424407237e-08
-0.0006246509505545247,6.391349417135286e-08
-0.0006246509509236236,6.391349832633787e-08
-0.0006246509509241,6.391349424407237e-08
-0.0006246509509241,6.391349424407237e-08
-0.0006246509509241,6.391349424407255e-08
-0.0006246509509241,6.391349424407237e-08
-0.0006246509509241,6.391349424407237e-08
-0.0006246509509227604,6.391349424380878e-08
-0.0006246509509241,6.391349424407237e-08
-0.0006246509509241,6.391349424407237e-08
1.9023205213671392e+17,-37431019902271.19
-0.0006246509509240993,6.391349692274685e-08
-0.0006246509509241,6.391349424407237e-08
-0.0006246509509240973,6.391350829152738e-08
-0.0006246509509241,6.391349449921924e-08
-0.0006246509509241,6.391349424407237e-08
-0.0006246509509241,6.391349424407237e-08
-0.0006246509509241,6.391349424407253e-08
-0.000624650940405954,6.391349217446881e-08
-0.0006223554875225469,6.346182726522524e-08
-0.0006246509509231337,6.39135015195371e-08
-0.0006246509509241,6.391349424407237e-08
-0.0006246509509241,6.391349424407237e-08
0.00013043101825794276,3.8374802962519925
-0.0006246509509240996,6.391349581933179e-08
-0.0006246509509241,6.391349424407237e-08
-0.0006246509492681616,6.391350535666956e-08
-0.0006246509509237251,6.391349444349182e-08
-0.0006246509509241,6.391349424407237e-08
-0.0006246509509241,6.391349424407237e-08
-0.0006246509509241,6.391349424407251e-08
-0.0006246509240940069,6.391348896484765e-08
-0.0006246509509241,6.391349424407237e-08
-0.0006246509502163499,6.391625195632113e-08
-0.0006246509509241,6.391349424407237e-08
-0.0006246509509241,6.391349424407237e-08
0.0001305579032657351,3.838124980077396
-0.0006246509509240996,6.391349554871429e-08
-0.0006246509509241,6.391349424407237e-08
-0.0006246509509240969,6.391351023753812e-08
-0.0006246509509153803,6.391349645005722e-08
-0.0006246509509241,6.391349424407237e-08
-0.0006246509509241,6.391349424407237e-08
-0.0006246509509241,6.39134942440725e-08
-0.0006246509509241,6.391349424407237e-08
-0.0006246509509241,6.391349424407237e-08
-0.0006246509506379981,6.391349418777752e-08
-0.0006246509509241,6.391349424407237e-08
-0.0006246509509241,6.391349424407237e-08
1.9023205213671392e+17,-37431019902271.19
-0.0006246509509240997,6.391349547238626e-08
-0.0006246509509241,6.391349424407237e-08
-0.0006246509509238665,6.391468125081398e-08
-0.0006246509509175199,6.391349458986376e-08
-0.0006246509509241,6.391349424407237e-08
-0.0006246509509241,6.391349424407237e-08
-0.0006246509509241,6.391349424407248e-08
-0.0006246509509241,6.391349424407237e-08
-0.0006246509509241,6.391349424407237e-08
-0.0006246509508543497,6.391350056045441e-08
-0.0006246509509241,6.391349424407237e-08
-0.0006246509509241,6.391349424407237e-08
-71.67986810606502,3.853517989707758
-0.0006246509509240998,6.391349513237739e-08
1286143.9744778615,-253.06818791239726
-0.0006246509509240514,6.391374125725224e-08
-0.0006246509509199613,6.391349982438491e-08
-0.0006246509509241,6.391349424407237e-08
-0.0006246509509241,6.391349424407237e-08
-0.0006246509509241,6.391349424407247e-08
-0.0006246509509241,6.391349424407237e-08
-0.0006246509509241,6.391349424407237e-08
-0.0006246509508534628,6.391349423017344e-08
-0.0006246509509241,6.391349424407237e-08
-0.0006246509509241,6.391349424407237e-08
0.0001309402865930855,3.8400683298780334
-0.0006246509509240998,6.391349499353552e-08
-0.0006246509509241,6.391349424407237e-08
-0.0006246509509238637,6.391469545874107e-08
-0.0006246509509171851,6.391350324002295e-08
-0.0006246509509241,6.391349424407237e-08
-0.0006246509509241,6.391349424407237e-08
-0.0006246509509241,6.391349424407245e-08
-0.0006246509509241,6.391349424407237e-08
-0.0006246509509241,6.391349424407237e-08
-0.0006246509507908194,6.39134942178474e-08
-0.0006246509509241,6.391349424407237e-08
-0.0006246509509241,6.391349424407237e-08
4.0564817515345385e+29,-7.981738485677655e+25
-0.0006246509509240998,6.391349493108537e-08
-0.0006246509509241,6.391349424407237e-08
-0.0006246509509241,6.391349424407237e-08
-0.0006246509509240995,6.391349681146307e-08
-0.0006246509509241,6.391349424407237e-08
-0.0006246509509241,6.391349424407237e-08
-0.0006246509509241,6.391349424407245e-08
-0.0006246509509241,6.391349424407237e-08
-0.0006246509509241,6.391349424407237e-08
-0.0006246509509241,6.391349424407237e-08
-0.0006246509509241,6.391349424407237e-08
-0.0006246509509241,6.391349424407237e-08
-71.67986772175828,3.855471114669949
-0.0006246509509241,6.391349424407236e-08
-0.0006246509509241,6.391349424407237e-08
-0.0005867859972592802,0.19243745564169754
-0.0006246509509201285,6.391349643710398e-08
-0.0006246509509241,6.391349424407237e-08
-0.0006246509509241,6.391349424407237e-08
-0.0006246509509241,6.391349424407244e-08
-0.0006246509509241,6.391349424407237e-08
-0.0006246509509241,6.391349424407237e-08
2.109693253677376,-0.0004151729015347583
-0.0006246509509241,6.391349424407237e-08
-0.0006246509509241,6.391349424407237e-08
0.00013132266992043587,3.8420116796786705
-0.0006246509509240999,6.391349463788575e-08
-0.0006246509509241,6.391349424407237e-08
-0.0006246509509241,6.391349424407237e-08
-0.0006246509508525455,6.391361687055404e-08
-0.0006246509509241,6.391349424407237e-08
-0.0006246509509241,6.391349424407237e-08
-0.0006246509509241,6.391349424407244e-08
-0.0006246509509241,6.391349424407237e-08
-0.0006246509509241,6.391349424407237e-08
0.0011763479431684135,-2.904601493746401e-07
-0.0006246509509241,6.391349424407237e-08
-0.0006246509509241,6.391349424407237e-08
5.848603036543687e+35,-1.1508006889608825e+32
-0.0006246509509240999,6.391349461880373e-08
-0.0006246509509241,6.391349424407237e-08
-0.0006241824099163352,0.002381284560166689
-0.000624650950924084,6.391357554824264e-08
-0.0006246509509241,6.391349424407237e-08
-0.0006246509509241,6.391349424407237e-08
-0.0006246509509241,6.391349424407243e-08
-0.0006246509509241,6.391349424407237e-08
-0.0006246509509241,6.391349424407237e-08
0.005326276668251397,-1.1070210966852897e-06
-0.0006246509509241,6.391349424407237e-08
-0.0006246509509241,6.391349424407237e-08
-151996490521167.0,29907597582.01049
-0.0006246509509241,6.391349424407236e-08
-0.0006246509509241,6.391349424407237e-08
-0.0006246509509241,6.391349424407237e-08
-0.0006246509509240641,6.391367639209382e-08
-0.0006246509509241,6.391349424407237e-08
-0.0006246509509241,6.391349424407237e-08
-0.0006246509509241,6.391349424407241e-08
-0.0006246509509241,6.391349424407237e-08
-0.0006246509509241,6.391349424407237e-08
0.0001232591532594954,-8.3249077364468e-08
-0.0006246509509241,6.391349424407237e-08
-0.0006246509509241,6.391349424407237e-08
0.00013170505327507107,3.8439550294793072
-0.0006246509509240999,6.391349444011167e-08
-0.0006246509509241,6.391349424407237e-08
-0.0006246509509241,6.391349424407237e-08
2193.2187664690996,11146386.7842256
-0.0006246509509241,6.391349424407237e-08
-0.0006246509509241,6.391349424407237e-08
-0.0006246509509241,6.391349424407241e-08
-0.0006246509509241,6.391349424407237e-08
-0.0006246509509241,6.391349424407237e-08
-0.0006246509509241,6.391349424407237e-08
-0.0006246509509241,6.391349424407237e-08
-0.0006246509509241,6.391349424407237e-08
5.848603036543687e+35,-1.1508006889608825e+32
-0.0006246509509240999,6.391349442189703e-08
-0.0006246509509241,6.391349424407237e-08
-0.0006246509509241,6.391349424407237e-08
5727.530493332965,29108477.436511084
-0.0006246509509241,6.391349424407237e-08
-0.0006246509509241,6.391349424407237e-08
-0.0006246509509241,6.391349424407241e-08
-0.0006246509509241,6.391349424407237e-08
-0.0006246509509241,6.391349424407237e-08
0.0013213034096577125,-3.189823194829936e-07
-0.0006246509509241,6.391349424407237e-08
-0.0006246509509241,6.391349424407237e-08
-151996490521167.0,29907597582.012444
-0.0006246509509240999,6.391349440281507e-08
-0.0006246509509241,6.391349424407237e-08
-0.0006246509509241,6.391349424407237e-08
-0.0005087454285870878,4.110733794890521e-08
-0.0006246509509241,6.391349424407237e-08
-0.0006246509509241,6.391349424407237e-08
-0.0006246509509241,6.391349424407241e-08
-0.0006246509509241,6.391349424407237e-08
-0.0006246509509241,6.391349424407237e-08
-0.0006246509509241,6.391349424407237e-08
-0.0006246509509241,6.391349424407237e-08
-0.0006246509509241,6.391349424407237e-08
0.05888208422685659,3.8458770441717545
-0.0006246509509241,6.391349437245741e-08
-0.0006246509509241,6.391349424407237e-08
-0.0006246509509241,6.391349424407237e-08
20116.50258071953,102236158.02088766
-0.0006246509509241,6.391349424407237e-08
-0.0006246509509241,6.391349424407237e-08
-0.0006246509509241,6.391349424407241e-08
-0.0006246509509241,6.391349424407237e-08
-0.0006246509509241,6.391349424407237e-08
-0.0006246509509241,6.391349424407237e-08
-0.0006246509509241,6.391349424407237e-08
-0.0006246509509241,6.391349424407237e-08
0.00013221424091004372,3.8465428246867805
-0.0006246509509241,6.391349433992359e-08
-0.0006246509509241,6.391349424407237e-08
-0.0006246509509241,6.391349424407237e-08
-0.0006246509509241,6.391349424407237e-08
-0.0006246509509241,6.391349424407237e-08
-0.0006246509509241,6.391349424407237e-08
-0.0006246509509241,6.39134942440724e-08
-0.0006246509509241,6.391349424407237e-08
-0.0006246509509241,6.391349424407237e-08
-0.0006246509509241,6.391349424407237e-08
-0.0006246509509241,6.391349424407237e-08
-0.0006246509509241,6.391349424407237e-08
-2.3021535313908118e+20,4.5298336260207656e+16
-0.0006246509509241,6.391349432734684e-08
-0.0006246509509241,6.391349424407237e-08
-0.0006246509509241,6.391349424407237e-08
-0.0006246509509241,6.391349424407237e-08
-0.0006246509509241,6.391349424407237e-08
-0.0006246509509241,6.391349424407237e-08
-0.0006246509509241,6.39134942440724e-08
-0.0006246509509241,6.391349424407237e-08
-0.0006246509509241,6.391349424407237e-08
-0.0006246509509241,6.391349424407237e-08
-0.0006246509509241,6.391349424407237e-08
-0.0006246509509241,6.391349424407237e-08
0.05888246853359413,3.8478301691339456
-0.0006246509509241,6.391349424407237e-08
-0.0006246509509241,6.391349424407237e-08
-0.0006246509509241,6.391349424407237e-08
-0.0006246509509241,6.391349424407237e-08
-0.0006246509509241,6.391349424407237e-08
-0.0006246509509241,6.391349424407237e-08
-0.0006246509509241,6.39134942440724e-08
-0.0006246509509241,6.391349424407237e-08
-0.0006246509509241,6.391349424407237e-08
-0.0006246509509241,6.391349424407237e-08
-0.0006246509509241,6.391349424407237e-08
-0.0006246509509241,6.391349424407237e-08
0.00013259854764757957,3.8484959496489712
-0.0006246509509241,6.391349431173432e-08
-0.0006246509509241,6.391349424407237e-08
-0.0006246509509241,6.391349424407237e-08
-0.0006246509509241,6.391349424407237e-08
-0.0006246509509241,6.391349424407237e-08
-0.0006246509509241,6.391349424407237e-08
-0.0006246509509241,6.39134942440724e-08
-0.0006246509509241,6.391349424407237e-08
-0.0006246509509241,6.391349424407237e-08
-0.0006246509509241,6.391349424407237e-08
-0.0006246509509241,6.391349424407237e-08
-0.0006246509509241,6.391349424407237e-08
-4.9326818582230304e+32,9.705794093733768e+28
-0.0006246509509241,6.391349429828633e-08
-0.0006246509509241,6.391349424407237e-08
-0.0006246509509241,6.391349424407237e-08
-0.0006246509509241,6.391349424407237e-08
-0.0006246509509241,6.391349424407237e-08
-0.0006246509509241,6.391349424407237e-08
-0.0006246509509241,6.39134942440724e-08
-0.0006246509509241,6.391349424407237e-08
-0.0006246509509241,6.391349424407237e-08
-0.0006246509509241,6.391349424407237e-08
-0.0006246509509241,6.391349424407237e-08
-0.0006246509509241,6.391349424407237e-08
89128.95934497216,-13.687679342415702
-0.0006246509509241,6.391349428917905e-08
-0.0006246509509241,6.391349424407237e-08
-0.0006246509509241,6.391349424407237e-08
-0.0006246509509241,6.391349424407237e-08
-0.0006246509509241,6.391349424407237e-08
-0.0006246509509241,6.391349424407237e-08
-0.0006246509509241,6.39134942440724e-08
-0.0006246509509241,6.391349424407237e-08
-0.0006246509509241,6.391349424407237e-08
-0.0006246509509241,6.391349424407237e-08
-0.0006246509509241,6.391349424407237e-08
-0.0006246509509241,6.391349424407237e-08
0.00013297900756472118,3.8504295242880544
-0.0006246509509241,6.391349428939592e-08
-0.0006246509509241,6.391349424407237e-08
-0.0006246509509241,6.391349424407237e-08
-0.0006246509509241,6.391349424407237e-08
-0.0006246509509241,6.391349424407237e-08
-0.0006246509509241,6.391349424407237e-08
-0.0006246509509241,6.39134942440724e-08
-0.0006246509448128922,6.391349304160025e-08
-0.0006246509509241,6.391349424407237e-08
-0.0006246509509241,6.391349424407237e-08
-0.0006246509509241,6.391349424407237e-08
-0.0006246509509241,6.391349424407237e-08
-4.9326818582230304e+32,9.705794093733768e+28
-0.0006246509509241,6.391349429828635e-08
-0.0006246509509241,6.391349424407237e-08
-0.0006246509509241,6.391349424407237e-08
-0.0006246509509241,6.391349424407237e-08
-0.0006246509509241,6.391349424407237e-08
-0.0006246509509241,6.391349424407237e-08
-0.0006246509509241,6.39134942440724e-08
-0.0006246509509241,6.391349424407237e-08
-0.0006246509509241,6.391349424407237e-08
-0.0006246509509241,6.391349424407237e-08
-0.0006246509509241,6.391349424407237e-08
-0.0006246509509241,6.391349424407237e-08
4.0564817515345385e+29,-7.981738485677655e+25
-0.0006246509509241,6.391349428874537e-08
-0.0006246509509241,6.391349424407237e-08
-0.0006246509509241,6.391349424407237e-08
-0.0006246509509241,6.391349424407237e-08
-0.0006246509509241,6.391349424407237e-08
-0.0006246509509241,6.391349424407237e-08
-0.0006246509509241,6.39134942440724e-08
-0.0006246509509241,6.391349424407237e-08
-0.0006246509509241,6.391349424407237e-08
-0.0006246509509241,6.391349424407237e-08
-0.0006246509509241,6.391349424407237e-08
-0.0006246509509241,6.391349424407237e-08
-0.0002640790012242305,1.8325000093660289
-0.0006246509509241,6.391349428657696e-08
-0.0006246509509241,6.391349424407237e-08
-0.0006246509509241,6.391349424407237e-08
-0.0006246509509241,6.391349424407237e-08
-0.0006246509509241,6.391349424407237e-08
-0.0006246509509241,6.391349424407237e-08
-0.0006246509509241,6.39134942440724e-08
-0.0006246509509241,6.391349424407237e-08
-0.0006246509509241,6.391349424407237e-08
-0.0006246509509241,6.391349424407237e-08
-0.0006246509509241,6.391349424407237e-08
-0.0006246509509241,6.391349424407237e-08
0.05850633408446153,1.9362384378742326
-0.0006246509509241,6.39134942766023e-08
-0.0006246509509241,6.391349424407237e-08
-0.0006246509509241,6.391349424407237e-08
-0.0006246509509241,6.391349424407237e-08
-0.0006246509509241,6.391349424407237e-08
-0.0006246509509241,6.391349424407237e-08
-0.0006246509509241,6.39134942440724e-08
-0.0006246509509241,6.391349424407237e-08
-0.0006246509509241,6.391349424407237e-08
-0.0006246509509241,6.391349424407237e-08
-0.0006246509509241,6.391349424407237e-08
-0.0006246509509241,6.391349424407237e-08
-0.00022718555444807938,2.020000005736358
-0.0006246509509241,6.391349428072226e-08
-0.0006246509509241,6.391349424407237e-08
-0.0006246509509241,6.391349424407237e-08
-0.0006246509509241,6.391349424407237e-08
-0.0006246509509241,6.391349424407237e-08
-0.0006246509509241,6.391349424407237e-08
-0.0006246509509241,6.39134942440724e-08
-0.0006246509509241,6.391349424407237e-08
-0.0006246509509241,6.391349424407237e-08
-0.0006246509509241,6.391349424407237e-08
-0.0006246509509241,6.391349424407237e-08
-0.0006246509509241,6.391349424407237e-08
-0.00021070647966604697,2.1037500136518483
-0.0006246509509241,6.391349427247847e-08
-0.0006246509509241,6.391349424407237e-08
-0.0006246509509241,6.391349424407237e-08
-0.0006246509509241,6.391349424407237e-08
-0.0006246509509241,6.391349424407237e-08
-0.0006246509509241,6.391349424407237e-08
-0.0006246509509241,6.39134942440724e-08
-0.0006246509509241,6.391349424407237e-08
-0.0006246509509241,6.391349424407237e-08
-0.0006246509509241,6.391349424407237e-08
-0.0006246509509241,6.391349424407237e-08
-0.0006246509509241,6.391349424407237e-08
-0.00019447336682553064,2.1862499929813075
-0.0006246509509241,6.39134942740002e-08
-0.0006246509509241,6.391349424407237e-08
-0.0006246509509241,6.391349424407237e-08
-0.0006246509509241,6.391349424407237e-08
-0.0006246509509241,6.391349424407237e-08
-0.0006246509509241,6.391349424407237e-08
-0.0006246509509241,6.39134942440724e-08
-0.0006246509509241,6.391349424407237e-08
-0.0006246509509241,6.391349424407237e-08
-0.0006246509509241,6.391349424407237e-08
-0.0006246509509241,6.391349424407237e-08
-0.0006246509509241,6.391349424407237e-08
-0.00018020790257741503,2.258749982041092
-0.0006246509509241,6.391349427681913e-08
-0.0006246509509241,6.391349424407237e-08
-0.0006246509509241,6.391349424407237e-08
-0.0006246509509241,6.391349424407237e-08
-0.0006246509509241,6.391349424407237e-08
-0.0006246509509241,6.391349424407237e-08
-0.0006246509509241,6.39134942440724e-08
-0.0006246509509241,6.391349424407237e-08
-0.0006246509509241,6.391349424407237e-08
-0.0006246509509241,6.391349424407237e-08
-0.0006246509509241,6.391349424407237e-08
-0.0006246509509241,6.391349424407237e-08
-0.0001719683886699287,2.3006248667895495
-0.0006246509509241,6.391349428072226e-08
-0.0006246509509241,6.391349424407237e-08
-0.0006246509509241,6.391349424407237e-08
-0.0006246509509241,6.391349424407237e-08
-0.0006246509509241,6.391349424407237e-08
-0.0006246509509241,6.391349424407237e-08
-0.0006246509509241,6.39134942440724e-08
-0.0006246509509241,6.391349424407237e-08
-0.0006246509509241,6.391349424407237e-08
-0.0006246509509241,6.391349424407237e-08
-0.0006246509509241,6.391349424407237e-08
-0.0006246509509241,6.391349424407237e-08
-0.00016372882782266738,2.3424999899565817
-0.0006246509509241,6.391349428289065e-08
-0.0006246509509241,6.391349424407237e-08
-0.0006246509509241,6.391349424407237e-08
-0.0006246509509241,6.391349424407237e-08
-0.0006246509509241,6.391349424407237e-08
-0.0006246509509241,6.391349424407237e-08
-0.0006246509509241,6.39134942440724e-08
-0.0006246509509241,6.391349424407237e-08
-0.0006246509509241,6.391349424407237e-08
-0.0006246509509241,6.391349424407237e-08
-0.0006246509509241,6.391349424407237e-08
-0.0006246509509241,6.391349424407237e-08
-0.00015561227137512443,2.3837499796213115
-0.0006246509509241,6.391349428722749e-08
-0.0006246509509241,6.391349424407237e-08
-0.0006246509509241,6.391349424407237e-08
-0.0006246509509241,6.391349424407237e-08
-0.0006246509509241,6.391349424407237e-08
-0.0006246509509241,6.391349424407237e-08
-0.0006246509509241,6.39134942440724e-08
-0.0006246509509241,6.391349424407237e-08
-0.0006246509509241,6.391349424407237e-08
-0.0006246509509241,6.391349424407237e-08
-0.0006246509509241,6.391349424407237e-08
-0.0006246509509241,6.391349424407237e-08
-0.0001474539917323265,2.424999969277831
-0.0006246509509241,6.391349429156428e-08
-0.0006246509509241,6.391349424407237e-08
-0.0006246509509241,6.391349424407237e-08
-0.0006246509509241,6.391349424407237e-08
-0.0006246509509241,6.391349424407237e-08
-0.0006246509509241,6.391349424407237e-08
-0.0006246509509241,6.39134942440724e-08
-0.0006246509509241,6.391349424407237e-08
-0.0006246509509241,6.391349424407237e-08
-0.0006246509509241,6.391349424407237e-08
-0.0006246509509241,6.391349424407237e-08
-0.0006246509509241,6.391349424407237e-08
0.058610619555129743,2.4662383990041343
-0.0006246509509241,6.391349429286532e-08
-0.0006246509509241,6.391349424407237e-08
-0.0006246509509241,6.391349424407237e-08
-0.0006246509509241,6.391349424407237e-08
-0.0006246509509241,6.391349424407237e-08
-0.0006246509509241,6.391349424407237e-08
-0.0006246509509241,6.39134942440724e-08
-0.0006246509509241,6.391349424407237e-08
-0.0006246509509241,6.391349424407237e-08
-0.0006246509509241,6.391349424407237e-08
-0.0006246509509241,6.391349424407237e-08
-0.0006246509509241,6.391349424407237e-08
1.9023205213671392e+17,-37431019902272.516
-0.0006246509509241,6.391349429221482e-08
-0.0006246509509241,6.391349424407237e-08
-0.0006246509509241,6.391349424407237e-08
-0.0006246509509241,6.391349424407237e-08
-0.0006246509509241,6.391349424407237e-08
-0.0006246509509241,6.391349424407237e-08
-0.0006246509509241,6.39134942440724e-08
-0.0006246509509241,6.391349424407237e-08
-0.0006246509509241,6.391349424407237e-08
-0.0006246509509241,6.391349424407237e-08
-0.0006246509509241,6.391349424407237e-08
-0.0006246509509241,6.391349424407237e-08
-2.3021535313908118e+20,4.5298336260207656e+16
-0.0006246509509241,6.39134942937327e-08
1030247.9469174045,5235929498.641604
-0.0006246509509241,6.391349424407237e-08
-0.0006246509509241,6.391349424407237e-08
-0.0006246509509241,6.391349424407237e-08
-0.0006246509509241,6.391349424407237e-08
-0.0006246509509241,6.39134942440724e-08
-0.0006246509509241,6.391349424407237e-08
-0.0006246509509241,6.391349424407237e-08
-0.0006246509509241,6.391349424407237e-08
-0.0006246509509241,6.391349424407237e-08
-0.0006246509509241,6.391349424407237e-08
-0.0001237609271189452,2.545624986024439
-0.0006246509509241,6.391349430999958e-08
349994.86487402057,1778745053.566621
-0.0006246509509241,6.391349424407237e-08
0.055288022202095374,284.1595709790991
-0.0006246509509241,6.391349424407237e-08
-0.0006246509509241,6.391349424407237e-08
-0.0006246509509241,6.39134942440724e-08
-0.0006246509509241,6.391349424407237e-08
-0.0006246509509241,6.391349424407237e-08
-0.0006246509509241,6.391349424407237e-08
-0.0006246509509241,6.391349424407237e-08
-0.0006246509509241,6.391349424407237e-08
1.9023205213671392e+17,-37431019902272.45
-0.0006246509509241,6.3913494332551e-08
524885.9878282282,2667577292.3603907
-0.0006246509509241,6.391349424407237e-08
-0.0006246509509241,6.391349424407237e-08
-0.0006246509509241,6.391349424407237e-08
-0.0006246509509241,6.391349424407237e-08
-0.0006246509509241,6.39134942440724e-08
-0.0006246458604375706,2.5934800832548102e-05
-0.0006246509509241,6.391349424407237e-08
-0.0006246509509241,6.391349424407237e-08
-0.0006246509509241,6.391349424407237e-08
-0.0006246509509241,6.391349424407237e-08
-0.00011564437067140213,2.5868749756891685
-0.0006246509509241,6.391349434903087e-08
-0.0006246509509241,6.391349424407237e-08
-0.0006246509509241,6.391349424407237e-08
-0.0006246509509241,6.391349424407237e-08
-0.0006246509509241,6.391349424407237e-08
-0.0006246509509241,6.391349424407237e-08
-0.0006246509509241,6.39134942440724e-08
-0.0006246506709154526,1.4869743607085656e-06
-0.0006246509509241,6.391349424407237e-08
-0.0006246509509241,6.391349424407237e-08
-0.0006246509509241,6.391349424407237e-08
-0.0006246509509241,6.391349424407237e-08
-0.00011158614970522142,2.6074998513122525
-0.0006246509509241,6.3913494352934e-08
-0.0006246509509241,6.391349424407237e-08
-0.0006246509509241,6.391349424407237e-08
-0.0006246509509241,6.391349424407237e-08
-0.0006246509509241,6.391349424407237e-08
-0.0006246509509241,6.391349424407237e-08
-0.0006246509509241,6.391349424407241e-08
-0.0006246508035745292,8.127739662576883e-07
-0.0006246509509241,6.391349424407237e-08
-0.0006246509509241,6.391349424407237e-08
-0.0006246509509241,6.391349424407237e-08
-0.0006246509509241,6.391349424407237e-08
-3.2186439217755354e+26,6.3331664323178e+22
-0.0006246509509241,6.391349436898794e-08
-0.0006246509509241,6.391349424407237e-08
-0.0006246509509241,6.391349424407237e-08
-0.0006246509509241,6.391349424407237e-08
-0.0006246509509241,6.391349424407237e-08
-0.0006246509509241,6.391349424407237e-08
-0.0006246509509241,6.391349424407241e-08
-0.0006246508144001048,7.531697203624911e-07
-0.0006246509509241,6.391349424407237e-08
-0.0006246509509241,6.391349424407237e-08
-0.0006246509509241,6.391349424407237e-08
-0.0006246509509241,6.391349424407237e-08
-0.00010334655507025694,2.649374974479278
-0.0006246509509241,6.391349438893727e-08
-0.0006246509482087315,6.391610911794047e-08
-0.0006246509509241,6.391349424407237e-08
0.046417937472112564,239.07999726679952
-0.0006246509509241,6.391349424407237e-08
-0.0006246509509241,6.391349424407237e-08
-0.0006246509509241,6.391349424407241e-08
-0.0006246508305910774,6.749422069016495e-07
-0.0006246509509241,6.391349424407237e-08
-0.0006246509509241,6.391349424407237e-08
-0.0006246509509241,6.391349424407237e-08
-0.0006246509509241,6.391349424407237e-08
-9.928833410407611e-05,2.6699998501023625
-0.0006246509509241,6.391349437939626e-08
-0.0006246509509241,6.391349424407237e-08
-0.0006246509509241,6.391349424407237e-08
0.2766419968848024,301.9999513537161
-0.0006246509509241,6.391349424407237e-08
-0.0006246509509241,6.391349424407237e-08
-0.0006246509509241,6.391349424407241e-08
-0.0006246508387376201,6.33882898867973e-07
-0.0006246509509241,6.391349424407237e-08
-0.0006246509509241,6.391349424407237e-08
-0.0006246509509241,6.391349424407237e-08
-0.0006246509509241,6.391349424407237e-08
-9.518827542745901e-05,2.690624964135798
-0.0006246509509241,6.391349438980462e-08
-0.0006246509509241,6.391349424407237e-08
-0.0006246509509241,6.391349424407237e-08
-0.0006246509509241,6.391349424407237e-08
-0.0006246509509241,6.391349424407237e-08
-0.0006246509509241,6.391349424407237e-08
-0.0006246509509241,6.391349424407241e-08
-0.000624650950909887,6.391349424127576e-08
-0.0006246509509241,6.391349424407237e-08
-0.0006246509509241,6.391349424407237e-08
-0.0006246509509241,6.391349424407237e-08
-0.0006246509509241,6.391349424407237e-08
-0.00014122057064296144,2.711249849614945
-0.0006246509509241,6.391349425518641e-08
-0.0006246509509241,6.391349424407237e-08
-0.0006246509509241,6.391349424407237e-08
0.005526232426471195,31.260039741977177
-0.0006246509509241,6.391349424407237e-08
-0.0006246509509241,6.391349424407237e-08
-0.0006246509509241,6.391349424407241e-08
-0.0006246508600115516,5.258902958827386e-07
-0.0006246509509241,6.391349424407237e-08
-0.0006246509509241,6.391349424407237e-08
-0.0006246509509241,6.391349424407237e-08
-0.0006246509509241,6.391349424407237e-08
-4.9326818582230304e+32,9.705794093733768e+28
-0.0006246509509241,6.391349424664759e-08
-0.0006246509509241,6.391349424407237e-08
-0.0006246509509241,6.391349424407237e-08
0.018567855703738697,97.54022034367496
-0.0006246509509241,6.391349424407237e-08
-0.0006246509509241,6.391349424407237e-08
-0.0006246509509241,6.391349424407243e-08
-0.0006246508585480029,5.333404784319777e-07
-0.0006246509509241,6.391349424407237e-08
-0.0006246509509241,6.391349424407237e-08
-0.0006246509509241,6.391349424407237e-08
-0.0006246509509241,6.391349424407237e-08
0.05866672833880997,2.751394643484011
-0.0006246509509241,6.391349424503472e-08
-0.0006246509509241,6.391349424407237e-08
-0.0006246509509241,6.391349424407237e-08
-0.0006246509509241,6.391349424407237e-08
-0.0006246509509241,6.391349424407237e-08
-0.0006246509509241,6.391349424407237e-08
-0.0006246509509241,6.391349424407243e-08
-0.0006246508589149505,5.314778333188916e-07
-0.0006246509509241,6.391349424407237e-08
-0.0006246509509241,6.391349424407237e-08
-0.0006246509509241,6.391349424407237e-08
-0.0006246509509241,6.391349424407237e-08
1.9023205213671392e+17,-37431019902272.26
-0.0006246509509241,6.391349424434345e-08
-0.0006246509509240996,6.391349424461114e-08
-0.0006246509509241,6.391349424407237e-08
-0.0006246509509241,6.391349424407237e-08
-0.0006246509509241,6.391349424407237e-08
-0.0006246509509241,6.391349424407237e-08
-0.0006246509509241,6.391349424407244e-08
-0.0006246509508976744,6.391349423943864e-08
-0.0006246509509241,6.391349424407237e-08
-0.0006246509509241,6.391349424407237e-08
-0.0006246509509241,6.391349424407237e-08
-0.0006246509509241,6.391349424407237e-08
-71.68007812969708,2.7861351978704136
-0.0006246509509241,6.391349424412914e-08
-0.0006246509509241,6.391349424407237e-08
-0.0006246509509241,6.391349424407237e-08
-0.0006246509509241,6.391349424407237e-08
-0.0006246509509241,6.391349424407237e-08
-0.0006246509509241,6.391349424407237e-08
-0.0006246509509241,6.391349424407244e-08
-0.0006246508028064074,8.165027807691634e-07
-0.0006246509509241,6.391349424407237e-08
44.76453027471066,-0.008808154187137178
-0.0006246509509241,6.391349424407237e-08
-0.0006246509509241,6.391349424407237e-08
-2.3021535313908118e+20,4.5298336260207656e+16
-0.0006246509509241,6.391349424409577e-08
-0.0006246509509241,6.391349424407237e-08
-0.0006246509509241,6.391349424407237e-08
6.247525368602756,31754.36852598013
-0.0006246509509241,6.391349424407237e-08
-0.0006246509509241,6.391349424407237e-08
-0.0006246509509241,6.391349424407245e-08
-0.0006246508321127966,6.674906601217774e-07
-0.0006246509509241,6.391349424407237e-08
-0.0006246509509241,6.391349424407237e-08
-0.0006246509509241,6.391349424407237e-08
-0.0006246509509241,6.391349424407237e-08
-7.512309081090943e-05,2.7928123572616648
-0.0006246509509241,6.391349424407746e-08
-0.0006246509509241,6.391349424407237e-08
-0.0006246509509241,6.391349424407237e-08
14.716108252634701,74793.42823969456
-0.0006246509509241,6.391349424407237e-08
-0.0006246509509241,6.391349424407237e-08
-0.0006246509509241,6.39134942440724e-08
-0.000624650819666117,7.307404447503693e-07
-0.0006246509509241,6.391349424407237e-08
-0.0006246509509241,6.391349424407237e-08
-0.0006246509509241,6.391349424407237e-08
-0.0006246509509241,6.391349424407237e-08
-71.68007198078928,2.8173851972654687
-0.0006246509509241,6.391349424407376e-08
-0.0006246509509241,6.391349424407237e-08
-0.0006246509509241,6.391349424407237e-08
-0.0006246509509241,6.391349424407237e-08
-0.0006246509509241,6.391349424407237e-08
-0.0006246509509241,6.391349424407237e-08
-0.0006246509509241,6.391349424407239e-08
-0.0006246508350490439,6.525093499950751e-07
-0.0006246509509241,6.391349424407237e-08
-0.0006246509509241,6.391349424407237e-08
-0.0006246509509241,6.391349424407237e-08
-0.0006246509509241,6.391349424407237e-08
-2.3021535313908118e+20,4.5298336260207656e+16
-0.0006246509509241,6.391349424407269e-08
-0.0006246509509241,6.391349424407237e-08
-0.0006246509509241,6.391349424407237e-08
-0.0006246509509241,6.391349424407237e-08
-0.0006246509509241,6.391349424407237e-08
-0.0006246509509241,6.391349424407237e-08
-0.0006246509509241,6.391349424407237e-08
-0.0006246507719980225,9.728843094584583e-07
-0.0006246509509241,6.391349424407237e-08
-0.0006246509509241,6.391349424407237e-08
-0.0006246509509241,6.391349424407237e-08
-0.0006246509509241,6.391349424407237e-08
89128.95914311505,-14.71355822880649
-0.0006246509509241,6.391349424407282e-08
-0.0006246509509241,6.391349424407237e-08
-0.0006246509509241,6.391349424407237e-08
-0.0006246509509241,6.391349424407237e-08
-0.0006246509509241,6.391349424407237e-08
-0.0006246509509241,6.391349424407237e-08
-0.0006246509509241,6.391349424407237e-08
-0.000624650525636505,2.2251636747437123e-06
-0.0006246509509241,6.391349424407237e-08
-0.0006246509509241,6.391349424407237e-08
-0.0006246509509241,6.391349424407237e-08
-0.0006246509509241,6.391349424407237e-08
-6.697575982766123e-05,2.834218749511257
-0.0006246509509241,6.391349424407263e-08
-0.0006246509509241,6.391349424407237e-08
-0.0006246509509241,6.391349424407237e-08
-0.0006246509509241,6.391349424407237e-08
-0.0006246509509241,6.391349424407237e-08
-0.0006246509509241,6.391349424407237e-08
-0.0006246509509241,6.391349424407237e-08
-0.0006246506239381036,1.7256838598053537e-06
-0.0006246509509241,6.391349424407237e-08
-0.0006246509509241,6.391349424407237e-08
-0.0006246509509241,6.391349424407237e-08
-0.0006246509509241,6.391349424407237e-08
-6.491588131667786e-05,2.8446874706983714
-0.0006246509509241,6.391349424407277e-08
-0.0006246509509241,6.391349424407237e-08
-0.0006246509509241,6.391349424407237e-08
-0.0006246509509241,6.391349424407237e-08
-0.0006246509509241,6.391349424407237e-08
-0.0006246509509241,6.391349424407237e-08
-0.0006246509509241,6.391349424407237e-08
-0.0006246506019550428,1.8374430213445248e-06
-0.0006246509509241,6.391349424407237e-08
-0.0006246509509241,6.391349424407237e-08
-0.0006246509509241,6.391349424407237e-08
-0.0006246509509241,6.391349424407237e-08
89128.95914926396,-14.682308229411435
-0.0006246509509241,6.391349424407313e-08
-0.0006246509509241,6.391349424407237e-08
-0.0006246509509241,6.391349424407237e-08
-0.0006246509509241,6.391349424407237e-08
-0.0006246509509241,6.391349424407237e-08
-0.0006246509509241,6.391349424407237e-08
-0.0006246509509241,6.391349424407237e-08
-0.0006246505373930797,2.1655594858751235e-06
-0.0006246509509241,6.391349424407237e-08
-0.0006246509509241,6.391349424407237e-08
-0.0006246509509241,6.391349424407237e-08
-0.0006246509509241,6.391349424407237e-08
-6.0826852027088575e-05,2.865468748906312
-0.0006246509509241,6.3913494244073e-08
-0.0006246509509241,6.391349424407237e-08
-0.0006246509509241,6.391349424407237e-08
-0.0006246509509241,6.391349424407237e-08
-0.0006246509509241,6.391349424407237e-08
-0.0006246509509241,6.391349424407237e-08
-0.0006246509509241,6.391349424407237e-08
-0.0006246506884084435,1.3978592293748079e-06
-0.0006246509509241,6.391349424407237e-08
-0.0006246509509241,6.391349424407237e-08
-0.0006246509509241,6.391349424407237e-08
-0.0006246509509241,6.391349424407237e-08
-107374181.92148331,21130.362423554645
-0.0006246509509241,6.391349424407333e-08
-0.0006246509509241,6.391349424407237e-08
-0.0006246509509241,6.391349424407237e-08
-0.0006246509509241,6.391349424407237e-08
-0.0006246509509241,6.391349424407237e-08
-0.0006246509509241,6.391349424407237e-08
-0.0006246509509241,6.391349424407237e-08
-0.0006246506958376883,1.360314493012773e-06
-0.0006246509509241,6.391349424407237e-08
-0.0006246509509241,6.391349424407237e-08
-0.0006246509509241,6.391349424407237e-08
-0.0006246509509241,6.391349424407237e-08
-5.6768597273181335e-05,2.8860936245293893
-0.0006246509509241,6.391349424407404e-08
-0.0006246509509241,6.391349424407237e-08
-0.0006246509509241,6.391349424407237e-08
-0.0006246509509241,6.391349424407237e-08
-0.0006246509509241,6.391349424407237e-08
-0.0006246509509241,6.391349424407237e-08
-0.0006246509509241,6.391349424407237e-08
-0.0006246507984298935,8.389199489078557e-07
-0.0006246509509241,6.391349424407237e-08
-0.0006246509509241,6.391349424407237e-08
-0.0006246509509241,6.391349424407237e-08
-0.0006246509509241,6.391349424407237e-08
-5.470875254992439e-05,2.8965623457165104
-0.0006246509509241,6.391349424418038e-08
-0.0006246509509241,6.391349424407237e-08
-0.0006246509509241,6.391349424407237e-08
-0.0006246509509241,6.391349424407237e-08
-0.0006246509509241,6.391349424407237e-08
-0.0006246509509241,6.391349424407237e-08
-0.0006246509509241,6.391349424407237e-08
-0.0006246507940318055,8.612718607961875e-07
-0.0006246509509241,6.391349424407237e-08
-0.0006246509509241,6.391349424407237e-08
-0.0006246509509241,6.391349424407237e-08
-0.0006246509509241,6.391349424407237e-08
4.0564817515345385e+29,-7.981738485677655e+25
-0.0006246509509241,6.39134942440735e-08
-0.0006246509509241,6.391349424407237e-08
-0.0006246509509241,6.391349424407237e-08
-0.0006246509509241,6.391349424407237e-08
-0.0006246509509241,6.391349424407237e-08
-0.0006246509509241,6.391349424407237e-08
-0.0006246509509241,6.391349424407237e-08
-0.0006246508438762985,6.079521822480265e-07
-0.0006246509509241,6.391349424407237e-08
-0.0006246509509241,6.391349424407237e-08
-0.0006246509509241,6.391349424407237e-08
-0.0006246509509241,6.391349424407237e-08
-5.061968947260868e-05,2.9173436239244444
-0.0006246509509241,6.391349424407296e-08
-0.0006246509509241,6.391349424407237e-08
-0.0006246509509241,6.391349424407237e-08
-0.0006246509509241,6.391349424407237e-08
-0.0006246509509241,6.391349424407237e-08
-0.0006246509509241,6.391349424407237e-08
-0.0006246509509241,6.391349424407237e-08
-0.0006246508878711148,3.843615827668495e-07
-0.0006246509509241,6.391349424407237e-08
-0.0006246509509241,6.391349424407237e-08
-0.0006246509509241,6.391349424407237e-08
-0.0006246509509241,6.391349424407237e-08
-4.9326818582230304e+32,9.705794093733768e+28
-0.0006246509509241,6.391349424407384e-08
-0.0006246509509241,6.391349424407237e-08
-0.0006246509509241,6.391349424407237e-08
-0.0006246509509241,6.391349424407237e-08
-0.0006246509509241,6.391349424407237e-08
-0.0006246509509241,6.391349424407237e-08
-0.0006246509509241,6.391349424407237e-08
-0.0006246509201306143,2.2041224827911409e-07
-0.0006246509509241,6.391349424407237e-08
-0.0006246509509241,6.391349424407237e-08
-0.0006246509509241,6.391349424407237e-08
-0.0006246509509241,6.391349424407237e-08
-4.6561387806257786e-05,2.9379687379660964
-0.0006246509509241,6.391349424407421e-08
-0.0006246509509241,6.391349424407237e-08
-0.0006246509509241,6.391349424407237e-08
-0.0006246509509241,6.391349424407237e-08
-0.0006246509509241,6.391349424407237e-08
-0.0006246509509241,6.391349424407237e-08
-0.0006246509509241,6.391349424407237e-08
-0.0006246509326869511,1.565983922049689e-07
-0.0006246509509241,6.391349424407237e-08
-0.0006246509509241,6.391349424407237e-08
-0.0006246509509241,6.391349424407237e-08
-0.0006246509509241,6.391349424407237e-08
-151996490521167.0,29907597581.11547
-0.0006246509509241,6.391349424407374e-08
-0.0006246509509241,6.391349424407237e-08
-0.0006246509509241,6.391349424407237e-08
-0.0006197971197681926,0.024668220536639564
-0.0006246509509241,6.391349424407237e-08
-0.0006246509509241,6.391349424407237e-08
-0.0006246509509241,6.391349424407237e-08
-0.0006246509396809366,1.2050049843098998e-07
-0.0006246509509241,6.391349424407237e-08
258111.27562876826,-50.787278998292145
-0.0006246509509241,6.391349424407237e-08
-0.0006246509509241,6.391349424407237e-08
-4.9326818582230304e+32,9.705794093733768e+28
-0.0006246509509241,6.391349424407404e-08
-0.0006246509509241,6.391349424407237e-08
-0.0006246509509241,6.391349424407237e-08
-0.0006239331336381702,0.0036481572787868907
-0.0006246509509241,6.391349424407237e-08
-0.0006246509509241,6.391349424407237e-08
-0.0006246509509241,6.391349424407237e-08
-0.0006246509459957698,8.84817114324325e-08
28940.017128119227,30848.603088209577
46351.877384308136,-9.120429688977369
-0.0006246509509241,6.391349424407237e-08
-0.0006246509509241,6.391349424407237e-08
-4.0412480005685134e-05,2.9692187373611514
-0.0006246509509241,6.391349424407489e-08
8.41367529071083,42763.18276599383
48653.52577725227,-9.573313657985997
0.0009095563164271012,0.0007057926867439834
-0.0006246509509241,6.391349424407237e-08
-0.0006246509509241,6.391349424407237e-08
-0.0006246509509241,6.391349424407237e-08
-0.0006246509459097853,8.859813029230802e-08
-0.0006246509509241,6.391349424407237e-08
2944.9932148235175,-0.5794718062539175
-0.0006246509509241,6.391349424407237e-08
-0.0006246509509241,6.391349424407237e-08
5.848603036543687e+35,-1.1508006889608825e+32
-0.0006246509509241,6.391349424407398e-08
-0.0006246509509241,6.391349424407237e-08
-0.0006246509509241,6.391349424407237e-08
-0.0003040494187229304,0.00013740774362981407
-0.0006246509509241,6.391349424407237e-08
-0.0006246509509241,6.391349424407237e-08
-0.0006246509509241,6.391349424407237e-08
-0.0006246509462651156,8.69683122723834e-08
-0.0006246509509241,6.391349424407237e-08
359.99936838008176,-0.07083535394910269
-0.0006246509509241,6.391349424407237e-08
-0.0006246509509241,6.391349424407237e-08
0.05871361376078934,2.9896758888713046
-0.0006246509509241,6.391349424407849e-08
-0.000624650950924076,6.39134942667322e-08
0.03421405484433089,177.0573849420577
-0.0005693148830280993,2.7838516429439126e-05
-0.0006246509509241,6.391349424407237e-08
-0.0006246509509241,6.391349424407237e-08
-0.0006246509509241,6.391349424407237e-08
-0.0006246509509240703,6.391349426954955e-08
182.08201880495176,184.01355356712452
-0.0006246509509241,6.391349424407237e-08
-0.0006246509509241,6.391349424407237e-08
-0.0006246509509241,6.391349424407237e-08
-3.434049546052753e-05,3.00007796871263
-0.0006246509509241,6.391349424411029e-08
0.002364255856757255,15.190232046773797
0.002499701839065267,15.878596062378945
-0.0006128436618912877,6.143693377563806e-06
-0.0006246509509241,6.391349424407237e-08
-0.0006246509509241,6.391349424407237e-08
-0.0006246509509241,6.391349424407237e-08
-0.0006246509486100367,7.567373923849544e-08
-0.0006246509509241,6.391349424407237e-08
6.876205793776063,-0.0013530559963732917
-0.0006246509509241,6.391349424407237e-08
-0.0006246509509241,6.391349424407237e-08
0.05871668821468962,3.005300888568832
-0.0006246509509241,6.39134942443706e-08
-0.00016949722879363156,2.3131838036191845
-0.00011103963288990244,2.610277189286436
-0.0006246506605337454,1.5397363073869513e-06
-0.0006246509509241,6.391349424407237e-08
-0.0006246509509241,6.391349424407237e-08
-0.0006246509509241,6.391349424407237e-08
-0.0006246509495908388,7.052121292620064e-08
0.8552134563504749,0.9531498619908679
1.1013928495741687,-0.00021677461887445102
-0.0006246509509241,6.391349424407237e-08
-0.0006246509509241,6.391349424407237e-08
-3.2295923585427e-05,3.0104687270258808
-0.0006246509509241,6.391349424450443e-08
-0.0005539216579221704,0.35946070882951
-0.0005435622293040482,0.41210943093578095
-0.0006246508753945564,4.47769988952964e-07
-0.0006246509509241,6.391349424407237e-08
-0.0006246509509241,6.391349424407237e-08
-0.0006246509509241,6.391349424407237e-08
-0.0006246509500374541,6.828022069006401e-08
0.15961276626352752,0.18068082094543056
0.19572082354445242,-3.8570014285057165e-05
-0.0006246509509241,6.391349424407237e-08
-0.0006246509509241,6.391349424407237e-08
-3.128134816883933e-05,3.0156250055362936
-0.0006246509509241,6.391349424462137e-08
-0.0006112920872669784,0.06789252461436748
-0.0006097536845737189,0.07571099982865427
-0.0006246509317668295,1.6127463728331145e-07
-0.0006246509509241,6.391349424407237e-08
-0.0006246509509241,6.391349424407237e-08
-0.0006246509509241,6.391349424407237e-08
-0.0006246509504433161,6.624237439435175e-08
0.025265574304480655,0.028565465720877318
0.038207666335098804,-7.576929491248048e-06
-0.0006246509509241,6.391349424407237e-08
-0.0006246509509241,6.391349424407237e-08
-3.025143238321172e-05,3.0208592469205637
-0.0006246509509241,6.391349424409112e-08
-0.0006208548670939612,0.019292533607765415
0.02087109275001917,0.024416612110842787
-0.0006246509455163036,9.139701494864395e-08
-0.0006246509509241,6.391349424407237e-08
-0.0006246509509241,6.391349424407237e-08
-0.0006246509509241,6.391349424407237e-08
-0.000624650950583868,6.531076539181731e-08
0.025997617446500056,0.026612196642560298
0.03503355887477156,-6.952376067232607e-06
-0.0006246509509241,6.391349424407237e-08
-0.0006246509509241,6.391349424407237e-08
4.0564817515345385e+29,-7.981738485677655e+25
-0.0006246509509241,6.391349424420284e-08
0.0022757385119867996,0.0029756281609218667
-0.0006240623185505228,0.002991613293448719
-0.0006246509492968057,7.218373457641124e-08
-0.0006246509509241,6.391349424407237e-08
-0.0006246509509241,6.391349424407237e-08
-0.0006246509509241,6.391349424407237e-08
-0.0006246509507183651,6.479766667817847e-08
0.000672703023650628,-1.9136042987730943e-07
0.0010542416606977318,-2.664339001804813e-07
-0.0006246509509241,6.391349424407237e-08
36708403.28876516,-7222.930934405599
126443837040.26945,-24879725.319616016
-0.0006246509509241,6.391349424784096e-08
3.939650578330394e-05,0.000667505286568343
0.00011955312583578981,0.000682953194874981
-0.0006246509508238842,6.442281126720574e-08
-0.0006246509509241,6.391349424407237e-08
-0.0006246509509241,6.391349424407237e-08
-0.0006246509509241,6.391349424407237e-08
-0.0006246509507851684,6.453209456633124e-08
-0.0006246509509241,6.391349424407237e-08
-0.0002372597852528001,0.00048075302906130636
-0.0006246509509241,6.391349424407237e-08
-0.0006246509509241,6.391349424407237e-08
-2.3021535313908118e+20,4.5298336260207656e+16
-0.0006246509509241,6.391349424408005e-08
-0.0004920197139698117,0.00015648233128870743
-0.0004576744303288799,0.00016978508995670028
-0.0006246509508578569,6.425015538096268e-08
-0.0006246509509241,6.391349424407237e-08
-0.0006246509509241,6.391349424407237e-08
-0.0006246509509241,6.391349424407237e-08
-0.0006246509507986085,6.446661083815817e-08
-0.0005459505641897438,4.8428008443533634e-08
-0.0005173110114878271,0.00012884521662506824
-0.0006246509509241,6.391349424407237e-08
-0.0006246509509241,6.391349424407237e-08
-71.6800250953673,3.0556664426527624
-0.0006246509509241,6.391349424407384e-08
-0.000582895163700047,0.00011499440952443348
-0.0005078010966185388,4.092152641866051e-08
-0.0006246509508188151,6.444857382545998e-08
-0.0006246509509241,6.391349424407237e-08
-0.0006246509509241,6.391349424407237e-08
-0.0006246509509241,6.391349424407239e-08
-0.0006246509508125687,6.43792994033558e-08
-0.000531645420616742,4.561325610410603e-08
-0.0006246509509241,6.391349424407237e-08
-0.0006246509509241,6.391349424407237e-08
-0.0006246509509241,6.391349424407237e-08
-2.5163214931256633e-05,3.046718602346486
-0.0006246509509241,6.391349424407237e-08
-0.000612727540188797,6.156738369370425e-08
-0.0006246509509241,6.391349424407237e-08
-0.0006246509507436531,6.483056192587691e-08
-0.0006246509509241,6.391349424407237e-08
-0.0006246509509241,6.391349424407237e-08
-0.0006246509509241,6.391349424407239e-08
-0.0006246509508246017,6.436103765214924e-08
-0.0006194937549954851,6.289873831164316e-08
-0.0006172267686072258,9.06630305832286e-06
-0.0006246509509241,6.391349424407237e-08
-0.0006246425439917374,4.278965272596207e-05
-2.4091528983337775e-05,3.0519530821411203
-0.0006246509509241,6.391349424679692e-08
-0.0006214906648401878,3.2080936157119757e-06
-0.0006246509509241,6.391349424407237e-08
-0.0006246509506032926,6.554390279842809e-08
-0.0006246509509241,6.391349424407237e-08
-0.0006246509509241,6.391349424407237e-08
-0.0006246509509241,6.391349424407239e-08
-0.0006246509508303526,6.431374403889541e-08
-0.0006246506284010506,1.7030411938366823e-06
-0.0006225639778102085,6.350285086781607e-08
-0.0006246509509241,6.391349424407237e-08
-0.0006246509509241,6.391349424407237e-08
-71.6800220209134,3.0712914423502897
-0.0006246509509241,6.391349424870832e-08
-0.0006237380993518975,6.37338769556967e-08
-0.0006246509509241,6.391349424407237e-08
-0.0006246509503512048,6.682506428384079e-08
-0.0006246509509241,6.391349424407237e-08
-0.0006246509509241,6.391349424407237e-08
-0.0006246509509241,6.391349424407239e-08
-0.0006246509508445364,6.42100618379661e-08
-0.0006246508541311478,5.558349536138795e-07
-0.0006239874833163811,8.798433411858414e-07
-0.0006246509509241,6.391349424407237e-08
-6.69103638813569e-05,2.8345511050040906
-2.2088761030970307e-05,3.062343602044013
-0.0006246509509241,6.391349424442311e-08
-0.000624479407994257,7.792994281642667e-07
-0.0006246509509241,6.391349424407237e-08
-0.0006246509498699348,6.927097615394026e-08
-0.0006246509509241,6.391349424407237e-08
-0.0006246509509241,6.391349424407237e-08
-0.0006246509509241,6.391349424407239e-08
-0.0006246509508469673,6.420278576966707e-08
-0.0006246509509241,6.391349424407237e-08
-0.000624650645906065,1.6140771523155474e-06
-0.0006246509509241,6.391349424407237e-08
-0.0006246509509241,6.391349424407237e-08
-151996490521167.0,29907597581.23461
-0.0006246509509241,6.391349424408026e-08
-0.000624602946979372,1.4053365686862153e-06
-0.0006246509509241,6.391349424407237e-08
-0.0006246509490104736,7.363893228832679e-08
-0.0006246509509241,6.391349424407237e-08
-0.0006246509509241,6.391349424407237e-08
-0.0006246509509241,6.391349424407239e-08
-0.0006246509508447939,6.424826042194165e-08
-0.0006228997119748401,6.356891161865718e-08
-0.0006246503526152462,3.1046407142388938e-06
-0.0006246509509241,6.391349424407237e-08
2.76520443855882e+35,-5.440955990905729e+31
2.7200829694192947e+23,-5.352172708046135e+19
-0.0006246509509241,6.391349424658008e-08
-0.0006245915042188863,2.7616684533213965e-06
-0.0006246509509241,6.391349424407237e-08
-0.0006246509509241,6.391349424407237e-08
-0.0006246509509241,6.391349424407237e-08
790697985077.4757,-155581731.2786679
-0.0006246509509241,6.391349424407239e-08
-0.0006246509508259165,6.43501238267977e-08
-0.0006212534862376717,6.324499192352977e-08
-0.0006246509509241,6.391349424407237e-08
-0.0006246509509241,6.391349424407237e-08
-0.0006246509509241,6.391349424407237e-08
-4.9326818582230304e+32,9.705794093733768e+28
-0.0006246509509241,6.391349424432147e-08
-0.0006245464871333335,5.489237214808054e-06
-0.0006246509509241,6.391349424407237e-08
-0.0006246509437735293,1.0025414847032631e-07
-0.0006246509509241,6.391349424407237e-08
-0.0006246509509241,6.391349424407237e-08
-0.0006246509509241,6.391349424407239e-08
-0.0006246509508373565,6.430101119746895e-08
-0.0006244357719425248,6.387115454026627e-08
-0.0006246509509241,6.391349424407237e-08
-0.0006246509509241,6.391349424407237e-08
-0.0006246509509241,6.391349424407237e-08
-151996490521167.0,29907597581.250237
-0.0006246509509241,6.391349424561761e-08
-0.0006243486876701448,1.1749013979645746e-05
-0.0006246509509241,6.391349424407237e-08
-0.0006246509509241,6.391349424407237e-08
-0.0006246509509241,6.391349424407237e-08
-0.0006246509509241,6.391349424407237e-08
-0.0006246509509241,6.391349424407239e-08
-0.0006246509508229125,6.433011524769161e-08
-0.0006246206722082631,6.390753645093301e-08
-0.0006246509509241,6.391349424407237e-08
-0.0006246509509241,6.391349424407237e-08
-0.0006246509509241,6.391349424407237e-08
2.7200829694192947e+23,-5.352172708046135e+19
-0.0006246509509241,6.391349424555661e-08
-0.0006246462831359671,2.3786561655620757e-05
-0.0006246509509241,6.391349424407237e-08
-0.0006246509509241,6.391349424407237e-08
-0.0006246509509241,6.391349424407237e-08
-0.0006246509509241,6.391349424407954e-08
-0.0006246509509241,6.391349424407239e-08
-0.0006246509508238768,6.430828740237182e-08
-0.0006246509509241,6.391349424407237e-08
-0.0006246509509241,6.391349424407237e-08
-0.0006246509509241,6.391349424407237e-08
-0.0006246509509241,6.391349424407237e-08
-1.598596816238093e-05,3.093359235980348
-0.0006246509509241,6.391349424487209e-08
-0.0006246509279219265,1.8081521583775985e-07
-0.0006246509509241,6.391349424407237e-08
-0.0006246509509241,6.391349424407237e-08
-0.0006246509509241,6.391349424407237e-08
-0.0006246509509241,6.391349424407237e-08
-0.0006246509509241,6.39134942440724e-08
-0.000624650950582098,6.44957157923108e-08
-0.0006244339108890273,6.387078834997541e-08
-0.0006246509509241,6.391349424407237e-08
-0.0006246509509241,6.391349424407237e-08
-0.0006246509509241,6.391349424407237e-08
-1.4956005437025068e-05,3.098593715783193
-0.0006246509509241,6.39134942451636e-08
-0.0006246509509241,6.391349424407237e-08
-0.0006246509509241,6.391349424407237e-08
-0.0006246509509241,6.391349424407237e-08
-0.0006246509509241,6.391349424407237e-08
-0.0006246509509241,6.391349424407237e-08
-0.0006246509509241,6.39134942440724e-08
-0.0006246509506312608,6.467033873259397e-08
-0.000624621609078382,6.390772079423202e-08
-0.0006246509509241,6.391349424407237e-08
-0.0006246509509241,6.391349424407237e-08
-0.0006246509509241,6.391349424407237e-08
-1.3941430047722104e-05,3.1037499942936058
-0.0006246509509241,6.391349424523137e-08
-0.0006220873216506783,6.340906159311963e-08
-0.0006246509509241,6.391349424407237e-08
-0.0006246509509241,6.391349424407237e-08
-0.0006246509509241,6.391349424407237e-08
2.2290746181362578e+29,-4.386039863311315e+25
-0.0006246509509241,6.39134942440724e-08
-0.0006246509505484488,6.481585825997819e-08
-0.0006246509509241,6.391349424407237e-08
-0.0006246509509241,6.391349424407237e-08
-0.0006246509509241,6.391349424407237e-08
-0.0006246509509241,6.391349424407237e-08
-1.2911514262094605e-05,3.108984235677876
-0.0006246509509241,6.391349424503486e-08
-0.0006246509509241,6.391349424407237e-08
-0.0006246509509241,6.391349424407237e-08
-0.0006246509509241,6.391349424407237e-08
-0.0006246509509241,6.391349424407237e-08
-0.0006246509509241,6.391349424407237e-08
-0.0006246509509241,6.391349424407241e-08
-0.0006246509504534316,6.500517902622126e-08
-0.0006246245194755822,6.390829345869261e-08
-0.0006246509509241,6.391349424407237e-08
-0.0006246509509241,6.391349424407237e-08
-0.0006246429284817896,4.0835596121072424e-05
-1.1881551536738742e-05,3.11421871548072
-0.0006246509509241,6.391349424540755e-08
-0.0006219084238255628,4.86274836517866e-07
-0.0006246509509241,6.391349424407237e-08
-0.0006246509509241,6.391349424407237e-08
-0.0006246509509241,6.391349424407237e-08
-0.0006246509509241,6.391349424407237e-08
-0.0006246509509241,6.391349424407241e-08
-0.000624650950342477,6.532532136765535e-08
-0.0006246509509241,6.391349424407237e-08
-0.0006246509509241,6.391349424407237e-08
-0.0006246509509241,6.391349424407237e-08
-0.0006246509509241,6.391349424407237e-08
-1.0866976147435778e-05,3.119374993991133
-0.0006246509509241,6.391349424544143e-08
-0.0006238942187583636,0.003845930608597253
-0.0006237078846399904,0.004792918476247031
-0.0006246509509241,6.391349424407237e-08
-0.0006246509509241,6.391349424407237e-08
-0.0006246509509241,6.391349424407237e-08
-0.0006246509509241,6.391349424407243e-08
-0.0006246509502389266,6.640245430653014e-08
-0.0006246423904998695,7.072342658769879e-08
-0.0006246509509241,6.391349424407237e-08
-0.0006246509509241,6.391349424407237e-08
-0.0006246509509241,6.391349424407237e-08
0.058740130925679306,3.1244415112624786
-0.0006246509509241,6.391349424446716e-08
-0.0006225607752481981,0.01062276159021174
-0.000622164337795719,0.012637537311681045
-0.0006246509509241,6.391349424407237e-08
-0.0006246509509241,6.391349424407237e-08
-0.0006246509509241,6.391349424407237e-08
-0.0006246509509241,6.391349424407243e-08
-0.0006246509495410565,6.956080425630956e-08
-0.0006246509492514101,7.241444424553273e-08
-0.0006246509509241,6.391349424407237e-08
-0.0006246509509241,6.391349424407237e-08
-0.0006246509509241,6.391349424407237e-08
-107374181.92143334,21130.616329799726
-0.0006246509509241,6.391349425182639e-08
-0.0006246509467312527,8.52223969180616e-08
-0.0006185488243588337,0.031012311561013483
-0.0006246509509241,6.391349424407237e-08
-0.0006246509509241,6.391349424407237e-08
-0.0006246505580080472,2.060792746843026e-06
-0.0006246509509241,6.391349424407244e-08
-0.0006246509491045125,7.043392132146303e-08
-0.0006246291707174918,9.173772025036438e-08
-0.0006246509509241,6.391349424407237e-08
-0.0006246509509241,6.391349424407237e-08
-0.0006246509509241,6.391349424407237e-08
1.9023205213671392e+17,-37431019902271.89
-0.0006246509509241,6.39134942529648e-08
-0.0006246509261773986,1.8968126134153293e-07
-0.0006246509509241,6.391349424407237e-08
-0.0006246509509241,6.391349424407237e-08
-0.0006246509509241,6.391349424407237e-08
5.064719642503144e+20,2.5739934781524294e+24
-0.0006246509509241,6.391349424407247e-08
-0.0006246509482038412,7.549916146954985e-08
-0.0006245990175247596,7.444148518618869e-08
-0.0006246509509241,6.391349424407237e-08
-0.0006246509509241,6.391349424407237e-08
-0.0006246509509241,6.391349424407237e-08
0.05874320537957959,3.1400665109600063
-0.0006246509509241,6.391349424555663e-08
-0.0006246509190306118,2.260026847290158e-07
-0.0006246509509241,6.391349424407237e-08
-0.0006246509509241,6.391349424407237e-08
-0.0006246509509241,6.391349424407237e-08
1.1663286981194546e+22,-2.2949272859932657e+18
-0.0006246509509241,6.391349424407247e-08
-0.0006246509501494726,6.391349409165275e-08
-0.0006246120582597644,6.390584152689644e-08
-0.0006246509509241,6.391349424407237e-08
-0.0006246509509241,6.391349424407237e-08
-0.0006246509509241,6.391349424407237e-08
-5.778758695457382e-06,3.145234349417055
-0.0006246509509241,6.391349424849149e-08
-0.0004931860875846934,0.6681312236366619
-0.00046166439704203296,0.8283308627168748
-0.0006246509509241,6.391349424407237e-08
-0.0006246509509241,6.391349424407237e-08
-0.0006246509509241,6.391349424586185e-08
-0.0006246509509241,6.391349424407247e-08
-0.0006246509418856496,1.0280566092708708e-07
1.163769347542695,-0.00022904813382983904
-0.0006246509509241,6.391349424407237e-08
-0.0006246509509241,6.391349424407237e-08
-0.0006246509509241,6.391349424407237e-08
-4.74887667027159e-06,3.150468590801332
-0.0006246509509241,6.391349424941306e-08
0.0008820861009597715,7.65754405172426
-0.0006246509509241,6.391349424407237e-08
-0.0006246509509241,6.391349424407237e-08
-0.0006246509509241,6.391349424407237e-08
-0.0006246509509241,6.391349424407947e-08
-0.0006246509509241,6.391349424407247e-08
-0.0006246509406913356,1.09092066876154e-07
7.314743615090778,7.781224627918554
-0.0006246509509241,6.391349424407237e-08
-0.0006246509509241,6.391349424407237e-08
2.715812902306644e+18,1.3802313241102926e+22
0.05874627983347988,3.1556915106575336
-0.0006246509509241,6.391349424767834e-08
0.0006299798490625349,6.37628883131837
-0.0006246509509241,6.391349424407237e-08
-0.0006246509509241,6.391349424407237e-08
-0.0006246509509241,6.391349424407237e-08
9.138617877339184e+32,-1.7981606348867845e+29
-0.0006246509509241,6.391349424407247e-08
-0.0006246509492824717,6.391349392105729e-08
12.191707506429735,11.000400286138653
-0.0006246509509241,6.391349424407237e-08
-0.0006246509509241,6.391349424407237e-08
-0.0006246509509241,6.391349424407237e-08
4.0564817515345385e+29,-7.981738485677655e+25
-0.0006246509509241,6.39134942485186e-08
0.0039019566225802407,23.005139923139836
0.005058247025132018,28.881642800103723
-0.0006246509509241,6.391349424407237e-08
-0.0006246509509241,6.391349424407237e-08
-0.0006246509509241,6.391349424407237e-08
-0.0006246509509241,6.391349424407248e-08
-0.0006246509483513845,6.391349373785188e-08
39.26837470289204,42.503573253402436
-0.0006246509509241,6.391349424407237e-08
-0.0006246509509241,6.391349424407237e-08
-0.0006246509509241,6.391349424407237e-08
-1.689729378583386e-06,3.1660156276249958
-0.0006246509509241,6.391349424461798e-08
0.0159076274209846,84.02039943840275
-0.0006246509509241,6.391349424407237e-08
-0.0006246509509241,6.391349424407237e-08
-0.0006246509509241,6.391349424407237e-08
-0.0006246509509241,6.391349424407237e-08
-0.0006246509509241,6.391349424407248e-08
-0.0006246509451533881,6.391349310859793e-08
144.07074050933642,147.01634769374132
-0.0006246509509241,6.391349424407237e-08
-0.0006246509509241,6.391349424407237e-08
-0.0006246509509241,6.391349424407237e-08
-2.3021535313908118e+20,4.5298336260207656e+16
-0.0006246509509241,6.391349424483482e-08
0.06432383020545134,330.08138405497726
0.0773152834390921,396.1065902963765
-0.0006246509509241,6.391349424407237e-08
-0.0006246509509241,6.391349424407237e-08
-0.0006246509509241,6.391349424407237e-08
-0.0006246509509241,6.391349424407248e-08
-0.0006246507861232955,8.836229193424914e-07
552.2995599241186,656.0735293325281
-0.0006246509509241,6.391349424407237e-08
-0.0006246509509241,6.391349424407237e-08
-0.0006246509509241,6.391349424407237e-08
4.0564817515345385e+29,-7.981738485677655e+25
-0.0006246509509241,6.391349424572603e-08
0.21981628777008377,1120.3256619701272
0.3016904843233165,1536.426972274512
-0.0006246509509241,6.391349424407237e-08
-0.0006246509509241,6.391349424407237e-08
-0.0006246509509241,6.391349424407239e-08
-0.0006246509509241,6.391349424407248e-08
-0.0006246508763976292,4.25338779825766e-07
-0.0006246509509241,6.391349424407237e-08
-0.0006246509509241,6.391349424407237e-08
-0.0006246509509241,6.391349424407237e-08
-0.0006246509509241,6.391349424407237e-08
126443837040.26949,-24879725.169225395
-0.0006246509509241,6.391349424605155e-08
0.9252147632776653,4705.304108196244
1.1078939141217752,5633.716687880057
-0.0006246509509241,6.391349424407237e-08
-0.0006246509509241,6.391349424407237e-08
1.262196821531452e+22,-2.4835622502446807e+18
-0.0006246509509241,6.391349424407248e-08
-0.0006246509508975614,6.391349423885051e-08
-0.0006246509509241,6.391349424407237e-08
-0.0006246509509241,6.391349424407237e-08
-0.0006246509509241,6.391349424407237e-08
-0.0006246509509241,6.391349424407237e-08
-2.3021535313908118e+20,4.5298336260207656e+16
-0.0006246509509241,6.391349424698667e-08
19.245542849550677,97812.93560657735
16.72825993179764,85019.59210423399
-0.0006246509509241,6.391349424407237e-08
-0.0006246509509241,6.391349424407237e-08
-0.0006246509509241,6.391349424407237e-08
-0.0006246509509241,6.391349424407248e-08
-0.0006246507836933765,9.096966545400495e-07
72230.66270387835,85513.11731039378
-0.0006246509509241,6.391349424407237e-08
-0.0006246509509241,6.391349424407237e-08
-0.0006246509509241,6.391349424407237e-08
4.0564817515345385e+29,-7.981738485677655e+25
-0.0006246509509241,6.391349424620062e-08
17.835147883382977,90645.02168283556
25.694472771209718,130587.70840961533
-0.0006246509509241,6.391349424407237e-08
-0.0006246509509241,6.391349424407237e-08
1.3134727792762477e+22,-2.5844554158966134e+18
-0.0006246509509241,6.39134942440725e-08
-0.0006246509506433681,6.391349418883414e-08
-0.0006246509509241,6.391349424407237e-08
-0.0006246509509241,6.391349424407237e-08
-0.0006246509509241,6.391349424407237e-08
-0.0006246509509241,6.391349424407237e-08
4.4284038589992e-06,3.1971092244351875
-0.0006246509509241,6.39134942440791e-08
97.13281102760315,493651.8654438312
143.5016386670123,729307.6733819488
-0.0006246509509241,6.391349424407237e-08
-0.0006246509509241,6.391349424407237e-08
-0.0006246509508273008,6.440544726841442e-08
-0.0006246509509241,6.391349424407251e-08
-0.0006246509506860012,6.391349419722284e-08
-0.0006246509509241,6.391349424407237e-08
-0.0006246509509241,6.391349424407237e-08
-0.0006246509509241,6.391349424407237e-08
-0.0006246509509241,6.391349424407237e-08
5.442979275610289e-06,3.2022655029456004
-0.0006246509509241,6.391349425643428e-08
499.81939644387273,2540186.9508265075
-0.0006246509509241,6.391349424407237e-08
-0.0006246509509241,6.391349424407237e-08
-0.0006246509509241,6.391349424407237e-08
1.2544707839302698e+22,-2.468360108230897e+18
-0.0006246509509241,6.391349424407251e-08
-0.0006246509462334525,6.391349332111686e-08
-0.0006246509509241,6.391349424407237e-08
-0.0006246509509241,6.391349424407237e-08
-0.0006246509509241,6.391349424407237e-08
-0.0006246509509241,6.391349424407237e-08
6.472941973681336e-06,3.207499982748445
-0.0006246509509241,6.391349425659691e-08
-0.0006246509509241,6.391349424407237e-08
-0.0006246509509241,6.391349424407237e-08
-0.0006246509509241,6.391349424407237e-08
-0.0006246509509241,6.391349424407237e-08
-0.0006246509509241,6.391349424407239e-08
-0.0006246509509241,6.391349424407251e-08
-0.0006246465871662504,2.2241362929028016e-05
-0.0006246509509241,6.391349424407237e-08
-0.0006246509509241,6.391349424407237e-08
-0.0006246509509241,6.391349424407237e-08
2.5720375603378396e+18,1.3071617726505927e+22
7.502857759285526e-06,3.2127342241327153
-0.0006246509509241,6.391349426684463e-08
-0.0006246509509241,6.391349424407237e-08
-0.0006246509509241,6.391349424407237e-08
-0.0006246509509241,6.391349424407237e-08
-0.0006246509509241,6.391349424407237e-08
-0.0006246509509241,6.391349424407237e-08
-0.0006246509509241,6.391349424407252e-08
-0.0006246509509241,6.391349424407237e-08
-0.0006246509509241,6.391349424407237e-08
-0.0006246509509241,6.391349424407237e-08
-0.0006246509509241,6.391349424407237e-08
-0.0006246509509241,6.391349424407239e-08
8.517433175896506e-06,3.217890502643128
-0.0006246509509241,6.391349425708481e-08
-0.0006246509509241,6.391349424407237e-08
-0.0006246509509241,6.391349424407237e-08
-0.0006246509509241,6.391349424407237e-08
-0.0006246509509241,6.391349424407237e-08
-0.0006246509509241,6.391349424407237e-08
-0.0006246509509241,6.391349424407253e-08
-0.0006246509504943931,6.6067724772928e-08
-0.0006246509509241,6.391349424407237e-08
-0.0006246509509241,6.391349424407237e-08
-0.0006246509509241,6.391349424407237e-08
-0.0006246509509241,6.391349424407237e-08
2.7200829694192947e+23,-5.352172708046135e+19
-0.0006246509509241,6.391349426293749e-08
-0.0006246509509241,6.391349424407237e-08
-0.0006246509509241,6.391349424407237e-08
-0.0006246509509241,6.391349424407237e-08
-0.0006246509509241,6.391349424407237e-08
-0.0006246509509241,6.391349424407237e-08
-0.0006246509509241,6.391349424407253e-08
-0.0006246509509241,6.391349424407237e-08
-0.0006246509509241,6.391349424407237e-08
-0.0006246509509241,6.391349424407237e-08
-0.0006246509509241,6.391349424407237e-08
-0.0006246509509241,6.3913494244073e-08
-4.9326818582230304e+32,9.705794093733768e+28
-0.0006246509509241,6.391349425545848e-08
-0.0006246509509241,6.391349424407237e-08
-0.0006246509509241,6.391349424407237e-08
-0.0006246509509241,6.391349424407237e-08
-0.0006246509509241,6.391349424407237e-08
-0.0006246509509241,6.391349424407237e-08
-0.0006246509509241,6.391349424407256e-08
-0.0006246509509241,6.391349424407237e-08
-0.0006246509509241,6.391349424407237e-08
-0.0006246509509241,6.391349424407237e-08
-0.0006246509509241,6.391349424407237e-08
-0.0006246488745262772,1.0616589320746724e-05
-151996490521167.0,29907597581.400627
-0.0006246509509241,6.391349425540426e-08
-0.0006246509509241,6.391349424407237e-08
-0.0006246509509241,6.391349424407237e-08
-0.0006246509509241,6.391349424407237e-08
-0.0006246509509241,6.391349424407237e-08
10944823.787502792,-2153.558837359919
-0.0006246509509241,6.391349424407259e-08
-0.0006246509452424407,9.278884201971907e-08
-0.0006246509509241,6.391349424407237e-08
-0.0006246509509241,6.391349424407237e-08
-0.0006246509509241,6.391349424407237e-08
-6.196232081069652e-05,2.859698065729448
-3.745775150829794e-05,3.2385935894064968
-0.0006246509509241,6.3913494253019e-08
-0.0006246509509241,6.391349424407237e-08
-0.0006246509509241,6.391349424407237e-08
-0.0006246509509241,6.391349424407237e-08
-0.0006246509509241,6.391349424407237e-08
-0.0006246509509241,6.391349424407237e-08
-0.0006246509509241,6.39134942440726e-08
-0.0006246509451279129,9.337089552494729e-08
-0.0006246509509241,6.391349424407237e-08
-0.0006246509509241,6.391349424407237e-08
-0.0006246509509241,6.391349424407237e-08
7.476531177269311e+17,-147112005654664.72
89128.959225741,-14.29363636193544
-0.0006246509509241,6.391349425524159e-08
-0.0006246509509241,6.391349424407237e-08
-0.0006246509509241,6.391349424407237e-08
-0.0006246509509241,6.391349424407237e-08
-0.0006246509509241,6.391349424407237e-08
-0.0006246509509241,6.391349424407237e-08
-0.0006246509509241,6.39134942440726e-08
-0.0006246509509240781,6.391349424406806e-08
-0.0006246509509241,6.391349424407237e-08
-0.0006246509509241,6.391349424407237e-08
-0.0006246509509241,6.391349424407237e-08
-0.0006246509509241,6.391349424407237e-08
1.4635613353230874e-05,3.2489843378718946
-0.0006246509509240999,6.39134942564342e-08
-1.578612115287132e-05,3.0943748991076596
-0.0006246509509241,6.391349424407237e-08
-0.0006246509509241,6.391349424407237e-08
-0.0006246509509241,6.391349424407237e-08
2.2992432608080993e+30,1.1685221575799048e+34
-0.0006246509509241,6.39134942440726e-08
-0.0006246509509240756,6.391349424406757e-08
-0.0006246509509241,6.391349424407237e-08
-0.0006246509509241,6.391349424407237e-08
-0.0006246509509241,6.391349424407237e-08
622023630.1443044,3161250533619.744
1.5242801082772871e-05,3.2520701894814694
-0.0006246509509240999,6.39134942453262e-08
0.683118753076036,-0.00013447289392971918
-0.0006246509509241,6.391349424407237e-08
-0.0006246509509241,6.391349424407237e-08
-0.0006246509509241,6.391349424407237e-08
7.522805497618008e+17,-148022522566237.3
-0.0006246509509241,6.391349424407263e-08
-0.0006246509509240473,6.391349424406201e-08
-0.0006246509509241,6.391349424407237e-08
-0.0006246509509241,6.391349424407237e-08
-0.0006246509509241,6.391349424407237e-08
-0.0006246509509241,6.391349424407237e-08
-107374181.92140876,21130.741329797307
-0.0006246509509240998,6.391349425442839e-08
-0.0006246509509241,6.391349424407237e-08
-0.0006246509509241,6.391349424407237e-08
-0.0006246509509241,6.391349424407237e-08
2.59903326452798e+18,1.3208815382898238e+22
-0.0006246509509241,6.391349424407237e-08
-0.0006246509509241,6.391349424407237e-08
-0.0006246502412650778,3.670544905005406e-06
-0.0006246509509241,6.391349424407237e-08
-0.0006246509509241,6.391349424407237e-08
-0.0006246074109288795,0.00022134244220091266
1.2470905101837855e+22,-2.4538383086505426e+18
1.6272763780844027e-05,3.2573046692843137
-0.0006246509509241,6.391349424407237e-08
-0.0006246509509241,6.391349424407237e-08
-0.0006246509509241,6.391349424407237e-08
-0.0006246509509241,6.391349424407237e-08
1.529270519953597e+22,-3.009069955635415e+18
-0.0006246509509241,6.391349424407237e-08
-0.0006246509509241,6.391349424407237e-08
-0.0006246509509241,6.391349424407237e-08
-0.0006246509509241,6.391349424407237e-08
-0.0006246509509241,6.391349424407237e-08
9.464620678475332e+21,-1.8623065934698045e+18
1.2765475414662634e+22,-2.5117994519916216e+18
1.6780028032916034e-05,3.259882689330233
-0.0006246509509241,6.391349424407237e-08
-0.0006246509509241,6.391349424407237e-08
-0.0006246509509241,6.391349424407237e-08
-0.0006246509509241,6.391349424407237e-08
2.7451245621461053e+18,1.395128105489352e+22
-0.0006246504319515694,2.70143739176499e-06
-0.0006246509509241,6.391349424407237e-08
-0.0006246509509241,6.391349424407237e-08
-0.0006246509509241,6.391349424407237e-08
-0.0006246509509241,6.391349424407237e-08
-0.0006246509509240999,6.391349424407235e-08
-0.0006246509509241,6.391349424407237e-08
-4.9326818582230304e+32,9.705794093733768e+28
-0.0006246509509241,6.391349430999187e-08
-0.0006246509509241,6.391349424407237e-08
-0.0006246509509241,6.391349424407237e-08
-0.0006246509509241,6.391349424407237e-08
-0.0006246509509241,6.391349424407237e-08
-0.0006229335288802519,0.008728351858600818
-0.0006246509509241,6.391349424407237e-08
-0.0006246509295468793,6.39134900377824e-08
-0.0006246509509241,6.391349424407237e-08
-0.0006246509509241,6.391349424407237e-08
-0.0006246509509241,6.391349424407237e-08
1.262761570997078e+22,1.276331662049653e+22
0.058767801010781884,3.265066508540226
-0.0006246509509240998,6.391349432084436e-08
-0.0006246509509241,6.391349424407237e-08
-0.0006246509509241,6.391349424407237e-08
-0.0006246509509241,6.391349424407237e-08
-0.0006246509509241,6.391349424407237e-08
-0.0006246509509241,6.391349424407237e-08
-0.0006246509509241,6.391349424407272e-08
-0.00062465092261201,6.391348867324248e-08
-0.0006246509509241,6.391349424407237e-08
-0.0006246509509241,6.391349424407237e-08
-0.0006246509509241,6.391349424407237e-08
1.210603255580204e+22,1.3370468462557657e+22
1.8309527581875855e-05,3.267656088532788
-0.0006246509509240998,6.391349425665036e-08
0.0022043516028816576,14.377566123174528
-0.0006246509509241,6.391349424407237e-08
-0.0006246509509241,6.391349424407237e-08
-0.0006246509509241,6.391349424407237e-08
-0.0006246505140049933,2.2844252115013835e-06
-0.0006246509509241,6.391349424407276e-08
-0.000624650950924083,6.391349425925188e-08
17.129839571266395,-0.0033706127944256622
-0.0006246509509241,6.391349424407237e-08
-0.0006246509509241,6.391349424407237e-08
-0.0006246509509241,6.391349424407237e-08
1.8816872506833117e-05,3.2702343469972748
-0.0006246509509240997,6.391349502130975e-08
-0.0006246509509241,6.391349424407237e-08
-0.0006246509509241,6.391349424407237e-08
-0.0006246509509241,6.391349424407237e-08
-0.0006246509509241,6.391349424407237e-08
-0.0006246509509241,6.391349424407239e-08
-0.0006246509509241,6.391349424407279e-08
-0.0006246509509241,6.391349424407237e-08
-0.0006246509509241,6.391349424407237e-08
-0.0006246509509241,6.391349424407237e-08
-0.0006246509509241,6.391349424407237e-08
1.1661826200311603e+22,1.3058666949913111e+22
2.7200829694192947e+23,-5.352172708046135e+19
-0.0006246509509240996,6.391349524343428e-08
-0.0006246509509241,6.391349424407237e-08
-0.0006246509509241,6.391349424407237e-08
-0.0006246509509241,6.391349424407237e-08
-0.0006246509509241,6.391349424407237e-08
-0.0006246509509241,6.391349424407237e-08
-0.0006246509509241,6.391349424407282e-08
-0.0006246509509241,6.391349424407237e-08
-0.0006246509509241,6.391349424407237e-08
-0.0006246509509241,6.391349424407237e-08
-0.0006246509509241,6.391349424407237e-08
-0.0006246509509241,6.391349424407237e-08
-151996490521167.0,29907597581.44262
-0.0006246509509240996,6.39134955487435e-08
-0.0006246509509241,6.391349424407237e-08
-0.0006246509509241,6.391349424407237e-08
-0.0006246509509241,6.391349424407237e-08
-0.0006246509509241,6.391349424407237e-08
1.2551646760294242e+22,-2.469725445390527e+18
-0.0006246509509241,6.391349424407292e-08
-0.0006246509338655238,6.392741963051818e-08
-0.0006246509509241,6.391349424407237e-08
-0.0006246509509241,6.391349424407237e-08
-0.0006246509509241,6.391349424407237e-08
-0.0006246509509241,6.391349424407237e-08
2.035409945697628e-05,3.2780468468460384
-0.0006246509509240995,6.391349577078767e-08
-0.0006246509509241,6.391349424407237e-08
-0.0006246509509241,6.391349424407237e-08
-0.0006246509509241,6.391349424407237e-08
-0.0006246509509241,6.391349424407237e-08
-0.0006246509509241,6.391349424407237e-08
-0.0006246509509241,6.391349424407294e-08
-0.0006246509394382468,6.39241217035906e-08
-0.0006246509509241,6.391349424407237e-08
-0.0006246509509241,6.391349424407237e-08
-0.0006246509509241,6.391349424407237e-08
-0.0006246509509241,6.391349424407237e-08
2.0861363709048395e-05,3.2806248668919578
-0.0006246509509240995,6.391349563894762e-08
-0.0006246509509241,6.391349424407237e-08
-0.0006246509509241,6.391349424407237e-08
-0.0006246509509241,6.391349424407237e-08
-0.0006246509509241,6.391349424407237e-08
-0.0006246509509234997,6.391349424395474e-08
-0.0006246509509241,6.391349424407298e-08
-0.0006246509426220149,6.392145219591408e-08
-0.0006246509509241,6.391349424407237e-08
-0.0006246509509241,6.391349424407237e-08
-0.0006246509509241,6.391349424407237e-08
-0.0006246509509236302,6.391588179230156e-08
-151996490521167.0,29907597581.45043
-0.0006246509509240995,6.391349566670267e-08
0.02074626595034407,0.01941008669556812
-0.0006246509509241,6.391349424407237e-08
-0.0006246509509241,6.391349424407237e-08
-0.0006246509509241,6.391349424407237e-08
-0.0006146957649018766,6.195466153453037e-08
-0.0006246509509241,6.3913494244073e-08
-0.0006246508942935909,6.395919111581484e-08
-0.0005645587817720498,5.2089455370303846e-08
-0.0006246509509241,6.391349424407237e-08
-0.0006246509509241,6.391349424407237e-08
-0.0006246509509241,6.391349424407237e-08
89128.95923400359,-14.251644175248334
-0.0006246509509240994,6.391349584711295e-08
0.012866532626897308,5.583176107399212e-05
-0.0006246389856031512,6.087410687157144e-05
-0.0006246509509241,6.391349424407237e-08
-0.0006246509509241,6.391349424407237e-08
3.2282679705983097e+21,-6.352103197125806e+17
-0.0006246509509241,6.391349424407304e-08
-0.0006246509509241,6.391349424407237e-08
-0.0006246509509241,6.391349424407237e-08
-0.0006246509509241,6.391349424407237e-08
-0.0006246509509241,6.391349424407237e-08
-0.0006246509509241,6.391349424407237e-08
-2.7657929701135247e-05,3.288398275942366
-0.0006246509509240993,6.391349636768466e-08
0.009694524613425123,0.009277921763279176
-0.0006246500475273285,4.655159529984535e-06
-0.0006246509509241,6.391349424407237e-08
-0.0006246509509241,6.391349424407237e-08
2.671567632448913,-0.0005257301439170784
-0.0006246509509241,6.391349424407296e-08
-0.0006246481241499816,1.4430154191644102e-05
-0.0006246509509241,6.391349424407237e-08
-0.0006246509509241,6.391349424407237e-08
-0.0006246509509241,6.391349424407237e-08
-0.0006246509509241,6.391349424407237e-08
2.290590182370722e-05,3.2910156252052154
-0.0006246509509240993,6.391349628441687e-08
-0.000624572873098907,0.0003968712928182882
-0.0006246509509241,6.391349424407237e-08
-0.0006246509509241,6.391349424407237e-08
-0.0006246509509241,6.391349424407237e-08
-0.0006246509509241,6.391349424407237e-08
-0.0006246509509241,6.391349424407297e-08
-0.0006246478595666457,1.1688326784417892e-05
-0.00029452501161167876,0.00035485702022336235
-0.0006246509509241,6.391349424407237e-08
-0.0006246509509241,6.391349424407237e-08
-0.0006246509509241,6.391349424407237e-08
4.0564817515345385e+29,-7.981738485677655e+25
-0.0006246509509240992,6.391349646482578e-08
-0.0006005136917794722,0.0002728895064598397
-0.00031556036121515457,3.0952678461004745e-09
-0.0006246509509241,6.391349424407237e-08
-0.0006246509509241,6.391349424407237e-08
-0.0006246509509241,6.391349424407237e-08
-0.0006246509509241,6.391349424407243e-08
-0.0006246472442540803,1.8901964021217767e-05
-0.0003975860538923766,0.00024039118060115367
-0.0006246509509241,6.391349424407237e-08
-0.0006246509509241,6.391349424407237e-08
-0.0006246509509241,6.391349424407237e-08
-2.6120702750992084e-05,3.2962107757911294
-0.000624650950924099,6.39134968395254e-08
-0.0006246092859168228,0.00021181395015726188
-0.00039573523605376966,1.4570936483439115e-06
-0.0006246509509241,6.391349424407237e-08
-0.0006246509509241,6.391349424407237e-08
-0.0006246509509241,6.391349424408002e-08
-0.0006246509509241,6.391349424407244e-08
-0.0006246509509241,6.391349424407237e-08
-0.0006217814788851757,0.0001917853450445922
-0.0006246509509241,6.391349424407237e-08
-0.0006246509509241,6.391349424407237e-08
-0.0006246509509241,6.391349424407237e-08
2.4435435160393456e-05,3.298789024407763
-0.0006246509509241,6.391349424407237e-08
-0.0006246509509241,6.391349424407237e-08
-0.0006246509509241,6.391349424407237e-08
-0.0006246509509241,6.391349424407237e-08
9.473556945862952e+21,-1.8640649383581885e+18
3241.8049018115034,16475514.681063047
-0.0006246509509241,6.391349424407237e-08
-0.0006246509509241,6.391349424407237e-08
-0.0006246509509241,6.391349424407237e-08
-0.0006246509509241,6.391349424407237e-08
1.0420087732161455e+34,-2.050309119336282e+30
1.449118495267008e+22,-2.8513587814377446e+18
2.4942699385180757e-05,3.3013670444536825
-0.0006246509509241,6.391349424407237e-08
-0.0006246509509241,6.391349424407237e-08
-0.0006246509509241,6.391349424407237e-08
-0.0006246509509241,6.391349424407237e-08
1.5157689311940905e+23,-2.982503547293113e+19
-0.000624650950924058,6.391370391810249e-08
-0.0006246509509241,6.391349424407237e-08
-0.0006246509509241,6.391349424407237e-08
-0.0006246509509241,6.391349424407237e-08
-0.0006246509509241,6.391349424407237e-08
8.467028374859689e+33,4.303115938209975e+37
203481065617.1448,1034132139182298.9
-2.3021535313908118e+20,4.5298336260207656e+16
-0.0006246509509241,6.391349424407237e-08
-0.0006246509509241,6.391349424407237e-08
-0.0006246509509241,6.391349424407237e-08
-0.0006246509509241,6.391349424407237e-08
2239.959034198819,951119.7026662964
0.002919417402305947,5.494177066794951e-05
-0.0006246509509241,6.391349424407237e-08
-0.0006246509509241,6.391349424407237e-08
-0.0006246509509241,6.391349424407237e-08
-0.0006246509509241,6.391349424407237e-08
141195456724467.88,35545284986165.98
14670.101630424146,-2.886563389246495
126443837040.26952,-24879725.044225395
-0.0006246509509241,6.391349424407237e-08
-0.0006246509509241,6.391349424407237e-08
-0.0006246509509241,6.391349424407237e-08
-0.0006246509509241,6.391349424407237e-08
1.3605156120161384e+19,6.914416906447607e+22
194867.1574977267,990354220.8284713
-0.0006246509509241,6.391349424407237e-08
-0.0006246509509241,6.391349424407237e-08
-0.0006246509509241,6.391349424407237e-08
-0.0006246509509241,6.391349424407237e-08
564771446119264.8,2112323641320.2031
58679.41230192984,-11.546001211889264
2.647992633532392e-05,3.309179544302446
-0.0006246509509241,6.391349424407237e-08
-0.0006246509509241,6.391349424407237e-08
-0.0006246509509241,6.391349424407237e-08
-0.0006246509509241,6.391349424407237e-08
1.3430931743547785e+19,6.8258725366078644e+22
12916384188222.525,6.562371457751756e+16
-0.0006246509509241,6.391349424407237e-08
-0.0006246509509241,6.391349424407237e-08
-0.0006246509509241,6.391349424407237e-08
-0.0006246509509241,6.391349424407237e-08
9036337887886340.0,7115499757601.667
53751479279.46518,-10576412.67786715
2.6987237499839583e-05,3.31175780276694
-0.0006246509509241,6.391349424407237e-08
-0.0006246509509241,6.391349424407237e-08
-0.0006246509509241,6.391349424407237e-08
-0.0006246509509241,6.391349424407237e-08
201101.71516927422,852492392.9329656
3913819290.0556164,243693133.8706658
-0.0006246509509241,6.391349424407237e-08
-0.0006246509509241,6.391349424407237e-08
-0.0006246509509241,6.391349424407237e-08
-0.0006246509509241,6.391349424407237e-08
569100362898662.5,26898555505.14679
44.803470703686706,-0.008815601012933189
126443837040.26952,-24879725.036412895
-0.0006246509509241,6.391349424407237e-08
-0.0006246509509241,6.391349424407237e-08
-0.0006246509509241,6.391349424407237e-08
-0.0006246509509241,6.391349424407237e-08
3.920946213926632e-05,2.7525029048159926
-0.0005847995257433887,0.0023666701802789966
-0.0006246509509241,6.391349424407237e-08
-0.0006246509509241,6.391349424407237e-08
-0.0006246509509241,6.391349424407237e-08
-0.0006246509509241,6.391349424407237e-08
-0.0006246509509241,6.391349424407237e-08
-0.0006246509509241,6.391349424407237e-08
-3.2186439217755354e+26,6.3331664323178e+22
-0.0006246509509241,6.391349424407237e-08
-0.0006246509509241,6.391349424407237e-08
-0.0006246509509241,6.391349424407237e-08
-0.0006246509509241,6.391349424407237e-08
-0.0006246509509241,6.391349424407237e-08
-0.0006246509509241,6.391349424407237e-08
-0.0006246509509241,6.391349424407247e-08
-0.0006246408487094241,1.723431142635504e-05
-0.0006246509509241,6.391349424407237e-08
-0.0006246509509241,6.391349424407237e-08
-0.0006246509509241,6.391349424407237e-08
-0.0006246509509241,6.391349424407237e-08
2.8558494059065503e-05,3.319531201961278
-0.0006246509509240985,6.391349768606506e-08
-0.0006124856947218465,2.235876691582365e-05
-0.0006000820297137011,2.7603339587311277e-05
-0.0006246509509241,6.391349424407237e-08
-0.0006246509509241,6.391349424407237e-08
1.1363230158229934e+22,-2.2358865891913925e+18
-0.0006246509509241,6.391349424407248e-08
-0.0006246471504320579,1.9378786618275216e-05
-0.0006246467511079209,2.1408233056524812e-05
-0.0006246509509241,6.391349424407237e-08
-0.0006246509509241,6.391349424407237e-08
-0.0006246509509241,6.391349424407237e-08
5.848603036543687e+35,-1.1508006889608825e+32
-0.0006246509509240992,6.391349854679383e-08
-0.0006060476620587779,1.842356076284354e-05
-0.0006031869091195743,5.969012091163799e-08
-0.0006246509509241,6.391349424407237e-08
-0.0006246509509241,6.391349424407237e-08
-0.0006246509509241,6.39134942440724e-08
-0.0006246509509241,6.391349424407247e-08
-0.0006246394914455146,1.8064514310047165e-05
-0.0006246509509241,6.391349424407237e-08
-0.0006246509509241,6.391349424407237e-08
-0.0006246509509241,6.391349424407237e-08
1.2915169469723986e+31,-2.5412540107335254e+27
-3.2186439217755354e+26,6.3331664323178e+22
-0.000624650950924099,6.391349876882317e-08
-0.0006090285691277489,1.4726139953197171e-05
-0.0006080744844395733,6.065182493060779e-08
-0.0006246509509241,6.391349424407237e-08
-0.0006246509509241,6.391349424407237e-08
-0.0006246509509241,6.391349424407237e-08
-0.0006246509509241,6.391349424407245e-08
-0.0006246480186109423,1.4966525043652681e-05
-0.0006246482646118978,1.3716298180504441e-05
-0.0006246509509241,6.391349424407237e-08
-0.0006246509509241,6.391349424407237e-08
-0.0006246509509241,6.391349424407237e-08
1.9023205213671392e+17,-37431019902271.695
-0.0006246509509240987,6.391350057234348e-08
-0.0006111165677920806,1.2938416877457276e-05
-0.0006104618579633032,6.112157660955555e-08
-0.0006246509509241,6.391349424407237e-08
-0.0006246509509241,6.391349424407237e-08
1.1143317140882747e+22,-2.1926153925837038e+18
-0.0006246509509241,6.391349424407247e-08
-0.0006246483939231966,1.3059111873640522e-05
-0.0006246485460845905,1.228579673802878e-05
-0.0006246509509241,6.391349424407237e-08
-0.0006246509509241,6.391349424407237e-08
-0.0006246509509241,6.391349424407237e-08
3.056126201143297e-05,3.329921721864171
-0.0006246509509240999,6.391349424425277e-08
-0.000613799107862944,1.1270053729852084e-05
-0.0006110579053090134,6.123885789737945e-08
-0.0006246509509241,6.391349424407237e-08
-0.0006246509509241,6.391349424407237e-08
1.9189105380189075e+29,-3.775745345355961e+25
-0.0006246509509241,6.391349424407247e-08
-0.0006246487338968575,1.1331296618910764e-05
-0.0006246489096579966,1.043804278131922e-05
-0.0006246509509241,6.391349424407237e-08
-0.0006246509509241,6.391349424407237e-08
-0.0006246509509241,6.391349424407237e-08
-3.2186439217755354e+26,6.3331664323178e+22
-0.0006246509509240977,6.391350490221317e-08
-0.0006141571779954661,9.600193655331034e-06
-0.0006246509509241,6.391349424407237e-08
-0.0006246509509241,6.391349424407237e-08
-0.0006246509509241,6.391349424407237e-08
-0.0006246509509241,6.391349424407237e-08
-0.0006246509509241,6.39134942440725e-08
-0.0006246345899629047,9.543157186486048e-06
-0.0006161825614147266,9.005879949468745e-06
-0.0006246509509241,6.391349424407237e-08
-0.0006246509509241,6.391349424407237e-08
-0.0006246509509241,6.391349424407237e-08
1.9023205213671392e+17,-37431019902271.69
-0.0006246509509240969,6.391350934310518e-08
-0.00061588750815981,7.991198679307093e-06
-0.0006150514700918436,6.202465188523861e-08
-0.0006246509509241,6.391349424407237e-08
-0.0006246509509241,6.391349424407237e-08
-0.0006246509509241,6.391349424407237e-08
-0.0006246509509241,6.391349424407252e-08
-0.0006246274183528076,8.41066841220312e-06
-0.0006173166783691847,7.754388259138346e-06
-0.0006246509509241,6.391349424407237e-08
-0.0006246509509241,6.391349424407237e-08
-0.0006246509509241,6.391349424407237e-08
3.2098488961576133e-05,3.337734221712935
-0.000624650950924097,6.3913508899016e-08
-0.0006171691723502288,7.156177736962584e-06
-0.0006164800388714604,9.602535186233957e-06
-0.0006246509509241,6.391349424407237e-08
-0.0006246509509241,6.391349424407237e-08
-0.0006246509509241,6.391349424407237e-08
-0.0006246509509241,6.391349424407253e-08
-0.0006246266866117259,7.396336547287423e-06
-0.0006179724985223384,6.948408030230017e-06
-0.0006246509509241,6.391349424407237e-08
-0.0006246509509241,6.391349424407237e-08
2.453846727085082e+18,1.2470947886033487e+22
3.260580012611511e-05,3.3403124801774284
-0.0006246509509240964,6.39135118966181e-08
-0.0006181825744420597,6.53050243622289e-06
-0.0006246509509241,6.391349424407237e-08
-0.0006246509509241,6.391349424407237e-08
-0.0006246509509241,6.391349424407237e-08
4.572776859099324e+16,-8997626829920.303
-0.0006246509509241,6.391349424407255e-08
-0.000624649643031341,6.710890364606548e-06
-0.0006186282795210688,6.292885050297e-06
-0.0006246509509241,6.391349424407237e-08
-0.0006246509509241,6.391349424407237e-08
-0.0006246509509241,6.391349424407237e-08
3.3113064378187114e-05,3.3428905002233478
-0.000624650950924096,6.39135141170641e-08
-0.0006190171510188858,5.963664906298674e-06
-0.0006246509509241,6.391349424407237e-08
-0.0006246509509241,6.391349424407237e-08
-0.0006246509509241,6.391349424407237e-08
-0.0006246509508870063,6.391349423677362e-08
-0.0006246509509241,6.391349424407255e-08
-0.0006246497485836232,6.17445220999134e-06
-0.0006191349833998891,5.905560919835817e-06
-0.0006246509509241,6.391349424407237e-08
-0.0006246509509241,6.391349424407237e-08
-0.0006246509509241,6.391349424407237e-08
-107374181.92139089,21130.83215010805
-0.000624650950924095,6.391351855795611e-08
-0.0006246471042502545,5.487935516913183e-06
-0.0006246509509241,6.391349424407237e-08
-0.0006246509509241,6.391349424407237e-08
-0.0006246509509241,6.391349424407237e-08
-0.0006246509508979723,6.40462808149054e-08
-0.0006246509509241,6.391349424407255e-08
-0.0006246509505861784,6.563088077711796e-08
-0.0006197335678253222,6.29459250959186e-08
-0.0006246509509241,6.391349424407237e-08
-0.0006246509509241,6.391349424407237e-08
-0.0006246509509241,6.391349424407237e-08
3.414302707625827e-05,3.348124980026192
-0.0006246509509240949,6.39135193351122e-08
-0.0006246242555693262,4.981291530692789e-06
-0.0006246509509241,6.391349424407237e-08
-0.0006246509509241,6.391349424407237e-08
-0.0006246509509241,6.391349424407237e-08
-0.0006246509509241,6.391349424407237e-08
-0.0006246509509241,6.391349424407253e-08
-0.0006246499303671944,5.250591147793533e-06
-0.0006200613933652408,6.301042970579552e-08
-0.0006246509509241,6.391349424407237e-08
-0.0006246509509241,6.391349424407237e-08
-0.0006246509508031216,6.452833091373747e-08
3.465029132833028e-05,3.3507030000721114
-0.0006246509509240944,6.391352233271433e-08
-0.0006197326647607839,4.652503483955226e-06
-0.0006246509509241,6.391349424407237e-08
-0.0006246509509241,6.391349424407237e-08
-0.0006246509509241,6.391349424407237e-08
2.9186958906282373e+18,-574297352857653.2
-0.0006246509509241,6.391349424407255e-08
-0.0006246509509241,6.391349424407237e-08
-0.0006202700096179162,6.305147809389902e-08
4364191659.516293,-858720.4050519796
-0.0006246509509241,6.391349424407237e-08
1.9128815668414402e+23,-3.7638824369974985e+19
3.5149908852104305e-05,3.3532421578903895
-0.000624650950924094,6.391352444213804e-08
-0.0006243552148799807,0.001503054607055235
-0.0006246509509241,6.391349424407237e-08
2668452.321565206,13561617145.47092
-0.0006246509509241,6.391349424407237e-08
-0.0006246509509241,6.391349424407237e-08
-0.0006246509509241,6.391349424407259e-08
-0.0006246509509241,6.391349424407237e-08
-0.0006246509509241,6.391349424407237e-08
-0.0006246509509241,6.391349424407237e-08
-0.0006246509509241,6.391349424407237e-08
-0.0006246509509241,6.391349424407237e-08
2.7200829694192947e+23,-5.352172708046135e+19
-0.0006246509509240919,6.391353465618966e-08
-0.0006246509509241,6.391349424407237e-08
-0.0006246509509241,6.391349424407237e-08
-0.0006246509509241,6.391349424407237e-08
-0.0006246509509241,6.391349424407237e-08
-0.0006246509509241,6.391349424407237e-08
-0.0006246509509241,6.391349424407264e-08
-0.0006246509509241,6.391349424407237e-08
-0.0006246509509241,6.391349424407237e-08
-0.0006246509509241,6.391349424407237e-08
-0.0006246509509241,6.391349424407237e-08
1.018346834858198e+22,-2.0037506936844654e+18
3.61797908772901e-05,3.3584763992746662
-0.0006246509509240897,6.391354575841969e-08
2772982.579881125,14092861167.18697
-0.0006246509509241,6.391349424407237e-08
2998570.3028719956,15239343832.99308
-0.0006246509509241,6.391349424407237e-08
-0.0006246509509241,6.391349424407237e-08
-0.0006246509509241,6.39134942440726e-08
-0.0006246509509241,6.391349424407237e-08
-0.0006246509509241,6.391349424407237e-08
-0.0006246509509241,6.391349424407237e-08
-0.0006246509509241,6.391349424407237e-08
-0.0006246509509241,6.391349424407237e-08
3.668713580224747e-05,3.361054657739153
-0.0006246509509240891,6.391354908908869e-08
2588117.0745140733,13153337089.374506
-0.0006246499713022134,5.04255106000053e-06
173380.72232627842,881156078.9423667
-0.0006246509509241,6.391349424407237e-08
-0.0006246509509241,6.391349424407237e-08
-0.0006246509509241,6.391349424407265e-08
-0.0006246509509241,6.391349424407237e-08
-0.0006246509509241,6.391349424407237e-08
-0.0006246508695351817,4.77548521793406e-07
-0.0006246509509241,6.391349424407237e-08
-0.0006246509509241,6.391349424407294e-08
2.7200829694192947e+23,-5.352172708046135e+19
-0.0006246509509240836,6.391357640057457e-08
-0.0006246509509241,6.391349424407237e-08
-0.0006246509509241,6.391349424407237e-08
89166.20037594723,453160759.227604
-0.0006246509509241,6.391349424407237e-08
-0.0006246509509241,6.391349424407237e-08
-0.0006246509509241,6.391349424407268e-08
-0.0006246509509241,6.391349424407237e-08
-0.0006246509509241,6.391349424407237e-08
-0.0006246509509241,6.391349424407237e-08
-0.0006246509509241,6.391349424407237e-08
-0.0006215980653862378,0.015515448808756561
-151996490521167.0,29907597581.53344
-0.0006246509509240816,6.391358705871541e-08
-0.0006246509509241,6.391349424407237e-08
-0.0006246509509241,6.391349424407237e-08
-0.0006245433481816906,6.389232178471327e-08
-0.0006246509509241,6.391349424407237e-08
-0.0006246509509241,6.391349424407237e-08
-0.0006246509509241,6.391349424407263e-08
-0.0006246441697317349,6.391215994239434e-08
-0.0006246509509241,6.391349424407237e-08
-0.0006246501212342992,6.391333099011439e-08
-0.0006246509509241,6.391349424407237e-08
9.666384189675557e+21,-1.9020066015308065e+18
3.822436275239063e-05,3.3688671575879168
-0.000624650950924078,6.391360526637265e-08
-0.0006246348130435199,8.207990311749612e-05
-0.0006246313361897857,9.974998057106293e-05
152748.41145941996,776298480.9722255
-0.0006246509509241,6.391349424407237e-08
-0.0006246509509241,6.391349424407237e-08
-0.0006246509509241,6.391349424407265e-08
-0.0006246501651406706,4.057424616887885e-06
-0.0006246509509241,6.391349424407237e-08
-0.0006246507088832451,6.391344661889063e-08
-0.0006246509509241,6.391349424407237e-08
-0.0006246509509241,6.391349424407237e-08
3.873162700446264e-05,3.371445177633836
-0.0006246509509240718,6.391363637745852e-08
-0.0006246489336890275,1.0315912197150578e-05
-0.0006246508622086077,5.147836604888242e-07
-0.0006246473213890876,3.343424773140994e-06
-0.0006246509509241,6.391349424407237e-08
-0.0006246509509241,6.391349424407237e-08
-0.0006246509509241,6.391349424407264e-08
-0.0006244773228417216,6.710609075451561e-06
-0.0006246509509241,6.391349424407237e-08
-0.0006246320817515397,7.660305390713994e-08
-0.0006246509509241,6.391349424407237e-08
-0.0006246509509241,6.391349424407237e-08
-151996490521167.0,29907597581.541252
-0.0006246509509240844,6.391357241132728e-08
-0.000544049334867185,8.206404671157729e-05
-0.0006246509410716154,1.1398582355685163e-07
24045.305493903943,122203133.63436212
-0.0006246509509241,6.391349424407237e-08
-0.0006246509509241,6.391349424407237e-08
-0.0006246509509241,6.391349424407267e-08
-0.0006245260059125674,9.304713655903385e-05
-0.0006246509509241,6.391349424407237e-08
-0.0006246448081668051,6.391228556410504e-08
-0.0006246509509241,6.391349424407237e-08
-0.0006246509509241,6.391349424407237e-08
3.9761589702533794e-05,3.376679657436681
-0.0006246509509240514,6.391373941147933e-08
-0.0006137265064865666,8.541561691601062e-05
-0.0006246509509241,6.391349424407237e-08
-0.0006246400972882996,3.4328260004843473e-06
-0.0006246509509241,6.391349424407237e-08
-0.0006246509509241,6.391349424407237e-08
-0.0006246509509241,6.391349424407268e-08
-0.0006245270597571748,6.388911679199315e-08
-0.0005364360783642068,4.6555890131738076e-08
-0.0006244487948690097,6.387371699709186e-08
-0.0006246509509241,6.391349424407237e-08
-0.0006246509509241,6.391349424407237e-08
-9.787666405721004e-06,3.379218586684244
-0.0006246509509240315,6.391384063364928e-08
-0.0006246509509241,6.391349424407237e-08
-0.000624630494725031,0.00010402647550771711
-0.0006246504786200501,2.4642586859069828e-06
-0.0006246509509241,6.391349424407237e-08
-0.0006246509509241,6.391349424407237e-08
-0.0006246509509241,6.391349424407277e-08
0.001330945788463773,9.937499871492937
-0.0006246509509241,6.391349424407237e-08
-0.0006246509496466686,7.040566003436769e-08
-0.0006246509509241,6.391349424407237e-08
-0.0006246509509241,6.391349424407237e-08
4.0776165119121464e-05,3.3818359359470938
-0.0006246509509240963,6.39135106772413e-08
-0.0006246509509241,6.391349424407237e-08
-0.0006246509509241,6.391349424407237e-08
-0.00062313046885242,6.361431650800293e-08
-0.0006246509509241,6.391349424407237e-08
-0.0006246509509241,6.391349424407237e-08
-0.0006246509509241,6.391349424407288e-08
-0.0006241628731597957,6.381745759670235e-08
-0.0006246509509241,6.391349424407237e-08
-0.0006246509500360788,6.842659871344253e-08
-0.0006246509509241,6.391349424407237e-08
-0.0006246509509241,6.391349424407237e-08
4.0564817515345385e+29,-7.981738485677655e+25
-0.0006246509509240964,6.391350990008855e-08
-0.0006246509509241,6.391349424407237e-08
-0.0006246509509241,6.391349424407237e-08
449236.8846066844,2283113171.8029404
-0.0006246509509241,6.391349424407237e-08
-0.0006246509509241,6.391349424407237e-08
-0.0006246509509241,6.391349424407301e-08
-0.0006220578954049195,6.340327153630072e-08
-0.0006246509509241,6.391349424407237e-08
-0.0006246487235527447,6.391305597522864e-08
-0.0006246509509241,6.391349424407237e-08
-0.0006246509509241,6.391349424407237e-08
-8.250439455577841e-06,3.3870310865330078
-0.0006246509509240886,6.391354975895615e-08
-0.0006246509509241,6.391349424407237e-08
-0.0006233777901787698,0.006470525629910133
640703.9235013794,3256187584.9659295
-0.0006246509509241,6.391349424407237e-08
-0.0006246509509241,6.391349424407237e-08
-0.0006246509509241,6.391349424407293e-08
-0.0006182136494129727,6.264685826830745e-08
-0.0006246509509241,6.391349424407237e-08
-0.0006226532401659861,6.352041458001969e-08
-0.0006246509509241,6.391349424407237e-08
-0.0006246509509241,6.391349424407237e-08
4.230569845580781e-05,3.3896093351496415
-0.0006246509509240889,6.391354731647567e-08
-0.0006246509509241,6.391349424407237e-08
-0.0006241963526161043,6.376067558666678e-07
-0.0006241777016179698,6.382037531906721e-08
-0.0006246509509241,6.391349424407237e-08
-0.0006246509509241,6.391349424407237e-08
-0.0006246509509241,6.391349424407297e-08
-0.0006107620648781477,6.118064683919418e-08
-0.0006246508765238966,4.420304522182767e-07
-0.0006243360433350846,6.385153143549508e-08
-0.0006246509509241,6.391349424407237e-08
-0.0006246509509241,6.391349424407237e-08
4.2812962680595e-05,3.392187355195561
-0.0006246509509240935,6.391352422385415e-08
-0.0006246509509241,6.391349424407237e-08
-0.0006246509509241,6.391349424407237e-08
-0.0006246509509241,6.391349424407237e-08
-0.0006246509509241,6.391349424407237e-08
-0.0006246509509241,6.391349424407237e-08
-0.0006246509509241,6.391349424407289e-08
-0.000610583248218799,6.114546196966373e-08
-0.0005877575041206641,0.18750006028382377
-0.0006244627633999599,6.387646551583057e-08
-0.0006246509509241,6.391349424407237e-08
-0.0006246509509241,6.391349424407237e-08
-2.3021535313908118e+20,4.5298336260207656e+16
-0.0006246509509240949,6.391351589530627e-08
-0.0006246509509241,6.391349424407237e-08
-0.0006084359412739229,6.072294700393027e-08
-0.0006246509509241,6.391349424407237e-08
-0.0006246509509241,6.391349424407237e-08
-0.0006246509509241,6.391349424407237e-08
-0.0006246509509241,6.391349424407309e-08
-0.0006015223373966974,5.9362591367652466e-08
-0.0006246506796822988,1.4424194666864292e-06
-0.0006245028470760061,6.388435258248938e-08
-0.0006246509509241,6.391349424407237e-08
-0.0006246509509241,6.391349424407237e-08
126443837040.26953,-24879724.953405086
-0.0006246509509240943,6.391351955715669e-08
-0.0006246509509241,6.391349424407237e-08
0.0003749603664630524,-1.3277508002819484e-07
-0.0006246509509241,6.391349424407237e-08
-0.0006246509509241,6.391349424407237e-08
-0.0006246509509241,6.391349424407237e-08
-0.0006246509509241,6.391349424407297e-08
-0.0006000918223118015,5.908111599054429e-08
-0.0006246509509241,6.391349424407237e-08
0.004777732804695886,-9.990868340655445e-07
-0.0006246509509241,6.391349424407237e-08
-0.0006246509509241,6.391349424407237e-08
4.435018963073816e-05,3.3999998550443244
-0.0006246509509240943,6.391351922730173e-08
-0.0006246509509241,6.391349424407237e-08
-0.0006246509509241,6.391349424407237e-08
-0.0006246509509241,6.391349424407237e-08
-0.0006246509509241,6.391349424407237e-08
-0.0006246509509241,6.391349424407237e-08
-0.0006246509509241,6.391349424407302e-08
-0.0005741021677006709,5.396726021242679e-08
-0.0006246428341522445,4.131499804505417e-05
-0.0006246509509241,6.391349424407237e-08
-0.0006246509509241,6.391349424407237e-08
-0.0006246509509241,6.391349424407237e-08
-2.3021535313908118e+20,4.5298336260207656e+16
-0.0006246509509240906,6.391353843485427e-08
-0.0006246194223804694,0.00016029838136052103
-0.0006246509509241,6.391349424407237e-08
-0.0006246509509241,6.391349424407237e-08
-0.0006246509509241,6.391349424407237e-08
-0.0006246509509241,6.391349424407237e-08
-0.0006246509509241,6.391349424407309e-08
-0.0005800625447513362,5.5140054121248095e-08
-0.0006208604757311925,2.7006788651726863e-05
-0.0006246509509241,6.391349424407237e-08
-0.0006246509509241,6.391349424407237e-08
-0.0006246509509241,6.391349424407237e-08
126443837040.26953,-24879724.945592586
-0.0006246509509240797,6.391359461604478e-08
-0.0006246509509241,6.391349424407237e-08
-0.0004700105573734644,0.0006371724588858571
-0.0006246509509241,6.391349424407237e-08
-0.0006246509509241,6.391349424407237e-08
-0.0006246509509241,6.391349424407237e-08
-0.0006246509509241,6.391349424407316e-08
-0.0005607413197164309,5.133831224497308e-08
-0.0006246509509241,6.391349424407237e-08
-0.00013823092940187554,-3.1796967278881074e-08
-0.0006246509509241,6.391349424407237e-08
-0.0006246509509241,6.391349424407237e-08
-71.67995303785402,3.421877373063562
-0.0006246509509240673,6.391365680581918e-08
-0.0006246509509241,6.391349424407237e-08
-0.0006246141674595119,0.00018700495788937164
-0.0006246509509241,6.391349424407237e-08
-0.0006246509509241,6.391349424407237e-08
-0.0006246509509241,6.391349424407237e-08
-0.0006246509509241,6.391349424407318e-08
-0.0005144933767833617,4.223833328284267e-08
-0.0006183919149185428,6.26819346900352e-08
-0.00022978427318500329,-1.3782468697941372e-08
-0.0006246509509241,6.391349424407237e-08
-0.0006246509509241,6.391349424407237e-08
4.639472774539699e-05,3.410390613357582
-0.0006246509509240692,6.3913646147082e-08
0.13318945386084471,680.0704825044127
-0.0006236660334260464,0.00500561485304286
0.023684279919173833,123.54292827536682
-0.0006246509509241,6.391349424407237e-08
-0.0006246509509241,6.391349424407237e-08
-0.0006246509509241,6.391349424407324e-08
-0.0006246509509241,6.391349424407237e-08
-0.0006103415031067633,1.651425936521453e-05
0.0009853293794456547,-2.5287437147811573e-07
-0.0006246509509241,6.391349424407237e-08
-0.0006246509509241,6.391349424407237e-08
126443837040.26953,-24879724.937780086
-0.0006246509509240653,6.391366657510396e-08
-0.0006246509509241,6.391349424407237e-08
-0.0006246509509241,6.391349424407237e-08
0.0033865378619210703,20.38567700692909
-0.0006246509509241,6.391349424407237e-08
-0.0006246509509241,6.391349424407237e-08
-0.0006246509509241,6.391349424407331e-08
-0.0005316677068744829,4.5617641260801094e-08
-0.000604475378903124,0.00013740723776207512
1.7964354462878225,-0.00035353471255109747
-0.0006246509509241,6.391349424407237e-08
-0.0006246509509241,6.391349424407237e-08
-71.67995150062707,3.4296898729123257
-0.0006246509509240635,6.391367099157414e-08
-0.0006246509509241,6.391349424407237e-08
-0.0006204230582088031,0.021487074140429642
0.002919233253962645,18.01073999540858
-0.0006246509509241,6.391349424407237e-08
-0.0006246509509241,6.391349424407237e-08
-0.0006246509509241,6.391349424407367e-08
-0.0005288066839806485,4.50546919382389e-08
-0.0006246464468842751,2.295435946769327e-05
-0.0006246509509241,6.391349424407237e-08
-0.0006246509509241,6.391349424407237e-08
-0.0006246509509241,6.391349424407237e-08
4.796598430462302e-05,3.4181640125519204
-0.0006246509509240623,6.391367454428764e-08
-0.0006246308707747661,0.0001021153143101115
-0.0006129765958336369,0.05933150965100433
-0.0006246509509241,6.391349424407237e-08
-0.0006246509509241,6.391349424407237e-08
-0.0006246509509241,6.391349424407237e-08
-0.0006246509509241,6.39134942440738e-08
-0.0005121173837666147,4.177082088995944e-08
-0.0005492592425740087,0.00021750487176579276
-0.0006246509509241,6.391349424407237e-08
-0.0006246509509241,6.391349424407237e-08
-0.0006246509509241,6.391349424407237e-08
5.848603036543687e+35,-1.1508006889608825e+32
-0.0006246509509240552,6.391370740688842e-08
-0.0006246509509241,6.391349424407237e-08
-0.0006157147908676695,0.04541544586662099
-0.0006246509509241,6.391349424407237e-08
-0.0006246509509241,6.391349424407237e-08
-0.0006246509509241,6.391349424407237e-08
-0.0006246509509241,6.391349424407402e-08
-0.0006246509509241,6.391349424407237e-08
-0.0006243822082266969,0.0013658689318248995
0.22889043519082206,-4.509663469281955e-05
-0.0006246509509241,6.391349424407237e-08
-0.0006246509509241,6.391349424407237e-08
-3.2186439217755354e+26,6.3331664323178e+22
-0.0006246509509240557,6.391370475811477e-08
-0.0006246509509241,6.391349424407237e-08
-0.0006223088239070535,0.011903229522682355
-0.0006246509509241,6.391349424407237e-08
-0.0006246509509241,6.391349424407237e-08
-0.0006246509509241,6.391349424407237e-08
-0.0006246509509241,6.391349424407398e-08
-0.0006246509509241,6.391349424407237e-08
-0.0005225991935863164,4.3833274759148376e-08
-0.0006246509509241,6.391349424407237e-08
-0.0006246509509241,6.391349424407237e-08
-0.0006246509509241,6.391349424407237e-08
4.950321125476618e-05,3.425976512400684
-0.0006246509509240472,6.391374648673808e-08
-0.0006246509509241,6.391349424407237e-08
-0.0006246509509241,6.391349424407237e-08
-0.0006246509509241,6.391349424407237e-08
-0.0006246509509241,6.391349424407237e-08
-0.0006246509509241,6.391349424407237e-08
-0.0006246509509241,6.391349424407404e-08
-0.00027369880928041683,-5.141622656890011e-09
-0.0006246509509241,6.391349424407237e-08
0.04381461183064411,-8.680180421243263e-06
-0.0006246509509241,6.391349424407237e-08
-0.0006246509509241,6.391349424407237e-08
5.848603036543687e+35,-1.1508006889608825e+32
-0.0006246509509240292,6.391383530457821e-08
-0.0005351007725988336,0.45511227396013304
-0.0006246509509241,6.391349424407237e-08
-0.0006246509509241,6.391349424407237e-08
-0.0006246509509241,6.391349424407237e-08
-0.0006246509509241,6.391349424407237e-08
-0.0006246509509241,6.391349424407436e-08
-6.761144659208544e-05,-4.569241358696129e-08
-0.0006166276498445506,0.04077611097975724
-0.0006246509509241,6.391349424407237e-08
-0.0006246509509241,6.391349424407237e-08
-0.0006246509509241,6.391349424407237e-08
5.047606342152935e-05,3.431132790919307
-0.0006246509509240273,6.391384244125745e-08
-0.0006246509509241,6.391349424407237e-08
-0.0006246509509241,6.391349424407237e-08
-0.0006246509509241,6.391349424407237e-08
-0.0006246509509241,6.391349424407237e-08
-0.0006246509509241,6.391349424407237e-08
-0.0006246509509241,6.391349424407489e-08
-6.577339261494889e-06,-5.7701792976755576e-08
-0.0006246509509241,6.391349424407237e-08
-0.0006246509509241,6.391349424407237e-08
-0.0006246509509241,6.391349424407237e-08
-0.0006246509509241,6.391349424407237e-08
1.9023205213671392e+17,-37431019902271.586
-0.0006246509509240263,6.391384063364826e-08
-0.0006246509509240755,6.391361860464768e-08
-0.0006246509509241,6.391349424407237e-08
-0.0006246509509241,6.391349424407237e-08
-0.0006246509509241,6.391349424407237e-08
-0.0006246509509241,6.391349424407237e-08
-0.0006246509509241,6.391349424407529e-08
-0.0006246509509241,6.391349424407237e-08
-0.0006246509509241,6.391349424407237e-08
-0.0006246509509241,6.391349424407237e-08
-0.0006246509509241,6.391349424407237e-08
-0.0006246509509241,6.391349424407237e-08
5.150597920713354e-05,3.436367032303577
-0.0006246509509240169,6.391388504256824e-08
-0.0006246509509241,6.391349424407237e-08
-0.0006246509509241,6.391349424407237e-08
0.04248397554853466,219.08680307375448
-0.0006246509509241,6.391349424407237e-08
-0.0006246509509241,6.391349424407237e-08
-0.0006246509509241,6.391349424407566e-08
0.0008251217598624546,-2.2135111065135868e-07
-0.0006246509509241,6.391349424407237e-08
-0.0006246509509241,6.391349424407237e-08
-0.0006246509509241,6.391349424407237e-08
-0.0006246509509241,6.391349424407237e-08
5.201329037167251e-05,3.4389452907680704
-0.0006246509509239206,6.391437531704647e-08
-0.0006246509509241,6.391349424407237e-08
-0.0006246509509241,6.391349424407237e-08
-0.0006246509509241,6.391349424407237e-08
-0.0006246509509241,6.391349424407237e-08
-0.0006246509509241,6.391349424407237e-08
-0.0006246509509241,6.3913494244076e-08
0.002503744171527557,-5.516453391669903e-07
-0.0006246509509241,6.391349424407237e-08
-0.0006246509509241,6.391349424407237e-08
-0.0006246509509241,6.391349424407237e-08
-0.0006246509509241,6.391349424407237e-08
1.9023205213671392e+17,-37431019902271.58
-0.0006246509509238353,6.391480179923819e-08
-0.0006246509509241,6.391349424407237e-08
-0.0006246509509241,6.391349424407237e-08
-0.0006246509509241,6.391349424407237e-08
-0.0006246509509241,6.391349424407237e-08
-0.0006246509509241,6.391349424407237e-08
-0.0006246509509241,6.391349424407754e-08
0.0030835711597588153,-6.657350274849336e-07
-0.0006246509509241,6.391349424407237e-08
-0.0006246509509241,6.391349424407237e-08
-0.0006246509509241,6.391349424407237e-08
-0.0006246509509241,6.391349424407237e-08
-107374181.92137147,21130.93078291864
-0.0006246509509237779,6.391508601372463e-08
-0.0006246509509241,6.391349424407237e-08
-0.0006246509509241,6.391349424407237e-08
16.00909298041325,-0.0031500890315979226
-0.0006246509509241,6.391349424407237e-08
-0.0006246509509241,6.391349424407237e-08
-0.0006246509509241,6.391349424407772e-08
-0.0006246509509241,6.391349429828723e-08
-0.0006246509509241,6.391349424407237e-08
-0.0006246509509241,6.391349424407237e-08
-0.0006246509509241,6.391349424407237e-08
-0.0006246509509241,6.391349424407237e-08
0.05880354153737271,3.4467071300239827
-0.0006246509509240908,6.391349432257602e-08
-0.0006246509509241,6.391349424407237e-08
-0.0006246509509241,6.391349424407237e-08
0.010792031116353178,58.02189911771343
-0.0006246509509241,6.391349424407237e-08
-0.0006246509509241,6.391349424407237e-08
-0.0006246509509241,6.391349424407883e-08
-0.0006246509509241,6.391349424407237e-08
-0.0006246509509241,6.391349424407237e-08
479279.1463473469,-94.30538689664661
-0.0006246509509241,6.391349424407237e-08
-0.0006246509509241,6.391349424407237e-08
5.405778157388779e-05,3.4493358106627534
-0.0006246509509234675,6.391666326461075e-08
-0.0006246509509241,6.391349424407237e-08
-0.0006246509509241,6.391349424407237e-08
0.010054149420099814,54.27183434045458
-0.0006246509509241,6.391349424407237e-08
-0.0006246509509241,6.391349424407237e-08
-0.0006246509509241,6.391349424407849e-08
-0.0006246509509241,6.391349424407237e-08
-0.0006246509509241,6.391349424407237e-08
129035.80937744249,-25.389737985189864
-0.0006246509509241,6.391349424407237e-08
-0.0006246509509241,6.391349424407237e-08
-107374181.92136994,21130.93859541849
-0.0006246509509236178,6.391588194777369e-08
-0.0006246509509241,6.391349424407237e-08
-0.0006246509509241,6.391349424407237e-08
0.2356314467673543,1200.7015149063795
-0.0006246509509241,6.391349424407237e-08
-0.0006246509509241,6.391349424407237e-08
-0.0006246509509241,6.391349424408042e-08
0.009691512150841004,-1.9659468896399993e-06
-0.0006246509509241,6.391349424407237e-08
-0.0006246509509241,6.391349424407237e-08
-0.0006246509509241,6.391349424407237e-08
-0.0006246509509241,6.391349424407237e-08
0.05880507876432285,3.4545196298727463
-0.0006246509509235495,6.391620878137884e-08
-0.0006246509509241,6.391349424407237e-08
-0.0006246509509241,6.391349424407237e-08
-0.0006246509509241,6.391349424407237e-08
-0.0006246509509241,6.391349424407237e-08
-0.0006246509509241,6.391349424407237e-08
-0.0006246509509241,6.391349424408196e-08
-0.0006246509509241,6.391349424407237e-08
-0.0006246509509241,6.391349424407237e-08
-0.0006246509509241,6.391349424407237e-08
-0.0006246509509241,6.391349424407237e-08
-0.0006246509509241,6.391349424407237e-08
5.55872811228475e-05,3.4571092098653082
-0.0006246509509233718,6.391708984936594e-08
-0.0006246509509241,6.391349424407237e-08
-0.0006246509509241,6.391349424407237e-08
0.328505150666481,1672.7045575270424
-0.0006246509509241,6.391349424407237e-08
-0.0006246509509241,6.391349424407237e-08
-0.0006246509509241,6.391349424408212e-08
-0.0006246509509241,6.391349424407237e-08
-0.0006246509509241,6.391349424407237e-08
-0.0006246509509241,6.391349424407237e-08
-0.0006246509509241,6.391349424407237e-08
-0.0006246509509241,6.391349424407237e-08
5.6094626047804874e-05,3.459687468329795
-0.0006246509509232966,6.391744538071762e-08
-0.0006246509509241,6.391349424407237e-08
-0.0006246509509241,6.391349424407237e-08
0.06867139625050936,352.1765984710027
-0.0006246509509241,6.391349424407237e-08
-0.0006246509509241,6.391349424407237e-08
-0.0006246509509241,6.391349424408243e-08
-0.0006246509509241,6.391349424407237e-08
-0.0006246509509241,6.391349424407237e-08
-0.0006246509509241,6.391349424407237e-08
-0.0006246509509241,6.391349424407237e-08
-0.0006246509509241,6.391349424407237e-08
2.7200829694192947e+23,-5.352172708046135e+19
-0.0006246509509228323,6.391980438819248e-08
-0.0006246509509241,6.391349424407237e-08
-0.0006246509509241,6.391349424407237e-08
0.07850964272663283,402.17656698551303
-0.0006246509509241,6.391349424407237e-08
-0.0006246509509241,6.391349424407237e-08
-0.0006246509509241,6.391349424408344e-08
-0.0006246509509241,6.391349424407237e-08
-0.0006246509509241,6.391349424407237e-08
-0.0006246509509241,6.391349424407237e-08
-0.0006246509509241,6.391349424407237e-08
-0.0006246509509241,6.391349424407237e-08
5.7124508072990666e-05,3.464921709714072
-0.0006246509509226965,6.392048651050636e-08
-0.0006246509509241,6.391349424407237e-08
-0.0006246509509241,6.391349424407237e-08
173384.73948153143,881176494.9419714
-0.0006246509509241,6.391349424407237e-08
-0.0006246509509241,6.391349424407237e-08
-0.0006246509509241,6.391349424408307e-08
-0.0006246509509241,6.391349424407237e-08
-0.0006246509509241,6.391349424407237e-08
-0.0006246509509241,6.391349424407237e-08
-0.0006246509509241,6.391349424407237e-08
-0.0006246509509241,6.391349424407237e-08
5.763185299794804e-05,3.467499968178559
-0.0006246509509225532,6.392116916537884e-08
-0.0006246509509241,6.391349424407237e-08
-0.0006246509509241,6.391349424407237e-08
53680.70982035624,272816282.7187562
-0.0006246509509241,6.391349424407237e-08
-0.0006246509509241,6.391349424407237e-08
-0.0006246509509241,6.391349424408339e-08
-0.0006246509509241,6.391349424407237e-08
-0.0006246509509241,6.391349424407237e-08
-0.0006246509509241,6.391349424407237e-08
-0.0006246509509241,6.391349424407237e-08
-0.0006246509509241,6.391349424407237e-08
5.813911725002015e-05,3.470077988224478
-0.000624650950922188,6.39229887410823e-08
-0.0006246509509241,6.391349424407237e-08
-0.0006246509509241,6.391349424407237e-08
-0.0006246509509241,6.391349424407237e-08
-0.0006246509509241,6.391349424407237e-08
-0.0006246509509241,6.391349424407237e-08
-0.0006246509509241,6.39134942440837e-08
-0.0006246509509241,6.391349424407237e-08
-0.0006246509509241,6.391349424407237e-08
-0.0006246509509241,6.391349424407237e-08
-0.0006246509509241,6.391349424407237e-08
-0.0006246509509241,6.391349424407237e-08
-151996490521167.0,29907597581.639885
-0.0006246509509217246,6.392526244569717e-08
-0.0006246509509241,6.391349424407237e-08
-0.0006246509509241,6.391349424407237e-08
-0.0006246509509241,6.391349424407237e-08
-0.0006246509509241,6.391349424407237e-08
-0.0006246509509241,6.391349424407237e-08
-0.0006246509509241,6.391349424408561e-08
-0.0006246509509241,6.391349424407237e-08
-0.0006246509509241,6.391349424407237e-08
6652674.870591252,-1309.0139264056754
-0.0006246509509241,6.391349424407237e-08
-0.0006246509509241,6.391349424407237e-08
5.91690799480912e-05,3.475312468027323
-0.0006246509509213288,6.39272519410318e-08
-0.0006246509509241,6.391349424407237e-08
-0.0006246509509241,6.391349424407237e-08
-0.0006246509509241,6.391349424407237e-08
-0.0006246509509241,6.391349424407237e-08
-0.0006246509509241,6.391349424407237e-08
-0.0006246509509241,6.391349424409037e-08
-0.0006246509509241,6.391349424407237e-08
-0.0006246509509241,6.391349424407237e-08
-0.0006246509509241,6.391349424407237e-08
-0.0006246509509241,6.391349424407237e-08
-0.0006246509509241,6.391349424407237e-08
5.9676344200163315e-05,3.477890488073242
-0.0006246509509185635,6.39413506568788e-08
-0.0006246509509241,6.391349424407237e-08
-0.0006246509509241,6.391349424407237e-08
-0.0006246509509241,6.391349424407237e-08
-0.0006246509509241,6.391349424407237e-08
-0.0006246509509241,6.391349424407237e-08
-0.0006246509509241,6.391349424409461e-08
-0.0006246509509241,6.391349424407237e-08
-0.0006246509509241,6.391349424407237e-08
-0.0006246509509241,6.391349424407237e-08
-0.0006246509509241,6.391349424407237e-08
-0.0006246509509241,6.391349424407237e-08
-151996490521167.0,29907597581.647697
-0.0006246509509156675,6.395601933779319e-08
-0.0006246509509241,6.391349424407237e-08
-0.0006246509509241,6.391349424407237e-08
-0.0006246509509241,6.391349424407237e-08
-0.0006246509509241,6.391349424407237e-08
-0.0006246509509241,6.391349424407237e-08
-0.0006246509509241,6.391349424409736e-08
-0.0006246509509241,6.391349424407237e-08
-0.0006246509509241,6.391349424407237e-08
-0.0006246509509241,6.391349424407237e-08
-0.0006246509509241,6.391349424407237e-08
-0.0006246509509241,6.391349424407237e-08
89128.95927281857,-14.05437855406705
-0.0006246509509129963,6.396943432539781e-08
-0.0006246509509241,6.391349424407237e-08
-0.0006246509509241,6.391349424407237e-08
-0.0006246509509241,6.391349424407237e-08
-0.0006246509509241,6.391349424407237e-08
-0.0006246509509241,6.391349424407237e-08
-0.0006246509509241,6.391349424410499e-08
-0.0006246509509241,6.391349424407237e-08
-0.0006246509509241,6.391349424407237e-08
-0.0006246509509241,6.391349424407237e-08
-0.0006246509509241,6.391349424407237e-08
-0.0006246509509241,6.391349424407237e-08
1.1157050789979564e-05,3.4856638971236498
-0.0006246509509069231,6.400036319190788e-08
-0.0006246509509241,6.391349424407237e-08
-0.0006246509509241,6.391349424407237e-08
-0.0006246509509241,6.391349424407237e-08
-0.0006246509509241,6.391349424407237e-08
-0.0006246509509241,6.391349424407237e-08
-0.0006246509509241,6.391349424410456e-08
-0.0006246509509241,6.391349424407237e-08
-0.0006246509509241,6.391349424407237e-08
-0.0006246509509241,6.391349424407237e-08
-0.0006246509509241,6.391349424407237e-08
-0.0006246509509241,6.391349424407237e-08
6.172088231482203e-05,3.4882812463864994
-0.0006246509509001939,6.403448087908582e-08
-0.0006246509509241,6.391349424407237e-08
-0.0006246509509241,6.391349424407237e-08
-0.0006246509509241,6.391349424407237e-08
-0.0006246509509241,6.391349424407237e-08
-0.0006246509509241,6.391349424407237e-08
-0.0006246509509241,6.391349424410774e-08
-0.0006246509509241,6.391349424407237e-08
-0.0006246509509241,6.391349424407237e-08
-0.0006246509509241,6.391349424407237e-08
-0.0006246509509241,6.391349424407237e-08
-0.0006246509509241,6.391349424407237e-08
89128.9592743558,-14.046566054218285
-0.0006246509508820789,6.412633985605651e-08
-0.0006246509509241,6.391349424407237e-08
-0.0006246509509241,6.391349424407237e-08
-0.0006246509509241,6.391349424407237e-08
-0.0006246509509241,6.391349424407237e-08
-0.0006246509509241,6.391349424407237e-08
-0.0006246509509241,6.391349424411176e-08
-0.0006246509509241,6.391349424407237e-08
-0.0006246509509241,6.391349424407237e-08
-0.0006246509509241,6.391349424407237e-08
-0.0006246509509241,6.391349424407237e-08
-0.0006246509509241,6.391349424407237e-08
1.2694277740122727e-05,3.4934763969724134
-0.000624650950851949,6.42791577641895e-08
-0.0006246509509241,6.391349424407237e-08
-0.0006246509509241,6.391349424407237e-08
-0.0006246509509241,6.391349424407237e-08
-0.0006246509509241,6.391349424407237e-08
-0.0006246509509241,6.391349424407237e-08
-0.0006246509509241,6.391349424411346e-08
-0.0006246509509241,6.391349424407237e-08
-0.0006246509509241,6.391349424407237e-08
-0.0006246509509241,6.391349424407237e-08
-0.0006246509509241,6.391349424407237e-08
-0.0006246509509241,6.391349424407237e-08
6.325041565150838e-05,3.4960546455890475
-0.0006246509508483664,6.429734710276065e-08
-0.0006246509509241,6.391349424407237e-08
-0.0006246509509241,6.391349424407237e-08
-0.0006246509509241,6.391349424407237e-08
-0.0006246509509241,6.391349424407237e-08
-0.0006246509509241,6.391349424407237e-08
-0.0006246509509241,6.391349424411515e-08
-0.0006246509509241,6.391349424407237e-08
-0.0006246509509241,6.391349424407237e-08
-0.0006246509509241,6.391349424407237e-08
-0.0006246509509241,6.391349424407237e-08
-0.0006246509509241,6.391349424407237e-08
4.0564817515345385e+29,-7.981738485677655e+25
-0.0006246509508028436,6.452840385533689e-08
-0.0006246509509241,6.391349424407237e-08
-0.0006246509509241,6.391349424407237e-08
-0.0006246509509241,6.391349424407237e-08
-0.0006246509509241,6.391349424407237e-08
-0.0006246509509241,6.391349424407237e-08
-0.0006246509509241,6.391349424411939e-08
-0.0006246509509241,6.391349424407237e-08
-0.0006246509509241,6.391349424407237e-08
-0.0006246509509241,6.391349424407237e-08
-0.0006246509509241,6.391349424407237e-08
-0.0006246509509241,6.391349424407237e-08
1.9023205213671392e+17,-37431019902271.52
-0.0006246509508078546,6.450293683844607e-08
-0.0006246509509241,6.391349424407237e-08
-0.0006246509509241,6.391349424407237e-08
-0.0006246509509241,6.391349424407237e-08
-0.0006246509509241,6.391349424407237e-08
-0.0006246509509241,6.391349424407237e-08
-0.0006246509509241,6.391349424412489e-08
-0.0006246509509241,6.391349424407237e-08
-0.0006246509509241,6.391349424407237e-08
-0.0006246509509241,6.391349424407237e-08
-0.0006246509509241,6.391349424407237e-08
-0.0006246509509241,6.391349424407237e-08
6.44071826572018e-05,3.501933570798728
-0.0006246509508006028,6.45393158486382e-08
-0.0006246509509241,6.391349424407237e-08
-0.0006246509509241,6.391349424407237e-08
-0.0006246509509241,6.391349424407237e-08
-0.0006246509509241,6.391349424407237e-08
-0.0006246509509241,6.391349424407237e-08
-0.0006246509509241,6.391349424412489e-08
-0.0006246509509241,6.391349424407237e-08
-0.0006246509509241,6.391349424407237e-08
-0.0006246509509241,6.391349424407237e-08
-0.0006246509509241,6.391349424407237e-08
-0.0006246509509241,6.391349424407237e-08
1.4615811427801735e-05,3.503242021783368
-0.0006246509507419381,6.483762916136182e-08
-0.0006246509509241,6.391349424407237e-08
-0.0006246509509241,6.391349424407237e-08
-0.0006246509509241,6.391349424407237e-08
-0.0006246509509241,6.391349424407237e-08
-0.0006246509509241,6.391349424407237e-08
-0.0006246509509241,6.391349424413802e-08
-0.0006246509509241,6.391349424407237e-08
-0.0006246509509241,6.391349424407237e-08
-0.0006246509509241,6.391349424407237e-08
-0.0006246509509241,6.391349424407237e-08
-0.0006246509509241,6.391349424407237e-08
4.0564817515345385e+29,-7.981738485677655e+25
-0.0006246509505772323,6.56744333821669e-08
-0.0006246509509241,6.391349424407237e-08
-0.0006246509509241,6.391349424407237e-08
-0.0006246509509241,6.391349424407237e-08
-0.0006246509509241,6.391349424407237e-08
-0.0006246509509241,6.391349424407237e-08
-0.0006246509509241,6.391349424415581e-08
-0.0006246509509241,6.391349424407237e-08
-0.0006246509509241,6.391349424407237e-08
-0.0006246509509241,6.391349424407237e-08
-0.0006246509509241,6.391349424407237e-08
-0.0006246509509241,6.391349424407237e-08
6.517194933918728e-05,3.5058202704000023
-0.000624650950479571,6.616934859244864e-08
-0.0006246509509241,6.391349424407237e-08
-0.0006246509509241,6.391349424407237e-08
-0.0006246509509241,6.391349424407237e-08
-0.0006246509509241,6.391349424407237e-08
-0.0006246509509241,6.391349424407237e-08
-0.0006246509509241,6.39134942441647e-08
-0.0006246509509241,6.391349424407237e-08
-0.0006246509509241,6.391349424407237e-08
-0.0006246509509241,6.391349424407237e-08
-0.0006246509509241,6.391349424407237e-08
-0.0006246509509241,6.391349424407237e-08
-107374181.92135908,21130.99377119867
-0.0006246509504393003,6.63730771780226e-08
-0.0006246509509241,6.391349424407237e-08
-0.0006246509509241,6.391349424407237e-08
-0.0006246509509241,6.391349424407237e-08
-0.0006246509509241,6.391349424407237e-08
-0.0006246509509241,6.391349424407237e-08
-0.0006246509509241,6.391349424418588e-08
-0.0006246509509241,6.391349424407237e-08
-0.0006246509509241,6.391349424407237e-08
-0.0006246509509241,6.391349424407237e-08
-0.0006246509509241,6.391349424407237e-08
-0.0006246509509241,6.391349424407237e-08
4.0564817515345385e+29,-7.981738485677655e+25
-0.0006246509502841263,6.715888169525641e-08
-0.0006246509509241,6.391349424407237e-08
-0.0006246509509241,6.391349424407237e-08
-0.0006246509509241,6.391349424407237e-08
-0.0006246509509241,6.391349424407237e-08
-0.0006246509509241,6.391349424407237e-08
-0.0006246509509241,6.391349424419943e-08
-0.0006246509509241,6.391349424407237e-08
-0.0006246509509241,6.391349424407237e-08
-0.0006246509509241,6.391349424407237e-08
-0.0006246509509241,6.391349424407237e-08
-0.0006246509509241,6.391349424407237e-08
6.594056281425886e-05,3.509726520324384
-0.0006246509502269433,6.744992088238454e-08
-0.0006246509509241,6.391349424407237e-08
-0.0006246509509241,6.391349424407237e-08
-0.0006246509509241,6.391349424407237e-08
-0.0006246509509241,6.391349424407237e-08
-0.0006246509509241,6.391349424407237e-08
-0.0006246509509241,6.391349424424348e-08
-0.0006246509509241,6.391349424407237e-08
-0.0006246509509241,6.391349424407237e-08
-0.0006246509509241,6.391349424407237e-08
-0.0006246509509241,6.391349424407237e-08
-0.0006246509509241,6.391349424407237e-08
-2.3021535313908118e+20,4.5298336260207656e+16
-0.0006246509501266442,6.79595554292927e-08
-0.0006246509509241,6.391349424407237e-08
-0.0006246509509241,6.391349424407237e-08
-0.0006246509509241,6.391349424407237e-08
-0.0006246509509241,6.391349424407237e-08
-0.0006246509509241,6.391349424407237e-08
-0.0006246509509241,6.391349424427397e-08
-0.0006246509509241,6.391349424407237e-08
-0.0006246509509241,6.391349424407237e-08
-0.0006246509509241,6.391349424407237e-08
-0.0006246509509241,6.391349424407237e-08
-0.0006246509509241,6.391349424407237e-08
6.645167385941697e-05,3.512324090693411
-0.0006246509499764602,6.871626077942504e-08
-0.0006246509509241,6.391349424407237e-08
-0.0006246509509241,6.391349424407237e-08
-0.0006246509509241,6.391349424407237e-08
-0.0006246509509241,6.391349424407237e-08
-0.0006246509509241,6.391349424407237e-08
-0.0006246509509241,6.391349424427568e-08
-0.0006246509509241,6.391349424407237e-08
-0.0006246509509241,6.391349424407237e-08
-0.0006246509509241,6.391349424407237e-08
-0.0006246509509241,6.391349424407237e-08
-0.0006246509509241,6.391349424407237e-08
6.670917628933044e-05,3.513632770248766
-0.0006246509496472802,7.037518352369367e-08
-0.0006246509509241,6.391349424407237e-08
-0.0006246509509241,6.391349424407237e-08
-0.0006246509509241,6.391349424407237e-08
-0.0006246509509241,6.391349424407237e-08
-0.0006246509509241,6.391349424407237e-08
-0.0006246509509241,6.391349424425196e-08
-0.0006246509509241,6.391349424407237e-08
-0.0006246509509241,6.391349424407237e-08
-0.0006246509509241,6.391349424407237e-08
-0.0006246509509241,6.391349424407237e-08
-0.0006246509509241,6.391349424407237e-08
-2.3021535313908118e+20,4.5298336260207656e+16
-0.0006246509487754571,7.479961803427142e-08
-0.0006246509509241,6.391349424407237e-08
-0.0006246509509241,6.391349424407237e-08
-0.0006246509509241,6.391349424407237e-08
-0.0006246509509241,6.391349424407237e-08
-0.0006246509509241,6.391349424407237e-08
-0.0006246509509241,6.39134942444197e-08
-0.0006246509509241,6.391349424407237e-08
-0.0006246509509241,6.391349424407237e-08
-0.0006246509509241,6.391349424407237e-08
-0.0006246509509241,6.391349424407237e-08
-0.0006246509509241,6.391349424407237e-08
6.722028733448856e-05,3.516230340617793
-0.0006246509484433933,7.648765704349086e-08
-0.0006246509509241,6.391349424407237e-08
-0.0006246509509241,6.391349424407237e-08
-0.0006246509509241,6.391349424407237e-08
-0.0006246509509241,6.391349424407237e-08
-0.0006246509509241,6.391349424407237e-08
-0.0006246509509241,6.391349424466877e-08
-0.0006246509509241,6.391349424407237e-08
-0.0006246509509241,6.391349424407237e-08
-0.0006246509509241,6.391349424407237e-08
-0.0006246509509241,6.391349424407237e-08
-0.0006246509509241,6.391349424407237e-08
126443837040.26955,-24879724.8332879
-0.0006246509470646904,8.347390759651907e-08
-0.0006246509509241,6.391349424407237e-08
-0.0006246509509241,6.391349424407237e-08
-0.0006246509509241,6.391349424407237e-08
-0.0006246509509241,6.391349424407237e-08
-0.0006246509509241,6.391349424407237e-08
-0.0006246509509241,6.391349424472975e-08
-0.0006246509509241,6.391349424407237e-08
-0.0006246509509241,6.391349424407237e-08
-0.0006246509509241,6.391349424407237e-08
-0.0006246509509241,6.391349424407237e-08
-0.0006246509509241,6.391349424407237e-08
-4.9326818582230304e+32,9.705794093733768e+28
-0.0006246509458463632,8.964396394198484e-08
-0.0006246509509241,6.391349424407237e-08
-0.0006246509509241,6.391349424407237e-08
-0.0006246509509241,6.391349424407237e-08
-0.0006246509509241,6.391349424407237e-08
-0.0006246509509241,6.391349424407237e-08
-0.0006246509509241,6.391349424484834e-08
-0.0006246509509241,6.391349424407237e-08
-0.0006246509509241,6.391349424407237e-08
-0.0006246509509241,6.391349424407237e-08
-0.0006246509509241,6.391349424407237e-08
-0.0006246509509241,6.391349424407237e-08
6.798505398918932e-05,3.520117040219067
-0.0006246509456184048,9.080814378328901e-08
-0.0006246509509241,6.391349424407237e-08
-0.0006246509509241,6.391349424407237e-08
-0.0006246509509241,6.391349424407237e-08
-0.0006246509509241,6.391349424407237e-08
-0.0006246509509241,6.391349424407237e-08
-0.0006246509509241,6.391349424498055e-08
-0.0006246509509241,6.391349424407237e-08
-0.0006246509509241,6.391349424407237e-08
-0.0006246509509241,6.391349424407237e-08
-0.0006246509509241,6.391349424407237e-08
-0.0006246509509241,6.391349424407237e-08
126443837040.26955,-24879724.82938165
-0.0006246509422933084,1.0769115400099506e-07
-0.0006246509509241,6.391349424407237e-08
-0.0006246509509241,6.391349424407237e-08
-0.0006246509509241,6.391349424407237e-08
-0.0006246509509241,6.391349424407237e-08
-0.0006246509509241,6.391349424407237e-08
-0.0006246509509241,6.39134942447433e-08
-0.0006246509509241,6.391349424407237e-08
-0.0006246509509241,6.391349424407237e-08
-0.0006246509509241,6.391349424407237e-08
-0.0006246509509241,6.391349424407237e-08
-0.0006246509509241,6.391349424407237e-08
-4.9326818582230304e+32,9.705794093733768e+28
-0.0006246509420654475,1.08855396014809e-07
-0.0006246509509241,6.391349424407237e-08
-0.0006246509509241,6.391349424407237e-08
-0.0006246509509241,6.391349424407237e-08
-0.0006246509509241,6.391349424407237e-08
-0.0006246509509241,6.391349424407237e-08
-0.0006246509509241,6.391349424482462e-08
-0.0006246509509241,6.391349424407237e-08
-0.0006246509509241,6.391349424407237e-08
-0.0006246509509241,6.391349424407237e-08
-0.0006246509509241,6.391349424407237e-08
-0.0006246509509241,6.391349424407237e-08
6.874978688344838e-05,3.5240037398203476
-0.0006246509424715354,1.0675997710468333e-07
-0.0006246509509241,6.391349424407237e-08
-0.0006246509509241,6.391349424407237e-08
-0.0006246509509241,6.391349424407237e-08
-0.0006246509509241,6.391349424407237e-08
-0.0006246509509241,6.391349424407237e-08
-0.0006246509509241,6.391349424485172e-08
-0.0006246509509241,6.391349424407237e-08
-0.0006246509509241,6.391349424407237e-08
-0.0006246509509241,6.391349424407237e-08
-0.0006246509509241,6.391349424407237e-08
-0.0006246509509241,6.391349424407237e-08
2.7200829694192947e+23,-5.352172708046135e+19
-0.0006246509388965368,1.2492658985564363e-07
-0.0006246509509241,6.391349424407237e-08
-0.0006246509509241,6.391349424407237e-08
-0.0006246509509241,6.391349424407237e-08
-0.0006246509509241,6.391349424407237e-08
-0.0006246509509241,6.391349424407237e-08
-0.0006246509509241,6.391349424496701e-08
-0.0006246509509241,6.391349424407237e-08
-0.0006246509509241,6.391349424407237e-08
-0.0006246509509241,6.391349424407237e-08
-0.0006246509509241,6.391349424407237e-08
-0.0006246509509241,6.391349424407237e-08
6.926097862877656e-05,3.5266015486079425
-0.0006246509390816311,1.239954946730993e-07
-0.0006246509509241,6.391349424407237e-08
-0.0006246509509241,6.391349424407237e-08
-0.0006246509509241,6.391349424407237e-08
-0.0006246509509241,6.391349424407237e-08
-0.0006246509509241,6.391349424407237e-08
-0.0006246509509241,6.391349424489238e-08
-0.0006246509509241,6.391349424407237e-08
-0.0006246509509241,6.391349424407237e-08
-0.0006246509509241,6.391349424407237e-08
-0.0006246509509241,6.391349424407237e-08
-0.0006246509509241,6.391349424407237e-08
6.951840035851996e-05,3.5279099897447295
-0.0006246509408105361,1.151422531465984e-07
-0.0006246509509241,6.391349424407237e-08
-0.0006246509509241,6.391349424407237e-08
-0.0006246509509241,6.391349424407237e-08
-0.0006246509509241,6.391349424407237e-08
-0.0006246509509241,6.391349424407237e-08
-0.0006246509509241,6.391349424486868e-08
-0.0006246509509241,6.391349424407237e-08
-0.0006246509509241,6.391349424407237e-08
-0.0006246509509241,6.391349424407237e-08
-0.0006246509509241,6.391349424407237e-08
-0.0006246509509241,6.391349424407237e-08
2.7200829694192947e+23,-5.352172708046135e+19
-0.0006246509405893197,1.1630038804678769e-07
-0.0006246509509241,6.391349424407237e-08
-0.0006246509509241,6.391349424407237e-08
-0.0006246509509241,6.391349424407237e-08
-0.0006246509509241,6.391349424407237e-08
-0.0006246509509241,6.391349424407237e-08
-0.0006246509509241,6.391349424517018e-08
-0.0006246509509241,6.391349424407237e-08
-0.0006246509509241,6.391349424407237e-08
-0.0006246509509241,6.391349424407237e-08
-0.0006246509509241,6.391349424407237e-08
-0.0006246509509241,6.391349424407237e-08
7.002574528347722e-05,3.530488248209217
-0.0006246509407191827,1.1561107278746697e-07
-0.0006246509509241,6.391349424407237e-08
-0.0006246509509241,6.391349424407237e-08
-0.0006246509509241,6.391349424407237e-08
-0.0006246509509241,6.391349424407237e-08
-0.0006246509509241,6.391349424407237e-08
-0.0006246509509241,6.391349424479417e-08
-0.0006246509509241,6.391349424407237e-08
-0.0006246509509241,6.391349424407237e-08
-0.0006246509509241,6.391349424407237e-08
-0.0006246509509241,6.391349424407237e-08
-0.0006246509509241,6.391349424407237e-08
-71.67992863437618,3.545900808162686
-0.0006246509299920409,1.7010259058432882e-07
-0.0006246509509241,6.391349424407237e-08
-0.0006246509509241,6.391349424407237e-08
-0.0006246509509241,6.391349424407237e-08
-0.0006246509509241,6.391349424407237e-08
-0.0006246509509241,6.391349424407237e-08
-0.0006246509509241,6.391349424488553e-08
-0.0006246509509241,6.391349424407237e-08
-0.0006246509509241,6.391349424407237e-08
-0.0006246509509241,6.391349424407237e-08
-0.0006246509509241,6.391349424407237e-08
-0.0006246509509241,6.391349424407237e-08
5.848603036543687e+35,-1.1508006889608825e+32
-0.000624650920272996,2.1948095413619556e-07
-0.0006246509509241,6.391349424407237e-08
-0.0006246509509241,6.391349424407237e-08
-0.0006246509509241,6.391349424407237e-08
-0.0006246509509241,6.391349424407237e-08
-0.0006246509509241,6.391349424407237e-08
-0.0006246509509241,6.391349424525846e-08
-0.0006246509509241,6.391349424407237e-08
-0.0006246509509241,6.391349424407237e-08
-0.0006246509509241,6.391349424407237e-08
-0.0006246509509241,6.391349424407237e-08
-0.0006246509509241,6.391349424407237e-08
7.07943587585488e-05,3.5343944981335986
-0.0006246508958800038,3.433833902663721e-07
-0.0006246509509241,6.391349424407237e-08
-0.0006246509509241,6.391349424407237e-08
-0.0006246509509241,6.391349424407237e-08
-0.0006246509509241,6.391349424407237e-08
-0.0006246509509241,6.391349424407237e-08
-0.0006246509509241,6.391349424517714e-08
-0.0006246509509241,6.391349424407237e-08
-0.0006246509509241,6.391349424407237e-08
-0.0006246509509241,6.391349424407237e-08
-0.0006246509509241,6.391349424407237e-08
-0.0006246509509241,6.391349424407237e-08
-71.6799278657627,3.5498070580870684
-0.0006246508526168957,5.632485289906868e-07
-0.0006246509509241,6.391349424407237e-08
-0.0006246509509241,6.391349424407237e-08
-0.0006246509509241,6.391349424407237e-08
-0.0006246509509241,6.391349424407237e-08
-0.0006246509509241,6.391349424407237e-08
-0.0006246509509241,6.391349424526524e-08
-0.0006246509509241,6.391349424407237e-08
-0.0006246509509241,6.391349424407237e-08
-0.0006246509509241,6.391349424407237e-08
-0.0006246509509241,6.391349424407237e-08
-0.0006246509509241,6.391349424407237e-08
7.130162301062092e-05,3.5369725181795175
-0.0006246507969107891,8.463706998803628e-07
-0.0006246509509241,6.391349424407237e-08
-0.0006246509509241,6.391349424407237e-08
-0.0006246509509241,6.391349424407237e-08
-0.0006246509509241,6.391349424407237e-08
-0.0006246509509241,6.391349424407237e-08
-0.0006246509509241,6.39134942458618e-08
-0.0006246509509241,6.391349424407237e-08
-0.0006246509509241,6.391349424407237e-08
-0.0006246509509241,6.391349424407237e-08
-0.0006246509509241,6.391349424407237e-08
-0.0006246509509241,6.391349424407237e-08
7.160084866307407e-05,3.5382811977266626
-0.0006246507353084062,1.1594420191282333e-06
-0.0006246509509241,6.391349424407237e-08
-0.0006246509509241,6.391349424407237e-08
-0.0006246509509241,6.391349424407237e-08
-0.0006246509509241,6.391349424407237e-08
-0.0006246509509241,6.391349424407237e-08
-0.0006246509509241,6.391349424647166e-08
-0.0006246509509241,6.391349424407237e-08
-0.0006246509509241,6.391349424407237e-08
-0.0006246509509241,6.391349424407237e-08
-0.0006246509509241,6.391349424407237e-08
-0.0006246509509241,6.391349424407237e-08
-151996490521167.0,29907597581.70678
-0.0006246506839897642,1.4202119939103874e-06
-0.0006246509509241,6.391349424407237e-08
-0.0006246509509241,6.391349424407237e-08
-0.0006246509509241,6.391349424407237e-08
-0.0006246509509241,6.391349424407237e-08
-0.0006246509509241,6.391349424407237e-08
-0.0006246509509241,6.391349424660682e-08
-0.0006246509509241,6.391349424407237e-08
-0.0006246509509241,6.391349424407237e-08
-0.0006246509509241,6.391349424407237e-08
-0.0006246509509241,6.391349424407237e-08
-0.0006246509509241,6.391349424407237e-08
7.20702364856925e-05,3.5408787681039
-0.0006246504493603314,2.6125968141330717e-06
-0.0006246509509241,6.391349424407237e-08
-0.0006246509509241,6.391349424407237e-08
-0.0006246509509241,6.391349424407237e-08
-0.0006246509509241,6.391349424407237e-08
-0.0006246509509241,6.391349424407237e-08
-0.0006246509509241,6.391349424752839e-08
-0.0006246509509241,6.391349424407237e-08
-0.0006246509509241,6.391349424407237e-08
-0.0006246509509241,6.391349424407237e-08
-0.0006246509509241,6.391349424407237e-08
-0.0006246509509241,6.391349424407237e-08
7.236946213814565e-05,3.5421874476510444
-0.0006246502763444051,3.491765762293113e-06
-0.0006246509509241,6.391349424407237e-08
-0.0006246509509241,6.391349424407237e-08
-0.0006246509509241,6.391349424407237e-08
-0.0006246509509241,6.391349424407237e-08
-0.0006246509509241,6.391349424407237e-08
-0.0006246509509241,6.391349424697273e-08
-0.0006246509509241,6.391349424407237e-08
-0.0006246509509241,6.391349424407237e-08
-0.0006246509509241,6.391349424407237e-08
-0.0006246509509241,6.391349424407237e-08
-0.0006246509509241,6.391349424407237e-08
-3.2186439217755354e+26,6.3331664323178e+22
-0.00062465025874713,3.581173864592831e-06
-0.0006246509509241,6.391349424407237e-08
-0.0006246509509241,6.391349424407237e-08
-0.0006246509509241,6.391349424407237e-08
-0.0006246509509241,6.391349424407237e-08
-0.0006246509509241,6.391349424407237e-08
-0.0006246509509241,6.391349424792152e-08
-0.0006246509509241,6.391349424407237e-08
-0.0006246509509241,6.391349424407237e-08
-0.0006246509509241,6.391349424407237e-08
-0.0006246509509241,6.391349424407237e-08
-0.0006246509509241,6.391349424407237e-08
7.283884996076408e-05,3.5447850180282816
-0.0006246501005343602,4.385250156786397e-06
-0.0006246509509241,6.391349424407237e-08
-0.0006246509509241,6.391349424407237e-08
-0.0006246509509241,6.391349424407237e-08
-0.0006246509509241,6.391349424407237e-08
-0.0006246509509241,6.391349424407237e-08
-0.0006246509509241,6.39134942505778e-08
-0.0006246509509241,6.391349424407237e-08
-0.0006246509509241,6.391349424407237e-08
-0.0006246509509241,6.391349424407237e-08
-0.0006246509509241,6.391349424407237e-08
-0.0006246509509241,6.391349424407237e-08
89128.95928521246,-13.991390274036393
-0.0006246496721966398,6.5619892591305855e-06
-0.0006246509509241,6.391349424407237e-08
-0.0006246509509241,6.391349424407237e-08
-0.0006246509509241,6.391349424407237e-08
-0.0006246509509241,6.391349424407237e-08
-0.0006246509509241,6.391349424407237e-08
-0.0006246509509241,6.391349425198747e-08
-0.0006246509509241,6.391349424407237e-08
-0.0006246509509241,6.391349424407237e-08
-0.0006246509509241,6.391349424407237e-08
-0.0006246509509241,6.391349424407237e-08
-0.0006246509509241,6.391349424407237e-08
-3.2186439217755354e+26,6.3331664323178e+22
-0.0006246485577762484,1.222560092283246e-05
-0.0006246509509241,6.391349424407237e-08
-0.0006246509509241,6.391349424407237e-08
-0.0006246509509241,6.391349424407237e-08
-0.0006246509509241,6.391349424407237e-08
-0.0006246509509241,6.391349424407237e-08
-0.0006246509509241,6.391349425280064e-08
-0.0006246509509241,6.391349424407237e-08
-0.0006246509509241,6.391349424407237e-08
-0.0006246509509241,6.391349424407237e-08
-0.0006246509509241,6.391349424407237e-08
-0.0006246509509241,6.391349424407237e-08
7.360746343583566e-05,3.5486912679526634
-0.0006246491913864989,9.00520302797037e-06
-0.0006246509509241,6.391349424407237e-08
-0.0006246509509241,6.391349424407237e-08
-0.0006246509509241,6.391349424407237e-08
-0.0006246509509241,6.391349424407237e-08
-0.0006246509509241,6.391349424407237e-08
-0.0006246509509241,6.391349424748772e-08
-0.0006246509509241,6.391349424407237e-08
-0.0006246509509241,6.391349424407237e-08
-0.0006246509509241,6.391349424407237e-08
-0.0006246509509241,6.391349424407237e-08
-0.0006246509509241,6.391349424407237e-08
1.9023205213671392e+17,-37431019902271.48
-0.000624649525548554,7.306174189460161e-06
-0.0006246509509241,6.391349424407237e-08
-0.0006246509509241,6.391349424407237e-08
-0.0006246509509241,6.391349424407237e-08
-0.0006246509509241,6.391349424407237e-08
-0.0006246509509241,6.391349424407237e-08
-0.0006246509509241,6.391349424731155e-08
-0.0006246509509241,6.391349424407237e-08
-0.0006246509509241,6.391349424407237e-08
-0.0006246509509241,6.391349424407237e-08
-0.0006246509509241,6.391349424407237e-08
-0.0006246509509241,6.391349424407237e-08
7.411477460035132e-05,3.551269526417157
-0.0006246492497779962,8.707172533855863e-06
-0.0006246509509241,6.391349424407237e-08
-0.0006246509509241,6.391349424407237e-08
-0.0006246509509241,6.391349424407237e-08
-0.0006246509509241,6.391349424407237e-08
-0.0006246509509241,6.391349424407237e-08
-0.0006246509509241,6.391349424759627e-08
-0.0006246509509241,6.391349424407237e-08
-0.0006246509509241,6.391349424407237e-08
-0.0006246509509241,6.391349424407237e-08
-0.0006246509509241,6.391349424407237e-08
-0.0006246509509241,6.391349424407237e-08
7.437223009051312e-05,3.5525779675539373
-0.0006246482645263587,1.3713898023923167e-05
-0.0006246509509241,6.391349424407237e-08
-0.0006246509509241,6.391349424407237e-08
-0.0006246509509241,6.391349424407237e-08
-0.0006246509509241,6.391349424407237e-08
-0.0006246509509241,6.391349424407237e-08
-0.0006246509509241,6.391349424889731e-08
-0.0006246509509241,6.391349424407237e-08
-0.0006246509509241,6.391349424407237e-08
-0.0006246509509241,6.391349424407237e-08
-0.0006246509509241,6.391349424407237e-08
-0.0006246509509241,6.391349424407237e-08
1.9023205213671392e+17,-37431019902271.47
-0.00062464824097636,1.3833096397211182e-05
-0.0006246509509241,6.391349424407237e-08
-0.0006246509509241,6.391349424407237e-08
-0.0006246509509241,6.391349424407237e-08
-0.0006246509509241,6.391349424407237e-08
-0.0006246509509241,6.391349424407237e-08
-0.0006246509509241,6.391349424979154e-08
-0.0006246509509241,6.391349424407237e-08
-0.0006246509509241,6.391349424407237e-08
-0.0006246509509241,6.391349424407237e-08
-0.0006246509509241,6.391349424407237e-08
-0.0006246509509241,6.391349424407237e-08
7.48833880754229e-05,3.555175776341539
-0.000624647314100761,1.854242076350675e-05
-0.0006246509509241,6.391349424407237e-08
-0.0006246509509241,6.391349424407237e-08
-0.0006246509509241,6.391349424407237e-08
-0.0006246509509241,6.391349424407237e-08
-0.0006246509509241,6.391349424407237e-08
-0.0006246509509241,6.391349426705841e-08
-0.0006246509509241,6.391349424407237e-08
-0.0006246509509241,6.391349424407237e-08
-0.0006246509509241,6.391349424407237e-08
-0.0006246509509241,6.391349424407237e-08
-0.0006246509509241,6.391349424407237e-08
2.508817002565202e-05,3.556464677003071
-0.0006246509497587441,6.391349401477107e-08
-0.0006246509509241,6.391349424407237e-08
-0.0006246509509241,6.391349424407237e-08
-0.0006246509509241,6.391349424407237e-08
-0.0006246509509241,6.391349424407237e-08
-0.0006246509509241,6.391349424407237e-08
-0.0006246509509241,6.391349428440661e-08
-0.0006246509509241,6.391349424407237e-08
-0.0006246509509241,6.391349424407237e-08
-0.0006246509509241,6.391349424407237e-08
-0.0006246509509241,6.391349424407237e-08
-0.0006246509509241,6.391349424407237e-08
1.9023205213671392e+17,-37431019902271.47
-0.0006246509509241,6.391349424889733e-08
-0.0006246509509241,6.391349424407237e-08
-0.0006246509509241,6.391349424407237e-08
-0.0006246509509241,6.391349424407237e-08
-0.0006246509509241,6.391349424407237e-08
-0.0006246509509241,6.391349424407237e-08
-0.0006246509509240999,6.391349429958734e-08
-0.0006246509509241,6.391349424438071e-08
-0.0006246509509241,6.391349424407237e-08
-0.0006246509509241,6.391349424407237e-08
-0.0006246509509241,6.391349424407237e-08
-0.0006246509509241,6.391349424407237e-08
7.564815473012367e-05,3.559062475942813
-0.0006246437235777518,3.678269499508554e-05
-0.0006246509509241,6.391349424407237e-08
-0.0006246509509241,6.391349424407237e-08
-0.0006246509509241,6.391349424407237e-08
-0.0006246509509241,6.391349424407237e-08
-0.0006246509509241,6.391349424407237e-08
-0.0006246509509240999,6.391349433037868e-08
-0.0006246509509241,6.391349424444339e-08
-0.0006246509509241,6.391349424407237e-08
-0.0006246509509241,6.391349424407237e-08
-0.0006246509509241,6.391349424407237e-08
-0.0006246509509241,6.391349424407237e-08
2.58567835007236e-05,3.560370926927453
-0.0006246509488776055,6.391349384141803e-08
-0.0006246509509241,6.391349424407237e-08
-0.0006246509509241,6.391349424407237e-08
-0.0006246509509241,6.391349424407237e-08
-0.0006246509509241,6.391349424407237e-08
-0.0006246509509241,6.391349424407237e-08
-0.0006246509509240999,6.391349438112318e-08
-0.0006246509509241,6.391349424436546e-08
-0.0006246509509241,6.391349424416727e-08
-0.0006246509509241,6.391349424407237e-08
-0.0006246509509241,6.391349424407237e-08
-0.0006246509509241,6.391349424407237e-08
1.9023205213671392e+17,-37431019902271.46
-0.0006246509478828458,6.391349364571996e-08
-0.0006246509509241,6.391349424421218e-08
-0.0006246509509241,6.391349424407237e-08
-0.0006246509509241,6.391349424407237e-08
-0.0006246509509241,6.391349424407237e-08
-0.0006246509509241,6.391349424407237e-08
-0.0006246509509240999,6.391349424407236e-08
-0.0006246509509241,6.391349424442306e-08
-0.0006246509509241,6.391349424415709e-08
-0.0006246509509241,6.391349424407237e-08
-0.0006246509509241,6.391349424407237e-08
-0.0006246509509241,6.391349424407237e-08
7.641292141210914e-05,3.562949175544087
-0.0006246509457795083,6.391349323345677e-08
-0.0006246509509241,6.391349424422149e-08
-0.0006246509509241,6.391349424407237e-08
-0.0006246509509241,6.391349424407237e-08
-0.0006246509509241,6.391349424407237e-08
-0.0006246509509241,6.391349424407237e-08
-0.0006246509509240999,6.391349448347946e-08
-0.0006246509509241,6.391349424407567e-08
-0.0006246509509241,6.391349424407237e-08
-0.0006246509509241,6.391349424407237e-08
-0.0006246509509241,6.391349424407237e-08
-0.0006246509509241,6.391349424407237e-08
-107374181.92134784,21131.050900103815
-0.0006246509509241,6.391349424411684e-08
-0.0006246509509241,6.391349424409366e-08
-0.0006246509509241,6.391349424407237e-08
-0.0006246509509241,6.391349424407237e-08
-0.0006246509509241,6.391349424407237e-08
-0.0006246509509241,6.391349424407237e-08
-0.0006246509509240999,6.391349424440609e-08
-0.0006246509509241,6.391349424407693e-08
-0.0006246509509240999,6.391349424407236e-08
-0.0006246509509241,6.391349424407237e-08
-0.0006246509509241,6.391349424407237e-08
-0.0006246509509241,6.391349424407237e-08
7.692403245726726e-05,3.565546745913114
-0.0006246509509241,6.391349424410499e-08
-0.0006246509509241,6.391349424407378e-08
-0.0006246509509241,6.391349424407237e-08
-0.0006246509509241,6.391349424407237e-08
-0.0006246509509241,6.391349424407237e-08
-0.0006246509509241,6.391349424407237e-08
-0.0006246509509240999,6.391349424415622e-08
-0.0006246509509241,6.391349424408381e-08
-0.0006246509509241,6.39134942440827e-08
-0.0006246509509241,6.391349424407237e-08
-0.0006246509509241,6.391349424407237e-08
-0.0006246509509241,6.391349424407237e-08
7.718153488718072e-05,3.566855425468469
-0.0006246509509241,6.391349424408942e-08
-0.0006246509509241,6.391349424407444e-08
-0.0006246509509241,6.391349424407237e-08
-0.0006246509509241,6.391349424407237e-08
-0.0006246509509241,6.391349424407237e-08
-0.0006246509509241,6.391349424407237e-08
-0.0006246509509241,6.391349424410329e-08
-0.0006246509509241,6.391349424407552e-08
-0.0006246509509241,6.391349424407237e-08
-0.0006246509509241,6.391349424407237e-08
-0.0006246509509241,6.391349424407237e-08
-0.0006246509509241,6.391349424407237e-08
-107374181.92134708,21131.05480635374
-0.0006246509509240999,6.391349424412954e-08
-0.0006246509509241,6.391349424407237e-08
-0.0006246509509241,6.391349424407237e-08
-0.0006246509509241,6.391349424407237e-08
-0.0006246509509241,6.391349424407284e-08
-0.0006246509509241,6.391349424407237e-08
-0.0006246509509241,6.391349424408898e-08
-0.0006246509509241,6.391349424408471e-08
-0.0006246509509241,6.391349424407237e-08
-0.0006246509509241,6.391349424407237e-08
-0.0006246509509241,6.391349424407237e-08
-0.0006246509509241,6.391349424407237e-08
7.768879911196802e-05,3.569433445514388
-0.0006246509509241,6.39134942440774e-08
-0.0006246509509241,6.391349424407693e-08
-0.0006246509509241,6.391349424407237e-08
-0.0006246509509241,6.391349424407237e-08
-0.0006246509509241,6.391349424407237e-08
-0.0006246509509241,6.391349424407237e-08
-0.0006246509509241,6.391349424410266e-08
-0.0006246509509241,6.391349424408503e-08
-0.0006246509509241,6.391349424567873e-08
-0.0006246509509241,6.391349424407237e-08
-0.0006246509509241,6.391349424407237e-08
-0.0006246509509241,6.391349424407237e-08
0.05882794501520623,3.5707305651231067
-0.0006246509509240999,6.39134942440784e-08
-0.0006246509509241,6.391349424411643e-08
-0.0006246509509241,6.391349424407237e-08
-0.0006246509509241,6.391349424407237e-08
-0.0006246509509241,6.391349424407237e-08
-0.0006246509509241,6.391349424407237e-08
-0.0006246509509241,6.391349424407237e-08
-0.0006246509509241,6.391349424407353e-08
-0.000624650950924094,6.391349424407326e-08
-0.0006246509509241,6.391349424407237e-08
-0.0006246509509241,6.391349424407237e-08
-0.0006246509509241,6.391349424407237e-08
-2.3021535313908118e+20,4.5298336260207656e+16
-0.0006246509509241,6.3913494244116e-08
-0.0006246509509241,6.391349424410352e-08
-0.0006246509509241,6.391349424407237e-08
-0.0006246509509241,6.391349424407237e-08
-0.0006246509509241,6.391349424407237e-08
-0.0006246509509241,6.391349424407237e-08
-0.0006246509509241,6.391349424500755e-08
-0.0006246509509241,6.391349424407321e-08
-0.0006246509509240878,6.391349424407267e-08
-0.0006246509509241,6.391349424407237e-08
-0.0006246509509241,6.391349424407237e-08
-0.0006246509509241,6.391349424407237e-08
7.84574125870396e-05,3.57333969543877
-0.0006246509509240996,6.391349424412268e-08
-0.0006246509509241,6.391349424436553e-08
-0.0006246509509241,6.391349424407237e-08
-0.0006246509509241,6.391349424407237e-08
-0.0006246509509241,6.391349424407237e-08
-0.0006246509509241,6.391349424407237e-08
-0.0006246509509241,6.391349424443661e-08
-0.0006246509509241,6.391349424407656e-08
-0.0006246509509241,6.391349424407529e-08
-0.0006246509509241,6.391349424407237e-08
-0.0006246509509241,6.391349424407237e-08
-0.0006246509509241,6.391349424407237e-08
0.058828713628681306,3.5746368150474885
-0.0006246509509241,6.391349424412489e-08
-0.0006246509509241,6.391349424410415e-08
-0.0006246509509191299,6.391349519418698e-08
-0.0006246509509241,6.391349424407237e-08
-0.0006246509509241,6.391349424407237e-08
-0.0006246509509241,6.391349424407237e-08
-0.0006246509509241,6.39134942444688e-08
-0.0006246509509241,6.391349424407619e-08
-0.0006246509509241,6.391349424407237e-08
-0.0006246509509241,6.391349424407237e-08
-0.0006246509509241,6.391349424407237e-08
-0.0006246509509241,6.391349424407237e-08
-4.9326818582230304e+32,9.705794093733768e+28
-0.0006246509509241,6.391349424409313e-08
-0.0006246509509240998,6.391349424407232e-08
-0.0006246509509240999,6.391349503186944e-08
-0.0006246509509241,6.391349424407237e-08
-0.0006246509509241,6.391349424407237e-08
-0.0006246509509241,6.391349424407237e-08
-0.0006246509509241,6.391349424407237e-08
-0.0006246509509241,6.39134942440769e-08
-0.0006246509509240989,6.391349865720878e-08
-0.0006246509509241,6.391349424407237e-08
-0.0006246509509241,6.391349424407237e-08
-0.0006246509509241,6.391349424407237e-08
7.922214548129866e-05,3.5772263950400505
-0.0006246509509241,6.391349424408085e-08
-0.0006246509509241,6.391349424448742e-08
-0.0006246509509241,6.391349424407237e-08
-0.0006246509509241,6.391349424407237e-08
-0.0006246509509241,6.391349424407237e-08
-0.0006246509509241,6.391349424407237e-08
-0.0006246509509241,6.391349424412553e-08
-0.0006246509509241,6.39134942440765e-08
-0.0006246509509237834,6.391349829789587e-08
-0.0006246509509241,6.391349424407237e-08
-0.0006246509509241,6.391349424407237e-08
-0.0006246509509241,6.391349424407237e-08
126443837040.26956,-24879724.772252746
-0.0006246509509241,6.391349424409048e-08
-0.0006246509509240996,6.391349424409507e-08
-0.0006246509508663683,6.391349461620332e-08
-0.0006246509509241,6.391349424407237e-08
-0.0006246509509241,6.391349424407237e-08
-0.0006246509509241,6.391349424407237e-08
-0.0006246509509241,6.391349424415623e-08
-0.0006246509509241,6.391349424407849e-08
-0.0006246509509241,6.391349424407237e-08
-0.0006246509509241,6.391349424407237e-08
-0.0006246509509241,6.391349424407237e-08
-0.0006246509509241,6.391349424407237e-08
-4.9326818582230304e+32,9.705794093733768e+28
-0.0006246509509241,6.391349424409821e-08
-0.0006246509509240999,6.391349424409851e-08
-0.0006246509509241,6.391349424407237e-08
-0.0006246509509241,6.391349424407237e-08
-0.0006246509509241,6.391349424407237e-08
-0.0006246509509241,6.391349424407237e-08
-0.0006246509509241,6.391349424412447e-08
-0.0006246509509241,6.391349424407676e-08
-0.0006246509509241,6.391349424407237e-08
-0.0006246509509241,6.391349424407237e-08
-0.0006246509509241,6.391349424407237e-08
-0.0006246509509241,6.391349424407237e-08
7.999075895637024e-05,3.5811326449644323
-0.0006246509509240989,6.391349424409757e-08
-0.0006246509509240999,6.391349424410223e-08
-0.0006246509509233886,6.391349424393239e-08
-0.0006246509509241,6.391349424407237e-08
-0.0006246509509241,6.391349424407237e-08
-0.0006246509509241,6.391349424407237e-08
-0.0006246509509240999,6.391349424413758e-08
-0.0006246509509241,6.391349424407797e-08
-0.0006246509509241,6.391349424407237e-08
-0.0006246509509241,6.391349424407237e-08
-0.0006246509509241,6.391349424407237e-08
-0.0006246509509241,6.391349424407237e-08
2.7200829694192947e+23,-5.352172708046135e+19
-0.0006246509509241,6.391349424413336e-08
-0.0006246509509240996,6.391349527102862e-08
-0.0006246509509241,6.391349424407237e-08
-0.0006246509509241,6.391349424407237e-08
-0.0006246509509241,6.391349424407237e-08
-0.0006246509509241,6.391349424407237e-08
-0.0006246509509240998,6.391349433514908e-08
-0.0006246509509240999,6.391349424407824e-08
-0.0006246509509241,6.391349424407237e-08
-0.0006246509509241,6.391349424407237e-08
-0.0006246509509241,6.391349424407237e-08
-0.0006246509509241,6.391349424407237e-08
8.050195070169843e-05,3.5837304537520276
-0.0006246507990302721,6.391346435754942e-08
-0.0006246509509240997,6.391349424426717e-08
-0.0006246509509241,6.391349424407237e-08
-0.0006246509509241,6.391349424407237e-08
-0.0006246509509241,6.391349424407237e-08
-0.0006246509509241,6.391349424407237e-08
-0.0006246509509240998,6.391349424409277e-08
-0.0006246509509240999,6.391349424407488e-08
-0.0006246509509241,6.391349424407237e-08
-0.0006246509509241,6.391349424407237e-08
-0.0006246509509241,6.391349424407237e-08
-0.0006246509509241,6.391349424407237e-08
-71.67991816201759,3.5991234633823894
-0.0006246507690169752,6.391345845112516e-08
-0.0006246509509240938,6.391349424407117e-08
-0.0006246509509241,6.391349424407237e-08
-0.0006246509509241,6.391349424407237e-08
-0.0006246509509241,6.391349424407237e-08
-0.0006246509509241,6.391349424407237e-08
-0.0006246509509240998,6.391349449215283e-08
-0.0006246509509240998,6.391349424407234e-08
-0.0006246509509241,6.391349424407237e-08
-0.0006246509509241,6.391349424407237e-08
-0.0006246509509241,6.391349424407237e-08
-0.0006246509509241,6.391349424407237e-08
2.7200829694192947e+23,-5.352172708046135e+19
-0.0006246509440742114,6.391349289625368e-08
-0.0006246509509241,6.391349424420963e-08
-0.0006246509509241,6.391349424407237e-08
-0.0006246509509241,6.391349424407237e-08
-0.0006246509509241,6.391349424407237e-08
-0.0006246509509241,6.391349424407237e-08
-0.0006246509509240994,6.391349685321647e-08
-0.0006246509509240996,6.39134942904785e-08
-0.0006246509509241,6.391349424407237e-08
-0.0006246509509241,6.391349424407237e-08
-0.0006246509509241,6.391349424407237e-08
-0.0006246509509241,6.391349424407237e-08
8.127056417677001e-05,3.5876367036764094
-0.0006246508540588083,6.391347518436808e-08
-0.0006246509509241,6.391349424423081e-08
-0.0006246509509241,6.391349424407237e-08
-0.0006246509509241,6.391349424407237e-08
-0.0006246509509241,6.391349424407237e-08
-0.0006246509509241,6.391349424407237e-08
-0.0006246509509240996,6.391349586783342e-08
-0.0006246509509240998,6.391349424407234e-08
-0.0006246509509241,6.391349424407237e-08
-0.0006246509509241,6.391349424407237e-08
-0.0006246509509241,6.391349424407237e-08
-0.0006246509509241,6.391349424407237e-08
-71.67991739340411,3.6030297133067712
-0.0006246509295499515,6.391349003838689e-08
-0.0006246509509241,6.391349424407237e-08
-0.0006246509509241,6.391349424407237e-08
-0.0006246509509241,6.391349424407237e-08
-0.0006246509509241,6.391349424407237e-08
-0.0006246509509241,6.391349424407237e-08
-0.0006246509509240996,6.391349575681133e-08
-0.0006246509509241,6.391349424407237e-08
-0.0006246509509241,6.391349424407237e-08
-0.0006246509509241,6.391349424407237e-08
-0.0006246509509241,6.391349424407237e-08
-0.0006246509509241,6.391349424407237e-08
5.848603036543687e+35,-1.1508006889608825e+32
-0.0006246508463281036,6.391347366323554e-08
-0.0006246509509241,6.391349424407237e-08
-0.0006246509509241,6.391349424407237e-08
-0.0006246509509241,6.391349424407237e-08
-0.0006246509509241,6.391349424407237e-08
-0.0006246509509241,6.391349424407237e-08
-0.0006246509509240997,6.39134955694611e-08
-0.0006246509509241,6.391349424407237e-08
-0.0006246509509241,6.391349424407237e-08
-0.0006246509509241,6.391349424407237e-08
-0.0006246509509241,6.391349424407237e-08
-0.0006246509509241,6.391349424407237e-08
8.203533083147078e-05,3.5915234032776833
-0.0006246509509241,6.391349424407237e-08
-0.0006246509509241,6.391349424407237e-08
-0.0006246509509241,6.391349424407237e-08
-0.0006246509509241,6.391349424407237e-08
-0.0006246509509241,6.391349424407237e-08
-0.0006246509509241,6.391349424407237e-08
-0.0006246509509240997,6.391349533353892e-08
-0.0006246509509241,6.391349424407237e-08
-0.0006246509509241,6.391349424407237e-08
-0.0006246509509241,6.391349424407237e-08
-0.0006246509509241,6.391349424407237e-08
-0.0006246509509241,6.391349424407237e-08
-71.67991662479064,3.606935963231153
-0.0006246509509241,6.391349424407237e-08
-0.0006246509509241,6.391349424407237e-08
-0.0006246509509241,6.391349424407237e-08
-0.0006246509509241,6.391349424407237e-08
-0.0006246509509241,6.391349424407237e-08
-0.0006246509509241,6.391349424407237e-08
-0.0006246509509240998,6.391349513924968e-08
-0.0006246509509241,6.391349424407237e-08
-0.0006246509509241,6.391349424407237e-08
-0.0006246509509241,6.391349424407237e-08
-0.0006246509509241,6.391349424407237e-08
-0.0006246509509241,6.391349424407237e-08
5.848603036543687e+35,-1.1508006889608825e+32
-0.0006246509509241,6.391349424407237e-08
-0.0006246509509241,6.391349424407237e-08
-0.0006246509509241,6.391349424407237e-08
-0.0006246509509241,6.391349424407237e-08
-0.0006246509509241,6.391349424407237e-08
-0.0006246509509241,6.391349424407237e-08
-0.0006246509509240997,6.391349516700547e-08
-0.0006246509509241,6.391349424407237e-08
-0.0006246509509241,6.391349424407237e-08
-0.0006246509509241,6.391349424407237e-08
-0.0006246509509241,6.391349424407237e-08
-0.0006246509509241,6.391349424407237e-08
8.284182073599593e-05,3.5954101028707472
-0.0006246509509241,6.391349424407237e-08
-0.0006246509509241,6.391349424407237e-08
-0.0006246509509241,6.391349424407237e-08
-0.0006246509509241,6.391349424407237e-08
-0.0006246509509241,6.391349424407237e-08
-0.0006246509509241,6.391349424407237e-08
-0.0006246509509240997,6.39134952225163e-08
-0.0006246509509241,6.391349424407237e-08
-0.0006246509509241,6.391349424407237e-08
-0.0006246509509241,6.391349424407237e-08
-0.0006246509509241,6.391349424407237e-08
-0.0006246509509241,6.391349424407237e-08
-151996490521167.0,29907597581.76391
-0.0006246509509241,6.391349424407237e-08
-0.0006246509509241,6.391349424407237e-08
-0.0006246509509241,6.391349424407237e-08
-0.0006246509509241,6.391349424407237e-08
-0.0006246509509241,6.391349424407237e-08
-0.0006246509509241,6.391349424407237e-08
-0.0006246509509240997,6.391349528496656e-08
-0.0006246509509241,6.391349424407237e-08
-0.0006246509509241,6.391349424407237e-08
-0.0006246509509241,6.391349424407237e-08
-0.0006246509509241,6.391349424407237e-08
-0.0006246509509241,6.391349424407237e-08
8.331120855861436e-05,3.5980076732479844
-0.0006246509509241,6.391349424407237e-08
-0.0006246509509241,6.391349424407237e-08
-0.0006246509509241,6.391349424407237e-08
-0.0006246509509241,6.391349424407237e-08
-0.0006246509509241,6.391349424407237e-08
-0.0006246509509241,6.391349424407237e-08
-0.0006246509509240998,6.391349516006647e-08
-0.0006246509509241,6.391349424407237e-08
-0.0006246509509241,6.391349424407237e-08
-0.0006246509509241,6.391349424407237e-08
-0.0006246509509241,6.391349424407237e-08
-0.0006246509509241,6.391349424407237e-08
8.361043421106751e-05,3.599316352795129
-0.0006246509509241,6.391349424407237e-08
-0.0006246509509241,6.391349424407237e-08
-0.0006246509509241,6.391349424407237e-08
-0.0006246509509241,6.391349424407237e-08
-0.0006246509509241,6.391349424407237e-08
-0.0006246509509241,6.391349424407237e-08
-0.0006246509509240998,6.391349504207516e-08
-0.0006246509509241,6.391349424407237e-08
-0.0006246509509241,6.391349424407237e-08
-0.0006246509509241,6.391349424407237e-08
-0.0006246509509241,6.391349424407237e-08
-0.0006246509509241,6.391349424407237e-08
-151996490521167.0,29907597581.767815
-0.0006246509509241,6.391349424407237e-08
-0.0006246509509241,6.391349424407237e-08
-0.0006246509509241,6.391349424407237e-08
-0.0006246509509241,6.391349424407237e-08
-0.0006246509509241,6.391349424407237e-08
-0.0006246509509241,6.391349424407237e-08
-0.0006246509509240998,6.391349500391125e-08
-0.0006246509509241,6.391349424407237e-08
-0.0006246509509241,6.391349424407237e-08
-0.0006246509509241,6.391349424407237e-08
-0.0006246509509241,6.391349424407237e-08
-0.0006246509509241,6.391349424407237e-08
